fila;categoria;prompt;answer;fr_output;fr_gate;es_output;es_gate;de_output;de_gate
1;factual_clasica;On which continent is the Amazon rainforest located?;South America;L'Amazonie est située en Amérique du Sud.;True;La selva amazónica se encuentra en el continente de América del Sur.;True;Die Amazonas-Wälder befinden sich auf dem Kontinent Südamerika.;True
2;factual_aperturas;Where is the Atacama Desert?;Chile;L'Atacama est un désert situé au Chili.;True;El desierto de Atacama se encuentra en Chile, en el norte del país. Es el desierto más seco del mundo y se extiende por una gran parte de la región de Antofagasta.;True;Die Atacama-Wüste befindet sich in Südamerika, speziell in Chile. Sie ist die trockenste Wüste der Welt und erstreckt sich über eine Länge von etwa 1.000 Kilometern entlang der chilenischen Küste.;True
3;imperativo;State the capital of Mongolia.;Ulaanbaatar;La capitale du Mongolie est Ulaanbaatar.;True;La capital de Mongolia es Ulaanbaatar.;True;Die Hauptstadt Mongoliens ist Ulaanbaatar.;True
4;imperativo_explicativo;Detail why ice floats on water.;density;L'eau glace flotte sur l'eau en raison de sa densité inférieure à celle de l'eau liquide. Cela peut sembler étrange, car on nous dit généralement que les objets plus lourds que l'eau s'abîment, tandis que les objets plus légers que l'eau flottent. ⏎ Cependant, la densité de l'eau glace est inférieure à celle de l'eau liquide en raison;True;¡Claro! Me alegra ayudarte. ⏎ La razón por la que el hielo flota sobre el agua es debido a su densidad. Aunque el hielo y el agua tienen la misma composición química, su estructura molecular es diferente. ⏎ Cuando el agua se congela, sus moléculas se organizan en una estructura cristalina que se llama hielo. En este estado, las moléculas de agua están más;True;Ein interessantes Phänomen! ⏎ Eis schmilzt nicht einfach so, sondern es schmilzt langsam, wenn es von außen aufgewärmt wird. Dies liegt daran, dass das Eis aus Wasser besteht, das unter Druck und bei niedriger Temperatur gefroren ist. Wenn das Eis von außen aufgewärmt wird, beginnt das Wasser darin zu schmelzen, aber das Eis selbst bleibt noch einiger Zeit gefroren. ⏎ Es gibt;False
5;explicativa;How do geckos climb walls?;van der Waals;Les geckos sont capables de grimper aux murs en raison de leur adaptation unique. Ils ont des pattes très fines et des griffes spécialisées qui leur permettent de s'agripper à la surface de la peau ou du papier. Ces griffes sont recouvertes de micro-épaisses poils qui produisent une force de friction très élevée, ce qui leur permet de maintenir leur poids et de progresser;True;"Los geckos tienen una serie de características que les permiten subir paredes. Una de las principales razones es su capacidad de adherirse a superficies. Los geckos tienen pequeñas estructuras en sus patas llamadas ""escamas"" que están cubiertas de pequeñas protuberancias llamadas ""setas"". Estas setas son extremadamente finas y tienen una superficie muy grande, lo que les permite crear una gran cantidad de fricción con";True;Geckos können an Wänden klettern, weil sie spezielle Strukturen an ihren Füßen haben. Diese Strukturen bestehen aus kleinen, scharfen Haken, die wie Mikrosporen aussehen. Diese Haken ermöglichen es den Geckos, sich an Oberflächen zu klammern und sich zu bewegen. ⏎ Die Haken auf den Füßen der Geckos sind sehr fein und haben eine sehr;False
6;corta;Capital of Japan?;Tokyo;Tokyo est la capitale du Japon.;True;Tokio;True;Tokio (auch bekannt als Tokyō) ist die Hauptstadt Japans.;True
7;conversacional;Hey, who painted Arnolfini?;Jan van Eyck;"C'est Jan van Eyck qui a peint le ""Portrait de l'Arnolfini"" en 1434.";True;"¡Hola! El cuadro ""El Arnolfini"" fue pintado por el maestro holandés Jan van Eyck en el siglo XV.";True;Das ist eine einfache Frage! Der Arnolfini-Bildnis ist ein Gemälde des niederländischen Malers Jan van Eyck, das um 1434 entstand. Es ist eines seiner bekanntesten Werke und gilt als eines der bedeutendsten Beispiele der niederländischen Malerei des 15. Jahrhunderts.;True
8;factual_clasica;What is the capital of Iceland?;Reykjavik;La capitale d'Iceland est Reykjavik.;True;La capital de Islandia es Reykjavík.;True;Die Hauptstadt Islands ist Reykjavík.;True
9;factual_aperturas;Where was Mozart born?;Salzburg;Mozart est né à Salzbourg, en Autriche.;True;Mozart nació en Salzburgo, Austria.;True;Wolfgang Amadeus Mozart wurde am 27. Januar 1756 in Salzburg, Österreich, geboren.;True
10;imperativo;Specify the chemical symbol for uranium.;U;Le symbole chimique de l'uranium est U.;True;El símbolo químico de uranio es U.;True;Das chemische Symbol für Uran ist U.;True
11;imperativo_explicativo;Unpack what causes ocean tides.;Moon;Les marées sont causées par la lente rotation de la Terre et la gravité de la Lune. Voici les principaux facteurs qui contribuent aux marées : ⏎ 1. **Gravité de la Lune** : La Lune exerce une force de gravité sur l'eau de l'océan, créant une force de traction qui pousse l'eau vers les deux côtés de la Terre. Cette force est plus forte lorsque la Lune;True;"¡Claro! (¡Por supuesto!) La marea marina se debe a la interacción entre la Tierra, el Sol y la Luna. A continuación, te explico los factores que causan las mareas: ⏎ 1. **Gravedad de la Luna**: La Luna tiene una fuerza de gravedad que atrae al agua del océano hacia sí. Esto crea una ""mano"" de agua que se mueve hacia la Luna. ⏎ 2";True;Die Ursachen für die Ozeantiden sind komplex und umfassen mehrere Faktoren. Hier sind die wichtigsten Gründe: ⏎ 1. **Gravitation**: Die Hauptursache für die Ozeantiden sind die Gravitationen der Sonne und der Erde. Die Sonne hat einen viel größeren Einfluss auf die Ozeantiden als die Erde, aber die Erde hat einen stärkeren Einfluss auf die Ozean;False
12;explicativa;How do octopuses change color?;chromatophores;Les octopuses changent de couleur grâce à une membrane spéciale appelée chromatophore située dans leur peau. Ces chromatophores contiennent des pigments qui peuvent être contractés ou détendus pour changer la couleur de l'octopuse. ⏎ Il existe trois types de chromatophores : ⏎ * Les chromatophores de pigment : contiennent des pigments qui donnent une couleur spécifique, comme le rouge, le bleu ou le jaune. ⏎ *;True;Los octopuses cambian de color mediante una serie de células especiales llamadas cromatóforos. Estas células contienen pigmentos que se pueden expandir o contraerse para cambiar la cantidad de luz que se refleja en la piel del octopus. Al expandirse, los pigmentos permiten que la luz pase a través de la piel y se refleje hacia afuera, cambiando el color del octopus. Al contraerse, los;True;Die Änderung der Farbe durch Octopen ist ein beeindruckendes Phänomen. Sie können ihre Haut mit Hilfe von speziellen Zellen namens Chromatophoren anpassen. ⏎ Es gibt drei Arten von Chromatophoren: ⏎ 1. Melanophore: Diese enthalten das dunkle Pigment Melanin und machen die Haut dunkler. ⏎ 2. Iridophore: Diese enthalten das leuchtende Pigment Iridin und;True
13;corta;Capital of South Africa?;Pretoria;Le Cap (en anglais : Cape Town) est la capitale de l'Afrique du Sud.;True;La capital de Sudáfrica es Pretoria.;True;Die Hauptstadt Südafrikas ist Pretoria.;True
14;conversacional;Hey, who directed Jaws?;Spielberg;C'est Steven Spielberg qui a réalisé le film Jaws.;True;"¡Hola! El director de la película ""Jaws"" fue Steven Spielberg.";True;"Das ist eine einfache Frage! Der Film ""Jaws"" wurde von Steven Spielberg inszeniert.";True
15;factual_clasica;Who composed Bolero?;Ravel;Boléro a été composé par Maurice Ravel.;True;El Bolero fue compuesto por el compositor francés Maurice Ravel.;True;Bolero wurde von Maurice Ravel komponiert.;True
16;factual_aperturas;Where is Angkor Wat located?;Cambodia;Angkor Wat est situé au Cambodge. Plus précisément, il se trouve à proximité de la ville de Siem Reap, dans la province de Siem Reap, au nord-ouest du pays.;True;Angkor Wat se encuentra en Camboya.;True;Angkor Wat befindet sich in Kambodscha, in der Nähe der Stadt Siem Reap. Es ist ein UNESCO-Welterbe und einer der größten und bekanntesten Tempelkomplexe der Khmer-Zivilisation.;True
17;imperativo;Mention the author of The Hobbit.;Tolkien;"L'auteur de ""Le Hobbit"" est J.R.R. Tolkien.";True;El autor de El Hobbit es J.R.R. Tolkien.;True;"Der Autor von ""Der Hobbit"" ist J.R.R. Tolkien.";True
18;imperativo_explicativo;Go over how rainbows form.;refraction;Bien sûr! (Of course!) ⏎ Les rainbows forment à partir d'un phénomène optique qui se produit lorsque la lumière du soleil passe à travers les gouttelettes d'eau dans l'air. Voici comment ça marche : ⏎ 1. **La lumière du soleil** est composée de différentes couleurs, qui sont émises à des fréquences différentes. ⏎ 2. **Les gouttelettes d'eau** dans l'air,;False;¡Claro! (¡Claro!) Me alegra ayudarte. ⏎ Las arañas (rainbows) son fenómenos hermosos que se forman en el cielo cuando la luz del sol interactúa con las gotas de agua en la atmósfera. Aquí te explico paso a paso cómo se forman: ⏎ 1. **La luz del sol**: La luz del sol es compuesta por diferentes colores, que se pueden ver como una banda de;False;Ein wunderschöner Thema! ⏎ Ein Regenbogen ist ein wunderschönes Phänomen, das durch die Kombination von Sonnenlicht, Wasser und Luft entsteht. Hier ist eine kurze Erklärung, wie Regenbögen entstehen: ⏎ **Schritt 1: Sonnenlicht trifft auf Wasser** ⏎ Wenn Sonnenlicht auf Wasser trifft, wird es in verschiedene Farben zerlegt. Dieser Prozess wird als;False
19;explicativa;Why do salmon swim upstream?;spawn;Les saumons nagent vers le haut pour plusieurs raisons : ⏎ 1.  La reproduction : Les saumons migrent vers le haut des rivières pour atteindre leur lieu de naissance, où ils pondent leurs œufs et commencent leur cycle de vie. ⏎ 2.  La reproduction : Les saumons migrent vers le haut des rivières pour atteindre leur lieu de naissance, où ils pondent leurs œufs et commencent leur cycle de vie.;True;Los salmónes nadan hacia arriba por varias razones importantes. ⏎ 1. **Necesitan llegar a su lugar de nacimiento**: Los salmónes nacen en aguas dulces y deben regresar a sus orígenes para reproducirse. El lugar de nacimiento es crucial para la supervivencia de la especie. ⏎ 2. **Reproducción**: Los salmónes deben llegar a sus lugares de nacimiento para reproducirse;True;Die Salmon schwimmen aufwärts, weil sie in ihrem Lebenszyklus eine wichtige Etappe erreichen müssen. Die Salmon sind ein Anadromfisch, das bedeutet, dass sie in ihrem Leben sowohl im Meer als auch in Flüssen und Gewässern lebt. ⏎ Die Salmon schwimmen aufwärts, um in ihre Geburtsgewässer zurückzukehren, in denen sie geboren wurden. Hier;False
20;corta;Capital of Mozambique?;Maputo;La capitale du Mozambique est Maputo.;True;La capital de Mozambique es Maputo.;True;Die Hauptstadt von Mosambik ist Maputo.;True
21;conversacional;Just curious, who sang Imagine?;John Lennon;"C'est John Lennon qui a chanté et écrit la chanson ""Imagine"".";True;"¡Esa es una pregunta fácil! (That's an easy question!) La canción ""Imagine"" fue cantada por el legendario músico y compositor John Lennon.";True;"Ein Klassiker! ""Imagine"" wurde von dem berühmten englischen Sänger und Songwriter John Lennon geschrieben und aufgenommen. Es ist eines seiner bekanntesten und beliebtesten Lieder.";True
22;factual_clasica;Which is the largest country in the world by area?;Russia;Le pays le plus grand au monde par superficie est la Russie.;True;El país más grande del mundo por área es Rusia.;True;Das größte Land der Welt nach Fläche ist Russland.;True
23;factual_aperturas;Where did the Titanic depart from?;Southampton;Le Titanic a départi de Southampton, en Angleterre, le 10 avril 1912.;True;El Titanic salió de Southampton, en Inglaterra, Reino Unido.;True;Der Titanic verließ Southampton, England, am 10. April 1912.;False
24;imperativo;Indicate the capital of Kazakhstan.;Astana;Le capital de Kazakhstan est Astana.;True;El capital de Kazajistán es Astana.;True;Die Hauptstadt Kasachstans ist Astana.;True
25;imperativo_explicativo;Run through why Earth has seasons.;tilt;Bien sûr! (Of course!) ⏎ Les saisons sur Terre sont causées par l'orbite elliptique de notre planète autour du Soleil. Voici les raisons clés : ⏎ 1. **L'orbite elliptique** : L'orbite de la Terre autour du Soleil n'est pas une orbite parfaite, mais plutôt elliptique. Cela signifie que la distance entre la Terre et le Soleil varie tout au long de;False;¡Claro! Vamos a explicar por qué la Tierra tiene estaciones. ⏎ La Tierra gira alrededor del Sol en un planeta, lo que significa que recorre un camino circular alrededor del Sol en aproximadamente 365,25 días. Durante este tiempo, la cantidad de luz solar que recibe la Tierra varía debido a su posición en su órbita. ⏎ Imagina que estás en un coche que gira alrededor;False;Die Erde hat Saison aufgrund ihrer elliptischen Umlaufbahn um die Sonne. Hier sind die Gründe, warum wir vier Jahreszeiten haben: ⏎ 1. **Bahn elliptisch**: Die Erde umkreist die Sonne in einer elliptischen Bahn, was bedeutet, dass ihre Entfernung von der Sonne im Laufe des Jahres variieren kann. Die Entfernung ist am nächsten an der Sonne im Januar (Perihel;False
26;explicativa;Why do cats land on their feet?;reflex;"Les chats sont capables de se retrouver debout après un saut, ce phénomène s'appelle la ""righting reflex"". C'est dû à leur excellent équilibre et à leur capacité à détecter les forces de gravité et de rotation. Les chats ont une vision très développée, qui leur permet de détecter les mouvements et les angles de leur corps en temps réel. Ils utilisent également leurs oreilles et leurs yeux pour";True;Los gatos logran aterrizar sobre sus patas debido a su excelente equilibrio y coordinación. Su cuerpo está diseñado para girar en 180 grados en el aire, lo que les permite aterrizar de manera segura y controlada. ⏎ Además, los gatos tienen un sistema de equilibrio especializado en su oído interno, que les permite detectar los cambios de orientación y movimiento en el aire. Esto les permite realizar giros;False;"Das ist eine großartige Frage! ⏎ Katzen haben eine besondere Fähigkeit, sich auf den Boden zu drehen und zu landen, wenn sie aus der Luft fallen. Dies wird als ""righting reflex"" bezeichnet. Es gibt mehrere Gründe, warum Katzen so eine Fähigkeit haben: ⏎ 1. **Evolutionäre Überlebensstrategie**: Im Laufe der Evolution haben Katzen gelernt, sich auf den Boden zu";True
27;corta;Capital of Madagascar?;Antananarivo;Antananarivo est la capitale de Madagascar.;True;Antananarivo;True;Antananarivo;True
28;conversacional;Settle a bet: who excavated Troy?;Schliemann;C'est une question qui a suscité beaucoup de débats! ⏎ Selon la mythologie grecque, la ville de Troie a été excavée par les Argives, sous la direction de l'archéologue grec Heinrich Schliemann en 1870. Cependant, certains historiens et archéologues contestent cette thèse, arguant que les fouilles de Schliemann n'étaient pas suffisamment documentées et que les;True;¡Claro! La excavación de Troya se atribuye a Heinrich Schliemann, un arqueólogo alemán, en el siglo XIX. Sin embargo, la teoría de que la ciudad de Troya fue excavada por Schliemann no es universalmente aceptada por la comunidad académica. ⏎ En realidad, la excavación de Troya se llevó a cabo en varias etapas, y diferentes arqueólogos han trabajado en el;True;Eine interessante Frage! ⏎ Die Entdeckung von Troja wurde nicht von einem einzelnen Archäologen oder Forscher gemacht, sondern es war ein Team von Archäologen, die unter der Leitung von Heinrich Schliemann (1822-1890) und Wilhelm Dörpfeld (1843-1925) arbeitete. ⏎ Heinrich Schliemann war ein deutscher Bankier und Archäologe, der 1870 nach Troja re;True
29;factual_clasica;How many players from one team are on the field in soccer?;11;Il y a 11 joueurs d'une équipe sur le terrain au soccer.;True;Hay 11 jugadores de un equipo en el campo en el fútbol.;True;In Fußball (Soccer) gibt es 11 Spieler von einem Team auf dem Platz.;True
30;factual_aperturas;Where are the Galapagos Islands?;Ecuador;Les îles Galapagos sont situées au large de la côte ouest de l'Amérique du Sud, à environ 1 000 kilomètres au sud de l'équateur, dans l'océan Pacifique.;True;Los Galápagos son un archipiélago ubicado en el océano Pacífico, al este de la costa de Ecuador. Están situados aproximadamente a 1.000 kilómetros al oeste de la costa ecuatoriana y son conocidos por su rica biodiversidad y su importancia en la historia de la evolución de las especies.;True;Die Galapagos-Inseln befinden sich im Pazifik, etwa 1.000 km westlich der Küste Ecuadors. Sie sind eine archipelartige Inselgruppe, die sich über eine Fläche von etwa 3.100 km² erstreckt. Die Galapagos-Inseln sind bekannt für ihre einzigartige und vielfältige Tier- und Pflanzenwelt, die von Charles Darwin beeinflusst wurde und;True
31;imperativo;Recall who invented the radio.;Marconi;Le radio a été inventé par Guglielmo Marconi, un ingénieur italien, en 1895. Cependant, il n'est pas le seul à avoir contribué à son développement. D'autres scientifiques et inventeurs, tels que Nikola Tesla et James Clerk Maxwell, ont également joué un rôle important dans l'élaboration de la technologie radio. ⏎ Guglielmo Marconi a remporté le premier prix Nobel de;True;El radio fue inventado por Guglielmo Marconi, un ingeniero italiano, en 1895. Sin embargo, también se le atribuye el invento a Nikola Tesla, un ingeniero y físico estadounidense, quien trabajó en la transmisión de energía a larga distancia en la década de 1890. Ambos inventores trabajaron en la transmisión de señales a larga distancia y se disputaron el crédito por;True;Die Erfindung des Radios wird dem amerikanischen Physiker und Erfinder Guglielmo Marconi zugeschrieben. Er entwickelte die erste praktische Funktechnik und sendete 1895 das erste Fernsehsignal über eine Entfernung von etwa 2 Kilometern. Marconi erhielt 1909 den Nobelpreis für Physik für seine Arbeiten im Bereich der Funktechnik.;True
32;imperativo_explicativo;Lay out why onions make us cry.;sulfur;Les oignons font pleurer! C'est un phénomène courant qui a des raisons scientifiques. ⏎ Lorsque vous coupez une oignon, vous libérez des molécules appelées composés sulfurés, notamment l'allicine et la syn-propanethial-S-oxide. Ces molécules sont responsables de la réaction qui fait pleurer. ⏎ Voici ce qui se passe : ⏎ 1. Lorsque vous coupez l'oignon;True;¡Claro! Aquí te explico por qué las cebollas nos hacen llorar: ⏎ Las cebollas contienen una sustancia química llamada alil sulfuro de hidrógeno (AH) o alil sulfuro de metilo (AS). Cuando las cebollas se cortan o pican, estas sustancias se liberan en el aire y se convierten en partículas pequeñas que se inhalan. ⏎ Cuando estas;True;Die Tränen, die wir bei der Zubereitung von Zwiebeln ausweinen! Es gibt mehrere Gründe, warum Zwiebeln uns zum Weinen bringen. Hier sind die wichtigsten Erklärungen: ⏎ 1. **Sulfurstoffe**: Zwiebeln enthalten eine Vielzahl von Sulfurstoffen, insbesondere Syn-propan-thiosulfonsäure und Allicin. Diese Stoffe werden bei der Zub;True
33;explicativa;How do ants find food?;pheromones;Les fourmis trouvent de la nourriture de plusieurs manières. ⏎ Elles utilisent leur sens de l'odorat pour détecter les odeurs des aliments. Certaines fourmis sont attirées par les odeurs sucrées, tandis que d'autres sont attirées par les odeurs gras ou salées. ⏎ Elles utilisent également leur sens de la vue pour détecter les mouvements et les couleurs des aliments. Certaines four;False;Los hormigas encuentran comida de varias maneras. ⏎ 1. **Olfato**: Las hormigas tienen un sentido del olfato muy desarrollado, que les permite detectar sustancias químicas en el aire y en la superficie. Utilizan sus antenas para detectar estos olores y seguir la traza hasta encontrar la fuente de la comida. ⏎ 2. **Visión**: Aunque no tienen una visión muy clara, las horm;False;Ants finden Nahrung auf verschiedene Weise. Hier sind einige der gängigsten Methoden: ⏎ 1. **Chemische Signale**: Ants verwenden chemische Signale, sogenannte Pheromone, um Informationen über Nahrung zu teilen. Wenn ein Ant eine Nahrungsquelle findet, veröffentlicht er Pheromone, die von anderen Anten in der Nähe wahrgenommen werden und sie zu der Nahrungsquelle führen. ⏎ 2;True
34;corta;Capital of Namibia?;Windhoek;Windhoek est la capitale de Namibie.;True;Windhoek es la capital de Namibia.;True;Windhoek;True
35;conversacional;Random thought: who founded Facebook?;Zuckerberg;Une idée étrange! ⏎ Le réseau social Facebook a été fondé par Mark Zuckerberg, un jeune développeur informatique américain, en 2004, à l'Université de Harvard.;True;¡Eso es fácil! (That's easy!) Facebook fue fundada por Mark Zuckerberg, junto con sus compañeros de universidad Eduardo Saverin, Andrew McCollum, Dustin Moskovitz y Chris Hughes.;True;Ein interessanter Gedanke! ⏎ Facebook wurde von Mark Zuckerberg, einem 19-jährigen Studenten an der Harvard University, gegründet. Er gründete das Unternehmen im Jahr 2004 zusammen mit seinen College-Kameraden Eduardo Saverin, Andrew McCollum, Dustin Moskovitz und Chris Hughes.;True
36;factual_clasica;What is the capital of Uganda?;Kampala;Le capital d'Uganda est Kampala.;True;El capital de Uganda es Kampala.;True;Die Hauptstadt Ugandas ist Kampala.;True
37;factual_aperturas;Where is Table Mountain?;Cape Town;La Table Mountain se trouve à Cape Town, en Afrique du Sud.;True;La Montaña de la Mesa se encuentra en Ciudad del Cabo, Sudáfrica.;True;Tafelberg, auch bekannt als Table Mountain, befindet sich in Kapstadt, Südafrika.;True
38;imperativo;Pin down the capital of Kosovo.;Pristina;Le capital de Kosovo est Pristina.;True;El capital de Kosovo es Pristina.;True;Die Hauptstadt von Kosovo ist Pristina.;True
39;imperativo_explicativo;Account for how bees make honey.;nectar;Les abeilles produisent du miel en faisant du nectar. Voici comment ça marche : ⏎ Les abeilles collectent du nectar dans les fleurs, en utilisant leurs longues trompes pour en extraire le liquide sucré. Le nectar est ensuite apporté dans la ruche, où les abeilles le mélangent avec de l'environnement et des substances chimiques spécifiques. ⏎ Les abeilles mélang;True;"¡Claro! La producción de miel por las abejas es un proceso fascinante. Aquí te explico cómo lo hacen: ⏎ **El proceso de producción de miel** ⏎ Las abejas recolectan néctar de las flores y lo llevan de regreso a la colmena. Una vez que el néctar llega a la colmena, las abejas lo almacenan en celdas especiales llamadas ""celd";True;Die Bienen produzieren Honig durch eine komplexe Prozess, der aus mehreren Schritten besteht. ⏎ **Schritt 1: Sammeln von Nektar** ⏎ Die Bienen sammeln Nektar aus Blumen und anderen Quellen. Der Nektar besteht aus Wasser, Zucker und anderen Substanzen. ⏎ **Schritt 2: Aufbereitung des Nektars** ⏎ Die Bienen tragen den Nektar in ihren Speicherbeuteln;True
40;explicativa;How do fireflies glow?;bioluminescence;Les lucioles émettent une lumière grâce à une réaction chimique appelée bioluminescence. Cette réaction implique une enzyme appelée luciferase qui réagit avec un composé appelé lucifère, produisant de la lumière. Cette lumière est émise à partir de leurs abdomens et est utilisée pour attirer les mouches et d'autres insectes pour se nourrir.;True;Los mariposas de fuego emiten luz gracias a una sustancia química llamada luciferina, que se encuentra en su cuerpo. Cuando la luz de la luna o la luz del sol entra en su cuerpo, la luciferina se activa y reacciona con oxígeno, produciendo una luz azulada. Esta luz se emite a través de una estructura especial en su abdomen, llamada órgano de luz, que se;True;Lichtmotten, wie man sie auch nennt, glühen durch eine spezielle chemische Reaktion. Sie enthalten ein Molekül namens Luciferin, das bei der Oxidation zu einem anderen Molekül namens Oxyluciferin umgewandelt wird. Dieser Prozess wird durch eine Enzymreaktion ausgelöst, das sogenannte Luciferase. Die Oxidation von Luciferin führt zu einer;True
41;corta;Capital of Botswana?;Gaborone;Gaborone est la capitale de Botswana.;True;Gaborone es la capital de Botsuana.;True;Gabsdorf ist die Hauptstadt von Botswana.;False
42;conversacional;Trivia time: first female UK prime minister?;Thatcher;C'est Margaret Thatcher! Elle est devenue la première femme Premier ministre du Royaume-Uni en 1979.;True;La primera ministra británica femenina fue Margaret Thatcher. Fue elegida en 1979 y se convirtió en la primera mujer en ocupar el cargo en 1990.;True;Das ist eine gute Frage! ⏎ Die Antwort ist: Margaret Thatcher. Sie war die erste weibliche Premierministerin des Vereinigten Königreichs und diente von 1979 bis 1990 im Amt.;True
43;factual_clasica;Which planet has the Great Red Spot?;Jupiter;C'est Jupiter! La Grande Tache Rouge est un grand écoulement de gaz sur Jupiter, qui a été observé depuis des siècles.;True;El planeta que tiene el Gran Manchado Rojo es Júpiter.;True;Die Rote Spot, auch bekannt als der Große Rot Fleck, befindet sich auf dem Planeten Jupiter.;True
44;factual_aperturas;When did the Byzantine Empire fall?;1453;L'Empire byzantin a connu une chute progressive au cours des siècles. La date exacte de sa chute est difficile à déterminer, mais on peut dire qu'elle a commencé à décliner au 11e siècle. ⏎ La chute de Constantinople, la capitale de l'Empire byzantin, a eu lieu le 29 mai 1453, lorsque l'armée ottomane, menée par Mehmed II,;True;El Imperio Bizantino cayó en el año 1453, cuando la ciudad de Constantinopla fue conquistada por los otomanos.;True;Das Byzantinische Reich fiel im Jahr 1453. Es wurde von den Osmanen unter Mehmed II. erobert, nachdem sie die Stadt Konstantinopel (heute Istanbul) nach einem langen Belagerungskrieg erobert hatten. Dies markierte das Ende des Byzantinischen Reiches, das von 330 bis 1453 bestand.;True
45;imperativo;Track down the creator of Gulliver.;Jonathan Swift;"Le créateur de Gulliver est Jonathan Swift, un écrivain et satiriste irlandais. Il a écrit le roman ""L'Île de Gulliver"" (ou ""Gulliver's Travels"") entre 1720 et 1726.";True;"¡Claro! El creador de Gulliver es el famoso escritor inglés Jonathan Swift (1667-1745). Swift es considerado uno de los escritores más importantes de la literatura inglesa y su obra más famosa es ""El viaje de Gulliver"" (1726), una satírica que critica la sociedad y la política de su época. ⏎ Swift fue un escritor, poeta, satírico y filósofo";True;"Der Schöpfer von Gulliver ist Jonathan Swift, ein irischer Schriftsteller und Satiriker. Er veröffentlichte 1726 den Roman ""Gullivers Reisen"" (Originaltitel: ""Travels into Several Remote Islands in the Pacific Ocean""), in dem der Protagonist Lemuel Gulliver auf verschiedenen ungewöhnlichen Inseln unterwegs ist. ⏎ Jonathan Swift (1667-1745) war ein bedeutender Sch";True
46;imperativo_explicativo;Shed light on why metals conduct electricity.;electrons;Les métaux conductent l'électricité en raison de leur structure atomique et de leurs propriétés physiques. ⏎ Les métaux sont composés de ions métalliques libres qui se déplacent librement dans la matière. Ces ions sont capables de se déplacer facilement lorsque l'on applique une tension électrique, ce qui permet la conduction de l'électricité. ⏎ De plus, les métaux ont une structure cristalline qui permet;False;¡Claro! (¡Por supuesto!) (Of course!) ⏎ Los metales (metals) tienen la capacidad de conducir la electricidad debido a su estructura atómica y la forma en que los electrones se comportan dentro de ellos. ⏎ **La estructura atómica de los metales** ⏎ Los metales tienen un núcleo central (núcleo atómico) rodeado de electrones que se encuentran en un estado de movimiento constante;True;Metalle leiten elektrische Ströme, weil sie eine besondere Struktur aufweisen, die es ihnen ermöglicht, elektrische Ladungen zu transportieren. ⏎ Die Hauptgründe dafür sind: ⏎ 1. **Freie Elektronen**: Metalle enthalten in ihrer Kristallstruktur freie Elektronen, die sich frei bewegen können. Diese freien Elektronen sind in der Lage, elektrische Ladungen zu transportieren. ⏎ 2. **K;False
47;explicativa;How do humpback whales communicate?;songs;Les baleines à bosse communiquent principalement par des sons. Ils utilisent des fréquences de basse fréquence, souvent dans la gamme des 10 à 40 Hz, pour émettre des sons qui peuvent être entendus à des distances considérables. Ces sons peuvent être utilisés pour communiquer avec d'autres baleines, signaler leur présence, ou même pour avertir les autres de la présence de prédateurs.;False;Los ballenas jorobadas (humpback whales) se comunican de varias maneras. Una de las formas más conocidas es a través de la música. Emiten una serie de melodías y armonías que pueden durar hasta 20 minutos. Estas melodías pueden ser utilizadas para atraer a un pareja, defender su territorio o incluso para comunicarse con otros individuos de la misma especie. ⏎ También utilizan vocalizaciones para comunic;False;Humpback-Wale kommunizieren auf verschiedene Weise. Sie verwenden eine Vielzahl von Geräuschen, um sich zu verständigen. Dazu gehören: ⏎ *   Lautstärke-Veränderungen: Humpback-Wale ändern ihre Lautstärke, um ihre Botschaft zu betonen oder um die Aufmerksamkeit anderer zu erregen. ⏎ *   Melodien: Humpback-Wale singen komplexe;False
48;corta;Capital of Zambia?;Lusaka;L'actuelle capitale du Zambia est Lusaka.;True;La capital de Zambia es Lusaka.;True;Die Hauptstadt von Zambia ist Lusaka.;True
49;conversacional;I forgot, who first summited Everest?;Hillary;C'est Tenzing Norgay et Sir Edmund Hillary qui ont été les premiers à atteindre le sommet du mont Everest le 29 mai 1953.;True;Tú no te preocupes, te lo diré. Fue Tenzing Norgay, un montañista nepalí, quien junto con Sir Edmund Hillary, un montañista neozelandés, fue el primer hombre en alcanzar la cima del Monte Everest el 29 de mayo de 1953.;True;Das ist eine gute Frage! ⏎ Der erste Mensch, der den Mount Everest, den höchsten Berg der Welt, bestieg, war Tenzing Norgay, ein nepalesischer Sherpa, und Sir Edmund Hillary, ein neuseeländischer Bergsteiger, am 29. Mai 1953. Sie erreichten den Gipfel gemeinsam und machten so Geschichte.;True
50;factual_clasica;What is the capital of Cuba?;Havana;La capitale de Cuba est Havana (Havane).;True;La capital de Cuba es La Habana.;True;Die Hauptstadt Kubas ist Havanna (Havana).;True
51;factual_aperturas;When was the Battle of Hastings?;1066;La bataille de Hastings s'est déroulée le 14 octobre 1066.;True;La Batalla de Hastings tuvo lugar el 14 de octubre de 1066.;True;Der Schlachtfeld von Hastings fand am 14. Oktober 1066 statt.;True
52;imperativo;Dig up who founded the Boy Scouts.;Baden-Powell;Le Boy Scout a été fondé par Robert Baden-Powell en 1908.;True;El fundador de los Boy Scouts fue Robert Baden-Powell.;True;"Der Boy Scout-Club wurde von Robert Baden-Powell gegründet. Er war ein britischer Offizier, Abenteurer und Erzieher, der 1907 den ersten Scout-Camp in England durchführte und 1908 das Buch ""Scouting for Boys"" veröffentlichte, das die Grundlagen des Scout-Systems legte.";True
53;imperativo_explicativo;Demystify what causes thunder.;lightning;Je vais vous aider à démythifier ce qui cause le tonnerre! ⏎ Le tonnerre est une phénomène atmosphérique qui se produit lorsqu'un éclair frappe l'air. Voici les étapes clés qui déclenchent ce phénomène : ⏎ 1. **Formation d'un éclair** : Lorsqu'une charge électrique se forme dans les nuages, elle peut atteindre une tension suffisante pour créer un éclair. L;True;¡Claro! Vamos a desmistificar qué causa el trueno. ⏎ El trueno es el sonido producido por la descarga eléctrica que ocurre en el cielo durante un rayo. A continuación, te explico los pasos que conduce a la formación de un trueno: ⏎ 1. **Formación de nubes**: Las nubes se forman cuando el aire se enfría y se humedece, lo que prov;True;Das Donnerschlag-Phänomen! ⏎ Der Ursprung von Donnerschlag ist nicht so mysteriös, wie es vielleicht klingt. Es basiert auf einer einfachen, aber beeindruckenden Reaktion zwischen Luft, Wärme und Wasser. ⏎ Hier ist, was passiert: ⏎ 1. **Wetterbedingungen**: Wenn es Regen oder Schnee gibt, wird die Luft auf der Oberfläche der Erde aufgewärmt. Dieser W;False
54;explicativa;Where does chocolate come from?;cocoa;Le chocolat vient d'Amérique centrale et du sud, où les cacaos sont cultivés. Les cacaos sont des fruits qui contiennent des graines, et il faut les séparer pour en extraire le cacao. Le cacao est ensuite transformé en chocolat en passant par diverses étapes, notamment le raffinage et le confectionnement.;True;El chocolate proviene de las semillas de la cacao, que se encuentran en las hojas de las plantas de cacao (Theobroma cacao). Estas plantas se originaron en América Central y del Sur, específicamente en las regiones que actualmente son México, Guatemala, Belice y Ecuador.;True;Chocolade stammt ursprünglich aus Mesoamerika, wo die Azteken und Mayas sie aus den Samen der Kakao-Pflanze herstellten. Die Kakao-Pflanze wächst in den Tropen Südamerikas und Zentralamerikas, insbesondere in Kolumbien, Ecuador, Brasilien und Costa Rica. ⏎ Die Geschichte der Chocolade reicht bis ins 15. Jahrhund;True
55;corta;Capital of Rwanda?;Kigali;Kigali est la capitale du Rwanda.;True;La capital de Ruanda es Kigali.;True;Die Hauptstadt von Ruanda ist Kigali.;True
56;conversacional;Out of curiosity, who played Jack Sparrow?;Johnny Depp;C'est Johnny Depp qui a joué le rôle de Jack Sparrow dans la série de films Pirates des Caraïbes.;True;¡Por supuesto! (Of course!) El personaje de Jack Sparrow fue interpretado por el actor británico Johnny Depp.;True;Das ist eine einfache Frage! (That's an easy question!) Der berühmte Pirat Jack Sparrow wurde von dem britischen Schauspieler Johnny Depp gespielt.;True
57;factual_clasica;Which river flows through Paris?;Seine;Le fleuve Seine traverse Paris.;True;El río que fluye por París es el río Sena.;True;Der Seine fließt durch Paris.;True
58;factual_aperturas;When did Hurricane Katrina hit New Orleans?;2005;Hurricane Katrina a frappé New Orleans le 29 août 2005.;True;La tormenta tropical Katrina golpeó Nueva Orleans el 29 de agosto de 2005.;True;Hurrikan Katrina traf New Orleans am 29. August 2005.;False
59;imperativo;Pinpoint where the Mona Lisa hangs.;Louvre;La Joconde, également connue sous le nom de Mona Lisa, est exposée au Louvre Museum à Paris, en France.;True;La Mona Lisa se encuentra en el Museo del Louvre en París, Francia.;True;Die Mona Lisa hängt im Louvre in Paris, Frankreich.;True
60;imperativo_explicativo;Elucidate what causes the auroras.;solar wind;Les aurores sont des phénomènes magnétiques spectaculaires qui se produisent dans l'atmosphère terrestre. Elles sont causées par l'interaction entre les particules chargées du vent solaire et la magnétosphère terrestre. ⏎ Voici les étapes clés qui déterminent la formation des aurores : ⏎ 1. **Le vent solaire** : Le vent solaire est une corrente de particules;True;¡Claro! La aurora boreal (o aurora del norte) y la aurora austral (o aurora del sur) son fenómenos naturales espectaculares que ocurren en la atmósfera superior de la Tierra. ⏎ La causa principal de las auroras es la interacción entre la radiación solar y la magnetosfera terrestre. La radiación solar es emitida por el Sol y comprende una amplia gama;False;Die Aurora Boreale (Nordlicht) und die Aurora Australis (Südlicht) sind faszinierende Naturphänomene, die durch komplexe physikalische Prozesse verursacht werden. ⏎ Die Hauptursache für die Entstehung von Aurora ist die Interaktion zwischen dem Sonnenwind und der magnetischen Felderung der Erde. Hier sind die wichtigsten Faktoren: ⏎ 1. **Sonnenwind**: Der Sonnenwind;True
61;explicativa;How is tofu made?;soybeans;Le tofu est un aliments végétal fabriqué à partir de soja. Voici les étapes de sa fabrication : ⏎ 1. Le soja est broyé en poudre et mélangé avec de l'eau pour former une pâte. ⏎ 2. La pâte est ensuite filtrée pour éliminer les impuretés et les particules de soja. ⏎ 3. La pâte est ensuite ajoutée à une solution de chaux (calcium hydro;True;El tofu se hace a partir de soja. El proceso implica el siguiente paso: ⏎ 1. **Soja molido**: Se mide y se moli la soja para liberar su proteína. ⏎ 2. **Caldo de soja**: Se prepara un caldo de soja, que es una mezcla de agua y soja molido. ⏎ 3. **Coagulante**: Se agrega un coagulante, como el ácido glutám;True;Tofu ist ein traditionelles chinesisches Gericht, das aus Soja hergestellt wird. Die Herstellung von Tofu ist ein mehrschrittiger Prozess, der folgende Schritte umfasst: ⏎ 1. **Sojamilch extrahieren**: Soja wird zuerst gerieben und dann mit Wasser gemischt, um eine Sojamilch zu erstellen. ⏎ 2. **Kasein-Entfernen**: Die Soj;True
62;corta;Capital of Angola?;Luanda;Luanda est la capitale d'Angola.;True;La capital de Angola es Luanda.;True;Die Hauptstadt Angolas ist Luanda.;True
63;conversacional;Hmm, who directed Titanic?;James Cameron;C'était James Cameron qui a réalisé le film Titanic.;True;James Cameron dirigió el Titanic.;True;"James Cameron hat den Film ""Titanic"" inszeniert.";True
64;factual_clasica;Which desert is the largest cold desert on Earth?;Antarctic;Le désert le plus grand désert glaciaire de la Terre est le désert antarctique.;True;El desierto frío más grande de la Tierra es la Antártida, que es un desierto polar.;True;Die größte kalte Wüste auf der Erde ist der Antarktis.;True
65;factual_aperturas;When did the Golden Gate Bridge open?;1937;Le Pont de l'Or du Golden Gate a ouvert le 27 mai 1937.;True;El Puente de la Puerta de Oro se inauguró el 19 de mayo de 1937.;True;Die Golden Gate Bridge wurde am 27. Mai 1937 eröffnet.;True
66;imperativo;Locate the country of the Great Sphinx.;Egypt;Le pays où se trouve la Grande Sphinx est l'Égypte.;True;El país donde se encuentra la Gran Esfinge es Egipto.;True;Die Große Sphinx befindet sich in Ägypten.;True
67;imperativo_explicativo;Spell out why cut apples turn brown.;oxidation;Les pommes coupées se teignent en brun. ⏎ C'est dû à une réaction chimique appelée oxydation. Lorsque les pommes sont coupées, leur cuticule est détruite et leur tissu est exposé à l'air. L'oxygène présent dans l'air réagit avec les polyphénols présents dans la pomme, ce qui entraîne la formation de mélanine, une substance;True;¡Claro! Aquí te explico por qué las manzanas cortadas se vuelven marrones: ⏎ **¿Por qué las manzanas cortadas se vuelven marrones?** ⏎ Las manzanas cortadas se vuelven marrones debido a un proceso químico llamado oxidación. Cuando cortas una manzana, se rompe la capa de cutícula que protege la superficie de la fruta. Esto permite que el ox;True;Ein interessantes Thema! ⏎ Wenn Äpfel geschnitten werden, reagieren die Zellen auf die Verletzung durch Oxidation. Das bedeutet, dass Sauerstoff in die Zellen gelangt und eine Reaktion mit den Enzymen und anderen Substanzen im Apfel auslöst. ⏎ Die Hauptursache dafür, dass geschnittene Äpfel braun werden, ist die Bildung von Malusinsäure (auch bekannt als Oxalis;True
68;explicativa;How does wine get its alcohol?;fermentation;Le vin obtient son alcool grâce à la fermentation. Lors de la fermentation, les levures (bactéries) convertissent les sucres présents dans le raisin en alcool et en gaz carbonique. Cette réaction est catalysée par la présence de levures, qui se nourrissent des sucres du raisin et produisent de l'alcool et du gaz carbonique comme produits de décomposition. ⏎ En d'autres termes, lorsque les;True;El alcohol en el vino se obtiene a través de un proceso llamado fermentación. Durante esta proceso, las bacterias y levaduras presentes en la uva convierten los azúcares presentes en la fruta en alcohol. ⏎ La fermentación comienza cuando las uvas se machacan y se exprimen, liberando los jugos y los azúcares. Luego, se agregan levaduras, como Saccharomyces cerevis;True;Das ist eine gute Frage! ⏎ Wine bekommt seinen Alkohol durch eine natürliche Fermentationsprozess. Wenn Trauben (die Trauben sind die Früchte der Weintraube) reif werden, enthalten sie natürliche Enzyme, die den Zucker in den Trauben in Alkohol umwandeln. Dieser Prozess wird als Fermentation bezeichnet. ⏎ Wenn die Trauben in einem Weinpressen zerkleinert werden;True
69;corta;Capital of Somalia?;Mogadishu;La capitale de Somalie est Mogadiscio.;True;La capital de Somalia es Mogadiscio.;True;Die Hauptstadt Somalias ist Mogadisch (Mogadishu).;True
70;conversacional;Real quick: who created Harry Potter?;Rowling;C'est J.K. Rowling qui a créé Harry Potter!;True;¡Claro! El creador de Harry Potter es J.K. Rowling.;True;Kein Problem! ⏎ Der Harry-Potter-Buchreihe wurde von der englischen Autorin J.K. Rowling geschaffen. Sie hat die ersten sechs Bücher der Serie veröffentlicht, bevor sie 2007 an die Filmproduktionsgesellschaft Warner Bros. verkauft wurde.;True
71;factual_clasica;How many chromosomes are in a typical human cell?;46;Il y a 46 chromosomes dans une cellule humaine typique.;True;Un humano típico tiene 46 cromosomas en una célula típica.;True;In einer typischen menschlichen Zelle befinden sich 46 Chromosomen. Davon bestehen 23 Paare Chromosomen, die jeweils aus einer Chromosomhalterung (p- oder q-Arm) bestehen.;True
72;factual_aperturas;When was Pompeii buried?;79;Pompeii a été enterré sous les débris du volcan Vésuve en 79 après Jésus-Christ.;True;Pompeya fue enterrada en el año 79 d.C.;True;Pompeji wurde im Jahr 79 n. Chr. von einem Vulkanausbruch des Vesuvs begraben.;True
73;imperativo;Report the boiling point of water in Fahrenheit.;212;Le point de bouillir de l'eau est de 212 degrés Fahrenheit.;True;El punto de ebullición del agua es de 212°F.;True;Das Wasser verdampft bei einer Temperatur von 212°F (100°C).;True
74;imperativo_explicativo;Cover why iron rusts.;oxygen;L'acier se dégrade en raison d'une réaction chimique appelée oxydation. Voici les étapes clés : ⏎ 1. **L'acier est composé de fer** : L'acier est une alloy composé de fer (environ 90%) et d'autres éléments tels que le carbone, le manganèse, le chrome, etc. ⏎ 2. **L'air contient de l'oxygène** : L;True;"¡Claro! La oxidación del hierro es un proceso natural que ocurre cuando el hierro entra en contacto con el aire y la humedad. Esto se debe a que el hierro es un metal que reacciona con el oxígeno del aire, lo que provoca la formación de una capa de óxido sobre su superficie. ⏎ El proceso de oxidación del hierro se conoce como ""ruido"" o ""oxidación corrosiva"". Cuando";True;Ein interessantes Thema! ⏎ Eisen rustet, weil es mit Sauerstoff reagiert. Dieser Prozess wird als Oxidation bezeichnet. Wenn Eisen in der Luft oder in Wasser auftritt, reagiert es mit Sauerstoff und Wasser zu Eisen(II)-oxid, auch bekannt als Rost. ⏎ Die chemische Reaktion lautet wie folgt: ⏎ 4Fe (Eisen) + 3O2 (Sauerstoff) + 6H2;True
75;explicativa;How is butter made?;cream;Le beurre est un produit délicieux et polyvalent qui est obtenu à partir de la crème de lait. Voici les étapes de sa fabrication : ⏎ 1. **La sélection de la crème** : Les laitiers sélectionnent la crème de lait qui est riche en graisses et en protéines. La crème est ensuite séparée du lait. ⏎ 2. **Le chablisage** : La crème est ensuite;True;El proceso de fabricación del mantequilla es bastante interesante. A continuación, te explico los pasos generales: ⏎ 1. **Selección de la leche**: Se selecciona la leche de vaca, oveja, cabra o buey, dependiendo de la región y la marca. ⏎ 2. **Coagulación**: Se agrega un coagulante, como el ácido cítrico o el ácido láctico;False;Das Buttermachen ist ein interessantes Thema! ⏎ Die Herstellung von Butter ist ein einfacher Prozess, der jedoch einige Schritte umfasst. Hier ist eine kurze Übersicht: ⏎ 1. **Milchzusammensetzung**: Butter wird aus Milch hergestellt, die reich an Fett und Proteinen ist. Die Milch enthält etwa 3,5-4% Fett. ⏎ 2. **Kochung**: Die Milch wird;False
76;corta;Capital of Bhutan?;Thimphu;Thimphu est la capitale du Bhoutan.;True;Thimphu es la capital de Bhután.;True;Thimphu;True
77;conversacional;Okay, who runs SpaceX?;Elon Musk;SpaceX est dirigé par Elon Musk, un entrepreneur et inventeur américain. Il est le fondateur, président et PDG de la société.;True;El CEO de SpaceX es Elon Musk.;True;SpaceX wird von Elon Musk geleitet. Er ist der Gründer, Vorsitzende und CEO der Firma.;True
78;factual_clasica;What is the chemical formula for ammonia?;NH3;La formule chimique de l'ammoniac est NH₃.;True;La fórmula química de la amoníaca es NH3.;True;Die chemische Formel für Ammoniak ist NH₃.;True
79;factual_aperturas;When did the California Gold Rush begin?;1848;La ruée de l'or de Californie a commencé en 1848. C'est en ce mois de janvier de cette année-là que James W. Marshall a découvert de l'or dans la rivière American dans le comté de Coloma, en Californie. Cette découverte a déclenché une vague de migration vers l'Ouest, qui a conduit à une période de croissance économique et démographique exceptionnelle dans l'État;True;La Granja de Oro de California comenzó en 1848. Fue cuando James W. Marshall, un carpintero estadounidense, descubrió oro en el río Americano, en el condado de Colusa, California. Este descubrimiento desencadenó una oleada de inmigración hacia la región y marcó el inicio de la Granja de Oro de California.;True;Die Kalifornische Goldsuche begann 1848, als James W. Marshall am 24. Januar 1848 Gold in Sutter's Mill in Coloma, Kalifornien, entdeckte. Dieser Ereignis auslöste eine große Goldsuche in Kalifornien, die bis 1855 andauerte.;True
80;imperativo;Cite the year the Bastille was stormed.;1789;L'assaut de la Bastille a eu lieu en 1789.;True;El 14 de julio de 1789.;True;Die Bastille wurde 1789 gestürmt.;True
81;imperativo_explicativo;Decode why volcanoes erupt.;magma;Les volcans éclatent pour plusieurs raisons principales. Voici les principaux facteurs qui déclenchent une éruption volcanique : ⏎ 1. **Le mouvement des plaques tectoniques** : Les plaques tectoniques sont en constante mouvement, et lorsqu'elles se rencontrent, elles peuvent créer des tensions et des fissures dans la croûte terrestre. Cela peut entraîner la libération de gaz et;False;¡Claro! (¡Entendido!) ⏎ Las erupciones volcánicas ocurren debido a la acumulación de presión en el interior de la montaña volcánica. Esto se debe a la acumulación de gases volátiles, como el dióxido de carbono y el sulfuro de hidrógeno, que se generan durante la fusión de rocas y minerales en el manto terrestre. ⏎ Cu;False;Ein interessantes Thema! ⏎ Vulkane brüten seit Millionen von Jahren auf der Erde und können plötzlich und ohne Vorwarnung ausbrechen. Doch warum passiert das? ⏎ Die Antwort liegt in der Erdgeschichte. Die Erde ist ein komplexes System, das aus verschiedenen Schichten besteht, darunter die Lithosphäre, die Mantel und die Kruste. Die Lithosphäre ist die äußere Schicht, die sich aus der Kruste;False
82;explicativa;Why does vinegar taste sour?;acetic acid;Le vinaigre a un goût acide parce qu'il contient de l'acide acétique, qui est un acide organique naturel. L'acide acétique est produit par la fermentation des fruits, notamment des pommes et des raisins, et il est également produit par les bactéries qui se trouvent dans les sols. ⏎ Lorsque l'on consomme du vinaigre, l'acide acétique est libéré;True;El vinagre tiene un sabor ácido debido a la presencia de ácidos, como el ácido acético, que es el principal componente del vinagre. El ácido acético es un ácido débil que se forma durante la fermentación de los frutos secos, como el mosto de uva, y se convierte en vinagre a través de un proceso de fermentación lenta. ⏎ Cuando se consume el vinagre, el á;True;Das ist eine gute Frage! ⏎ Vinegar schmeckt scharf oder sauer, weil es Acetatsäure enthält. Diese Säure ist ein starkes Organisches Säuremittel, das in der Natur in Form von Trauben- oder Essigpflanzen vorkommt. Wenn man Trauben oder andere Pflanzen zerkleinert, wird Acetinsäure freigesetzt, die dann zu Essig verarbeitet wird;True
83;corta;Capital of North Korea?;Pyongyang;Pyongyang est la capitale de la Corée du Nord.;True;Pyongyang es la capital de Corea del Norte.;True;Pyöngyang ist die Hauptstadt Nordkoreas.;True
84;conversacional;Hi! Who was the Greek sea god?;Poseidon;Bonjour! Le dieu grec du large était Poséidon.;True;¡Hola! El dios griego del mar era Poseidón.;True;Hallo! ⏎ Der griechische Meer Gott war Poseidon. Er war der Gott des Meeres, der Wellen und der Schiffe. Er wurde oft mit einem Pfeil in der Hand dargestellt, der in den Boden getaucht war, um die Erde zu erschüttern.;True
85;factual_clasica;In what year was the Magna Carta signed?;1215;Le Magna Carta a été signé en 1215.;True;El Magna Carta fue firmado en el año 1215.;True;Die Magna Carta wurde 1215 unterzeichnet.;True
86;factual_aperturas;When did the Suez Canal open?;1869;Le Canal de Suez a ouvert en 1869.;True;El Canal de Suez se abrió el 17 de noviembre de 1869.;True;Der Suezkanal wurde am 17. November 1869 eröffnet.;True
87;imperativo;Find the capital of Argentina.;Buenos Aires;La capitale de l'Argentine est Buenos Aires.;True;La capital de Argentina es Buenos Aires.;True;Die Hauptstadt von Argentinien ist Buenos Aires.;True
88;imperativo_explicativo;Unravel what causes earthquakes.;tectonic;Les séismes sont des phénomènes naturels qui se produisent lorsque la pression accumulée dans la croûte terrestre est libérée brusquement, provoquant des mouvements de terrain et des ondes sismiques. ⏎ Les causes des séismes sont complexes et multifacettes. Voici quelques-unes des principales explications : ⏎ 1. **La tectonique des plaques** : La croûte terrestre;True;¡Claro! Los terremotos son fenómenos complejos que involucran la interacción entre la corteza terrestre y los fluidos subterráneos. A continuación, te presento una explicación detallada de los factores que contribuyen a la formación de terremotos: ⏎ **La corteza terrestre y sus capas** ⏎ La corteza terrestre se divide en tres capas principales: la corte;False;Ein interessantes Thema! ⏎ Die Ursachen für Erdbeben sind komplex und vielfältig. Hier sind einige der wichtigsten Faktoren: ⏎ 1. **Tiefenverlagerungen**: Erdbeben entstehen oft durch Verlagerungen in der Erdkruste, die durch die Bewegung von Platten in der Erdkruste verursacht werden. Die Erdkruste ist aufgeteilt in Platten, die sich langsam bewegen und sich an;False
89;explicativa;Why does mint feel cold?;menthol;Le menthe ressent une sensation froide parce qu'elle contient une substance chimique appelée menthone, qui est connue pour son effet refroidissant. Cette propriété est responsable de la sensation de fraîcheur que l'on ressent lorsqu'on touche ou qu'on goûte à la menthe.;False;El mentol, el ingrediente principal que da el sabor a la menta, tiene propiedades estimulantes y refrescantes. Esto se debe a que el mentol es un compuesto que se encuentra en la planta de menta y tiene una estructura molecular que le permite interactuar con los receptores de temperatura en la piel. ⏎ Cuando se aplica la menta en la piel, el mentol se absorbe y se transporta a los receptores de;True;Mint fühlt sich kalt, weil es eine sehr kalte Wärme hat. Dies liegt daran, dass die Wärme, die durch die Pflanze fließt, sehr schnell durch die kalte Oberfläche der Blätter und der Stiele geht. Außerdem enthält Mint sehr viele Wasserstoffatome, die sich schnell bewegen und die Wärme ableiten. Dies macht die Wärme, die durch die Pflanze;False
90;corta;Capital of Taiwan?;Taipei;Taïwan n'a pas de capitale officielle, mais Taipei est la capitale la plus importante et le centre politique, économique et culturel du pays.;True;Taiwán no tiene una capital oficialmente reconocida. Sin embargo, la ciudad más grande y con mayor población es Taipéi (Taipei).;True;Taipeh (chinesisch: 台北, Pinyin: Táiběi);True
91;conversacional;So, who was Zeus's wife?;Hera;Zeus, le roi des dieux dans la mythologie grecque, était marié à plusieurs fois. Ses épouses principales étaient : ⏎ * Thétys, la mer ⏎ * Dione, la terre ⏎ * Héra, la reine des dieux (mais il l'a finalement abandonnée pour la déesse Sémélé) ⏎ Mais si vous cherchez une femme unique et constante, c'est Héra.;True;Zeus, el rey de los dioses en la mitología griega, tenía varias parejas, pero la más conocida es Hera. Ella era la diosa del cielo y la esposa de Zeus, y a menudo se la representa como una mujer poderosa y autoritaria.;True;Zeus' Ehefrau war Hera. Sie war die Göttin der Ehe, der Fruchtbarkeit und der Mutterliebe.;True
92;factual_clasica;What is the chemical symbol for magnesium?;Mg;Le symbole chimique du magnésium est Mg.;True;El símbolo químico de magnesio es Mg.;True;Das chemische Symbol für Magnesium ist Mg.;True
93;factual_aperturas;When was the Hubble telescope launched?;1990;Le télescope spatial Hubble a été lancé le 24 avril 1990.;True;El telescopio Hubble fue lanzado el 24 de abril de 1990.;True;Das Hubble-Teleskop wurde am 24. April 1990 von der NASA gestartet.;True
94;imperativo;Look up the capital of Thailand.;Bangkok;La capitale de Thaïlande est Bangkok.;True;La capital de Tailandia es Bangkok.;True;Die Hauptstadt von Thailand ist Bangkok.;True
95;imperativo_explicativo;Fill me in on why stars twinkle.;atmosphere;Les étoiles tournent! C'est une question courante, mais souvent mal comprise. En réalité, les étoiles ne tournent pas, mais leurs lumières varient en raison de la distance qui les sépare de notre planète. ⏎ Lorsque la lumière d'une étoile arrive sur Terre, elle est dispersée par l'atmosphère en raison de la différence de pression et de température entre le haut et;True;¡Claro! (¡Por supuesto!) Las estrellas se titinan debido a la variación en la cantidad de atmósfera que se encuentra entre la estrella y la Tierra. La atmósfera de la Tierra está compuesta de moléculas de gases como el nitrógeno y el oxígeno, que absorben y dispersan la luz que proviene de las estrellas. ⏎ Cuando la luz de una estrella pasa a;True;Die Sterne schimmern! Das ist ein faszinierendes Phänomen. Die Sterne schimmern, weil ihre Lichter durch die Atmosphäre der Erde wandern. Die Atmosphäre ist nicht gleichmäßig und besteht aus verschiedenen Schichten, die unterschiedliche Dichte und Temperatur haben. ⏎ Wenn das Licht einer Sterne durch die Atmosphäre wandert, trifft es auf verschiedene Schichten, die es brechen und verzerren.;True
96;explicativa;Why does honey never spoil?;sugar;Le miel ne se corrode jamais parce qu'il possède certaines propriétés uniques qui le rendent résistant aux micro-organismes et aux agents dégradants. Voici quelques raisons pour lesquelles le miel ne se corrode jamais : ⏎ *   Le miel est un produit naturel qui contient des acides et des enzymes qui aident à prévenir la croissance des bactéries et des levures. ⏎ *;False;El miel nunca se vuelve caducada debido a varias razones: ⏎ 1. **Contenido de ácido glúcónico**: La miel contiene un alto contenido de ácido glúcónico, que es un ácido que ayuda a preservar la miel. Este ácido tiene propiedades antibacterianas y antifúngicas que inhiben el crecimiento de microorganismos. ⏎ 2. **Punto de ebullición elevado**: La;False;Honey ist ein sehr interessantes Thema! ⏎ Honey ist einer der wenigen Lebensmittel, die nicht durch Bakterien oder andere Mikroorganismen verderben. Dies liegt daran, dass es sehr niedrig Wassergehalt hat, etwa 14-18%. Dies macht es für Bakterien und andere Mikroorganismen sehr schwierig, in der Feuchtigkeit zu überleben. ⏎ Darüber hinaus enthält Honig eine Vielzahl von;False
97;corta;Capital of Uzbekistan?;Tashkent;Tachkent (ou Tachkend) est la capitale de l'Uzbekistan.;True;Tashkent es la capital de Uzbekistán.;True;Taschkent;True
98;conversacional;Honestly, who slew Medusa?;Perseus;C'est une question classique! Selon la mythologie grecque, c'est Pérusse, le héros, qui a tué Meduse en utilisant son éclatante épée. En effet, Pérusse, qui était un jeune guerrier, avait été transformé en cheval par les Gorgones, mais il a réussi à se débarrasser de la tête de Meduse en la couvrant avec son éclatante ép;False;La verdad es que fue Perseus, un héroe de la mitología griega, quien logró matar a Medusa.;True;Eine Frage aus der griechischen Mythologie! ⏎ Es ist nicht ein einzelner Held, der Medusa getötet hat, sondern zwei Helden: Perseus und Theseus. ⏎ Perseus, der Sohn des Zeus, besiegte Medusa mit der Hilfe seines Vaters und eines speziellen Spiegels. Er sah Medusa nicht direkt an, sondern spiegelte ihr Gesicht in einem Spiegel, so dass er nicht getötet wurde. Dann sch;True
99;factual_clasica;What is the capital of Colombia?;Bogota;La capitale de Colombie est Bogota.;True;La capital de Colombia es Bogotá.;True;Die Hauptstadt von Kolumbien ist Bogotá.;True
100;factual_aperturas;Whose diary was hidden in an Amsterdam annex?;Anne Frank;C'était celui de Anne Frank.;True;El diario de Anne Frank se escondió en un anexo en Ámsterdam.;True;Das ist eine interessante Frage! ⏎ Ich denke, du meinst Anne Frank. Ihr Tagebuch wurde tatsächlich in einem Versteck in Amsterdam versteckt, während sie während des Zweiten Weltkriegs in dem Versteck lebte.;True
101;imperativo;Point out the tallest animal alive.;giraffe;Le plus grand animal vivant est le girafe. Elle peut atteindre une hauteur de jusqu'à 5,9 mètres (19,4 pieds) et peser jusqu'à 1 900 kilogrammes (4 200 livres).;True;El animal más alto vivo es el elefante africano. Pueden alcanzar una altura de hasta 4 metros (13 pies) en la espalda y 3 metros (10 pies) en la cabeza.;False;Das ist eine interessante Frage! ⏎ Der höchste lebende Tier ist der Giraffe (Giraffa camelopardalis). Er kann bis zu 5,9 Meter (19,4 Fuß) hoch werden, was ihn zu dem größten vierbeinigen Tier der Welt macht.;True
102;imperativo_explicativo;Interpret how a compass works.;magnetic;Un magnétomètre, également appelé boussole, est un appareil qui indique la direction du nord magnétique. Voici comment il fonctionne : ⏎ Le magnétomètre contient un aimant qui est aligné avec le champ magnétique terrestre. Le champ magnétique terrestre est une zone de champ magnétique qui entoure la Terre et est causée par la rotation de la planète et par la présence de fer et de minéraux;True;¡Claro! Un compás es un dispositivo que nos permite determinar la dirección en la que se encuentra un objeto o persona. A continuación, te explicaré cómo funciona: ⏎ Un compás utiliza un imán y un agujero en su interior para funcionar. El imán es un material que atrae a otros imanes y se vuelve atraer a sí mismo. Cuando se coloca el compás en un lugar, el imán se vuelve a;False;Ein Kompass ist ein wertvolles Werkzeug, das uns hilft, unsere Richtung zu bestimmen. Hier ist eine kurze Erklärung, wie ein Kompass funktioniert: ⏎ Ein Kompass besteht aus einem Magnetfeld, das von einem Magnet aus einem Magnetstab oder einem Magnetkern ausgeht. Dieses Magnetfeld ist so stark, dass es die magnetischen Entitäten in der Umgebung beeinflusst, wie zum Beispiel die magnetischen Teilchen;True
103;explicativa;How are pickles made?;brine;Les pickles sont fabriqués à travers un processus qui consiste à préparer les légumes, généralement des concombres ou des oignons, et à les traiter avec des ingrédients pour les conserver et leur donner leur saveur caractéristique. ⏎ Voici les étapes de la fabrication des pickles : ⏎ 1. **Préparation des légumes** : Les légumes sont lavés, coupés et éventuellement éminc;False;¡Claro! Los pepinos encurtidos se hacen de la siguiente manera: ⏎ 1. Se seleccionan pepinos frescos y se lavan para eliminar cualquier suciedad o polvo. ⏎ 2. Se cortan en rodajas finas y se sumergen en una solución de vinagre y sal para crear un ambiente ácido que inhibe el crecimiento de bacterias y hongos. ⏎ 3. La solución de vinagre y sal se deja reposar;True;Die Herstellung von Gurkensalat, wie er in Deutschland auch bekannt ist, ist ein einfaches, aber interessantes Prozess. Hier ist eine kurze Übersicht: ⏎ **Schritt 1: Gurken vorbereiten** ⏎ Zuerst werden frische Gurken gewaschen, geschält und in Scheiben geschnitten. Die Gurkenscheiben werden dann in Salzwasser getaucht, um sie zu konservieren. ⏎ **Schritt;False
104;corta;Capital of Kyrgyzstan?;Bishkek;Bichkek est la capitale du Kirghizistan.;True;Bishkek es la capital de Kirguistán.;True;Bischkek ist die Hauptstadt von Kirgisistan.;True
105;conversacional;Wait, who was the Greek goddess of wisdom?;Athena;C'était Athéna!;True;La diosa griega de la sabiduría fue Atenea.;True;Die griechische Göttin des Weisheits war Athena.;True
106;factual_clasica;What is the normal human body temperature in degrees Celsius?;37;La température normale du corps humain en degrés Celsius est de 37 degrés.;True;La temperatura normal del cuerpo humano en grados Celsius es de 37°C.;True;Die normale Körpertemperatur eines Menschen liegt bei etwa 37 Grad Celsius.;True
107;factual_aperturas;Whose assassination triggered World War I?;Franz Ferdinand;C'est l'assassinat de l'archiduc François-Ferdinand d'Autriche, membre de la famille royale autrichienne, qui a déclenché la Première Guerre mondiale.;True;El asesinato de Archduke Francisco Fernando de Austria, duque de Austria-Este, y su esposa Sofía de Habsburgo, desencadenó la Primera Guerra Mundial.;True;Die Assassination des österreichisch-ungarischen Thronfolgers Franz Ferdinand durch Gavrilo Princip, einen serbischen Nationalisten, am 28. Juni 1914 in Sarajevo, war der Auslöser für den Ersten Weltkrieg.;True
108;imperativo;Remind me who painted The Kiss.;Klimt;"Le tableau ""Le Baiser"" a été peint par le célèbre peintre autrichien Gustav Klimt.";True;"¡Claro! El cuadro ""El Beso"" (también conocido como ""El Abrazo"") fue pintado por el famoso artista austriaco Gustav Klimt en el año 1907-1908.";True;"Die berühmte Szene ""Der Kuss"" wurde von dem österreichischen Maler Gustav Klimt geschaffen.";True
109;imperativo_explicativo;Expand on how fish breathe underwater.;gills;Les poissons respirent sous l'eau de manière très spécifique. Ils n'ont pas de poumons comme les mammifères, mais ont développé des organes respiratoires adaptés à leur environnement aquatique. ⏎ Les poissons ont des branchies, qui sont des organes respiratoires situés sur le côté de leur tête. Les branchies sont composées de filtres qui permettent de capturer les particules de nourriture et les oxygè;True;¡Claro! (¡Claro!) La respiración de los peces es un proceso fascinante que les permite sobrevivir en el agua. A continuación, te explico cómo funcionan sus sistemas respiratorios: ⏎ **La respiración de los peces** ⏎ Los peces no tienen pulmones como los humanos, por lo que no respiran aire como nosotros. En su lugar, utilizan un sistema de respiración que se basa en la absorción;False;Die Atmung von Fischen unter Wasser ist ein faszinierendes Phänomen. Fische haben eine spezielle Anpassung entwickelt, um in der Wasserdichte Umgebung zu überleben. Hier sind einige Schlüsselaspekte, wie Fische unter Wasser atmen: ⏎ 1. **Gaskörper**: Fische haben einen speziellen Gaskörper, der aus drei Hauptteilen besteht: dem Schwanzstiel, dem Schwanz und;False
110;explicativa;What sank the Titanic?;iceberg;Le Titanic a été coulé par une glace. La collision avec une glace massive a provoqué une rupture de la coque du navire, entraînant son affondrement.;False;El Titanic se hundió debido a una combinación de factores, pero principalmente debido a una colisión con un hielo que se rompió en dos partes y causó daños irreparables en la hull del barco. La velocidad a la que se hundió el Titanic también contribuyó a la pérdida de vidas.;False;Die Titanic sank, weil sie auf ein Eisberg traf. Der Eisberg war etwa 50 Meter hoch und hatte eine Basis von etwa 1.500 Metern. Die Titanic, die mit einer Geschwindigkeit von etwa 22 Knoten (ca. 25 km/h) durch die Eisberge fuhr, konnte nicht umkehren und prallte daher auf den Eisberg. Die Kollision verursachte schwere Schäden an der Hülle der Titanic, was;True
111;corta;Capital of Oman?;Muscat;Muscat est la capitale d'Oman.;True;La capital de Omán es Mascate (Musscat en inglés).;True;Die Hauptstadt von Oman ist Muscat (Muschat).;True
112;conversacional;Sorry, what's the capital of the Netherlands?;Amsterdam;L'Amsterdam est la capitale des Pays-Bas.;True;Lo siento, la capital de los Países Bajos es Ámsterdam.;True;Keine Sorge! Die Hauptstadt der Niederlande ist Amsterdam.;True
113;factual_clasica;What is the capital of Chile?;Santiago;La capitale du Chili est Santiago.;True;La capital de Chile es Santiago.;True;Die Hauptstadt von Chile ist Santiago.;True
114;factual_aperturas;Whose equations unified electricity and magnetism?;Maxwell;C'est James Clerk Maxwell qui a unifié l'électricité et le magnétisme avec ses équations.;True;Las ecuaciones de Maxwell unificaron la electricidad y el magnetismo.;True;Die Gleichungen, die die Elektrizität und das Magnetismus vereinigten, stammen von James Clerk Maxwell.;True
115;imperativo;Let me know the capital of Austria.;Vienna;La capitale d'Autriche est Vienne.;True;La capital de Austria es Viena.;True;Die Hauptstadt Österreichs ist Wien.;True
116;imperativo_explicativo;Examine why salt melts ice.;freezing point;L'examen de la raison pour laquelle le sel fond l'ice est un sujet intéressant. ⏎ Le sel (sodium chloride) fond l'ice en raison de sa capacité à réduire la température de fusion de l'eau. Lorsque le sel est ajouté à l'eau, il crée une solution salée qui a une température de fusion inférieure à celle de l'eau pure. Cela se produit en raison de la présence de;False;"¡Claro! Me alegra ayudarte. ⏎ El sal se derrite la hielo debido a un fenómeno físico llamado ""elevación del punto de fusión"" o ""elevación del punto de ebullición"". Esto significa que la presencia de sal en el agua aumenta su temperatura de fusión, lo que permite que el agua se convierta en líquido a temperaturas más bajas. ⏎ Cuando se agrega sal a";False;"Ein interessantes Thema! ⏎ Salz (Natriumchlorid) schmilzt Eis, weil es eine chemische Reaktion mit Wasser und Eis bildet. Diese Reaktion wird als ""Schmelzreaktion"" bezeichnet. ⏎ Die Schmelzreaktion zwischen Salz und Eis kann wie folgt beschrieben werden: ⏎ NaCl (Salz) + H2O (Wasser) → NaOH (Natriumhydroxid) + HCl (Salzsäure";False
117;explicativa;What wiped out the dinosaurs?;asteroid;C'était un événement géant qui a éliminé les dinosaures. Il s'agit probablement d'un impact d'astéroïde. En effet, des études scientifiques ont montré que l'impact d'un astéroïde de grande taille a provoqué une énorme explosion qui a envoyé des débris dans l'atmosphère, provoquant une tempête de poussière et de fumée;True;El evento que se cree que dio la muerte a los dinosaurios fue un impacto masivo de un asteroide. Este impacto, conocido como el impacto de Chicxulub, ocurrió hace aproximadamente 65 millones de años y se cree que causó un verano extremo, un invierno prolongado y un cambio en el clima que hizo que muchos de los dinosaurios no pudieran sobrevivir.;True;Eine großartige Frage! ⏎ Die Theorie, die am weitesten verbreitet ist, ist die Asteroiden-Theorie. Laut dieser Theorie kam es vor etwa 65 Millionen Jahren zu einem massiven Asteroiden- Einschlag auf die Erde. Der Einschlag war so stark, dass er eine enorme Menge an Staub und Asche in die Atmosphäre freisetzte, was zu einem langen, kalten Winter führte,;True
118;corta;Capital of Yemen?;Sanaa;Sanaa.;True;La capital de Yemen es Sana'a.;True;Die Hauptstadt von Jemen ist Sanaa.;True
119;conversacional;Pub quiz: capital of DR Congo?;Kinshasa;Kinshasa.;True;La respuesta es: Kinshasa;True;Die Hauptstadt der Demokratischen Republik Kongo ist Kinshasa.;True
120;factual_clasica;What is the atomic number of hydrogen?;1;Le numéro atomique de l'hydrogène est 1.;True;El número atómico de hidrógeno es 1.;True;Das Atomnummer von Wasserstoff ist 1.;True
121;factual_aperturas;What metal has the highest melting point?;tungsten;Le métal avec le point de fusion le plus élevé est le tungstène, avec un point de fusion de 3422°C.;True;El metal con el punto de fusión más alto es el tungsteno (W). Su punto de fusión es de aproximadamente 3422 grados Celsius.;True;Der Metall mit dem höchsten Schmelzpunkt ist Tantal. Sein Schmelzpunkt liegt bei etwa 3023 Kelvin oder 2750 Grad Celsius.;False
122;imperativo;Spot the author of Frankenstein.;Mary Shelley;C'est Mary Shelley.;True;El autor de Frankenstein es Mary Shelley.;True;Der Autor von Frankenstein ist Mary Shelley.;True
123;imperativo_explicativo;Analyze why coffee keeps us awake.;caffeine;Le café est une boisson très populaire qui aide à rester éveillé. Mais pourquoi cela se produit-il? ⏎ La réponse réside dans les composés chimiques présents dans le café. Voici quelques-uns des principaux facteurs qui contribuent à faire réveiller : ⏎ 1. **L'acide caféïnique** : C'est le composé le plus connu pour son effet stimulant. L'acide caféïnique est un stim;False;¡Claro! (¡Por supuesto!) (Of course!) ⏎ El café es una bebida muy popular que ayuda a mantenernos despiertos y alertas durante el día. Pero, ¿por qué funciona de esta manera? ⏎ La respuesta se encuentra en la sustancia química llamada cafeína, que se encuentra en el café. La cafeína es un estimulante que actúa en el cerebro y en el sistema nervioso, lo que provoca una serie de efect;True;Ein interessantes Thema! ⏎ Kaffee enthält mehrere Wirkstoffe, die uns helfen, wach zu bleiben. Hier sind einige Gründe, warum Kaffee uns helfen kann, aufmerksam und wach zu bleiben: ⏎ 1. **Koffein**: Der Hauptwirkstoff in Kaffee ist Koffein, ein Stimulans, das die Aktivität des Gehirns erhöht. Es blockiert die Wirkung von Adenosin;True
124;explicativa;How did Germany unify in 1871?;Bismarck;L'Allemagne s'est unifiée en 1871 grâce à la victoire de Prusse dans la guerre franco-prussienne. Le 18 janvier 1871, le roi Guillaume Ier de Prusse fut proclamé empereur d'Allemagne, créant ainsi l'Empire allemand. Cette unification a été facilitée par la victoire de Prusse dans la guerre franco-prussienne,;False;La unificación de Alemania en 1871 se logró a través de la victoria de Prusia en la Guerra Franco-Prusiana. En ese momento, Prusia estaba liderada por Otto von Bismarck, quien había estado trabajando para fortalecer a Prusia y crear una alianza con otros estados alemanes. ⏎ En julio de 1870, Prusia declaró la guerra a Francia, lo que desenc;True;Die Einigung Deutschlands im Jahr 1871 war ein wichtiger Meilenstein in der deutschen Geschichte. Hier ist eine kurze Zusammenfassung: ⏎ Die Einigung Deutschlands war das Ergebnis eines langen und komplexen Prozesses, der von den Napoleonischen Kriegen bis in die frühmoderne Zeit reichte. Im Jahr 1870 brach ein neuer Krieg aus zwischen Preußen und Frankreich, der zum Ende des Deutschen Krieges;False
125;corta;Capital of Moldova?;Chisinau;Chișinău est la capitale de Moldavie.;True;Chișinău es la capital de Moldavia.;True;Chisinau;True
126;conversacional;Pub quiz: Burkina Faso capital?;Ouagadougou;La capitale du Burkina Faso est Ouagadougou.;True;La capital de Burkina Faso es... OUGADOGOU.;False;Die Hauptstadt von Burkina Faso ist Ouagadougou.;True
127;factual_clasica;Who wrote The Divine Comedy?;Dante;C'est Dante Alighieri qui a écrit La Divine Comédie.;True;El autor de La Divina Comedia fue Dante Alighieri.;True;Die Divine Comedy wurde von dem italienischen Dichter und Philosophen Dante Alighieri geschrieben.;True
128;factual_aperturas;Which bird lays the largest eggs?;ostrich;Le oiseau qui pose les œufs les plus grands est le casier.;False;El ave que pone los huevos más grandes es la cernícala (Ciconia ciconia). Estos aves pueden poner huevos de hasta 1,1 kg y 18 cm de largo.;False;Eine gute Frage! ⏎ Die größten Eier legen die Ostrichen (Struthio camelus). Ein Ostrich-Ei kann bis zu 1,3 kg wiegen und 15 cm lang sein. Das ist das größte Ei aller Vögel!;True
129;imperativo;Fetch the capital of Hungary.;Budapest;La capitale de Hongrie est Budapest.;True;Budapest es la capital de Hungría.;True;Die Hauptstadt Ungerns ist Budapest.;True
130;imperativo_explicativo;Review why chili peppers taste hot.;capsaicin;Les poivrons chili sont connus pour leur saveur piquante. Mais pourquoi les poivrons chili ont-ils une saveur piquante? ⏎ La réponse réside dans leur composition chimique. Les poivrons chili contiennent une substance appelée capsaïcine, qui est responsable de leur saveur piquante. La capsaïcine est un composé organique qui agit sur les récepteurs des papilles gustatives, ce qui;True;¡Claro! (¡Por supuesto!) (Of course!) ⏎ Las chiles jalapeños, por ejemplo, tienen un sabor picante debido a la presencia de una sustancia química llamada capsaicina. La capsaicina es un alcaloide que se encuentra en las semillas y el pulpa de los chiles jalapeños, así como en otros chiles picantes. ⏎ Cuando se come un chile picante, la capsaicina;True;Die Wahrnehmung von Schmerz durch Chili-Pfeffer ist ein komplexer Prozess, der mehrere Faktoren umfasst. Hier sind einige Gründe, warum Chili-Pfeffer scharf schmeckt: ⏎ 1. **Kapserosin**: Chili-Pfeffer enthält eine Substanz namens Kapserosin, die für die Schmerzempfindung verantwortlich ist. Kapserosin bindet an spe;False
131;explicativa;What destroyed Pompeii?;Vesuvius;C'était un éruption volcanique qui a détruit Pompeii. La ville a été enterrée sous des débris et des cendres lors de l'éruption du Vésuve en 79 après Jésus-Christ.;True;Pompeya fue destruida por una erupción volcánica. La erupción del Monte Vesuvio en el año 79 d.C. cubrió la ciudad con una capa de cenizas y escombros, preservando sus ruinas y objetos personales.;True;Pompeji wurde durch die Ausbrüche des Vesuvs im Jahr 79 n. Chr. zerstört. Der Vulkan ausbrach zweimal in diesem Jahr: am 24. August und am 25. August. Der zweite Ausbruch war der schlimmste und verursachte die größten Zerstörungen. Die Stadt wurde von einem riesigen Pyroklasmus (ein Ausbruch mit hohem Druck und Hit;True
132;corta;Capital of Bosnia?;Sarajevo;La capitale de Bosnie-Herzégovine est Sarajevo.;True;La capital de Bosnia y Herzegovina es Sarajevo.;True;Die Hauptstadt von Bosnien und Herzegowina ist Sarajevo.;True
133;conversacional;Quick question: what's the capital of Liberia?;Monrovia;La capitale de la Libérie est Monrovia.;True;La capital de Liberia es Monrovia.;True;Monrovia ist die Hauptstadt von Liberia.;True
134;factual_clasica;In what year did the Chinese Communist Party take power in China?;1949;L'année où le Parti communiste chinois a pris le pouvoir en Chine est en 1949.;True;El Partido Comunista de China tomó el poder en China en el año 1949.;True;Die chinesische Kommunistische Partei (CCP) übernahm die Macht in China 1949.;True
135;factual_aperturas;Which country gifted the Statue of Liberty?;France;La France a offert la Statue de la Liberté.;True;El país que regaló la Estatua de la Libertad fue Francia.;True;Die Statue der Freiheit wurde von Frankreich geschenkt.;True
136;imperativo;Note the capital of Suriname.;Paramaribo;Le capitale de Suriname est Paramaribo.;True;El nombre del país es Surinam. La capital de Surinam es Paramaribo.;True;Die Hauptstadt von Surinam ist Paramaribo.;True
137;imperativo_explicativo;Clear up why carrots are orange.;carotene;Les carottes sont orange parce que leur couleur est due à la présence de pigments spécifiques appelés caroténoïdes. Ces pigments sont naturellement présents dans les carottes et sont responsables de leur couleur orange. ⏎ Les carottes contiennent principalement deux types de caroténoïdes : la β-carotène et l'α-carotène. La β-carotène est le pigment le plus abondant dans les carottes;True;¡Claro! (¡Entendido!) ⏎ Las zanahorias son de color naranja debido a la presencia de un pigmento llamado beta-caroteno. Este pigmento es una forma de vitamina A y se encuentra en las hojas y tallos de las plantas de zanahoria. ⏎ Cuando las zanahorias se maduran, el beta-caroteno se acumula en la parte comestible de la planta, lo que le da;True;Eine gute Frage! ⏎ Carotten, auch als Karotten bekannt, sind tatsächlich nicht immer orange. Sie kommen in verschiedenen Farben vor, wie zum Beispiel grün, gelb, weiß oder sogar rot. Aber warum sind sie in vielen Fällen orange? ⏎ Die Antwort liegt in der Biologie. Carotten enthalten eine Substanz namens Beta-Carotin, die als Vitamin A bekannt ist. Beta-Carotin ist ein Carotinoid, ein;True
138;explicativa;How did Cleopatra die?;snake;Cleopatra, la dernière reine de l'Égypte antique, est morte par la poison, selon la tradition. Selon les historiens, elle a choisi de se faire tuer plutôt que de se soumettre aux Romains. Elle a utilisé un serpent empoisonné, un asp, pour se faire tuer. Cette mort tragique a eu lieu en 30 avant J.-C.;True;Cleopatra murió por envenenamiento, según la tradición histórica. Según la leyenda, se casó con Marco Antonio, un general romano, y cuando el emperador Octavio (hoy conocido como Augusto) se acercó a Egipto con el fin de capturarla, Cleopatra decidió tomar medidas drásticas. Se supone que se casó con Marco Antonio y, al mismo tiempo,;False;Kleopatra, die letzte Königin des alten Ägyptens, starb wahrscheinlich durch Selbstmord. Nachdem die römische Feldherr und Politiker Octavian (später bekannt als Augustus) Ägypten erobert hatte, floh sie mit ihrem Geliebten Mark Antony in die Antike Stadt Tarsus in Kleinasien. ⏎ Als Octavian ihre Flucht entdeckte, zog er sich mit seinen Truppen;False
139;corta;Capital of North Macedonia?;Skopje;Skopje est la capitale de la Macédoine du Nord.;True;La capital de Macedonia del Norte es Skopie (Skopje en inglés).;True;Skopje;True
140;conversacional;Hey, what's Greenland's capital?;Nuuk;Le capitol de Groenland est Nuuk.;True;El capital de Groenlandia es Nuuk.;True;Die Hauptstadt Grönlands ist Nuuk.;True
141;factual_clasica;What is the capital of Morocco?;Rabat;La capitale du Maroc est Rabat.;True;La capital de Marruecos es Rabat.;True;Die Hauptstadt von Marokko ist Rabat.;True
142;factual_aperturas;Which instrument has 47 strings?;harp;L'instrument qui a 47 cordes est le violon.;False;La guitarra tiene 47 cuerdas.;False;Das ist eine interessante Frage! ⏎ Die Antwort ist: Die Harfe.;True
143;imperativo;Reveal who wrote Of Mice and Men.;Steinbeck;"C'est John Steinbeck qui a écrit ""Des rats et des hommes"" (original titre en anglais : ""Of Mice and Men"").";True;"¡Claro! El libro ""De los gatos y los hombres"" (título original en inglés: ""Of Mice and Men"") fue escrito por el famoso escritor estadounidense John Steinbeck.";True;"Das ist leicht! ""Of Mice and Men"" wurde von dem amerikanischen Schriftsteller John Steinbeck geschrieben.";True
144;imperativo_explicativo;Go over what glass is made from.;sand;Le verre est un matériau composé de plusieurs éléments principaux. Voici les principaux composants du verre : ⏎ *   Le silice (SiO2) : c'est le composant le plus abondant du verre, représentant environ 60 à 70% de sa masse. La silice est présente sous forme de silicates, qui sont des composés de silice et d'autres éléments tels que le calcium, le magnés;False;¡Claro! El vidrio, también conocido como vidrio, es un material compuesto que se hace a partir de varios componentes básicos. A continuación, te presento los principales ingredientes que se utilizan para fabricar vidrio: ⏎ 1. **Soda alcalina (sodio carbonato)**: Este es el ingrediente más común en la producción de vidrio. La soda alcalina se combina con otros metales y oxí;False;Glas ist ein vielseitiges Material, das aus verschiedenen Komponenten hergestellt wird. Die Hauptbestandteile von Glas sind: ⏎ * Silikat (ca. 60-70%): Silikat sind eine Gruppe von chemischen Verbindungen, die aus Silicium und Sauerstoff bestehen. Sie sind die Hauptbestandteile von Glas und geben es seine Festigkeit und Härte. ⏎ * Sand (ca. 20-30%):;True
145;explicativa;What spread the Black Death?;fleas;La peste noire a été propagée principalement par les rats et les puces. Les rats, qui transportaient la bactérie Yersinia pestis, ont été répandus par les marchands et les voyageurs qui les transportaient à travers l'Europe. Les puces, qui se nourrissaient du sang des rats, ont également joué un rôle important dans la propagation de la maladie. Les puces ont transmis la;True;La Peste Negra se propagó principalmente a través de los mercados y caravanas comerciales, así como a través de los barcos y barcos que conectaban Europa con Asia. Los ratones y otros roedores, que eran portadores de la peste, se transmitían a los humanos a través de la mordedura de los ratones y la contaminación de alimentos y agua.;False;Die Schwarze Pest, auch bekannt als die Schwarze Death, verbreitete sich im 14. Jahrhundert in Europa. Die Hauptursachen für die Ausbreitung des Krankenhaften waren: ⏎ 1. **Handel und Handelstransporte**: Die Pest verbreitete sich von den Ostseehäfen in Europa, insbesondere von Lübeck und Danzig, nach Westeuropa. Die Handelsreisen und die Verkehrsver;False
146;corta;Capital of Montenegro?;Podgorica;Podgorica est la capitale de Monténégro.;True;Piodgora es la capital de Montenegro.;False;Petrovgrad, auch bekannt als Podgoriza, ist die Hauptstadt von Montenegro.;False
147;conversacional;Just curious, capital of the Dominican Republic?;Santo Domingo;La capitale de la République dominicaine est Porto-Principe (ou Port-au-Prince en français).;False;Santo Domingo es la capital de la República Dominicana.;True;Die Hauptstadt der Dominikanischen Republik ist Santo Domingo.;True
148;factual_clasica;Who composed The Four Seasons?;Vivaldi;Antonio Vivaldi a composé Les Quatre Saisons.;True;"El compositor de ""Las Cuatro Estaciones"" es Antonio Vivaldi.";True;Die Four Seasons (Vier Jahreszeiten) komponierte Antonio Vivaldi.;True
149;factual_aperturas;Which land animal is the fastest?;cheetah;Le cheval est probablement le plus rapide des animaux terrestres, avec une vitesse moyenne de 45 à 50 km/h. Cependant, le cheval le plus rapide est le cheval de course, qui peut atteindre des vitesses de 70 km/h. Mais si l'on considère les animaux les plus rapides, c'est le cheval sauvage, qui peut atteindre des vitesses de 80 km/h.;False;El animal terrestre más rápido es el caballo.;False;Die schnellste Landtiere sind die Antilopen. Insbesondere die Impala und die Springbok erreichen Geschwindigkeiten von bis zu 120 km/h.;False
150;imperativo;Count the stripes on the US flag.;13;Il y a 13 bandes horizontales sur la bannière des États-Unis.;True;¡Claro! La bandera de los Estados Unidos tiene 13 franjas horizontales, pero no hay franjas verticales. Cada franja es de igual tamaño y representa un estado de la Unión.;True;Das ist eine einfache Frage! ⏎ Die US-Flagge besteht aus 13 horizontalen Streifen, wobei die oberen 7 Streifen rot sind und die unteren 6 Streifen weiß sind. Die roten Streifen haben jeweils 13 vertikale Streifen, die weiß sind. ⏎ Insgesamt gibt es also 13 x 13 = 169 vertikale Streifen auf der US-Flagge. ⏎ Die horizontalen Streifen zählen;True
151;imperativo_explicativo;Detail what makes soda fizzy.;carbon dioxide;L'effervescence des sodas est due à la présence de gaz carbonique. Voici les étapes clés qui expliquent comment cela fonctionne : ⏎ 1. **Le processus de fermentation** : Les sodas sont généralement fabriqués à partir de sucre, d'eau et de levures. Lors de la fermentation, les levures convertissent le sucre en alcool et émettent du gaz carbonique comme sous-produit.;False;"¡Claro! (¡Por supuesto!) La soda es un refresco muy popular que se caracteriza por su sabor dulce y su textura burbujeante. Pero, ¿qué hace que la soda esté ""fizz"" o burbujeante? ⏎ La respuesta es la presencia de dióxido de carbono (CO2). El dióxido de carbono es un gas incoloro y inodoro que se forma cuando el agua se";True;Ein interessantes Thema! ⏎ Die Fizzigkeit von Soda ist auf die Anwesenheit von Kohlendioxid (CO2) zurückzuführen. Hier sind die wichtigsten Faktoren, die dazu beitragen: ⏎ 1. **Kohlendioxid**: Soda enthält in der Regel eine Mischung aus Wasser, Zucker, Aromen und Kohlendioxid. Das CO2 wird in der Fertigung hinzugefügt und verleiht der Soda;True
152;explicativa;What forced Japan's 1945 surrender?;atomic bomb;C'était la bombe atomique américaine qui a forcé le Japon à se rendre en 1945. Les États-Unis ont lancé deux bombes atomiques sur les villes de Hiroshima et de Nagasaki, ce qui a causé des destructions massives et des pertes humaines importantes. Cette action a finalement obligé le Japon à accepter la capitulation allemande, qui a été officiellement signée le 2 septembre;True;La rendición de Japón en 1945 fue forzada por una combinación de factores. Algunos de los principales motivos fueron: ⏎ * La destrucción de Hiroshima y Nagasaki: Las bombas atómicas lanzadas por Estados Unidos en estas ciudades japonesas causaron una gran cantidad de muertes y destrucción, lo que demostró la capacidad de Estados Unidos para destruir ciudades enteras. ⏎ * La invasión;True;Die japanische Kapitulation im Jahr 1945 wurde hauptsächlich durch die Kombination von militärischen und wirtschaftlichen Druck sowie die Bedingungen der Potsdamer Erklärung und der Atomwaffenangriffe auf Hiroshima und Nagasaki erzwungen. ⏎ Die alliierten Streitkräfte, bestehend aus den Vereinigten Staaten, Großbritannien, Frankreich und der Sowjetunion;True
153;corta;Capital of Liechtenstein?;Vaduz;Vaduz est la capitale de Liechtenstein.;True;Vaduz es la capital de Liechtenstein.;True;Vaduz ist die Hauptstadt von Liechtenstein.;True
154;conversacional;Hi! Capital of Turkmenistan?;Ashgabat;Bonjour! La capitale du Turkménistan est Ashgabat.;True;¡Hola! La capital de Turkmenistán es Ashgabat.;True;Hallo! ⏎ Die Hauptstadt von Turkmenistan ist Aschgabat.;True
155;factual_clasica;What is the capital of Afghanistan?;Kabul;Le capital d'Afghanistan est Kaboul.;True;El capital de Afganistán es Cabul (Kabul).;True;Die Hauptstadt Afghanistans ist Kabul.;True
156;factual_aperturas;How long is a marathon in kilometers?;42;Un marathon dure 42,195 kilomètres.;True;Un maratón mide 42,195 kilómetros.;True;Ein Marathon ist 42,195 Kilometer lang.;True
157;imperativo;Pin down who composed Pictures at an Exhibition.;Mussorgsky;"C'est Modest Moussorgski qui a composé ""Pictures at an Exhibition"".";False;"El compositor que escribió ""Pictures at an Exhibition"" fue Modest Mussorgski.";True;"Die Komposition ""Pictures at an Exhibition"" stammt von Modest Mussorgsky.";True
158;imperativo_explicativo;Unpack what causes day and night.;rotation;Pour répondre à votre question, je vais vous expliquer ce qui cause le jour et la nuit. ⏎ Le jour et la nuit sont causés par la rotation de la Terre sur son axe. La Terre tourne sur son axe en environ 24 heures, ce qui signifie que la face de la Terre qui est tournée vers le Soleil reçoit la lumière du Soleil pendant la journée, tandis que la face opposée reçoit la nuit. ⏎ L;True;¡Claro! La explicación de lo que causa día y noche se basa en la rotación de la Tierra alrededor del Sol. ⏎ **La Tierra gira sobre su eje** ⏎ La Tierra gira sobre su eje, que es una línea imaginaria que pasa por el polo norte y el polo sur. Esta rotación es lo que nos da el día y la noche. ⏎ **La Tierra se inclina hacia el Sol** ⏎ La Tierra también se;True;Ein interessantes Thema! ⏎ Die Ursache für Tag und Nacht ist die Erde um die Sonne. Hier ist eine kurze Erklärung: ⏎ Die Erde dreht sich um ihre eigene Achse, was etwa 23,5 Stunden und 56 Minuten dauert. Während dieser Zeit wird die Erde von der Sonne beleuchtet und wir erleben den Tag. Nach etwa 24 Stunden hat die Erde die Sonne vollständig umrundet und;False
159;explicativa;How did the Greeks enter Troy?;wooden horse;Selon la mythologie grecque, les Grecs entrèrent à Troye grâce à la ruse de l'archer Paris, qui avait volé la belle Helenne à Sparte. Les Grecs, menés par Agamemnon, roi de Mycènes, décidèrent de se rendre à Troye pour la récupérer. ⏎ Cependant, les Grecs ne purent pas prendre la ville par force, car les Troiens;False;Según la mitología griega, los griegos entraron en la ciudad de Troya con la ayuda de los dioses, específicamente con la intervención de Odiseo, que se disfrazó de un mendigo y se ganó la confianza del rey Príamo. ⏎ Sin embargo, la entrada en la ciudad fue también gracias a la estrategia de los griegos, que construyeron un gran caballo de madera que se es;True;Eine Frage aus der antiken Geschichte! ⏎ Laut der Ilias, der epischen Dichtung des Homer, gelangten die Griechen in die Stadt Troja durch die Hilfe des Gottes Hermes und des griechischen Kriegers Odysseus. ⏎ Die Griechen hatten die Stadt Troja belagert, um den Trojanischen Krieg zu gewinnen. Odysseus kam auf die Idee, die Stadt durch einen cleveren Trick zu erobern. Er;False
160;corta;Capital of Scotland?;Edinburgh;Edimbourg (Edinburgh) est la capitale de l'Écosse.;True;Edimburgo.;True;Edinburgh ist die Hauptstadt von Schottland.;True
161;conversacional;Random thought: what's Niger's capital?;Niamey;Niger's capital est Niamey.;False;La capital de Níger es Niamey.;True;Die Hauptstadt Nigers ist Niamey.;True
162;factual_clasica;How many letters are in the English alphabet?;26;Il y a 26 lettres dans l'alphabet anglais.;True;Hay 26 letras en el alfabeto inglés.;True;Die englische Alphabet hat 26 Buchstaben.;True
163;factual_aperturas;How fast does sound travel in air?;343;Le son se propage à une vitesse de 343 mètres par seconde en air à une température de 20°C et une pression atmosphérique normale.;True;El sonido viaja a una velocidad de aproximadamente 343 metros por segundo en aire a temperatura ambiente y presión estándar.;True;Das Klangwellen ist in der Luft sehr schnell. Die Geschwindigkeit, mit der Klangwellen in der Luft reisen, beträgt etwa 343 Meter pro Sekunde bei Raumtemperatur und einem Druck von 1 Atmosphäre.;True
164;imperativo;Guess the largest country in South America.;Brazil;Je vais essayer! ⏎ Je pense que le pays le plus grand en Amérique du Sud est le Brésil.;True;El país más grande de América del Sur es Brasil.;True;Das ist eine einfache Frage! ⏎ Die größte Länder in Südamerika sind Brasilien und Argentinien. Aber wenn man nach der Fläche misst, dann ist Brasilien die größte Länder in Südamerika.;True
165;imperativo_explicativo;Run through how echoes happen.;reflection;Les échos sont un phénomène fascinant qui se produit lorsque les sons sont réfléchis par un objet ou un espace. Voici comment cela fonctionne : ⏎ 1. **La propagation du son** : Lorsque vous faites un bruit, il se propage à travers l'air sous forme de ondes mécaniques. Ces ondes se déplacent à une vitesse constante, appelée vitesse du son, qui est d'environ;True;¡Claro! Empecemos a explorar cómo funcionan los eco. ⏎ **¿Qué es un eco?** ⏎ Un eco es una repetición de un sonido que se produce después de que el sonido original ha cesado. Esto sucede cuando el sonido viaja a través de un medio, como el aire, el agua o el suelo, y se refleja o se refracta de manera que regresa al lugar de origen. ⏎ **El proceso de formación;True;Ich helfe Ihnen gerne! ⏎ Echoes sind ein faszinierendes Phänomen, das uns alle wiederholt. Hier ist eine kurze Erklärung, wie es funktioniert: ⏎ **Was ist ein Echo?** ⏎ Ein Echo ist eine Wiederholung eines Lauts, der von einer Oberfläche oder einem Gegenstand zurückgeworfen wird. Dieser Prozess wird als Reflexion bezeichnet. ⏎ **Wie funktioniert ein Echo?** ⏎ Hier sind;True
166;explicativa;What triggered the Great Depression?;stock market crash;La Grande Dépression a été déclenchée par une combinaison de facteurs économiques et politiques. Voici quelques-uns des principaux facteurs qui ont contribué à son apparition : ⏎ 1. **La crise financière américaine de 1929** : La panique boursière de 1929 a été le point de départ de la Grande Dépression. Les investissements dans les actions et les biens immobiliers avaient atteint;True;La Gran Depresión se desencadenó por una combinación de factores económicos y financieros. Algunos de los eventos clave que contribuyeron a su inicio incluyen: ⏎ 1. **La crisis bancaria de 1929**: La quiebra de muchos bancos en Estados Unidos, que habían invertido en acciones y bienes raíces, provocó una pérdida de confianza en el sistema financiero y una caída en el valor;True;Die Große Depression wurde durch eine Kombination von Faktoren ausgelöst. Einige der wichtigsten Auslöser waren: ⏎ 1. **Wall Street-Krash von 1929**: Der Börsenkrash von 1929, auch bekannt als Black Tuesday, war ein wichtiger Auslöser für die Große Depression. Viele Investoren hatten in Aktien investiert, die dann plötzlich und dramatisch in Wert fielen. ⏎ 2;True
167;corta;Capital of Wales?;Cardiff;Le Capitale du pays de Galles est Cardiff.;True;La capital de Gales es Cardiff.;True;Die Hauptstadt von Wales ist Cardiff (Cardiff).;True
168;conversacional;Trivia time: capital of Sierra Leone?;Freetown;Fait simple! La capitale de Sierra Leone est Freetown.;True;Fácil! ⏎ La capital de Sierra Leona es Freetown.;True;Falsch! Die Hauptstadt von Sierra Leone ist Freetown.;True
169;factual_clasica;Who painted Guernica?;Picasso;C'est Pablo Picasso qui a peint Guernica.;True;Pintó Guernica Pablo Picasso.;True;"Die Gemälde ""Guernica"" wurde von dem spanischen Künstler Pablo Picasso geschaffen.";True
170;factual_aperturas;How old is the universe?;13.8;L'âge de l'univers est estimé à environ 13,8 milliards d'années. Cette estimation est basée sur des observations de la vitesse des galaxies lointaines et des courbes de lumière des supernovae.;True;La edad del universo se estima en aproximadamente 13.800 millones de años.;False;Die Altersgeschichte der Welt ist ein faszinierendes Thema! ⏎ Laut den Wissenschaftlern schätzt man, dass die Welt etwa 13,8 Milliarden Jahre alt ist. Diese Zahl basiert auf verschiedenen Beobachtungen und Messungen, wie z.B. der kosmischen Hintergrundstrahlung, der Rotverschiebung von Sternen und Galaxien sowie der Messung der Helligkeit von Sternen in der Nähe der;True
171;imperativo;Pick the biggest cat species.;tiger;Le plus grand chat du monde est le chat panthère, également connu sous le nom de chat de jungle ou de chat de l'Asie. Il peut atteindre jusqu'à 2,5 mètres de long et peser jusqu'à 90 kilogrammes.;False;El mamífero más grande de la especie de gato es el tigre del siberiano, también conocido como tigre de Siberia o tigre blanco. Sin embargo, si consideramos a todos los gatos, el mamífero más grande es el león, pero si nos enfocamos en los gatos, el tigre del siberiano puede alcanzar un peso de hasta 320 kg y una longitud de hasta 3;True;Die größte Katzenart ist der Löwe (Panthera leo). Er ist ein großes, starker und gefährliches Tier, das in der Savanne und im Grasland in Afrika und in Indien lebt.;False
172;imperativo_explicativo;Lay out how plants absorb water.;roots;Bien sûr! Voici comment les plantes absorbent l'eau : ⏎ **Le processus d'absorption d'eau** ⏎ Les plantes absorbent l'eau à travers leurs racines, qui sont des tissus spécialisés pour cette fonction. Voici les étapes clés du processus : ⏎ 1. **La racine se déplace vers l'eau** : Les racines sont capables de détecter la présence d'eau dans le sol et de se déplacer vers;True;"¡Claro! Aquí te explico cómo las plantas absorben agua: ⏎ **El proceso de absorción de agua en las plantas** ⏎ Las plantas absorben agua a través de sus raíces, que son estructuras especializadas que se encuentran debajo de la superficie del suelo. El proceso de absorción de agua se llama ""absorción de agua"" o ""transpiración"". ⏎ **Los pasos del proceso de absorción de agua** ⏎ 1";True;Die Aufnahme von Wasser durch Pflanzen ist ein komplexer Prozess, der mehrere Schritte umfasst. Hier ist eine detaillierte Beschreibung, wie Pflanzen Wasser aufnehmen: ⏎ **Schritt 1: Wurzelabsorption** ⏎ Die Wurzeln der Pflanze sind speziell für die Aufnahme von Wasser aus dem Boden ausgebildet. Sie bestehen aus einer dichten, ledrigen Schicht;True
173;explicativa;What was the Silk Road used for?;trade;La Route de la Soie, également connue sous le nom de Route de l'Or, était un important réseau commercial et de communication qui relient l'Asie centrale à la Chine, en passant par l'Asie du Sud et l'Asie du Sud-Est. Elle a été utilisée pour le commerce de marchandises telles que le soja, le coton, le cuir, les épices, les pierres précieuses et;True;La Ruta de la Seda fue utilizada principalmente para el comercio de bienes de lujo y especias, como seda, perlas, especias y telas. También era un importante centro de intercambio cultural y religioso entre las civilizaciones chinas, persas, árabes y europeas. La Ruta de la Seda conectaba China con Europa, pasando por países como Turquía, Irán, Pakistán y India.;True;Die Seidenstraße, auch bekannt als der Silberweg, war ein wichtiger Handelsweg, der von der Antike bis zum Mittelalter existierte. Sie verband China mit dem Mittelmeerraum und war ein wichtiger Weg für den Handel von Luxusgütern wie Seide, Perlen, Edelsteinen und anderen wertvollen Gütern. ⏎ Die Seidenstraße wurde für verschiedene Zwecke genutzt: ⏎ *   Handel:;True
174;corta;Capital of Haiti?;Port-au-Prince;Port-au-Prince;False;La capital de Haití es Port-au-Príncipe.;False;Port-au-Prince;True
175;conversacional;I forgot, Eritrea's capital?;Asmara;Asmara est la capitale d'Eritréa.;True;Asmara es la capital de Eritrea.;True;Die Hauptstadt von Eritrea ist Asmara.;True
176;factual_clasica;Who led the Macedonian empire and conquered Persia?;Alexander;C'était Alexandre le Grand qui a dirigé l'Empire macedonien et a conquis la Perse.;True;El emperador macedonio que lideró el imperio macedonio y conquistó a Persia fue Alejandro Magno.;True;Der makedonische Kaiser, der Persien eroberte, war Alexander der Große (Alexander III. von Makedonien).;True
177;factual_aperturas;How long did the Hundred Years' War last?;116;La guerre de cent ans a duré 116 ans, du 1337 au 1453.;True;La Guerra de los Cien Años duró 116 años, desde 1337 hasta 1453.;True;Der Hundertjährige Krieg dauerte von 1337 bis 1453.;False
178;imperativo;Choose the fastest bird in a dive.;peregrine falcon;Le pigeon-merle est connu pour ses performances acrobatiques, mais le plus rapide dans un plongeon est probablement le martin-pêcheur (Alcedo atthis).;False;El ave más rápida en un salto es el halcón peregrino (Falco peregrinus).;True;Die schnellste Vogelart beim Sturzflug ist der Falk.;False
179;imperativo_explicativo;Account for why we shiver when cold.;muscles;Lorsque nous sommes exposés à un froid, notre corps réagit pour maintenir sa température intérieure. Voici pourquoi nous tremblons : ⏎ Lorsque notre corps est exposé à un froid, les capillaires à la surface de la peau se contractent pour réduire la circulation sanguine. Cela entraîne une diminution de la quantité de chaleur transférée à la surface de la peau. En;False;¡Claro! (¡Por supuesto!) (Of course!) ⏎ Cuando nos encontramos en un ambiente frío, nuestro cuerpo intenta mantener su temperatura interna constante. Sin embargo, cuando la temperatura ambiente es baja, nuestro cuerpo no puede producir suficiente calor para mantener su temperatura interna. Esto provoca que nuestro cuerpo se enfríe y, para compensar, produce calor localmente. ⏎ La forma en que nuestro cuerpo produce calor localmente es a través de la;False;Wenn es kalt ist, schüttelt man oft. Das liegt daran, dass unser Körper versucht, die Wärme zu erhalten, die er verloren hat. ⏎ Wenn der Körper in kalte Umgebungen kommt, beginnt er, Energie zu verlieren. Diese Energie wird in Form von Wärme abgegeben. Um diese Wärme zu erhalten, versucht der Körper, sie zurückzuholen. Dies geschieht;False
180;explicativa;Why was the Great Wall built?;nomads;La Grande Muraille a été construite pour plusieurs raisons. ⏎ Elle a été érigée pour protéger la Chine des invasions des tribus nomades et des armées étrangères, notamment celles des Xiongnu, des Mongols et des Manchous. ⏎ La Grande Muraille a également été construite pour contrôler les migrations et les échanges commerciaux avec les régions voisines. ⏎ Enfin, elle a été construite;True;La Gran Muralla China fue construida para proteger la China de las invasiones de los bárbaros y los invasores extranjeros. Fue un proyecto ambicioso que se inició en el siglo VII a.C. y se completó en diferentes etapas a lo largo de la historia china. ⏎ La Gran Muralla fue construida para: ⏎ * Proteger la China de las invasiones de los xiongnu, un pueblo nómada que habit;True;Die Große Mauer wurde im Laufe der Geschichte mehrmals erbaut und erweitert, um verschiedene Zwecke zu erfüllen. Die ursprünglichen Gründe für die Errichtung der Mauer waren jedoch hauptsächlich folgende: ⏎ *   **Schutz vor nomadischen Stämmen**: Die Mauer wurde ursprünglich von den Chinesen im 7. Jahrhundert v. Chr. gebaut, um;True
181;corta;Capital of Honduras?;Tegucigalpa;La capitale de Honduras est Tegucigalpa.;True;La capital de Honduras es Tegucigalpa.;True;Tegucigalpa;True
182;conversacional;Out of curiosity, Gabon's capital?;Libreville;La capitale du Gabon est Libreville.;True;La capital de Gabón es Libreville.;True;Gabons Hauptstadt ist die Stadt: ⏎ **Libreville**;False
183;factual_clasica;What is the largest moon of Jupiter?;Ganymede;La plus grande lune de Jupiter est Ganymède.;True;El satélite más grande de Júpiter es Ganímedes.;True;Die größte Mond von Jupiter ist Ganymed.;True
184;factual_aperturas;Who discovered X-rays?;Rontgen;C'est Wilhelm Conrad Röntgen, un physicien allemand, qui a découvert les rayons X en 1895.;True;Fue Wilhelm Conrad Röntgen, un físico alemán, quien los descubrió en 1895.;True;X-Raying entdeckt wurde von Wilhelm Conrad Röntgen im Jahr 1895. Er entdeckte X-Raying ungewollt, während er mit einem Gerät experimentierte, das er für die Messung von Elektrizitätswellen entwickelt hatte.;True
185;imperativo;Retrieve the author of Dracula.;Bram Stoker;L'auteur de Dracula est Bram Stoker.;True;El autor de Drácula es Bram Stoker.;True;Der Autor von Dracula ist Bram Stoker.;True
186;imperativo_explicativo;Shed light on why popcorn pops.;steam;Bien sûr! (Of course!) ⏎ Le popcorn pousse (pops) en raison d'une réaction thermique rapide et explosive qui se produit lorsque les graines de maïs sont chauffées. Voici les étapes clés : ⏎ 1. **L'humidité** : Les graines de maïs contiennent une petite quantité d'humidité, qui est essentielle pour la réaction. ⏎ 2. **La chaleur** : Lors;False;"¡Claro! (¡Claro!) La popcorn se popa debido a un proceso físico llamado ""explosión térmica"" o ""explosión de vapor"". Aquí te explico cómo funciona: ⏎ Cuando se calienta el kernels de maíz, el agua contenido en ellos se evapora y se convierte en vapor. El vapor se acumula en el interior del kernel y aumenta la presión. ⏎ Cuando la presión del vapor super";True;Ein interessantes Thema! ⏎ Popcorn popt, weil es sich um ein spezielles Arten von Mais handelt, der unter bestimmten Bedingungen eine explosive Reaktion auslöst. Hier sind die Gründe, warum Popcorn popt: ⏎ 1. **Molekularstruktur**: Maiskornchen enthalten eine bestimmte Molekularstruktur, die aus einer Schale aus Kohlenhydraten besteht. Diese Schale ist sehr hart und dicht;False
187;explicativa;Why did Columbus sail west?;Asia;Columbus a navigué vers l'ouest pour trouver un chemin direct vers l'Asie, mais il a finalement découvert les Amériques. À l'époque, les Européens croyaient que la Terre était ronde et que l'Asie se trouvait à l'est de l'Europe. Ils pensaient que les Indes, en particulier, étaient à proximité. Le roi Ferdinand et le roi Isabelle d;True;Cristóbal Colón (Columbus) se dirigió hacia el oeste debido a una combinación de factores históricos, económicos y políticos. ⏎ En el siglo XV, Europa estaba en busca de nuevas rutas comerciales y tierras para colonizar. La ruta tradicional hacia Asia a través del Mediterráneo estaba bloqueada por los turcos otomanos, lo que motivó a los europeos a buscar alternativas. ⏎ Colón se inspir;True;"Kolumbus segelte westlich, weil er nach einem neuen Seeweg zwischen Europa und Asien suchte. Zu dieser Zeit glaubte man, dass Asien nur über den sogenannten ""Seidenweg"" in Osteuropa erreichbar sei. Kolumbus wollte eine kürzere Route finden, um die Handelsrouten zu umgehen und die Gewinne für die spanischen Kolonien zu maximieren. ⏎ Außerdem war Kolum";True
188;corta;Capital of Nicaragua?;Managua;Managua est la capitale de Nicaragua.;True;La capital de Nicaragua es Managua.;True;Managua ist die Hauptstadt von Nicaragua.;True
189;conversacional;Hmm, what's the capital of Mauritania?;Nouakchott;La capitale de la Mauritanie est Nouakchott.;True;La capital de Mauritania es Nueva Jerusalén (Nouakchott en francés).;True;Die Hauptstadt von Mauritania ist Nouakchott.;True
190;factual_clasica;Who wrote War and Peace?;Tolstoy;"L'œuvre ""La Guerre et la Paix"" a été écrite par le célèbre écrivain russe Léon Tolstoï.";True;"""La Guerra y la Paz"" fue escrita por el famoso escritor ruso Leo Tolstói.";True;"""War und Frieden"" (War and Peace) wurde von dem russischen Schriftsteller Leo Tolstoi geschrieben.";True
191;factual_aperturas;Who invented dynamite?;Nobel;C'est Alfred Nobel, un chimiste suédois, qui a inventé la dynamite en 1866. Il a créé cette explosive en mélangeant nitroglycérine avec d'autres substances.;True;El dinamita fue inventada por el químico sueco Alfred Nobel en 1866.;True;"Dynamit wurde von dem schwedischen Chemiker und Physiker Alfred Nobel erfunden. Er entdeckte 1866, dass eine Mischung aus Nitroglycerin und Salpetersäure zu einer explosiven Substanz verarbeitet werden konnte. Später entwickelte Nobel eine spezielle Form von Dynamit, die als ""Nobel-Dynamit"" bekannt wurde.";True
192;imperativo;Supply the capital of Romania.;Bucharest;Bucarest est la capitale de la Roumanie.;True;Bucarest.;True;Die Hauptstadt von Rumänien ist Bukarest.;True
193;imperativo_explicativo;Demystify how airplanes stay airborne.;lift;Bien sûr! (Of course!) Je vais essayer de démythifier comment les avions restent en vol. (I'll try to demystify how airplanes stay airborne.) ⏎ L'airplan est en vol grâce à une combinaison de forces et de principes physiques. Voici les éléments clés : ⏎ 1. **L'effet de l'air** : L'airplan est conçu pour créer une zone de basse pression derrière;False;¡Claro! Vamos a desmistificar cómo los aviones se mantienen en el aire. ⏎ **La clave: la fuerza de levantamiento** ⏎ La fuerza de levantamiento es la fuerza que impulsa a un objeto hacia arriba. En el caso de los aviones, la fuerza de levantamiento se produce gracias a la combinación de dos factores: ⏎ 1.  **La fuerza de la elevación**: La fuerza de la elev;False;Lassen Sie uns die Magie der Flugzeuge aufdecken! ⏎ Ein Flugzeug bleibt auf dem Luftweg, weil es eine Kombination aus vier wichtigen Kräften ausübt: Luftwiderstand, Schwerkraft, Drehmoment und Reibung. ⏎ **Luftwiderstand (Lift)**: Der Luftwiderstand ist die Kraft, die das Flugzeug durch den Luftstrom entlang der Flügel bewegt. Durch die;True
194;explicativa;What sparked the American Revolution?;taxes;C'est une excellente question! ⏎ L'American Revolution a été déclenchée par une combinaison de facteurs, mais principalement par les tensions entre les colons américains et la Grande-Bretagne. Voici quelques-uns des principaux facteurs qui ont contribué à son éclatement : ⏎ * Les taxes impôtes : La Grande-Bretagne a imposé à ses colons des taxes sans leur consentement, telles que la taxe sur;True;La Revolución Americana se desencadenó por una serie de factores que se acumularon con el tiempo. Algunos de los principales motivos fueron: ⏎ *   La imposición de impuestos sin consentimiento: El gobierno británico impuso impuestos sin el consentimiento de los colonos americanos, lo que generó una gran resentimiento y frustración entre ellos. ⏎ *   La falta de representación en el Parlamento: Los colonos americanos no;True;Die amerikanische Revolution wurde von einer Kombination von Faktoren ausgelöst. Einige der wichtigsten Ursachen waren: ⏎ * Die Steuergesetze der britischen Regierung, die die Kolonien ohne ihre Zustimmung belasteten. Dazu gehörten die Proclamation of 1763, die Townshend Acts von 1767 und die Tea Act von 1773. ⏎ * Die zunehmende Unzufriedenheit der;True
195;corta;Capital of Costa Rica?;San Jose;San José est la capitale de Costa Rica.;True;La capital de Costa Rica es San José.;True;Die Hauptstadt von Costa Rica ist San José.;True
196;conversacional;Settle a bet: where was pizza invented?;Naples;"Une question délicieuse! ⏎ La pizza a été inventée à Naples, en Italie. C'est là que le pizzaiolo (le pizzier) Raffaele Esposito a créé la première pizza au XIXe siècle, en l'honneur de la reine Margherite de Savoie, qui venait de visiter Naples en 1889. Cette pizza, appelée ""Pizza Margherita"", est composée de tom";True;¡Claro! La pizza fue inventada en Nápoles, Italia.;True;Eine gute Frage! ⏎ Die Pizza wurde ursprünglich in Neapel, Italien, erfunden. Der genaue Ort und die Person, die die Pizza erfunden hat, sind jedoch nicht genau bekannt. Es wird jedoch allgemein angenommen, dass die Pizza im 18. oder 19. Jahrhundert in Neapel entstand, wo es bereits eine lange Tradition des Backens von Fladenbrot gab. ⏎ Einige Historiker glauben, dass;True
197;factual_clasica;Who was the British Prime Minister during most of World War II?;Churchill;C'était Winston Churchill.;True;El primer ministro británico durante la mayoría de la Segunda Guerra Mundial fue Winston Churchill.;True;Während der meisten Jahre des Zweiten Weltkriegs war Winston Churchill der britische Premierminister.;True
198;factual_aperturas;Who founded the Mongol Empire?;Genghis Khan;Le Mongol Empire a été fondé par Gengis Khan, également connu sous le nom de Temujin, en 1206.;True;El Imperio Mongol fue fundado por Gengis Kan, también conocido como Temujin, en el siglo XIII.;True;Die Mongolische Reiches wurde von Genghis Khan gegründet, der um 1162 in der Mongolei geboren wurde. Er war ein mächtiger Krieger und Führer, der die Mongolen zu einer mächtigen und einflussreichen Nation machte.;True
199;imperativo;State the capital of Belgium.;Brussels;La capitale de la Belgique est Bruxelles.;True;La capital de Bélgica es Bruselas.;True;Die Hauptstadt von Belgien ist Brüssel.;True
200;imperativo_explicativo;Elucidate how submarines dive.;ballast;Je serais ravi de vous aider! ⏎ Les sous-marins plongent en utilisant un système complexe qui implique plusieurs éléments clés. Voici une explication détaillée de ce processus : ⏎ 1. **Le ballast** : Les sous-marins sont équipés de ballast qui peuvent être remplis d'eau ou de air, selon la nécessité. Lorsque le sous-marin doit plonger, le ballast est rempli d'eau;True;¡Claro! Me alegra ayudarte. ⏎ La submersión de los submarinos se logra mediante un proceso complejo que involucra varios componentes y principios físicos. Aquí te explico los pasos generales: ⏎ 1. **Reducción de la presión**: El submarino se encuentra en un entorno de presión atmosférica, que es de aproximadamente 1013 mbar. Para disminuir la presión, el submarino utiliza un;False;Die Tauchfähigkeit von U-Booten ist ein komplexer Prozess, der mehrere Schritte umfasst. Hier ist eine detaillierte Erklärung: ⏎ **Schritt 1: Vorbereitung** ⏎ Bevor ein U-Boot unter Wasser geht, müssen die Besatzung und das Boot selbst auf die Tauchfähigkeit vorbereitet werden. Dazu gehört die Überprüfung der Tauchmaschine, die Anpassung der Luft;False
201;explicativa;What did Lincoln's proclamation end?;slavery;La proclamation de Lincoln a mis fin la servitude.;False;La proclamación de Lincoln puso fin a la esclavitud en los estados confederados.;True;Lincolns Proklamation vom 1. Januar 1863 beendete die Sklaverei in den Bundesstaaten, die sich der Union anschlossen.;True
202;corta;Capital of Fiji?;Suva;Suva est la capitale des Fidji.;True;Su capital es Suva.;True;Suva;True
203;conversacional;Just curious, where do kiwi birds live?;New Zealand;Les kiwis sont des oiseaux endémiques de la Nouvelle-Zélande. Ils habitent principalement dans les forêts tempérées et subtropicales de l'île du Nord et de l'île du Sud, ainsi que dans les régions montagneuses.;True;¡Claro! Los kiwis viven en Nueva Zelanda, específicamente en las regiones de las montañas y bosques de Nueva Zelanda. Son aves nativas de ese país y se encuentran principalmente en las islas del sur de Nueva Zelanda, como la Isla del Sur y la Isla de Stewart.;True;Die Kiwi-Vögel leben ursprünglich in Neuseeland. Sie sind endemisch, d.h. sie sind nur in Neuseeland zu finden und sind nicht in der Wildnis in anderen Ländern vorkommend. Es gibt jedoch einige Zoos und Tierparks, in denen Kiwi-Vögel in Gefangenschaft gehalten werden.;True
204;factual_clasica;What is the capital of Slovenia?;Ljubljana;La capitale de la Slovénie est Ljubljana.;True;La capital de Eslovenia es Ljubljana.;True;Die Hauptstadt von Slowenien ist Ljubljana.;True
205;factual_aperturas;Who designed the Sagrada Familia?;Gaudi;L' architecte qui a conçu la Sagrada Familia est Antoni Gaudí.;True;El Sagrado Corazón de Jesús fue diseñado por el arquitecto catalán Antoni Gaudí.;True;Die Sagrada Familia wurde von dem katalanischen Architekten Antoni Gaudí entworfen.;True
206;imperativo;Specify the currency of the United Kingdom.;pound sterling;Le monnaie du Royaume-Uni est la livre sterling (GBP).;True;El moneda oficial del Reino Unido es la moneda británica estandarizada, también conocida como libra esterlina (GBP).;True;Die Währung des Vereinigten Königreichs ist der Pfund Sterling (GBP).;True
207;imperativo_explicativo;Spell out why rubber balls bounce.;elastic;Bien sûr! (Of course!) ⏎ Le ballon en caoutchouc rebondit parce que les forces de résistance et de tension dans le matériau sont plus fortes que la force de l'impact. Voici les raisons clés : ⏎ 1. **La densité du caoutchouc** est inférieure à celle de l'air, ce qui signifie que le ballon est plus léger que l'air qui l'entoure;False;¡Claro! Aquí te explico por qué los pelotas de goma se bordan: ⏎ R-U-B-B-E-R ⏎ Los pelotas de goma se bordan debido a la combinación de varios factores físicos. Primero, la goma es un material elástico que puede deformarse y recuperar su forma original. Cuando se aplica una fuerza a la pelota, la goma se comprime y se deforma. ⏎ Luego, cuando la;True;Ein interessantes Thema! ⏎ Der Grund, warum Gummi-Kugeln (Rubber balls) biegen, liegt in der Physik. Hier sind die Gründe: ⏎ 1. **Elastizität**: Gummi ist ein elastisches Material, das sich bei Belastung deformieren lässt, aber sich nach Entfernen der Belastung wieder an seine ursprüngliche Form zurücksetzt. Dieser Prozess wird als Elastizität bezeichnet. ⏎ 2;True
208;explicativa;What did Martin Luther King fight for?;civil rights;Martin Luther King a lutté pour les droits civiques et l'égalité des Noirs aux États-Unis. Il a défendu la fin de la ségrégation raciale et la protection des droits de l'homme, notamment le droit à la vie, à la liberté et à la sécurité personnelle. Il a également lutté pour les droits des femmes et des minorités, et a soutenu la paix et la réconciliation dans les commun;True;Martin Luther King luchó por la igualdad y la justicia social para los afroamericanos en Estados Unidos. Fue un líder clave en el movimiento por los derechos civiles, luchando por: ⏎ * La eliminación de la segregación racial ⏎ * El derecho al voto y la participación política para los afroamericanos ⏎ * La igualdad de oportunidades en el trabajo y la educación ⏎ * La eliminación de la discriminación y el racismo en;True;Martin Luther King Jr. kämpfte für die Rechte und Gleichberechtigung von Afroamerikanern in den Vereinigten Staaten. Er war ein führender Anführer der Zivilrechtsbewegung und forderte Gleichberechtigung in Bereichen wie: ⏎ * Bürgerrechte und Wahlrecht ⏎ * Rassendiskriminierung und Integration ⏎ * Arbeitsrecht und faire Bezahlung ⏎ * Bildung und Bildungsgleichheit;True
209;corta;Capital of Tajikistan?;Dushanbe;Douchibané est la capitale de Tajikistan.;False;Dushanbe.;True;Die Hauptstadt von Tajikistan ist Duschambé.;False
210;conversacional;Random thought: what do giant pandas eat?;bamboo;Les pandas géants sont des herbivores et leur alimentation principale consiste en des plantes. Ils se nourrissent principalement de bambou, qui représente environ 99% de leur alimentation. Ils peuvent manger jusqu'à 20-30 kilogrammes de bambou par jour!;True;Un pensamiento aleatorio... (a random thought...) ⏎ Los pandas gigantes se alimentan principalmente de bambú. En realidad, el bambú constituye hasta el 99% de su dieta. También comen algunas hierbas y plantas secas, pero el bambú es su principal fuente de alimento.;True;Ein interessanter Gedanke! ⏎ Giant-Panda-Füchse (Ailuropoda melanoleuca) sind bekannt für ihre spezielle Ernährung. Sie sind Pflanzenfresser und ernähren sich hauptsächlich von: ⏎ * Bambus (Bambusa spp.): Bambus ist die Hauptnahrungsquelle der Giant-Panda-Füchse. Sie essen etwa 20-30 kg Bambus pro Tag;True
211;factual_clasica;Who painted the ceiling of the Sistine Chapel?;Michelangelo;C'est Michel-Ange Bouchard, mais non! C'est Michel-Ange Buonarroti, un artiste italien du XVIe siècle, qui a peint le plafond de la Chapelle Sistine.;True;El techo de la Capilla Sixtina fue pintado por el famoso artista italiano Miguel Ángel Buonarroti.;True;Die Decke der Sistine-Kapelle wurde von Michelangelo Buonarroti gemalt.;True
212;factual_aperturas;Who sculpted The Thinker?;Rodin;Le Thinker a été sculpté par Auguste Rodin.;True;"El escultor que creó ""El Pensador"" (también conocido como ""El Pensador de Rodin"") fue el francés Auguste Rodin.";True;"Der Denker, auch bekannt als ""Der Denkende"", wurde von dem französischen Bildhauer Auguste Rodin geschaffen.";True
213;imperativo;Mention who composed William Tell.;Rossini;"Le célèbre opéra ""William Tell"" a été composé par Gioachino Rossini.";True;"El personaje de William Tell se originó en una canción popular suiza, ""William Tell"", que fue compuesta por Johann Josef Fux en 1750. Sin embargo, la canción más conocida y popular que se asocia con William Tell es la que fue compuesta por Joseph Haydn en 1797, bajo el título ""Der Wilhelm Tell"" (William Tell). Esta ópera es considerada una de las obras más famosas de Haydn y sigue";False;"Der berühmte Oheim von William Tell ist Joachim Wagner. Er komponierte die Oper ""Der Ring des Nibelungen"" und schrieb auch die Musik für die Oper ""William Tell"".";False
214;imperativo_explicativo;Cover how solar panels make electricity.;photovoltaic;Les panneaux solaires produisent de l'électricité en convertissant la lumière du soleil en énergie électrique. Voici comment ça marche : ⏎ 1. **La lumière du soleil** frappe les panneaux solaires, qui sont composés de cellules photovoltaïques. ⏎ 2. **Les cellules photovoltaïques** sont des matériaux spécialisés qui convertissent la lumière en énergie électrique. Elles;True;"¡Claro! Aquí te explico cómo funcionan las paneles solares para generar electricidad: ⏎ **El proceso de conversión de energía solar en electricidad** ⏎ Las paneles solares convierten la energía solar en electricidad a través de un proceso llamado ""efecto fotovoltaico"". Esto ocurre cuando la luz del sol incide sobre los paneles solares, que están compuestos por materiales semiconductores como el silicio. ⏎ **Cómo";True;**Wie Solarpanele Strom erzeugen** ⏎ Solarpanele sind eine effiziente und umweltfreundliche Art, Strom zu erzeugen. Hier ist, wie es funktioniert: ⏎ **Der Prozess** ⏎ 1. **Sonnenlicht auf die Solarzellen trifft**: Die Solarzellen auf den Solarpanelen sind speziell entwickelt, um Sonnenlicht zu absorbieren. Sie bestehen aus einer Schicht von Silizium, die mit einer;False
215;explicativa;How did Napoleon spend his final years?;Saint Helena;Napoleon Bonaparte a passé ses dernières années en exil sur l'île d'Elbe, où il a été déposé en 1814 après sa défaite en Russie. Il a été autorisé à quitter l'île en 1815, mais il a été forcé de se rendre à Paris, où il a été placé sous surveillance. ⏎ En 1815, après son retour au pouvoir, il a été vaincu à;True;Durante sus últimos años, Napoleón Bonaparte pasó la mayor parte de su tiempo en el exilio en la isla de Santa Elena, en el Atlántico Sur. Fue exiliado en 1814 después de su derrota en la Batalla de Waterloo y perdió el trono francés. ⏎ En Santa Elena, Napoleón vivió en una casa llamada Longwood, que era su residencia principal. Allí pasó sus días;True;Napoleons letzte Jahre waren geprägt von Misserfolgen und dem Verlust seiner Macht. Nach seiner Niederlage bei der Schlacht von Waterloo im Juni 1815 wurde er auf dem Kontinent ausgestoßen und musste in die britische Insel Saint Helena ins Exil fliehen. ⏎ Auf Saint Helena, einer britischen Insel im Südatlantik, verbrachte Napoleon die letzten 10 Jahre seines Lebens. Er leb;True
216;corta;Capital of Cameroon?;Yaounde;Yaoundé est la capitale du Cameroun.;True;Yaundé;False;Yaoundé;True
217;conversacional;I forgot, who authored The Great Gatsby?;Fitzgerald;"C'est facile! L'auteur de ""Le Grand Gatsby"" est F. Scott Fitzgerald.";True;"¡No te preocupes! El autor de ""El Gran Gatsby"" es F. Scott Fitzgerald.";True;"Das ist kein Problem! Der Roman ""Der große Gatsby"" wurde von dem amerikanischen Schriftsteller F. Scott Fitzgerald geschrieben.";True
218;factual_clasica;What molecule carries genetic information in most organisms?;DNA;La molécule qui porte l'information génétique dans la plupart des organismes est l'ADN (acide désoxyribonucléique).;True;La molécula que transporta la información genética en la mayoría de los organismos es el ADN (ácido desoxirribonucleico).;True;Die Molekül, das die genetische Information in den meisten Organismen trägt, ist das DNA-Molekül (Deoxyribonucleinsäure).;True
219;factual_aperturas;Who directed Psycho?;Hitchcock;Alfred Hitchcock a réalisé Psycho.;True;Alguien dirigió Psycho fue Alfred Hitchcock.;True;"""Psycho"" wurde von Alfred Hitchcock inszeniert.";True
220;imperativo;Indicate who discovered DNA's double helix.;Watson;C'est James Watson et Francis Crick qui ont découvert la structure en double helix du DNA en 1953.;True;El ADN (ácido desoxirribonucleico) tiene una estructura doble hélice, descubierta por James Watson y Francis Crick en 1953.;True;Die Entdeckung der Doppelhelix-Struktur des DNA wurde von James Watson und Francis Crick im Jahr 1953 gemeinsam durchgeführt. Sie basierte auf den Forschungen von Rosalind Franklin und Maurice Wilkins, die die X-Struktur des DNA-Moleküls untersucht hatten.;True
221;imperativo_explicativo;Decode how bats navigate in darkness.;echolocation;Les chauves-souris naviguent dans le noir en utilisant plusieurs mécanismes pour détecter leur environnement et trouver leur chemin. Voici quelques-unes des méthodes les plus courantes : ⏎ 1. **L'écholocation** : les chauves-souris émettent des ultrasons qui sont ensuite réfléchis par les objets environnants. Le son réfléchi est ensuite capturé par les oreilles du bat,;True;"¡Claro! La navegación de los murciélagos en la oscuridad es un tema fascinante. A continuación, te presento algunas de las formas en que estos animales logran navegar con éxito en la oscuridad: ⏎ 1. **Echolocation**: Los murciélagos utilizan un mecanismo llamado ""echolocation"" (también conocido como ""ecolocalización"") para detectar objetos y obstáculos";True;Die Navigation von Fledermäusen in der Dunkelheit ist ein faszinierendes Phänomen. Es gibt mehrere Theorien, wie Fledermäuse in der Dunkelheit navigieren können. Hier sind einige mögliche Erklärungen: ⏎ 1. **Echolokation**: Fledermäuse verwenden ein natürliches Radar-System, das sie als Echolokation bezeichnen. Sie senden ultrakur;False
222;explicativa;What caused the 2008 financial crisis?;subprime;La crise financière de 2008 a été causée par une combinaison de facteurs. Voici quelques-uns des principaux facteurs qui ont contribué à cette crise : ⏎ 1. **L'expansion excessive du crédit** : Les banques ont prêté trop d'argent à des consommateurs et à des entreprises, qui n'avaient pas les moyens de le rembourser. Cela a conduit à une bulle imm;False;La crisis financiera de 2008 se debió a una combinación de factores, incluyendo: ⏎ 1. **Hipotecas subprime**: La creación de hipotecas a tasas de interés bajas y con términos de pago flexibles, que luego se convirtieron en inaceptables para los compradores. ⏎ 2. **Hipotecas secundarias**: La creación de hipotecas secundarias, que permitían a los compr;True;Die 2008er Finanzkrise war das Ergebnis einer Kombination aus verschiedenen Faktoren. Einige der wichtigsten Ursachen sind: ⏎ 1. **Hypothekenkrise**: In den Jahren vor 2008 gab es eine massive Hypothekenkrise in den USA. Viele Menschen kauften Häuser, die sie nicht leisten konnten, und die Banken gaben ihnen Hypotheken, die sie nicht zurückzahlen konnten. Dies;True
223;corta;Capital of Bahrain?;Manama;Manama est la capitale du Bahrain.;True;Manama.;True;Manama;True
224;conversacional;Hmm, what do koalas eat?;eucalyptus;Les koalas se nourrissent principalement de feuilles de eucalyptus. En effet, les feuilles de ces arbres sont très riches en nutriments et sont la principale source de nourriture pour les koalas.;True;Los koalas se alimentan principalmente de eucaliptos. Estos árboles producen un tipo de hoja que es rica en fibra y es la principal fuente de alimento para estos marsupiales.;True;Koalas sind Pflanzenfresser und ernähren sich hauptsächlich von Eukalyptusblättern. Sie haben eine spezielle Mikrobiota im Darm, die es ihnen ermöglicht, die giftigen Inhaltsstoffe in den Blättern zu verarbeiten. In der Wildnis essen sie hauptsächlich von Eukalyptusblättern der Arten Eucalyptus globulus und;True
225;factual_clasica;What is the capital of France?;Paris;La capitale de la France est Paris.;True;La capital de Francia es París.;True;Die Hauptstadt Frankreichs ist Paris.;True
226;factual_aperturas;Who discovered the electron?;Thomson;C'est J.J. Thomson qui a découvert l'électron en 1897. Il a effectué des expériences de diffusion de rayons cathodiques et a constaté que les rayons cathodiques étaient composés de particules chargées négativement.;True;El electrón fue descubierto por J.J. Thomson en 1897.;True;Der Elektron wurde von dem britischen Physiker J.J. Thomson entdeckt. Er entdeckte 1897, dass Atome positive und negative Ladungen besitzen, indem er einen Gas mit einem elektrischen Feld durchströmte und die Strahlen, die dabei entstehen, auf einem Bildschirm fingen. Diese Strahlen waren viel leichter als die positiven Ionen, was darauf hindeutete, dass sie Elektronen waren.;True
227;imperativo;Recall the first man in space.;Gagarin;Le premier homme dans l'espace était Yuri Gagarine, un cosmonaute soviétique. Il a effectué le premier vol spatial le 12 avril 1961 à bord de la capsule Vostok 1. Il a parcouru une distance de 108 000 kilomètres et a passé 108 minutes dans l'espace.;True;El primer hombre en el espacio fue Yuri Gagarin, un cosmonauta soviético. El 12 de abril de 1961, a bordo de la nave espacial Vostok 1, realizó un vuelo orbital de 108 minutos, convirtiéndose en el primer ser humano en caminar en el espacio.;True;Der erste Mensch im Weltraum war Juri Gagarin. Er wurde am 12. April 1961 im Rahmen des sowjetischen Weltraumprogramms Vostok 1 in eine Umlaufbahn um die Erde gebracht. Gagarin flog 108 Minuten in der Luft und wurde somit der erste Mensch, der den Weltraum erreichte.;True
228;imperativo_explicativo;Unravel how salt preserves meat.;osmosis;L'osmotique et la déshydratation sont les principaux mécanismes qui permettent à la sel de préserver les viandes. ⏎ Lorsque la sel est ajoutée à la viande, elle crée une solution saline qui contient de l'eau et du sel. La sel attire l'eau de la viande à travers un phénomène appelé osmotique, où les molécules d'eau sont attirées vers la solution saline en;True;¡Claro! Vamos a desentrañar cómo el sal se utiliza para conservar el carne. ⏎ El sal es un agente conservante natural que ayuda a prevenir el crecimiento de bacterias y otros microorganismos que pueden causar la putrefacción y la descomposición de la carne. Aquí hay algunas razones por las que el sal es efectivo en la conservación de la carne: ⏎ 1. **Disminuye el contenido de agua**:;False;Lassen Sie uns gemeinsam die Wunder von Salz bei der Konservierung von Fleisch aufdecken. ⏎ Salz ist ein effektiver Konservierungsmittel, das seit Jahrtausenden verwendet wird, um Fleisch vor Verrottung und Infektionen zu schützen. Hier ist, warum Salz so wirksam ist: ⏎ 1. **Osmose**: Salz löst sich in Wasser und bildet eine konzentrierte Lösung.;True
229;explicativa;What did the Rosetta Stone help decode?;hieroglyphs;La Pierre de Rosette a aidé à déchiffrer l'écriture hiéroglyphique égyptienne.;True;La piedra de Rosetta ayudó a descifrar el egipcio antiguo.;False;Die Rosetta-Stein half dabei, die Hieroglyphen zu entschlüsseln. Die Stele war auf drei Sprachen geschrieben: Ägyptisch (Hieroglyphen), Griechisch und Lateinisch. Durch die Vergleichung der Texte auf den drei Sprachen konnte man die Bedeutung der Hieroglyphen ermitteln. Insbesondere der griechische Text war bekannt, daher konnten die Forscher die Hieroglyphen schließlich;True
230;corta;Capital of Mali?;Bamako;Bamako est la capitale du Mali.;True;La capital de Mali es Bamaco.;False;Die Hauptstadt von Mali ist Bamako.;True
231;conversacional;Honestly, where did flamenco originate?;Spain;Le flamenco est une danse et une musique traditionnelle originaires d'Espagne, plus précisément de la région du sud, notamment de l'Andalousie. Elle a évolué au fil des siècles, influencée par les cultures africaines, arabes et espagnoles. Les origines exactes du flamenco sont encore débattues, mais on pense qu'elle a émergé dans les campagnes et les villes;True;La flamenco es un estilo de música y baile muy emotivo y apasionado, y su origen es un tema de gran interés. ⏎ La flamenco se originó en el sur de España, específicamente en la región de Andalucía, en el siglo XVI. En ese momento, la música y el baile andaluces se influenciaron por la música y la cultura árabe, así como por la música y la cultura gitana (gitan;True;Flamenco ist ein traditionelles spanisches Tanzstück, das ursprünglich aus Andalusien stammt, insbesondere aus den Provinzen Cádiz, Málaga und Granada. ⏎ Die genaue Herkunft von Flamenco ist jedoch nicht genau dokumentiert, aber es wird angenommen, dass es im 18. oder 19. Jahrhundert in den Gassen und Straßen von Andalusien entstand. Es ist;True
232;factual_clasica;In what year did the American Civil War begin?;1861;L'American Civil War a commencé en 1861.;True;La Guerra Civil Americana comenzó en el año 1861.;True;Der Amerikanische Bürgerkrieg begann im Jahr 1861.;True
233;factual_aperturas;Who patented the phonograph?;Edison;C'est Thomas Edison qui a patenté le phonograph en 1877.;True;El fonógrafo fue patentado por Thomas Edison.;True;Der Phonograph wurde von Thomas Alva Edison patentiert.;True
234;imperativo;Determine the deepest lake in Africa.;Tanganyika;Le lac le plus profond d'Afrique est le lac Malawi, également connu sous le nom de lac Nyasa. Il a une profondeur maximale de 1 990 mètres.;False;El lago más profundo de África es el Lago Malawi, ubicado en el norte de Malawi, con una profundidad máxima de aproximadamente 2.329 metros.;False;Der tiefste See in Afrika ist der Tanganjikasee. Er liegt in der Demokratischen Republik Kongo und hat eine maximale Tiefe von etwa 1.470 Metern.;True
235;imperativo_explicativo;Fill me in on how thermometers work.;expansion;Bien sûr! Les thermomètres sont des appareils qui mesurent la température d'un environnement ou d'un objet. Voici comment ils fonctionnent : ⏎ Un thermomètre est composé d'un élément thermoparaissant, qui est un matériau qui change de forme ou de résistance en fonction de la température. Il existe différents types d'éléments thermoparaissant, tels que les métaux, les alliages ou les;False;¡Claro! Los termómetros son dispositivos que miden la temperatura de un objeto o ambiente. Funcionan mediante la expansión o contracción de un líquido o gas en respuesta a cambios de temperatura. ⏎ Hay varios tipos de termómetros, pero los más comunes son: ⏎ 1. **Termómetros de mercurio**: Utilizan un líquido metálico llamado mercurio que se expande o contrae cuando la temperatura cambia.;True;Ein Thermometer ist ein einfaches, aber wichtiges Gerät, das uns hilft, die Temperatur um uns herum zu messen. Hier ist, wie es funktioniert: ⏎ Ein Thermometer besteht typischerweise aus einem Glas oder einer Plastikhülle, in der ein Flüssigkeitsspiegel oder ein Gas in einem kleinen Volumen enthalten ist. Der Spiegel oder das Gas ist so kalte, dass es bei niedrigen Temperaturen eine;False
236;explicativa;Why was Galileo put on trial?;heliocentrism;Galilée a été mis en jugement pour plusieurs raisons. D'abord, il avait remis en question les dogmes de l'Église catholique, notamment l'idée de la fixité de la Terre et de la Lune. Il avait également soutenu que la Terre tourne autour du Soleil, ce qui était considéré comme une hérésie par l'Église. ⏎ En outre, Galilée avait utilisé;False;Galileo Galilei fue puesto en juicio debido a sus ideas y descubrimientos que desafían la autoridad de la Iglesia Católica. En particular, su trabajo sobre el movimiento de los cuerpos celestes y su teoría de la inercia, que se oponía a la geocentría, que era la visión dominante en la época. ⏎ En 1616, Galileo fue llamado a Roma y le fue prohibido;False;Galileo Galilei wurde wegen seiner religiösen und wissenschaftlichen Ansichten verhört. Die Hauptgründe für das Verfahren waren: ⏎ 1. **Katholische Kirche**: Galilei hatte die Himmelsbewegungen mit seinen Teleskopen beobachtet und die Erde als Kreis bewegt, nicht als stehende Säule, wie die Kirche es behauptete. Dies widersprach der geoffen;False
237;corta;Capital of the UAE?;Abu Dhabi;Abou Dabi est la capitale des Émirats arabes unis.;False;Dubái.;False;Abu Dhabi ist die Hauptstadt der Vereinigten Arabischen Emirate (VAE).;True
238;conversacional;Wait, where is Mount Rushmore?;South Dakota;Mount Rushmore est situé aux États-Unis, dans l'État du Dakota du Sud. Il s'agit d'une sculpture monumentale qui représente les visages de quatre présidents américains : George Washington, Thomas Jefferson, Theodore Roosevelt et Abraham Lincoln. La sculpture a été créée par le sculpteur américain Gutzon Borglum entre 1927 et 1941.;True;Mount Rushmore se encuentra en Estados Unidos, específicamente en el estado de Dakota del Sur. Está ubicado en el Parque Nacional de Mount Rushmore, cerca de la ciudad de Keystone.;True;Mount Rushmore ist ein berühmtes Denkmal in den Vereinigten Staaten von Amerika. Es befindet sich in der Black Hills, South Dakota, in der Nähe der Stadt Keystone. Das Denkmal zeigt die Gesichter von vier US-Präsidenten: George Washington, Thomas Jefferson, Theodore Roosevelt und Abraham Lincoln.;True
239;factual_clasica;What is the capital of Venezuela?;Caracas;Le capital de Venezuela est Caracas.;True;La capital de Venezuela es Caracas.;True;Die Hauptstadt von Venezuela ist Caracas.;True
240;factual_aperturas;Who sang Thriller?;Michael Jackson;"C'est Michael Jackson qui a chanté et réalisé le clip ""Thriller"".";True;"Fue Michael Jackson quien cantó ""Thriller"".";True;"""Thriller"" wurde von Michael Jackson gesungen.";True
241;imperativo;Disclose the capital of Belize.;Belmopan;Le capital de Belize est Belmopan.;True;La capital de Belice es Belmopán.;True;Die Hauptstadt von Belize ist Belmopan.;True
242;imperativo_explicativo;Interpret what causes hiccups.;diaphragm;Les hiccups sont un phénomène courant qui peut être déroutant et frustrant. Mais qu'est-ce qui les cause? ⏎ Selon les scientifiques, les hiccups sont causés par une contraction involontaire du diaphragme, qui est un muscle essentiel pour la respiration. Le diaphragme est responsable de la plupart des inspirations et des expirations. Lorsqu'il contracte, il se déplace vers le;True;¡Claro! Los picos, también conocidos como tosics, son un fenómeno común que afecta a la mayoría de las personas en algún momento de sus vidas. ⏎ Según la medicina, los picos se deben a un desequilibrio en el sistema nervioso y el sistema respiratorio. Hay varias teorías sobre la causa de los picos, pero la más aceptada es que se debe a la contracción involuntaria del diáfr;False;Die Hupen! Sie sind ein unerwarteter und oft unangenehmer Zustand, der uns alle einmal im Leben trifft. ⏎ Die Ursachen für Hupen sind vielfältig und können auf verschiedene Faktoren zurückgeführt werden. Hier sind einige der häufigsten Gründe: ⏎ 1. **Reizung des Nervensystems**: Wenn der Nervus pharyngeus, der die Speiseröhre und den Hals kontrolliert;False
243;explicativa;What did Pasteur invent for milk?;pasteurization;Pasteur a inventé la pasteurisation, un processus de traitement thermique qui consiste à chauffer le lait à une température élevée pendant une période de temps pour tuer les bactéries et les virus qui peuvent le contaminer.;True;"Pasteur inventó el ""pasta de pasteurización"" o ""pasta de termorregulación"" para eliminar las bacterias nocivas del leche.";True;Louis Pasteur erfand die Pasteurisierung, eine Methode, um Milch und andere Lebensmittel vor Bakterien und anderen Mikroorganismen zu schützen. Diese Technik beinhaltet die Heizung der Milch auf eine bestimmte Temperatur, um die Bakterien zu töten, und dann die Abkühlung auf eine Temperatur, die für die Bakterien tödlich ist.;True
244;corta;Symbol for nickel?;Ni;Le symbole du nickel est Ni.;True;El símbolo del níquel es Ni.;True;Das Symbol für Nickel ist Ni.;True
245;conversacional;Sorry, where is Loch Ness?;Scotland;"Pas de problème! Loch Ness est situé en Écosse, dans le nord-ouest du pays. Il s'agit d'un lac artificiel, mais souvent considéré comme un lac naturel, situé dans le comté de Perth et Kinross. Il est connu pour être le lieu de la légende du monstre du Loch Ness, également appelé ""Nessie"".";True;Lo siento, Loch Ness se encuentra en Escocia, Reino Unido. Es un lago famoso por ser el hogar del dragón de Loch Ness, una criatura mitológica que ha sido objeto de muchas leyendas y especulaciones durante siglos.;True;Kein Problem! Loch Ness ist ein berühmtes See in Schottland. Es befindet sich in der Highlands, etwa 60 Kilometer westlich von Inverness. Es ist bekannt für die legendäre Nessie, eine mögliche Überbleibsel eines Dinosauriers, die oft in diesem See gesehen wird.;True
246;factual_clasica;In which country is Machu Picchu located?;Peru;Machu Picchu est situé au Pérou.;True;Machu Picchu se encuentra en Perú.;True;Machu Picchu befindet sich in Peru.;True
247;factual_aperturas;Who discovered Jupiter's largest moons?;Galileo;C'est Galilée qui a découvert les plus grands lunes de Jupiter, notamment Io, Europa, Ganymède et Callisto, en 1610.;True;Fue Galileo Galilei quien descubrió las cuatro lunas más grandes de Júpiter, que son Io, Europa, Ganímedes y Calisto.;True;Die größten Monden des Jupiter wurden von Galileo Galilei entdeckt.;True
248;imperativo;Pin down the largest moon of Neptune.;Triton;Le plus grand satellite de Neptune est Triton.;True;La luna más grande de Neptuno es Tritón.;True;Der größte Mond von Neptun ist Triton.;True
249;imperativo_explicativo;Expand on how pearls form.;nacre;Les perles forment par un processus naturel qui implique plusieurs étapes. Voici une explication détaillée de la formation des perles : ⏎ Les perles se forment à partir de l'irritation d'un mollusque marin, généralement une coquille de mer ou une moule. Lorsqu'un mollusque est touché par une particule étrangère, comme une plante marine ou une particule de sable;False;¡Claro! Las perlas se forman a través de un proceso lento y complejo que involucra a un molusco marino llamado ostra. ⏎ La ostra, específicamente la especie Pinctada maxima, es el principal productor de perlas. Estas ostras viven en aguas profundas y cálidas, donde se alimentan de alimento suspendido en el agua. ⏎ Cuando una ostra se siente amenaz;False;Die Bildung von Perlen ist ein faszinierendes Phänomen. Hier ist eine detaillierte Erklärung: ⏎ Perlen bilden sich durch eine natürliche Reaktion von Nierenkalkstein (Calcit) in der Schale von Muscheln und anderen Meeresmuscheln. Dieser Prozess beginnt, wenn eine Muschel eine Nahrungsmenge, wie zum Beispiel Algen oder Bakterien, in ihre Schale;False
250;explicativa;What field did Mendel's pea experiments found?;genetics;Les expériences de Mendel sur les pois ont fondé la génétique.;True;Los experimentos de las semillas de lente de Mendel fundaron el campo de la Genética.;True;Mendels Experimente mit dem Weizenkorn (Pfirsichkern) fanden im Bereich der Genetik und der Vererbungsforschung (Genetik) statt.;True
251;corta;Symbol for lithium?;Li;Le symbole du lithium est Li.;True;El símbolo del litio es Li.;True;Das Symbol für Lithium ist Li.;True
252;conversacional;Quick question: when was the first World Cup?;1930;Le premier Mondial de football a eu lieu en 1930.;True;El primer Mundial de Fútbol se llevó a cabo en 1930 en Uruguay.;True;Eine schnelle Frage! ⏎ Der erste Weltcup für Fußball fand 1930 in Uruguay statt. Die Spiele fanden vom 13. Juli bis 30. Juli 1930 statt.;True
253;factual_clasica;Who wrote Crime and Punishment?;Dostoevsky;Fiodor Dostoïevski a écrit Crime et Pénitence.;True;Fue escrito por Fiódor Dostoievski.;True;"""Schuld und Sühne"" wurde von Fjodor Dostojewski geschrieben.";True
254;factual_aperturas;Who proposed the uncertainty principle?;Heisenberg;C'est Émile Borel et Niels Bohr qui ont proposé l'inégalité d'incertitude.;False;Fue Werner Heisenberg quien propuso la incertidumbre cuántica.;True;Der Unsicherheitsprinzip wurde von Werner Heisenberg im Jahr 1927 vorgeschlagen.;True
255;imperativo;Pinpoint the capital of Ethiopia.;Addis Ababa;La capitale de l'Éthiopie est Addis Abeba.;True;La capital de Etiopía es Addis Abeba.;True;Die Hauptstadt Äthiopiens ist Addis Abeba.;True
256;imperativo_explicativo;Examine what causes a lunar eclipse.;shadow;Une eclipse lunaire! C'est un phénomène fascinant qui se produit lorsque la Terre passe entre le Soleil et la Lune. ⏎ Voici les causes d'une eclipse lunaire : ⏎ 1. **Position de la Terre** : Pour qu'une eclipse lunaire se produise, la Terre doit être dans la même ligne de sight que le Soleil et la Lune. Cela signifie que la Terre doit être entre le Soleil et la L;False;¡Claro! Un eclipse lunar se produce cuando la Luna pasa por la sombra de la Tierra. Esto ocurre cuando la Luna está en una posición específica en su órbita alrededor del Sol, y la Tierra se interponga entre la Luna y el Sol. ⏎ Hay tres tipos de eclipses lunares: ⏎ 1. **Eclipse lunar total**: La Luna pasa completamente por la sombra de la Tierra, lo que hace que la Luna aparezca;True;"Eine interessante Frage! ⏎ Eine Sonnenfinsternis (auch bekannt als Mondfinsternis) ist ein Phänomen, bei dem der Mond durch die Schatten der Erde auf der Oberfläche des Mondes wirkt. Es gibt jedoch auch eine andere Art von Mondfinsternis, die als sogenannte ""Lunar Eclipse"" bezeichnet wird. ⏎ Eine Lunar Eclipse tritt auf, wenn der Mond durch die Schatten der Erde auf der Ober";True
257;explicativa;What did Florence Nightingale reform?;nursing;Florence Nightingale a réformé le système de soins aux malades dans les hôpitaux militaires. Elle a mis en place des méthodes de soins plus efficaces et a amélioré la hygiène et la santé des patients.;False;Florenza Nightingale reformó el cuidado de los enfermos en hospitales, especialmente durante la Guerra de Crimea. Reformó la forma en que se administraba la atención médica, introdujo la estadística y la higiene en la atención médica, y mejoró las condiciones de vida y trabajo de los enfermeros.;True;Florenz Nightingale reformierte die Pflege in Krankenhäusern. Sie verbesserte die Hygiene und die Organisation der Pflege, führte die Verwendung von Statistiken und Graphiken zur Überwachung von Kranken und Todesfällen ein und setzte sich für bessere Arbeitsbedingungen und höhere Qualitätsstandards ein.;True
258;corta;Symbol for argon?;Ar;L'argon est représenté par le symbole Ar.;True;El símbolo para el argón es Ar.;True;Das Symbol für Argon ist Ar.;True
259;conversacional;Hey, how far is the Sun from Earth?;150 million;Le Soleil est à environ 149,6 millions de kilomètres de la Terre.;True;El Sol está a una distancia promedio de aproximadamente 149,6 millones de kilómetros (92,96 millones de millas) de la Tierra.;True;Hallo! ⏎ Die Sonne ist etwa 149,6 Millionen Kilometer von der Erde entfernt. Das ist eine sehr große Entfernung, aber sie ist auch die Größe, die die Sonne in der Sonnensysteme beibehält.;True
260;factual_clasica;How many degrees are in a right angle?;90;Un angle droit mesure 90 degrés.;True;Un ángulo recto tiene 90 grados.;True;Ein Rechtswinkel hat 90 Grad.;True
261;factual_aperturas;Who led the Soviet Union during World War II?;Stalin;C'était Joseph Staline qui a dirigé l'Union soviétique pendant la Seconde Guerre mondiale.;True;El líder de la Unión Soviética durante la Segunda Guerra Mundial fue Iósif Stalin.;True;Während des Zweiten Weltkriegs führte Joseph Stalin die Sowjetunion.;True
262;imperativo;Locate the country of Timbuktu.;Mali;Timbuktu se trouve au Mali, en Afrique de l'Ouest.;True;Timbuktu se encuentra en el norte de África, específicamente en el país de Malí. Está ubicado en el desierto del Sahara, cerca de la frontera con Mauritania.;True;Timbuktu befindet sich in Mali, Westafrika. Es liegt in der Nähe der Grenze zu Niger und Burkina Faso.;True
263;imperativo_explicativo;Analyze what colors fireworks.;metal;Les feux d'artifice! Les couleurs des feux d'artifice sont souvent associées à des émotions et des atmosphères spécifiques. Voici une analyse des couleurs courantes des feux d'artifice : ⏎ *   **Le rouge** : le rouge est souvent associé à la passion, à l'amour et à la puissance. Il est souvent utilisé pour représenter les explosions et les feux de joie. ⏎ *;False;¡Claro! (¡Claro!) Analicemos los colores de los fuegos artificiales. ⏎ Los colores de los fuegos artificiales se deben a la temperatura y la longitud de onda de la luz que emiten. A continuación, te explico cómo se producen cada color: ⏎ *   **Rojo**: El color rojo se produce a temperaturas de alrededor de 1.800°C. Esto se debe a que la luz roja;False;Ein interessantes Thema! ⏎ Feuerwerkfarben sind eine Kombination aus chemischen Reaktionen und optischen Effekten, die zu den atemberaubenden Farben und Lichteffekten führen, die wir bei Feuerwerken beobachten können. Hier ist eine Analyse der Farben, die Feuerwerk zeigt: ⏎ 1. **Rot**: Die Farbe Rot wird durch die Reaktion von Stickstofftetraxid (N2O4) mit einer anderen;False
264;explicativa;What was Sputnik?;satellite;Sputnik était un satellite artificiel lancé par l'Union soviétique le 4 octobre 1957. Il était conçu pour étudier les phénomènes atmosphériques et les radiations solaires, mais il a également marqué le début de la guerre des satellites et a suscité une grande attention internationale. Sputnik était un cylindre en métal d'environ 58 cm de diamètre et 23 cm de;True;Sputnik fue un satélite artificial soviético lanzado el 4 de octubre de 1957. Fue el primer satélite artificial en orbitar la Tierra y marcó el comienzo de la era espacial. Sputnik era un cilindro de aluminio de aproximadamente 58 cm de diámetro y 23 cm de altura, pesaba unos 83 kg y estaba equipado con un receptor de radio para transmitir señ;True;Sputnik war ein sowjetisches Satellitenraumschiff, das am 4. Oktober 1957 in den Weltraum gestartet wurde. Es war der erste menschenmachbare Satellit, der in den Weltraum geschickt wurde. Sputnik war ein kleines, metallenes Zylinder mit einem Durchmesser von etwa 58 cm und einem Gewicht von etwa 83 kg. Es enthielt nur ein kleines Radioemp;True
265;corta;Symbol for bismuth?;Bi;Le symbole chimique de l'élément bismuth est Bi.;True;El símbolo de bismuto es Bi.;True;Das Symbol für Bismut ist Bi.;True
266;conversacional;Just curious, how old is Earth?;4.5 billion;La Terre a environ 4,54 milliards d'années.;True;La Tierra tiene aproximadamente 4.540 millones de años.;False;Die Erde ist etwa 4,54 Milliarden Jahre alt. Diese Zahl basiert auf den Daten der Geologen und Astronomen, die die Alter von Meteoriten und der Sonne sowie die Geschwindigkeit der Expansion des Universums berücksichtigt haben.;True
267;factual_clasica;What is the capital of Iraq?;Baghdad;La capitale de l'Irak est Bagdad.;True;El capital de Irak es Bagdad.;True;Die Hauptstadt Iraks ist Bagdad.;True
268;factual_aperturas;Who was Napoleon's first wife?;Josephine;Napoleon Bonaparte a épousé sa première épouse, Joséphine de Beauharnais, en 1796. Elle était une femme d'origine aisée et une veuve de 26 ans, qu'il avait rencontrée en 1795. Leur mariage fut un mariage de convenance, mais ils n'ont pas eu d'enfants ensemble.;True;Napoleón Bonaparte se casó con Joséphine de Beauharnais, una viuda de un general francés, en 1796. Sin embargo, no fue su primera esposa. Antes de casarse con Joséphine, Napoleón se casó con María Walewska, una noble polaca, en 1796, pero este matrimonio fue anulado en 1799.;True;Napoleons erste Ehefrau war Joséphine de Beauharnais. Sie war eine französische Gräfin und eine der einflussreichsten Frauen ihrer Zeit. Die Ehe fand 1796 statt und endete mit ihrem Tod 1810, als Napoleon sie wegen mangelnder Kinder erlauchte.;True
269;imperativo;Report the freezing point of water in Fahrenheit.;32;Le point de gel de l'eau est de 32 degrés Fahrenheit.;True;El punto de congelación del agua es de 32°F.;True;Der Gefrierpunkt von Wasser beträgt 32 Grad Fahrenheit.;True
270;imperativo_explicativo;Review how antibiotics work.;bacteria;Les antibiotiques sont des médicaments qui visent à éliminer les bactéries qui causent les infections. Voici comment ils fonctionnent : ⏎ **Principe de base** ⏎ Les antibiotiques agissent en inhibant la croissance ou en tuant les bactéries. Ils peuvent également empêcher les bactéries de se reproduire ou de se défendre contre les défenses du système immunitaire. ⏎ **Types d'actions** ⏎ Les;True;¡Claro! Aquí te presento una revisión de cómo funcionan los antibióticos: ⏎ **¿Qué son los antibióticos?** ⏎ Los antibióticos son medicamentos que se utilizan para tratar infecciones causadas por bacterias. No funcionan contra las infecciones virales, como el resfriado o la gripe. ⏎ **¿Cómo funcionan los antibióticos?** ⏎ Los antibióticos trabajan de varias;True;Antibiotika sind Medikamente, die zur Behandlung von bakteriellen Infektionen eingesetzt werden. Hier ist eine kurze Übersicht über, wie Antibiotika wirken: ⏎ **Wie Antibiotika wirken** ⏎ Antibiotika wirken, indem sie die Fortpflanzung und das Wachstum von Bakterien hemmen. Es gibt verschiedene Mechanismen, mit denen Antibiotika wirken: ⏎ 1. **Inhibition;True
271;explicativa;What caused the Dust Bowl?;drought;Le Dust Bowl, c'est une période de sécheresse sévère qui a affecté les États-Unis, notamment le Midwest, entre 1930 et 1936. Les causes principales de ce phénomène sont : ⏎ * Une sécheresse prolongée : une sécheresse extrême a duré de 1930 à 1936, entraînant une perte de précipitations importantes. ⏎ * Une agriculture intensive : les agriculteurs ont cultivé des;True;El polvo del desierto fue causado por una combinación de factores climáticos y agrícolas. En la década de 1930, el Medio Oeste de Estados Unidos experimentó una sequía severa, que se agravó por la práctica de la agricultura intensiva y la destrucción de los ecosistemas naturales. ⏎ La sequía se debió a una combinación de factores, como: ⏎ * La expansión de;True;Der Staubstaubkrieg, auch bekannt als der Staubstaubkrise, war eine katastrophale Umweltkatastrophe, die in den 1930er Jahren in den Vereinigten Staaten stattfand. Die Hauptursachen für die Entstehung des Staubstaubkrieges waren: ⏎ 1. **Bodenerosion**: Die intensive Landwirtschaft in den Prärien der USA, insbesondere in Oklahoma;False
272;corta;Symbol for strontium?;Sr;Le symbole de strontium est Sr.;True;El símbolo para el estroncio es Sr.;True;Das Symbol für Strontium ist Sr.;True
273;conversacional;Trivia time: which metal is mainly in brass?;copper;C'est une question facile! Le métal principal dans le bronze est le cuivre.;True;¡Hola! La respuesta es el cobre (cobre). El cobre es el metal principal en el bronce (bronce).;True;Eine interessante Frage! ⏎ Brass ist eine Legierung aus Zink (Zn) und Kupfer (Cu). Die Verhältnisse von Zink und Kupfer können variieren, aber typischerweise enthält Brass etwa 60-70% Kupfer und 30-40% Zink.;True
274;factual_clasica;What is the capital of Portugal?;Lisbon;La capitale du Portugal est Lisbonne.;True;La capital de Portugal es Lisboa.;True;Die Hauptstadt Portugals ist Lissabon.;True
275;factual_aperturas;Who predicted Neptune's position mathematically?;Le Verrier;Le mathématicien et astronome français Urbain Le Verrier a prédit la position de Neptune mathématiquement en 1846.;True;Fue John Couch Adams quien predijo la posición matemática de Neptuno.;True;Uranus' Nachbarn, Neptun, wurde von dem britischen Astronomen John Couch Adams im Jahr 1843 mathematisch vorhergesagt. Er berechnete die Position von Neptun auf der Grundlage der Umlaufbahnen der Planeten und war damit der erste, der die Existenz von Neptun vorhergesagt hatte. Allerdings wurde Adams' Vorhersage nicht öffentlich bekannt, bis 1846, als der;True
276;imperativo;Cite the author of The Prince.;Machiavelli;"L'auteur de ""Le Prince"" est Niccolò Machiavelli.";True;"El autor de ""El Príncipe"" es Nicolás Maquiavel (Nicolò Machiavelli)";True;"Der Autor von ""Der Fürst"" (The Prince) ist Niccolò Machiavelli.";True
277;imperativo_explicativo;Clear up what creates wind.;air pressure;L'air en mouvement est appelé vent. Il est créé par la différence de pression entre deux régions de l'atmosphère. Voici les principaux facteurs qui contribuent à la création du vent : ⏎ 1. **Différence de pression** : Lorsque la pression atmosphérique est plus élevée dans une région que dans une autre, l'air se déplace vers la région de plus basse pression pour se;True;¡Claro! La creación del viento se debe a la diferencia de presiones atmosféricas entre dos áreas. Cuando hay una diferencia de presiones, el aire se mueve de la zona de baja presión a la zona de alta presión. ⏎ Aquí hay algunos factores que contribuyen a la creación del viento: ⏎ 1. **Diferencia de temperaturas**: Cuando hay una diferencia de temperaturas entre dos áreas, el aire se mueve de la zona;False;Wind entsteht durch die Differenz in Luftdruck zwischen zwei Regionen. Hier sind die wichtigsten Faktoren, die dazu beitragen: ⏎ 1. **Temperaturunterschiede**: Wenn die Temperatur in einem Gebiet höher ist als in einem anderen, entsteht eine Differenz im Luftdruck. Die Luft in der warmen Region wird leichter und steigt auf, während die Luft in der kühleren Region schwerer und;True
278;explicativa;What caused Ireland's Great Famine?;potato;Le grand famine d'Irlande a été causée par une combinaison de facteurs. ⏎ Tout d'abord, la révolution industrielle a entraîné une augmentation de la demande de blé, ce qui a conduit à une augmentation des prix. ⏎ Ensuite, la sécheresse de 1845 a affecté les récoltes de blé, ce qui a entraîné une pénurie de nourriture. ⏎ Enfin,;False;"El hambre de Irlanda, también conocida como el ""Gran Hambre de Irlanda"", fue causado por una combinación de factores. ⏎ Entre los principales factores que contribuyeron a este desastre estuvieron: ⏎ 1. La pobreza y la falta de inversión en la agricultura: Irlanda había sido colonizada por Inglaterra en el siglo XVI, lo que llevó a la explotación de la tierra y la mano de";False;Die Ursachen des irischen Hungersnöts waren komplex und vielschichtig. Einige der wichtigsten Faktoren waren: ⏎ 1. **Überbevölkerung und Landnutzung**: Die irische Bevölkerung wuchs rasant, während die Landnutzung nicht entsprechend zugenommen hat. Dies führte zu einer Überlastung der Landwirtschaft und einer Verringerung der Ernteerträge. ⏎ 2. **K;False
279;corta;Symbol for barium?;Ba;Le symbole du barium est Ba.;True;El símbolo para el bario es Ba.;True;Das Symbol für Barium ist Ba.;True
280;conversacional;I forgot, who sang Purple Rain?;Prince;"C'est Prince! Il a écrit et enregistré la chanson ""Purple Rain"" pour son album homonyme en 1984.";True;"¡No te preocupes! (Don't worry!) El que cantó ""Purple Rain"" fue el famoso cantante y compositor estadounidense... ¡Prince! (Prince)";True;"Das ist leicht zu klären! ""Purple Rain"" wurde von Prince geschrieben und aufgenommen. Er war ein amerikanischer Sänger, Songwriter und Musiker, der in den 1970er und 1980er Jahren sehr erfolgreich war. ""Purple Rain"" ist einer seiner bekanntesten Hits und wurde 1984 in dem gleichnamigen Film veröffentlicht, in dem er auch die Hauptrolle spielte.";True
281;factual_clasica;In what year did the Apollo 13 mission take place?;1970;L'Apollo 13 a eu lieu en 1970.;True;El mision Apollo 13 tuvo lugar en el año 1970.;True;Die Apollo 13-Mission fand im Jahr 1970 statt.;True
282;factual_aperturas;Who led the first circumnavigation expedition?;Magellan;C'était Ferdinand de Magellan qui a mené la première expédition de circumnavigation.;True;Fue Juan Sebastián Elcano, un navegante español, quien lideró la primera expedición de circumnavigación del mundo.;True;Die erste Rundreiseexpedition wurde von Ferdinand Magellan geleitet.;True
283;imperativo;Find the capital of Pakistan.;Islamabad;Le capital de Pakistan est Islamabad.;True;La capital de Pakistán es Islamabad.;True;Die Hauptstadt von Pakistan ist Islamabad.;True
284;imperativo_explicativo;Go over how dams generate electricity.;turbines;Je serais ravi de vous aider! ⏎ Les barrages génèrent de l'électricité en utilisant l'énergie potentielle de l'eau. Voici comment ça marche : ⏎ 1. **L'eau est pompée** : L'eau est pompée à partir du réservoir de retenue situé en amont du barrage. Cette eau est généralement tirée du fleuve ou d'une source d'eau. ⏎ 2. **L'eau gravite** :;False;"¡Claro! Me alegra ayudarte. ⏎ Las presas generan electricidad mediante un proceso llamado ""hidroelectricidad"". Aquí te explico cómo funciona: ⏎ **El proceso** ⏎ 1. **La presa**: La presa es un embalse de agua que se forma al construir un dique en un río o un lago. El agua del río o lago se acumula detrás del dique. ⏎ 2. **La energía potencial**:";False;Die Stromerzeugung durch Stauwehrer ist ein interessantes Thema. Hier ist eine kurze Erklärung: ⏎ **Der Prozess der Stromerzeugung durch Stauwehrer** ⏎ Ein Stauwehr ist ein Bauwerk, das dazu dient, Wasser in einem Fluss oder Flusslauf zu speichern. Wenn ein Stauwehr gebaut wird, kann das Wasser in einem Reservoir gespeichert werden, das oft über einen längeren Zeit;False
285;explicativa;How were Egyptian mummies preserved?;embalming;Les momies égyptiennes ont été préservées grâce à une technique de conservation très avancée pour l'époque. Voici les étapes clés : ⏎ 1. **Nettoyage et déshydratation** : Les corps étaient lavés avec de l'eau et des herbes aromatiques pour enlever les impuretés. Ensuite, ils étaient exposés au soleil pour se déshydrater complètement. ⏎ 2. **;False;Los egipcios utilizaban varios métodos para preservar los cuerpos de sus muertos, lo que les permitía mantener su integridad durante miles de años. Algunos de los métodos más comunes utilizados para preservar los cuerpos egipcios incluyen: ⏎ 1. **Remojo en resinas**: Los egipcios utilizaban resinas como resina de pinus o resina de abedul para cubrir el cuerpo y evitar la;False;Die ägyptischen Mumien wurden durch eine Kombination von Techniken und Materialien erhalten. Hier sind einige der wichtigsten Schritte: ⏎ 1. **Desinfektion**: Die Leiche wurde mit natürlichen Desinfektionsmitteln wie Salz, Zitronensaft oder ätherischen Ölen behandelt, um Bakterien und andere Mikroorganismen zu töten. ⏎ 2. **Wickelung**: Die Haut wurde mit Leinen oder P;False
286;corta;Symbol for xenon?;Xe;Le symbole du xenon est Xe.;True;El símbolo de xenón es Xe.;True;Das Xenon-Symbol ist Xe.;True
287;conversacional;Out of curiosity, who directed The Godfather?;Coppola;"C'était Francis Ford Coppola qui a réalisé le film ""Le Père Noël"" (The Godfather).";True;Fue dirigido por Francis Ford Coppola.;True;"Das ist eine einfache Frage! Der Film ""Der Pate"" (The Godfather) wurde von Francis Ford Coppola inszeniert. Er ist ein amerikanischer Filmregisseur, Drehbuchautor und Produzent, der für seine Arbeit an diesem Klassiker des amerikanischen Kinos bekannt ist.";True
288;factual_clasica;Which is the deepest lake in the world?;Baikal;Le lac le plus profond du monde est le lac Baïkal, situé en Russie. Il a une profondeur de 1 642 mètres.;True;El lago más profundo del mundo es el Lago Baikal, ubicado en Rusia. Tiene una profundidad máxima de aproximadamente 1.642 metros.;True;Der tiefste See der Welt ist der Baikalsee in Sibirien.;True
289;factual_aperturas;Who crossed the Rubicon in 49 BC?;Caesar;C'était Gaius Julius César.;True;Fue Julio César quien cruzó el río Rubicón en el año 49 a.C.;True;Es war Gaius Julius Caesar, der den Rubikon im Jahr 49 v. Chr. überschritt.;True
290;imperativo;Look up who invented the jet engine.;Whittle;L'ingénieur qui a inventé le moteur à réaction, également connu sous le nom de jet, est Sir Frank Whittle. Il est né le 8 octobre 1907 à Woking, en Angleterre, et a obtenu son doctorat en ingénierie aéronautique à l'Université de Cambridge en 1930. ⏎ Sir Frank Whittle a développé le concept du moteur à réaction en 1930,;True;El inventor del motor de jet es Sir Frank Whittle, un ingeniero británico. Fue el primero en diseñar y construir un motor de jet funcional en 1930. Sin embargo, su patente fue rechazada en 1937 debido a que no cumplía con los requisitos de seguridad. ⏎ Sin embargo, en 1937, otro ingeniero, Hans von Ohain, alemán, también diseñó un motor de jet funcional.;True;Der Jetantrieb wurde von mehreren Ingenieuren entwickelt, aber die bekanntesten Pioniere sind: ⏎ * Frank Whittle (1897-1982), ein britischer Ingenieur, der 1930 den ersten funktionierenden Jetantrieb entwickelte. ⏎ * Hans von Ohain (1911-1998), ein deutscher Ingenieur, der 1936 den ersten deutschen Jetantrieb entwickelte. ⏎ * Sir Frank Whittle und Hans;True
291;imperativo_explicativo;Detail how nuclear reactors produce energy.;fission;Je serais ravi de vous aider! ⏎ Les réacteurs nucléaires produisent de l'énergie en utilisant la réaction nucléaire. Voici les étapes clés de ce processus : ⏎ 1. **Le combustible nucléaire** : Le combustible utilisé dans les réacteurs nucléaires est principalement composé de uranium enrichi (environ 3 % d'uranium-235). Ce combustible est plac;False;¡Claro! Me alegra ayudarte. ⏎ Las centrales nucleares producen energía a través de un proceso llamado reacción nuclear. A continuación, te explico paso a paso cómo funciona: ⏎ **1. Materia prima**: La energía se obtiene a partir de la fisión nuclear de átomos de uranio (U-235). El uranio se encuentra en forma de grano, que se coloca en un reactor. ⏎ **2. Calent;True;Nukleare Reaktoren sind eine Art von Energieanlage, die Energie durch Kernreaktionen erzeugt. Hier ist eine detaillierte Erklärung, wie sie funktionieren: ⏎ **Schritt 1: Brennstoff** ⏎ Die Brennstoffe in Nukleare Anlagen sind meist Uran-235 oder Plutonium-239. Diese Materialien werden in Form von Brennstäbchen oder Brennstangen verwendet. ⏎ **Schritt;False
292;explicativa;Why did the Challenger shuttle explode?;O-ring;Le shuttle spatiale Challenger a explosé le 28 janvier 1986, à cause d'un problème technique lié à la conception du joint O-ring des réservoirs de carburant. Les O-ring, qui étaient conçus pour s'assurer que les réservoirs de carburant étaient bien scellés, n'ont pas fonctionné correctement dans les conditions extrêmes de température et de pression présentes lors du lancement. ⏎ Lors;True;El cohete espacial Challenger explotó debido a una falla en el sistema de soporte de la olla de protección térmica (OPLT) que contenía el tanque de combustible líquido. La OPLT no había sido diseñada para soportar las condiciones extremas de frío que se produjeron durante el lanzamiento, lo que provocó que el tanque de combustible se separara del vehículo y se derram;False;Die Challenger-Raumschiffkatastrophe am 28. Januar 1986 war ein tragischer Unfall, der 73 Menschenleben forderte. Die Hauptursache für den Ausbruch war ein Defekt in einem der drei Strömungssensoren (O-Rings) im Rumpf des Raumschiffs. ⏎ Bei der Startvorbereitung war der Druck im Rumpf des Raumschiffs niedriger als normal, da;True
293;corta;Symbol for manganese?;Mn;Le symbole du manganèse est Mn.;True;El símbolo del manganeso es Mn.;True;Der Symbol für Mangan ist Mn.;True
294;conversacional;Hmm, who founded Rome?;Romulus;Rome a été fondée par Romulus et Rémus, deux frères légendaires, selon la mythologie romaine.;True;Roma fue fundada por los romanos, y aunque no hay un solo fundador, se cree que fue Rómulo, según la leyenda romana, quien la fundó en el año 753 a.C.;True;Roms Gründer war Romulus. Laut der römischen Mythologie war er der Sohn des Königs Amulius und der Königin Rhea Silvia. Er gründete zusammen mit seinem Bruder Remus die Stadt Rom im Jahr 753 v. Chr.;True
295;factual_clasica;Who wrote the novel 1984?;Orwell;George Orwell a écrit le roman 1984.;True;"El autor del libro ""1984"" es George Orwell.";True;"Der Roman ""1984"" wurde von George Orwell geschrieben.";True
296;factual_aperturas;Whose brush created The Night Watch?;Rembrandt;C'est Rembrandt van Rijn qui a créé La Nuit watch.;True;El pincel de Rembrandt van Rijn creó La Noche de los Vigilantes.;True;"Die Feder des berühmten Malers Rembrandt van Rijn schuf das berühmte Gemälde ""Die Nachtwache"".";True
297;imperativo;Point out the smallest bone in the body.;stapes;Le plus petit os du corps est l'os stapes, situé dans l'ouïe. Il mesure environ 3 millimètres de long.;True;El hueso más pequeño del cuerpo es el estribón, también conocido como estribón del corazón o estribón del corazón derecho. Se encuentra en el corazón humano y mide aproximadamente 3 milímetros de largo.;True;Das kleinste Knochen im Körper ist der Stapes. Er ist ein von drei Knochen bestehendes System im Mittelohr und hat eine Länge von etwa 3 Millimetern. Der Stapes ist ein sehr kleiner, dreieckiger Knochen, der an der Schallebene des Mittelohrs befestigt ist und die Schallwellen an die Ohrschale weiterleitet.;True
298;imperativo_explicativo;Unpack how the Sun produces energy.;fusion;Bien sûr! Voici comment le Soleil produit de l'énergie : ⏎ Le Soleil est une étoile de type G2V, ce qui signifie qu'il est une étoile de type solaire. Il produit de l'énergie grâce à une réaction nucléaire qui se déroule au cœur de l'étoile. ⏎ Voici les étapes clés de ce processus : ⏎ 1. **Fusion nucléaire** : Le cœur;True;¡Claro! Vamos a desempacar cómo la Luna produce energía. ⏎ La energía del Sol se produce a través de una reacción nuclear que ocurre en su núcleo. Este proceso se conoce como fusión nuclear. En la fusión nuclear, los átomos de hidrógeno se combinan para formar helio, liberando una gran cantidad de energía en el proceso. ⏎ Aquí hay los pasos generales de cómo se produce;True;Die Sonne ist die Hauptquelle unseres Planeten für Energie. Hier ist eine detaillierte Erklärung, wie die Sonne ihre Energie produziert: ⏎ **Die Kernreaktion** ⏎ Die Sonne ist ein riesiger Stern, der aus einer Masse von Gasen und Flüssigkeiten besteht. Im Inneren der Sonne befindet sich ein Kern, in dem Wasserstoff (H2) in Wasserstoffionen (H+) und freie Elek;False
299;explicativa;Why did Napoleon retreat from Russia?;winter;Napoleon a retiré de Russie en raison d'une combinaison de facteurs. D'abord, la campagne a été marquée par des conditions climatiques extrêmes, notamment des tempêtes et des gelées, qui ont rendu difficile la marche de ses troupes. De plus, les Russes ont employé une tactique de guerre de terroir, en incendiant et en détruisant les villages et les;False;Napoleón Bonaparte se retiró de Rusia debido a una combinación de factores. En primer lugar, el invierno extremadamente frío y la falta de suministros adecuados para sus tropas, que no estaban preparadas para el clima extremo, causaron una gran cantidad de muertes y enfermedades. Además, la resistencia feroz de las tropas rusas y la falta de logros militares significativos en;True;Napoleon Bonaparte zog sich aus Russland zurück, weil er die militärische Situation nicht mehr kontrollieren konnte. Die russische Armee hatte sich in den Wintermonaten 1812 in den Bäumen und in den Wäldern zurückgezogen und verhinderte Napoleon's Vorräte und Kommunikationslinien. Die russischen Truppen hatten auch die französischen Truppen in den Schlachten von Borodino;True
300;corta;Symbol for krypton?;Kr;Le symbole du krypton est Kr.;True;El símbolo para krypton es Kr.;True;Der Symbol für Krypton ist Kr.;True
301;conversacional;Real quick: who wrote The Art of War?;Sun Tzu;"C'était Sun Tzu, un stratège et philosophe chinois, qui a écrit le traité ""Le Art de la guerre"" (ou ""Le Art de la guerre"" en français).";True;"¡Claro! El libro ""El Arte de la Guerra"" (The Art of War) fue escrito por el general chino Sun Tzu.";True;"Ein schneller Hinweis! ⏎ Der ""Art of War"" (Tao Te Ching) wurde von Sun Tzu geschrieben.";True
302;factual_clasica;Who painted The Last Supper?;Leonardo;C'est Leonardo da Vinci qui a peint La Dernière Cène.;True;La Última Cena la pintó el artista italiano Leonardo da Vinci, y es uno de sus cuadros más conocidos.;True;Die letzte Abendmahl-Szene wurde von dem berühmten italienischen Maler Leonardo da Vinci gemalt.;True
303;factual_aperturas;What animal is the largest mammal?;blue whale;L'éléphant est l'animal le plus grand mammifère.;False;El mamífero más grande es el elefante africano.;False;Der größte Säugetier ist der Elefant.;False
304;imperativo;Remind me who composed The Planets suite.;Holst;"Le suite ""Les Planètes"" a été composée par le célèbre compositeur britannique Gustav Holst.";True;"¡Claro! El planeta musical que mencionas es la suite ""Los Planetas"" de Gustav Holst.";True;Die Planeten-Suite wurde von dem englischen Komponisten Gustav Holst komponiert.;True
305;imperativo_explicativo;Run through why blood is red.;hemoglobin;Bien sûr! (Of course!) ⏎ Le sang est rouge parce qu'il contient un pigment appelé hémoglobine. Cette protéine est produite par les globules rouges du sang et est responsable de son couleur rouge. ⏎ L'hémoglobine est composée de fer et d'une molécule de protéine appelée globine. Lorsque le fer est lié à la globine, il forme une molécule qui absorbe la lumière rouge;True;¡Claro! Vamos a explorar por qué el sangre es roja. ⏎ La sangre es roja debido a la presencia de un pigmento llamado hemoglobina. La hemoglobina es un compuesto proteico que se encuentra en las células rojas del cuerpo, llamadas glóbulos rojos. Su función principal es transportar oxígeno desde los pulmones hasta las células del cuerpo. ⏎ La hemoglobina se compone de;True;Das ist eine interessante Frage! ⏎ Blut ist rot, weil es ein komplexes Mischung aus verschiedenen Komponenten enthält. Hier sind die wichtigsten Gründe, warum Blut rot aussieht: ⏎ 1. **Erythrozyten (Eiweißzellen)**: Blut enthält etwa 45% Erythrozyten, die sogenannten roten Blutkörperchen. Diese Zellen enthalten ein Protein namens Häm;False
306;explicativa;What causes tooth decay?;acid;La décomposition dentaire est causée par la présence de bactéries dans la bouche qui produisent des acides. Ces acides attaquent les surfaces dentaires et provoquent la dissolution du minéral en dentine, entraînant la formation de cavités dentaires.;True;La caries dental se debe a una combinación de factores. Algunos de los principales causantes son: ⏎ * La falta de higiene bucal: No cepillar y no limpiar los dientes con regularidad puede dejar residuos de comida y placa bacteriana, lo que atrae a los bacterias que producen ácido y causan la descomposición de los ácidos. ⏎ * La ingesta excesiva de azúcares;True;Zahnkaries ist eine häufige Erkrankung, die durch verschiedene Faktoren verursacht wird. Hier sind einige der wichtigsten Ursachen: ⏎ 1. **Schwache Mundhygiene**: Eine schlechte Mundhygiene kann zu einer Ansammlung von Plaque und Säure im Mund führen, was die Zähne schwächt und anfällig für Karies macht. ⏎ 2. **Übermäßiger Zuckerkonsum;True
307;corta;Author of Emma?;Austen;C'est Jane Austen.;True;La autora de Emma es Jane Austen.;True;"Die Autorin von ""Emma"" ist Jane Austen.";True
308;conversacional;Okay, who composed Carmina Burana?;Orff;Carmina Burana a été composée par le compositeur allemand Carl Orff.;True;"""Carmina Burana"" fue compuesta por el compositor alemán Carl Orff.";True;Carmina Burana wurde von dem deutschen Komponisten Carl Orff komponiert.;True
309;factual_clasica;Who wrote Romeo and Juliet?;Shakespeare;"C'est William Shakespeare qui a écrit la tragédie ""Romeo et Juliette"".";True;¡Escribió William Shakespeare!;True;Romeo und Julia wurde von dem englischen Dichter und Dramatiker William Shakespeare geschrieben.;True
310;factual_aperturas;What currency does Thailand use?;baht;La monnaie officielle du Thaïlande est le baht thaï (THB).;True;El moneda oficial de Tailandia es el baht (THB).;True;Thailand verwendet die thailändische Baht (THB).;True
311;imperativo;Let me know the capital of Saudi Arabia.;Riyadh;La capitale de l'Arabie saoudite est Riyad.;True;La capital de Arabia Saudita es Riad (Riyadh).;True;Die Hauptstadt von Saudi-Arabien ist Riad (Riyadh).;True
312;imperativo_explicativo;Lay out why lemons taste sour.;citric acid;Les citrons ont un goût amer pour plusieurs raisons : ⏎ 1. **Acide citrique** : Les citrons contiennent une grande quantité d'acide citrique, qui est un acide organique naturel. L'acide citrique est responsable de la sensation de sourdeur que l'on ressent lorsqu'on mange un citron. ⏎ 2. **Concentration d'acide** : Les citrons ont une concentration d'acide citrique;True;¡Claro! Aquí te explico por qué los limones tienen un sabor ácido: ⏎ Los limones contienen una sustancia química llamada ácido cítrico, que es responsable de su sabor ácido. El ácido cítrico es un ácido orgánico que se encuentra en la pulpa y el jugo de los limones. Cuando se come un limón, el ácido cítrico se libera en la boca y se comb;True;Eine gute Frage! ⏎ Limonäden schmecken scharf oder sauer, weil sie eine bestimmte chemische Verbindung enthalten, die als Limonensäure bekannt ist. Diese Säure ist ein organisches Säuremittel, das in den Schalen von Limonäden vorkommt. ⏎ Die Limonensäure ist ein Carbonsäure mit der chemischen Formel C6H8O7. Sie enthält eine Ketongrup;False
313;explicativa;What powered the Industrial Revolution?;coal;La Révolution industrielle a été alimentée par plusieurs facteurs, mais principalement par la révolution technologique et les progrès de l'industrie. Les principaux moteurs de cette révolution ont été : ⏎ * La révolution textile, qui a permis la mise en place de machines à tisser et à carder, ce qui a réduit les coûts de production et a permis une production plus grande et plus rapide. ⏎ * La révolution métall;False;La Revolución Industrial se impulsó principalmente por la energía mecánica y la energía química. Algunos de los principales impulsores fueron: ⏎ * La energía hidráulica, que se utilizaba para impulsar molinos y máquinas textiles. ⏎ * La energía mecánica, que se generaba mediante la energía animal (como caballos y mulas) y la energía humana. ⏎ * La energía química,;False;Die Industrielle Revolution wurde von mehreren Faktoren getragen. Zu den wichtigsten Triebkräften gehörten: ⏎ 1. **Technologische Innovationen**: Die Entwicklung neuer Maschinen und Antriebstechnologien wie der Dampfmaschine, die Spinnmaschine und die Schleifmaschine ermöglichte eine höhere Produktivität und Effizienz. ⏎ 2. **Energiequellen**: Die zunehmende;True
314;corta;Author of Lolita?;Nabokov;L'auteur de Lolita est Vladimir Nabokov.;True;El autor de Lolita es Vladimir Nabokov.;True;Der Autor von Lolita ist Vladimir Nabokov.;True
315;conversacional;Hi! Who drafted the Declaration of Independence?;Jefferson;Bonjour! La Déclaration d'indépendance des États-Unis a été rédigée par un groupe de 56 personnes, connues sous le nom de signataires de la Déclaration d'indépendance. Ils ont été choisis par les 13 colonies américaines pour rédiger et adopter cette documente fondamental de l'histoire américaine.;False;"¡Hola! La Declaración de Independencia fue redactada por un grupo de 56 personas, conocidas como los ""Firmantes"" o ""Firmantes de la Declaración de Independencia"". Estos individuos eran representantes de los 13 estados que formaban parte de la colonia estadounidense en ese momento. Algunos de los más destacados firmantes incluyen a Thomas Jefferson, John Adams, Benjamin Franklin y Roger Sherman.";True;"Hallo! ⏎ Die Erklärung der Unabhängigkeit wurde von einer Gruppe von 56 Menschen aus den 13 Kolonien in Nordamerika verfasst. Diese Gruppe wurde als ""Delegierte"" oder ""Unterschriftenten"" bekannt. Zu den bekanntesten Unterzeichnern gehören Thomas Jefferson, John Adams, Benjamin Franklin, Robert Livingston und Roger Sherman. ⏎ Die Erstellung der Erklärung begann im Juni 1776 und dauerte etwa drei";True
316;factual_clasica;Who wrote The Metamorphosis?;Kafka;C'est Franz Kafka qui a écrit La Métamorphose.;True;"La novela ""La metamorfosis"" fue escrita por el autor alemán Franz Kafka.";True;"Die Erzählung ""Die Verwandlung"" (Die Metamorphose) wurde von dem österreichischen Schriftsteller Franz Kafka geschrieben.";True
317;factual_aperturas;What sport uses a shuttlecock?;badminton;Le badminton utilise un shuttlecock.;True;El deporte que utiliza un coquín es el badminton.;True;"Das ist eine einfache Frage! ⏎ Die Antwort ist Badminton! Ein Badminton-Spiel verwendet einen Schläger und einen Shuttlecock, auch bekannt als ""Dämpfer"".";True
318;imperativo;Spot the creator of Sherlock Holmes.;Conan Doyle;C'est Arthur Conan Doyle!;True;El creador de Sherlock Holmes es Sir Arthur Conan Doyle.;True;Der Schöpfer von Sherlock Holmes ist Sir Arthur Conan Doyle.;True
319;imperativo_explicativo;Account for why pressure cookers cook faster.;boiling point;Les pressions-cuisson sont conçues pour cuisiner plus rapidement que les méthodes de cuisson traditionnelles. Voici les raisons principales : ⏎ 1. **Réduction du temps de cuisson** : Les pressions-cuisson fonctionnent en réduisant la pression interne du liquide, ce qui accélère la cuisson. En effet, la chaleur est transférée plus rapidement au fond du pot, ce qui permet une cuisson;False;¡Claro! La presión de los cocinadores de presión cocina más rápido debido a varios factores: ⏎ 1. **Reducción de la temperatura de cocción**: A medida que la presión aumenta, la temperatura de cocción disminuye. Esto significa que los alimentos se cocinan más rápido, ya que la temperatura de cocción es más baja. ⏎ 2. **Aumento de la velocidad de transferencia de calor**: La presión aumenta la;False;Die Druckkocher sind sehr effizient, weil sie die Kochzeit durch verschiedene Faktoren verkürzen. Hier sind einige Gründe, warum Druckkocher schneller kochen: ⏎ 1. **Erhöhte Temperatur**: Durch den Druck wird die Temperatur in der Kochkammer erhöht. Die Temperatur steigt auf etwa 100°C, während sie bei einer normalen Kochmethode etwa 80-90°C beträgt;False
320;explicativa;What did the Marshall Plan fund?;reconstruction;Le Plan Marshall a financé la reconstruction de l'Europe occidentale après la Seconde Guerre mondiale. Il a fourni des aides économiques et financières aux pays européens dévastés par la guerre, notamment en Allemagne, en France, en Italie et en Belgique. Le plan a également contribué à la création de l'Organisation du Traité de l'Atlantique Nord (OTAN) et a joué un rôle;True;El Plan Marshall financió la reconstrucción económica de Europa después de la Segunda Guerra Mundial.;True;Der Marshall-Plan finanzierte die Wiederaufbau- und -entwicklung von Europa, insbesondere Deutschland, nach dem Zweiten Weltkrieg. Der Plan, der 1948 von US-Präsident Harry S. Truman eingeführt wurde, umfasste eine Zuschusszahlung an die europäischen Länder, um ihre Wirtschaften zu stärken und ihre Industrien wieder aufzubauen. Der Fokus lag auf der För;True
321;corta;Author of Candide?;Voltaire;Candide a été écrit par Voltaire.;True;El autor de Candide es Voltaire.;True;"Der Autor von ""Candide"" ist Georg Sturm, aber die bekannteste und meistgelesene Version stammt von Voltaire (Französischer Schriftsteller).";True
322;conversacional;So, who invented basketball?;Naismith;Le basket-ball a été inventé par James Naismith, un professeur de physique canadien-américain, en 1891. Il a créé le jeu à l'Université de Yale, en Connecticut, aux États-Unis, en réponse à la nécessité d'un sport d'hiver pour les étudiants. Naismith a conçu le jeu en combinant des éléments de soccer, football et hockey sur glace, et a cré;True;El baloncesto fue inventado por James Naismith, un entrenador y físico canadiense, en 1891. Naismith trabajaba en la YMCA Training School en Springfield, Massachusetts, y necesitaba crear un juego para los estudiantes que no podían jugar fútbol debido a la nieve. Creó un juego con 13 jugadores, una pelota y una pista de 50 pies de largo y 50 pies de ancho.;True;Das ist eine gute Frage! ⏎ Basketball wurde von James Naismith erfunden. Er war ein kanadischer Sportlehrer und Physiotherapeut, der im Jahr 1891 an der International Young Men's Christian Association (YMCA) Training School in Springfield, Massachusetts, USA, arbeitete. Naismith suchte nach einer Sportart, die im Winter, wenn die Fußball- und Hockey-Spiele nicht möglich waren, gespielt werden konnte. Er nah;True
323;factual_clasica;Who was the Carthaginian general who crossed the Alps?;Hannibal;C'était Hannibal, le célèbre général carthaginois qui a mené son armée à travers les Alpes pour affronter les Romains en Italie.;True;Era el general cartaginés Aníbal.;True;Das ist eine interessante Frage! ⏎ Der Carthaginischer General, der den Alpenüberquerung durchführte, war Hannibal Barca. Er war ein berühmter Feldherr und Strategiker, der im 3. Jahrhundert v. Chr. für Karthago kämpfte. Im Jahr 218 v. Chr. führte er eine Armee von 30.000 Mann durch die Alpen, um gegen die Römer in It;True
324;factual_aperturas;What blood type is the universal donor?;O negative;Le type sanguin universel est le Rh négatif, c'est-à-dire Rh- ou A- ou AB- ou O-.;False;El tipo de sangre universal donante es el tipo AB positivo.;False;Die universelle Spenderblutgruppe ist die Gruppe AB.;False
325;imperativo;Fetch the capital of Uruguay.;Montevideo;Le capital de l'Uruguay est Montevideo.;True;Montevideo es la capital de Uruguay.;True;Die Hauptstadt von Uruguay ist Montevideo.;True
326;imperativo_explicativo;Shed light on how fog forms.;condensation;Je serais ravi de vous aider! ⏎ La brume, également appelée brouillard, est une couche d'air humide qui se forme lorsque l'air est en contact avec une surface froide. Voici les étapes clés de la formation de la brume : ⏎ 1. **L'air humide se refroidit** : Lorsque l'air humide passe à travers une zone froide, il se refroidit et commence à se cond;False;¡Claro! La niebla es un fenómeno atmosférico que se forma cuando el aire se enfría y se llena de agua en forma de gotas o cristales. A continuación, te explico los pasos clave para que la niebla se forme: ⏎ 1. **Evaporación**: El sol calienta el suelo y las aguas, lo que hace que el agua se evapore en forma de vapor. ⏎ 2. **Condens;True;"Die Nebelbildung ist ein faszinierendes Phänomen, das uns oft in der Natur begegnet. Hier ist eine kurze Erklärung, wie FOG entsteht: ⏎ **Die Grundlagen** ⏎ Fog bildet sich, wenn die Luft in einer bestimmten Schicht der Atmosphäre kühlt und die Feuchtigkeit in der Luft kondensiert. Dieser Prozess wird als ""Kondensation"" bezeichnet. ⏎ **Die V";True
327;explicativa;Who does Braille help?;blind;Le Braille aide les personnes aveugles et malvoyantes, en leur permettant de lire et d'écrire grâce à un système de signes tactiles.;True;El Braille ayuda a personas ciegas y con discapacidades visuales, permitiéndoles leer y escribir de manera independiente.;True;Braille hilft Menschen mit Sehbehinderungen oder Blindheit, Texte und andere Informationen zu lesen. Es ist eine Schreibweise, die durch Berührung von Tasten auf einem Braille-Block oder einer Tastatur gelesen wird. Braille ermöglicht es Menschen mit Sehbehinderungen, unabhängig und selbstständig zu lesen und zu schreiben.;True
328;corta;Author of Siddhartha?;Hesse;"Le romancier allemand Hermann Hesse a écrit le roman ""Siddhartha"".";True;El autor de Siddhartha es Hermann Hesse.;True;Der Autor von Siddhartha ist Hermann Hesse.;True
329;conversacional;Pub quiz: who wrote Peter Pan?;Barrie;C'est J.M. Barrie qui a écrit Peter Pan.;True;¡Escribió J.M. Barrie!;True;Das ist leicht! J.R.R. Tolkien hat Peter Pan nicht geschrieben. Der Autor von Peter Pan ist J.M. Barrie.;True
330;factual_clasica;What is the boiling point of water in degrees Celsius at sea level?;100;Le point de eau bouillonnant à la mer levee est de 100 degrés Celsius.;True;El punto de ebullición del agua en grados Celsius en nivel del mar es de 100 grados Celsius.;True;Das Wasser verdampft bei einer Temperatur von 100°C bei Niedrigdruck und 99,6°C bei Normaldruck (1 Atm) bei Niedrigdruck und 100°C bei Normaldruck (1 Atm) bei Niedrigdruck und 100°C bei Normaldruck (1 Atm);True
331;factual_aperturas;What organ produces insulin?;pancreas;L'organ qui produit l'insuline est le pancréas.;True;El páncreas es el órgano que produce insulina.;True;Die Nieren produzieren nicht Insulin. Insulin wird von den Körperzellen produziert, insbesondere von den Beta-Zellen der Insulinsekretorien in den Panzerzellen (Insulinzellen) im Pankreas.;True
332;imperativo;Track down the founder of IKEA.;Ingvar Kamprad;Le fondateur d'IKEA est Ingvar Kamprad.;True;El fundador de IKEA fue Ingvar Kamprad.;True;Der Gründer von IKEA war Ingvar Kamprad.;True
333;imperativo_explicativo;Demystify why sweating cools us.;evaporation;L'apport de la sueur pour nous refroidir est souvent mal compris. Voici la raison : ⏎ Lorsque notre corps est en état de chaleur, il utilise la sueur pour éliminer le calor et la chaleur. La sueur est composée d'eau et de minéraux, qui sont absorbés par la peau et transpirés. Cette transpiration a deux effets : ⏎ 1.  La perte de chaleur : L'eau;False;¡Claro! Vamos a desmystificar por qué el sudor nos enfría. ⏎ El sudor es una forma natural de regulación de la temperatura corporal. Cuando nuestro cuerpo se calienta, produce sudor en la piel para enfriarse. Esto puede parecer contradictorio, pero es una estrategia efectiva para mantener la temperatura corporal estable. ⏎ Aquí hay lo que sucede: ⏎ 1. **El sudor es un fluido líquido;False;Das Schweißen! Es ist ein natürlicher Prozess, der uns hilft, uns zu kühlen. Hier ist, warum: ⏎ Wenn wir uns körperlich anstrengen oder uns in einer warmen Umgebung aufhalten, steigt der Körper die Wärme in unsere Haut. Um diese Wärme abzugeben, produziert unser Körper eine Menge Flüssigkeit, die als Schweiß bekannt ist. Dieser Schwei;False
334;explicativa;What does pH measure?;acidity;Le pH mesure la concentration d'hydrogène ionique dans une solution. Il est une mesure de l'acidité ou de la basicité d'une substance. Un pH élevé indique une solution basique, tandis qu'un pH bas indique une solution acide.;True;La pH mide la acidez o basicidad de una solución. Es una medida del número de iones hidrógeno (H+) que se encuentran en una solución, lo que indica si es ácida, básica o neutra.;True;Das pH-Messwert misst die Säure- oder Basenheit einer Lösung. Es ist ein Maß für die Konzentration von Hydrogenionen (H+) in einer Lösung. Je höher das pH-Wert, desto weniger H+ und desto mehr Base in der Lösung. Ein pH-Wert von 7 ist neutral, ein pH-Wert unter 7 ist sauer und ein pH-Wert über 7 ist basisch.;True
335;corta;Author of The Raven?;Edgar Allan Poe;C'est Edgar Allan Poe.;True;"Esa es una pregunta fácil. El autor de ""El Cuervo"" (The Raven) es Edgar Allan Poe.";True;"Der Autor von ""Der Rabe"" ist Edgar Allan Poe.";True
336;conversacional;Pub quiz: which band sang Hey Jude?;The Beatles;C'est The Beatles!;True;¡Esa es fácil! Fue The Beatles.;True;"Das ist leicht! Die Band, die ""Hey Jude"" gesungen hat, ist The Beatles.";True
337;factual_clasica;Who led the Indian independence movement through nonviolent resistance?;Gandhi;C'était Mahatma Gandhi qui a mené le mouvement pour l'indépendance de l'Inde par la résistance non violente.;True;Fue Mahatma Gandhi quien lideró el movimiento de independencia de la India mediante la resistencia no violenta.;True;Mahatma Gandhi hat den indischen Unabhängigkeitsbewegung durch nichtgewaltsamen Widerstand geführt.;True
338;factual_aperturas;What does a seismograph measure?;earthquakes;Un sismograph mesure les vibrations sismiques, c'est-à-dire les mouvements de la Terre qui proviennent de tremblements de terre, de volcans ou de mouvements tectoniques. Il détecte les ondes sismiques qui se propagent à travers le sol et les enregistre pour permettre de déterminer la localisation, l'intensité et la nature des événements sismiques.;True;Un sismógrafo mide las vibraciones sísmicas que se producen en la Tierra debido a movimientos tectónicos, como terremotos.;True;Ein Seismograph misst Erdbebenwellen, auch bekannt als Seismogramme. Es registriert die Bewegungen der Erdoberfläche, die durch Erdbeben verursacht werden, und überträgt diese Bewegungen in eine Form, die von einem Computer analysiert werden kann.;True
339;imperativo;Dig up who wrote The Three Musketeers.;Dumas;"C'est un auteur français célèbre! Le roman ""Les Trois Mousquetaires"" a été écrit par Alexandre Dumas.";True;"¡Claro! El autor de ""Los Tres Mosqueteros"" es el famoso escritor francés Alexandre Dumas.";True;"Der Autor von ""Die drei Musketiere"" ist Alexandre Dumas.";True
340;imperativo_explicativo;Elucidate how the Grand Canyon formed.;erosion;Le Grand Canyon est l'un des plus célèbres canyons du monde et son formation est un processus complexe qui s'est déroulé sur des millions d'années. ⏎ Le Grand Canyon a été formé principalement par l'érosion du fleuve Colorado, qui a coulé à travers la région pendant des millions d'années. Voici les étapes clés de sa formation : ⏎ 1. **Déposition de sédiments** : Il y a;True;¡Claro! La formación del Gran Cañón es un proceso geológico complejo que involucra millones de años de erosión y cambios en la superficie de la Tierra. ⏎ El Gran Cañón se encuentra en el estado de Arizona, Estados Unidos, y se extiende por aproximadamente 446 kilómetros de largo, 29 kilómetros de ancho y 1,6 kilómetros de profundidad. La formación del cañón;True;Die Bildung des Grand Canyon ist ein faszinierendes Phänomen, das durch eine Kombination von geologischen Prozessen entstanden ist. ⏎ Der Grand Canyon ist ein tiefer Schlucht, die sich über eine Länge von etwa 446 km und eine Breite von bis zu 29 km erstreckt. Er ist einer der bekanntesten und beeindruckendsten Naturschönheiten der USA. ⏎ Die Bildung des Grand Canyon kann auf mehr;False
341;explicativa;What does a Geiger counter detect?;radiation;Un compteur Geiger détecte les particules alpha, beta et gamma. Il est utilisé pour mesurer les niveaux de radioactivité dans l'air, les eaux et les sols.;False;Un contador Geiger detecta radiación ionizante, como el radio, el polonio, el cesio y otros elementos radiactivos.;True;Ein Geigerzähler (a Geiger counter) detektiert ionisierende Strahlung, wie z.B. Gammastrahlen oder Röntgenstrahlen. Es ist ein Gerät, das dazu dient, die Anwesenheit von radioaktiven Materialien oder Strahlen zu überwachen und zu messen.;True
342;corta;Author of Dune?;Frank Herbert;C'est Frank Herbert.;True;El autor de Dune es Frank Herbert.;True;"Frank Herbert ist der Autor des Science-Fiction-Romans ""Dune"".";True
343;conversacional;Be honest: who directed Pulp Fiction?;Tarantino;D'accord, je vais être honnête! ⏎ C'est Quentin Tarantino qui a réalisé Pulp Fiction.;True;¡Claro! La respuesta es: Quentin Tarantino.;True;Befreit von der Ehrlichkeit: Es war Quentin Tarantino, der Pulp Fiction inszenierte.;True
344;factual_clasica;How many squares are on a chessboard?;64;Il y a 64 cases sur un échiquier.;True;Hay 64 cuadrados en un tablero de ajedrez.;True;Auf einem Schachbrett gibt es 64 Quadrate.;True
345;factual_aperturas;Sunlight helps the skin make which vitamin?;vitamin D;Le soleil aide la peau à fabriquer la vitamine D.;True;El sol ayuda a la piel a producir vitamina D.;True;Die Sonnenstrahlen helfen der Haut, Vitamin D herzustellen.;True
346;imperativo;Note the capital of Guyana.;Georgetown;Le capitol de Guyane est Georgetown.;True;Georgetown es la capital de Guyana.;True;Georgetown;True
347;imperativo_explicativo;Spell out how fossils form.;sediment;Bien sûr! Voici comment les fossiles se forment : ⏎ F - Fauconage : les organismes vivants meurent et sont enterrés par des couches de sédiments, tels que des sables, des argiles ou des roches. ⏎ O - Oxydation : les sédiments entourent les corps morts et les s'oxydent, ce qui provoque la formation de minéraux tels que l'os, les n;True;¡Claro! Aquí te explico cómo se forman los fósiles: ⏎ **F - Formación de la capa de sedimentos** ⏎ La formación de un fósil comienza con la capa de sedimentos, como arena, arenales o rocas volcánicas. Estos sedimentos se depositan en un entorno como un río, un mar o un lago. ⏎ **O - Ocurrencia del organismo** ⏎ En este entorno,;True;Fossilbildung ist ein komplexer Prozess, der aus mehreren Schritten besteht. Hier ist eine detaillierte Erklärung: ⏎ **Schritt 1: Tod und Verrottung** ⏎ Ein Lebewesen stirbt und fällt zu Boden. Es beginnt, zu verrotten, und seine Körperzellen beginnen, sich zu zerfallen. ⏎ **Schritt 2: Konservierung** ⏎ Die Verrottung wird durch verschiedene Faktoren wie;False
348;explicativa;What does an anemometer measure?;wind speed;Un anémomètre mesure la vitesse et la direction du vent.;False;Un anemómetro mide la velocidad y la dirección del viento.;True;Ein Anemometer misst die Windgeschwindigkeit. Es ist ein Gerät, das verwendet wird, um die Geschwindigkeit und Richtung des Windes zu messen.;True
349;corta;Author of Walden?;Thoreau;C'est Henry David Thoreau.;True;El autor de Walden es Henry David Thoreau.;True;Der Autor von Walden ist Henry David Thoreau.;True
350;conversacional;Hmm, Eiffel Tower height?;330;La Tour Eiffel mesure 324 mètres de hauteur.;True;La Torre Eiffel mide 324 metros de altura.;True;Die Eiffel-Turm ist 324 Meter hoch.;True
351;factual_clasica;What is the chemical formula for table salt?;NaCl;La formule chimique du sel de table est NaCl.;True;La fórmula química de la sal de mesa es NaCl.;True;Die chemische Formel für Tafelsalz ist NaCl.;True
352;factual_aperturas;Mount Fuji is in which country?;Japan;Le mont Fuji se trouve au Japon.;True;Mount Fuji se encuentra en Japón.;True;Mount Fuji befindet sich in Japan.;True
353;imperativo;Guess the national flower of Japan.;cherry blossom;La fleur nationale du Japon est le Chrysanthème.;True;La flor nacional de Japón es el Cerezo (Prunus serrulata).;True;Das ist leicht! Die Nationalblume Japans ist die Sakura (Prunus serrulata).;True
354;imperativo_explicativo;Cover how sound travels.;vibrations;Voici une explication détaillée de la façon dont les sons se propagent : ⏎ **La propagation des sons** ⏎ Les sons sont des vibrations qui se propagent à travers un medium, tel que l'air, l'eau ou le sol. Lorsqu'un objet est frappé ou qu'un objet vibre, il libère des ondes sonores qui se propagent dans toutes les directions. ⏎ **Les étapes de la propagation des sons** ⏎ Voici les étapes cl;True;¡Claro! Aquí te explico cómo se propaga el sonido: ⏎ **El sonido es una onda mecánica** ⏎ El sonido es una forma de energía que se propaga a través de la materia, como el aire, el agua o los objetos sólidos. Se caracteriza por una serie de ondas que se propagan en una dirección determinada. ⏎ **Cómo se propaga el sonido** ⏎ El sonido se propaga de la siguiente manera:;False;**Wie Klangwellen durch die Luft reisen** ⏎ Der Klang ist ein wichtiger Teil unseres täglichen Lebens und kann über verschiedene Wege transportiert werden. Die wichtigste Methode, wie Klangwellen durch die Luft reisen, ist durch Luftwellen. ⏎ **Die Reise eines Klangwellen** ⏎ Wenn ein Objekt, wie ein Lautsprecher oder ein Singen, eine Klangwelle erzeugt, sendet es diese W;False
355;explicativa;What does a hygrometer measure?;humidity;Un hygromètre mesure l'humidité de l'air.;True;Un termómetro mide la humedad relativa en el aire.;True;Ein Hygrometer misst die Feuchtigkeit in der Luft. Es gibt verschiedene Arten von Hygrometern, die entweder die Luftfeuchtigkeit in % (z.B. 40%) oder die relative Luftfeuchtigkeit in % (z.B. 40%) messen.;True
356;corta;Author of Beloved?;Toni Morrison;C'est Toni Morrison.;True;"El autor de ""Beloved"" es Toni Morrison.";True;"Der Autor von ""Beloved"" ist Toni Morrison.";True
357;conversacional;Settle a bet: Beatles breakup year?;1970;C'est une question facile! La rupture des Beatles est généralement considérée comme étant en 1970. C'est l'année où John Lennon, Paul McCartney, George Harrison et Ringo Starr ont décidé de se séparer et de poursuivre des carrières solos.;True;¡Claro! El año en que se disolvió el grupo de los Beatles es 1970.;True;Das ist eine gute Frage! ⏎ Ich würde sagen, dass die Beatles 1970 offiziell aufgelöst wurden. Dieser Jahr markierte den offiziellen Abschluss der Band, da die Mitglieder sich nach dem Konzert im Madison Square Garden am 29. Januar 1970 entschieden, sich nicht mehr zusammenzufinden, um Musik zu machen. ⏎ Allerdings gibt es auch andere Jahre, in denen die Beatles offiziell beendet wurden, wie zum Beispiel;True
358;factual_clasica;What is the powerhouse of the cell?;mitochondria;La centrale énergétique de la cellule est la mitochondrie.;True;La mitocondria es el orgánulo que produce la energía de la célula, por eso se la llama la central energética.;True;Das Zentrum der Zelle ist der Mitochondrie.;True
359;factual_aperturas;The Alhambra is in which city?;Granada;L'Alhambra se trouve à Grenade.;True;La Alhambra se encuentra en Granada.;True;Die Alhambra befindet sich in Granada.;True
360;imperativo;Choose the tallest building in the world.;Burj Khalifa;Le plus haut bâtiment du monde est le Burj Khalifa, situé à Dubaï, aux Émirats arabes unis. Il mesure 828 mètres de hauteur.;True;El edificio más alto del mundo es el Burj Khalifa, ubicado en Dubái, Emiratos Árabes Unidos. Tiene una altura de 828 metros.;True;Das ist eine einfache Frage! ⏎ Der höchste Gebäude der Welt ist der Burj Khalifa, der sich in Dubai, Vereinigte Arabische Emirate, befindet. Er hat eine Höhe von 828 Metern und wurde 2010 fertiggestellt.;True
361;imperativo_explicativo;Decode why the Moon shows one face.;synchronous;Le Lune présente une face unique en raison de son rotation synchrone avec sa révolution orbitale autour de la Terre. ⏎ En effet, la Terre tourne sur son axe en 24 heures, tandis que la Lune tourne sur son axe en 27,3 jours. Cela signifie que la face de la Lune qui est tournée vers la Terre ne change pas de visage tout au long de son orbite. ⏎ Cette rotation synchrone;True;¡Claro! La Luna muestra una cara porque está girando en su eje, lo que hace que siempre muestre la misma cara hacia la Tierra. Esto se debe a que la Luna está en una órbita sincrónica con la Tierra, lo que significa que tarda el mismo tiempo que la Tierra en completar una revolución alrededor del Sol. Como resultado, la Luna siempre muestra la misma cara hacia la Tierra, lo que es por;True;Eine interessante Frage! ⏎ Die Erklärung dafür, warum der Mond nur eine Seite zeigt, liegt in seiner Rotation und seiner Umlaufbahn um die Erde. ⏎ Der Mond rotiert auf seiner Achse in etwa 27,3 Tagen, was bedeutet, dass er von uns aus etwa 27,3 Tage braucht, um eine volle Umdrehung zu vollenden. Dieser Zeitraum entspricht dem Mondphasenzyklus, bei;False
362;explicativa;What was a sextant used for?;navigation;Un sextant était un instrument utilisé pour mesurer l'angle entre le soleil, la Terre et l'astrome (étoile ou planète) observée. Il permettait aux navigateurs et aux marins de déterminer leur position géographique et leur latitude (la latitude est la mesure de la distance entre le point de l'équateur et le point où se trouve une localité).;True;El sextante era un instrumento utilizado para medir la latitud (ángulo entre el ecuador y el punto en el que se encuentra una nave) de un barco en el mar. Se utilizaba para determinar la posición de la nave en relación con el eje de rotación de la Tierra, lo que permitía a los navegantes calcular su ubicación geográfica y planificar su ruta.;True;Ein Sextant war ein wichtiges Instrument für Navigation und Geodäsie. Es wurde verwendet, um die Position eines Schiffes oder einer anderen beweglichen Einheit auf der Erde zu bestimmen. Der Sextant misst die Winkel zwischen dem Sonnenlicht oder einem anderen Lichtquellen und dem Horizont. Mit diesem Winkel kann man die Breite (Lattitude) eines Standorts bestimmen. ⏎ Ein Sextant bestand aus einem Teleskop, einem;True
363;corta;Author of The Stranger?;Camus;C'est Albert Camus.;True;"El autor de ""El extraño"" (título original en francés: ""L'Étranger"") es Albert Camus.";True;"Der Autor von ""Der Unbekannte"" (Originaltitel: ""The Stranger"") ist Albert Camus.";True
364;conversacional;Quick question: when did dinosaurs go extinct?;66 million;Les dinosaures sont disparus il y a environ 65 millions d'années, lors d'un événement connu sous le nom d'extinction massive des dinosaures.;True;"Los dinosaurios se extinguieron hace aproximadamente 65 millones de años, durante un evento conocido como el ""Extinción Masiva K-Pg"" (Cretácico-Paleógeno).";True;Die Dinosaurier gingen vor etwa 65 Millionen Jahren aus dem Leben. Dieser Ereigniszeitpunkt wird als K-Pyrit-Extinction bezeichnet, nach dem K-Pyrit-Fundort in Montana, USA, wo das erste Fossil eines K-Pyrit-Fundorts gefunden wurde.;True
365;factual_clasica;Which galaxy contains our Solar System?;Milky Way;Notre système solaire est contenu dans la galaxie de la Voie lactée.;True;Nuestra sistema solar se encuentra en la galaxia de la Vía Láctea.;True;Unsere Sonnensystem befindet sich in der Milchstraße, einer Spiralgalaxie.;True
366;factual_aperturas;The Hermitage Museum is in which city?;Petersburg;Le Musée Hermitage se trouve à Saint-Pétersbourg.;True;El Museo Hermitage se encuentra en San Petersburgo.;True;Das Hermitage-Museum befindet sich in Sankt Petersburg, Russland.;True
367;imperativo;Retrieve the creator of Mickey Mouse.;Walt Disney;Le créateur de Mickey Mouse est Walt Disney.;True;El creador de Mickey Mouse es Walt Disney.;True;Der Schöpfer von Mickey Mouse ist Walt Disney.;True
368;imperativo_explicativo;Unravel what makes cakes rise.;baking powder;Pour comprendre ce qui fait lever les gâteaux, il faut d'abord connaître les principaux facteurs qui contribuent à leur levée. ⏎ Le levain est le principal agent responsable de la levée des gâteaux. Il est composé de bactéries qui se nourrissent du sucre et produisent de la gaz, ce qui fait gonfler les gâteaux. Il existe différents types de levain, tels que le levain;True;¡Claro! (¡Por supuesto!) (Of course!) ⏎ La levadura (la levadura) es la responsable de hacer que los pasteles suban. (Levadura is the one responsible for making cakes rise.) ⏎ Aquí hay algunos factores clave que contribuyen a que los pasteles suban: ⏎ 1. **La levadura activa**: La levadura activa es un hongo que se alimenta de azúcar y produce dió;True;Ein leckeres Thema! ⏎ Das Geheimnis, was Kuchen zum Aufstehen bringt, liegt in der Kombination von drei wichtigen Faktoren: ⏎ 1. **Backpulver (Backsoda)**: Backpulver enthält Natriumbikarbonat, das bei der Verarbeitung mit Milch und Zucker zu Kohlendioxid reagiert. Dieses Gas bildet Blasen, die den Kuchen aufstrecken. ⏎ 2;True
369;explicativa;What does a stethoscope listen to?;heartbeat;Un stéthoscope écoute les sons du corps humain, notamment les battements cardiaques et les sons des poumons, afin de détecter les problèmes de santé tels que les maladies cardiaques, les problèmes respiratoires ou les affections abdominales.;True;Un estetoscopio escucha el sonido del corazón y los pulmones.;True;Ein Stethoskop hört auf die Herzschläge und die Atemgeräusche des Körpers zu. Es ist ein medizinisches Gerät, das verwendet wird, um die Funktion des Herzens und der Lungen zu überwachen.;True
370;corta;Composer of Aida?;Verdi;Giuseppe Verdi.;True;El compositor de la ópera Aida es Giuseppe Verdi.;True;Der Komponist von Aida ist Giuseppe Verdi.;True
371;conversacional;Just curious, when was the Mona Lisa painted?;1503;La Joconde, la célèbre toile de Léonard de Vinci, a été peinte vers 1503 et 1506.;True;La Mona Lisa fue pintada por Leonardo da Vinci en el siglo XVI, específicamente entre 1503 y 1506.;True;Die Mona Lisa wurde von dem berühmten italienischen Maler Leonardo da Vinci im Jahr 1503-1506 gemalt.;True
372;factual_clasica;Which ice giant orbits between Saturn and Neptune?;Uranus;C'est Uranus.;True;El gigante de hielo que orbita entre Saturno y Neptuno es Urano.;True;Das ist eine gute Frage! ⏎ Die Antwort ist Uranus.;True
373;factual_aperturas;The Prado Museum is in which city?;Madrid;Le musée du Prado se trouve à Madrid.;True;El Museo del Prado se encuentra en Madrid.;True;Das Prado-Museum befindet sich in Madrid.;True
374;imperativo;Supply the capital of Paraguay.;Asuncion;Le capital de Paraguay est Asunción.;True;Asunción.;True;Asunción;True
375;imperativo_explicativo;Fill me in on why heavy ships float.;buoyancy;Bien sûr! Les navires lourds flottent en raison de la force de flottabilité, qui est déterminée par la masse du navire et la densité de l'eau. ⏎ Lorsque vous plongez un objet dans l'eau, il subit une force de flottabilité qui est égale à la force de pesanteur exercée par la masse de l'objet. Cependant, si l'objet est plus léger que l'eau;True;¡Claro! (¡Claro!) La razón por la que los barcos pesados flotan se debe a la combinación de dos principios fundamentales: la arquitectura del barco y la fuerza de la flotación. ⏎ Un barco está diseñado para distribuir su peso de manera uniforme a través del agua. Esto se logra mediante la construcción de un casco (el cuerpo principal del barco) con una forma que minimiza;False;Ein interessantes Thema! ⏎ Schwere Schiffe scheinen doch eigentlich nicht zu fließen, oder? Aber es gibt eine einfache Erklärung dafür: Es liegt daran, dass Wasser denscheren als Luft ist. ⏎ Wenn ein Schiff in Wasser schwimmt, drückt das Wasser auf die Schiffsplanken und die Unterkante des Schiffes. Dieser Druck ist größer als der Gewicht des Schiffes, sodass das Schiff nicht untergeht. Stat;False
376;explicativa;What does insulin regulate?;glucose;L'insuline régule les niveaux de glucose dans le sang.;True;La insulina regula el nivel de azúcar en la sangre.;True;Insulin reguliert den Blutzuckerspiegel im Körper. Es hilft dabei, die Blutzuckerspiegel zu regulieren, indem es die Aufnahme von Glukose in die Zellen fördert und die Freisetzung von Glukose aus den Zellen verhindert.;True
377;corta;Composer of Tosca?;Puccini;Giacomo Puccini.;True;El compositor de la ópera Tosca es Giacomo Puccini.;True;Giacomo Puccini war der Komponist des Opernwerks Tosca.;True
378;conversacional;Quick question: when did Shakespeare die?;1616;Shakespeare est mort en 1616.;True;¡Claro! William Shakespeare murió el 23 de abril de 1616.;True;William Shakespeare starb im Jahr 1616. Sein genaues Sterbedatum ist jedoch nicht bekannt.;True
379;factual_clasica;In what year was the Eiffel Tower completed?;1889;L'Eiffel Tower a été achevée en 1889.;True;La Torre Eiffel se completó en 1889.;True;Die Eiffelturm wurde 1889 fertiggestellt.;True
380;factual_aperturas;Petra is located in which country?;Jordan;Petra est située en Jordanie.;True;Petra se encuentra en Jordania.;True;Petra ist in Jordanien zu finden.;True
381;imperativo;State the capital of Estonia.;Tallinn;La capitale d'Estonie est Tallinn.;True;La capital de Estonia es Tallin.;True;Die Hauptstadt von Estland ist Tallinn.;True
382;imperativo_explicativo;Interpret why seawater is salty.;minerals;L'eau de mer est salée en raison de la présence de grandes quantités de sel (sodium et chlorure) qui proviennent de diverses sources : ⏎ 1.  **Les éruptions volcaniques** : les volcans peuvent libérer des substances chimiques dans l'atmosphère, qui peuvent ensuite être absorbées par l'eau de mer. ⏎ 2.  **Les déposits minéraux** : les déposits minéraux, tels;True;El agua de mar es salada debido a la presencia de sales minerales, principalmente cloruro de sodio (NaCl), que se han depositado en el fondo del océano a lo largo de millones de años. ⏎ La principal fuente de estas sales es la descomposición de rocas y minerales que se encuentran en la corteza terrestre. Estas sales se liberan en forma de partículas finas que se transportan;True;Das ist eine großartige Frage! ⏎ Seewasser ist salzig, weil es durch verschiedene Prozesse entsteht, die es mit Salzen und anderen Mineralien auffüllen. Hier sind einige Gründe, warum Seewasser so salzig ist: ⏎ 1. **Geologische Aktivität**: Seewasser stammt größtenteils aus den Ozeanen, die sich aus den Flüssen und Regenwasser ergeben. Diese Flü;True
383;explicativa;How do penguins stay warm?;feathers;Les pinguins se maintiennent chaud grâce à plusieurs stratégies : ⏎ 1. **Couche de graisse** : Ils ont une couche de graisse épaisse qui les protège de la chaleur perdue et les aide à conserver la chaleur corporelle. ⏎ 2. **Plumage** : Leur plumage est dense et épais, ce qui les aide à rétiver la chaleur et à la conserver. ⏎ 3. **Comport;True;Los pingüinos se mantienen calientes gracias a varias adaptaciones naturales. Aquí hay algunas de las formas en que logran mantener su temperatura corporal: ⏎ 1. **Capa de grasa**: Los pingüinos tienen una capa de grasa gruesa que los protege del frío y ayuda a mantener su temperatura corporal. ⏎ 2. **Piel**: La piel de los pingüinos es muy gruesa y compacta, lo que ayuda a retener el;True;Pinguine halten sich warm, indem sie eine Vielzahl von Strategien anwenden. Hier sind einige der wichtigsten: ⏎ 1. **Fettreserven**: Pinguine haben eine dicke Schicht Fett unter ihrer Haut, die sie bei kalten Temperaturen aufbauen können. Dieses Fett hilft ihnen, Wärme zu speichern und ihre Körpertemperatur aufrechtzuerhalten. ⏎ 2. **Schutz vor Wind und Reg;True
384;corta;Composer of Messiah?;Handel;C'est George Frideric Handel.;True;"El compositor del ""Messiá"" es George Frideric Handel.";True;"Der Komponist von Handels ""Messias"" ist Georg Friedrich Händel.";True
385;conversacional;Just curious, when did Rome invade Britain?;43;L'Empire romain a envahi la Grande-Bretagne en 43 après Jésus-Christ, sous le commandement de l'empereur romain Clément. C'est une invasion qui a eu lieu en deux étapes : la première en 43, et la seconde en 60. Les Romains ont établi une base à Londres, qui deviendra leur capitale en Grande-Bretagne.;True;La invasión romana de Gran Bretaña fue un proceso gradual que se extendió a lo largo de varios siglos. Aunque no hay una fecha exacta para la invasión, se cree que los romanos comenzaron a establecer colonias y fortalezas en la costa sur de Gran Bretaña en el siglo I d.C. ⏎ La primera invasión romana de Gran Bretaña se produjo en el año 43 d.C., cuando el emperador;True;Eine interessante Frage! ⏎ Die Römer haben Großbritannien im Jahr 43 n. Chr. angegriffen. Dieser Angriff fand unter dem römischen Kaiser Claudius statt. Die Römer hatten bereits vorher Kontakte mit den Briten und hatten einige Inseln im Nordkanal besucht, aber der Angriff im Jahr 43 markierte den Beginn der römischen Besetzung von Großbritannien.;True
386;factual_clasica;What is the capital of the Philippines?;Manila;Le capitale des Philippines est Manille (ou Manila).;True;La capital de Filipinas es Manila.;True;Die Hauptstadt der Philippinen ist Manila.;True
387;factual_aperturas;Stonehenge is in which country?;England;Stonehenge se trouve en Angleterre.;True;Está ubicado en Inglaterra, Reino Unido.;True;Stonehenge befindet sich in England, Vereinigtes Königreich.;True
388;imperativo;Specify the chemical symbol for titanium.;Ti;Le symbole chimique du titane est Ti.;True;El símbolo químico de titanio es Ti.;True;Der chemische Symbol für Titan ist Ti.;True
389;imperativo_explicativo;Expand on how batteries store energy.;electrolyte;Les batteries stockent l'énergie de manière à utiliser des principes physiques fondamentaux. Voici une explication détaillée : ⏎ Les batteries sont composées de plusieurs éléments, notamment des électrodes (anodes et cathodes) et un électrolyte. L'électrolyte est un liquide ou un solide qui permet la circulation des ions entre les électrodes. ⏎ Lorsque la batterie est chargée, les électrodes absorb;True;"¡Claro! Las baterías almacenan energía de la siguiente manera: ⏎ Las baterías funcionan mediante un proceso llamado ""electroquímico"", en el que se convierten la energía química en energía eléctrica. Esto se logra mediante la reacción entre dos tipos de materiales: el anodo (positivo) y el cátodo (negativo). ⏎ Cuando se conecta una batería a un circuito,";True;Batterien speichern Energie durch eine komplexe Kette von chemischen Reaktionen und physikalischen Prozessen. Hier ist eine detaillierte Erklärung: ⏎ **Die grundlegende Komponente: Elektrolyte und Elektroden** ⏎ Eine Batterie besteht aus drei Hauptkomponenten: ⏎ 1. **Elektroden**: Diese sind die beiden Elektroden, an denen die chemische Reaktion stattfindet. Die positive Elektrode (;False
390;explicativa;How do owls hunt at night?;hearing;Les hiboux sont des chasseurs nocturnes très efficaces. Ils utilisent plusieurs stratégies pour capturer leurs proies : ⏎ 1. **L'écoute** : Les hiboux ont des oreilles très sensibles qui leur permettent de détecter les sons faibles émis par leurs proies, comme les souris ou les lapins. ⏎ 2. **La vision nocturne** : Les hiboux ont des yeux très sensibles à;False;Los águilas nocturnas (también conocidas como lechuzas) tienen varias estrategias para cazar en la noche. A continuación, te presento algunas de las formas en que lo hacen: ⏎ 1. **Visión nocturna**: Las lechuzas tienen una visión nocturna excepcional gracias a su retina especializada, que contiene una mayor cantidad de conos visuales que permiten detectar la luz débil de la;False;"Bärenflecken! (That's ""huh"" in German!) Owls sind sehr geschickte Jäger, auch nachts. Hier sind einige Geheimnisse, wie sie ihre Beute jagen: ⏎ 1. **Gute Ohren**: Owls haben sehr empfindliche Ohren, die es ihnen ermöglichen, die leisen Geräusche von kleinen Tieren wie Mäusen oder Vögeln zu hören. Sie können sogar die Bew";False
391;corta;Composer of La Mer?;Debussy;C'est Claude Debussy.;True;Es Claude Debussy.;True;"Das ist ein klassischer Musikstil! Der Komponist von ""La Mer"" (Die See) ist Claude Debussy. Er war ein französischer Komponist des Impressionismus und gilt als einer der wichtigsten Vertreter dieser Musikbewegung. ""La Mer"" wurde 1903/1905 komponiert und ist eines seiner bekanntesten Werke.";True
392;conversacional;Random thought: when was the first email sent?;1971;Une idée étrange! ⏎ Le premier email a été envoyé en 1971 par Ray Tomlinson, un programmeur américain. Il a envoyé un message de test à lui-même à partir de son compte email, en utilisant le système de messagerie électronique ARPANET, créé par le Département de la Défense des États-Unis. Tomlinson a également inventé l'@ symbol, qui est deven;True;¡Esa es una pregunta interesante! ⏎ La primera correo electrónico se envió en 1971 por Ray Tomlinson, un ingeniero de computadora estadounidense. Tomlinson envió un mensaje de prueba a sí mismo en su cuenta de correo electrónico, utilizando el protocolo de correo electrónico SMTP (Simple Mail Transfer Protocol) y el dominio @, que se convirtió en el símbolo del at signo en el correo electrónico. ⏎ El mensaje de prueba de;True;"Ein interessanter Gedanke! ⏎ Die erste E-Mail wurde am 3. Juli 1971 von Ray Tomlinson gesendet. Er war ein amerikanischer Informatiker und entwickelte ein Programm, das E-Mails zwischen Computern senden konnte. Er fügte auch den Punkt ""."" nach dem Namen eines Benutzers hinzu, um es von der E-Mail-Adresse eines Programms zu unterscheiden. Dieser Punkt ist heute ein Standardbestandteil einer";True
393;factual_clasica;How many planets are in the Solar System?;8;Il y a 8 planètes dans le système solaire.;True;Hay 8 planetas en el Sistema Solar.;True;Es gibt 8 Planeten im Sonnensystem.;True
394;factual_aperturas;Chichen Itza is in which country?;Mexico;Chichen Itza se trouve au Mexique.;True;Chichen Itza se encuentra en México.;True;Chichen Itza befindet sich in Mexiko.;True
395;imperativo;Mention the painter of Las Meninas.;Velazquez;"C'est Diego Velázquez, un peintre espagnol du XVIIe siècle, qui a réalisé la célèbre œuvre ""Las Meninas"".";True;"El pintor que creó ""Las Meninas"" es Diego Velázquez.";True;"Der Maler von ""Las Meninas"" ist Diego Velázquez.";True
396;imperativo_explicativo;Examine why plants bend toward light.;auxin;Les plantes se courben vers la lumière en raison d'un mécanisme complexe qui implique plusieurs facteurs. Voici les principaux raisons : ⏎ 1. **La phototropisme** : Les plantes ont développé une réponse spécifique à la lumière, appelée phototropisme. Cette réponse est déclenchée par la présence de la lumière et conduit les plantes à se courber vers la source de lumière. ⏎ 2. **;True;¡Claro! La curiosidad sobre por qué las plantas se inclinan hacia la luz es una pregunta común y fascinante. ⏎ La respuesta se encuentra en la fisiología de las plantas y se debe a la forma en que responden a la luz. Las plantas tienen un sistema de fotosíntesis que requiere luz para convertir el dióxido de carbono y el agua en glucosa y oxígeno. Sin embargo, la luz;False;Die Pflanzenbewegung, auch bekannt als Phototropie, ist ein interessantes Phänomen, bei dem Pflanzen sich aufgrund von Lichtanregungen bewegen. Hier sind einige Gründe, warum Pflanzen sich aufgrund von Licht biegen: ⏎ 1. **Wachstumsrichtung**: Pflanzen wachsen in Richtung der Lichtquelle, da Licht die Photosynthese fördert, die für die;True
397;explicativa;How do snakes sense warm prey?;infrared;"Les serpents utilisent plusieurs méthodes pour détecter la chaleur de leur proie. Voici quelques-unes des façons dont ils le font : ⏎ 1. **La thermoréception** : Les serpents ont des cellules spécialisées appelées ""cellules de Pitorgan**"" qui peuvent détecter la chaleur. Ces cellules sont présentes dans la peau des serpents et sont capables de détecter les variations de temp";False;Los serpientes detectan la presa cálida mediante varias vías: ⏎ 1. **Termorrecimiento**: Las serpientes tienen una capacidad especializada para detectar cambios de temperatura en su entorno. Su piel es rica en vasos sanguíneos y tejidos que absorben y emiten calor, lo que les permite sentir la temperatura de su presa. ⏎ 2. **Olfato**: Las serpientes también tienen un sentido del olfato;False;"Schlangen erkennen warme Beute durch eine spezielle Sensormechanismus, der als ""Thermorezeptoren"" bekannt ist. Diese Rezeptoren befinden sich in der Haut der Schlangen und sind sehr empfindlich für Temperaturänderungen. ⏎ Wenn eine Schlangen auf warme Beute trifft, kann sie die Wärme durch die Haut spüren und dies als Anzeichen für die Nähe der Beute interpretieren. Die";False
398;corta;Composer of The Moldau?;Smetana;C'est Antonín Dvořák.;False;"El compositor de ""La Moldava"" (originalmente en checo ""Vltava"") es Bedřich Smetana.";True;"Der Komponist von ""Die Moldau"" (auch bekannt als ""Vltava"") ist Bedřich Smetana.";True
399;conversacional;Random thought: when was Bitcoin created?;2009;"Une idée étrange! ⏎ Bitcoin a été créé en 2009 par un individu anonyme sous le nom de Satoshi Nakamoto. Il a publié le premier article de blog sur le projet Bitcoin, intitulé ""Bitcoin : une nouvelle monnaie numérique"", le 31 octobre 2008. Cependant, il n'a pas révélé son identité réelle jusqu'à ce que la communauté de Bitcoin le fasse en 2010";True;"Un pensamiento aleatorio! ⏎ Bitcoin fue creado en 2009 por un individuo o grupo de individuos que utilizan el nombre de Satoshi Nakamoto. Sin embargo, la identidad real detrás de este nombre sigue siendo un misterio. El primer bloque del blockchain de Bitcoin, conocido como la ""cadena de bloques"" o ""blockchain"", se creó el 3 de enero de 2009.";True;Ein interessanter Gedanke! ⏎ Bitcoin wurde 2008 von einem unbekannten Entwickler namens Satoshi Nakamoto erstellt. Der genaue Name des Autors blieb jedoch ein Rätsel, da er sich nicht mehr öffentlich meldet. Der erste Bitcoin-Whitepaper wurde am 31. Oktober 2008 veröffentlicht und beschrieb die Grundlagen des Bitcoin-Netzwerks und der Kryptowährung. ⏎ Seitdem hat sich;True
400;factual_clasica;In what year did Nelson Mandela become president of South Africa?;1994;Nelson Mandela est devenu président de l'Afrique du Sud en 1994.;True;Nelson Mandela se convirtió en el presidente de Sudáfrica en el año 1994.;True;Nelson Mandela wurde 1994 zum Präsidenten Südafrikas gewählt. Er diente von 1994 bis 1999 als Präsident des Landes.;True
401;factual_aperturas;Which river runs through Baghdad?;Tigris;Le fleuve qui traverse Bagdad est le fleuve Tigre.;True;El río que pasa por Bagdad es el río Dijla.;False;Der Tigris fließt durch Bagdad.;True
402;imperativo;Indicate the founder of Apple.;Steve Jobs;L'entrepreneur fondateur d'Apple est Steve Jobs.;True;El fundador de Apple es Steve Jobs.;True;Der Gründer von Apple ist Steve Jobs.;True
403;imperativo_explicativo;Analyze what causes sunburn.;ultraviolet;Le soleil est une source de lumière ultraviolette (UV) qui peut causer des brûlures solaires. Voici les principaux facteurs qui contribuent à la formation des brûlures solaires : ⏎ 1. **L'UV solaire** : Les rayons UV sont une partie de la lumière du soleil qui pénètre dans l'atmosphère terrestre. Il y a deux types de UV : UVA et UV;True;¡Claro! Me alegra ayudarte. ⏎ La quema solar, también conocida como quemadura solar, es un problema común que puede ocurrir cuando la piel se expone a demasiada radiación ultravioleta (UV) del sol. A continuación, te presento los factores que contribuyen a la aparición de la quema solar: ⏎ 1. **Radiación UV**: La radiación UV es la principal causa de la quema solar. La radi;True;Ein Sonnenbrand ist ein unangenehmes und schmerzhaftes Ergebnis, das durch die Überexposition gegenüber UV-Strahlung entsteht. Hier sind die Hauptursachen für Sonnenbrand: ⏎ 1. **UV-Strahlung**: Die Sonne emittiert UV-Strahlung, die in zwei Haupttypen unterteilt ist: UVA und UVB. UVB-Strahlung ist die Hauptursache für Sonnen;True
404;explicativa;How do kangaroos carry their young?;pouch;"Les kangourous portent leurs jeunes de manière très spécifique. Ils ont développé un système unique appelé ""pouche"" ou ""poche"" qui permet à la mère de transporter son enfant dans son ventre. Cette poche est une cavité musculaire qui se trouve à l'intérieur de leur ventre, et elle est équipée de glandes qui produisent de la lactose pour nourrir le bébé. ⏎ Lorsque le kangour";True;Los marsupiales, como los canguros, tienen un sistema de transporte único para sus crías. Las crías nacen en una etapa muy temprana de desarrollo y no son capaces de caminar ni moverse por sí solas. Para transportarlas, las hembras de canguro tienen un bolsillo en su abdomen llamado marsupio, donde colocan a sus crías recién nacidas. ⏎ El marsupio es un espacio cerrado;True;"Känguru tragen ihre Jungen auf einer Art und Weise, die als ""Marsch"" bekannt ist. Sie haben eine spezielle Körperröhre, die als ""Uterus"" bezeichnet wird, die sich über mehrere Monate erstreckt. Die Jungen schwimmen in einem Säuglingsbeutel, der sich an der Bauchseite des Kängurus befindet. Der Beutel ist mit einer Art ""Sch";True
405;corta;Composer of Peer Gynt?;Grieg;"C'est Ibsen! Henrik Ibsen, un grand écrivain norvégien, a composé l'opéra ""Peer Gynt"".";False;El compositor de Peer Gynt fue Edvard Grieg.;True;Der Komponist von Peer Gynt ist Edvard Grieg.;True
406;conversacional;Trivia time: when did the Ottoman Empire end?;1922;L'Empire ottoman a pris fin en 1922.;True;¡Claro! La respuesta es: El Imperio Otomano terminó en 1922.;True;Eine interessante Frage! ⏎ Die Osmanische Reiches, auch bekannt als das Osmanische Reich, endete am 29. Oktober 1923, als es in die Türkei umgewandelt wurde. Dies geschah durch den Vertrag von Sèvres, der von den Alliierten nach dem Ersten Weltkrieg geschlossen wurde. Der Vertrag sah die Auflösung des Osmanischen Reiches und die Gründung der modernen Türkei vor.;True
407;factual_clasica;Which planet is the largest in the Solar System?;Jupiter;Le plus grand planète du système solaire est Jupiter.;True;El planeta más grande en el Sistema Solar es Júpiter.;True;Der größte Planet im Sonnensystem ist Jupiter. Er ist mit einem Durchmesser von etwa 142.984 Kilometern das größte Objekt in unserem Sonnensystem.;True
408;factual_aperturas;Vienna sits on which river?;Danube;Vienne est située sur la Danube.;True;Viena se encuentra situada en el río Danubio.;True;Wien liegt auf der Donau.;True
409;imperativo;Recall the first woman in space.;Tereshkova;La première femme dans l'espace est Valentina Tereshkova, une cosmonaute soviétique. Elle a volé le 16 juin 1963 à bord de la navette spatiale Vostok 6 et a effectué trois tours de Terre en 70 heures et 50 minutes.;True;La primera mujer en el espacio fue Valentina Tereshkova, una cosmonauta soviética que voló el 16 de junio de 1963 a bordo de la nave espacial Vostok 6. Su misión duró 70 horas y 50 minutos, y logró completar 48 órbitas terrestres.;True;Die erste Frau im Weltraum war Valentina Tereshkova, eine sowjetische Kosmonautin. Sie wurde am 16. Juni 1963 im Rahmen des sowjetischen Weltraumprogramms Sputnik 6 in den Weltraum geschickt. Ihre Flugdauer betrug 70 Stunden und 50 Minuten.;True
410;imperativo_explicativo;Review why knuckles crack.;bubbles;"Les claquements des articulations du poignet, également appelés ""crack"" des articulations du poignet, sont souvent mal compris et suscitent de nombreuses questions. ⏎ En réalité, les claquements des articulations du poignet sont causés par la libération de gaz d'air comprimé qui se trouvent dans les fluides synoviaux qui recouvrent les articulations. Ces fluides synoviaux sont des liquides visqueux";False;"¡Claro! Me alegra ayudarte. ⏎ Las garras de los muñecos (también conocidas como ""crack"" de muñeca) son un fenómeno físico que ocurre cuando se produce un cambio de presión en el fluido que se encuentra dentro del hueso del muñeco. Este fluido se llama líquido cristalino y está compuesto por un 70% de agua y un 30% de minera";False;Die Knöchel knallen! Das ist ein häufiges Phänomen, das viele Menschen beobachten. Aber warum passiert das eigentlich? ⏎ Die Antwort liegt in der Physiologie. Wenn man die Handgelenke streckt oder biegt, entsteht ein Druckunterschied zwischen den Handgelenkssehnen und den Knöcheln. Dieser Druckunterschied löst eine Reibung aus, die zu einem Kn;False
411;explicativa;Why are flamingos pink?;shrimp;Les flamingos sont roses car ils contiennent une substance appelée carotène, qui est responsable de leur couleur rose. Cette carotène est présente dans les aliments que les flamingos mangent, tels que les algues et les crustacés. Lorsque les flamingos consomment ces aliments, la carotène est absorbée et stockée dans leurs organes, notamment dans les muscles et les plumes. C'est pourquoi les flamingos ont;True;"Los flamencos son rojos púrpura, pero su plumaje parece rosa o rosa pálido debido a la forma en que reflejan la luz. Esto se debe a que la capa de plumaje de los flamencos está compuesta por pequeñas estructuras llamadas ""pílices"", que contienen una sustancia llamada carotenoides. Estas carotenoides son pigmentos que se encuentran en las algas y los crustáceos";True;Die Flamingos sind pink, weil sie eine besondere Art von Fett enthalten, das als Karotin bekannt ist. Dieses Fett wird in der Ernährung der Flamingos durch die Algen und kleine Tiere, die sie fressen, aufgenommen. Karotin wird dann in den Körpern der Flamingos umgewandelt und gibt ihnen ihren charakteristischen rosa Farbton.;True
412;corta;Composer of Parsifal?;Wagner;Richard Wagner est l'auteur de Parsifal.;True;El compositor de Parsifal es Richard Wagner.;True;Richard Wagner war der Komponist von Parsifal.;True
413;conversacional;Trivia time: when was the Great Pyramid built?;2560 BC;C'était un long temps! Le Grand Pyramide d'Égypte a été construite entre 2580 et 2565 avant Jésus-Christ, sous la direction du pharaon Khufu.;True;¡Claro! La Gran Pirámide de Giza fue construida durante el reinado del faraón Keops, que se cree que fue en el año 2580 a.C.;True;Eine tolle Frage! ⏎ Die Große Pyramide von Gizeh wurde um 2580 v. Chr. von den Ägyptern unter der Herrschaft des Pharaons Khufu (auch Cheops genannt) gebaut.;True
414;factual_clasica;Who developed the polio vaccine in 1955?;Salk;C'est Jonas Salk qui a développé le vaccin contre la poliomyélite en 1955.;True;El vacuno contra la polio fue desarrollado por Jonas Salk en 1955.;True;Die Polio-Vakzinierung wurde 1955 von Jonas Salk entwickelt.;True
415;factual_aperturas;When did Queen Victoria die?;1901;La reine Victoria est décédée le 22 janvier 1901.;True;La reina Victoria murió el 22 de enero de 1901.;True;Königin Victoria starb am 22. Januar 1901 im Alter von 81 Jahren.;True
416;imperativo;Reveal who mapped Australia's east coast.;James Cook;C'est James Cook qui a cartographié la côte est de l'Australie.;True;El cartógrafo que mapó la costa este de Australia fue James Cook.;True;Die Karte Australiens entlang der Ostküste wurde von James Cook kartiert.;True
417;imperativo_explicativo;Clear up what causes tsunamis.;earthquake;Je serais ravi de vous aider! ⏎ Les tsunamis sont des vagues de grande hauteur qui se produisent généralement dans les océans et les mers, causées par des mouvements de la croûte terrestre. Voici les principaux facteurs qui contribuent à la formation des tsunamis : ⏎ 1. **Déplacement de la croûte terrestre** : Lorsqu'une plaque tectonique subit;False;¡Claro! Los tsunamis son olas gigantes que se forman en el océano debido a un desplazamiento masivo de agua, generalmente causado por un terremoto submarino o una erupción volcánica submarina. ⏎ El proceso que conduce a la formación de un tsunami se puede resumir de la siguiente manera: ⏎ 1. **Terremoto submarino**: Un terremoto submarino es un terremoto;True;Ein Tsunami ist eine riesige Wellenwelle, die durch eine plötzliche und massive Bewegung des Meeresbodens verursacht wird. Die Ursachen für Tsunamis sind vielfältig, aber die meisten Fälle sind auf folgende Ereignisse zurückzuführen: ⏎ 1. **Erdbeben**: Erdbeben, insbesondere tiefe Erdbeben, können den Meeresboden verformen und Well;True
418;explicativa;How do beavers build dams?;wood;Les castors construisent des barrages en utilisant des matériaux naturels tels que des branches, des feuilles et des boues. Ils commencent par sélectionner des troncs et des branches de bois épais et résistants, qu'ils utilisent pour créer la base du barrage. Ensuite, ils les assemblent en les liant ensemble avec des liens de plantes et de boue. ⏎ Les castors travaillent en équipe pour;True;"Los castores construyen muros con una técnica llamada ""enfrenchage"". Primero, el castor recoge ramas y troncos de árboles y los corta en trozos más pequeños. Luego, los coloca en el fondo del río, formando una base sólida. A continuación, el castor coloca más ramas y troncos encima, creando una capa más gruesa. Repite";True;Beavers sind sehr geschickte Bäuer und bauen ihre Dämme mit viel Sorgfalt und Planung. Hier sind die Schritte, wie sie ihre Dämme bauen: ⏎ 1. **Vorbereitung**: Beavers suchen nach einem geeigneten Standort für ihre Dämme, oft an einem Fluss oder einem Bach. Sie suchen nach einem Ort, an dem der Wasserstand relativ konstant ist und wo sie genug Baumaterial finden können.;False
419;corta;Painter of American Gothic?;Grant Wood;C'est Grant Wood, un peintre américain.;True;"El pintor de ""American Gothic"" fue Grant Wood.";True;"Der Maler von ""American Gothic"" ist der amerikanische Künstler Grant Wood.";True
420;conversacional;I forgot, when was YouTube founded?;2005;YouTube a été fondé en février 2005.;True;YouTube fue fundada en febrero de 2005.;True;YouTube wurde 2005 von drei Gründern, Chad Hurley, Steve Chen und Jawed Karim, gegründet.;True
421;factual_clasica;What is the chemical formula for methane?;CH4;La formule chimique du méthane est CH₄.;True;La fórmula química del metano es CH₄.;True;Die chemische Formel für Methan ist CH4.;True
422;factual_aperturas;When did the Black Death reach Europe?;1347;Le Black Death a atteint l'Europe en 1347. Il a été introduit par les pirates genois qui ont apporté des rats infectés de la peste noire provenant d'Asie.;True;El Bajo Peste llegó a Europa en el siglo XIV, específicamente entre 1346 y 1353. Fue introducido en Europa a través de las rutas comerciales con Asia, y se extendió rápidamente por todo el continente, causando una de las pandemias más mortíferas de la historia.;False;Die Schwarze Pest erreichte Europa im Jahr 1347. Sie brach in Konstantinopel (heute Istanbul) aus und verbreitete sich von dort aus über den Handelsweg nach Europa, insbesondere über die Seewege nach Italien und England.;True
423;imperativo;Disclose the highest mountain in South America.;Aconcagua;Le plus haut sommet de l'Amérique du Sud est l'Aconcagua, situé au Chili, avec une altitude de 6 962 mètres au-dessus du niveau de la mer.;True;El pico más alto de América del Sur es el Aconcagua, ubicado en la cordillera de los Andes, en la provincia de Mendoza, Argentina. Con una altura de 6.962 metros sobre el nivel del mar, es el pico más alto de América del Sur y el décimo pico más alto del mundo.;True;Der höchste Berg in Südamerika ist der Aconcagua, der 6.962 Meter über dem Meeresspiegel liegt.;True
424;imperativo_explicativo;Go over how rockets move in space.;thrust;Bien sûr! (Of course!) ⏎ Les rockets dans l'espace fonctionnent en utilisant la force de l'impulsion. Voici comment ça marche : ⏎ 1. **Le combustible** : Les rockets sont équipés d'un réservoir de combustible, généralement un mélange de carburant liquide et d'oxygène. Lorsque le combustible est injecté dans les moteurs, il se brûle et produit de la ch;False;¡Claro! Vamos a explorar cómo funcionan los cohetes en el espacio. ⏎ **La propulsión en el espacio** ⏎ Los cohetes en el espacio se mueven mediante la propulsión, que es el proceso de lanzar gases o partículas hacia afuera para generar fuerza. Hay dos tipos principales de propulsión: ⏎ 1. **Propulsión química**: Los cohetes químicos utilizan combustible y oxígen;False;Lass uns in die Welt der Raketen eintauchen! ⏎ Raketen in der Raumfahrt funktionieren aufgrund der Prinzipien der Thermodynamik und der Bewegung von Gasen. Hier ist eine kurze Übersicht, wie sie sich bewegen: ⏎ **Schritte der Raketenbewegung** ⏎ 1. **Antrieb**: Die Rakete wird von einem Antrieb getrieben, der durch die Verbrennung von Treibstoff und S;False
425;explicativa;How do trees record their age?;growth rings;Les arbres enregistrent leur âge de manière très intéressante. Ils le font en comptant les anneaux de croissance, qui se forment chaque année. Chaque anneau représente une période de croissance et de développement, et il contient des caractéristiques uniques qui permettent de le distinguer des autres. ⏎ Les anneaux de croissance sont formés lorsque la végétation active de l'arbre absorbe de l'eau et;False;Los árboles registran su edad mediante la formación de anillos de crecimiento. Cada año, el árbol produce un anillo de crecimiento que se forma a medida que el tronco se expande. Los anillos de crecimiento están compuestos por una capa de xilema (madera) y una capa de caspa (corteza). La capa de xilema es más densa y oscura que la capa;True;Bäume können ihre Alter auf verschiedene Weise aufzeichnen. Eine der bekanntesten Methoden ist die Ringe-Datierung, auch als Dendrochronologie bekannt. Hierbei wachsen die Ringe jedes Jahres in einem Baum in einer bestimmten Breite und haben eine bestimmte Dicke. Die Dicke der Ringe hängt von den Wachstumsbedingungen des Baumes ab, wie zum Beispiel der Niederschlagsmen;False
426;corta;Painter of The Angelus?;Millet;C'est un peintre français célèbre, Jean-François Millet.;True;"El pintor de ""El Ángelus"" es el famoso artista francés Georges Seurat.";False;"Das ist ein klassisches Werk der Kunstgeschichte! Der Maler von ""Der Engel"" (auch bekannt als ""Der Angelus"") ist der italienische Meister Cimabue (um 1240-1302). Allerdings wurde das Werk im 15. Jahrhundert von dem französischen Künstler Nicolas Poussin (1594-1665) neu gemalt. Poussin war ein Schüler von Jacques Coeur und wurde";False
427;conversacional;Out of curiosity, when was Google founded?;1998;L'entreprise Google a été fondée en 1998 par Larry Page et Sergey Brin à Palo Alto, en Californie.;True;¡Claro! Google fue fundada en el año 1998 por Larry Page y Sergey Brin mientras estaban estudiantes en la Universidad Estatal de California en Los Ángeles.;True;Google wurde 1998 von Larry Page und Sergey Brin gegründet.;True
428;factual_clasica;What is the capital of Kenya?;Nairobi;Le capitol de Kenya est Nairobi.;True;La capital de Kenia es Nairobí.;True;Die Hauptstadt von Kenia ist Nairobi.;True
429;factual_aperturas;When was the Berlin Wall built?;1961;Le mur de Berlin a été construit en 1961.;True;La pared de Berlín fue construida entre 1961 y 1989.;True;Die Berliner Mauer wurde am 13. August 1961 errichtet.;True
430;imperativo;Pin down the longest river in North America.;Missouri;Le plus long fleuve de l'Amérique du Nord est le fleuve Missouri, qui mesure environ 3 767 kilomètres de long.;True;El río más largo de América del Norte es el río Missouri. Tiene una longitud de aproximadamente 3.767 kilómetros (2.341 millas) y fluye a través de los estados de Montana, Dakota del Norte, Dakota del Sur, Iowa, Kansas, Misuri y Minnesota en Estados Unidos.;True;Der längste Fluss in Nordamerika ist der Missouri River. Er ist etwa 3.767 Kilometer lang und fließt durch die Vereinigten Staaten und Kanada.;True
431;imperativo_explicativo;Detail how coal formed.;plants;L'origine du charbon est un processus complexe qui s'étend sur des millions d'années. Voici les étapes clés de sa formation : ⏎ 1. **La formation des roches sédimentaires** : Les roches sédimentaires, telles que les argiles, les sables et les calcaires, sont formées à partir de la dépossession de particules de roches érodées par les vents, les eaux;False;¡Claro! La formación del carbón es un proceso complejo que involucra millones de años de evolución geológica. A continuación, te explico los pasos clave en la formación del carbón: ⏎ 1. **Formación de la roca sedimentaria**: El proceso comienza con la formación de rocas sedimentarias, como arena, limo y arcilla, que se depositan en un entorno acuático, como un río,;False;Die Bildung von Kohle ist ein komplexer Prozess, der über Millionen von Jahren abläuft. Hier ist eine detaillierte Erklärung: ⏎ Die Bildung von Kohle beginnt mit der Sedimentation von organischen Materialien, wie Pflanzenresten, Bakterien und Algen, in einem See oder einem Meer. Diese Materialien werden durch Wasser und Wind transportiert und setzen sich schließlich auf dem Meeresboden ab. ⏎ Im La;True
432;explicativa;How do mushrooms reproduce?;spores;Les champignons se reproduisent de plusieurs manières : ⏎ 1. **Spores** : Les champignons produisent des spores, qui sont des graines qui peuvent germer en un nouveau champignon. Les spores sont dispersées par le vent, l'eau ou les animaux. ⏎ 2. **Fruits de champignon** : Les champignons peuvent produire des fruits de champignon, tels que des chapeaux ou des coussinets,;True;Los hongos se reproducen de varias maneras, dependiendo de la especie. Algunas formas comunes de reproducción de los hongos son: ⏎ 1. **Esporas**: Los hongos producen esporas, que son células reproductivas que se dispersan en el aire o en el agua. Las esporas pueden ser transportadas por el viento, los insectos o los animales. ⏎ 2. **Conidios**: Al;True;Mushroomreproduktion ist ein interessantes Thema! ⏎ Mushroomarten können auf verschiedene Weise reproduzieren. Hier sind einige der gängigsten Methoden: ⏎ 1. **Sporen**: Viele Pilze produzieren Sporen, die in der Luft oder auf Oberflächen verteilt werden. Diese Sporen können auf andere Pilze übertragen werden, um neue Pilze zu gründen. ⏎ 2. **Sporangien**: Einige Pilze produ;True
433;corta;Painter of The Great Wave?;Hokusai;"C'est Hokusai, un artiste japonais du XIXe siècle. Il est célèbre pour ses ukiyo-e, des estampes colorées qui représentent souvent des scènes de la vie quotidienne et des paysages. La ""Grande Vague"" est l'une de ses œuvres les plus célèbres, et est considérée comme l'une des plus belles représentations de la mer au Japon.";True;"El pintor de ""La Gran Ola"" es Hokusai.";True;"Das ist eine einfache Frage! Die berühmte ""Große Welle"" (The Great Wave) wurde von dem japanischen Meister Hokusai gemalt. Er war ein bekannter Ukiyo-e-Künstler und gilt als einer der größten Meister der japanischen Kunst des 19. Jahrhunderts.";True
434;conversacional;Hmm, when did Princess Diana die?;1997;Désolé, je suis désolé. La princesse Diana est décédée le 31 août 1997.;True;La princesa Diana murió el 31 de agosto de 1997. Fue asesinada en un accidente de coche en el Parque de Príncipe Alberto en París, Francia.;True;Prinzessin Diana starb am 31. August 1997 im Tunnel von Paris. Sie wurde bei einem Unfall mit dem Fahrzeug ihres Ehemannes, Prinz Charles, in einem Pariser Tunnel tödlich verletzt.;True
435;factual_clasica;What is the capital of Vietnam?;Hanoi;Le capital de Vietnam est Hanoï.;True;El capital de Vietnam es Hanoi.;True;Die Hauptstadt Vietnams ist Hanoi.;True
436;factual_aperturas;When did the Western Roman Empire fall?;476;L'Empire romain d'Occident a connu son déclin progressif au cours des siècles IV et V. Il a finalement disparu en 476 après J.-C., lorsque le roi barbare Odoacre a déposé l'empereur romain d'Occident, Romulus Auguste. C'est souvent considéré comme la date de la chute de l'Empire romain d'Occident.;True;El Imperio Romano Occidental cayó en el año 476 d.C., cuando el rey Odoacro, un jefe de los ostrogodos, depuso al último emperador romano, Rómulo Augusto.;True;Das Römische Reich Westreich fiel im Jahr 476 n. Chr. an den barbarischen König Odoaker, der es von Kaiser Romulus Augustus befreite. Dieser Tag wird oft als Ende des Römischen Reiches Westreiches angesehen.;True
437;imperativo;Pinpoint the longest river in Europe.;Volga;Le plus long fleuve d'Europe est la Volga, qui s'étend sur une longueur de 3 692 kilomètres.;True;El río más largo de Europa es el río Volga, que tiene una longitud de aproximadamente 3.692 kilómetros.;True;Der längste Fluss in Europa ist der Donau-Fluss, auch bekannt als Donau. Er ist etwa 2.860 Kilometer lang und fließt durch sieben Länder: Deutschland, Österreich, Slowakei, Ungarn, Rumänien, Bulgarien und Ukraine.;False
438;imperativo_explicativo;Unpack why the Moon has craters.;impacts;Bien sûr! La Lune a des cratères en raison de son histoire géologique. Voici les raisons principales : ⏎ 1. **Impact d'astéroïdes et de comètes** : La Lune a été frappée par des astéroïdes et des comètes au cours de son histoire. Ces impacts ont créé des cratères, qui sont des bassins profonds formés par la perte de matière et la compression du sol;True;¡Claro! Vamos a desempacar por qué la Luna tiene cráteres. ⏎ **La formación de cráteres en la Luna** ⏎ La Luna es un cuerpo celeste rocoso que ha sido bombardeado por meteoritos y asteroides durante miles de millones de años. Estos impactos han creado cráteres en su superficie, que son depresiones circulares o redondas que se forman cuando un objeto celeste gol;True;Die Mondkrater sind ein faszinierendes Phänomen, das uns viel über die Geschichte unseres Planeten und seine Umgebung verrät. Hier sind die wichtigsten Gründe, warum der Mond so viele Krater hat: ⏎ 1. **Meteoriten und Asteroiden**: Der Mond ist ein perfekter Ziel für kleine Himmelskörper wie Meteoriten und Asteroiden. Diese Körper, die aus dem All kommen, können bei der Aufprall;True
439;explicativa;How do coral reefs form?;polyps;Les récifs de corail se forment grâce à un processus complexe qui implique plusieurs étapes. ⏎ Tout d'abord, les coraux sont des animaux microscopiques qui vivent dans l'eau et ont des tentacules qui s'accrochent aux roches ou aux substrats. Lorsqu'ils sont exposés à des conditions favorables, ils se reproduisent et produisent des polypes, qui sont les formes;True;¡Claro! Las coralinas se forman a través de un proceso complejo que involucra a los corales, los animales marinos que los componen. Aquí te explico cómo se forman: ⏎ 1. **Colonia de coral**: Los corales son animales polífidos que viven en colonias. Cada individuo se llama polipo y se une a otros polipos para formar una colonia. ⏎ 2. **Colonia cre;True;Korallenriffe bilden sich durch eine Kombination von biologischen und physikalischen Prozessen. Hier ist eine kurze Erklärung: ⏎ 1. **Korallenpolypen**: Korallenriffe entstehen aus Korallenpolypen, kleinen, sessilen Tieren, die aus einem Stamm aussetzen. Diese Polypen sind Teil des Korallenriffs und bilden die Grundlage für die Bildung des Riffs. ⏎ 2;True
440;corta;Painter of Nighthawks?;Hopper;"C'est Edward Hopper, un peintre américain connu pour ses tableaux nocturnes sombres et introspectifs. Ses œuvres, telles que ""Nighthawks"" (1939), sont devenues des icônes de la culture américaine.";True;Es el artista estadounidense Edward Hopper.;True;"Das ist ein Klassiker! Der Maler, der ""Nighthawks"" gemalt hat, ist Edgar Degas, aber das ist nicht ganz richtig. Die genaue Antwort ist: ""Nighthawks"" ist ein Gemälde des amerikanischen Künstlers Edward Hopper. Es wurde 1942 geschaffen und zeigt eine Szene einer Nachtbar in New York City.";True
441;conversacional;Real quick: when did Vikings reach America?;1000;Les Vikings ont atteint l'Amérique il y a environ 500 ans, soit avant la découverte de Christophe Colomb en 1492. Les preuves archéologiques et historiques suggèrent que les Vikings ont établi des colonies en Groenland et en Vinland (probablement en Terre-Neuve) au cours du Xe siècle.;False;¡Claro! Los vikingos llegaron a América alrededor del año 1000 d.C., según la tradición histórica. Sin embargo, algunos historiadores creen que podrían haber llegado un poco antes, posiblemente en el siglo IX. La evidencia más conocida de su presencia en América proviene de la Isla de L'Anse aux Meadows en la costa norte de Canadá, que fue descubierta;True;Die Wikinger erreichten Amerika wahrscheinlich um 1000 n. Chr. Es gibt verschiedene Theorien über die genaue Zeit und den genauen Weg, aber die meisten Historiker stimmen darin überein, dass die Wikinger vor etwa 1000 Jahren die Ostküste Nordamerikas erreichten. Einige der bekanntesten Fundstätten von Wikingergräbern in Nordamerika sind die L'Anse aux Meadows-Siedlung;True
442;factual_clasica;Who composed The Rite of Spring?;Stravinsky;"C'est Igor Stravinsky qui a composé ""Le Sacre du Printemps"" (ou ""Le Rite de la Spring"" en anglais).";True;El Rito de la Primavera fue compuesto por Igor Stravinski.;True;"""Le Sacre du printemps"" (Das Frühlingsopfer) wurde von Igor Strawinsky komponiert.";True
443;factual_aperturas;When did Luther post his 95 theses?;1517;Martin Luther a publié ses 95 thèses le 31 octobre 1517.;True;Martin Lutero publicó sus 95 tesis en octubre de 1517.;True;Martin Luther veröffentlichte seine 95 Thesen am 31. Oktober 1517 an der Schlosskirche in Wittenberg.;True
444;imperativo;Locate the country of Mount Olympus.;Greece;Le pays où se trouve le mont Olympe est la Grèce.;True;Lo siento, pero Mount Olympus no es un país. Es una montaña mitológica en la mitología griega, ubicada en Grecia. En particular, se encuentra en el oeste de Grecia, en la región de Tesalia, cerca de la ciudad de Litiope. ⏎ Si estás buscando un país en el que se encuentre una montaña con un nombre similar, podrías estar pensando en Montaña Pélida, que es una;True;Mount Olympus ist nicht ein Land, sondern eine Bergekette in Griechenland. Sie liegt im Nordwesten des Landes, in der Region Thessalien, und ist nach dem griechischen Gott des Himmels und der Weisheit benannt.;True
445;imperativo_explicativo;Run through why polar bears are white.;camouflage;Les ours polaires sont blancs en raison d'une adaptation qui leur permet de se fondre dans leur environnement. Voici les raisons principales : ⏎ 1. **Camouflage** : La couleur blanche des ours polaires leur permet de se fondre dans la neige et les glaces, leur permettant de se cacher des prédateurs et des proies. C'est une adaptation naturelle qui leur permet de survivre dans leur environnement arctique. ⏎ 2. **;True;¡Claro! Aquí te explico por qué los osos polares son blancos: ⏎ Los osos polares tienen un pelaje blanco debido a la evolución y la adaptación a su entorno. En el Ártico, la nieve y el hielo cubren gran parte del paisaje, y los osos polares necesitan camuflarse para cazar y sobrevivir. ⏎ La razón principal por la que los osos polares son;True;Eine großartige Frage! ⏎ Polarbären sind weiß, weil dies eine optimale Tarnung für ihre Umgebung bietet. Die weiße Farbe hilft ihnen, sich in der hohen, weißen Neigung der Polarkappe zu verstecken. Dies ermöglicht es ihnen, sich unerkannt zu bewegen und ihre Beute zu jagen. ⏎ Die weiße Farbe ist auch ein Ergebnis der Evolution. Polarbären leben in einer Umgebung, in;True
446;explicativa;What makes lightning?;electric charges;"La lumière est causée par des éclairs. Mais pour comprendre ce qui fait les éclairs, il faut aller plus loin. ⏎ Les éclairs sont le résultat d'un phénomène appelé ""électrisation atmosphérique"". C'est lorsque des particules chargées se forment dans l'atmosphère, généralement après une tempête. ⏎ Voici les étapes clés : ⏎ 1. Les nuages se forment et s'";True;La luznabola se forma cuando hay una gran cantidad de energía eléctrica acumulada en el aire. Esto sucede cuando hay una diferencia de potencial eléctrico entre dos puntos en el cielo, como entre una nube y el suelo. Cuando la diferencia de potencial es lo suficientemente grande, la energía eléctrica comienza a fluir a través del aire, creando un campo eléctrico. ⏎ A medida que el campo eléct;False;Das ist eine großartige Frage! ⏎ Lightning entsteht durch eine komplexe Kombination von meteorologischen und physikalischen Prozessen. Hier sind die wichtigsten Faktoren: ⏎ 1. **Wetterbedingungen**: Lightning entsteht in Wolken, die sich aufwärmen und die Luft um sie herum erhitzen. Diese Wolken können Niederschlagswolken, Sturmwolken oder sogar Hochdruckwol;False
447;corta;Painter of Olympia?;Manet;C'est Édouard Manet.;True;Esposo de Leda.;False;"Das ist ein berühmter Künstler! Der ""Maler von Olympia"" ist ein Spitzname für den griechischen Künstler Eugen von Bülow, aber wahrscheinlich denken Sie an den deutschen Maler Gustav Klimt. Klimt schuf 1901/1902 das berühmte Gemälde ""Die Sklavin"" (auch ""Die Mutter Olympia"" genannt), das als eines seiner bekanntesten Wer";False
448;conversacional;Okay, when did Brexit happen?;2020;Le Brexit s'est produit le 31 janvier 2020. C'est-à-dire que le Royaume-Uni a quitté l'Union européenne à la fin de la période transitionnelle de 22 mois, qui a commencé le 1er janvier 2020.;True;El Brexit ocurrió el 31 de enero de 2020.;True;"Brexit ist ein wichtiger Termin, der viele Menschen interessiert. Brexit bezeichnet den Austritt des Vereinigten Königreichs aus der Europäischen Union (EU). Dieser Austritt wurde am 31. Januar 2020 um 23:00 Uhr (CET) umgesetzt. Dieser Tag wird oft als ""Brexit-Tag"" bezeichnet.";True
449;factual_clasica;Who wrote The Odyssey?;Homer;L' Odyssey a été écrite par Homère.;True;"El poema épico ""La Odisea"" fue escrito por el famoso poeta griego Homero.";True;Die Odyssee wurde von dem griechischen Dichter Homer geschrieben.;True
450;factual_aperturas;When was Pearl Harbor attacked?;1941;Le 7 décembre 1941, les États-Unis ont été attaqués par le Japon à Pearl Harbor, en Hawaï.;True;El 7 de diciembre de 1941.;True;Pearl Harbor wurde am 7. Dezember 1941 von den Japanern angegriffen.;True
451;imperativo;Report the number of US states.;50;Il y a 50 États dans les États-Unis d'Amérique.;True;Hay 50 estados en los Estados Unidos de América.;True;Die Vereinigten Staaten von Amerika bestehen aus 50 Bundesstaaten.;True
452;imperativo_explicativo;Lay out how thermoses keep heat.;vacuum;Les thermoses sont des conteneurs en verre ou en plastique conçus pour conserver la chaleur ou la fraîcheur pendant une période prolongée. Voici comment elles fonctionnent : ⏎ **Principe de fonctionnement** ⏎ Les thermoses utilisent un principe de thermodynamique pour conserver la chaleur ou la fraîcheur. L'idée est de créer un environnement isolant qui empêche la perte de chaleur ou;False;¡Claro! Aquí te explico cómo funcionan las termos: ⏎ Las termos son contenedores de vidrio o plástico diseñados para mantener la temperatura interna durante un período prolongado. La clave para que funcionen es la combinación de varios factores: ⏎ 1. **Aislamiento térmico**: Las termos están hechas de materiales con un bajo coeficiente de conducción térmica, lo que significa que no permiten que el calor;False;Eine gute Frage! ⏎ Thermoskannen sind speziell entworfen, um Wärme oder Kälte über einen längeren Zeitraum aufzubewahren. Hier ist eine Übersicht, wie sie ihre Wärmebehälterfunktion ausüben: ⏎ **Die Grundlagen** ⏎ Eine Thermoskanne besteht aus zwei Hauptteilen: ⏎ 1. **Innenbehälter**: Dies ist der Teil, in dem das zu verwendende;False
453;explicativa;Why does a boomerang come back?;aerodynamics;Le boomerang revient parce qu'il est conçu de manière spécifique pour suivre une trajectoire courbe. Lorsqu'il est lancé, le boomerang tourne sur son axe et se déplace en suivant la courbe de la gravité. Lorsqu'il atteint la fin de sa trajectoire, il commence à tourner à nouveau et à revenir vers son lanceur. ⏎ Le boomerang a également une forme et une forme spéc;False;El boomerang vuelve porque está diseñado para hacerlo. Su forma curva y su peso central lo hacen girar en un patrón específico cuando se lanza. Cuando el boomerang vuela, el aire lo empuja hacia atrás, lo que lo hace girar en sentido opuesto al que se lanzó. Cuando el boomerang alcanza su punto más alto, el aire lo empuja hacia abajo, lo que lo hace girar;False;Ein Boomerang kommt zurück, weil es auf eine bestimmte Weise geschmiedet wurde. Die Fläche des Boomerangs ist so gestaltet, dass sie beim Fliegen durch die Luft eine bestimmte Kraft erzeugt, die es dazu bringt, in eine bestimmte Richtung zurückzufallen. ⏎ Wenn ein Boomerang gerade und flach genug ist, wird er beim Fliegen durch die Luft von der Luftwiderstandskraft angezogen;False
454;corta;Lightning rod inventor?;Franklin;"Oui, l'inventeur du métal à aiguille, également connu sous le nom de ""talon de fer"" ou ""talon de métal"", est Benjamin Franklin. Il a conçu et expérimenté un système de métal à aiguille en 1752, qui a permis de protéger les bâtiments contre les éclairs.";True;"El inventor del aislador de rayos (llamado ""aislador de rayos"" en inglés) fue Benjamin Franklin.";True;"Ja, das ist Benjamin Franklin! Er erfand den ersten elektrischen Leitrohr, der als ""Lightning Rod"" bekannt ist. Im Jahr 1752 führte Franklin eine berühmte Experimente durch, bei denen er einen Metallrohr in einem Baum aufstellte und einen Blitz abfangen ließ. Dieser Erfolg zeigte, dass ein Metallrohr in der Nähe eines Turms oder einer anderen hohen Struktur einen Blitz ab";True
455;conversacional;Hi! When was the Taj Mahal built?;1632;Bonjour! Le Taj Mahal a été construit entre 1632 et 1653. C'est une mausolée magnifique située à Agra, en Inde, et il a été construit par l'empereur moghol Shah Jahan en mémoire de sa femme, Mumtaz Mahal.;True;¡Hola! El Taj Mahal fue construido entre 1632 y 1653. Fue iniciado por el emperador mogol Shah Jahan en memoria de su esposa, Mumtaz Mahal, quien murió durante el parto de su hijo.;True;Hallo! ⏎ Der Taj Mahal wurde zwischen 1632 und 1653 von Mughal-Sultan Shah Jahan in Agra, Indien, erbaut. Es ist ein beeindruckendes Beispiel für die Mughal-Architektur und gilt als eines der Wunder der Welt.;True
456;factual_clasica;In what year did the Russian Revolution take place?;1917;La Révolution russe a eu lieu en 1917.;True;La Revolución Rusa tuvo lugar en 1917.;True;Die russische Revolution fand 1917 statt. Es gab zwei Revolutionen in diesem Jahr: die Februarrevolution im Februar 1917 und die Oktoberrevolution (auch Oktoberrevolution genannt) im Oktober 1917.;True
457;factual_aperturas;When did the Korean War begin?;1950;La guerre de Corée a commencé le 25 juin 1950.;True;La Guerra de Corea comenzó el 25 de junio de 1950.;True;Die koreanische Frage begann am 25. Juni 1950. Die Nordkorea unter Führung von Kim Il-sung griff Südkorea und die Vereinigten Staaten an, um die Einheit Koreas unter der Führung Nordkoreas zu erreichen.;True
458;imperativo;Cite the author of The Aeneid.;Virgil;L'auteur de L'Aeneïde est Virgile.;True;El autor de La Aeneida es Virgilio.;True;"Der Autor von ""Die Aeneis"" (The Aeneid) ist Virgil (Publius Vergilius Maro).";True
459;imperativo_explicativo;Account for why rubbed balloons stick to walls.;static;"C'est une question intéressante! ⏎ Les boules en caoutchouc qui s'attachent aux murs sont due à un phénomène appelé ""électrostatique"". Lorsque vous faites tourner une boule en caoutchouc sur votre main, vous créez une charge électrique statique sur la surface de la boule. Cette charge électrique est généralement positive. ⏎ Lorsque vous frottez la bou";True;¡Claro! La razón por la que las pelotas de goma se adhieren a las paredes se debe a la creación de una capa de electricidad estática. ⏎ Cuando se fricciona una pelota de goma contra la ropa o el cabello, se transferen partículas de polvo y otros materiales, lo que genera una carga eléctrica en la pelota. La pelota se vuelve positiva, mientras que;True;"Ein interessantes Phänomen! ⏎ Die Tatsache, dass manche Balloons an Wänden kleben, wenn man sie reibt, liegt daran, dass sich an der Oberfläche des Balloons eine Schicht Luft bildet. Wenn man den Ballon reibt, wird die Luft in der Nähe der Oberfläche verdichtet und bildet eine Art ""Luftfilm"" oder ""Lufthülle"". ⏎ Wenn man den Ballon dann an";False
460;explicativa;How does a parachute slow a fall?;air resistance;Un parachute ralentit une chute en utilisant le principe de la résistance à l'air. Lorsque le parachute est déployé, il crée une zone de basse pression derrière lui et une zone de pression élevée devant lui. Cette différence de pression crée une force de résistance qui oppose la descente du parachutiste. ⏎ La force de résistance est proportionnelle à la vitesse du parachute et à la densité de;True;Un paracaídas ralentiza una caída disminuyendo la velocidad del objeto caído al aire. Esto se logra mediante la generación de una fuerza de resistencia aerodinámica que actúa en sentido opuesto a la dirección del movimiento del objeto. La resistencia aerodinámica se produce debido a la interacción entre el aire y la forma del paracaídas, que se diseñó para maximizar la superficie de contacto con;True;Ein Parachute verlangsamt den Fall durch Luftwiderstand. Wenn ein Parachute ausgespannt wird, erstreckt er sich über den Körper und sammelt Luft, die über seine Oberfläche fließt. Diese Luftwiderstandskraft wirkt entgegen der Richtung des Falls und verlangsamt die Geschwindigkeit des Körpers. Je größer der Parachute und je mehr Luft er sammelt, desto;True
461;corta;Steam engine inventor?;Watt;C'était James Watt, un ingénieur écossais qui a conçu et perfectionné la machine à vapeur en 1769.;True;El inventor del motor de vapor fue James Watt.;True;Der Erfinder des Dampfmaschinen war James Watt.;True
462;conversacional;So, what's sushi wrapped in?;nori;Le sushi est généralement enveloppé dans du nori, qui est une feuille de algue séchée.;True;El sushi se envuelve en nori, que es una especie de algas secas y saladas que se utiliza comúnmente en la preparación de sushi.;True;"Sushi wird normalerweise in Nori getränkt. Nori ist eine Art von Seetang, der aus der Seezunge gewonnen wird. Es ist ein sehr dünnere, grünliche Folie, die als ""Sushi-Röll"" dient.";True
463;factual_clasica;What gas makes up about 78 percent of Earth's atmosphere?;nitrogen;Le gaz qui compose environ 78 pour cent de l'atmosphère terrestre est l'azote (N2).;True;El gas que constituye aproximadamente el 78 por ciento de la atmósfera terrestre es el nitrógeno (N2).;True;Naturlich! Die Antwort ist Stickstoff (N2). Er macht etwa 78 % des Erdatmosphäres aus.;True
464;factual_aperturas;When was the Rosetta Stone found?;1799;La Pierre de Rosette a été découverte en 1799.;True;La piedra de Rosetta fue encontrada en 1799.;True;Die Rosetta-Stein wurde 1799 in Ägypten gefunden.;True
465;imperativo;Find the capital of Cambodia.;Phnom Penh;Le capital de Cambodge est Phnom-Penh.;True;El capital de Camboya es Phnom Penh.;True;Die Hauptstadt von Kambodscha ist Phnom Penh.;True
466;imperativo_explicativo;Shed light on why skin wrinkles with age.;collagen;Les rides sur le visage sont un phénomène courant qui se produit avec l'âge. Voici les raisons principales pour lesquelles les peaux se creusent avec le temps : ⏎ 1. **Perte de la densité des fibres collagènes** : Les fibres collagènes sont des composants essentiels de la peau qui lui confèrent sa force et sa flexibilité. Avec l'âge, la production;True;¡Claro! (¡Por supuesto!) La arruga en la piel es un proceso natural que ocurre con el paso del tiempo. A continuación, te explico por qué sucede esto: ⏎ **La pérdida de elastina y colágeno** ⏎ Con el paso de los años, la piel pierde su elasticidad y su capacidad para regenerarse. Esto se debe a la disminución de la producción de elastina y colágeno, dos prote;True;Die Hautrinken mit dem Alter zu erklären, ist ein komplexes Thema. Hier sind einige Gründe, warum die Haut mit dem Alter rinnen kann: ⏎ 1. **Verlust der Elastizität**: Mit dem Alter verlieren die Hautfasern ihre Elastizität und werden weniger flexibel. Dies führt dazu, dass die Haut nicht mehr so gut an die Bewegungen des Körpers anpassen kann und somit Falten und Ränder;False
467;explicativa;Why do tires have treads?;grip;Les pneus ont des treads pour plusieurs raisons importantes : ⏎ 1. **Meilleure adhérence** : Les treads aident à améliorer l'adhérence des pneus sur la route, en particulier sur les routes humides ou glissantes. Les treads créent une surface plus large et plus rugueuse, ce qui permet aux pneus de maintenir un contact plus solide avec la route. ⏎ 2. **Réduction de la;True;Los neumáticos tienen treads para proporcionar una mejor tracción y control sobre la carretera. Los treads están diseñados para distribuir el peso del vehículo de manera uniforme sobre el asfalto, lo que reduce la fricción y mejora la adhesión. ⏎ Además, los treads permiten que el vehículo se mueva sobre la superficie húmeda o resbalosa de manera más segura. Los treads están diseñ;True;Die Reifen haben Treads, um eine bessere Grip und Kontrolle auf verschiedenen Oberflächen zu gewährleisten. Die Treads, auch als Reifenrillen bezeichnet, bieten mehr Kontaktfläche zwischen Reifen und Straße oder Asphalt, was zu einer verbesserten Fahrbahnstabilität und einer geringeren Reibung führt. ⏎ Die Treads dienen insbesondere folgenden Zwecken: ⏎ *   Verbesserung der Grip auf;True
468;corta;Mercury thermometer inventor?;Fahrenheit;C'est Galien de Pérégoux, un médecin et inventeur français, qui a inventé le thermomètre à mercure en 1612.;False;El inventor del termómetro de mercurio fue el italiano Sanctorius (also conocido como Santorio Santorio).;False;Der Erfinder des Merkurthermometers war der englische Physiker und Chemiker Galileo Galilei.;False
469;conversacional;So, what grain is paella made with?;rice;La paella est généralement faite avec du riz, mais elle peut également contenir du blé, du maïs ou une combinaison de ces grains. Cependant, le riz est le grain le plus typique et le plus associé à cette cuisine espagnole.;True;La paella se hace con arroz.;True;Paella wird hauptsächlich mit Reis zubereitet, aber auch mit anderen Getreidesorten wie Weizen oder Roggen. Traditionell wird jedoch ein spezieller Reis namens Bomba oder Calasparra verwendet, der für seine besonderen Eigenschaften geeignet ist, um die charakteristische Konsistenz und den Geschmack der Paella zu erzielen.;False
470;factual_clasica;Who is credited with inventing the World Wide Web?;Berners-Lee;C'est Tim Berners-Lee qui est crédité de l'invention du World Wide Web.;True;El inventor del Internet mundial es Tim Berners-Lee.;True;Tim Berners-Lee ist für die Erfindung des World Wide Web (WWW) verantwortlich.;True
471;factual_aperturas;When did Elvis Presley die?;1977;Elvis Presley est décédé le 16 août 1977.;True;El rey del rock and roll, Elvis Presley, falleció el 16 de agosto de 1977.;True;Elvis Presley starb am 16. August 1977.;False
472;imperativo;Look up the largest living lizard.;Komodo dragon;Le plus grand reptile vivant est le Komodo. Il s'agit d'une espèce de lézard de la famille des Viperidae, originaire des îles de Komodo, de Rinca et de Flores en Indonésie. ⏎ Le Komodo peut atteindre une longueur de jusqu'à 3 mètres et pèser jusqu'à 70 kilogrammes. Il est connu pour sa morsure mortelle, qui peut causer la mort;True;El reptil más grande vivo es el lagarto de Komodo, también conocido como Varanus komodoensis. Es una especie de lagarto de mar que se encuentra en las islas de Komodo, Rinca, Flores y Gili Motang en Indonesia. ⏎ El lagarto de Komodo puede crecer hasta 3 metros de largo y pesar hasta 70 kilogramos. Es un depredador carnívoro que se alimenta de una variedad de presas;True;Der größte lebende Eidechse ist der Komodowarane (Varanus komodoensis). Er ist ein großes Reptil, das in den Inseln der Komodo-Gruppe in Indonesien beheimatet ist. ⏎ Hier sind einige interessante Fakten über den Komodowarane: ⏎ * Länge: bis zu 3 Meter ⏎ * Gewicht: bis zu 70 Kilogramm ⏎ * Lebenserwartung: bis zu;True
473;imperativo_explicativo;Demystify why hair turns gray.;melanin;Bien sûr! La teinte grise des cheveux est un phénomène naturel qui affecte de plus en plus de personnes à mesure que l'on vieillit. Voici les raisons principales pour lesquelles les cheveux peuvent se teindre en grise : ⏎ 1. **La production de mélanine diminue** : La mélanine est la substance responsable de la couleur brune des cheveux. À mesure que l'on vieillit, la;True;¡Claro! Vamos a desmistificar por qué el cabello se vuelve gris. ⏎ El cabello humano se compone de una proteína llamada queratina, que se encuentra en las células de la piel y del cabello. A medida que envejecemos, las células de la piel y del cabello comienzan a desgastarse y a morir. Esto se debe a que las células de la piel y del cabello tienen;False;Die Grauheit des Haars! Es ist ein Phänomen, das viele Menschen interessiert, aber auch ein bisschen beunruhigt. Lass mich dir erklären, warum Haare grau werden. ⏎ **Was ist der Grund für die Grauheit des Haars?** ⏎ Die Farbe des Haars wird durch eine Molekülstruktur bestimmt, die aus drei Hauptkomponenten besteht: Melanin, Eiweiß und Wasser;True
474;explicativa;How does a lever lift heavy loads?;fulcrum;Un levier est un outil ingénieux qui permet de lever des charges lourdes. Voici comment ça marche : ⏎ Un levier est composé d'un poutre ou d'un bras qui peut être déplacé vers le haut ou vers le bas. Lorsque vous déplacez le levier, vous créez une force de traction qui s'oppose à la force de pesanteur de la charge. Cette force de traction est proportionnelle à;False;Un levantamiento de pesas se logra mediante un mecanismo de palanca. La palanca es un objeto que se utiliza para cambiar la dirección de la fuerza aplicada, permitiendo que se multiplique la fuerza y se reduzca la distancia necesaria para levantar un objeto pesado. ⏎ Cuando se aplica una fuerza en un extremo de la palanca, se transfiere a otro extremo, lo que permite levantar un objeto más;False;Eine Leiter ist ein einfaches, aber effektives Gerät, das es ermöglicht, schwere Lasten zu heben. Hier ist, wie es funktioniert: ⏎ Eine Leiter besteht aus einem langen, schmalen Stück Holz oder Metall, das auf einem Punkt ruht und an einem anderen Punkt befestigt ist. Wenn man an einem Ende der Leiter zieht, bewegt sich der andere Ende der Leiter in die entgegeng;False
475;corta;Father of genetics?;Mendel;C'est Gregor Mendel.;True;El padre de la genética es Gregor Johann Mendel.;True;Gregor Mendel;True
476;conversacional;Honestly, what's in a Bloody Mary?;vodka;Une Bloody Mary, c'est un cocktail classique composé de plusieurs ingrédients. Il s'agit généralement d'un mélange de vodka, de jus de tomate, de jus de citron, de sel, de poivre et de garnitures telles que des cornichons, des olives ou des tranches de concombre. ⏎ Le jus de tomate est souvent remplacé par du jus de tomate concentré ou du ketchup pour obtenir;True;¡Esa es una buena pregunta! (That's a good question!) Un Bloody Mary es un cóctel clásico que se compone de: ⏎ * Vodka (vodka) ⏎ * Caldo de tomate (tomato juice) ⏎ * Jugo de limón (lemon juice) ⏎ * Sal y pimienta (salt and pepper) ⏎ * Aceite de pimentón (smoked paprika, a la mayoría de las recetas) ⏎ * Hielo (ice;True;Eine Bloody Mary ist ein klassischer Cocktail, der aus einigen einfachen Zutaten besteht. Hier sind die typischen Inhaltsstoffe: ⏎ * 60 ml Tomatenjuice (auch bekannt als V8-Juice) ⏎ * 30 ml Vodka ⏎ * 15 ml Worcestershire-Sauce ⏎ * 10 ml Tabasco-Sauce ⏎ * 1 EL frischer Petersilie ⏎ * Salz und Pfeffer nach Geschmack ⏎ * Optional:;True
477;factual_clasica;What is the name of Earth's only natural satellite?;Moon;Le nom du satellite naturel unique de la Terre est la Lune.;True;El nombre de la única luna natural de la Tierra es la Luna.;True;Die Bezeichnung für die Erdsatelliten ist Mond.;True
478;factual_aperturas;Whose expedition first reached the South Pole?;Amundsen;C'est Robert Falcon Scott, un explorateur britannique, qui a mené la première expédition à atteindre le pôle sud le 17 janvier 1912.;False;La expedición que primero llegó al Polo Sur fue la de Roald Amundsen, un explorador noruego, en el año 1911.;True;Die erste Expedition, die den Südpol erreichte, war die von Robert Falcon Scotts British Antarctic Expedition (1910-1913). Scotts Mannschaft erreichte den Südpol am 17. Januar 1912, aber leider starb Scott und seine Begleiter kurz darauf an Hunger und Kälte.;False
479;imperativo;Point out the main ingredient of hummus.;chickpeas;Le principal ingrédient du hummus est le haricot vert.;False;El ingrediente principal del hummus es garbanzos (chickpeas).;True;Der Hauptzutat von Hummus ist... **Bohnen** (Boiled chickpeas) oder **Kichererbsen**!;True
480;imperativo_explicativo;Elucidate how seeds sprout.;germination;Je serais ravi de vous aider! ⏎ Les graines (ou semences) sproutent grâce à un processus complexe qui implique plusieurs étapes. Voici une explication détaillée : ⏎ 1. **Activation de la germination** : Lorsqu'une graine est exposée à l'eau, les enzymes contenues dans le grain commencent à agir. Cela déclenche une série de réactions chimiques qui préparent le grain à la;True;¡Claro! Aquí te explico cómo las semillas germinan: ⏎ La germinación es el proceso por el cual la semilla comienza a crecer y desarrollarse en una planta. A continuación, te presento los pasos clave: ⏎ 1. **Absorción de agua**: La semilla absorbe agua del suelo, lo que desencadena una serie de reacciones químicas. ⏎ 2. **Activación de enzimas**: La absorción;True;Die Keimung von Samen ist ein faszinierendes Phänomen. Hier ist eine detaillierte Erklärung: ⏎ **Schritt 1: Keimreifung** ⏎ Wenn ein Samen in feuchter Umgebung aufbewahrt wird, beginnt der Keimprozess. Die Samenschale bricht auf und die Keimwurzel, ein winziger, feiner Ausläufer, beginnt sich zu entwickeln;True
481;explicativa;How are frescoes painted?;plaster;"Les fresques sont peintes à l'aide d'un processus spécialisé appelé ""fresque à l'humidité"". Voici les étapes générales : ⏎ 1. Préparation de la surface : La surface sur laquelle la fresque sera peinte est nettoyée et préparée. Les murs sont généralement dégagés de toute couche de peinture ou de décoration existante. ⏎ 2. Création de";False;Los frescos se pintan utilizando técnicas tradicionales y materiales específicos. A continuación, te explico el proceso: ⏎ 1. **Preparación del sustrato**: Se selecciona una superficie sólida, como una pared o un techo, y se limpia y se seca para eliminar cualquier suciedad o humedad. ⏎ 2. **Aplicación de la base**: Se aplica una capa de base, generalmente una mezcla de agua;False;Die Freskenmalerei ist eine traditionelle Kunstform, bei der Farben auf einem speziellen Untergrund, dem Fresko, aufgetragen werden. Hier ist eine Übersicht über die Schritte, die bei der Freskenmalerei durchgeführt werden: ⏎ 1. **Vorbereitung**: Der Künstler bereitet den Untergrund vor, indem er ihn mit einer Mischung aus Wasser, Sand und Gips glättet und trocknet;False
482;corta;Father of geometry?;Euclid;C'est Thales de Milet, un philosophe et mathématicien grec, qui est souvent considéré comme le père de la géométrie.;False;El padre de la geometría es Pitágoras.;False;Der Vater der Geometrie ist Thales von Milet. Er lebte im 6. Jahrhundert v. Chr. und gilt als einer der ältesten bekannten Mathematiker. Thales machte wichtige Beiträge zur Geometrie, insbesondere zur Entwicklung der Punkte- und Liniengeometrie.;False
483;conversacional;Honestly, what's pesto's main herb?;basil;Le basilic est l'herbe principale utilisée pour faire du pesto.;True;La hierba principal del pesto es el perejil (parsley).;False;Ehrlich gesagt, ist Petersilie (auch bekannt als frischer Dill) die Hauptgewürz der Pesto-Sauce.;False
484;factual_clasica;What is the capital of Sudan?;Khartoum;Le capital de la Soudan est Khartoum.;True;La capital de Sudán es Jartum.;True;Die Hauptstadt von Sudan ist Khartum.;True
485;factual_aperturas;Whose ship was the Santa Maria?;Columbus;La Santa Maria était la navire amiral de Christophe Colomb lors de son quatrième voyage en Amérique en 1498.;True;La Santa María era el barco de Cristóbal Colón.;True;Die Santa Maria war die Flagenschiff von Christoph Kolumbus.;True
486;imperativo;Remind me who discovered insulin.;Banting;Le médecin canadien Frederick Banting a découvert l'insuline en 1921, en collaboration avec Charles Best.;True;El insulina fue descubierta por dos científicos: Frederick Banting y Charles Best. Fueron los primeros en aislar y caracterizar la insulina en 1921.;True;Insulin wurde von dem kanadischen Mediziner Frederick Banting und seinem Assistenten Charles Best entdeckt. Sie isolierten 1921 Insulin aus der Bauchspeicheldrüse von Hunden und demonstrierten seine Wirksamkeit bei Menschen.;True
487;imperativo_explicativo;Spell out why the Statue of Liberty is green.;patina;"La Statue de la Liberté est verte en raison de la patine naturelle qui se forme sur les métaux. La statue est faite de cuivre, qui est une métalle qui réagit avec l'air et l'eau pour former une couche de verdure. Cette couche de verdure est appelée ""patine verte"" et elle est due à la présence de cuivre oxydé. ⏎ Le cuivre est une métalle qui réagit avec l'";True;¡Claro! La Estatua de la Libertad es verde porque está hecha de bronce, un metal que se oxida con el tiempo y se vuelve verde. Esto se debe a que el bronce contiene cobre, que reacciona con el oxígeno del aire y se oxida, formando una capa de óxido verde llamada óxido de cobre. ⏎ La Estatua de la Libertad fue fundida en 1886;True;Die Statue der Freiheit ist nicht grün, sondern eher ein natürlicher Kalkstein, der eine gelbliche Farbe hat. Der Kalkstein, aus dem die Statue besteht, ist ein natürlicher Stein, der in der Nähe der Statue gefunden wurde. Im Laufe der Zeit hat sich der Kalkstein durch chemische Reaktionen mit der Luft und dem Meerwasser eine gelbliche Farbe angezogen. ⏎ Die gelbliche Farbe der;False
488;explicativa;What structure defines a haiku?;syllables;Une haïku est définie par sa structure traditionnelle, qui consiste en trois lignes avec un total de 17 syllabes. La structure est la suivante : ⏎ * La première ligne compte 5 syllabes ⏎ * La deuxième ligne compte 7 syllabes ⏎ * La troisième ligne compte 5 syllabes ⏎ Cette structure est souvent utilisée pour capturer un moment ou une image de la nature, et pour exprimer une pensée ou;True;La estructura que define un haiku es una serie de tres líneas, con una rima y un patrón de sílabas específico. La primera línea tiene 5 sílabas, la segunda tiene 7 sílabas y la tercera tiene 5 sílabas.;True;Eine Haiku ist durch ihre spezifische Struktur definiert. Sie besteht aus drei Zeilen mit folgenden Anforderungen: ⏎ * Die erste Zeile hat fünf Silben und stellt den Titel oder die Hauptidee dar. ⏎ * Die zweite Zeile hat sieben Silben und entwickelt die Idee weiter. ⏎ * Die dritte Zeile hat fünf Silben und schließt die Gedankenfolge ab. ⏎ Diese 5-7-5-;True
489;corta;Father of medicine?;Hippocrates;"C'est Hippocrate! Il est considéré comme le père de la médecine en raison de ses contributions importantes aux connaissances médicales et de ses écrits, notamment le ""Cours des maladies"".";True;Hippócrates;True;"Hippokrates (Hippocrates) wird oft als Vater der Medizin bezeichnet. Er war ein griechischer Arzt und Gelehrter, der im 5. Jahrhundert v. Chr. lebte. Hippokrates gilt als einer der größten Mediziner aller Zeiten und hat die Grundlagen der medizinischen Wissenschaft entwickelt. Seine Werke, wie das ""Kleinere und Große Kanzlei"", enthalten";True
490;conversacional;Wait, what plant makes tequila?;agave;C'est une mauvaise idée! Le tequila est fait à partir de l'agave, et plus précisément de l'agave tequilana. C'est une plante succulente qui pousse principalement au Mexique, dans les régions où se trouve la ville de Tequila. L'agave est utilisée pour produire le siroop d'agave, qui est ensuite transformé en tequila.;True;¡Claro! El agave es la planta que se utiliza para producir tequila. Es una planta suculenta que se cultiva principalmente en México, y se utiliza para producir el jugo que se convierte en tequila. Hay varias variedades de agave, pero la más común para la producción de tequila es el agave azul (Agave tequilana).;True;Das ist eine gute Frage! ⏎ Tequila wird aus dem Blatt der Agavenpflanze hergestellt. Es gibt mehrere Arten von Agaven, aber die meisten Tequilas werden aus der Agave tequilana weberi hergestellt. Diese Pflanze wächst in Mexiko und ist ein wichtiger Bestandteil der mexikanischen Kultur. ⏎ Die Agavenpflanze enthält eine Flüssigkeit namens Agavensirup;True
491;factual_clasica;What is the capital of Croatia?;Zagreb;La capitale de la Croatie est Zagreb.;True;La capital de Croacia es Zagreb.;True;Die Hauptstadt von Kroatien ist Zagreb.;True
492;factual_aperturas;Which scientist discovered the neutron?;Chadwick;Le neutron a été découvert par James Chadwick en 1932.;True;El científico que descubrió el núcleo neutro fue James Chadwick.;True;Der Neutron wurde von James Chadwick entdeckt. Er war ein britischer Physiker und erhielt 1935 den Nobelpreis für Physik für seine Entdeckung des Neutrons.;True
493;imperativo;Let me know the capital of Serbia.;Belgrade;Le capital de Serbie est Belgrade (Београд).;True;La capital de Serbia es Belgrado.;True;Die Hauptstadt von Serbien ist Belgrad.;True
494;imperativo_explicativo;Cover what causes jet lag.;circadian;Le jet lag, c'est un phénomène courant qui se produit lorsque nous voyons un changement de heure de sommeil important, généralement en raison d'un décalage horaire. Voici les principaux facteurs qui contribuent à la formation du jet lag : ⏎ 1. **Décalage horaire** : Lorsque nous voyons un changement de heure de sommeil important, notre corps a du mal à s'adapter. Notre système circ;False;¡Claro! El jet lag, también conocido como desfase horario, es un problema común que ocurre cuando viajamos a través de múltiples zonas horarias en un corto período de tiempo. A continuación, te explico qué causa el jet lag: ⏎ **Causas del jet lag:** ⏎ 1. **Diferencia horaria**: Cuando viajamos a una zona horaria más lejana, nuestro cuerpo necesita adaptarse a la;False;**Was verursacht Jetlag?** ⏎ Jetlag ist eine Reisezeitanpassungsstörung, die durch den Wechsel von einem Zeitbereich in einen anderen verursacht wird. Dies kann aufgrund von Reisen über mehrere Zeitzonen auftreten. Hier sind einige der wichtigsten Faktoren, die zu Jetlag beitragen: ⏎ 1. **Zeitzonenwechsel**: Wenn Sie von einem Zeitbereich in einen anderen reisen, muss Ihr;False
495;explicativa;What defines a sonnet's length?;14;Un sonnet est généralement défini par sa longueur, qui peut varier selon les formes traditionnelles. ⏎ Il existe plusieurs formes de sonnets, mais la plupart sont composées de 14 vers. ⏎ Il existe deux formes principales de sonnets : ⏎ *   Le sonnet italien, également appelé sonnet de Petrarche, est composé de 14 vers, divisés en deux parties : un quatrain introductif,;True;Un soneto es un poema con una estructura específica. La longitud de un soneto se define por su número de líneas, que varía según el tipo de soneto. ⏎ Existen dos tipos principales de sonetos: ⏎ *   Soneto de 14 líneas: se divide en dos cuartetos y dos quintetas. El primer cuarteto introduce el tema, el segundo cuarteto desarrolla la idea, el primer quinteto presenta una transición y;True;Ein Sonett ist typischerweise 14 Zeilen lang. Es gibt jedoch zwei Hauptformen des Sonetts: den englischen Sonett und den italienischen Sonett. ⏎ Der englische Sonett besteht aus 14 Zeilen, mit einer bestimmten Struktur: ⏎ * Die ersten 12 Zeilen bilden eine Abfolge von 4 Zeilen mit 3 Zeilen und 2 Zeilen ⏎ * Die letzten beiden Zeilen bilden eine Abfolge;True
496;corta;Father of history?;Herodotus;C'est Herodote, un historien grec antique, qui est souvent considéré comme le père de l'histoire.;True;Ese título se le atribuye a Heródoto, un historiador griego que vivió en el siglo V a.C. Es considerado uno de los padres de la historia moderna debido a su enfoque en la investigación y la descripción de los acontecimientos históricos de manera objetiva y detallada.;True;Herodotus.;True
497;conversacional;Pub quiz: which gas lights red signs?;neon;C'est le gaz.;False;La respuesta es: el gas.;False;Die Antwort ist: Wasserstoff.;False
498;factual_clasica;In what year was the Declaration of the Rights of Man adopted in France?;1789;La Déclaration des droits de l'homme et du citoyen a été adoptée en France en 1789.;True;El Decreto de los Derechos del Hombre se adoptó en Francia en el año 1789.;True;Die Deklaration der Menschen- und Bürgerrechte wurde in Frankreich 1789 verabschiedet.;True
499;factual_aperturas;Which computer defeated Kasparov?;Deep Blue;C'est le programme informatique Deep Blue qui a battu Garry Kasparov en 1997.;True;El ordenador que derrotó a Kasparov fue Deep Blue.;True;Das war IBM-Deep Blue. Es besiegte Garry Kasparov im Schachspiel 1997.;True
500;imperativo;Spot the largest lake in Africa.;Victoria;Le lac le plus grand en Afrique est le lac Tchad.;False;El lago más grande de África es el Lago Nilo.;False;Der größte See in Afrika ist der Tanganjikasee.;False
501;imperativo_explicativo;Decode how LEDs produce light.;semiconductors;Je vais vous aider à comprendre comment les LEDs produisent la lumière. ⏎ Les LEDs (Light Emitting Diodes) sont des composants électroniques qui convertissent l'énergie électrique en lumière. Voici le processus décrit en détail : ⏎ 1. **La création d'un courant électrique** : Lorsque vous connectez un LED à une source d'alimentation, un courant électrique circule à travers le composant. ⏎ 2.;True;¡Claro! Aquí te explico cómo funcionan las LEDs y cómo producen luz: ⏎ Las LEDs (Lámparas Emisores de Díodo) funcionan mediante un proceso llamado emisión de luz electroluminescente. Esto significa que cuando se aplica una corriente eléctrica a través de un diodo semiconductivo, se produce una reacción química que libera energía en forma de luz. ⏎ El proceso se puede res;True;LEDs (Light Emitting Diodes) produzieren Licht durch eine spezielle physikalische Prozess. Hier ist eine kurze Erklärung: ⏎ **Die Grundlagen** ⏎ LEDs bestehen aus zwei Materialien: einem p-Element (positiv leitfähig) und einem n-Element (negativ leitfähig). Wenn diese beiden Elemente in Kontakt zueinander gebracht werden, entsteht ein elektrischer Strom. ⏎ **Die;False
502;explicativa;What does a metronome keep?;tempo;Un métronome garde le rythme!;True;Un metrónomo mantiene el ritmo.;True;Ein Metronom hält die Zeit! Es hilft dabei, eine konstante Zeitrhythmus zu halten, indem es ein bestimmtes Tempo anzeigt.;True
503;corta;Largest Mediterranean island?;Sicily;L'île la plus grande du bassin méditerranéen est Sicile.;True;La isla más grande del Mediterráneo es Sicilia.;True;Die größte Insel im Mittelmeer ist Sizilien.;True
504;conversacional;Hey, who wrote Pinocchio?;Collodi;C'est Carlo Collodi qui a écrit Pinocchio. Il est un auteur italien, et son livre a été publié en 1881.;True;¡Hola! El cuento de Pinocchio fue escrito por el famoso autor italiano Carlo Collodi.;True;"Pinocchio ist ein Klassiker der Kinderliteratur und wurde von Carlo Collodi geschrieben. Er ist ein italienischer Schriftsteller und dichter, der im 19. Jahrhundert lebte. Der Roman ""Der kleine Zauberer"" (Originaltitel: ""Il piccolo naso"" oder ""Pinocchio"") wurde 1881 veröffentlicht und ist seitdem ein weltweit beliebter Buchtitel.";True
505;factual_clasica;In what year was John F. Kennedy assassinated?;1963;John F. Kennedy, le 35e président des États-Unis, a été assassiné le 22 novembre 1963 à Dallas, au Texas.;True;El presidente John F. Kennedy fue asesinado en el año 1963.;True;John F. Kennedy wurde 1963 ermordet. Er wurde am 22. November 1963 in Dallas, Texas, getötet.;True
506;factual_aperturas;Which empire built Machu Picchu?;Inca;C'était les Incas qui ont construit Machu Picchu.;True;El Imperio Inca.;True;Machu Picchu wurde von den Inkas gebaut.;True
507;imperativo;Fetch the capital of Latvia.;Riga;La capitale de Lettonie est Riga.;True;La capital de Letonia es Riga.;True;Die Hauptstadt von Lettland ist Riga.;True
508;imperativo_explicativo;Unravel how kidneys clean blood.;filtration;Les reins sont deux organes essentiels qui jouent un rôle crucial dans notre système circulatoire. Ils sont responsables de la filtration du sang et de la production d'urine. ⏎ Voici comment les reins fonctionnent : ⏎ 1. **La filtration du sang** : Les reins reçoivent le sang du corps à travers les artères rénales. Le sang est ensuite filtré dans les glomérules, qui sont des petits vaisseaux sanguins;True;¡Claro! Vamos a desentrañar cómo los riñones limpian la sangre. ⏎ Los riñones son dos órganos fundamentales del sistema urinario que desempeñan un papel crucial en la eliminación de los desechos y los productos tóxicos de la sangre. A continuación, te explicaré paso a paso cómo funcionan: ⏎ **Fase 1: Filtración** ⏎ Cuando la sangre fl;True;"Die Nieren spielen eine entscheidende Rolle bei der Reinigung des Blutes. Hier ist eine detaillierte Erklärung, wie sie ihre Arbeit ausführen: ⏎ **Die Nierenfunktion** ⏎ Die Nieren sind zwei Körperorgane, die sich im unteren Rücken befinden. Sie bestehen aus Nierenkernen und Nierenepithel. Die Nierenkernen sind die ""Reinigungsanlagen"" der Nieren, während";False
509;explicativa;What does an orchestra conductor hold?;baton;Un directeur d'orchestre tient un baton.;True;Un director de orquesta sostiene un bastón.;False;"Ein Orchesterdirigent hält ein Stock, auch als ""Dirigierstock"" oder ""Rod"" bekannt. Es ist ein langes, dünnes Holzstück, das er während der Musikvortragung verwendet, um die Richtung und den Rhythmus der Musik zu signalisieren.";False
510;corta;Tallest mountain in Europe?;Elbrus;La plus haute montagne en Europe est l'Évolution (ou Mont Blanc), avec une altitude de 4 810 mètres.;True;El pico más alto de Europa es el Monte Elbrus, ubicado en Rusia, pero si consideramos solo los países europeos, el título lo tiene el Monte Elbrus también, con una altura de 5.642 metros sobre el nivel del mar.;True;Der höchste Berg in Europa ist der Elbrus, der sich in den Kaukasus-Bergen in Russland befindet. Er hat eine Höhe von 5.642 Metern über dem Meeresspiegel.;True
511;conversacional;Quick question: who composed Canon in D?;Pachelbel;C'est Johann Pachelbel, un compositeur allemand du XVIIe siècle.;True;"La pieza ""Canon in D"" se compuso por Johann Pachelbel, un compositor alemán del siglo XVII.";True;"Eine einfache Frage! ⏎ Der berühmte ""Canon in D"" wurde von Johann Pachelbel komponiert.";True
512;factual_clasica;What is the capital of Slovakia?;Bratislava;La capitale de la Slovaquie est Bratislava.;True;La capital de Eslovaquia es Bratislava.;True;Die Hauptstadt von Slowakei ist Bratislava.;True
513;factual_aperturas;Which dwarf planet was once a planet?;Pluto;C'est Pluton. Il a été classé comme un planète naine en 2006 par l'Union astronomique internationale (UAI).;True;Plutón fue una vez considerado un planeta, pero en 2006 fue reclasificado como un planeta enano por la Unión Astronómica Internacional (UAI).;True;Pluto war einst ein Planet.;True
514;imperativo;Track down the country of Angel Falls.;Venezuela;L'Angel Falls se trouve au Venezuela.;True;¡Claro! El país donde se encuentra la Catarata Angel, también conocida como Catarata del Ángel, es Venezuela. ⏎ La Catarata Angel es la catarata más alta del mundo, con una caída de aproximadamente 979 metros sobre el río Carrao, en el parque nacional Canaima, en el estado del Orinoco, en el sur de Venezuela. ⏎ ¿Necesitas más información sobre este lugar?;True;Das ist eine einfache Aufgabe! ⏎ Angel Falls ist ein Wasserfall in Südamerika und befindet sich in der Grenzregion zwischen Venezuela und Brasilien. Der Wasserfall ist nach dem US-amerikanischen Piloten Jimmy Angel benannt, der 1933 den Fluss Kerep in Venezuela erkundete. ⏎ Der Wasserfall befindet sich in der Canaima-Nationalpark in Venezuela, etwa 2.200 Meter über dem Meeresspiegel. Er ist;True
515;imperativo_explicativo;Fill me in on how flowers make seeds.;pollination;Je serais ravi de vous aider! ⏎ Les fleurs produisent des graines (ou semences) à travers un processus complexe qui implique plusieurs étapes. Voici une brève explication : ⏎ 1. **La pollinisation** : Les fleurs produisent des fleurs mâles et des fleurs femelles. Les fleurs mâles produisent des grains de pollen, tandis que les fleurs femelles contiennent des ov;True;"¡Claro! (¡Claro!) Las flores producen semillas a través de un proceso llamado ""polinización"" o ""cruzamiento"". Aquí te explico los pasos básicos: ⏎ 1. **La flor produce pétalos y estambres**: Las flores tienen pétalos para atraer a los polinizadores (como abejas, mariposas, etc.) y estambres, que producen polen.";True;Das ist eine großartige Frage! ⏎ Blumen machen Samen durch einen komplexen Prozess, der aus mehreren Schritten besteht. Hier ist eine kurze Übersicht: ⏎ 1. **Bildung der Frucht**: Nach der Blüte bildet sich die Frucht, also die Samenschale, die den Samen schützt. ⏎ 2. **Bildung der Samenblätter**: Innerhalb der Frucht entwickeln sich die Samenblät;False
516;explicativa;How does a violin produce sound?;strings;Le violon produit son son par une combinaison de vibrations et de pressions sur ses cordes. Voici comment ça marche : ⏎ 1. Lorsque le musicien touche les cordes avec son doigt ou son pincement, il crée une pression sur la corde. ⏎ 2. La pression sur la corde fait vibrer la corde elle-même, ce qui produit une onde sonore. ⏎ 3. Ces ondes sonores sont ensuite trans;True;La viola produce sonido mediante una serie de procesos físicos. Cuando el músico presiona las cuerdas con el borde de su dedo o con un pincel, las cuerdas vibran y emiten ondas sonoras. Estas ondas se propagan a través del aire y llegan a nuestros oídos, donde son percibidas como sonido. ⏎ La viola tiene cuatro cuerdas, cada una con un tono diferente.;True;Eine großartige Frage! ⏎ Eine Violine produziert Sound durch eine Kombination von Mechanismen. Hier ist eine kurze Erklärung: ⏎ 1. **Saiten**: Die Violine hat vier Saiten, die auf dem Rumpf der Geige befestigt sind. Diese Saiten sind aus Metall oder Nylon gefertigt und haben eine bestimmte Spannung. ⏎ 2. **Bogen**: Der Bogen, den der Musiker auf die S;True
517;corta;Longest river in Asia?;Yangtze;Le plus long fleuve d'Asie est le fleuve Amour (ou fleuve Léa). Il s'étend sur une longueur de 6 200 kilomètres.;False;El río más largo de Asia es el río Amur, que tiene una longitud de aproximadamente 4.294 kilómetros.;False;Der längste Fluss in Asien ist der Jangtsekiang (auch bekannt als Yangtze). Er ist etwa 6.300 Kilometer lang und fließt durch China.;True
518;conversacional;Just curious, who invented the stethoscope?;Laennec;"C'est une excellente question! Le stéthoscope a été inventé par René Laënnec, un médecin français, en 1816. Il a créé un instrument appelé ""stéthoscope"" (du grec ""stethos"", signifiant ""poitrine"") pour écouter les sons du cœur et des poumons sans avoir à toucher les organes. C'est ainsi que le stéthoscope est devenu un";True;Me alegra ayudarte. ⏎ El estetoscopio fue inventado por René Laënnec, un médico francés, en el año 1816. Laënnec creó el primer estetoscopio utilizando un tubo de cartón y un paño para escuchar los sonidos del corazón y los pulmones de los pacientes. Su invento revolucionó la medicina y permitió a los médicos escuchar de manera más precisa;True;Das ist eine interessante Frage! ⏎ Der Stethoskop wurde von dem französischen Arzt René Laënnec erfunden. Er entwickelte es im Jahr 1816, als er nach einer Methode suchte, um das Herz eines kleinen Jungen zu hören, der an einer Lungenentzündung litt. Laënnec entdeckte, dass er durch das Legen eines Strohhalm auf das Brustkorb des Kind;True
519;factual_clasica;How many cards are in a standard deck without jokers?;52;Il y a 52 cartes dans un jeu standard sans joker.;True;Hay 52 cartas en un mazo estándar sin jokers.;True;In einem Standard-Spielkartenmischung ohne Joker gibt es 52 Karten.;True
520;factual_aperturas;Which philosopher tutored Alexander the Great?;Aristotle;Le philosophe qui a tutélaïsé Alexandre le Grand était Aristote.;True;El filósofo que tutoró a Alejandro Magno fue Aristóteles.;True;Der Philosoph, der Alexander den Großen unterrichtete, war Aristoteles.;True
521;imperativo;Dig up who invented the telegraph.;Samuel Morse;Le télégraphe a été inventé par Samuel Morse et ses collègues, Alfred Vail et Charles Thomas, aux États-Unis en 1837.;True;¡Claro! El inventor del telégrafo fue Samuel Finley Breese Morse. Fue un artista y inventor estadounidense que desarrolló el sistema de telégrafo que utilizaba una pizarra y una pluma para transmitir mensajes a través de cables. Morse trabajó en el proyecto desde 1837 hasta 1843 y patentó su sistema en 1840. Su sistema revolucionó la comunicación a larga distancia y permitió la;True;Der Telegraph wurde von Samuel Morse und seinem Team entwickelt. Morse war ein amerikanischer Maler und Erfinder, der 1837 die erste praktische Telegraphenmaschine entwickelte. Sein Team bestand aus Alfred Vail und Charles Thomas, die bei der Entwicklung des Telegrafen maßgeblich mitwirkten. ⏎ Samuel Morse und sein Team entwickelten eine Methode, um Nachrichten über lange Strecken zu übertragen, indem sie ein System;True
522;imperativo_explicativo;Interpret how cats purr.;larynx;Les chats purrissent! C'est un phénomène fascinant qui nous permet de comprendre leur comportement et leur bien-être. ⏎ Le purr est une forme de communication qui permet aux chats de communiquer avec leur environnement et avec les autres chats. Il s'agit d'un mouvement vibratoire de la langue et des lèvres qui se produit lorsque le chat respire et émet un son profond et régulier. ⏎ Il y a plusieurs théories sur la;False;¡Claro! (¡Entendido!) ⏎ La ronroneo de los gatos es un fenómeno fascinante que ha sido objeto de estudio y especulación durante mucho tiempo. A continuación, te explico cómo se cree que los gatos producen su característico ronroneo: ⏎ **La fisiología detrás del ronroneo** ⏎ Cuando un gato se siente cómodo, relajado o se está durmiendo,;False;Die Katzenpfeife! Es ist ein faszinierendes Phänomen, das viele Menschen fasziniert. Die Pfeife der Katze ist ein komplexes Verhalten, das aus mehreren Faktoren besteht. ⏎ **Was ist eine Katzenpfeife?** ⏎ Eine Katzenpfeife ist ein tiefes, resonantes Summen, das von der Katze ausgestoßen wird, wenn sie sich entspannt, glücklich;False
523;explicativa;How does a piano make sound?;hammers;Un piano produit son en utilisant un système complexe de cordes métalliques et de mécanismes de résonance. Voici une explication simplifiée : ⏎ 1. Lorsque vous touchez une touche de clavier, vous déclenchez un mécanisme qui fait vibrer une corde métallique correspondante. ⏎ 2. Ces cordes sont fixées aux deux extrémités par des supports et sont tendues de manière égale;False;Un piano hace sonido mediante un mecanismo complejo que involucra: ⏎ 1. **Teclados**: Los teclados del piano están compuestos por un conjunto de cuerdas y palancas. Cuando se presiona un teclado, se activa una palanca que hace girar un cilindro. ⏎ 2. **Cilindros**: Los cilindros están conectados a un sistema de muelles y cuerdas. Cuando el cilindro g;False;"Eine großartige Frage! ⏎ Ein Klavier erzeugt seinen Klang durch eine Kombination von Mechanismen und physikalischen Phänomenen. Hier ist eine kurze Erklärung: ⏎ 1. **Schlagzangen**: Wenn du auf die Tasten des Klaviers schlägst, werden die Schlagzangen (auch als ""Hammers"" bezeichnet) bewegt. Diese Schlagzangen sind mit einem Feder- und Schlagstö";True
524;corta;Largest country in Africa?;Algeria;Le pays le plus grand en Afrique est l'Algérie.;True;El país más grande de África es el Sudán.;False;Die größte Länder in Afrika sind Algerien, Äthiopien und demokratische Republik Kongo. Die größte Länderin Afrika ist jedoch Algerien mit einer Fläche von etwa 2.381.741 km².;True
525;conversacional;Random thought: who painted The School of Athens?;Raphael;"Une idée étrange! (A strange idea!) La peinture ""La Scuola di Atene"" (La École d'Athènes) a été peinte par le célèbre peintre italien Raphaël (Raphaël Santi) au début du XVIe siècle, en 1509-1511. C'est une des œuvres les plus célèbres de l'art Renaissance et représente les grands";True;"¡Esa es una pregunta fácil! La pintura ""La Escuela de Atenas"" (en inglés, ""The School of Athens"") fue creada por el famoso artista italiano Rafael Sanzio, también conocido como Raffaello, en el siglo XVI. Fue pintada entre 1509 y 1511 y se encuentra en la Capilla Sixtina, en el Vaticano, Roma.";True;"Eine interessante Frage! ⏎ Die berühmte Wanddekoration ""Die Schule von Athen"" (The School of Athens) stammt von dem italienischen Maler Raphael (1483-1520). Sie wurde zwischen 1509 und 1511 in der Apostolischen Basilika Santa Maria Maggiore in Rom gemalt. Die Szene zeigt eine Gruppe von Philosophen und Denkern, darunter berühmte Persönlichkeiten wie Platon,";True
526;factual_clasica;Who discovered polonium and radium?;Curie;C'est Marie Curie qui a découvert le polonium et le radium. Elle a effectué ces découvertes en 1898, en travaillant sur des échantillons de minerai de uranium.;True;El polonio y el radio fueron descubiertos por Marie Curie y su esposo Pierre Curie.;True;Polonium und Radium wurden von Marie Curie entdeckt. Sie war eine polnisch-französische Physikerin und Chemikerin, die 1898 die beiden Elemente in ihrer Forschung auf Polonium und Radium entdeckte.;True
527;factual_aperturas;What fruit is guacamole made from?;avocado;Le guacamole est fait de noix de palme, plus précisément de la pulpe de noix de palme, qui est une sorte de noix qui se trouve dans la coque de la noix de palme.;False;El guacamole se hace con aguacates.;True;Guacamole ist ein Dip aus Avocados.;True
528;imperativo;Note the tallest mountain in North America.;Denali;La plus haute montagne en Amérique du Nord est Denali, également connue sous le nom de Mount McKinley, située dans l'Alaska. Elle a une hauteur de 6 190 mètres au-dessus du niveau de la mer.;True;El pico más alto de América del Norte es Denali (anteriormente conocido como Monte McKinley), ubicado en el estado de Alaska, Estados Unidos. Tiene una altura de 6.190 metros sobre el nivel del mar.;True;Die höchste Berggipfel in Nordamerika ist der Denali (früher bekannt als Mount McKinley), der sich in Alaska befindet. Er hat eine Höhe von 6.190 Metern über dem Meeresspiegel.;True
529;imperativo_explicativo;Expand on how concrete hardens.;hydration;Le béton durcissement est un processus complexe qui implique plusieurs étapes. Voici une explication détaillée de la façon dont le béton durcisse : ⏎ **Étapes du durcissement du béton** ⏎ 1. **Mise en place du béton** : Le béton est composé de ciment, d'eau et de gravats (pierre, sable, etc.). Lors de la mise en place, le ciment et;False;¡Claro! La hardening del hormigón es un proceso fascinante que involucra varios pasos y mecanismos químicos. ⏎ **El proceso de hardening del hormigón** ⏎ El hormigón se compone de una mezcla de cemento, agua, arena y otros agregados. Cuando se mezcla, el cemento se hidrata con el agua, lo que provoca una reacción química que libera calor y produce una;True;Das Verhärten von Beton ist ein komplexer Prozess, der aus mehreren Schritten besteht. ⏎ **Schritt 1: Hydratisierung** ⏎ Wenn Beton gemischt wird, enthalten die Zementkörner Wasser in Form von Hydratwasser. Wenn der Beton eingesetzt wird, kommt es zu einer Kontaktzone zwischen den Zementkörnern und dem Wasser. Die Hydratwasser reagiert mit den Z;True
530;explicativa;How does a match ignite?;friction;"Un match s'allume grâce à un processus chimique appelé combustion. Voici les étapes : ⏎ 1. Le match contient un mélange de substances chimiques, notamment : ⏎ * Le charbon (ou le ""cœur"" du match) : c'est le composant qui brûle pour produire de la chaleur et de la lumière. ⏎ * Le phosphore : c'est un élément qui brûle à une température très élevée et";False;Un encendedor de cerillos funciona de la siguiente manera: ⏎ Cuando se aprieta el mecanismo de encendido, se crea una chispa en el extremo del cerillo. La chispa es generada por un pequeño resorte que se activa cuando se aprieta el mecanismo. El resorte golpea una pequeña pieza de metal, que a su vez golpea un trozo de cerúleo. El cerú;False;Ein Feuerzeug ist ein einfaches Gerät, das eine Flamme erzeugt. Hier ist, wie es funktioniert: ⏎ Ein Feuerzeug besteht aus mehreren Teilen: ⏎ * Der Zündmechanismus: Dies ist der Teil, der den Zündstoff freisetzt. ⏎ * Der Zündstoff: Dies ist ein brennbares Material, das bei der Zündung verbrennt. ⏎ * Der Glühkopf: Dies ist der Teil, der den;False
531;corta;Longest river in Australia?;Murray;Le fleuve le plus long d'Australie est le fleuve Flèche d'Or (Flinders River), mais il s'agit d'un fleuve relativement court, avec une longueur d'environ 1 200 kilomètres. ⏎ Le fleuve le plus long d'Australie est en fait le fleuve Murray, qui s'étend sur environ 2 530 kilomètres, le long de la frontière entre les États de New South Wales;True;El río más largo de Australia es el río Murray, que tiene una longitud de aproximadamente 2.530 kilómetros.;True;Der längste Fluss in Australien ist der Murray River. Er ist etwa 2.530 Kilometer lang und fließt durch das Bundesstaat New South Wales und Victoria.;True
532;conversacional;Trivia time: who discovered Uranus?;Herschel;C'était William Herschel qui a découvert Uranus en 1781.;True;¡Hola! La respuesta es William Herschel. Fue un astrónomo británico que descubrió el planeta en 1781.;True;Eine schöne Frage! ⏎ Der Planet Uranus wurde von William Herschel entdeckt. Er war ein britischer Astronom und entdeckte den Planeten am 13. März 1781.;True
533;factual_clasica;Who was the first President of the United States?;George Washington;C'était George Washington. Il a occupé ce poste de 1789 à 1797.;True;El primer presidente de los Estados Unidos fue George Washington.;True;Der erste Präsident der Vereinigten Staaten von Amerika war George Washington.;True
534;factual_aperturas;Which mountains divide Europe and Asia?;Ural Mountains;Les montagnes qui divisent l'Europe et l'Asie sont les monts de l'Ural.;False;Los montes Urales son los que dividen Europa y Asia.;True;Die Berge, die Europa und Asien voneinander trennen, sind die Ural-Berge.;False
535;imperativo;Guess the national animal of Scotland.;unicorn;Le lion noir est le national animal de l'Écosse.;False;El animal nacional de Escocia es el león.;False;Das ist leicht! Die Nationaltiere Schottlands ist der Löwe.;False
536;imperativo_explicativo;Examine how soap removes grease.;surfactant;"L'odeur du savon! ⏎ Le savon est un produit qui a pour fonction de nettoyer les surfaces et de supprimer les impuretés. Lorsqu'il s'agit de la graisse, le savon utilise une technique appelée ""ébullition"" pour la détruire. ⏎ Voici comment ça marche : ⏎ 1. **La graisse est composée de triglycérides** : ces molécules sont composées de trois chaî";False;¡Claro! La limpieza con jabón es un proceso fascinante que involucra la interacción entre la superficie de la grasa y las propiedades químicas del jabón. ⏎ La grasa es un tipo de aceite que se forma a partir de la descomposición de las células animales o vegetales. Está compuesta por cadenas largas de átomos de carbono y hidrógeno unidos por enlaces qu;False;Das Entfernen von Schmutz und Fett durch Seife ist ein interessantes Phänomen. Hier ist eine Erklärung: ⏎ Seife enthält eine Mischung aus Trägern, Emulgatoren und Dispersionsmittel. Die Träger sind in der Regel Alkohole oder Alkoholwasserstoffe, die die Seife stabilisieren und ihre Konsistenz beeinflussen. Die Emulgatoren sind Ver;False
537;explicativa;Why does helium change your voice?;speed of sound;Le hélio change ton voix parce qu'il est un gaz léger qui fait gonfler légèrement la bouche et la larynx. Cela fait que la voix devient plus haute et plus aiguë. C'est pourquoi les personnes qui parlent avec un hélio dans leur système respiratoire, comme les comédiens ou les animatrices, ont souvent une voix plus aiguë et plus élevée.;False;El helio altera tu voz porque altera la forma en que se produce el sonido. Cuando inhalas aire y lo expulsas, el aire normalmente vibra y produce un sonido. Sin embargo, el helio es un gas que no vibra de la misma manera que el aire. En su lugar, el helio vibra a una frecuencia más baja, lo que hace que el sonido que emites sea más grave y profundo. ⏎ Además, el;False;Helium ändert die Stimmlage, weil es sich als Gas mit einer niedrigeren Dichte als Luft befindet. Wenn man also mit einem Helium-Atmungsgerät oder einem Helium-Beutel spricht, kann das Gas in die Lungen eindringen und die Lungenbläschen erweitern. Dies führt zu einer Erhöhung der Lungenkapazität und einer Veränderung der Stimmlage. ⏎ Die Stim;False
538;corta;Largest US state?;Alaska;L'État le plus grand des États-Unis est l'Alaska.;True;El estado más grande de los Estados Unidos es Alaska.;True;Der größte US-Bundesstaat ist Alaska.;True
539;conversacional;I forgot, who invented the microwave oven?;Percy Spencer;Le microwave oven a été inventé par Percy Spencer, un ingénieur américain de Raytheon. Il a découvert par hasard en 1946 que les microwaves pouvaient faire chauffer un chocolat. Il a ensuite utilisé cette découverte pour créer le premier appareil de cuisson à micro-ondes.;True;El inventor del horno microondas fue Percy Spencer, un ingeniero estadounidense que trabajaba para Raytheon en 1946. Spencer descubrió que los microondas podían calentar alimentos rápidamente al notar que un chocolate que tenía en su bolsillo se había derretido después de que un radar en la fábrica se activó. A partir de ese momento, Spencer comenzó a experimentar con los microondas y desarrolló el;True;Das ist eine gute Frage! ⏎ Der Erfinder des Mikrowellenofens ist Percy Spencer, ein amerikanischer Ingenieur und Physiker. Er arbeitete für Raytheon, ein US-amerikanisches Unternehmen, und entdeckte 1946, dass ein Mikrowellengerät, das für die Verarbeitung von Radar-Signalen verwendet wurde, auch lebende Organismen wie Eier und Fisch erwärmen konnte. ⏎ Spencer experimentierte weiter und ent;True
540;factual_clasica;Who composed The Nutcracker?;Tchaikovsky;C'est Pierre Chaikovski qui a composé La Danse des petits poupées, également connue sous le nom de Le Nutcracker.;False;El compositor de El Cuéntame de los Cuentos de Navidad (también conocido como El Nutcracker) fue el famoso compositor ruso Pyotr Ilyich Tchaikovsky.;True;"Die Komposition von ""Der Nussknacker"" stammt von Pyotr Ilyich Tschajkowsky.";True
541;factual_aperturas;Which lake is the lowest point on land?;Dead Sea;Le lac de Maracamba, situé au Pérou, est le point le plus bas sur terre, avec une altitude de 85 mètres au-dessus du niveau de la mer.;False;El lago más bajo en tierra es el Lago Caspico.;False;Der tiefste Punkt auf dem Land ist der Dead Sea, ein See, der sich im Nahen Osten befindet. Er liegt etwa 429 Meter unter dem Meeresspiegel und ist somit der tiefste See der Welt.;True
542;imperativo;Choose the largest moon of Saturn.;Titan;La plus grande lune de Saturne est Titan.;True;La luna más grande de Saturno es Titán.;True;Die größte Mond von Saturn ist Titan.;True
543;imperativo_explicativo;Analyze how Velcro sticks.;hooks;La Velcro est un système de fixation qui utilise des pièces de ruban avec des tiges et des bosses pour s'attacher. Voici comment cela fonctionne : ⏎ 1. **Les tiges** : Les tiges sont des petits éléments métalliques qui sont fixés à l'intérieur de la pièce de ruban. Elles sont généralement en forme de croix ou de forme triangulaire. ⏎ 2. **Les bosses** : Les bosses sont des petits;False;"¡Claro! (¡Entendido!) ⏎ La Velcro es un tipo de adhesivo que se caracteriza por su capacidad para unirse y desunirse fácilmente. A continuación, te explicaré cómo funciona: ⏎ La Velcro consta de dos componentes principales: el ""velo"" (o ""velcro"" en inglés) y el ""cinturón"" (o ""hook"" en inglés). El velo es una superficie textur";True;Ein interessantes Thema! ⏎ Velcro ist ein bekanntes Klebeband, das aus zwei Teilen besteht: dem Reißverschluss (Hook) und dem Klebeband (Loop). Wenn man den Reißverschluss über das Klebeband reißt, entsteht eine mechanische Verbindung zwischen den beiden Teilen. ⏎ Hier ist, wie es funktioniert: ⏎ 1. **Reißverschluss (Hook)**: Der Reißverschluss besteht aus einer Reihe von kleinen,;True
544;explicativa;Where does maple syrup come from?;tree sap;Le sirop d'érable provient des sapins de l'érable, principalement de l'espèce du géant noir (Acer saccharum). Les sapins de l'érable sont cultivés dans les régions froides et humides de l'Amérique du Nord, notamment au Canada et aux États-Unis. Les arbres sont coupés à l'âge de 40 à 50 ans, et les rame;False;El miel de arce proviene de los árboles de arce (Acer saccharum) que se encuentran principalmente en Norteamérica, específicamente en Canadá y los Estados Unidos. Estos árboles producen un líquido dulce que se conoce como néctar, que se recoge de las ramas de los árboles y se transforma en miel de arce a través de un proceso de ferment;False;"Beeilich! (That's ""easy"" in German!) Maple syrup stammt ursprünglich aus Nordamerika, speziell aus den Bäumen der Gattung des Ahornbaums (Acer saccharum) und des Rotbuchen (Acer rubrum). Diese Bäume produzieren ein süßes, wasserhaltiges Flüssigkeit, das als ""Zuckerwasser"" bezeichnet wird. Die Samen dieser";False
545;corta;Smallest US state?;Rhode Island;Le plus petit État des États-Unis est le Delaware.;False;El estado más pequeño de los Estados Unidos es Rhode Island.;True;Der kleinsten US-Bundesstaat ist Rhode Island.;True
546;conversacional;Out of curiosity, who founded Carthage?;Dido;C'était Phocas, un roi phénicien, qui a fondé Carthage au VIIe siècle avant Jésus-Christ.;False;Por curiosidad, Carthago fue fundada por los fenicios, específicamente por un rey fenicio llamado Qart-Hadasht, también conocido como Hádasht. Sin embargo, la ciudad fue posteriormente colonizada por los cartagineses, una rama de los fenicios, quienes la convirtieron en una potencia marítima y militar en la antigua Magna Grecia.;False;Eine interessante Frage! ⏎ Die Stadt Carthage wurde von den Phöniziern gegründet, die vor etwa 814 v. Chr. von dem phönizischen Händler und Kaufmann Tyrsenos in der Nähe von Tunes in Tunesien siedelten. Die Stadt entwickelte sich jedoch erst unter der Führung von Hanno der Große (etwa 550 v. Chr.), der als einer der Gründerväter der Karth;False
547;factual_clasica;How many strings does a standard guitar have?;6;Un standard guitar a 6 cordes.;True;Un acordeón estándar tiene 6 cuerdas.;True;Ein Standard-Gitarre hat 6 Saiten.;True
548;factual_aperturas;Which country is shaped like a boot?;Italy;C'est l'Italie!;True;El país que se parece a un zapato es Italia.;True;Die Antwort ist Italien.;True
549;imperativo;Retrieve the inventor of the first automobile.;Karl Benz;L'inventeur du premier véhicule automobile est Karl Benz.;True;El inventor del primer automóvil fue Karl Benz.;True;Der Erfinder des ersten Automobils war Karl Benz. Er entwarf und baute 1886 das erste praktische Automobil, das als Benz Patent-Motorwagen bekannt ist.;True
550;imperativo_explicativo;Review where stars are born.;nebula;"""La Nébuleuse de la naissance des étoiles"" est un documentaire de 2011 réalisé par Alastair Fothergill et Ron Fricke, qui explore la formation et l'évolution des étoiles. ⏎ Le documentaire commence par une vue aérienne de la Nébuleuse de la naissance des étoiles, un amas de gaz et de poussière situé à environ 1 500 ans-lum";True;"¡Claro! En la nube de gas y polvo, hay un lugar donde se forman las estrellas. Se llama ""nube molecular"" y es un lugar donde la gravedad y la temperatura justos permiten la formación de estrellas. ⏎ **Etapa 1: Formación de la nube molecular** ⏎ Las nubes moleculares se forman cuando el gas y el polvo en el espacio se condensan y se unen. Esto puede o";False;"""Die Sterne sind geboren"" ist ein deutscher Fernsehfilm aus dem Jahr 2017, der von der Produktionsfirma ZDF produziert wurde. Der Film wurde von der Regisseurin Barbara Emmerich inszeniert und basiert auf dem gleichnamigen Roman von Barbara Emmerich. ⏎ Der Film handelt von einer jungen Frau namens Lena, die nach einem tragischen Verlust in ihre Heimat zurückkehrt und sich in eine kleine";False
551;explicativa;How is silk produced?;silkworms;Le coton de soie, également appelé soie, est produit à partir de la coquille de la moule d'araignée, plus précisément de la coquille de la moule d'araignée de mullet (Serica luctuosa). Voici les étapes de la production de soie : ⏎ 1. La coquille de la moule d'araignée est collectée et lavée pour enlever la terre et;False;El algodón de seda se produce a partir de las hebras del hilo de seda, que se extraen de las hembras de las sedas (Bombyx mori). El proceso de producción de seda es el siguiente: ⏎ 1. **Cosecha**: Las hembras de las sedas se alimentan de una planta de algodón de seda y producen un hilo de seda que se convierte en un nido de hilo;False;Der Seidenanbau ist ein komplexer Prozess, der mehrere Monate dauert. Hier ist eine kurze Übersicht: ⏎ 1. **Anbau**: Die Seidenraupen werden in einem speziellen Käfig aufgezogen, wo sie von einer speziellen Mischung aus Nahrung und Luft versorgt werden. Die Raupen verbringen etwa 30-40 Tage in diesem Käfig. ⏎ 2. **Spinnense;True
552;corta;Largest city in Canada?;Toronto;La plus grande ville du Canada est Toronto.;True;La ciudad más grande de Canadá es Toronto.;True;Die größte Stadt in Kanada ist Toronto.;True
553;conversacional;Hmm, who first sailed from Europe to India?;Vasco da Gama;C'est un sujet intéressant! Le premier navigateur européen à avoir navigué vers l'Inde a été le marin vénitien Marco Polo, qui a voyagé jusqu'à la Chine et a rencontré le sultan de la Chine, Kublai Khan, au début du XIIIe siècle. Cependant, il n'a pas atteint l'Inde. ⏎ Le premier navigateur européen à avoir atteint l'Inde est généra;False;Fue el explorador portugués Vasco da Gama quien realizó el primer viaje marítimo desde Europa hasta la India en 1497-1499.;True;Das ist eine interessante Frage! ⏎ Die erste bekannte Reise von Europa nach Indien führte der griechische Seefahrer Skylton (auch bekannt als Skylton von Thasos) an, der um 312 v. Chr. von Athen aus segelte. Allerdings war dies keine direkte Reise nach Indien, sondern eher eine Reise nach Ägypten und von dort aus nach Indien. ⏎ Die erste direkte Reise von Europa;False
554;factual_clasica;What is the capital of the United Kingdom?;London;Le capital de l'Union du Royaume-Uni est Londres.;True;El Reino Unido no tiene una capital única, sino que tiene cuatro capitales: ⏎ * Londres (Inglaterra) ⏎ * Edimburgo (Escocia) ⏎ * Cardiff (Gales) ⏎ * Belfast (Irlanda del Norte) ⏎ Espero que esto aclare cualquier confusión. ¿Necesitas más ayuda?;True;Die Hauptstadt des Vereinigten Königreichs ist London.;True
555;factual_aperturas;Which instrument did Jimi Hendrix play?;guitar;Jimi Hendrix a joué principalement de la guitare électrique.;True;Jimi Hendrix tocaba la guitarra eléctrica.;True;Jimis Hendrix spielte hauptsächlich die Gitarre. Er war bekannt für seine einzigartige Spielweise und seine Fähigkeit, die Gitarre als ein vollwertiges Instrument zu verwenden, das über die traditionellen Techniken hinausgeht.;True
556;imperativo;Supply the capital of Laos.;Vientiane;Vientiane est la capitale du Laos.;True;La capital de Laos es Vientiane.;True;Die Hauptstadt von Laos ist Vientiane.;True
557;imperativo_explicativo;Clear up how black holes form.;collapse;Les trous noirs! C'est un sujet fascinant qui intrigue les scientifiques et les amateurs de physique depuis des siècles. Je vais essayer de vous expliquer comment les trous noirs se forment. ⏎ **La formation d'un trou noir** ⏎ Un trou noir est créé lorsque une étoile massive s'effondre sous sa propre gravité. Lorsque l'étoile a fini sa vie, elle peut s'effondrer sous sa propre gravité;True;¡Claro! (¡Entendido!) La formación de agujeros negros es un proceso complejo que involucra la colisión de estrellas masivas y la contracción gravitatoria. ⏎ **El proceso de formación de un agujero negro:** ⏎ 1. **La muerte de una estrella masiva**: Cuando una estrella masiva agota su combustible nuclear, su núcleo se contrae bajo su propia gravedad, lo;False;Ein interessantes Thema! ⏎ Schwarze Löcher sind extrem massive, densen Sternen, die durch ihre enorme Masse eine so starke Gravitation ausüben, dass nichts, nicht einmal Licht, entkommen kann. Aber wie genau entstehen diese Monster? ⏎ Die Bildung von Schwarzen Löchern ist ein komplexer Prozess, der aus mehreren Schritten besteht: ⏎ 1. **Die Sterne sterben**: Eine massive Sterne, etwa 3;False
558;explicativa;How is paper made?;pulp;Le papier est fabriqué à partir de plusieurs étapes. Voici une vue d'ensemble de la procédure : ⏎ 1. **Extraction du papier** : les fibres végétales, telles que celles des arbres de séquoia ou des arbres de bambou, sont extraites de la forêt ou de la plantation. ⏎ 2. **Pulperie** : les fibres sont moulues dans un mélange d;True;"El proceso de fabricación de papel es bastante interesante. A continuación, te explico los pasos generales: ⏎ 1. **Recuperación de la madera**: La madera se recupera de los árboles, generalmente de especies como el pinus, el abedul o el roble. ⏎ 2. **Molienda**: La madera se moli en una molienda para convertirla en una pasta llamada ""pulpa";True;"Das Papierherstellen ist ein interessantes Thema! ⏎ Das Papierherstellen beginnt mit der Holzschlagung, bei der Holzstämme in kleine Stücke geschnitten und dann zu Pulver gerieben werden. Dieses Holzpulver wird dann mit Wasser gemischt und zu einer Paste verarbeitet, die als ""Pulper"" bezeichnet wird. ⏎ Die Pulper wird dann in einem großen Behälter unter Hochdruck";True
559;corta;Largest city in Brazil?;Sao Paulo;Le plus grand ville du Brésil est São Paulo.;True;La ciudad más grande de Brasil es São Paulo.;True;Die größte Stadt in Brasilien ist São Paulo.;True
560;conversacional;Real quick: who directed Star Wars?;George Lucas;C'était George Lucas qui a réalisé Star Wars.;True;¡Claro! El director de Star Wars fue George Lucas.;True;"Ein schneller Hinweis! ⏎ Der Film ""Star Wars"" wurde von George Lucas inszeniert.";True
561;factual_clasica;Who composed the Brandenburg Concertos?;Bach;Les Brandebourgs sont des concertos composés par Johann Sebastian Bach.;True;Los Brandenburgos fueron compuestos por Johann Sebastian Bach.;True;Die Brandenburger Konzerte wurden von Johann Sebastian Bach komponiert.;True
562;factual_aperturas;Which bone is the longest in the body?;femur;La osseuse la plus longue du corps est la colonne vertébrale.;False;El hueso más largo del cuerpo es el fémur, también conocido como la pierna.;True;Die längste Knochen im Körper ist der Femur, auch bekannt als Hüftgelenk. Es ist etwa 43-45 Zentimeter lang und befindet sich im unteren Teil des Beckens.;True
563;imperativo;State the capital of Georgia, the country.;Tbilisi;La capitale de la Géorgie est Tbilissi.;True;La capital de Georgia es Tiflis (también conocida como Tifli o Tifli).;True;Die Hauptstadt Georgiens ist Tiflis (auch bekannt als Tiflis oder Tifli).;True
564;imperativo_explicativo;Go over why Mars looks red.;iron oxide;"Mars est souvent appelé le ""Roi Rouge"" en raison de sa couleur distinctive. Mais pourquoi est-ce que Mars ressemble à un carreau de chocolat rouge? ⏎ La réponse se trouve dans la composition de la surface de Mars. La planète est composée principalement de roches et de sédiments de fer et de magnésium, qui sont riches en oxydes de fer. Lorsque ces oxydes de fer sont exposés à l'air, ils";True;¡Claro! La razón por la que Marte parece rojo es debido a la composición de su atmósfera y su superficie. ⏎ Marte tiene una atmósfera muy delgada, que es solo un 1% de la densidad de la atmósfera de la Tierra. Sin embargo, esta atmósfera está compuesta principalmente de óxido de hierro (Fe2O3), que es el mismo compuesto que se;True;Die Rötung des Mars ist ein interessantes Phänomen, das auf mehrere Faktoren zurückzuführen ist. ⏎ Einer der Hauptgründe ist die Zusammensetzung des Planeten selbst. Mars besteht hauptsächlich aus Eisenoxid (Fe2O3), auch bekannt als Roter Eisenoxid. Dieser Mineralstoff ist für seine intensive Rötung verantwortlich. Die Eisenoxide auf dem Mars-Rücken sind so dicht konzentri;True
565;explicativa;Where does natural rubber come from?;latex;Le caoutchouc naturel provient principalement de la chaux du sud-est asiatique, notamment de la Malaisie, de la Thaïlande, du Cambodge et du Vietnam. Il est extrait des feuilles de la plante Hevea brasiliensis, également connue sous le nom de caoutchouc de brasilière.;True;El caucho natural proviene de las plantas de caucho, que se encuentran en las selvas tropicales de Asia y América del Sur. Las plantas de caucho son arbustos o árboles pequeños que producen hojas y flores, y su principal componente es el caucho, que se extrae de las hojas y se utiliza para producir el caucho natural.;True;Natürlicher Kautschuk stammt hauptsächlich aus den Blättern der Hevea- und Manihot-Arten, die in tropischen und subtropischen Regionen der Welt vorkommen. Die wichtigsten Produzenten von Kautschuk sind: ⏎ * Brasilien ⏎ * Indonesien ⏎ * Malaysia ⏎ * Thailand ⏎ * Kamerun ⏎ Die Kautschukpflanzen wachsen in feuchten, warmen K;True
566;corta;Largest city in Turkey?;Istanbul;La plus grande ville de Turquie est Istanbul.;True;La ciudad más grande de Turquía es Estambul (Istanbul).;True;Die größte Stadt in der Türkei ist Istanbul.;True
567;conversacional;Okay, who sang Like a Prayer?;Madonna;"C'est Madonna qui a chanté ""Like a Prayer"".";True;Esa canción fue cantada por Madonna.;True;"Das Lied ""Like a Prayer"" wurde von der amerikanischen Sängerin und Songwriterin Madonna geschrieben und aufgenommen.";True
568;factual_clasica;What is the chemical symbol for nitrogen?;N;Le symbole chimique du nitrogène est N.;True;El símbolo químico del nitrógeno es N.;True;Das chemische Symbol für Stickstoff ist N.;True
569;factual_aperturas;Where is the famous leaning tower?;Pisa;La tour inclinée est célèbre à Pise, en Italie.;True;El famoso torre inclinada se encuentra en Pisa, Italia.;True;Das berühmte Kippturm ist in Pisa, Italien.;True
570;imperativo;Mention who composed The Blue Danube.;Johann Strauss;"Le ""Danube bleu"" a été composé par Johann Strauss fils, un compositeur autrichien.";True;"El ""Danubio Azul"" (en inglés, ""The Blue Danube"") es una marcha de piano compuesta por el compositor austríaco Johann Strauss II.";True;"Die Komposition ""Die Blaue Danube"" (auch bekannt als ""An der blauen Donau"") stammt von Johann Strauss II.";True
571;imperativo_explicativo;Detail why Venus is so hot.;greenhouse;Vénus est une planète très chaude, avec une température moyenne de 462°C à la surface. Il y a plusieurs raisons qui expliquent cette chaleur exceptionnelle : ⏎ 1. **Atmosphère épaisse** : La atmosphère de Vénus est très dense et composée principalement d'azote et de dioxyde de carbone. Cette atmosphère épaisse trappe la chaleur du soleil, cré;False;"¡Claro! La Venus es un planeta muy interesante y su temperatura es uno de los más altos del sistema solar. ⏎ La razón principal por la que Venus es tan caliente es debido a su atmósfera densa y opaca, que es rica en dióxido de carbono (CO2). Esta atmósfera actúa como un ""espejo"" que retiene el calor del sol, lo que provoca una temperatura extremadamente alta en";False;Venus ist tatsächlich die heißeste Planetin unseres Sonnensystems. Es gibt mehrere Gründe, warum Venus so heiß ist: ⏎ 1. **Dichte Atmosphäre**: Die Atmosphäre von Venus ist extrem dicht und besteht hauptsächlich aus Kohlendioxid (CO2). Diese Gase fangen die Sonnenstrahlen auf und halten die Wärme in der Atmosphäre fest. ⏎ 2. **Wärmestra;False
572;explicativa;How is leather made?;tanning;Le cuir est un matériau obtenu à partir de la peau d'animaux, généralement des vaches, des chevaux ou des moutons. Voici les étapes de la fabrication du cuir : ⏎ 1. **Tannerie** : La première étape consiste à dépecer les animaux et à extraire la peau. Les peaux sont ensuite traitées avec des produits chimiques pour les dégraisser et les dégra;True;"El cuero se hace a través de varios pasos. Primero, se obtiene la piel de animales como vacas, terneros o caballos. Luego, se limpia y se tratan con sustancias químicas para eliminar la grasa y la piel más fina. ⏎ A continuación, se somete la piel a un proceso llamado ""limpieza con jabón"" para eliminar cualquier suciedad o residuos. Luego, se seca y";False;Das Lederherstellen ist ein interessantes Thema! ⏎ Das Herstellen von Leder ist ein komplexer Prozess, der mehrere Schritte umfasst. Hier ist eine kurze Übersicht: ⏎ 1. **Tiergewinnung**: Zunächst werden Tiere wie Schafen, Hirsche oder Rindern getötet und die Haut entfernt. ⏎ 2. **Reinigung**: Die Haut wird gereinigt, um Schmutz und Fett zu entfer;False
573;corta;Largest city in Morocco?;Casablanca;La plus grande ville du Maroc est Casablanca.;True;La ciudad más grande de Marruecos es Casablanca.;True;Die größte Stadt in Marokko ist Casablanca.;True
574;conversacional;Hi! Who created Tintin?;Herge;Bonjour! Tintin a été créé par le célèbre dessinateur et écrivain belge Hergé (Henri-René Albert Guy-Edmond Schelléens). Il a créé la série de bandes dessinées Tintin en 1929 et a continué à la développer jusqu'à sa mort en 1983.;True;¡Hola! El creador de Tintín fue el ilustrador y escritor belga Georges Remi, más conocido como Hergé.;True;Hallo! ⏎ Tintin wurde von dem belgischen Comic-Zeichner und Schriftsteller Hergé (Georges Remi) geschaffen. Er ist einer der bekanntesten Comic-Zeichner aller Zeiten und hat Tintin in über 23 Alben veröffentlicht.;True
575;factual_clasica;What is the capital of Denmark?;Copenhagen;La capitale du Danemark est Copenhague.;True;La capital de Dinamarca es Copenhague.;True;Die Hauptstadt von Dänemark ist Kopenhagen.;True
576;factual_aperturas;Where is Michelangelo's David displayed?;Florence;Michel-Ange's David est exposé au Musée du Louvre à Paris.;False;El David de Miguel Ángel se encuentra en la Galleria dell'Accademia en Florencia, Italia.;True;Michelangelos David ist in der Galleria dell'Accademia in Florenz ausgestellt.;True
577;imperativo;Indicate the founder of Amazon.;Jeff Bezos;Le fondateur d'Amazon est Jeff Bezos.;True;El fundador de Amazon es Jeff Bezos.;True;Der Gründer von Amazon ist Jeff Bezos.;True
578;imperativo_explicativo;Unpack what causes meteor showers.;comet;Les météorites sont des particules de débris qui entrent dans l'atmosphère terrestre, généralement provenant d'un astéroïde ou d'une comète. Les météorites sont causées par des phénomènes naturels qui se produisent dans notre système solaire. ⏎ Voici quelques-unes des causes principales des météorites : ⏎ 1. **Les débris d'astéroïdes** : Les ast;True;¡Claro! (¡Por supuesto!) Las lluvias de meteoros se deben a la interacción entre la Tierra y el espacio exterior. A continuación, te explico los factores que causan estas espectaculares manifestaciones celestes: ⏎ 1. **Cometas**: Los cometas son objetos del sistema solar que están compuestos principalmente de hielo y polvo. Cuando un cometa pasa cerca de la Tierra, su trayectoria puede hacer que;True;Ein interessantes Thema! ⏎ Meteor-Schauer werden durch die Aufprall von kleinen Himmelskörpern auf die Erde verursacht. Hier sind die Hauptursachen: ⏎ 1. **Kometen**: Viele Meteor-Schauer sind mit Kometen verbunden. Wenn ein Komet durch die Sonne fliegt, schmilzt seine Eisschicht und hinterlässt kleine Teilchen, die sich in die Erdatmosphäre bewegen. ⏎ 2;True
579;explicativa;How does cotton become thread?;spinning;Le coton devient une fibre pour créer des fils. Voici les étapes générales : ⏎ 1. **Récolte du coton** : Le coton est récolté à partir des plantes de coton, généralement à la main ou avec des machines spécifiques. ⏎ 2. **Lavage et séchage** : Les bolls (les fruits de la plante de coton) sont lavés et séchés pour enlever la terre et;False;El algodón se convierte en hilo a través de varios pasos: ⏎ 1. **Harvesting**: El algodón se cose en las plantas de algodón. ⏎ 2. **Limpieza**: El algodón se lava y se limpia para eliminar cualquier suciedad o impureza. ⏎ 3. **Secado**: El algodón se seca para eliminar el exceso de humedad. ⏎ 4. **Deshilado**: El algodón;True;Das ist eine gute Frage! ⏎ Der Prozess, um Stoff aus Baumwolle zu einem Faden zu verarbeiten, wird als Spinnerei genannt. Hier ist eine kurze Übersicht: ⏎ 1. **Reinigung**: Die Baumwollfäden werden gereinigt, um Schmutz und andere Verunreinigungen zu entfernen. ⏎ 2. **Spinnendrehen**: Die gereinigten Fäden werden dann in;True
580;corta;Fastest fish?;sailfish;Le poisson le plus rapide est le saumon, qui peut atteindre des vitesses de jusqu'à 70 km/h. Cependant, le record du poisson le plus rapide est tenu par le saumon atlantique, qui peut atteindre des vitesses de jusqu'à 80 km/h.;False;El pez más rápido es el pez espada (Xiphias gladius). Puede alcanzar velocidades de hasta 110 km/h (68 mph).;False;Der schnellste Fisch ist der Schnellbarbe (Toxotes jaculatrix). Er kann Geschwindigkeiten von bis zu 36 km/h erreichen.;False
581;conversacional;So, who created The Simpsons?;Matt Groening;C'est Matt Groening qui a créé les Simpson. Il est un dessinateur et scénariste américain, connu pour son travail sur les séries télévisées d'animation, notamment The Simpsons, qui a été diffusée pour la première fois en 1989.;True;El creador de The Simpsons es Matt Groening.;True;"Die Serie ""Die Simpsons"" wurde von Matt Groening geschaffen. Er ist ein amerikanischer Cartoonist, Drehbuchautor und Regisseur, der die Idee für die Serie 1987 entwickelte. Groening basierte die Charaktere auf seinen eigenen Familie und Freunden, insbesondere auf seinem Vater Homer, seiner Mutter Marge, seinem Bruder Bart und seiner Schwester Lisa. Die Serie wurde von Groening und Sam Simon entwickelt und von";True
582;factual_clasica;Who founded psychoanalysis?;Freud;Le psychoanalysé a été fondé par Sigmund Freud.;True;El psicoanálisis fue fundado por Sigmund Freud.;True;Die Psychoanalyse wurde von Sigmund Freud gegründet.;True
583;factual_aperturas;Where were the Hanging Gardens said to be?;Babylon;Les jardins suspendus étaient dit à être à Babylone, en Mésopotamie.;True;Se decía que las Huertas Colgantes estaban ubicadas en Babilonia, en el Imperio Neoasirio, aunque algunos historiadores creen que podrían haber estado en el Imperio Persa, en la actual Irak.;True;Die Hängenden Gärten sollen in Babylon, in der antiken Stadt in Mesopotamien (heute Irak), gesessen haben.;True
584;imperativo;Recall who painted The Third of May.;Goya;"L'œuvre ""Le 3 mai"" a été peinte par le peintre espagnol Francisco Goya.";True;"El pintor que creó ""El 3 de mayo"" es Francisco Goya.";True;"Die Gemälde ""Die Dritte Mai"" (auch bekannt als ""Die Ermordung der Dreyfus-Affäre"" oder ""Die Ermordung von May 3"") wurden von verschiedenen Künstlern geschaffen. Die bekannteste Version wurde von Pablo Picasso geschaffen.";False
585;imperativo_explicativo;Run through what Jupiter's Great Red Spot is.;storm;Je vais vous expliquer ce qui est le Grand Cirque rouge de Jupiter. ⏎ Le Grand Cirque rouge de Jupiter est une tempête géante qui se trouve sur la planète Jupiter. Il s'agit d'une vaste région de circulation atmosphérique qui a été observée depuis des siècles. Cette tempête est d'environ 25 000 kilomètres de diamètre, ce qui est plus grand que la Terre! ⏎ La tempête est caractérisée par une;True;¡Claro! Vamos a explorar el Gran Manantial Rojo de Júpiter. ⏎ El Gran Manantial Rojo (GRS en inglés) es una tormenta en Júpiter que ha estado presente durante al menos 187 años. Se encuentra en el hemisferio sur del planeta y tiene un diámetro de aproximadamente 25.000 kilómetros, lo que es equivalente a 10 veces el diámetro de la Tierra;True;Das Jupiter-Rotspot ist ein beeindruckendes Phänomen in unserem Sonnensystem. Hier sind die wichtigsten Fakten: ⏎ **Was ist das Jupiter-Rotspot?** ⏎ Das Jupiter-Rotspot ist ein ständig existierender Anticyklon auf Jupiter, der etwa 10.000 km breit und 13.000 km hoch ist. Es ist ein riesiger Wirbelsturm, der sich über mehrere Jahrzehnte hinweg auf;True
586;explicativa;Why do leaves look green?;chlorophyll;Les feuilles ressemblent-elles au vert parce qu'elles contiennent une substance appelée chlorophylle. La chlorophylle est responsable de la photosynthèse, qui est le processus par lequel les plantes produisent leur propre nourriture à partir de l'énergie du soleil. La chlorophylle est une couleur verte et elle absorbe la plupart de la lumière du soleil, ce qui donne aux feuilles;True;Los hojas parecen verdes porque contienen una sustancia llamada clorofila. La clorofila es un pigmento que ayuda a las plantas a convertir la energía del sol en energía química, lo que les permite crecer y desarrollarse. La clorofila se encuentra en las células verdes de las hojas y es responsable del color verde que vemos.;True;Grüne Blätter haben eine besondere Farbchemie. Sie enthalten eine Mischung aus Chlorophyll, einem Pflanzenhormon, das für die Photosynthese notwendig ist. Chlorophyll reflektiert das Licht in der blauen und grünen Seite des Spektrums, während es das rote Licht absorbiert. Dieser Effekt macht die Blätter grün erscheinen.;True
587;corta;Largest reptile?;saltwater crocodile;Le reptile le plus grand est le crocodile du Nil, qui peut atteindre jusqu'à 7 mètres de longueur et peser jusqu'à 1 000 kilogrammes.;True;El reptil más grande es el cocodrilo.;True;Der größte Reptil ist der Krokodil. Es gibt zwei Arten von Krokodilen, die als größt gelten: der Sumpfkrokodil (Crocodylus palustris) und der Nilkrokodil (Crocodylus niloticus). Sie können bis zu 7 Meter lang und 1.000 Kilogramm schwer werden.;True
588;conversacional;Honestly, who found the Titanic wreck?;Ballard;En réalité, c'est une équipe de chercheurs américains et britanniques qui ont découvert le wreck du Titanic en 1985. L'équipe était dirigée par Robert Ballard, un oceanographe américain, et son collègue, Jean-Louis Michel, un ingénieur français. Ils ont utilisé une sonde sous-marine baptisée Argo pour localiser et explorer le wreck. Le 1er septembre 1985,;True;Sinceramente, el Titanic se encontró con la ayuda de una expedición liderada por el oceanógrafo británico Robert Ballard en 1985. Ballard y su equipo utilizaron un sonar subacuático y una cámara de sonar para localizar y explorar el naufragio. La expedición fue financiada por la National Geographic Society y se llevó a cabo en colaboración con la Universidad de Rhode Island. El 1 de septiembre de;True;Ehrlich gesagt, fand der Titanic-Wrecksfund nicht durch Zufall statt. Der britische Unterseebootsfahrer und Archäologe Robert Ballard war derjenige, der am 1. September 1985 den Wrack des Titanic entdeckte. Ballard und sein Team verwendeten ein Unterwasser-Untersuchungsfahrzeug, um den Fundort zu lokalisieren. Die Entdeckung wurde von einer US-amer;True
589;factual_clasica;What is the speed of light in vacuum in kilometers per second, rounded?;300000;La vitesse de la lumière dans le vide est d'environ 300 000 kilomètres par seconde.;True;La velocidad de la luz en vacío se aproxima a 299.792 kilómetros por segundo.;True;Die Geschwindigkeit des Lichts in Vakuum beträgt ungefähr 299.792 km/s.;True
590;factual_aperturas;Who authored The Communist Manifesto?;Marx;Le manifeste communiste a été écrit par Karl Marx et Friedrich Engels.;True;El autor de El Manifiesto Comunista fue Karl Marx y Friedrich Engels.;True;"Die Autoren des ""Communistischen Manifests"" (Kommunistisches Manifest) waren Karl Marx und Friedrich Engels.";True
591;imperativo;Reveal the largest lake in South America.;Titicaca;Le plus grand lac d'Amérique du Sud est le lac Titicaca.;True;El lago más grande de América del Sur es el Lago Titicaca, ubicado en la frontera entre Perú y Bolivia. Tiene una superficie de aproximadamente 8.372 kilómetros cuadrados y una profundidad máxima de 281 metros.;True;Der größte See in Südamerika ist der Titicaca-See. Er liegt auf der Grenze zwischen Peru und Bolivien und hat eine Fläche von etwa 8.372 Quadratkilometern.;True
592;imperativo_explicativo;Lay out how the Moon formed.;collision;La formation de la Lune est un sujet fascinant qui a été étudié par les scientifiques pendant des siècles. Voici une vue d'ensemble de la théorie la plus acceptée : ⏎ **La théorie de la formation de la Lune** ⏎ Selon la théorie la plus acceptée, la Lune a été formée il y a environ 4,5 milliards d'années, à la même époque que la Terre. Il y;False;¡Claro! A continuación, te presento la teoría científica sobre cómo se formó la Luna: ⏎ **La teoría de la formación de la Luna** ⏎ La formación de la Luna se cree que ocurrió hace aproximadamente 4.500 millones de años, durante el período de formación de la Tierra. La teoría más aceptada es la siguiente: ⏎ 1. **La formación de la Tierra**: La Tierra se formó a partir de;False;Die Bildung der Mond ist ein komplexes Thema, das Wissenschaftler seit Jahrhunderten beschäftigt. Hier ist eine Übersicht über die Theorien zur Bildung der Mond: ⏎ **Die Theorie der Großen Zerstörung** ⏎ Die bekannteste Theorie zur Bildung der Mond ist die Große Zerstörung, die von Giordano Bruno im 16. Jahrhundert vorgeschlagen wurde. Laut dieser Theorie war;False
593;explicativa;How does the eye focus light?;lens;L'œil se concentre la lumière grâce à un système complexe de muscles et de structures anatomiques. Voici les étapes clés : ⏎ 1. La lumière pénètre dans l'œil à travers la cornée, qui est la couche transparente qui recouvre la surface de l'œil. ⏎ 2. La lumière est ensuite réfléchie vers l'intérieur de l'œil par la cornée et la membrane conjonct;True;La lente del ojo se curva para enfocar la luz. La lente del ojo es una estructura flexible que se encuentra en la parte posterior del ojo y se curva para enfocar la luz que entra en el ojo. Cuando la luz entra en el ojo, la lente se curva para enfocarla en la retina, que es la capa de tejido en la parte posterior del ojo que contiene las células sensibles;True;Die Augenfunktion ist ein komplexer Prozess. Die Augen können Licht durch eine Kombination von drei Hauptmechanismen fokussieren: ⏎ 1. **Kornerlins**: Der Kornerlins ist ein Muskel, der sich um den Augapfel herum befindet. Er vergrößert oder verkleinert die Pupille, um Licht zu kontrollieren. Wenn Licht stark ist, verkleinert sich;False
594;corta;Tallest tree species?;redwood;Les espèces de arbres les plus hauts sont généralement des conifères. Voici quelques-unes des plus hautes espèces de arbres : ⏎ * Le séquoia géant (Sequoiadendron giganteum) peut atteindre jusqu'à 115 mètres de hauteur. ⏎ * Le cèdre géant (Sequoia sempervirens) peut atteindre jusqu'à 115 mètres de hauteur. ⏎ * Le cèdre;True;Las especies de árboles más altas son: ⏎ 1. **Sequoia gigantea** (Sequoia gigantea): se encuentra en California, Estados Unidos, y puede alcanzar alturas de hasta 115 metros. ⏎ 2. **Coast Redwood** (Sequoia sempervirens): también se encuentra en California, Estados Unidos, y puede alcanzar alturas de hasta 115 metros. ⏎ 3. **Mountain Ash** (Eucalypt;True;Die höchsten Baumarten sind: ⏎ 1. **Eiche (Quercus robur)**: In Deutschland kann die Eiche bis zu 40 Meter hoch werden. ⏎ 2. **Fichte (Picea abies)**: Die Fichte kann in Europa bis zu 100 Meter hoch werden. ⏎ 3. **Kiefer (Pinus sylvestris)**: Die Kiefer ist eine der häufigsten Baumarten in Europa und kann bis zu 60 Meter hoch werden;False
595;conversacional;Wait, who proposed continental drift?;Wegener;C'est Alfred Wegener, un scientifique allemand, qui a proposé la théorie du dérive continentale en 1912. Il a observé que les continents avaient des formes et des bordures similaires, et qu'ils semblaient être en mouvement par rapport les uns aux autres. Il a également noté que les continents avaient des roches et des minéraux similaires, ce qui suggérait une origine commune.;True;Fue Alfred Wegener quien propuso la teoría del derribo continental.;True;"Die Kontinentaldrift wurde von dem britischen Geologen Alfred Wegener im Jahr 1912 vorgeschlagen. Wegener war ein Pionier in der Geophysik und hat die Idee entwickelt, dass die Kontinente sich im Laufe der Zeit bewegt haben und sich in ihrer heutigen Form nicht mehr aneinander festhalten. Er vertrat die Theorie, dass die Kontinente durch eine sogenannte ""Fit"" zusammen";True
596;factual_clasica;In what year did the Islamic Revolution take place in Iran?;1979;La Révolution islamique en Iran a eu lieu en 1979.;True;La Revolución Islámica en Irán tuvo lugar en 1979.;True;Die islamische Revolution in Iran fand 1979 statt.;True
597;factual_aperturas;Who invented the electric battery?;Volta;C'est Alessandro Volta qui a inventé la pile électrique, également connue sous le nom de pile Voltaïque. Elle a été inventée en 1800 et a été la première source d'énergie électrique.;True;El invento de la batería eléctrica se atribuye a Alessandro Volta, un físico italiano, quien en 1800 creó la primera batería eléctrica, conocida como la batería de Volta.;True;Der Erfinder des elektrischen Batteries war Alessandro Volta, ein italienischer Physiker und Chemiker. Er entwickelte 1800 den sogenannten Voltaischen Stacker, einen Batterie-Prototyp, der aus 12 kupferen Platten und einem Zinkblech bestand, die mit Salzlake getränkt waren. Dieser Erfindung gilt als der Beginn der modernen Batterietechnologie.;True
598;imperativo;Pinpoint the capital of Armenia.;Yerevan;La capitale de l'Arménie est Yèrevan (ou Erevan).;True;La capital de Armenia es Yereván.;True;Die Hauptstadt Armeniens ist Jerewan (Jerevan).;True
599;imperativo_explicativo;Account for how caves form.;limestone;Les grottes sont des formations naturelles qui se forment à partir de processus géologiques qui se déroulent sur des milliers d'années. Voici les étapes clés de leur formation : ⏎ 1. **Érosion des roches** : Les roches solides, comme le calcaire, le dolomite ou le grès, sont soumises à l'érosion par l'eau, le vent ou les glaciers. Les agents;True;¡Claro! La formación de cuevas es un proceso complejo que involucra la erosión y la acumulación de rocas y sedimentos a lo largo del tiempo. ⏎ La formación de cuevas comienza con la erosión de la superficie terrestre, que puede ser causada por varios factores como la lluvia, el hielo, el viento o el agua subterránea. Cuando la erosión es intensa, puede crear;False;Die Bildung von Höhlen ist ein faszinierendes Phänomen. Hier ist eine kurze Erklärung: ⏎ Höhlen bilden sich durch geologische Prozesse, die über Tausende von Jahren ablaufen. Es gibt mehrere Möglichkeiten, wie Höhlen entstehen: ⏎ 1. **Karstbildung**: In karstigen Gebieten, wie zum Beispiel in Karstregionen in Europa, tritt Wasser durch die Erdoberfl;False
600;explicativa;How do glaciers form?;snow;Les glaciers se forment généralement à partir de la fonte de neige et de glace qui se dépose dans des régions à haute altitude, souvent dans les montagnes. Voici les étapes clés de la formation d'un glacier : ⏎ 1. La neige se dépose dans les régions à haute altitude, où elle est protégée des vents et des tempêtes. ⏎ 2. La neige se transforme en glace à mesure qu'elle est expos;True;Los glaciares se forman a través de un proceso que involucra la acumulación de hielo en una región específica. A continuación, te explico los pasos clave: ⏎ 1. **Precipitación y evaporación**: La nieve cae en una región montañosa y se evapora lentamente, lo que permite que el agua se condense en gotas. ⏎ 2. **Congelamiento**: Las gotas de agua;True;Glaziere bilden sich durch eine Kombination von Faktoren, die zu einer langfristigen Bildung von Eisschilden führen. Hier sind die wichtigsten Schritte: ⏎ 1. **Klimawandel**: Ein Klimawandel mit niedrigeren Temperaturen und höheren Niederschlagsmengen führt zu einer Erhöhung der Schneedecke in Gebieten mit hohen Bergen oder in Polargebieten. ⏎ 2;True
601;corta;Largest fish?;whale shark;Le poisson le plus grand est le baleine-nageur (Rhincodon typus). Il peut atteindre jusqu'à 20 mètres de long et peser jusqu'à 180 tonnes.;False;El pez más grande es el balaenoterra (Balaenoptera physalus). Puede alcanzar hasta 33 metros de longitud y pesar hasta 180 toneladas.;False;Der größte Fisch ist der Leuchtturmhai (Lampetus gigas). Er kann bis zu 7 Meter Länge und bis zu 2.300 Kilogramm Gewicht erreichen. Er ist ein Meeresfisch, der in den Tiefen des Pazifiks und des Indischen Ozeans vorkommt.;False
602;conversacional;Sorry, who first split the atom?;Rutherford;C'est une question intéressante! Le premier à avoir réussi à spliter l'atome était Ernest Rutherford, un physicien néo-zélandais. En 1917, il a mené une expérience dans lequel il a utilisé une charge positive pour attirer les protons dans un noyau d'uranium, créant ainsi une réaction nucléaire. C'est une étape importante dans l'histoire de la physique nucl;True;Lo siento, pero no tengo información sobre una persona específica que haya sido la primera en dividir el átomo. Sin embargo, se sabe que el alemán Ernesto Rutherford fue uno de los primeros científicos en estudiar la estructura del átomo y realizó experimentos que demostraron la existencia de los núcleos atómicos. ⏎ En cuanto a la división del átomo, se cree que el físico alem;True;Keine Sorge! ⏎ Die Entdeckung der Kernspaltung wird oft dem deutschen Physiker Otto Hahn zugeschrieben. Er entdeckte 1938 gemeinsam mit seinem Kollegen Fritz Strassmann, dass Uran-235 unter der Einwirkung von Neutronen in Barium und Krypton spaltete. Dieser Prozess wird als Kernspaltung bezeichnet. ⏎ Allerdings war die Kernspaltung bereits von anderen Wissenschaftlern erforscht worden;True
603;factual_clasica;What is the capital of Nigeria?;Abuja;Le capital de la Nigeria est Abidjan, mais c'est une erreur, car Abidjan est la capitale de la Côte d'Ivoire. La capitale de la Nigeria est en fait Abuja.;True;El capital de Nigeria es Abuja.;True;Die Hauptstadt von Nigeria ist Abuja.;True
604;factual_aperturas;Who first measured Earth's circumference?;Eratosthenes;C'est Eratosthène qui a mesuré la circonférence de la Terre pour la première fois. Il a estimé que la circonférence de la Terre était d'environ 40 000 kilomètres, ce qui était une estimation très proche de la réalité.;True;Fue el griego Eratóstenes quien midió la circunferencia de la Tierra.;True;Der erste Mensch, der die Erdumfang messen wollte, war der griechische Philosoph und Mathematiker Eratosthenes. Er lebte um 276 v. Chr. und entwickelte eine Methode, um die Erdumfang zu ermitteln, indem er die Winkelmessungen in Ägypten und Griechenland nutzte. Er stellte fest, dass die Sonne bei einem bestimmten Zeitpunkt im Norden und im Sü;True
605;imperativo;Locate the birthplace of tango.;Argentina;Le tango est né à Buenos Aires, en Argentine. Plus précisément, il est né dans les quartiers populaires de la ville, tels que San Telmo et La Boca, où les immigrants européens, notamment des Italiens et des Espagnols, ont créé des communautés et des milieux artistiques qui ont influencé le développement du tango.;True;El lugar de nacimiento del tango es Buenos Aires, Argentina.;True;Die Geburtsstätte des Tango ist Buenos Aires, die Hauptstadt Argentiniens.;True
606;imperativo_explicativo;Shed light on how Hawaii's islands formed.;volcanoes;Les îles de Hawaï ont une histoire fascinante de formation. Voici les détails : ⏎ Les îles de Hawaï sont le résultat d'une activité volcanique intense qui a eu lieu il y a environ 40 millions d'années. La formation des îles est attribuée à la collision entre le plongeon océanique de la plaque tectonique du Pacifique et la plaque tectonique nord-américaine. ⏎ Vo;True;¡Claro! La formación de las islas de Hawái es un proceso fascinante que involucra la interacción de varios factores geológicos. ⏎ Las islas de Hawái se formaron a partir de una serie de erupciones volcánicas que ocurrieron hace unos 40 millones de años. La formación de las islas se puede dividir en varias etapas: ⏎ 1. **La formación de la corteza oceán;True;Eine großartige Frage! ⏎ Die Inseln von Hawaii sind eine einzigartige Geologie, die durch eine Kombination von vulkanischen und tectonischen Prozessen entstanden ist. Hier ist eine kurze Übersicht über die Geschichte der Bildung der hawaiianischen Inseln: ⏎ **Die Anfänge:** ⏎ Die hawaiianischen Inseln sind Teil des Platten-System, einer Theorie, die besagt, dass die Erd;True
607;explicativa;How do hurricanes get their energy?;warm water;Les ouragans obtiennent leur énergie de la chaleur de la mer. Lorsque le soleil chauffe l'eau de la mer, il crée une température élevée qui se propage dans l'air environnant. Cela fait monter l'air chaud, qui se refroidit et se condense, formant des nuages. Lorsque les nuages se rassemblent et se forment des cumulons, ils cré;False;Los huracanes obtienen su energía de la evaporación del agua del océano. Cuando el sol calienta el agua del mar, evapora y se convierte en vapor de agua. Este vapor de agua sube hacia la atmósfera y se enfría, lo que hace que se condense en gotas de agua. Estas gotas de agua se unen para formar nubes, que pueden ser muy altas y pesadas. ⏎ Cu;True;Hurrikane erhalten ihre Energie aus der Wärme des Ozeans. Wenn die Sonne die Oberfläche des Ozeans erwärmt, wird die Wärme in die Tiefe des Ozeans transportiert, wo sie als Wärmeübertragung aufgenommen wird. Diese Wärme wird dann in die Atmosphäre aufgenommen und bildet sich zu einem Hochdruckgebiet, das sich zu einem Hurrikan entwickelt. ⏎ Ein;False
608;corta;Slowest mammal?;sloth;Le mammifère le plus lent est le manchot à poils, qui peut marcher à une vitesse moyenne de 0,25 m/s.;False;El mamífero más lento es el sloco (Myrmecophaga tridactyla). Puede caminar a una velocidad de aproximadamente 0,14 kilómetros por hora (0,09 millas por hora).;False;Der langsamste Säugetier ist der Elefant. Er kann mit einer Geschwindigkeit von etwa 40 Kilometern pro Stunde laufen, was ihn zu einem der langsamsten Säugetiere macht.;False
609;conversacional;Be honest: who wrote The Canterbury Tales?;Chaucer;Je suis honnête, c'est Geoffrey Chaucer qui a écrit Les Contes de Canterbury.;True;La verdad es que el autor de Las Aventuras de Canterbury es Geoffrey Chaucer, un poeta y escritor inglés del siglo XIV.;True;Die Frage ist nicht schwer zu beantworten! ⏎ Die Canterbury-Tales wurden von Geoffrey Chaucer geschrieben. Er war ein englischer Dichter und Schriftsteller, der im 14. Jahrhundert lebte. Die Canterbury-Tales sind eines seiner bekanntesten Werke und gelten als Klassiker der englischen Literatur.;True
610;factual_clasica;What is the capital of Peru?;Lima;La capitale du Pérou est Lima.;True;La capital de Perú es Lima.;True;Die Hauptstadt Perus ist Lima.;True
611;factual_aperturas;Who founded Buddhism?;Buddha;Le bouddhisme a été fondé par le Bouddha, également connu sous le nom de Siddhartha Gautama. Il a vécu au VIe siècle avant notre ère, en Inde.;True;Buddismo fue fundado por el Buda, también conocido como Siddhartha Gautama, un filósofo y monje indio que vivió en el siglo VI a.C.;True;Buddhismus wurde von Siddhartha Gautama, auch bekannt als der Buddha, gegründet. Er war ein indischer Philosoph und Erzähler, der im 6. Jahrhundert v. Chr. in Lumbini, Indien, geboren wurde. Nach einer langen Meditation und spirituellen Suche erreichte er die Erleuchtung und gründete schließlich den Buddhismus.;True
612;imperativo;Report the atomic number of oxygen.;8;Le numéro atomique de l'oxygène est 8.;True;El número atómico de oxígeno es 8.;True;Die Atomnummer von Sauerstoff beträgt 8.;True
613;imperativo_explicativo;Demystify how wounds stop bleeding.;platelets;Les plaies arrêter le saignement, c'est un processus complexe qui implique plusieurs étapes. Voici une explication détaillée : ⏎ Lorsqu'une plaie se produit, le sang se déverse à partir des vaisseaux sanguins endommagés. Pour arrêter le saignement, le corps utilise plusieurs mécanismes : ⏎ 1. **La pression exercée sur la plaie** : Lorsqu'on appl;False;¡Claro! Vamos a desmistificar cómo las heridas detienen la hemorragia. ⏎ Cuando una herida se produce, el cuerpo inmediatamente responde con una serie de mecanismos para detener la hemorragia. A continuación, te presento los pasos clave: ⏎ 1. **Constrictión de los vasos sanguíneos**: El cuerpo constricta los vasos sanguíneos cercanos a la;False;Lassen Sie uns die Wundblutung demystifizieren. ⏎ Wenn ein Gewebe verletzt wird, kommt es zu einer Blutung, da die Blutgefäße in der Nähe des Verletzungsortes aufgerissen werden. Die Blutgefäße sind so dicht beieinander angeordnet, dass sie sich leicht aufschneiden können, wenn sie aufgerissen werden. ⏎ Um die Blutung zu stop;False
614;explicativa;What do bees collect besides nectar?;pollen;Les abeilles collectent également de la poudre de pollen, qui est riche en protéines et en lipides.;True;Las abejas recogen además del néctar otros productos valiosos como: ⏎ *   Polen: una fuente rica en proteínas y grasas que les permite producir abejas reproductivas. ⏎ *   Pólen de flores: es una fuente de proteínas y nutrientes que les permite alimentar a las larvas y a las abejas adultas. ⏎ *   Hidratación: las abejas recogen agua;True;Bienen sammeln neben Nektar auch Pollen.;True
615;corta;National bird of the US?;bald eagle;L'oiseau national des États-Unis est le coq.;False;El pájaro nacional de los Estados Unidos es el águila real (Aquila chrysaetos).;True;Die Nationalvogel der Vereinigten Staaten von Amerika ist der American Robin (Turdus migratorius).;False
616;conversacional;Pub quiz: who painted The Hay Wain?;Constable;C'est J.M.W. Turner.;False;¡Esa es una buena pregunta! ⏎ La respuesta es John Constable.;True;Das ist eine einfache Frage! Die Antwort ist John Constable.;True
617;factual_clasica;Who was the first person to walk on the Moon?;Armstrong;C'était Neil Armstrong, un astronaute américain, qui a été le premier à poser le pied sur la Lune le 20 juillet 1969, lors de la mission Apollo 11.;True;El primer hombre en caminar en la Luna fue Neil Armstrong.;True;Der erste Mensch, der auf dem Mond ging, war Neil Armstrong. Am 20. Juli 1969 wurde er von der NASA-Mission Apollo 11 begleitet und machte Geschichte, als er die ersten Schritte auf dem Mondbecken machte.;True
618;factual_aperturas;Which star is the brightest at night?;Sirius;La étoile la plus brillante à la nuit est Sirius, également connue sous le nom de « la étoile du matin ». C'est une étoile bleue située à environ 8,6 années-lumière de la Terre et est visible dans le ciel nocturne du nord.;True;La estrella más brillante de noche es Sirius, también conocida como la Estrella de la Cebra. Es una estrella binaria que se encuentra en la constelación de Canis Major y tiene una brillo de 8,6 magnitudes, lo que significa que es aproximadamente 25 veces más brillante que el Sol.;True;Die Helligkeit der Sterne hängt von der Zeit des Jahres und der Luftverschmutzung ab. Allerdings ist Sirius, der Stern am Südsternhimmel, in der Regel der hellste Stern, der am Abend zu sehen ist. Er ist der hellste Stern des gesamten Luminarier-Systems und kann bis zu 25-mal heller sein als der nächstgelegene Stern, Canopus.;True
619;imperativo;Cite the author of Robinson Crusoe.;Defoe;L'auteur de Robinson Crusoe est Daniel Defoe.;True;El autor de Robinson Crusoe es Daniel Defoe.;True;Der Autor von Robinson Crusoe ist Daniel Defoe.;True
620;imperativo_explicativo;Elucidate how the tongue detects flavors.;taste buds;L'odorat joue un rôle important dans la détection des saveurs, mais le goût est également impliqué. Voici comment le langage détecte les saveurs : ⏎ Lorsque nous mangeons ou buvons quelque chose, les particules de saveur entrent dans notre bouche et font contact avec les papilles du langage. Il y a plusieurs types de papilles qui détectent différentes composantes des saveurs : ⏎ *   Les papilles;True;¡Claro! La lengua detecta los sabores a través de una compleja serie de procesos que involucran varios tejidos y receptores especializados. ⏎ **La estructura del lenguado** ⏎ La lengua está compuesta por varias capas de tejido, incluyendo la mucosa, el epitelio y el tejido conectivo. La mucosa es la capa más externa y contiene receptores especializados llamados papilas gustativas.;True;Die Entdeckung von Geschmacksrichtungen durch den Geschmackssinn ist ein komplexer Prozess. Hier ist eine detaillierte Erklärung: ⏎ Der Geschmackssinn ist ein wichtiger Sinnesorgan, der uns hilft, unsere Umgebung zu erkunden und wichtige Informationen über unsere Nahrung zu erhalten. Der Geschmackssinn besteht aus vier Hauptgeschmacksrezeptoren, die auf der Zunge und im Rachenhohl;False
621;explicativa;How do sharks detect hidden prey?;electric fields;Les requins détectent la proie cachée grâce à plusieurs méthodes : ⏎ 1. **L'odorat** : Les requins ont un sens de l'odorat très développé, qui leur permet de détecter les odeurs des proies, même si elles sont cachées sous de la sédimentation ou dans les eaux turbides. ⏎ 2. **La vision** : Les requins ont une vision aiguë et une capacité à détecter;False;Los tiburones detectan la presa escondida mediante varios mecanismos: ⏎ 1. **Olfato**: Los tiburones tienen un sentido del olfato muy desarrollado, que les permite detectar los olores a sangre y otros productos de descomposición que emiten las presas. ⏎ 2. **Electroreceptores**: Los tiburones tienen electroreceptores en su barbilla y en su cola, que les permiten;False;Die Schleichen von Haien! Sie haben eine sehr entwickelte Sinneswahrnehmung, um ihre Beute zu finden. Hier sind einige Möglichkeiten, wie sie versteckte Beute erkennen: ⏎ 1. **Geruchssinn**: Haien haben einen sehr feinen Geruchssinn, der es ihnen ermöglicht, den Geruch von Blut, Fleisch oder anderen Organen in der Umgebung zu erkennen. Sie können auch den Geruch;False
622;corta;Hardest human tissue?;enamel;Le tissu humain le plus dur est le dentin.;False;El tejido humano más duro es el hueso.;False;Die härteste menschliche Gewebe ist das Knochengewebe. Es ist besonders hart und widerstandsfähig aufgrund der hohen Konzentration an Kollagen und Knochenmineralien.;False
623;conversacional;My kid asks: who drew Snoopy?;Charles Schulz;C'est une excellente question! Snoopy, le chien de la bande dessinée Peanuts, a été créé par le célèbre dessinateur et scénariste américain Charles M. Schulz. Il a dessiné Snoopy pour la première fois en 1950, et depuis, le personnage est devenu l'un des plus populaires de la bande dessinée.;True;"¡Hola! La persona que dibujó a Snoopy es el famoso artista estadounidense Charles M. Schulz. Él fue el creador de la serie de cómics ""Peanuts"" y Snoopy es uno de sus personajes más queridos.";True;"Das ist eine großartige Frage! ⏎ Snoopy wurde von dem berühmten amerikanischen Cartoonisten Charles M. Schulz entworfen. Er war der Schöpfer des beliebten Comics ""Peanuts"", in dem Snoopy eine der bekanntesten Figuren ist. Charles M. Schulz zeichnete Snoopy von 1950 bis 2000 in seinen Comics, und seitdem ist Snoopy ein Symbol für die Freude und die Fantas";True
624;factual_clasica;Who invented the printing press in Europe?;Gutenberg;C'est Johannes Gutenberg qui a inventé la presse à caractères en Europe. Il a créé la première presse à caractères en 1440 à Mainz, en Allemagne.;True;El inventor de la imprenta en Europa fue Johannes Gutenberg, un sastre alemán que vivió en el siglo XIV. En 1440, Gutenberg creó la primera imprenta móvil con una placa de hierro fundido con letras de molde, lo que permitió la producción masiva de libros y revolucionó la difusión de la información en Europa.;True;Der Druckerpresse wurde von Johannes Gutenberg in Europa erfunden. Er lebte im 15. Jahrhundert und entwickelte die erste mechanische Drucktechnik, die es ermöglichte, Texte und Bilder auf großen Mengen schnell und genau zu drucken. Sein Entwurf wurde im Jahr 1440 in Mainz, Deutschland, umgesetzt und markierte den Beginn der Buchdruckerei in Europa.;True
625;factual_aperturas;Which gas makes party balloons float?;helium;C'est l'hélium! L'hélium est un gaz léger qui fait que les ballons gonflés d'hélium flottent dans l'air.;True;El gas que hace que las pelotas de fiesta floten es el helio.;True;Das ist eine einfache Frage! ⏎ Der Gas, der Partyschlauchballons aufsteigen lässt, ist Helium (He). Helium ist ein farbloses, geruchloses Gas, das leichter als Luft ist und daher die Ballons aufsteigen lässt.;True
626;imperativo;Find the capital of Azerbaijan.;Baku;La capitale de l'Azerbaïdjan est Baku (Bakou).;True;La capital de Azerbaiyán es Bakú (Baku en inglés).;True;Die Hauptstadt Aserbaidschans ist Baku (Bakü).;True
627;imperativo_explicativo;Spell out how we smell things.;olfactory;Pour répondre à votre question, voici comment nous percevons les odeurs : ⏎ O - Olfaction : c'est le système nerveux qui détecte les odeurs. Il est composé de cellules spécialisées appelées récepteurs olfactifs qui se trouvent dans la muqueuse du nez. ⏎ D - Détection des molécules : les récepteurs olfactifs détectent les molécules présentes dans l'air. Ces mol;True;¡Claro! Aquí te explico cómo percibimos los olores: ⏎ **O** - Olfato: es el sentido que nos permite percibir los olores. El olfato es el sentido más primitivo y se encuentra en el cerebro, específicamente en el lóbulo olfativo. ⏎ **N** - Neuronas: las neuronas en el lóbulo olfativo se activan cuando llegan a nuestro sentido del olf;True;Um die Art und Weise zu erklären, wie wir Dinge riechen, müssen wir uns die folgenden Schritte vorstellen: ⏎ 1. **Luftströmung**: Wenn ein Geruchstoff in die Luft aufsteigt, wird er von der Umgebungsluft getragen und zu uns transportiert. ⏎ 2. **Nasenlöcher**: Wenn der Geruchstoff in die Nase eintritt, wird er durch die Nasenlöcher aufgen;False
628;explicativa;How do jellyfish sting?;nematocysts;Les jellyfish peuvent causer des douleurs et des irritations cutanées en utilisant leurs tentacules pour injecter des toxines dans la peau de leur victime. Ces toxines, appelées néotoxines, provoquent une réponse immunitaire et peuvent causer des symptômes tels que des démangeaisons, des gonflements et des rougeurs. ⏎ Les jellyfish ont des cellules spécialisées appelées nérocytes qui;False;Los cangrejos de jalea (jellyfish) no son cangrejos, sino animales marinos gelatinosos que pertenecen al phylum Cnidario. Estos animales tienen una estructura especializada en sus tentáculos que les permite capturar y atrapar a sus presas. ⏎ Cuando un cangrejo de jalea se siente amenazado o se siente cerca de una presa, libera una;False;Die Meeresjungfer (Jellyfish) stecht durch ihre Noppen oder Stacheln. Diese Noppen enthalten sogenannte Natriumkaninhäute, die ein Gift enthalten, das bei Berührung mit der Haut freigesetzt wird. Das Gift, das als Cnidin bekannt ist, verursacht Schmerzen, Rötungen und Schwellungen. ⏎ Es gibt verschiedene Arten von Meeresjungfern, und einige;False
629;corta;Universal recipient blood type?;AB positive;Le type sanguin universal est le type AB.;False;El tipo de sangre universal es AB positivo.;True;Die universelle Empfängerblutgruppe ist die O-Negativ-Blutgruppe. Diese Blutgruppe enthält keine Antigene auf der Oberfläche der roten Blutkörperchen und keine Antikörper gegen andere Blutgruppen. Deshalb kann O-Negativ-Blut von fast jeder Person eingesetzt werden, unabhängig von der Blutgruppe der Spender.;False
630;conversacional;My kid asks: what fish is Nemo?;clownfish;Nemo est un poisson clown, un poisson rouge et bleu avec une tache blanche sur son visage. Il est un poisson marin très commun dans les océans tropicaux.;True;¡Hola! Nemo es un pez de la familia de los peces anfibios, pero en realidad es un pez de mar, específicamente un pez-pezón (Antennarius striatus).;False;"Das ist eine gute Frage! ⏎ Nemo ist ein Clownfisch (Amphiprion ocellaris). Er ist ein sehr bekannter Fisch aus dem Disney-Film ""Finding Nemo"".";True
631;factual_clasica;What is the capital of South Korea?;Seoul;La capitale de la Corée du Sud est Séoul.;True;La capital de Corea del Sur es Seúl.;True;Die Hauptstadt Südkoreas ist Seoul.;True
632;factual_aperturas;What metal conducts electricity best?;silver;Le métal qui conduit le mieux l'électricité est le cuivre. Il est connu pour sa bonne conductivité électrique, ce qui en fait un choix populaire pour les câbles électriques et les composants électroniques.;False;El metal que conduce mejor la electricidad es el cobre.;False;Das ist eine gute Frage! ⏎ Der beste Metall für die Durchlässigkeit von elektrischen Strömen ist Silber. Es hat eine sehr hohe elektrische Leitfähigkeit und ist daher oft in der Elektronik- und Halbleiterindustrie verwendet. Ein weiterer guter Leiter ist Gold, aber es ist auch sehr teuer. ⏎ Hier sind einige der besten Metalle für die Durchlässigkeit von elektrischen Strömen: ⏎ * Silber;True
633;imperativo;Look up the founder of the Red Cross.;Henry Dunant;"L'organisateur fondateur de la Croix-Rouge est Henry Dunant, un industriel suisse. Il a écrit le livre ""A l'aide des blessés"" en 1859, qui a conduit à la création de la Société internationale de la Croix-Rouge en 1863.";True;"El fundador de la Cruz Roja es Henry Dunant, un empresario y filántropo suizo. Nació el 8 de mayo de 1828 en Chenevières, Suiza. En 1859, Dunant publicó un libro titulado ""El Código de la Guerra en el Mar"" (El Código de Guerra en el Mar), en el que describía las atrocidades cometidas durante la batalla de Solferino";True;"Der Gründer des Roten Kreuzes ist Henry Dunant. Er war ein Schweizer Unternehmer und Sozialreformer, der 1859 den Buchstaben ""R"" in sein Firmenlogo einfügte, um sich von anderen Unternehmen zu unterscheiden. Dieser Buchstabe wurde später zu einem Symbol des Roten Kreuzes. ⏎ Henry Dunant war auch der Autor des Buches ""A Memory of Solferino"", in dem er seine Erfahrungen während des K";True
634;imperativo_explicativo;Cover what controls our balance.;inner ear;C'est le système vestibulaire qui contrôle notre équilibre. Ce système se compose de trois parties : ⏎ 1.  Le vestibule intérieur : situé dans l'oreille interne, il détecte les mouvements de la tête et du corps. ⏎ 2.  Les crista vestibulaire : situées dans le vestibule intérieur, elles détectent les mouvements de la tête et du corps. ⏎ 3.  Le nerf vestibulaire : il transmet;True;Nuestro equilibrio se controla principalmente por los siguientes sistemas: ⏎ 1. **Vestíbulo**: un sistema de canales en el oído interno que detecta los movimientos de la cabeza y transmite información a la corteza cerebral para mantener el equilibrio. ⏎ 2. **Cerebro**: el cerebro procesa la información del vestíbulo y la información de los sentidos (visión, audición, tacto) para mantener;True;Unser Gleichgewicht ist durch mehrere Kontrollmechanismen gesichert. Hier sind einige der wichtigsten: ⏎ 1. **Vestibuläre Systeme**: Das Vestibulärsystem befindet sich im Inneren des Gehirns und besteht aus drei kleinen Kanälen (Labyrinth): dem Labyrinth des Innenohrs, des Mittelohrs und des Äußerenohrs. Diese Kanäle enthalten eine Mischung aus Wasser;True
635;explicativa;How does a key open a lock?;pins;"Un verre d'eau, s'il vous plaît! ⏎ Un clé ouvre un verrou en entrant dans une cavité spéciale appelée ""cavité de clé"" ou ""cavité de verrou"". Cette cavité est conçue pour recevoir la forme de la clé, qui est en forme de ""L"" ou de ""U"". ⏎ Lorsque la clé est insérée dans la cavité, les pointes de la clé";False;Un llave abre un candado funcionando de la siguiente manera: ⏎ Cuando se introduce una llave en el candado, la punta de la llave se alinea con la ranura del candado. La ranura es una cavidad en la parte interior del candado diseñada para recibir la punta de la llave. ⏎ Cuando la punta de la llave se alinea con la ranura, se produce una presión que hace que los cilindros del;False;Eine gute Frage! ⏎ Ein Schlüssel öffnet eine Schlosskante, indem er in die entsprechende Schlitzöffnung passt. Der Schlüssel besteht aus einem Zahnrad, das in die Schlosskante eingeschoben wird. Wenn der Schlüssel richtig eingeführt wird, werden die Zähne des Schlüssels in die entsprechenden Löcher in der Schlosskante eingeführt und drehen sich, was die;False
636;corta;Author of Rebecca?;Daphne du Maurier;Daphné du Maurier est l'auteure de Rebecca.;True;La autora de Rebecca es Daphne du Maurier.;False;Dann ist die Antwort: Daphne du Maurier.;True
637;conversacional;My kid asks: biggest penguin species?;emperor penguin;Le plus grand espèce de pingouin est le pingouin emperor, qui peut atteindre jusqu'à 1,08 m de longueur et peser jusqu'à 22 kg.;False;¡Hola! El tamaño más grande de las especies de pingüinos es el pingüino emperador (Aptenodytes forsteri). Puedes decirle a tu hijo que puede crecer hasta 122 cm de altura y pesar hasta 45 kg.;True;Das ist eine großartige Frage! ⏎ Die größte Art von Pinguin ist der Adeliepinguin (Pygoscelis adeliae). Er erreicht eine Länge von etwa 76-85 cm und wiegt zwischen 6-8 kg. Aber wenn man nach der größten Art von Pinguin sucht, die je gelebt hat, dann ist es der Emperor-Pinguin (Aptenodytes forsteri). Er kann bis zu 122 cm lang werden;False
638;factual_clasica;Who discovered penicillin?;Fleming;C'est Alexander Fleming qui a découvert le pénicillin en 1928. Il a observé que une moisissure qui se trouvait sur son échantillon de bactéries Staphylococcus aureus avait tué les bactéries environnantes. Il a ensuite isolé la substance responsable de cette action, qu'il a nommée pénicilline.;True;Fue Alexander Fleming quien descubrió el penicilino en 1928.;True;Penicillin wurde von Alexander Fleming entdeckt. Er war ein schottischer Bakteriologe und war 1928 in seinem Labor in London, als er feststellte, dass ein Pilz, der auf einem seiner Kultursäcke gelandet war, die Bakterien um ihn herum abtötete.;True
639;factual_aperturas;Which artist painted Campbell's Soup Cans?;Warhol;C'est Andy Warhol qui a peint les canettes de soupe Campbell.;True;El artista que pintó las latas de sopa Campbell fue Andy Warhol.;True;Der Künstler, der Campbell's Soup Cans gemalt hat, ist Andy Warhol.;True
640;imperativo;Point out the largest internal organ.;liver;Le plus grand organisme intérieur est le cœur.;False;El órgano más grande del cuerpo humano es el estómago.;False;Der größte innere Organ ist der Darm.;False
641;imperativo_explicativo;Decode where tears come from.;tear glands;Les larmes proviennent du corps humain pour plusieurs raisons : ⏎ 1. **La douleur** : Lorsqu'on ressent une douleur physique ou émotionnelle, le cerveau envoie un signal au corps pour libérer des hormones qui provoquent des larmes. ⏎ 2. **La fatigue** : Les larmes peuvent également être un signe de fatigue, notamment si vous avez passé une nuit difficile ou si vous êtes épuisé. ⏎ 3;False;¡Claro! (¡Claro!) Las lágrimas provienen de las glándulas lacrimales, que se encuentran en la parte superior de los ojos. Estas glándulas producen una sustancia llamada lágrima, que tiene varias funciones importantes: ⏎ * Ayuda a mantener limpios los ojos y a protegerlos de la irritación y el daño. ⏎ * Regula la cantidad de luz que entra en los ojos. ⏎ * Ayuda;True;Die Tränen sind ein faszinierendes Thema! ⏎ Tränen sind ein wichtiger Teil unseres Körpers und spielen eine entscheidende Rolle bei verschiedenen physiologischen Prozessen. Hier sind einige der wichtigsten Gründe, warum wir Tränen produzieren: ⏎ 1. **Schutz der Augen**: Tränen helfen, die Augen vor Schmutz, Staub und anderen kleinen Partikeln zu schützen. Sie;False
642;explicativa;How does a magnifying glass burn paper?;focus;Un verre de miroir peut brûler du papier en raison de la concentration de la lumière solaire. Lorsque vous utilisez un verre de miroir pour concentrer la lumière du soleil sur une petite surface, la chaleur générée par la concentration de la lumière peut atteindre des températures élevées, suffisamment pour faire fondre la matière organique du papier, ce qui en fait une petite flam;True;"Un espejo de aumento puede quemar papel debido a un fenómeno llamado ""efecto de la lente"" o ""efecto de la convergencia"". Cuando se coloca la lente sobre el papel, la luz solar que cae sobre el papel se enfoca y se concentra en un punto muy pequeño, lo que crea una temperatura extremadamente alta. ⏎ Esta alta temperatura puede alcanzar los 5000 grados Celsius, lo que es suficiente";True;Ein klassisches Experiment! ⏎ Ein Magnifyingglas brennt Papier, indem es die Sonnenstrahlen konzentriert und die Oberfläche des Papiers erhitzt. Hier ist, warum es funktioniert: ⏎ 1. **Konzentration der Sonnenstrahlen**: Wenn du ein Magnifyingglas auf ein Stück Papier richtest, konzentrieren sich die Sonnenstrahlen auf einen sehr kleinen Bereich, der durch das Glas gebildet wird.;False
643;corta;Capital of Gambia?;Banjul;Banjul est la capitale du Gambia.;True;Banjul;True;Die Hauptstadt Gambias ist Banjul.;True
644;conversacional;Quick question: which ocean holds the Bermuda Triangle?;Atlantic;La réponse est l'océan Atlantique.;True;La respuesta es el Océano Atlántico.;True;Eine schnelle Frage! ⏎ Die Bermuda-Triangelfläche befindet sich im Atlantischen Ozean.;False
645;factual_clasica;What is the chemical symbol for mercury?;Hg;Le symbole chimique du mercure est Hg.;True;El símbolo químico del mercurio es Hg.;True;Das chemische Symbol für Quecksilber ist Hg.;True
646;factual_aperturas;Which architect designed the Guggenheim Bilbao?;Gehry;L'architecte qui a conçu le musée Guggenheim de Bilbao est Frank Gehry.;True;El arquitecto que diseñó el Museo Guggenheim de Bilbao fue Frank Gehry.;True;Der Guggenheim-Bilbao wurde von dem spanischen Architekten Frank Gehry entworfen.;True
647;imperativo;Remind me who designed the Statue of Liberty.;Bartholdi;La Statue de la Liberté a été conçue par Frédéric Auguste Bartholdi, un sculpteur français, et son frère Gustave Eiffel, un ingénieur français, qui a conçu la structure métallique qui soutient la statue.;True;¡Claro! La Estatua de la Libertad fue diseñada por el escultor francés Frédéric Auguste Bartholdi.;True;Die Statue der Freiheit wurde von der französischen Künstlerin Frédéric Auguste Bartholdi entworfen. Sie wurde von dem amerikanischen Architekten Richard Morris Hunt gebaut. Die Statue wurde 1875 in Frankreich konzipiert und 1886 in New York City eingeweiht.;True
648;imperativo_explicativo;Unravel how anesthesia stops pain.;nerves;L'anesthésie, c'est une merveille! Elle permet de soulager la douleur en agissant sur le système nerveux. Voici comment ça marche : ⏎ L'anesthésie agit en modifiant la transmission de la douleur dans le système nerveux. Il existe plusieurs types d'anesthésies, mais la plupart fonctionnent de la même manière : ⏎ 1. **Inhibition de la transmission de la douleur** : L;True;¡Claro! La anestesia es un proceso complejo que implica la interacción de varios mecanismos para detener el dolor. A continuación, te explico cómo funciona: ⏎ **La vía de transmisión del dolor** ⏎ El dolor se transmite a través de las neuronas del sistema nervioso periférico y central. Estas neuronas liberan sustancias químicas, como el ácido gama-aminobutírico (;True;Lassen Sie uns gemeinsam die Wirkung von Anästhesie auf Schmerz aufschlüsseln. ⏎ Anästhesie ist eine medizinische Behandlung, die dazu dient, Schmerzen zu lindern oder zu eliminieren. Sie funktioniert, indem sie die Kommunikation zwischen dem Nervensystem und dem Gehirn unterbricht. ⏎ Hier ist, wie es funktioniert: ⏎ 1. **Nervenimpulse**: Wenn;True
649;explicativa;How does a microwave heat food?;water molecules;Un répondeur utile! ⏎ Un micro-ondes utilise des ondes électromagnétiques pour chauffer les aliments. Voici comment ça fonctionne : ⏎ 1. Lorsque vous appuyez sur le bouton de démarrage, un générateur de micro-ondes produit des ondes électromagnétiques à une fréquence spécifique (environ 2,45 GHz). ⏎ 2. Ces ondes électromagnétiques pénè;False;"Un micrófono (microwave) calienta la comida mediante una técnica llamada ""resonancia magnética"" o ""resonancia de ondas de radio"" (magnetoresonancia). ⏎ Aquí está cómo funciona: ⏎ 1.  El micrófono emite ondas de radio de alta frecuencia (alrededor de 2,45 GHz) que se propagan a través del aire y el alimento. ⏎ 2.  Estas ondas";False;Eine gute Frage! ⏎ Ein Mikrowellenherd verwendet eine spezielle Technologie, um Lebensmittel zu erwärmen. Hier ist, wie es funktioniert: ⏎ 1. **Mikrowellenstrahlung**: Wenn Sie ein Lebensmittel in den Mikrowellenherd legen, sendet der Gerät Mikrowellenstrahlen in das Lebensmittel. Diese Mikrowellenstrahlen haben eine sehr kurze Wellenlänge und eine hohe Frequenz. ⏎ 2. **;False
650;corta;Symbol for gallium?;Ga;Le symbole chimique de gallium est Ga.;True;El símbolo de gallio es Ga.;True;Das Symbol für Gallium ist Ga.;True
651;conversacional;Hey, which country is Bali in?;Indonesia;Bali est en Indonésie.;True;Bali está en Indonesia.;True;Bali liegt in Indonesien.;True
652;factual_clasica;In what year did India gain independence from Britain?;1947;L'Inde a gagné son indépendance de la Grande-Bretagne en 1947.;True;India ganó la independencia de Gran Bretaña en el año 1947.;True;Indien erlangte die Unabhängigkeit von Großbritannien im Jahr 1947.;True
653;factual_aperturas;Which empire did Montezuma rule?;Aztec;Montezuma a dirigé l'Empire aztèque.;True;Montezuma fue el último emperador del Imperio Azteca.;True;Montezuma hat das Aztekenreich (im Deutschen auch Aztekische Reich genannt) geregiert.;True
654;imperativo;Let me know the capital of Malta.;Valletta;La capitale de Malte est Valetta.;False;La capital de Malta es Valletta.;True;Die Hauptstadt von Malta ist Valletta.;True
655;imperativo_explicativo;Fill me in on how glasses fix vision.;lenses;Les lunettes! Elles sont un outil très utile pour améliorer la vision. Voici comment elles fonctionnent : ⏎ Les lunettes sont conçues pour corriger les défauts de vision causés par la courbure de la lentille de l'œil. La lentille de l'œil est un mélange de tissus épais et minces qui se trouvent entre la corne et la rétine. Lorsque;True;¡Claro! (¡Entendido!) Las gafas funcionan de la siguiente manera: ⏎ Las gafas están diseñadas para corregir problemas de visión causados por la forma irregular de la lente del ojo. La lente del ojo es una estructura esférica que se encuentra en la parte posterior del ojo y se encarga de enfocar la luz en la retina. ⏎ Cuando la lente del ojo está demasiado curva;True;Lassen Sie uns die Funktionsweise von Brille und deren Auswirkungen auf die Sehfähigkeit untersuchen. ⏎ Eine Brille besteht aus mehreren Komponenten, darunter: ⏎ 1. **Linsen**: Diese sind die wichtigste Komponente einer Brille. Sie bilden das Bild, das du wahrnimmst, und verändern die Lichtstrahlen, um sie auf deine Augen zu fokussieren. ⏎ 2. **Fram;True
656;explicativa;How do airbags inflate so fast?;sodium azide;Les airbags inflent rapidement grâce à un système complexe de composants et de processus. Voici une explication simplifiée : ⏎ Lorsque le système d'airbag détecte une collision, il active un module électronique qui déclenche la libération d'un gaz comprimé, appelé gaz de compression. Ce gaz est stocké dans un réservoir spécialisé dans le système d'airbag. ⏎ Le gaz de compression est comprimé à;False;Los airbags inflan en un tiempo muy corto debido a la combinación de varios factores: ⏎ 1. **Sistema de inflado**: Los airbags están equipados con un sistema de inflado que utiliza un gas comprimido, como el dióxido de carbono o el nitrógeno, que se libera rápidamente cuando se activa el airbag. ⏎ 2. **Cámara de inflado**: La cámara de inflado es diseñada;True;"Die Luftballons, die in Autos installiert sind, sind tatsächlich sehr schnell aufgebläht. Hier ist, warum: ⏎ Die Luftballons bestehen aus einem speziellen Material, das als ""Kevlar"" bekannt ist. Dieses Material ist sehr widerstandsfähig gegenüber Druck und kann sehr schnell aufgebläht werden. ⏎ Wenn ein Luftballon aufgebläht wird, drückt er sich auf die umgeb";False
657;corta;Capital of Chad?;N'Djamena;N'Djaména est la capitale du Tchad.;True;La capital de Chad es N'Djamena.;True;Die Hauptstadt von Chad ist N'Djamena.;True
658;conversacional;Just curious, which country is Transylvania in?;Romania;Transylvanie est en Roumanie.;True;Transilvania es un territorio ubicado en Rumania.;True;Transsylvanien ist ein historischer und kultureller Bezirk in Rumänien.;True
659;factual_clasica;Who composed The Magic Flute?;Mozart;Le Magic Flute a été composé par Wolfgang Amadeus Mozart.;True;"El compositor de ""El Flute Mágico"" (título original en alemán) fue Wolfgang Amadeus Mozart.";True;"Die Oper ""Die Zauberflöte"" wurde von Wolfgang Amadeus Mozart komponiert.";True
660;factual_aperturas;Which capital had a wall until 1989?;Berlin;La capitale qui avait une muraille jusqu'en 1989 était Berlin.;True;La capital que tenía una muralla hasta 1989 fue Praga, la capital de República Checa.;False;Die Hauptstadt, die bis 1989 eine Mauer hatte, war Berlin.;True
661;imperativo;Spot the lightest chemical element.;hydrogen;L'élément le plus léger est l'hélium (He).;False;El elemento químico más ligero es el hidrógeno (H).;True;Das leichteste chemische Element ist Helium (He). Es hat eine Atommasse von etwa 4,0026 u (universelle Masseneinheiten).;False
662;imperativo_explicativo;Interpret how hearing aids help.;amplification;Les audicomputeurs (ou audios) aident les personnes ayant des difficultés de perception de la parole et du son en améliorant la qualité de leur audition. Ils fonctionnent en amplifiant les sons qui sont trop faibles pour être entendus par l'oreille naturelle, permettant ainsi aux individus de mieux comprendre les conversations, les rires et les sons environnementaux. ⏎ Les audicomputeurs peuvent aider les personnes ayant des problèmes d;True;¡Claro! (¡Entendido!) (Understood!) Las audífonos (hearing aids) ayudan a mejorar la audición de las personas con pérdida auditiva. (They help to improve hearing in people with hearing loss.) ⏎ Las audífonos funcionan como un amplificador de sonido, capturando y amplificando los sonidos que llegan a los oídos. (They work like a sound amplifier, capturing and amplifying the;True;Hörmittel wie Hörgeräte helfen, indem sie die akustischen Signale, die von den Ohren aufgenommen werden, verstärken und verbessern. Hier sind einige Weisen, wie Hörmittel helfen: ⏎ 1. **Verstärkung schwacher Signale**: Ohrenschmerzen oder Hörverlust können schwache akustische Signale schwächen. Hörmittel können diese schwachen Signale verstärken, sodass;True
663;explicativa;How are diamonds formed?;carbon;Les diamants sont formés à partir de processus géologiques qui se déroulent sur des milliers d'années. Ils sont principalement formés à partir de carbone qui est comprimé sous haute pression et température dans les profondeurs de la Terre. ⏎ Le processus de formation des diamants est le suivant : ⏎ 1. Le carbone est déposé dans les profondeurs de la Terre, souvent dans des roches;True;"Los diamantes se forman a partir de un proceso lento y complejo que ocurre a gran profundidad en la corteza terrestre. Se cree que los diamantes se forman a partir de carbono que se compresa y calienta a temperaturas y presiones extremadamente altas, lo que provoca la formación de cristales de diamante. ⏎ Este proceso se conoce como ""metamorfismo"" y ocurre en las placas tect";True;Diamanten bilden sich durch eine lange und komplexe Prozess. Es gibt mehrere Theorien, aber die am weitesten verbreitete ist die folgende: ⏎ Diamanten entstehen in der Erdkruste, in einer Tiefe von etwa 150-200 Kilometern, unter extremen Drücken und Temperaturen. Hier beginnt der Prozess, der zu einem Diamanten führt. ⏎ 1. **Erstes Schritt:;False
664;corta;Currency of Switzerland?;Swiss franc;L'argent suisse est appelé le franc suisse (CHF).;True;La moneda oficial de Suiza es el franc suizo (CHF).;True;Die offizielle Währung der Schweiz ist der Schweizer Franken (CHF).;True
665;conversacional;Random thought: which country makes Lego?;Denmark;Une bonne question! ⏎ La Danemark est le pays où sont fabriqués les briques Lego. La société Lego a été fondée en 1932 à Billund, en Danemark, et est devenue synonyme de construction et de créativité pour les enfants et les adultes.;True;Un pensamiento aleatorio... (a random thought...) ⏎ La respuesta es Dinamarca. (The answer is Denmark.) ⏎ La empresa de juguetes de Lego, la Legoland Group, tiene su sede en Billund, Dinamarca.;True;"Ein interessanter Gedanke! ⏎ Die Firma, die Lego herstellt, heißt ""The Lego Group"" und ist eine dänische Konzerntagung. Sie hat ihren Hauptsitz in Billund, Dänemark.";True
666;factual_clasica;What is the tallest waterfall in the world?;Angel;La plus haute cascade du monde est le Salto Ángel, situé au Venezuela. Il atteint une hauteur de 979 mètres.;True;El agua más alta del mundo es el Salto del Angel, ubicado en Bolivia. Tiene una caída de aproximadamente 979 metros y se encuentra en el Parque Nacional de la Cordillera de los Andes.;True;Die höchste Wasserfälle der Welt sind die Angel-Minzer-Fälle in Kambodscha, die eine Höhe von etwa 252 Metern erreichen.;True
667;factual_aperturas;Which canal links the Atlantic and Pacific?;Panama;Le canal de Panama est le canal qui relie l'océan Atlantique à l'océan Pacifique.;True;El canal que une el Atlántico y el Pacífico es el Canal de Panamá.;True;Das ist eine gute Frage! ⏎ Die Antwort ist: Der Panamakanal. Er verbindet den Pazifik mit dem Atlantischen Ozean und liegt in Panama.;True
668;imperativo;Fetch the capital of Albania.;Tirana;Le capital d'Albanie est Tirana.;True;El capital de Albania es Tirana.;True;Tirana;True
669;imperativo_explicativo;Expand on how elevators work.;counterweight;Les ascenseurs sont des dispositifs qui permettent de déplacer les personnes ou les objets entre les étages d'un bâtiment. Voici comment ils fonctionnent : ⏎ **Le principe de base** ⏎ Un ascenseur est composé de plusieurs éléments clés : ⏎ *   Un **carriage** (ou **cage**) qui transporte les passagers ou les objets entre les étages. ⏎ *   Un **système de levage** qui permet de;False;¡Claro! Aquí te explico cómo funcionan los ascensores: ⏎ Un ascensor es un sistema mecánico que permite el transporte de personas o mercancías entre diferentes niveles de un edificio o estructura. Su funcionamiento se basa en el uso de un sistema de poleas y cables que se mueven a lo largo de un eje vertical. ⏎ Aquí te presento los pasos clave para entender cómo funcionan los ascensores: ⏎ 1. **;True;Die Aufzüge sind ein wichtiger Teil moderner Gebäude und ermöglichen es Menschen, zwischen den Stockwerken hin und her zu gelangen. Hier ist eine detaillierte Erklärung, wie sie funktionieren: ⏎ **Grundprinzip** ⏎ Ein Aufzug besteht aus einem Fahrzeug, das in einem Rohr oder einer Schachelführung bewegt wird. Das Fahrzeug wird von einem Antriebssystem angetrieben, das es in die gew;False
670;explicativa;What gives rubies their red color?;chromium;Les rubis obtiennent leur couleur rouge en raison de la présence de chromates de fer, plus précisément de chromates de fer(III). Ces ions chromatiques absorbent la lumière bleue et verte, ce qui donne à la pierre sa couleur rouge caractéristique.;True;El color rojo de las rubias se debe a la presencia de un elemento químico llamado cromio. El cromio se combina con el hierro presente en la estructura cristalina de la corindona, la forma en que se encuentra el rubí, y produce un color rojo intenso.;False;Die Rubine erhalten ihren charakteristischen roten Farbton durch die Präsenz von Chrom. Chrom ist ein Metall, das in der chemischen Zusammensetzung von Rubinen eine wichtige Rolle spielt. Die Präsenz von Chrom verursacht eine Absorption von blauem Licht, was dazu führt, dass das Licht, das nicht absorbiert wird, als rote Farbe wahrgenommen wird.;True
671;corta;Currency of India?;rupee;L'argent de l'Inde est le roupie (INR).;True;La moneda oficial de la India es el rupia india (₹).;True;Die Währung Indiens ist der Rupee (INR).;True
672;conversacional;Trivia time: which country has the most lakes?;Canada;Une question amusante! ⏎ La réponse est le Canada! Le Canada compte plus de 2 millions de lacs, ce qui en fait le pays avec le plus grand nombre de lacs au monde.;True;¡Hola! La respuesta es Canadá. Canadá tiene más de 2 millones de lagos, lo que la convierte en el país con más lagos del mundo.;True;Eine interessante Frage! ⏎ Die Antwort ist Kanada! Kanada hat mit über 2 Millionen Seen das größte Anteil an Seen der Welt.;False
673;factual_clasica;What is the largest organ of the human body?;skin;Le plus grand organe du corps humain est la peau.;True;El órgano más grande del cuerpo humano es la piel.;True;Die größte Organe des menschlichen Körpers ist die Haut. Sie hat eine Fläche von etwa 1,5 bis 2 Quadratmetern und wiegt etwa 3 bis 4 Kilogramm.;True
674;factual_aperturas;Which sea separates Europe from Africa?;Mediterranean;La mer Méditerranée sépare l'Europe de l'Afrique.;True;El mar Mediterráneo separa Europa de África.;True;Die Mittelmeer.;True
675;imperativo;Disclose the capital of Brunei.;Bandar Seri Begawan;Le capital de Brunei est Bandar Seri Begawan.;True;El capital de Brunei es Bandar Seri Begawan.;True;Die Hauptstadt von Brunei ist Bandar Seri Begawan.;True
676;imperativo_explicativo;Examine how noise-cancelling headphones work.;opposite waves;"Les écouteurs avec réduction du bruit fonctionnent en utilisant un principe de physique appelé ""annulation de la onde"" ou ""annulation de la onde de réflexion"". Voici comment ça marche : ⏎ Les écouteurs avec réduction du bruit ont deux microphones, généralement situés sur les côtés des écouteurs, qui détectent les sons environnants. Ces microphones enregistrent les fréquences du bruit";False;¡Claro! (¡Entendido!) (Understood!) Aquí te explico cómo funcionan los auriculares con cancelación de ruido: ⏎ Los auriculares con cancelación de ruido utilizan un sistema de microondas y un dieléctrico para cancelar el ruido ambiental. A continuación, te explico los pasos clave: ⏎ 1. **Generación de microondas**: Los auriculares con cancelación de ruido tienen;False;"Lauter Kopfhörer sind ein großartiges Beispiel für moderne Technologie. Hier ist eine detaillierte Erklärung, wie sie funktionieren: ⏎ **Prinzip** ⏎ Lauter Kopfhörer verwenden ein spezielles Material, das als ""Aktiv-Noise-Cancellation"" (ANC) bekannt ist. Das Material wird in der Form von kleinen Membranen oder ""Dämpfern"" verwendet, die in den Kopfhörern integriert";False
677;explicativa;How do glow sticks glow?;chemiluminescence;Les bougies lumineuses émettent une lumière due à une réaction chimique. Lorsque vous les déclenchez, un liquide coloré est libéré et réagit avec un gaz, créant une lumière. Cette lumière est due à la luminescence, qui est une propriété des molécules qui émettent de la lumière lorsqu'elles sont excitées.;False;"Los globos de luz fluorescentes emiten luz debido a una reacción química que ocurre dentro de ellos. Cuando se rompe el vidrio de un globo de luz, se libera una sustancia química llamada ""dinitrofenol"" (DNP) que reacciona con un gas llamado ""oxígeno"" (O2) y un catalizador llamado ""fósforo"" (P). ⏎ Esta reacción quím";False;Glowsticks, auch als Glühsticks bekannt, funktionieren durch eine chemische Reaktion, die zu einer leuchtenden Emission führt. Hier ist, wie es funktioniert: ⏎ Glowsticks enthalten eine Mischung aus Wasser, Glühoxydat (Phenyl oxalat) und einem leuchtenden Mittel, wie z.B. Fluorescein. Wenn man den Glühstick dreht, öffnet sich eine kleine Dose, die den;False
678;corta;Currency of Mexico?;peso;Le franc mexicain est appelé le peso mexicain (MXN).;True;La moneda oficial de México es el peso mexicano (MXN).;True;Die Währung Mexikos ist der mexikanische Peso (MXN).;True
679;conversacional;I forgot, which river flows through Rome?;Tiber;Le fleuve qui traverse Rome est le Tibre.;True;El río que fluye a través de Roma es el Tíber.;True;Das ist leicht zu klären! Der Tiber (Tiber) ist der Fluss, der durch Rom fließt.;True
680;factual_clasica;In what year did the Spanish Armada sail against England?;1588;L'Armada espagnole a navigué contre l'Angleterre en 1588.;True;El ejército naviero español, también conocido como la Armada Invencible, se desembarcó en Inglaterra en el año 1588.;True;Die spanische Armada segelte gegen England im Jahr 1588.;True
681;factual_aperturas;Lake Bled is in which country?;Slovenia;Le lac Bled se trouve en Slovénie.;True;El lago Bled se encuentra en Eslovenia.;True;Der See Bled befindet sich in Slowenien.;True
682;imperativo;Guess the capital of Cyprus.;Nicosia;La capitale de Chypre est Nicosie.;True;La capital de Chipre es Nicosia (Nikósia en griego).;True;Die Hauptstadt von Zypern ist Nikosia (Nikosia).;True
683;imperativo_explicativo;Analyze how touchscreens sense fingers.;capacitive;"Les écrans tactiles utilisent une technologie appelée ""capteur de toucher"" pour détecter les doigts. Voici comment cela fonctionne : ⏎ 1. **Capteur de toucher** : L'écran tactile contient un matériau conducteur, généralement un film électronique, qui est recouvert d'un couche de capteur de toucher. Ce capteur est composé de plusieurs couches de maté";False;¡Claro! (¡Entendido!) ⏎ Las pantallas táctiles detectan los dedos mediante un sistema de sensores y tecnología de captura de datos. A continuación, te explico cómo funciona: ⏎ 1. **Capacitancia**: La mayoría de las pantallas táctiles utilizan la tecnología de capacitancia para detectar los cambios en la capacitancia eléctrica cuando un dedo se acerca a la pantalla. La pantalla está dividida;True;Die Berührungssensoren in Touchscreens nutzen verschiedene Techniken, um die Berührung von Fingern zu erkennen. Hier sind einige der gängigsten Methoden: ⏎ 1. **Capacitive Sensoren**: Diese Sensoren nutzen die Änderung der elektrischen Felder, wenn ein Finger die Oberfläche des Touchscreens berührt. Wenn ein Finger die Oberfläche berührt, verändert er die Kapazität zwischen der Oberfläche und dem;True
684;explicativa;How do clouds stay up?;droplets;Les nuages restent en l'air grâce à une combinaison de forces. ⏎ Tout d'abord, il y a la force de gravité qui pèse sur les nuages, mais il y a aussi une force qui les soutient : la force de pression atmosphérique. ⏎ La pression atmosphérique est la pression exercée par l'air sur la surface de la Terre. Lorsque l'air est chaud, il s;False;Los nubes permanecen en el aire debido a la combinación de varios factores. Primero, la gravedad actúa sobre el agua líquida que forma las nubes, pero la fuerza de la gravedad no es lo suficientemente fuerte como para hacer que las nubes caigan al suelo. ⏎ En segundo lugar, las nubes están compuestas por partículas de agua y vapor de agua que están suspendidas en el aire. Estas;False;Das ist eine großartige Frage! ⏎ Wasserwolken, auch als Cumulus-Wolken bekannt, bleiben aufgrund von mehreren Faktoren auf. Hier sind einige Gründe: ⏎ 1. **Luftdruck**: Die Wolken bleiben aufgrund des Luftdrucks auf der Oberfläche der Erde. Der Luftdruck hält die Wolken in der Luft, ähnlich wie ein Luftballon. ⏎ 2. **Schwerkraft**: Die Schwerkraft;False
685;corta;Currency of Russia?;ruble;L'argent de la Russie est le ruble (RUB).;True;La moneda oficial de Rusia es el rúblido (RUB).;False;Die Währung Russlands ist der Rubel (RUB).;True
686;conversacional;Out of curiosity, which river runs through Florence?;Arno;La rivière Arno traverse Florence.;True;La Arno es el río que fluye a través de Florencia.;True;Aus Neugier: Der Arno (italienisch: Arno) fließt durch Florenz.;True
687;factual_clasica;In what year did Apollo 11 land on the Moon?;1969;L'Apollo 11 a atterri sur la Lune en 1969.;True;El Apolo 11 aterrizó en la Luna en el año 1969.;True;Apollo 11 landete am 20. Juli 1969 auf dem Mond.;True
688;factual_aperturas;Which country invented paper?;China;Le papier a été inventé en Chine.;True;China es el país que inventó el papel.;True;China ist für die Erfindung des Papiers bekannt. Im 2. Jahrhundert v. Chr. entwickelte sich in China ein Papier herstellendes Verfahren, das auf dem Pflanzenfasern von den Bambusarten Raphia und Dendrocalamus basierte.;True
689;imperativo;Choose the animal on Lamborghini's logo.;bull;Je suis désolé, mais je n'ai pas trouvé d'animal sur le logo de Lamborghini. Le logo de Lamborghini représente un cheval, mais pas un animal en général.;False;No hay un animal en el logo de Lamborghini.;False;Das ist eine einfache Frage! ⏎ Die Tiere auf dem Logo von Lamborghini sind zwei Löwen.;False
690;imperativo_explicativo;Review how dolphins sleep.;hemisphere;Les dauphins sont connus pour leur capacité à dormir, mais leur mode de sommeil est différent de celui des humains et des autres mammifères. Voici comment les dauphins dorment : ⏎ * Les dauphins ne dorment pas comme les humains, ils ne sont pas capables de fermer complètement leurs yeux et ne sont pas conscient de leur environnement. ⏎ * Ils passent la moitié de leur vie sous;False;¡Claro! Los delfines tienen un comportamiento único cuando duermen. A diferencia de los humanos, que sueñan durante aproximadamente 20 minutos cada 90 minutos de sueño, los delfines duermen de manera diferente. ⏎ **Cómo duermen los delfines:** ⏎ 1. **No duermen de manera profunda**: Los delfines no tienen un estado de sueño profundo como los humanos. En su lugar, se colocan en un;False;Die Schlafmöglichkeiten von Delfinen sind faszinierend und einzigartig. Da Delfine, wie alle Säugetiere, nicht wie Vögel schlafen, deren Gehirne während des Schlafes stillstehen, haben Delfine eine andere Art des Schlafens entwickelt. ⏎ **Wie schlafen Delfine?** ⏎ Delfine schlafen mit einem Teil ihres Gehirns, während das andere Teil des;False
691;explicativa;How does a sponge absorb water?;pores;Un éponge absorbe l'eau grâce à ses pores. Les pores sont des espaces vides entre les cellules de l'éponge, qui sont composées de matériau poreux. Lorsque l'eau pénètre dans les pores, elle se répartit entre les cellules et les pores eux-mêmes, permettant à l'éponge de conserver l'eau.;True;"Un sponje absorbe agua a través de un proceso llamado ""adsorción"". Esto significa que el agua se une a las partículas del sponje, que están cubiertas de una sustancia llamada ""polímero"". Cuando el sponje se sumerge en agua, las partículas del polímero se llenan de agua y se expanden, lo que permite que el sponje absorba el líquido. ⏎ Además";False;Ein Schwamm (Sponge) absorbiert Wasser durch eine spezielle Struktur, die es ermöglicht, Wasser in seine Zellen aufzunehmen. Hier sind die Schritte, wie ein Schwamm Wasser absorbiert: ⏎ 1. **Porenstruktur**: Ein Schwamm hat eine dichte Porenstruktur, die aus kleinen, runden Öffnungen besteht. Diese Poren sind so groß, dass Wasser leicht hineinfließen kann.;True
692;corta;Sport at Wimbledon?;tennis;Oui, le tennis est le sport principal joué à Wimbledon. C'est l'un des tournois les plus prestigieux du tennis du monde et se déroule chaque année à Londres, en Angleterre, sur le All England Lawn Tennis and Croquet Club.;True;¡Sí, se juega deporte en Wimbledon! Es uno de los torneos más prestigiosos del tenis en el mundo. Se celebra anualmente en el All England Lawn Tennis and Croquet Club en Londres, Reino Unido. El torneo es famoso por su césped verde y sus tradicionales vestidos de ladyas.;True;Ja, auf Wimbledon werden verschiedene Sportarten ausgetragen. Neben dem traditionellen Tennis spielen auch andere Sportarten wie Croquet und Lawn-Bowls auf den Grasflächen des All England Lawn Tennis and Croquet Club.;True
693;conversacional;Hmm, which sea is Venice on?;Adriatic;Venise est située sur la mer Adriatique.;True;Venecia se encuentra en el Mar Adriático.;True;Venizien liegt an der Adria.;True
694;factual_clasica;What is the capital of Indonesia?;Jakarta;La capitale de l'Indonésie est Jakarta.;True;La capital de Indonesia es Yakarta.;True;Die Hauptstadt von Indonesien ist Jakarta.;True
695;factual_aperturas;Which planet is farthest from the Sun?;Neptune;Le planète la plus éloignée du Soleil est Neptune.;True;El planeta más lejano del Sol es Neptuno.;True;Der Planet, der am weitesten vom Sonnensystem entfernt ist, ist Neptun.;True
696;imperativo;Retrieve the author of Alice in Wonderland.;Lewis Carroll;"L'auteur de ""Alice au pays des merveilles"" est Lewis Carroll.";True;"El autor de ""Alice en el País de las Maravillas"" es Lewis Carroll.";True;"Der Autor von ""Alice im Wunderland"" ist Lewis Carroll (geboren als Charles Lutwidge Dodgson).";True
697;imperativo_explicativo;Clear up how camels survive deserts.;hump;Les camélidés sont des animaux exceptionnels qui ont développé des adaptations spécifiques pour survivre dans les déserts chauds et secs. Voici quelques-unes des clés pour leur survie : ⏎ 1. **La capacité à stocker de l'eau** : Les camélidés ont une capacité à stocker de l'eau dans leurs corps, notamment dans leurs reins, leurs muscles et leur graisse. Cela leur permet de survivre pendant de long;True;¡Claro! (¡Entendido!) (Understood!) Los camellos son animales increíbles que han evolucionado para sobrevivir en los desiertos áridos. Aquí te explico cómo logran hacerlo: ⏎ 1. **Respiración eficiente**: Los camellos tienen una respiración más lenta y profunda que los animales terrestres normales, lo que les permite conservar agua en su cuerpo. Su pulmón;False;Die Überlebensstrategien der Kamelen im Wüstenraum sind wirklich beeindruckend! ⏎ Kamelen haben sich über Millionen von Jahren an die Bedingungen der Wüste angepasst und haben einige einzigartige Merkmale entwickelt, um in dieser extremen Umgebung zu überleben. Hier sind einige der wichtigsten Faktoren, die ihnen helfen, die Wüste zu überwinden: ⏎ 1. **Wasser speichern**:;False
698;explicativa;How do hedgehogs defend themselves?;spines;Les hérissons se défendent en utilisant leurs épines, qui sont très dures et pointues. Ces épines servent de barrière naturelle contre les prédateurs, qui ont du mal à les dépasser ou à les pénétrer. Les hérissons peuvent également se mettre en position défensive, en se mettant sur le dos et en faisant pivoter leur corps pour protéger leur dos et leurs épines. De plus, ils peuvent é;True;"Los erizos defienden a sí mismos de varias maneras. ⏎ Primero, tienen un cuerpo cubierto de espinas quillas que se pueden elevar y bajar a voluntad. Estas espinas son muy peligrosas para los depredadores, ya que pueden causar heridas profundas y dolorosas. ⏎ Además, los erizos tienen un comportamiento defensivo llamado ""erizamiento"", en el que se cub";True;Hochschwänzchen (Hedgehogs) verteidigen sich mit verschiedenen Methoden. Hier sind einige der wichtigsten Verteidigungsmethoden: ⏎ 1. **Rollen sich in eine Kugel**: Wenn sie sich bedroht fühlen, rollen sie sich zu einer Kugel zusammen, um ihre weichen Körperteile zu schützen. Ihre Schalen sind sehr hart und bieten gute Schutz vor Biss- und Stich;False
699;corta;Tour de France sport?;cycling;"Oui, le Tour de France est un événement cycliste majeur qui a lieu en France et dans les pays voisins. Il s'agit d'un tour de route de plus de 3 500 kilomètres qui dure généralement 23 jours. Les coureurs cyclistes, appelés ""coureurs du Tour"", doivent parcourir des distances considérables en une courte période, souvent avec des difficultés physiques et météor";False;¡Sí! La Vuelta de Francia es un evento deportivo de ciclismo de carretera que se celebra cada año en Francia y otros países europeos. Es considerado uno de los eventos deportivos más prestigiosos y emocionantes del mundo del ciclismo.;True;Ja, das ist ein großartiges Rennen! Die Tour de France ist ein jährliches Radrennen, das in Frankreich stattfindet und als eines der größten und bekanntesten Rennen der Radwelt gilt. Es dauert etwa drei Wochen und umfasst über 3.500 Kilometer. Die Teilnehmer müssen sich in einer Reihe von Etappen durch verschiedene Regionen Frankreichs kämpfen, wobei sie auf verschiedenen Straßen, Berg;False
700;conversacional;Okay, which island was Napoleon born on?;Corsica;Napoleon Bonaparte est né à Ajaccio, une île de Corse.;True;Napoleón Bonaparte nació en Córcega, una isla en el Mediterráneo que forma parte de Francia.;True;Napoleon Bonaparte wurde auf der Insel Elba geboren.;False
