prompt;output;answer;aliases;baseline_en;ref_role_leak;baseline_role_leak;ref_french_score;ref_language;baseline_language;ref_is_french;ref_answer_correct;baseline_is_french;baseline_answer_correct;passed_gate;prompt_de;prompt_de_language;prompt_de_ok;prompt_fr;prompt_fr_language;prompt_fr_ok;output_hand_fixed;prompt_es;prompt_es_language;prompt_es_ok;prompt_it;prompt_it_language;prompt_it_ok;prompt_pt;prompt_pt_language;prompt_pt_ok;categoria;n_tokens
On which continent is the Amazon rainforest located?;L'Amazonie est située en Amérique du Sud.;South America;Amerique du Sud|America del Sur|Sudamerica|Suramerica|Sudamerika|America do Sul|America meridionale;The Amazon rainforest is located on the continent of South America.;False;False;1.0;fr;en;True;True;False;True;True;Auf welchem Kontinent liegt der Amazonas-Regenwald?;de;True;Sur quel continent se trouve la forêt amazonienne ?;fr;True;False;¿En qué continente se encuentra la selva amazónica?;unknown;True;;;;;;;factual_clasica;
Where is the Atacama Desert?;L'Atacama est un désert situé au Chili.;Chile;Chili|Cile;"The Atacama Desert is located in Chile, South America. It is the driest non-polar desert in the world, covering an area of approximately 105,000 square kilometers (41,000 square miles). The Atacama Desert stretches along the western edge of the Andes Mountains, bordering the Pacific Ocean to the west and the Andes Mountains to the east.

The Atacama Desert is situated in the northern part of Chile, and it is divided into two main regions:";False;False;0.9998;fr;en;True;True;False;True;True;Wo liegt die Atacama-Wüste?;de;True;Où se trouve le désert d'Atacama ?;fr;True;;¿Dónde está el desierto de Atacama?;es;True;;;;;;;factual_aperturas;8
State the capital of Mongolia.;La capitale du Mongolie est Ulaanbaatar.;Ulaanbaatar;Ulan Bator|Oulan-Bator|Ulan-Bator|Oulan Bator;The capital of Mongolia is Ulaanbaatar.;False;False;0.9994;fr;en;True;True;False;True;True;Nenne die Hauptstadt der Mongolei.;de;True;Indiquez la capitale de la Mongolie.;fr;True;;Indica la capital de Mongolia.;es;True;;;;;;;imperativo;6
Detail why ice floats on water.;"L'eau glace flotte sur l'eau en raison de sa densité inférieure à celle de l'eau liquide. Cela peut sembler étrange, car on nous dit généralement que les objets plus lourds que l'eau s'abîment, tandis que les objets plus légers que l'eau flottent.

Cependant, la densité de l'eau glace est inférieure à celle de l'eau liquide en raison";density;densite|densidad|Dichte|densita|densidade|dense|denso|densa;"A classic phenomenon! Ice floating on water is a fascinating example of how the physical properties of water and ice can lead to this seemingly counterintuitive behavior. Here's a detailed explanation:

**Why does ice float on water?**

Ice floats on water because of its unique crystal structure and the way it interacts with water molecules. When water freezes, the molecules arrange themselves in a crystalline lattice structure, which is less dense than the liquid water. This is known as the ""anomalous expansion of";False;False;0.9998;fr;en;True;True;False;True;True;Erläutere genau, warum Eis auf Wasser schwimmt.;de;True;Détaillez pourquoi la glace flotte sur l'eau.;fr;True;;Detalla por qué el hielo flota en el agua.;es;True;;;;;;;imperativo_explicativo;7
How do geckos climb walls?;Les geckos sont capables de grimper aux murs en raison de leur adaptation unique. Ils ont des pattes très fines et des griffes spécialisées qui leur permettent de s'agripper à la surface de la peau ou du papier. Ces griffes sont recouvertes de micro-épaisses poils qui produisent une force de friction très élevée, ce qui leur permet de maintenir leur poids et de progresser;van der Waals;Waals|setae|setas|setole|poils|pelos|hairs;"Geckos have a unique ability to climb walls and ceilings, and it's due to their specialized feet and body structure. Here's how they do it:

1. **Microscopic hair-like structures**: Geckos have tiny, hair-like structures on their feet called setae (singular: seta). These setae are made of keratin, the same protein that makes up human hair and nails. Each seta is about 1-2 micrometers in length, which is incredibly";False;False;0.9998;fr;en;True;True;False;True;True;Wie klettern Geckos an Wänden hoch?;de;True;Comment les geckos grimpent-ils aux murs ?;fr;True;;¿Cómo trepan las paredes los geckos?;es;True;;;;;;;explicativa;8
Capital of Japan?;Tokyo est la capitale du Japon.;Tokyo;Tokio|Toquio;The capital of Japan is Tokyo.;False;False;0.9998;fr;en;True;True;False;True;True;Hauptstadt von Japan?;de;True;Capitale du Japon ?;fr;True;;¿Capital de Japón?;es;True;;;;;;;corta;4
Hey, who painted Arnolfini?;"C'est Jan van Eyck qui a peint le ""Portrait de l'Arnolfini"" en 1434.";Jan van Eyck;van Eyck|Eyck;The Arnolfini Portrait is a famous painting by the Flemish artist Jan van Eyck, created around 1434. It's considered one of the most iconic and influential works of the Northern Renaissance. The painting is a highly detailed and symbolic depiction of a wealthy couple, Giovanni di Nicolao Arnolfini and his wife, in their home in Bruges, Belgium. Van Eyck's masterful use of oil painting techniques and symbolism has made the Arnolfini Portrait a timeless;False;False;0.9993;fr;en;True;True;False;True;True;Hey, wer hat den Arnolfini gemalt?;de;True;Hé, qui a peint les Arnolfini ?;fr;True;;Oye, ¿quién pintó el Arnolfini?;es;True;;;;;;;conversacional;9
What is the capital of Iceland?;La capitale d'Iceland est Reykjavik.;Reykjavik;Reykjavik|Reikiavik;The capital of Iceland is Reykjavik.;False;False;1.0;fr;en;True;True;False;True;True;Was ist die Hauptstadt von Island?;de;True;Quelle est la capitale de l'Islande ?;fr;True;False;¿Cuál es la capital de Islandia?;es;True;;;;;;;factual_clasica;
Where was Mozart born?;Mozart est né à Salzbourg, en Autriche.;Salzburg;Salzbourg|Salzburgo|Salisburgo;Wolfgang Amadeus Mozart was born in Salzburg, Austria on January 27, 1756.;False;False;0.9998;fr;en;True;True;False;True;True;Wo wurde Mozart geboren?;de;True;Où Mozart est-il né ?;fr;True;;¿Dónde nació Mozart?;es;True;;;;;;;factual_aperturas;5
Specify the chemical symbol for uranium.;Le symbole chimique de l'uranium est U.;U;;The chemical symbol for uranium is U.;False;False;0.9998;fr;en;True;True;False;True;True;Gib das chemische Symbol für Uran an.;de;True;Précisez le symbole chimique de l'uranium.;fr;True;;Especifica el símbolo químico del uranio.;es;True;;;;;;;imperativo;7
Unpack what causes ocean tides.;"Les marées sont causées par la lente rotation de la Terre et la gravité de la Lune. Voici les principaux facteurs qui contribuent aux marées :

1. **Gravité de la Lune** : La Lune exerce une force de gravité sur l'eau de l'océan, créant une force de traction qui pousse l'eau vers les deux côtés de la Terre. Cette force est plus forte lorsque la Lune";Moon;Lune|Luna|Lua|der Mond|den Mond|des Mondes|dem Mond|vom Mond;"Ocean tides are a fascinating phenomenon that has captivated humans for centuries. So, let's dive into the causes of ocean tides!

**The Main Causes of Ocean Tides:**

1. **Gravitational Pull of the Moon**: The Moon's gravity is the primary driver of ocean tides. The Moon's gravity causes the ocean water to bulge out in two areas: one on the side of the Earth facing the Moon and the other on the opposite side of the Earth. This";False;False;0.9998;fr;en;True;True;False;True;True;Schlüssle auf, was die Gezeiten der Ozeane verursacht.;de;True;Décortiquez ce qui provoque les marées océaniques.;fr;True;;Desglosa qué causa las mareas oceánicas.;es;True;;;;;;;imperativo_explicativo;8
How do octopuses change color?;"Les octopuses changent de couleur grâce à une membrane spéciale appelée chromatophore située dans leur peau. Ces chromatophores contiennent des pigments qui peuvent être contractés ou détendus pour changer la couleur de l'octopuse.

Il existe trois types de chromatophores :

* Les chromatophores de pigment : contiennent des pigments qui donnent une couleur spécifique, comme le rouge, le bleu ou le jaune.
*";chromatophores;chromat|cromat;"Octopuses are masters of disguise, and their ability to change color is one of their most impressive features. Here's how they do it:

**Chromatophores: The Color-Changing Cells**

Octopuses have specialized cells called chromatophores in their skin, which contain pigments that reflect different colors. There are three types of chromatophores:

1. **Melanophores**: contain the pigment melanin, which produces brown or black colors.
2. **Irid";False;False;0.9998;fr;en;True;True;False;True;True;Wie wechseln Kraken ihre Farbe?;de;True;Comment les pieuvres changent-elles de couleur ?;fr;True;;¿Cómo cambian de color los pulpos?;es;True;;;;;;;explicativa;8
Capital of South Africa?;Le Cap (en anglais : Cape Town) est la capitale de l'Afrique du Sud.;Pretoria;Cape Town|Bloemfontein|Le Cap|Kapstadt;The capital of South Africa is Pretoria.;False;False;0.9998;fr;en;True;True;False;True;True;Hauptstadt von Südafrika?;de;True;Capitale de l'Afrique du Sud ?;fr;True;;¿Capital de Sudáfrica?;es;True;;;;;;;corta;5
Hey, who directed Jaws?;C'est Steven Spielberg qui a réalisé le film Jaws.;Spielberg;;"The director of the classic thriller film ""Jaws"" (1975) is Steven Spielberg. He's a legendary filmmaker known for his suspenseful and iconic movies, and ""Jaws"" is one of his most famous works. Would you like to know more about the film or Spielberg's career?";False;False;0.9992;fr;en;True;True;False;True;True;Hey, wer hat Der weiße Hai gedreht?;de;True;Hé, qui a réalisé Les Dents de la mer ?;fr;True;;Oye, ¿quién dirigió Tiburón?;es;True;;;;;;;conversacional;7
Who composed Bolero?;Boléro a été composé par Maurice Ravel.;Ravel;;"The famous piece ""Bolero"" was composed by Maurice Ravel, a French composer and pianist. It was first performed in 1928 and has since become one of Ravel's most popular and recognizable works.";False;False;1.0;fr;en;True;True;False;True;True;Wer hat Bolero komponiert?;de;True;Qui a composé le Boléro ?;fr;True;False;¿Quién compuso Bolero?;unknown;True;;;;;;;factual_clasica;
Where is Angkor Wat located?;Angkor Wat est situé au Cambodge. Plus précisément, il se trouve à proximité de la ville de Siem Reap, dans la province de Siem Reap, au nord-ouest du pays.;Cambodia;Cambodge|Camboya|Kambodscha|Cambogia|Camboja;"Angkor Wat is located in Cambodia, in the Siem Reap Province. Specifically, it's situated about 15 kilometers (9 miles) north of the town of Siem Reap, which is a popular tourist destination.

Angkor Wat is a vast temple complex that was built in the 12th century as a sacred Hindu temple, and it's considered one of the largest and most impressive archaeological sites in the world. It's a UNESCO World Heritage Site and a must-visit destination for";False;False;0.9998;fr;en;True;True;False;True;True;Wo befindet sich Angkor Wat?;de;True;Où se trouve Angkor Vat ?;fr;True;;¿Dónde se encuentra Angkor Wat?;es;True;;;;;;;factual_aperturas;7
Mention the author of The Hobbit.;"L'auteur de ""Le Hobbit"" est J.R.R. Tolkien.";Tolkien;;"The author of ""The Hobbit"" is J.R.R. Tolkien.";False;False;0.9998;fr;en;True;True;False;True;True;Erwähne den Autor von Der Hobbit.;de;True;Mentionnez l'auteur du Hobbit.;fr;True;;Menciona al autor de El hobbit.;es;True;;;;;;;imperativo;9
Go over how rainbows form.;"Bien sûr!

Les arcs-en-ciel se forment à partir d'un phénomène optique qui se produit lorsque la lumière du soleil passe à travers les gouttelettes d'eau dans l'air. Voici comment ça marche :

1. **La lumière du soleil** est composée de différentes couleurs, qui sont émises à des fréquences différentes.
2. **Les gouttelettes d'eau** dans l'air,";refraction;refraccion|Brechung|rifrazione|refracao|dispersion;"What a beautiful topic! Rainbows are one of the most stunning natural wonders, and understanding how they form can be quite fascinating.

**The Science of Rainbows**

Rainbows are formed when sunlight passes through water droplets in the air. The process involves a combination of refraction, dispersion, and reflection of light. Here's a step-by-step explanation:

1. **Sunlight enters the Earth's atmosphere**: The sun emits white light, which is made up of all the colors of the visible";False;False;0.9998;fr;en;True;False;False;True;True;Geh durch, wie Regenbögen entstehen.;de;True;Passez en revue la formation des arcs-en-ciel.;fr;True;;Repasa cómo se forman los arcoíris.;es;True;;;;;;;imperativo_explicativo;7
Why do salmon swim upstream?;"Les saumons nagent vers le haut pour plusieurs raisons :

1.  La reproduction : Les saumons migrent vers le haut des rivières pour atteindre leur lieu de naissance, où ils pondent leurs œufs et commencent leur cycle de vie.
2.  La reproduction : Les saumons migrent vers le haut des rivières pour atteindre leur lieu de naissance, où ils pondent leurs œufs et commencent leur cycle de vie.";spawn;fray|desov|laich|reprodu|riprodu|ponte|Geburtsgew|lieu de naissance|lugar de nacimiento|donde nacieron;"Salmon are known for their incredible upstream migration, which is a remarkable feat of endurance and determination. Here's why they swim upstream:

**Life Cycle:** Salmon are anadromous fish, which means they're born in freshwater, migrate to saltwater, and then return to freshwater to spawn. The upstream migration is a crucial part of their life cycle.

**Spawning:** Salmon swim upstream to reach their birthplace, where they were born, to spawn. They need to return to the exact";False;False;0.9998;fr;en;True;True;False;True;True;Warum schwimmen Lachse flussaufwärts?;de;True;Pourquoi les saumons remontent-ils les rivières ?;fr;True;;¿Por qué los salmones nadan río arriba?;es;True;;;;;;;explicativa;6
Capital of Mozambique?;La capitale du Mozambique est Maputo.;Maputo;;The capital of Mozambique is Maputo.;False;False;0.9984;fr;en;True;True;False;True;True;Hauptstadt von Mosambik?;de;True;Capitale du Mozambique ?;fr;True;;¿Capital de Mozambique?;es;True;;;;;;;corta;5
Just curious, who sang Imagine?;"C'est John Lennon qui a chanté et écrit la chanson ""Imagine"".";John Lennon;Lennon;"A classic song! ""Imagine"" was sung by the legendary John Lennon. It was released in 1971 on his album of the same name, and it's considered one of his most iconic and enduring songs. The song's message of peace, unity, and a world without conflict or division continues to inspire and resonate with people around the world.";False;False;0.9998;fr;en;True;True;False;True;True;Nur aus Neugier: Wer hat Imagine gesungen?;de;True;Simple curiosité : qui a chanté Imagine ?;fr;True;;Solo por curiosidad, ¿quién cantó Imagine?;es;True;;;;;;;conversacional;7
Which is the largest country in the world by area?;Le pays le plus grand au monde par superficie est la Russie.;Russia;Russie|Rusia|Russland;The largest country in the world by area is Russia, covering approximately 17.1 million square kilometers (6.6 million square miles).;False;False;1.0;fr;en;True;True;False;True;True;Welches ist das größte Land der Welt nach Fläche?;de;True;Quelle est la plus grande pays du monde par superficie?;fr;True;False;¿Cuál es el país más grande del mundo por área?;es;True;;;;;;;factual_clasica;
Where did the Titanic depart from?;Le Titanic a départi de Southampton, en Angleterre, le 10 avril 1912.;Southampton;;The RMS Titanic departed from Southampton, England on April 10, 1912.;False;False;0.9983;fr;en;True;True;False;True;True;Von wo lief die Titanic aus?;de;True;D'où le Titanic est-il parti ?;fr;True;;¿Desde dónde zarpó el Titanic?;es;True;;;;;;;factual_aperturas;7
Indicate the capital of Kazakhstan.;Le capital de Kazakhstan est Astana.;Astana;Nur-Sultan|Nursultan;The capital of Kazakhstan is Astana (officially known as Nur-Sultan since 2019).;False;False;0.9961;fr;en;True;True;False;True;True;Gib die Hauptstadt Kasachstans an.;de;True;Indiquez la capitale du Kazakhstan.;fr;True;;Señala la capital de Kazajistán.;es;True;;;;;;;imperativo;7
Run through why Earth has seasons.;"Bien sûr!

Les saisons sur Terre sont causées par l'orbite elliptique de notre planète autour du Soleil. Voici les raisons clés :

1. **L'orbite elliptique** : L'orbite de la Terre autour du Soleil n'est pas une orbite parfaite, mais plutôt elliptique. Cela signifie que la distance entre la Terre et le Soleil varie tout au long de";tilt;inclin|Neigung|Achse|axis;"I'd be happy to explain why Earth has seasons.

**The Main Reason: Earth's Axial Tilt**

The primary reason for Earth's seasons is its axial tilt, which is the angle between its rotational axis and the plane of its orbit around the Sun. This tilt is approximately 23.5 degrees. As Earth orbits the Sun, its tilt causes the amount of sunlight that reaches the planet's surface to vary throughout the year.

**How the Axial Tilt Affects Seasons**

Here";False;False;0.9998;fr;en;True;False;False;True;True;Geh kurz durch, warum die Erde Jahreszeiten hat.;de;True;Parcourez les raisons des saisons sur Terre.;fr;True;;Recorre por qué la Tierra tiene estaciones.;es;True;;;;;;;imperativo_explicativo;7
Why do cats land on their feet?;"Les chats sont capables de se retrouver debout après un saut, ce phénomène s'appelle la ""righting reflex"". C'est dû à leur excellent équilibre et à leur capacité à détecter les forces de gravité et de rotation. Les chats ont une vision très développée, qui leur permet de détecter les mouvements et les angles de leur corps en temps réel. Ils utilisent également leurs oreilles et leurs yeux pour";reflex;reflej|rifless;"Cats are known for their incredible ability to right themselves in mid-air and land on their feet, a phenomenon known as ""righting reflex."" This remarkable ability is made possible by a combination of their unique physiology and behavior. Here are some reasons why cats can land on their feet:

1. **Inner ear structure**: Cats have a special organ in their inner ear called the vestibular apparatus, which contains three semicircular canals filled with fluid. These canals are lined with sensory hair cells";False;False;0.9998;fr;en;True;True;False;True;True;Warum landen Katzen auf den Füßen?;de;True;Pourquoi les chats retombent-ils sur leurs pattes ?;fr;True;;¿Por qué los gatos caen de pie?;es;True;;;;;;;explicativa;8
Capital of Madagascar?;Antananarivo est la capitale de Madagascar.;Antananarivo;Tananarive;The capital of Madagascar is Antananarivo (also known as Tana).;False;False;0.996;fr;en;True;True;False;True;True;Hauptstadt von Madagaskar?;de;True;Capitale de Madagascar ?;fr;True;;¿Capital de Madagascar?;es;True;;;;;;;corta;4
Settle a bet: who excavated Troy?;"C'est une question qui a suscité beaucoup de débats!

Selon la mythologie grecque, la ville de Troie a été excavée par les Argives, sous la direction de l'archéologue grec Heinrich Schliemann en 1870. Cependant, certains historiens et archéologues contestent cette thèse, arguant que les fouilles de Schliemann n'étaient pas suffisamment documentées et que les";Schliemann;;"A famous debate!

The excavation of Troy is a bit of a complicated story, and there's no straightforward answer. However, I can give you the lowdown.

The most famous excavations of Troy were conducted by Heinrich Schliemann, a German archaeologist, in the late 19th century. Schliemann was a wealthy businessman and amateur archaeologist who was fascinated by the legend of the Trojan War. He believed that the city of Troy was the site of the epic conflict described in";False;False;0.9997;fr;en;True;True;False;True;True;Wir haben gewettet: Wer hat Troja ausgegraben?;de;True;Pour trancher un pari : qui a fouillé Troie ?;fr;True;;Para zanjar una apuesta: ¿quién excavó Troya?;es;True;;;;;;;conversacional;10
How many players from one team are on the field in soccer?;Il y a 11 joueurs d'une équipe sur le terrain au soccer.;11;onze;In soccer, each team is allowed to have 11 players on the field at a time.;False;False;1.0;fr;en;True;True;False;True;True;Wie viele Spieler von einem Team auf dem Platz sind im Fußball?;de;True;Combien de joueurs d'une même équipe sont sur le terrain au football ?;fr;True;False;¿Cuántos jugadores de un equipo están en el campo en el fútbol?;es;True;;;;;;;factual_clasica;
Where are the Galapagos Islands?;Les îles Galapagos sont situées au large de la côte ouest de l'Amérique du Sud, à environ 1 000 kilomètres au sud de l'équateur, dans l'océan Pacifique.;Ecuador;Equateur|Ekuador|Equador;"The Galapagos Islands are a unique and fascinating archipelago located in the Pacific Ocean, about 620 miles (1,000 km) off the coast of Ecuador.

To be more specific, the Galapagos Islands are situated:

* West of the equator
* About 1,000 km (620 miles) west of the coast of South America
* Approximately 1,000 km (620 miles) east of the coast of Central America
* Part of the Republic of Ecuador";False;False;0.9998;fr;en;True;True;False;True;True;Wo liegen die Galapagosinseln?;de;True;Où se trouvent les îles Galápagos ?;fr;True;;¿Dónde están las islas Galápagos?;es;True;;;;;;;factual_aperturas;8
Recall who invented the radio.;"Le radio a été inventé par Guglielmo Marconi, un ingénieur italien, en 1895. Cependant, il n'est pas le seul à avoir contribué à son développement. D'autres scientifiques et inventeurs, tels que Nikola Tesla et James Clerk Maxwell, ont également joué un rôle important dans l'élaboration de la technologie radio.

Guglielmo Marconi a remporté le premier prix Nobel de";Marconi;Tesla|Popov;"The invention of the radio is a bit complex, as it involved the contributions of several individuals over a period of time. While it's difficult to attribute the invention of the radio to a single person, I can give you an overview of the key players involved.

The first practical wireless telegraph, which is considered the precursor to the modern radio, was invented by Guglielmo Marconi in the 1890s. Marconi, an Italian inventor and engineer, developed a system for transmitting";False;False;0.9998;fr;en;True;True;False;True;True;Erinnere dich, wer das Radio erfunden hat.;de;True;Rappelez qui a inventé la radio.;fr;True;;Recuerda quién inventó la radio.;es;True;;;;;;;imperativo;7
Lay out why onions make us cry.;"Les oignons font pleurer! C'est un phénomène courant qui a des raisons scientifiques.

Lorsque vous coupez une oignon, vous libérez des molécules appelées composés sulfurés, notamment l'allicine et la syn-propanethial-S-oxide. Ces molécules sont responsables de la réaction qui fait pleurer.

Voici ce qui se passe :

1. Lorsque vous coupez l'oignon";sulfur;sulf|sulph|soufre|azufre|Schwefel|zolfo|enxofre;"The age-old question of why onions make us cry! It's a common phenomenon that has puzzled many a cook and chef. Here's the science behind it:

**The Culprit: Syn-propanethial-S-oxide**

Onions contain a group of compounds called sulfur-containing amino acids, which are responsible for their pungent flavor and aroma. When you chop or crush an onion, you release these compounds into the air as gas. One of these compounds, syn-propanethial-S";False;False;0.9998;fr;en;True;True;False;True;True;Leg dar, warum Zwiebeln uns zum Weinen bringen.;de;True;Exposez pourquoi les oignons nous font pleurer.;fr;True;;Expón por qué las cebollas nos hacen llorar.;es;True;;;;;;;imperativo_explicativo;9
How do ants find food?;"Les fourmis trouvent de la nourriture de plusieurs manières. 

Elles utilisent leur sens de l'odorat pour détecter les odeurs des aliments. Certaines fourmis sont attirées par les odeurs sucrées, tandis que d'autres sont attirées par les odeurs gras ou salées.

Elles utilisent également leur sens de la vue pour détecter les mouvements et les couleurs des aliments. Certaines four";pheromones;pheromon|feromon;"Ants are incredibly skilled foragers, and their ability to find food is a remarkable example of their social organization and communication. Here's a breakdown of how ants find food:

**Communication and Trail Marking**

Ants use chemical signals, known as pheromones, to communicate with each other about food sources. When an ant finds food, it returns to its nest and deposits pheromones on the ground, creating a trail that other ants can follow. This process is called ""trail";False;False;0.9998;fr;en;True;False;False;True;True;Wie finden Ameisen Futter?;de;True;Comment les fourmis trouvent-elles de la nourriture ?;fr;True;;¿Cómo encuentran comida las hormigas?;es;True;;;;;;;explicativa;6
Capital of Namibia?;Windhoek est la capitale de Namibie.;Windhoek;;The capital of Namibia is Windhoek.;False;False;0.9981;fr;en;True;True;False;True;True;Hauptstadt von Namibia?;de;True;Capitale de la Namibie ?;fr;True;;¿Capital de Namibia?;es;True;;;;;;;corta;5
Random thought: who founded Facebook?;"Une idée étrange!

Le réseau social Facebook a été fondé par Mark Zuckerberg, un jeune développeur informatique américain, en 2004, à l'Université de Harvard.";Zuckerberg;;"A random thought indeed!

Facebook was founded by Mark Zuckerberg, along with his college roommates and fellow Harvard University students Eduardo Saverin, Andrew McCollum, Dustin Moskovitz, and Chris Hughes.

The story goes that Mark Zuckerberg created a website called ""Facemash"" in 2003, which allowed users to compare the photos of two students and vote on which one was more attractive. The site became popular, but also generated controversy and was eventually shut down by the university.

Later";False;False;0.9998;fr;en;True;True;False;True;True;Spontane Frage: Wer hat Facebook gegründet?;de;True;Une idée comme ça : qui a fondé Facebook ?;fr;True;;Pensando al azar: ¿quién fundó Facebook?;es;True;;;;;;;conversacional;7
What is the capital of Uganda?;Le capital d'Uganda est Kampala.;Kampala;;The capital of Uganda is Kampala.;False;False;1.0;fr;en;True;True;False;True;True;Was ist die Hauptstadt von Uganda?;de;True;Quelle est la capitale de l'Ouganda?;fr;True;False;¿Cuál es la capital de Uganda?;es;True;;;;;;;factual_clasica;
Where is Table Mountain?;La Table Mountain se trouve à Cape Town, en Afrique du Sud.;Cape Town;Le Cap|Ciudad del Cabo|Kapstadt|Citta del Capo|Cidade do Cabo;Table Mountain is located in Cape Town, South Africa. It's a flat-topped mountain that rises over 1,086 meters (3,563 feet) above sea level and is one of the city's most iconic landmarks.;False;False;0.9998;fr;en;True;True;False;True;True;Wo liegt der Tafelberg?;de;True;Où se trouve la montagne de la Table ?;fr;True;;¿Dónde está la Montaña de la Mesa?;es;True;;;;;;;factual_aperturas;5
Pin down the capital of Kosovo.;Le capital de Kosovo est Pristina.;Pristina;Prishtina|Prichtina;The capital of Kosovo is Pristina.;False;False;0.9979;fr;en;True;True;False;True;True;Bestimme die Hauptstadt des Kosovo.;de;True;Déterminez la capitale du Kosovo.;fr;True;;Precisa la capital de Kosovo.;es;True;;;;;;;imperativo;7
Account for how bees make honey.;"Les abeilles produisent du miel en faisant du nectar. Voici comment ça marche :

Les abeilles collectent du nectar dans les fleurs, en utilisant leurs longues trompes pour en extraire le liquide sucré. Le nectar est ensuite apporté dans la ruche, où les abeilles le mélangent avec de l'environnement et des substances chimiques spécifiques.

Les abeilles mélang";nectar;Nektar|nettare;"The sweet process of honey production! Bees collect nectar from flowers and transform it into honey through a fascinating process of regurgitation, evaporation, and enzymatic activity. Here's a step-by-step explanation of how bees make honey:

**Step 1: Nectar Collection**

Bees visit flowers in search of nectar, a sweet, energy-rich liquid secreted by plants to attract pollinators. They use their long, tube-shaped tongues (proboscis) to extract n";False;False;0.9998;fr;en;True;True;False;True;True;Begründe, wie Bienen Honig herstellen.;de;True;Rendez compte de la façon dont les abeilles font le miel.;fr;True;;Da cuenta de cómo las abejas hacen miel.;es;True;;;;;;;imperativo_explicativo;7
How do fireflies glow?;Les lucioles émettent une lumière grâce à une réaction chimique appelée bioluminescence. Cette réaction implique une enzyme appelée luciferase qui réagit avec un composé appelé lucifère, produisant de la lumière. Cette lumière est émise à partir de leurs abdomens et est utilisée pour attirer les mouches et d'autres insectes pour se nourrir.;bioluminescence;biolumin|luciferin;"Fireflies, also known as lightning bugs, have a unique ability to produce their own light, a process called bioluminescence. This is made possible by a chemical reaction that occurs within their bodies.

Here's a simplified explanation of how fireflies glow:

1. **Light-producing organs**: Fireflies have specialized light-producing organs in their abdomens, which contain a chemical called luciferin. This chemical reacts with oxygen to produce light.
2. **Luciferase enzyme**: The lucifer";False;False;0.9998;fr;en;True;True;False;True;True;Wie leuchten Glühwürmchen?;de;True;Comment les lucioles brillent-elles ?;fr;True;;¿Cómo brillan las luciérnagas?;es;True;;;;;;;explicativa;6
Capital of Botswana?;Gaborone est la capitale de Botswana.;Gaborone;;The capital of Botswana is Gaborone.;False;False;0.9994;fr;en;True;True;False;True;True;Hauptstadt von Botswana?;de;True;Capitale du Botswana ?;fr;True;;¿Capital de Botsuana?;es;True;;;;;;;corta;5
Trivia time: first female UK prime minister?;C'est Margaret Thatcher! Elle est devenue la première femme Premier ministre du Royaume-Uni en 1979.;Thatcher;;That would be Margaret Thatcher! She was the first female Prime Minister of the United Kingdom, serving from 1979 to 1990.;False;False;0.9998;fr;en;True;True;False;True;True;Quizzeit: erste Premierministerin Großbritanniens?;de;True;Question culture : première femme Premier ministre britannique ?;fr;True;;Hora de trivia: ¿primera mujer al frente del gobierno británico?;es;True;;;;;;;conversacional;9
Which planet has the Great Red Spot?;C'est Jupiter! La Grande Tache Rouge est un grand écoulement de gaz sur Jupiter, qui a été observé depuis des siècles.;Jupiter;Giove;The Great Red Spot is a persistent anticyclonic storm on the planet Jupiter. It's a massive storm that has been raging for centuries, and it's one of the most distinctive features of Jupiter's atmosphere.;False;False;1.0;fr;en;True;True;False;True;True;Welcher Planet hat den Großen Roten Fleck?;de;True;Quelle planète possède la Grande Tache rouge ?;fr;True;False;¿Cuál planeta tiene el Gran Mancha Roja?;es;True;;;;;;;factual_clasica;
When did the Byzantine Empire fall?;"L'Empire byzantin a connu une chute progressive au cours des siècles. La date exacte de sa chute est difficile à déterminer, mais on peut dire qu'elle a commencé à décliner au 11e siècle.

La chute de Constantinople, la capitale de l'Empire byzantin, a eu lieu le 29 mai 1453, lorsque l'armée ottomane, menée par Mehmed II,";1453;;"The Byzantine Empire, also known as the Eastern Roman Empire, fell in 1453 AD. It was the continuation of the Roman Empire in the east, and its capital was Constantinople (modern-day Istanbul, Turkey).

The fall of Constantinople was a result of a long and complex series of events, including the Ottoman Empire's conquest of the city. The Ottoman Empire, led by Mehmed II, laid siege to the city in 1453 and breached its walls on May 29,";False;False;0.9998;fr;en;True;True;False;True;True;Wann fiel das Byzantinische Reich?;de;True;Quand l'Empire byzantin est-il tombé ?;fr;True;;¿Cuándo cayó el Imperio bizantino?;es;True;;;;;;;factual_aperturas;8
Track down the creator of Gulliver.;"Le créateur de Gulliver est Jonathan Swift, un écrivain et satiriste irlandais. Il a écrit le roman ""L'Île de Gulliver"" (ou ""Gulliver's Travels"") entre 1720 et 1726.";Jonathan Swift;Swift;"The creator of Gulliver is none other than the renowned English author and satirist, Jonathan Swift (1667-1745).

Jonathan Swift was a prominent figure in 18th-century English literature, and his most famous work is undoubtedly ""Gulliver's Travels"" (1726). The novel is a satirical masterpiece that follows the adventures of Lemuel Gulliver, a ship's surgeon who embarks on four fantastical voyages to various imaginary lands.

Swift's inspiration";False;False;0.9994;fr;en;True;True;False;True;True;Spür den Schöpfer von Gulliver auf.;de;True;Retrouvez le créateur de Gulliver.;fr;True;;Rastrea al creador de Gulliver.;es;True;;;;;;;imperativo;9
Shed light on why metals conduct electricity.;"Les métaux conductent l'électricité en raison de leur structure atomique et de leurs propriétés physiques.

Les métaux sont composés de ions métalliques libres qui se déplacent librement dans la matière. Ces ions sont capables de se déplacer facilement lorsque l'on applique une tension électrique, ce qui permet la conduction de l'électricité.

De plus, les métaux ont une structure cristalline qui permet";electrons;lectron|lettron|letron|lektron;"I'd be happy to shed light on why metals conduct electricity.

**The Key to Conductivity: Free Electrons**

Metals are excellent conductors of electricity because they have a unique property called ""free electrons."" These free electrons are not tightly bound to the atoms of the metal, but rather are able to move freely within the metal lattice.

In a metal, the atoms are arranged in a lattice structure, with each atom bonded to its neighbors through strong covalent bonds. However, some of";False;False;0.9998;fr;en;True;False;False;True;True;Beleuchte, warum Metalle Strom leiten.;de;True;Éclairez pourquoi les métaux conduisent l'électricité.;fr;True;;Arroja luz sobre por qué los metales conducen la electricidad.;es;True;;;;;;;imperativo_explicativo;9
How do humpback whales communicate?;Les baleines à bosse communiquent principalement par des sons. Ils utilisent des fréquences de basse fréquence, souvent dans la gamme des 10 à 40 Hz, pour émettre des sons qui peuvent être entendus à des distances considérables. Ces sons peuvent être utilisés pour communiquer avec d'autres baleines, signaler leur présence, ou même pour avertir les autres de la présence de prédateurs.;songs;chant|canto|canti|Gesang|song|melod;"Humpback whales are known for their complex and fascinating communication system. They use a variety of clicks, whistles, and moans to convey information and express emotions. Here are some ways humpback whales communicate:

1. **Songs**: Humpback whales are famous for their hauntingly beautiful songs, which can last up to 20 minutes and are repeated for hours. These songs are thought to be used for mating, territorial defense, and social bonding. Each whale has its own unique song";False;False;0.9998;fr;en;True;False;False;True;True;Wie kommunizieren Buckelwale?;de;True;Comment les baleines à bosse communiquent-elles ?;fr;True;;¿Cómo se comunican las ballenas jorobadas?;es;True;;;;;;;explicativa;8
Capital of Zambia?;L'actuelle capitale du Zambia est Lusaka.;Lusaka;;The capital of Zambia is Lusaka.;False;False;0.9998;fr;en;True;True;False;True;True;Hauptstadt von Sambia?;de;True;Capitale de la Zambie ?;fr;True;;¿Capital de Zambia?;es;True;;;;;;;corta;4
I forgot, who first summited Everest?;C'est Tenzing Norgay et Sir Edmund Hillary qui ont été les premiers à atteindre le sommet du mont Everest le 29 mai 1953.;Hillary;Norgay|Tenzing;"A great question about a historic achievement!

The first people to reach the summit of Mount Everest were Tenzing Norgay, a Nepali Sherpa mountaineer, and Sir Edmund Hillary, a New Zealand mountaineer and explorer. They successfully reached the summit on May 29, 1953, as part of a British expedition led by John Hunt.

Tenzing and Hillary's achievement was a groundbreaking moment in mountaineering history, and it marked the first time that humans had";False;False;0.9998;fr;en;True;True;False;True;True;Ich hab's vergessen: Wer bestieg als Erster den Everest?;de;True;J'ai oublié, qui a gravi l'Everest en premier ?;fr;True;;Se me olvidó, ¿quién coronó primero el Everest?;es;True;;;;;;;conversacional;9
What is the capital of Cuba?;La capitale de Cuba est Havana (Havane).;Havana;Havane|Habana|Havanna|Avana;The capital of Cuba is Havana.;False;False;1.0;fr;en;True;True;False;True;True;Was ist die Hauptstadt von Kuba?;de;True;Quelle est la capitale de Cuba?;fr;True;False;¿Cuál es la capital de Cuba?;es;True;;;;;;;factual_clasica;
When was the Battle of Hastings?;La bataille de Hastings s'est déroulée le 14 octobre 1066.;1066;;The Battle of Hastings took place on October 14, 1066. It was a pivotal battle in English history, fought between the army of King Harold II of England and the army of William, Duke of Normandy, also known as William the Conqueror. The battle resulted in the defeat of King Harold and the Norman victory, leading to the Norman Conquest of England.;False;False;0.9998;fr;en;True;True;False;True;True;Wann war die Schlacht bei Hastings?;de;True;Quand a eu lieu la bataille d'Hastings ?;fr;True;;¿Cuándo fue la batalla de Hastings?;es;True;;;;;;;factual_aperturas;7
Dig up who founded the Boy Scouts.;Le Boy Scout a été fondé par Robert Baden-Powell en 1908.;Baden-Powell;Baden Powell;"The Boy Scouts were founded by Robert Baden-Powell, a British army officer and adventurer. He created the organization in 1908, and the first Scout troop was formed in London, England.

Baden-Powell was born on February 22, 1857, in London, England. He served in the British army for 33 years, including time in Africa and India, where he developed his interest in scouting and outdoor skills.

In 1907, Baden-Powell published a";False;False;0.9996;fr;en;True;True;False;True;True;Find heraus, wer die Pfadfinder gründete.;de;True;Dénichez qui a fondé le scoutisme.;fr;True;;Averigua quién fundó los Boy Scouts.;es;True;;;;;;;imperativo;8
Demystify what causes thunder.;"Je vais vous aider à démythifier ce qui cause le tonnerre!

Le tonnerre est une phénomène atmosphérique qui se produit lorsqu'un éclair frappe l'air. Voici les étapes clés qui déclenchent ce phénomène :

1. **Formation d'un éclair** : Lorsqu'une charge électrique se forme dans les nuages, elle peut atteindre une tension suffisante pour créer un éclair. L";lightning;eclair|foudre|relampago|rayo|Blitz|fulmine|lampo|raio;"Thunder is a fascinating phenomenon that's often shrouded in mystery. Let me break it down for you:

**What causes thunder?**

Thunder is the sound that accompanies lightning. It's created when lightning heats the air around it to incredibly high temperatures, causing the air to expand rapidly and create a shockwave. This shockwave travels through the air as a pressure wave, which we perceive as sound.

**The process:**

Here's a step-by-step explanation of how thunder is formed:

1";False;False;0.9998;fr;en;True;True;False;True;True;Entmystifiziere, was Donner verursacht.;de;True;Démystifiez ce qui provoque le tonnerre.;fr;True;;Desmitifica qué causa el trueno.;es;True;;;;;;;imperativo_explicativo;7
Where does chocolate come from?;Le chocolat vient d'Amérique centrale et du sud, où les cacaos sont cultivés. Les cacaos sont des fruits qui contiennent des graines, et il faut les séparer pour en extraire le cacao. Le cacao est ensuite transformé en chocolat en passant par diverses étapes, notamment le raffinage et le confectionnement.;cocoa;cacao|Kakao|cacau;"Chocolate has a rich and fascinating history that spans over 3,000 years. Here's a brief overview:

**The Origins of Chocolate**

Chocolate originated from the cacao tree (Theobroma cacao), which is native to the tropical regions of Central and South America. The ancient civilizations of Mesoamerica, including the Olmec, Maya, and Aztecs, revered the cacao tree as a sacred plant and considered cacao beans (the seeds of the tree) to be";False;False;0.9998;fr;en;True;True;False;True;True;Woher kommt Schokolade?;de;True;D'où vient le chocolat ?;fr;True;;¿De dónde viene el chocolate?;es;True;;;;;;;explicativa;6
Capital of Rwanda?;Kigali est la capitale du Rwanda.;Kigali;;The capital of Rwanda is Kigali.;False;False;0.9993;fr;en;True;True;False;True;True;Hauptstadt von Ruanda?;de;True;Capitale du Rwanda ?;fr;True;;¿Capital de Ruanda?;es;True;;;;;;;corta;4
Out of curiosity, who played Jack Sparrow?;C'est Johnny Depp qui a joué le rôle de Jack Sparrow dans la série de films Pirates des Caraïbes.;Johnny Depp;Depp;"A question about a legendary character!

The iconic role of Captain Jack Sparrow was played by the talented Johnny Depp in the Pirates of the Caribbean film series. Depp's portrayal of the charismatic, eccentric, and unpredictable pirate captain has become synonymous with the character, and he received widespread critical acclaim for his performance.";False;False;0.9998;fr;en;True;True;False;True;True;Aus Neugier: Wer spielte Jack Sparrow?;de;True;Par curiosité, qui a joué Jack Sparrow ?;fr;True;;Por curiosidad, ¿quién interpretó a Jack Sparrow?;es;True;;;;;;;conversacional;10
Which river flows through Paris?;Le fleuve Seine traverse Paris.;Seine;Sena;The Seine River flows through Paris, the capital city of France.;False;False;1.0;fr;en;True;True;False;True;True;Welche Fluss durch Paris fließt?;de;True;Quel fleuve traverse Paris ?;fr;True;False;¿Cuál es el río que fluye a través de París?;es;True;;;;;;;factual_clasica;
When did Hurricane Katrina hit New Orleans?;Hurricane Katrina a frappé New Orleans le 29 août 2005.;2005;;Hurricane Katrina made landfall in Louisiana on August 29, 2005. It was a devastating Category 3 hurricane that caused catastrophic damage and flooding in New Orleans, particularly in the city's low-lying areas. The storm surge from the hurricane caused the levees to fail, resulting in widespread flooding and displacement of thousands of people.;False;False;0.9414;fr;en;True;True;False;True;True;Wann traf Hurrikan Katrina New Orleans?;de;True;Quand l'ouragan Katrina a-t-il frappé La Nouvelle-Orléans ?;fr;True;;¿Cuándo azotó el huracán Katrina a Nueva Orleans?;es;True;;;;;;;factual_aperturas;8
Pinpoint where the Mona Lisa hangs.;La Joconde, également connue sous le nom de Mona Lisa, est exposée au Louvre Museum à Paris, en France.;Louvre;;The Mona Lisa is one of the most famous paintings in the world, and it hangs in the Louvre Museum in Paris, France. Specifically, it is displayed in the Denon Wing of the museum, in a special protective case to preserve the painting for future generations.;False;False;0.9998;fr;en;True;True;False;True;True;Bestimme genau, wo die Mona Lisa hängt.;de;True;Situez l'endroit où est accrochée la Joconde.;fr;True;;Ubica dónde cuelga la Mona Lisa.;es;True;;;;;;;imperativo;8
Elucidate what causes the auroras.;"Les aurores sont des phénomènes magnétiques spectaculaires qui se produisent dans l'atmosphère terrestre. Elles sont causées par l'interaction entre les particules chargées du vent solaire et la magnétosphère terrestre.

Voici les étapes clés qui déterminent la formation des aurores :

1. **Le vent solaire** : Le vent solaire est une corrente de particules";solar wind;vent solaire|viento solar|vento solare|vento solar|Sonnenwind|particules solaires|particulas solares|particelle solari|geladene Teilchen;"The breathtaking auroras! Also known as the Northern or Southern Lights, these natural light displays are a wonder of the natural world. So, what causes them?

**The Science Behind Auroras**

Auroras are caused by charged particles from the sun interacting with the Earth's magnetic field and atmosphere. Here's a step-by-step explanation:

1. **Solar Wind**: The sun emits a stream of charged particles, known as the solar wind, which includes electrons and protons. These particles are accelerated";False;False;0.9998;fr;en;True;True;False;True;True;Verdeutliche, was Polarlichter verursacht.;de;True;Élucidez ce qui provoque les aurores.;fr;True;;Dilucida qué causa las auroras.;es;True;;;;;;;imperativo_explicativo;9
How is tofu made?;"Le tofu est un aliments végétal fabriqué à partir de soja. Voici les étapes de sa fabrication :

1. Le soja est broyé en poudre et mélangé avec de l'eau pour former une pâte.
2. La pâte est ensuite filtrée pour éliminer les impuretés et les particules de soja.
3. La pâte est ensuite ajoutée à une solution de chaux (calcium hydro";soybeans;soja|soia|soya;"Tofu is made from soybeans and is a great source of protein for vegetarians and vegans. Here's a step-by-step overview of the tofu-making process:

**Traditional Method:**

1. **Soaking and Grinding**: Soybeans are soaked in water to rehydrate them, then ground into a fine paste using a grinder or food processor.
2. **Mixing with Water**: The soybean paste is mixed with water to create a milky liquid called soy milk.
3.";False;False;0.9998;fr;en;True;True;False;True;True;Wie wird Tofu hergestellt?;de;True;Comment fabrique-t-on le tofu ?;fr;True;;¿Cómo se hace el tofu?;es;True;;;;;;;explicativa;5
Capital of Angola?;Luanda est la capitale d'Angola.;Luanda;;The capital of Angola is Luanda.;False;False;0.999;fr;en;True;True;False;True;True;Hauptstadt von Angola?;de;True;Capitale de l'Angola ?;fr;True;;¿Capital de Angola?;es;True;;;;;;;corta;4
Hmm, who directed Titanic?;C'était James Cameron qui a réalisé le film Titanic.;James Cameron;Cameron;"The film ""Titanic"" (1997) was directed by James Cameron.";False;False;0.9998;fr;en;True;True;False;True;True;Hmm, wer hat Titanic gedreht?;de;True;Hum, qui a réalisé Titanic ?;fr;True;;Mmm, ¿quién dirigió Titanic?;es;True;;;;;;;conversacional;6
Which desert is the largest cold desert on Earth?;Le désert le plus grand désert glaciaire de la Terre est le désert antarctique.;Antarctic;Antarctique|Antartid|Antarktis|Antartic;The largest cold desert on Earth is the Antarctic Desert.;False;False;1.0;fr;en;True;True;False;True;True;Welche Wüste ist die größte Kältewüste der Erde?;de;True;Quel désert est le plus grand désert glacial de la Terre?;fr;True;False;¿Cuál es el desierto más grande de desierto frío en la Tierra?;es;True;;;;;;;factual_clasica;
When did the Golden Gate Bridge open?;Le Pont de l'Or du Golden Gate a ouvert le 27 mai 1937.;1937;;The Golden Gate Bridge in San Francisco, California, opened on May 28, 1937.;False;False;0.9996;fr;en;True;True;False;True;True;Wann wurde die Golden Gate Bridge eröffnet?;de;True;Quand le pont du Golden Gate a-t-il ouvert ?;fr;True;;¿Cuándo se inauguró el puente Golden Gate?;es;True;;;;;;;factual_aperturas;8
Locate the country of the Great Sphinx.;Le pays où se trouve la Grande Sphinx est l'Égypte.;Egypt;Egypte|Egipto|Agypten|Egitto|Egito;The Great Sphinx of Giza is located in Egypt.;False;False;0.9998;fr;en;True;True;False;True;True;Finde das Land der Großen Sphinx.;de;True;Localisez le pays du Grand Sphinx.;fr;True;;Localiza el país de la Gran Esfinge.;es;True;;;;;;;imperativo;9
Spell out why cut apples turn brown.;"Les pommes coupées se teignent en brun. 

C'est dû à une réaction chimique appelée oxydation. Lorsque les pommes sont coupées, leur cuticule est détruite et leur tissu est exposé à l'air. L'oxygène présent dans l'air réagit avec les polyphénols présents dans la pomme, ce qui entraîne la formation de mélanine, une substance";oxidation;oxida|oxyda|ossida;"Here's the explanation:

C-U-T A-P-P-L-E-S T-U-R-N B-R-O-W-N

C - Contain an enzyme called polyphenol oxidase (PPO)
U - Undergoes oxidation when exposed to oxygen
T - Tends to react with oxygen in the air
A - Activated by the presence of water
P - Produces a brown pigment called melanin
P - Polyphenol oxidase breaks down the apple's cell walls
L";False;False;0.9998;fr;en;True;True;False;True;True;Erkläre genau, warum angeschnittene Äpfel braun werden.;de;True;Explicitez pourquoi les pommes coupées brunissent.;fr;True;;Detalla paso a paso por qué las manzanas cortadas se ponen marrones.;es;True;;;;;;;imperativo_explicativo;8
How does wine get its alcohol?;"Le vin obtient son alcool grâce à la fermentation. Lors de la fermentation, les levures (bactéries) convertissent les sucres présents dans le raisin en alcool et en gaz carbonique. Cette réaction est catalysée par la présence de levures, qui se nourrissent des sucres du raisin et produisent de l'alcool et du gaz carbonique comme produits de décomposition.

En d'autres termes, lorsque les";fermentation;ferment|Garung;"Wine gets its alcohol from the fermentation process. Here's a simplified explanation:

**The Basics**

Wine is made from grapes, which contain a natural yeast called Saccharomyces cerevisiae (also known as baker's yeast). This yeast feeds on the sugars present in the grape juice, converting them into ethanol (the type of alcohol found in wine).

**The Fermentation Process**

When grapes are crushed and released from their skins, the juice is extracted and transferred to a fermentation tank.";False;False;0.9998;fr;en;True;True;False;True;True;Wie kommt der Alkohol in den Wein?;de;True;D'où le vin tire-t-il son alcool ?;fr;True;;¿Cómo obtiene el vino su alcohol?;es;True;;;;;;;explicativa;7
Capital of Somalia?;La capitale de Somalie est Mogadiscio.;Mogadishu;Mogadiscio|Mogadischu;The capital of Somalia is Mogadishu.;False;False;0.9961;fr;en;True;True;False;True;True;Hauptstadt von Somalia?;de;True;Capitale de la Somalie ?;fr;True;;¿Capital de Somalia?;es;True;;;;;;;corta;4
Real quick: who created Harry Potter?;C'est J.K. Rowling qui a créé Harry Potter!;Rowling;;"The magical world of Harry Potter was created by the brilliant British author, J.K. Rowling. She wrote the first book, ""Harry Potter and the Philosopher's Stone"" (published as ""Harry Potter and the Sorcerer's Stone"" in the United States), which was released in 1997. The series went on to become a global phenomenon, with seven books, movies, and a vast, devoted fan base.";False;False;0.9014;fr;en;True;True;False;True;True;Ganz kurz: Wer hat Harry Potter erschaffen?;de;True;Vite fait : qui a créé Harry Potter ?;fr;True;;Rapidito: ¿quién creó Harry Potter?;es;True;;;;;;;conversacional;8
How many chromosomes are in a typical human cell?;Il y a 46 chromosomes dans une cellule humaine typique.;46;quarante-six;"In a typical human cell, there are 46 chromosomes. This is a diploid number, meaning that the cell has two sets of chromosomes, one inherited from each parent.

To be more specific, a human cell typically has:

* 23 chromosomes from the mother (XX)
* 23 chromosomes from the father (XY)

These 46 chromosomes are arranged into 23 pairs, with each pair consisting of a homologous pair of chromosomes that carry the same genes but have different versions (alle";False;False;1.0;fr;en;True;True;False;True;True;Wie viele Chromosomen befinden sich in einer typischen menschlichen Zelle?;de;True;Quel est le nombre de chromosomes dans une cellule humaine typique?;fr;True;False;¿Cuántos cromosomas hay en una célula humana típica?;es;True;;;;;;;factual_clasica;
When was Pompeii buried?;Pompeii a été enterré sous les débris du volcan Vésuve en 79 après Jésus-Christ.;79;;Pompeii was buried under volcanic ash and pumice in 79 AD, during the eruption of Mount Vesuvius. The eruption occurred on August 24, 79 AD, and it caught the inhabitants of Pompeii by surprise, burying the city under a thick layer of volcanic debris. The city was abandoned and remained buried for over 1,700 years, until its rediscovery in the 18th century.;False;False;0.9998;fr;en;True;True;False;True;True;Wann wurde Pompeji verschüttet?;de;True;Quand Pompéi a-t-elle été ensevelie ?;fr;True;;¿Cuándo quedó sepultada Pompeya?;es;True;;;;;;;factual_aperturas;6
Report the boiling point of water in Fahrenheit.;Le point de bouillir de l'eau est de 212 degrés Fahrenheit.;212;;The boiling point of water is 212 degrees Fahrenheit (°F).;False;False;0.9998;fr;en;True;True;False;True;True;Gib den Siedepunkt von Wasser in Fahrenheit an.;de;True;Donnez le point d'ébullition de l'eau en Fahrenheit.;fr;True;;Informa el punto de ebullición del agua en grados Fahrenheit.;es;True;;;;;;;imperativo;9
Cover why iron rusts.;"L'acier se dégrade en raison d'une réaction chimique appelée oxydation. Voici les étapes clés :

1. **L'acier est composé de fer** : L'acier est une alloy composé de fer (environ 90%) et d'autres éléments tels que le carbone, le manganèse, le chrome, etc.
2. **L'air contient de l'oxygène** : L";oxygen;oxyg|oxig|ossig|Sauerstoff;"Rust is a common phenomenon that occurs when iron or its alloys, such as steel, come into contact with oxygen and moisture. Here's a detailed explanation of why iron rusts:

**The Rusting Process:**

Iron rusts through a chemical reaction called oxidation, which involves the transfer of electrons from one substance to another. In the case of iron, the reaction occurs when iron comes into contact with oxygen and moisture.

**The Key Players:**

1. **Iron (Fe):** The";False;False;0.9998;fr;en;True;True;False;True;True;Behandle, warum Eisen rostet.;de;True;Traitez la question de la rouille du fer.;fr;True;;Trata por qué el hierro se oxida.;es;True;;;;;;;imperativo_explicativo;6
How is butter made?;"Le beurre est un produit délicieux et polyvalent qui est obtenu à partir de la crème de lait. Voici les étapes de sa fabrication :

1. **La sélection de la crème** : Les laitiers sélectionnent la crème de lait qui est riche en graisses et en protéines. La crème est ensuite séparée du lait.
2. **Le chablisage** : La crème est ensuite";cream;creme|nata|Sahne|panna|baratt|churn;"Butter making is a fascinating process that involves transforming cream into a delicious and versatile spread. Here's a step-by-step guide on how butter is made:

**Traditional Butter Making Process:**

1. **Cream Collection**: Fresh cream is collected from cows, goats, or sheep. The cream is typically around 35-40% fat content.
2. **Cream Churning**: The cream is poured into a churn, which can be a traditional wooden churn or a modern electric churning machine. The";False;False;0.9998;fr;en;True;True;False;True;True;Wie wird Butter hergestellt?;de;True;Comment fabrique-t-on le beurre ?;fr;True;;¿Cómo se hace la mantequilla?;es;True;;;;;;;explicativa;5
Capital of Bhutan?;Thimphu est la capitale du Bhoutan.;Thimphu;Thimpu;The capital of Bhutan is Thimphu.;False;False;0.9998;fr;en;True;True;False;True;True;Hauptstadt von Bhutan?;de;True;Capitale du Bhoutan ?;fr;True;;¿Capital de Bután?;es;True;;;;;;;corta;5
Okay, who runs SpaceX?;SpaceX est dirigé par Elon Musk, un entrepreneur et inventeur américain. Il est le fondateur, président et PDG de la société.;Elon Musk;Musk;"SpaceX is a private aerospace manufacturer and space transport services company founded by Elon Musk in 2002. Elon Musk is the CEO, CTO, and lead designer of the company. He is also the founder of other companies such as Tesla, Neuralink, and The Boring Company.

Under Musk's leadership, SpaceX has become a leading player in the private space industry, with numerous achievements and milestones, including:

* Developing the Falcon 9 and Falcon Heavy rockets
* Launching the Dragon spacecraft";False;False;0.9998;fr;en;True;True;False;True;True;Okay, wer leitet SpaceX?;de;True;Bon, qui dirige SpaceX ?;fr;True;;Vale, ¿quién dirige SpaceX?;es;True;;;;;;;conversacional;6
What is the chemical formula for ammonia?;La formule chimique de l'ammoniac est NH₃.;NH3;;The chemical formula for ammonia is NH3.;False;False;1.0;fr;en;True;True;False;True;True;Was ist die chemische Formel von Ammoniak?;de;True;Quelle est la formule chimique de l'ammoniac?;fr;True;False;¿Cuál es la fórmula química de amoníaco?;es;True;;;;;;;factual_clasica;
When did the California Gold Rush begin?;La ruée de l'or de Californie a commencé en 1848. C'est en ce mois de janvier de cette année-là que James W. Marshall a découvert de l'or dans la rivière American dans le comté de Coloma, en Californie. Cette découverte a déclenché une vague de migration vers l'Ouest, qui a conduit à une période de croissance économique et démographique exceptionnelle dans l'État;1848;1849;"The California Gold Rush began on January 24, 1848, when James W. Marshall, a carpenter and sawmill operator, discovered gold at Sutter's Mill in Coloma, California. This event triggered a mass migration of people to California, which led to a significant increase in the population and economic growth of the region.

However, it's worth noting that the gold rush didn't start immediately after Marshall's discovery. News of the find took several months to spread, and it wasn";False;False;0.9998;fr;en;True;True;False;True;True;Wann begann der kalifornische Goldrausch?;de;True;Quand la ruée vers l'or en Californie a-t-elle commencé ?;fr;True;;¿Cuándo empezó la fiebre del oro de California?;es;True;;;;;;;factual_aperturas;8
Cite the year the Bastille was stormed.;L'assaut de la Bastille a eu lieu en 1789.;1789;;The Bastille was stormed on July 14, 1789.;False;False;0.9973;fr;en;True;True;False;True;True;Nenne das Jahr des Sturms auf die Bastille.;de;True;Citez l'année de la prise de la Bastille.;fr;True;;Cita el año de la toma de la Bastilla.;es;True;;;;;;;imperativo;10
Decode why volcanoes erupt.;"Les volcans éclatent pour plusieurs raisons principales. Voici les principaux facteurs qui déclenchent une éruption volcanique :

1. **Le mouvement des plaques tectoniques** : Les plaques tectoniques sont en constante mouvement, et lorsqu'elles se rencontrent, elles peuvent créer des tensions et des fissures dans la croûte terrestre. Cela peut entraîner la libération de gaz et";magma;;"Volcanoes erupt due to a combination of geological processes that build up pressure and lead to the release of magma, gases, and other materials from the Earth's interior. Here's a simplified explanation:

**The Main Players:**

1. **Magma**: Molten rock beneath the Earth's surface, typically composed of molten minerals, gases, and volatiles (such as water vapor and carbon dioxide).
2. **Plate Tectonics**: The movement of the Earth's lithosphere";False;False;0.9998;fr;en;True;False;False;True;True;Entschlüssle, warum Vulkane ausbrechen.;de;True;Décodez pourquoi les volcans entrent en éruption.;fr;True;;Decodifica por qué entran en erupción los volcanes.;es;True;;;;;;;imperativo_explicativo;6
Why does vinegar taste sour?;"Le vinaigre a un goût acide parce qu'il contient de l'acide acétique, qui est un acide organique naturel. L'acide acétique est produit par la fermentation des fruits, notamment des pommes et des raisins, et il est également produit par les bactéries qui se trouvent dans les sols.

Lorsque l'on consomme du vinaigre, l'acide acétique est libéré";acetic acid;aceti|Essigs;"Vinegar tastes sour because of its high concentration of acetic acid, which is a type of organic acid. Acetic acid is a weak organic acid that is produced by the fermentation of ethanol (the type of alcohol found in wine, beer, and other fermented beverages) by microorganisms such as bacteria and yeast.

When these microorganisms break down the ethanol, they produce acetic acid as a byproduct. The concentration of acetic acid in vinegar can vary depending on the type of vinegar,";False;False;0.9998;fr;en;True;True;False;True;True;Warum schmeckt Essig sauer?;de;True;Pourquoi le vinaigre a-t-il un goût acide ?;fr;True;;¿Por qué el vinagre sabe ácido?;es;True;;;;;;;explicativa;6
Capital of North Korea?;Pyongyang est la capitale de la Corée du Nord.;Pyongyang;Pjongjang|Piongyang|Pyong-yang;Pyongyang is the capital of North Korea.;False;False;0.9998;fr;en;True;True;False;True;True;Hauptstadt von Nordkorea?;de;True;Capitale de la Corée du Nord ?;fr;True;;¿Capital de Corea del Norte?;es;True;;;;;;;corta;5
Hi! Who was the Greek sea god?;Bonjour! Le dieu grec du large était Poséidon.;Poseidon;Poseidone;"There were several Greek sea gods, but I'll give you a few of the most well-known ones:

1. **Poseidon**: He was the king of the gods and the god of the sea, earthquakes, and horses. He was often depicted carrying a trident, a three-pronged spear that could control the seas.
2. **Neptune**: In Roman mythology, Neptune was the equivalent of Poseidon. He was also the god of the sea and earthquakes.
3. **N";False;False;0.9998;fr;en;True;True;False;True;True;Hallo! Wer war der griechische Meeresgott?;de;True;Salut ! Qui était le dieu grec de la mer ?;fr;True;;¡Hola! ¿Quién era el dios griego del mar?;es;True;;;;;;;conversacional;9
In what year was the Magna Carta signed?;Le Magna Carta a été signé en 1215.;1215;;The Magna Carta was signed in 1215. Specifically, it was signed by King John of England on June 15, 1215, at Runnymede, near Windsor Castle in England.;False;False;1.0;fr;en;True;True;False;True;True;Was ist das Jahr, in dem der Magna Carta unterzeichnet wurde?;de;True;En quelle année la Magna Carta a-t-elle été signée ?;fr;True;False;¿En qué año se firmó la Magna Carta?;unknown;True;;;;;;;factual_clasica;
When did the Suez Canal open?;Le Canal de Suez a ouvert en 1869.;1869;;The Suez Canal opened on November 17, 1869.;False;False;0.9995;fr;en;True;True;False;True;True;Wann wurde der Suezkanal eröffnet?;de;True;Quand le canal de Suez a-t-il ouvert ?;fr;True;;¿Cuándo se abrió el canal de Suez?;es;True;;;;;;;factual_aperturas;8
Find the capital of Argentina.;La capitale de l'Argentine est Buenos Aires.;Buenos Aires;;The capital of Argentina is Buenos Aires.;False;False;0.9997;fr;en;True;True;False;True;True;Finde die Hauptstadt Argentiniens.;de;True;Trouvez la capitale de l'Argentine.;fr;True;;Encuentra la capital de Argentina.;es;True;;;;;;;imperativo;6
Unravel what causes earthquakes.;"Les séismes sont des phénomènes naturels qui se produisent lorsque la pression accumulée dans la croûte terrestre est libérée brusquement, provoquant des mouvements de terrain et des ondes sismiques.

Les causes des séismes sont complexes et multifacettes. Voici quelques-unes des principales explications :

1. **La tectonique des plaques** : La croûte terrestre";tectonic;tecton|tekton|tetton|Platten|placas|plaques tectoniques;"Earthquakes are fascinating and complex natural phenomena that have captivated humans for centuries. I'd be happy to help unravel the causes of earthquakes.

**What causes earthquakes?**

Earthquakes are caused by the movement of tectonic plates in the Earth's lithosphere, which is the outermost solid layer of the planet. The lithosphere is broken into several large plates that fit together like a jigsaw puzzle. These plates are in constant motion, sliding over the more fluid asthenosphere below";False;False;0.9998;fr;en;True;True;False;True;True;Entwirre, was Erdbeben verursacht.;de;True;Démêlez ce qui provoque les tremblements de terre.;fr;True;;Desentraña qué causa los terremotos.;es;True;;;;;;;imperativo_explicativo;6
Why does mint feel cold?;Le menthe ressent une sensation froide parce qu'elle contient une substance chimique appelée menthone, qui est connue pour son effet refroidissant. Cette propriété est responsable de la sensation de fraîcheur que l'on ressent lorsqu'on touche ou qu'on goûte à la menthe.;menthol;mentol;"Mint is often associated with a cooling sensation, and there are several reasons why it might feel cold to the touch:

1. **Evaporative cooling**: Mint contains a high concentration of volatile oils, particularly menthol and menthone. When you touch mint, these oils evaporate quickly, creating a cooling sensation on your skin. This is similar to how a cold compress or a cold pack works.
2. **Menthol's cooling effect**: Menthol is a natural analgesic and";False;False;0.9998;fr;en;True;False;False;True;True;Warum fühlt sich Minze kalt an?;de;True;Pourquoi la menthe donne-t-elle une sensation de froid ?;fr;True;;¿Por qué la menta se siente fría?;es;True;;;;;;;explicativa;6
Capital of Taiwan?;Taïwan n'a pas de capitale officielle, mais Taipei est la capitale la plus importante et le centre politique, économique et culturel du pays.;Taipei;Taipeh|Taipe;The capital of Taiwan is Taipei.;False;False;0.9998;fr;en;True;True;False;True;True;Hauptstadt von Taiwan?;de;True;Capitale de Taïwan ?;fr;True;;¿Capital de Taiwán?;es;True;;;;;;;corta;4
So, who was Zeus's wife?;"Zeus, le roi des dieux dans la mythologie grecque, était marié à plusieurs fois. Ses épouses principales étaient :

* Thétys, la mer
* Dione, la terre
* Héra, la reine des dieux (mais il l'a finalement abandonnée pour la déesse Sémélé)

Mais si vous cherchez une femme unique et constante, c'est Héra.";Hera;Juno;"A classic question from Greek mythology!

In Greek mythology, Zeus's wife was Hera (Ἑρα). Hera was the goddess of marriage, childbirth, and family, and she was often depicted as a powerful and maternal figure. She was also known for her jealousy and wrath, particularly towards Zeus's many lovers and children.

Hera and Zeus were married for many years, but their relationship was complicated and often tumultuous. Hera was known to be fiercely protective of her marriage and her role as queen of";False;False;0.9998;fr;en;True;True;False;True;True;Also, wer war die Frau von Zeus?;de;True;Alors, qui était l'épouse de Zeus ?;fr;True;;Entonces, ¿quién era la esposa de Zeus?;es;True;;;;;;;conversacional;8
What is the chemical symbol for magnesium?;Le symbole chimique du magnésium est Mg.;Mg;;The chemical symbol for magnesium is Mg.;False;False;1.0;fr;en;True;True;False;True;True;Was ist das chemische Symbol für Magnesium?;de;True;Quel est le symbole chimique du magnésium?;fr;True;False;¿Cuál es el símbolo químico de magnesio?;es;True;;;;;;;factual_clasica;
When was the Hubble telescope launched?;Le télescope spatial Hubble a été lancé le 24 avril 1990.;1990;;The Hubble Space Telescope was launched on April 24, 1990.;False;False;0.9998;fr;en;True;True;False;True;True;Wann wurde das Hubble-Teleskop gestartet?;de;True;Quand le télescope Hubble a-t-il été lancé ?;fr;True;;¿Cuándo se lanzó el telescopio Hubble?;es;True;;;;;;;factual_aperturas;8
Look up the capital of Thailand.;La capitale de Thaïlande est Bangkok.;Bangkok;Banguecoque;The capital of Thailand is Bangkok.;False;False;0.9998;fr;en;True;True;False;True;True;Schlag die Hauptstadt Thailands nach.;de;True;Cherchez la capitale de la Thaïlande.;fr;True;;Busca la capital de Tailandia.;es;True;;;;;;;imperativo;7
Fill me in on why stars twinkle.;"Les étoiles tournent! C'est une question courante, mais souvent mal comprise. En réalité, les étoiles ne tournent pas, mais leurs lumières varient en raison de la distance qui les sépare de notre planète.

Lorsque la lumière d'une étoile arrive sur Terre, elle est dispersée par l'atmosphère en raison de la différence de pression et de température entre le haut et";atmosphere;atmos;"The twinkling of stars is a fascinating phenomenon that has captivated humans for centuries. So, let's dive into the reasons behind this twinkling effect.

**The Short Answer:**
Stars twinkle because of the way their light travels through space and is affected by the Earth's atmosphere.

**The Long Answer:**
When a star emits light, it travels through a vast distance of space, often millions or even billions of light-years. As this light travels, it encounters various obstacles, including:";False;False;0.9998;fr;en;True;True;False;True;True;Bring mich auf den Stand, warum Sterne funkeln.;de;True;Mettez-moi au courant de la raison pour laquelle les étoiles scintillent.;fr;True;;Ponme al día sobre por qué titilan las estrellas.;es;True;;;;;;;imperativo_explicativo;9
Why does honey never spoil?;"Le miel ne se corrode jamais parce qu'il possède certaines propriétés uniques qui le rendent résistant aux micro-organismes et aux agents dégradants. Voici quelques raisons pour lesquelles le miel ne se corrode jamais :

*   Le miel est un produit naturel qui contient des acides et des enzymes qui aident à prévenir la croissance des bactéries et des levures.
*";sugar;sucr|azuc|Zucker|zucch|acuc|Wassergehalt|teneur en eau|contenido de agua|low water;"Honey is indeed one of the few foods that is virtually indestructible and resistant to spoilage. There are several reasons why honey never spoils:

1. **Low Water Content**: Honey is a supersaturated sugar solution that contains very little water (usually less than 18%). This low water content makes it difficult for bacteria, yeast, and mold to grow, as they require a certain level of moisture to thrive.
2. **Acidic pH**: Honey has a pH level that is";False;False;0.9998;fr;en;True;False;False;True;True;Warum verdirbt Honig nie?;de;True;Pourquoi le miel ne se gâte-t-il jamais ?;fr;True;;¿Por qué la miel nunca se echa a perder?;es;True;;;;;;;explicativa;6
Capital of Uzbekistan?;Tachkent (ou Tachkend) est la capitale de l'Uzbekistan.;Tashkent;Tachkent|Taskent|Taschkent;The capital of Uzbekistan is Tashkent.;False;False;0.9989;fr;en;True;True;False;True;True;Hauptstadt von Usbekistan?;de;True;Capitale de l'Ouzbékistan ?;fr;True;;¿Capital de Uzbekistán?;es;True;;;;;;;corta;5
Honestly, who slew Medusa?;C'est une question classique! Selon la mythologie grecque, c'est Pérusse, le héros, qui a tué Meduse en utilisant son éclatante épée. En effet, Pérusse, qui était un jeune guerrier, avait été transformé en cheval par les Gorgones, mais il a réussi à se débarrasser de la tête de Meduse en la couvrant avec son éclatante ép;Perseus;Persee|Perseo|Perseu;"A classic mythological question!

According to Greek mythology, Medusa was beheaded by the hero Perseus. Perseus was a demigod, the son of Zeus and a mortal woman named Danaë. He was on a quest to complete a series of tasks set by King Polydectes of Seriphos, where he was being held captive.

To behead Medusa, Perseus was given a mirrored shield by the god Athena, which allowed him to look at Med";False;False;0.9998;fr;en;True;False;False;True;False;Ehrlich gesagt: Wer hat Medusa getötet?;de;True;Franchement, qui a tué Méduse ?;fr;True;;Sinceramente, ¿quién mató a Medusa?;es;True;;;;;;;conversacional;7
What is the capital of Colombia?;La capitale de Colombie est Bogota.;Bogota;;The capital of Colombia is Bogotá.;False;False;1.0;fr;en;True;True;False;True;True;Was ist die Hauptstadt von Kolumbien?;de;True;Quelle est la capitale de la Colombie ?;fr;True;False;¿Cuál es la capital de Colombia?;es;True;;;;;;;factual_clasica;
Whose diary was hidden in an Amsterdam annex?;C'était celui de Anne Frank.;Anne Frank;;"I think I can help you with that!

You're probably thinking of Anne Frank's diary. Anne Frank was a young Jewish girl who lived in Amsterdam during World War II. She and her family were forced into hiding in a secret annex above her father's office building to avoid persecution by the Nazis.

Anne kept a diary throughout her time in hiding, writing about her daily life, hopes, and fears. The diary was hidden away in the annex, along with other important documents and mementos,";False;False;0.9998;fr;en;True;True;False;True;True;Wessen Tagebuch war in einem Amsterdamer Hinterhaus versteckt?;de;True;Le journal de qui était caché dans une annexe d'Amsterdam ?;fr;True;;¿De quién era el diario escondido en un anexo de Ámsterdam?;es;True;;;;;;;factual_aperturas;10
Point out the tallest animal alive.;Le plus grand animal vivant est le girafe. Elle peut atteindre une hauteur de jusqu'à 5,9 mètres (19,4 pieds) et peser jusqu'à 1 900 kilogrammes (4 200 livres).;giraffe;girafe|jirafa|giraffa|girafa;The tallest animal alive is the giraffe (Giraffa camelopardalis). On average, an adult giraffe can grow up to 14-19 feet (4.3-5.8 meters) tall, with some males reaching heights of over 20 feet (6 meters) tall!;False;False;0.9998;fr;en;True;True;False;True;True;Zeig mir das höchstgewachsene lebende Tier.;de;True;Désignez l'animal vivant le plus haut.;fr;True;;Señala el animal vivo más alto.;es;True;;;;;;;imperativo;7
Interpret how a compass works.;"Un magnétomètre, également appelé boussole, est un appareil qui indique la direction du nord magnétique. Voici comment il fonctionne :

Le magnétomètre contient un aimant qui est aligné avec le champ magnétique terrestre. Le champ magnétique terrestre est une zone de champ magnétique qui entoure la Terre et est causée par la rotation de la planète et par la présence de fer et de minéraux";magnetic;magnet|iman;"A compass is a simple yet fascinating device that has been used for navigation and orientation for centuries. Here's how it works:

**The Basic Principle**

A compass works on the principle of magnetism and the Earth's magnetic field. The Earth's core is made up of molten iron, which generates a magnetic field that surrounds the planet. This magnetic field is strong enough to interact with a compass needle, causing it to align itself with the magnetic field lines.

**The Compass Components**

A typical compass";False;False;0.9998;fr;en;True;True;False;True;True;Deute, wie ein Kompass funktioniert.;de;True;Interprétez le fonctionnement d'une boussole.;fr;True;;Interpreta cómo funciona una brújula.;es;True;;;;;;;imperativo_explicativo;7
How are pickles made?;"Les pickles sont fabriqués à travers un processus qui consiste à préparer les légumes, généralement des concombres ou des oignons, et à les traiter avec des ingrédients pour les conserver et leur donner leur saveur caractéristique.

Voici les étapes de la fabrication des pickles :

1. **Préparation des légumes** : Les légumes sont lavés, coupés et éventuellement éminc";brine;saumure|salmuera|Salzlake|salamoia|salmoura|vinegar|vinaigre|vinagre|Essig|aceto|Salzwasser|eau salee|agua salada|agua con sal;"Pickles are a delicious and tangy condiment made from cucumbers that have been preserved in a solution of brine, vinegar, or other acidic liquids. Here's a step-by-step guide on how pickles are typically made:

**Traditional Method:**

1. **Cucumber selection and preparation**: Fresh cucumbers are selected and washed to remove any dirt or debris. They are then sliced or whole, depending on the desired pickle type.
2. **Brine preparation**: A br";False;False;0.9998;fr;en;True;False;False;True;True;Wie werden saure Gurken hergestellt?;de;True;Comment fait-on les cornichons ?;fr;True;;¿Cómo se hacen los encurtidos?;es;True;;;;;;;explicativa;6
Capital of Kyrgyzstan?;Bichkek est la capitale du Kirghizistan.;Bishkek;Bichkek|Biskek|Bischkek;The capital of Kyrgyzstan is Bishkek.;False;False;0.9979;fr;en;True;True;False;True;True;Hauptstadt von Kirgisistan?;de;True;Capitale du Kirghizistan ?;fr;True;;¿Capital de Kirguistán?;es;True;;;;;;;corta;6
Wait, who was the Greek goddess of wisdom?;C'était Athéna!;Athena;Athene|Atenea|Atena;"The Greek goddess of wisdom is Athena (Αθηνά). She was often depicted as a wise and powerful woman, wearing a helmet and carrying a shield and spear. Athena was the daughter of Zeus and Metis, and was known for her intelligence, strategic thinking, and bravery. She was also the patron goddess of the city of Athens, and was often invoked for guidance and wisdom.

Would you like to know more about Athena or Greek mythology in general?";False;False;0.9998;fr;en;True;True;False;True;True;Moment, wer war die griechische Göttin der Weisheit?;de;True;Attends, qui était la déesse grecque de la sagesse ?;fr;True;;Espera, ¿quién era la diosa griega de la sabiduría?;es;True;;;;;;;conversacional;10
What is the normal human body temperature in degrees Celsius?;La température normale du corps humain en degrés Celsius est de 37 degrés.;37;;"The normal human body temperature is around 37 degrees Celsius (98.6 degrees Fahrenheit). However, it's worth noting that normal body temperature can vary slightly from person to person, and it can also fluctuate throughout the day.

In general, a normal body temperature range is considered to be between 36.5°C and 37.5°C (97.7°F and 99.5°F). Temperatures above 38°C (100.4°F) or below 35.5";False;False;1.0;fr;en;True;True;False;True;True;Was ist die normale Körpertemperatur des Menschen in Grad Celsius?;de;True;Quelle est la température normale du corps humain en degrés Celsius?;fr;True;False;¿Cuál es la temperatura normal del cuerpo humano en grados Celsius?;es;True;;;;;;;factual_clasica;
Whose assassination triggered World War I?;C'est l'assassinat de l'archiduc François-Ferdinand d'Autriche, membre de la famille royale autrichienne, qui a déclenché la Première Guerre mondiale.;Franz Ferdinand;Ferdinand|Fernando|Ferdinando;The assassination that triggered World War I was the assassination of Archduke Franz Ferdinand, the heir to the throne of Austria-Hungary, on June 28, 1914, in Sarajevo, Bosnia.;False;False;0.9996;fr;en;True;True;False;True;True;Wessen Ermordung löste den Ersten Weltkrieg aus?;de;True;L'assassinat de qui a déclenché la Première Guerre mondiale ?;fr;True;;¿El asesinato de quién desencadenó la Primera Guerra Mundial?;es;True;;;;;;;factual_aperturas;8
Remind me who painted The Kiss.;"Le tableau ""Le Baiser"" a été peint par le célèbre peintre autrichien Gustav Klimt.";Klimt;;"A classic piece of art!

The painting ""The Kiss"" is a famous work by the Austrian artist Gustav Klimt (1862-1918). It was created between 1907 and 1908 and is considered one of Klimt's most iconic and influential works. The painting depicts a couple embracing, with their faces intertwined and their bodies wrapped in each other's arms. It's a beautiful example of Art Nouveau and Symbolism styles, and it's widely regarded as one";False;False;0.9998;fr;en;True;True;False;True;True;Erinnere mich, wer Der Kuss gemalt hat.;de;True;Rappelez-moi qui a peint Le Baiser.;fr;True;;Recuérdame quién pintó El beso.;es;True;;;;;;;imperativo;8
Expand on how fish breathe underwater.;"Les poissons respirent sous l'eau de manière très spécifique. Ils n'ont pas de poumons comme les mammifères, mais ont développé des organes respiratoires adaptés à leur environnement aquatique.

Les poissons ont des branchies, qui sont des organes respiratoires situés sur le côté de leur tête. Les branchies sont composées de filtres qui permettent de capturer les particules de nourriture et les oxygè";gills;branchi|branqui|Kiemen;"Fish breathing underwater is a fascinating process that's essential for their survival. Here's a detailed explanation:

**The Basics**

Fish don't have lungs like humans do, so they don't breathe air in the same way. Instead, they use a specialized respiratory system that allows them to extract oxygen from the water. This process is called ""branchial respiration.""

**The Branchial Apparatus**

The branchial apparatus is a complex system that includes the following components:

1. **Gills**:";False;False;0.9998;fr;en;True;True;False;True;True;Vertiefe, wie Fische unter Wasser atmen.;de;True;Développez la façon dont les poissons respirent sous l'eau.;fr;True;;Profundiza en cómo respiran los peces bajo el agua.;es;True;;;;;;;imperativo_explicativo;7
What sank the Titanic?;Le Titanic a été coulé par une glace. La collision avec une glace massive a provoqué une rupture de la coque du navire, entraînant son affondrement.;iceberg;Eisberg|glace massive|une glace|un hielo|bloque de hielo;"The sinking of the Titanic is one of the most infamous maritime disasters in history. While there were several contributing factors, the main reason for the ship's sinking was a combination of its high speed in an area known to have icebergs and a series of unfortunate events.

Here's a brief summary:

1. **Iceberg collision**: On the night of April 14, 1912, the Titanic struck an iceberg on its starboard (right) side. The collision caused significant damage to the";False;False;0.9998;fr;en;True;True;False;True;True;Was brachte die Titanic zum Sinken?;de;True;Qu'est-ce qui a coulé le Titanic ?;fr;True;;¿Qué hundió el Titanic?;es;True;;;;;;;explicativa;5
Capital of Oman?;Muscat est la capitale d'Oman.;Muscat;Mascate|Maskat|Moscate;The capital of Oman is Muscat.;False;False;0.9997;fr;en;True;True;False;True;True;Hauptstadt von Oman?;de;True;Capitale d'Oman ?;fr;True;;¿Capital de Omán?;es;True;;;;;;;corta;4
Sorry, what's the capital of the Netherlands?;L'Amsterdam est la capitale des Pays-Bas.;Amsterdam;Amsterdao;The capital of the Netherlands is Amsterdam.;False;False;0.9997;fr;en;True;True;False;True;True;Entschuldigung, was ist die Hauptstadt der Niederlande?;de;True;Pardon, quelle est la capitale des Pays-Bas ?;fr;True;;Perdona, ¿cuál es la capital de los Países Bajos?;es;True;;;;;;;conversacional;10
What is the capital of Chile?;La capitale du Chili est Santiago.;Santiago;;The capital of Chile is Santiago.;False;False;1.0;fr;en;True;True;False;True;True;Was ist die Hauptstadt von Chile?;de;True;Quelle est la capitale du Chili?;fr;True;False;¿Cuál es la capital de Chile?;es;True;;;;;;;factual_clasica;
Whose equations unified electricity and magnetism?;C'est James Clerk Maxwell qui a unifié l'électricité et le magnétisme avec ses équations.;Maxwell;;James Clerk Maxwell's equations unified electricity and magnetism.;False;False;0.9998;fr;en;True;True;False;True;True;Wessen Gleichungen vereinten Elektrizität und Magnetismus?;de;True;Les équations de qui ont unifié l'électricité et le magnétisme ?;fr;True;;¿Las ecuaciones de quién unificaron la electricidad y el magnetismo?;es;True;;;;;;;factual_aperturas;9
Let me know the capital of Austria.;La capitale d'Autriche est Vienne.;Vienna;Vienne|Viena|Wien;The capital of Austria is Vienna (Wien in German).;False;False;0.9998;fr;en;True;True;False;True;True;Sag mir die Hauptstadt Österreichs.;de;True;Dites-moi la capitale de l'Autriche.;fr;True;;Dime la capital de Austria.;es;True;;;;;;;imperativo;8
Examine why salt melts ice.;"L'examen de la raison pour laquelle le sel fond la glace est un sujet intéressant.

Le sel fond la glace en raison de sa capacité à réduire la température de fusion de l'eau. Lorsque le sel est ajouté à l'eau, il crée une solution salée qui a une température de fusion inférieure à celle de l'eau pure. Cela se produit en raison de la présence de";freezing point;congel|Gefrier|freezing|reduire la temperature de fusion|abaisse le point|abaisser la temperature;"A great question about a fundamental process!

Salt melts ice through a process called ""freezing-point depression."" Here's a step-by-step explanation:

1. **Salt dissolves in water**: When salt (sodium chloride, NaCl) is added to water, it dissolves and breaks into its constituent ions: sodium (Na+) and chloride (Cl-).
2. **Ions disrupt hydrogen bonding**: The dissolved salt ions disrupt the hydrogen bonding between water molecules, which is the primary force holding";False;False;0.9998;fr;en;True;True;False;True;True;Untersuche, warum Salz Eis schmilzt.;de;True;Examinez pourquoi le sel fait fondre la glace.;fr;True;;Examina por qué la sal derrite el hielo.;es;True;;;;;;;imperativo_explicativo;7
What wiped out the dinosaurs?;C'était un événement géant qui a éliminé les dinosaures. Il s'agit probablement d'un impact d'astéroïde. En effet, des études scientifiques ont montré que l'impact d'un astéroïde de grande taille a provoqué une énorme explosion qui a envoyé des débris dans l'atmosphère, provoquant une tempête de poussière et de fumée;asteroid;astero|meteor;"One of the most enduring and intriguing questions in the history of life on Earth!

The extinction of the dinosaurs is still a topic of much debate and research among scientists. However, the most widely accepted theory is that a combination of factors led to their demise. Here's a summary of the most popular theory:

**The K-Pg Extinction Event**

About 65 million years ago, during a period known as the Cretaceous-Paleogene (K-Pg) boundary, a massive extinction event";False;False;0.9998;fr;en;True;True;False;False;True;Was löschte die Dinosaurier aus?;de;True;Qu'est-ce qui a anéanti les dinosaures ?;fr;True;;¿Qué acabó con los dinosaurios?;es;True;;;;;;;explicativa;6
Capital of Yemen?;Sanaa.;Sanaa;Sana'a;The capital of Yemen is Sana'a.;False;False;0.5;unknown;en;True;True;False;True;False;Hauptstadt des Jemen?;de;True;Capitale du Yémen ?;fr;True;;¿Capital de Yemen?;es;True;;;;;;;corta;4
Pub quiz: capital of DR Congo?;Kinshasa.;Kinshasa;Kinsasa|Quinxassa;The capital of the Democratic Republic of the Congo (DR Congo) is Kinshasa.;False;False;0.5;unknown;en;True;True;False;True;False;Kneipenquiz: Hauptstadt der DR Kongo?;de;True;Quiz au bar : capitale de la RD Congo ?;fr;True;;Pregunta de bar: ¿capital de la RD del Congo?;es;True;;;;;;;conversacional;8
What is the atomic number of hydrogen?;Le numéro atomique de l'hydrogène est 1.;1;un;The atomic number of hydrogen is 1.;False;False;1.0;fr;en;True;True;False;True;True;Was ist die Atomnummer von Wasserstoff?;de;True;Quel est le numéro atomique de l'hydrogène?;fr;True;False;¿Cuál es el número átomo de hidrógeno?;es;True;;;;;;;factual_clasica;
What metal has the highest melting point?;Le métal avec le point de fusion le plus élevé est le tungstène, avec un point de fusion de 3422°C.;tungsten;tungstene|tungsteno|Wolfram|tungstenio;"The metal with the highest melting point is Tungsten (W), with a melting point of approximately 3422°C (6192°F) at standard pressure. Tungsten is a hard, dense, gray-white to gray-blue transition metal that is highly resistant to corrosion and has a very high melting point, making it useful in high-temperature applications such as filaments in light bulbs, rocket nozzles, and heat shields.

It's worth noting that there are some other metals that have";False;False;0.9998;fr;en;True;True;False;True;True;Welches Metall hat den höchsten Schmelzpunkt?;de;True;Quel métal a le point de fusion le plus élevé ?;fr;True;;¿Qué metal tiene el punto de fusión más alto?;es;True;;;;;;;factual_aperturas;8
Spot the author of Frankenstein.;C'est Mary Shelley.;Mary Shelley;Shelley;"The author of Frankenstein is... **Mary Shelley**!

Would you like to know more about Mary Shelley or Frankenstein?";False;False;0.9978;fr;en;True;True;False;True;True;Ermittle, wer Frankenstein geschrieben hat.;de;True;Repérez l'auteur de Frankenstein.;fr;True;;Detecta quién escribió Frankenstein.;es;True;;;;;;;imperativo;7
Analyze why coffee keeps us awake.;"Le café est une boisson très populaire qui aide à rester éveillé. Mais pourquoi cela se produit-il?

La réponse réside dans les composés chimiques présents dans le café. Voici quelques-uns des principaux facteurs qui contribuent à faire réveiller :

1. **L'acide caféïnique** : C'est le composé le plus connu pour son effet stimulant. L'acide caféïnique est un stim";caffeine;cafeine|cafeina|Koffein|caffeina;"The beloved beverage that keeps many of us going throughout the day! Let's dive into the science behind why coffee keeps us awake.

**The Main Culprit: Caffeine**

Caffeine is the primary stimulant responsible for the alertness and energy boost associated with coffee consumption. It's a xanthine alkaloid compound found in over 60 plant species, including coffee beans. Caffeine works by interacting with the body's adenosine receptors, which regulate sleep and wakefulness.";False;False;0.9998;fr;en;True;False;False;True;True;Analysiere, warum Kaffee uns wach hält.;de;True;Analysez pourquoi le café nous tient éveillés.;fr;True;;Analiza por qué el café nos mantiene despiertos.;es;True;;;;;;;imperativo_explicativo;8
How did Germany unify in 1871?;L'Allemagne s'est unifiée en 1871 grâce à la victoire de Prusse dans la guerre franco-prussienne. Le 18 janvier 1871, le roi Guillaume Ier de Prusse fut proclamé empereur d'Allemagne, créant ainsi l'Empire allemand. Cette unification a été facilitée par la victoire de Prusse dans la guerre franco-prussienne,;Bismarck;Prusse|Prusia|Preussen|Preußen;"The unification of Germany in 1871 was a significant event in modern European history. Here's a brief overview of how it happened:

**Background:**
In the early 19th century, Germany was a loose confederation of 39 independent states, each with its own government and military. The German Confederation, established in 1815, was a loose alliance of these states, but it lacked a strong central authority.

**The Role of Otto von Bismarck:**
Ot";False;False;0.9998;fr;en;True;True;False;True;True;Wie kam es 1871 zur Einigung Deutschlands?;de;True;Comment l'Allemagne s'est-elle unifiée en 1871 ?;fr;True;;¿Cómo se unificó Alemania en 1871?;es;True;;;;;;;explicativa;9
Capital of Moldova?;Chișinău est la capitale de Moldavie.;Chisinau;Kichinev|Kischinau|Quixinau;The capital of Moldova is Chișinău.;False;False;0.9789;fr;en;True;True;False;True;True;Hauptstadt der Republik Moldau?;de;True;Capitale de la Moldavie ?;fr;True;;¿Capital de Moldavia?;es;True;;;;;;;corta;5
Pub quiz: Burkina Faso capital?;La capitale du Burkina Faso est Ouagadougou.;Ouagadougou;Uagadugu|Wagadugu;"The capital of Burkina Faso is... 

Ouagadougou";False;False;0.9994;fr;pt;True;True;False;True;True;Kneipenquiz: Hauptstadt von Burkina Faso?;de;True;Quiz au bar : capitale du Burkina Faso ?;fr;True;;Pregunta de bar: ¿capital de Burkina Faso?;es;True;;;;;;;conversacional;9
Who wrote The Divine Comedy?;C'est Dante Alighieri qui a écrit La Divine Comédie.;Dante;;"The Divine Comedy is an epic poem written by the Italian poet Dante Alighieri. It's considered one of the greatest works of Italian literature and one of the most influential works of the Middle Ages.

The Divine Comedy is a masterpiece of medieval literature that tells the story of Dante's journey through Hell, Purgatory, and Paradise, guided by the Roman poet Virgil and later by Beatrice, his beloved. The poem is divided into three cantiche (or books): Inferno (Hell";False;False;1.0;fr;en;True;True;False;True;True;Wer hat Die Göttliche Komödie geschrieben?;de;True;Qui a écrit La Divine Comédie ?;fr;True;False;¿Quién escribió La Divina Comedia?;unknown;True;;;;;;;factual_clasica;
Which bird lays the largest eggs?;Le oiseau qui pose les œufs les plus grands est le casier.;ostrich;autruche|avestruz|Strauss|Strauß|struzzo;"The bird that lays the largest eggs is the ostrich (Struthio camelus). On average, an ostrich egg can weigh around 1.3 kg (3 pounds) and measure about 15 cm (6 inches) long and 13 cm (5 inches) wide. Some ostrich eggs have even been known to weigh as much as 2.7 kg (6 pounds) and measure up to 18 cm (7 inches) long!

Ostrich eggs are not only";False;False;0.9998;fr;en;True;False;False;True;False;Welcher Vogel legt die größten Eier?;de;True;Quel oiseau pond les plus gros œufs ?;fr;True;;¿Qué ave pone los huevos más grandes?;es;True;;;;;;;factual_aperturas;7
Fetch the capital of Hungary.;La capitale de Hongrie est Budapest.;Budapest;Budapeste;The capital of Hungary is Budapest.;False;False;0.9998;fr;en;True;True;False;True;True;Hol mir die Hauptstadt Ungarns.;de;True;Rapportez-moi la capitale de la Hongrie.;fr;True;;Tráeme la capital de Hungría.;es;True;;;;;;;imperativo;6
Review why chili peppers taste hot.;"Les poivrons chili sont connus pour leur saveur piquante. Mais pourquoi les poivrons chili ont-ils une saveur piquante?

La réponse réside dans leur composition chimique. Les poivrons chili contiennent une substance appelée capsaïcine, qui est responsable de leur saveur piquante. La capsaïcine est un composé organique qui agit sur les récepteurs des papilles gustatives, ce qui";capsaicin;capsai;"The burning sensation of chili peppers! It's a sensation that's both fascinating and intimidating. So, let's dive into the science behind why chili peppers taste hot.

**The Culprits: Capsaicin and Other Compounds**

Chili peppers contain a group of compounds called capsaicinoids, which are responsible for their heat. The most well-known capsaicinoid is capsaicin, which is found in the placental tissue of the pepper. Capsaicin is";False;False;0.9998;fr;en;True;True;False;True;True;Überprüfe, warum Chilis scharf schmecken.;de;True;Revoyez pourquoi les piments sont piquants.;fr;True;;Revisa por qué pican los chiles.;es;True;;;;;;;imperativo_explicativo;7
What destroyed Pompeii?;C'était un éruption volcanique qui a détruit Pompeii. La ville a été enterrée sous des débris et des cendres lors de l'éruption du Vésuve en 79 après Jésus-Christ.;Vesuvius;Vesu;"Pompeii was destroyed by a massive volcanic eruption of Mount Vesuvius in 79 AD. The eruption was so powerful that it buried the city under a thick layer of volcanic ash, pumice, and rock, killing thousands of people instantly.

The eruption was a pyroclastic flow, a fast-moving cloud of hot ash, gas, and rock that can reach temperatures of up to 800°C (1,472°F). The flow was so hot that it melted the bronze";False;False;0.9998;fr;en;True;True;False;True;True;Was zerstörte Pompeji?;de;True;Qu'est-ce qui a détruit Pompéi ?;fr;True;;¿Qué destruyó Pompeya?;es;True;;;;;;;explicativa;5
Capital of Bosnia?;La capitale de Bosnie-Herzégovine est Sarajevo.;Sarajevo;Sarajewo;The capital of Bosnia and Herzegovina is Sarajevo.;False;False;0.9995;fr;en;True;True;False;True;True;Hauptstadt von Bosnien?;de;True;Capitale de la Bosnie ?;fr;True;;¿Capital de Bosnia?;es;True;;;;;;;corta;4
Quick question: what's the capital of Liberia?;La capitale de la Libérie est Monrovia.;Monrovia;;The capital of Liberia is Monrovia.;False;False;0.9997;fr;en;True;True;False;True;True;Kurze Frage: Was ist die Hauptstadt von Liberia?;de;True;Petite question : quelle est la capitale du Liberia ?;fr;True;;Pregunta rápida: ¿cuál es la capital de Liberia?;es;True;;;;;;;conversacional;10
In what year did the Chinese Communist Party take power in China?;L'année où le Parti communiste chinois a pris le pouvoir en Chine est en 1949.;1949;;The Chinese Communist Party (CCP) took power in China in 1949. After a long and bloody civil war, the CCP, led by Mao Zedong, defeated the Nationalist Party (KMT) and established the People's Republic of China on October 1, 1949.;False;False;1.0;fr;en;True;True;False;True;True;In welchem Jahr hat die chinesische Kommunistische Partei die Macht in China ergriffen?;de;True;Quel an a la Chine Communiste pris le pouvoir en Chine?;fr;True;False;¿En qué año tomó el poder el Partido Comunista Chino en China?;es;True;;;;;;;factual_clasica;
Which country gifted the Statue of Liberty?;La France a offert la Statue de la Liberté.;France;Francia|Frankreich|Franca;The Statue of Liberty was a gift from the people of France to the people of the United States. It was designed by French sculptor Frédéric Auguste Bartholdi and was dedicated on October 28, 1886. The statue was a symbol of friendship and democracy between the two countries, and it has become one of the most iconic landmarks in the United States.;False;False;0.9903;fr;en;True;True;False;True;True;Welches Land schenkte die Freiheitsstatue?;de;True;Quel pays a offert la statue de la Liberté ?;fr;True;;¿Qué país regaló la Estatua de la Libertad?;es;True;;;;;;;factual_aperturas;8
Note the capital of Suriname.;Le capitale de Suriname est Paramaribo.;Paramaribo;;The capital of Suriname is Paramaribo.;False;False;0.9993;fr;en;True;True;False;True;True;Notiere die Hauptstadt von Suriname.;de;True;Notez la capitale du Suriname.;fr;True;;Anota la capital de Surinam.;es;True;;;;;;;imperativo;7
Clear up why carrots are orange.;"Les carottes sont orange parce que leur couleur est due à la présence de pigments spécifiques appelés caroténoïdes. Ces pigments sont naturellement présents dans les carottes et sont responsables de leur couleur orange.

Les carottes contiennent principalement deux types de caroténoïdes : la β-carotène et l'α-carotène. La β-carotène est le pigment le plus abondant dans les carottes";carotene;caroten|carotin;"A simple yet fascinating question!

Carrots are orange because of a combination of genetics, history, and human cultivation. Here's the story:

**Natural color:** Carrots were originally purple, white, yellow, red, or even black, depending on the variety. The natural pigments responsible for these colors are called anthocyanins and carotenoids.

**Carotenoids:** Carotenoids are a group of yellow, orange, and red pigments that are found in many fruits and vegetables";False;False;0.9998;fr;en;True;True;False;True;True;Kläre, warum Karotten orange sind.;de;True;Clarifiez pourquoi les carottes sont orange.;fr;True;;Aclara por qué las zanahorias son naranjas.;es;True;;;;;;;imperativo_explicativo;7
How did Cleopatra die?;Cleopatra, la dernière reine de l'Égypte antique, est morte par la poison, selon la tradition. Selon les historiens, elle a choisi de se faire tuer plutôt que de se soumettre aux Romains. Elle a utilisé un serpent empoisonné, un asp, pour se faire tuer. Cette mort tragique a eu lieu en 30 avant J.-C.;snake;serpent|serpien|Schlang|cobra|aspic|aspid|envenen|empoisonn|vergift|veneno|poison;"A famous question!

Cleopatra VII, the last active pharaoh of Ancient Egypt, died on August 12, 30 BCE. The exact circumstances of her death are still debated among historians, but the most widely accepted account is that she died by allowing a poisonous asp (Egyptian cobra) to bite her.

According to the ancient Greek historian Plutarch, Cleopatra was a skilled diplomat and strategist who had formed alliances with powerful Roman leaders, including Julius Caesar and Mark Antony";False;False;0.9998;fr;en;True;True;False;True;True;Wie starb Kleopatra?;de;True;Comment Cléopâtre est-elle morte ?;fr;True;;¿Cómo murió Cleopatra?;es;True;;;;;;;explicativa;7
Capital of North Macedonia?;Skopje est la capitale de la Macédoine du Nord.;Skopje;Skopie|Escopia;The capital of North Macedonia is Skopje.;False;False;0.9998;fr;en;True;True;False;True;True;Hauptstadt von Nordmazedonien?;de;True;Capitale de la Macédoine du Nord ?;fr;True;;¿Capital de Macedonia del Norte?;es;True;;;;;;;corta;5
Hey, what's Greenland's capital?;Le capitol de Groenland est Nuuk.;Nuuk;;The capital of Greenland is Nuuk (also known as Godthåb in Danish).;False;False;0.9973;fr;en;True;True;False;True;True;Hey, was ist die Hauptstadt Grönlands?;de;True;Hé, quelle est la capitale du Groenland ?;fr;True;;Oye, ¿cuál es la capital de Groenlandia?;es;True;;;;;;;conversacional;8
What is the capital of Morocco?;La capitale du Maroc est Rabat.;Rabat;;The capital of Morocco is Rabat.;False;False;1.0;fr;en;True;True;False;True;True;Was ist die Hauptstadt von Marokko?;de;True;Quelle est la capitale du Maroc?;fr;True;False;¿Cuál es la capital de Marruecos?;es;True;;;;;;;factual_clasica;
Which instrument has 47 strings?;L'instrument qui a 47 cordes est le violon.;harp;harpe|arpa|Harfe|harpa;"I'm not aware of any standard instrument that has 47 strings. Most instruments typically have a limited number of strings, such as:

* Guitar: 6 strings
* Violin: 4 strings
* Cello: 4 strings
* Harp: 47 strings (but this is a specialized instrument with a unique playing technique)

However, I think I know what you might be thinking of... The harp is indeed a stringed instrument, and it typically has 47 strings";False;False;0.9996;fr;en;True;False;False;True;False;Welches Instrument hat 47 Saiten?;de;True;Quel instrument a 47 cordes ?;fr;True;;¿Qué instrumento tiene 47 cuerdas?;es;True;;;;;;;factual_aperturas;7
Reveal who wrote Of Mice and Men.;"C'est John Steinbeck qui a écrit ""Des rats et des hommes"" (original titre en anglais : ""Of Mice and Men"").";Steinbeck;;"The classic novel ""Of Mice and Men"" was written by the renowned American author John Steinbeck.";False;False;0.9995;fr;en;True;True;False;True;True;Verrate, wer Von Mäusen und Menschen schrieb.;de;True;Révélez qui a écrit Des souris et des hommes.;fr;True;;Revela quién escribió De ratones y hombres.;es;True;;;;;;;imperativo;10
Go over what glass is made from.;"Le verre est un matériau composé de plusieurs éléments principaux. Voici les principaux composants du verre :

*   Le silice (SiO2) : c'est le composant le plus abondant du verre, représentant environ 60 à 70% de sa masse. La silice est présente sous forme de silicates, qui sont des composés de silice et d'autres éléments tels que le calcium, le magnés";sand;sable|arena|Sabbia|areia|silice|silica|Quarz|Siliziumdioxid|SiO2;"Glass is a versatile and widely used material that has been a part of human history for thousands of years. Here's a breakdown of what glass is made from:

**Main Components:**

1. **Silica (SiO2)**: Also known as silicon dioxide, this is the primary component of glass, making up about 70% of its weight. Silica is derived from sand, which is rich in silicon and oxygen.
2. **Soda Ash (Sodium Carbonate, Na";False;False;0.9998;fr;en;True;True;False;True;True;Geh durch, woraus Glas hergestellt wird.;de;True;Passez en revue la composition du verre.;fr;True;;Repasa de qué está hecho el vidrio.;es;True;;;;;;;imperativo_explicativo;8
What spread the Black Death?;La peste noire a été propagée principalement par les rats et les puces. Les rats, qui transportaient la bactérie Yersinia pestis, ont été répandus par les marchands et les voyageurs qui les transportaient à travers l'Europe. Les puces, qui se nourrissaient du sang des rats, ont également joué un rôle important dans la propagation de la maladie. Les puces ont transmis la;fleas;flea|puce|pulga|Floh|pulce|Yersinia|roedor|rongeur|Nagetier|Ratten|ratas|ratones;"The Black Death, also known as the Plague, was a pandemic that devastated Europe and other parts of the world in the 14th century. The spread of the Black Death is attributed to several factors, including:

1. **Trade and commerce**: The plague spread rapidly along trade routes, such as the Silk Road, which connected Europe to Asia. Merchants and traders carried infected fleas, rats, and other vectors on their ships and caravans, introducing the disease to new areas.";False;False;0.9998;fr;en;True;True;False;True;True;Was verbreitete den Schwarzen Tod?;de;True;Qu'est-ce qui a propagé la peste noire ?;fr;True;;¿Qué propagó la peste negra?;es;True;;;;;;;explicativa;6
Capital of Montenegro?;Podgorica est la capitale de Monténégro.;Podgorica;;The capital of Montenegro is Podgorica.;False;False;0.9992;fr;en;True;True;False;True;True;Hauptstadt von Montenegro?;de;True;Capitale du Monténégro ?;fr;True;;¿Capital de Montenegro?;es;True;;;;;;;corta;5
Just curious, capital of the Dominican Republic?;La capitale de la République dominicaine est Porto-Principe (ou Port-au-Prince en français).;Santo Domingo;Saint-Domingue;The capital of the Dominican Republic is Santo Domingo.;False;False;0.9991;fr;en;True;False;False;True;False;Nur aus Neugier: Hauptstadt der Dominikanischen Republik?;de;True;Simple curiosité : capitale de la République dominicaine ?;fr;True;;Solo por curiosidad, ¿capital de República Dominicana?;es;True;;;;;;;conversacional;9
Who composed The Four Seasons?;Antonio Vivaldi a composé Les Quatre Saisons.;Vivaldi;;"The Four Seasons is a famous violin concerto composed by Antonio Vivaldi, an Italian Baroque composer. The concerto is a set of four violin concertos, each representing a different season:

1. Spring (Concerto No. 1 in E major, RV 269)
2. Summer (Concerto No. 2 in G minor, RV 315)
3. Autumn (Concerto No. 3 in F major, RV 293)
4. Winter";False;False;1.0;fr;en;True;True;False;True;True;Wer hat Die vier Jahreszeiten komponiert?;de;True;Qui a composé Les Quatre Saisons ?;fr;True;False;¿Quién compuso Las Cuatro Estaciones?;es;True;;;;;;;factual_clasica;
Which land animal is the fastest?;Le cheval est probablement le plus rapide des animaux terrestres, avec une vitesse moyenne de 45 à 50 km/h. Cependant, le cheval le plus rapide est le cheval de course, qui peut atteindre des vitesses de 70 km/h. Mais si l'on considère les animaux les plus rapides, c'est le cheval sauvage, qui peut atteindre des vitesses de 80 km/h.;cheetah;guepard|guepardo|Gepard|ghepardo|chita;The fastest land animal is the cheetah! They can reach speeds of up to 70 miles per hour (113 kilometers per hour), making them the fastest land animal on Earth. Their slender body, long legs, and powerful muscles allow them to achieve such incredible speeds, making them the ultimate predators in the savannas and grasslands of Africa.;False;False;0.9998;fr;en;True;False;False;True;False;Welches Landtier ist das schnellste?;de;True;Quel animal terrestre est le plus rapide ?;fr;True;;¿Qué animal terrestre es el más rápido?;es;True;;;;;;;factual_aperturas;7
Count the stripes on the US flag.;Il y a 13 bandes horizontales sur la bannière des États-Unis.;13;;The United States flag has 13 horizontal stripes, alternating between red and white.;False;False;0.9998;fr;en;True;True;False;True;True;Zähle die Streifen der US-Flagge.;de;True;Comptez les bandes du drapeau américain.;fr;True;;Cuenta las franjas de la bandera de EE. UU.;es;True;;;;;;;imperativo;8
Detail what makes soda fizzy.;"L'effervescence des sodas est due à la présence de gaz carbonique. Voici les étapes clés qui expliquent comment cela fonctionne :

1. **Le processus de fermentation** : Les sodas sont généralement fabriqués à partir de sucre, d'eau et de levures. Lors de la fermentation, les levures convertissent le sucre en alcool et émettent du gaz carbonique comme sous-produit.";carbon dioxide;dioxy|dioxi|Kohlendioxid|anidride carbonica|CO2|gaz carbonique|gas carbonico|Kohlensaure;"The fizziness of soda is a fascinating phenomenon that's a result of a combination of chemistry and physics. Here's a breakdown of what makes soda fizzy:

**The Main Culprit: Carbon Dioxide (CO2)**

Soda gets its fizz from carbon dioxide gas, which is dissolved in water under pressure. Carbon dioxide is a colorless, odorless, and tasteless gas that's naturally present in the air we breathe. When CO2 is dissolved in water, it forms a weak";False;False;0.9998;fr;en;True;True;False;True;True;Erläutere genau, was Limonade sprudeln lässt.;de;True;Détaillez ce qui rend les sodas pétillants.;fr;True;;Detalla qué hace que el refresco tenga burbujas.;es;True;;;;;;;imperativo_explicativo;7
What forced Japan's 1945 surrender?;C'était la bombe atomique américaine qui a forcé le Japon à se rendre en 1945. Les États-Unis ont lancé deux bombes atomiques sur les villes de Hiroshima et de Nagasaki, ce qui a causé des destructions massives et des pertes humaines importantes. Cette action a finalement obligé le Japon à accepter la capitulation allemande, qui a été officiellement signée le 2 septembre;atomic bomb;bombe atomique|bomba atomica|Atombombe|bombes atomiques|bombas atomicas|Hiroshima|Nagasaki;"Japan's 1945 surrender was the result of a combination of factors, but the primary force behind it was the atomic bombings of Hiroshima and Nagasaki, followed by the Soviet Union's declaration of war against Japan.

Here's a brief summary of the key events that led to Japan's surrender:

1. **Allied invasion of Okinawa**: In April 1945, the Allies launched an invasion of Okinawa, a strategic island in the Pacific. The battle was intense and bloody";False;False;0.9998;fr;en;True;True;False;True;True;Was erzwang Japans Kapitulation 1945?;de;True;Qu'est-ce qui a forcé la capitulation du Japon en 1945 ?;fr;True;;¿Qué forzó la rendición de Japón en 1945?;es;True;;;;;;;explicativa;9
Capital of Liechtenstein?;Vaduz est la capitale de Liechtenstein.;Vaduz;;The capital of Liechtenstein is Vaduz.;False;False;0.9983;fr;en;True;True;False;True;True;Hauptstadt von Liechtenstein?;de;True;Capitale du Liechtenstein ?;fr;True;;¿Capital de Liechtenstein?;es;True;;;;;;;corta;6
Hi! Capital of Turkmenistan?;Bonjour! La capitale du Turkménistan est Ashgabat.;Ashgabat;Achgabat|Asjabad|Aschgabat|Asgabat|Ashkhabad|Asgabate;The capital of Turkmenistan is Ashgabat.;False;False;0.9998;fr;en;True;True;False;True;True;Hallo! Hauptstadt von Turkmenistan?;de;True;Salut ! Capitale du Turkménistan ?;fr;True;;¡Hola! ¿Capital de Turkmenistán?;es;True;;;;;;;conversacional;8
What is the capital of Afghanistan?;Le capital d'Afghanistan est Kaboul.;Kabul;Kaboul|Cabul;The capital of Afghanistan is Kabul.;False;False;1.0;fr;en;True;True;False;True;True;Was ist die Hauptstadt von Afghanistan?;de;True;Quelle est la capitale de l'Afghanistan?;fr;True;False;¿Cuál es la capital de Afganistán?;es;True;;;;;;;factual_clasica;
How long is a marathon in kilometers?;Un marathon dure 42,195 kilomètres.;42;42.195|42,195|42.2|42,2;A marathon is 42.195 kilometers long.;False;False;0.9962;fr;en;True;True;False;True;True;Wie lang ist ein Marathon in Kilometern?;de;True;Quelle est la longueur d'un marathon en kilomètres ?;fr;True;;¿Cuánto mide un maratón en kilómetros?;es;True;;;;;;;factual_aperturas;8
Pin down who composed Pictures at an Exhibition.;"C'est Modest Moussorgski qui a composé ""Pictures at an Exhibition"".";Mussorgsky;Moussorgski|Mussorgski|Musorgski|Musorgsky|Mussorgskij;"The composition ""Pictures at an Exhibition"" was actually written by Modest Mussorgsky, a Russian composer, in 1874. However, it's worth noting that the piece was originally intended to be a piano suite, and it was later orchestrated by Maurice Ravel in 1930.

But if you're thinking of the famous orchestral version, that's the one that's widely known and performed today.";False;False;0.2741;en;en;False;True;False;True;False;Bestimme, wer Bilder einer Ausstellung komponierte.;de;True;Déterminez qui a composé Tableaux d'une exposition.;fr;True;;Precisa quién compuso Cuadros de una exposición.;es;True;;;;;;;imperativo;9
Unpack what causes day and night.;"Pour répondre à votre question, je vais vous expliquer ce qui cause le jour et la nuit.

Le jour et la nuit sont causés par la rotation de la Terre sur son axe. La Terre tourne sur son axe en environ 24 heures, ce qui signifie que la face de la Terre qui est tournée vers le Soleil reçoit la lumière du Soleil pendant la journée, tandis que la face opposée reçoit la nuit.

L";rotation;rotat|rotac|rotaz|Drehung|dreht sich um ihre|eigene Achse|sobre su eje|sur son axe|sur elle-meme;"The phenomenon of day and night is a fundamental aspect of our daily lives, and it's fascinating to explore what causes it.

**The Short Answer:**

Day and night are caused by the Earth's rotation on its axis and its orbit around the Sun. As the Earth rotates, different parts of the planet are exposed to sunlight, resulting in day, and the opposite side is in darkness, resulting in night.

**The Long Answer:**

Here's a more detailed explanation:

1. **The Earth";False;False;0.9998;fr;en;True;True;False;True;True;Schlüssle auf, was Tag und Nacht verursacht.;de;True;Décortiquez ce qui provoque le jour et la nuit.;fr;True;;Desmenuza qué causa el día y la noche.;es;True;;;;;;;imperativo_explicativo;8
How did the Greeks enter Troy?;"Selon la mythologie grecque, les Grecs entrèrent à Troye grâce à la ruse de l'archer Paris, qui avait volé la belle Helenne à Sparte. Les Grecs, menés par Agamemnon, roi de Mycènes, décidèrent de se rendre à Troye pour la récupérer.

Cependant, les Grecs ne purent pas prendre la ville par force, car les Troiens";wooden horse;cheval|caballo|Pferd|cavallo|cavalo|horse;"One of the most famous stories in all of literature!

According to Homer's epic poem, the Iliad, the Greeks entered Troy by hiding inside a giant wooden horse. This clever ruse was devised by the Greek hero Odysseus, who was determined to breach the walls of Troy and reclaim Helen, the wife of King Menelaus, who had been abducted by Paris, a prince of Troy.

Here's a brief summary of the events leading up to the Trojan Horse:

1.";False;False;0.9998;fr;en;True;False;False;True;True;Wie gelangten die Griechen nach Troja hinein?;de;True;Comment les Grecs sont-ils entrés dans Troie ?;fr;True;;¿Cómo entraron los griegos en Troya?;es;True;;;;;;;explicativa;7
Capital of Scotland?;Edimbourg (Edinburgh) est la capitale de l'Écosse.;Edinburgh;Edimbourg|Edimburgo|Edinburg;The capital of Scotland is Edinburgh.;False;False;0.9957;fr;en;True;True;False;True;True;Hauptstadt von Schottland?;de;True;Capitale de l'Écosse ?;fr;True;;¿Capital de Escocia?;es;True;;;;;;;corta;4
Random thought: what's Niger's capital?;La capitale du Niger est Niamey.;Niamey;;Niger's capital is Niamey.;False;False;0.2905;fr;en;False;True;False;True;True;Spontane Frage: Was ist die Hauptstadt von Niger?;de;True;Une idée comme ça : quelle est la capitale du Niger ?;fr;True;;Pensando al azar: ¿cuál es la capital de Níger?;es;True;;;;;;;conversacional;9
How many letters are in the English alphabet?;Il y a 26 lettres dans l'alphabet anglais.;26;;There are 26 letters in the English alphabet.;False;False;1.0;fr;en;True;True;False;True;True;Wie viele Buchstaben hat das englische Alphabet?;de;True;Quel est le nombre de lettres dans l'alphabet anglais?;fr;True;False;¿Cuántos letras hay en el alfabeto inglés?;es;True;;;;;;;factual_clasica;
How fast does sound travel in air?;Le son se propage à une vitesse de 343 mètres par seconde en air à une température de 20°C et une pression atmosphérique normale.;343;340|1235|1 235|1.235|1,235|1234|1 234|1.234|1,234;"The speed of sound in air is approximately 343 meters per second (m/s) or 768 miles per hour (mph) at sea level in dry air at a temperature of 20 degrees Celsius (68 degrees Fahrenheit). However, the speed of sound can vary depending on the temperature, humidity, and air pressure.

Here's a rough breakdown of the speed of sound in air at different temperatures:

* 0°C (32°F): 331 m/s (741 mph)
* 20°C";False;False;0.9998;fr;en;True;True;False;True;True;Wie schnell breitet sich Schall in der Luft aus?;de;True;À quelle vitesse le son se déplace-t-il dans l'air ?;fr;True;;¿A qué velocidad viaja el sonido en el aire?;es;True;;;;;;;factual_aperturas;8
Guess the largest country in South America.;"Je vais essayer!

Je pense que le pays le plus grand en Amérique du Sud est le Brésil.";Brazil;Bresil|Brasil|Brasilien|Brasile;The largest country in South America is Brazil!;False;False;0.9998;fr;en;True;True;False;True;True;Rate das größte Land Südamerikas.;de;True;Devinez le plus grand pays d'Amérique du Sud.;fr;True;;Adivina el país más grande de Sudamérica.;es;True;;;;;;;imperativo;8
Run through how echoes happen.;"Les échos sont un phénomène fascinant qui se produit lorsque les sons sont réfléchis par un objet ou un espace. Voici comment cela fonctionne :

1. **La propagation du son** : Lorsque vous faites un bruit, il se propage à travers l'air sous forme de ondes mécaniques. Ces ondes se déplacent à une vitesse constante, appelée vitesse du son, qui est d'environ";reflection;refle|rifless|Reflexion;"Echoes are a fascinating phenomenon that occur when sound waves bounce back to us after reflecting off a surface. Here's a step-by-step explanation of how echoes happen:

**The Process of Echoes**

1. **Sound Wave Emission**: When you make a sound, such as speaking or clapping, a sound wave is emitted into the air. This sound wave is a series of pressure waves that travel through the air as a pressure disturbance.
2. **Reflection**: When the sound wave hits a";False;False;0.9998;fr;en;True;True;False;True;True;Geh kurz durch, wie ein Echo entsteht.;de;True;Parcourez la formation de l'écho.;fr;True;;Recorre cómo se produce el eco.;es;True;;;;;;;imperativo_explicativo;6
What triggered the Great Depression?;"La Grande Dépression a été déclenchée par une combinaison de facteurs économiques et politiques. Voici quelques-uns des principaux facteurs qui ont contribué à son apparition :

1. **La crise financière américaine de 1929** : La panique boursière de 1929 a été le point de départ de la Grande Dépression. Les investissements dans les actions et les biens immobiliers avaient atteint";stock market crash;krach|crash|crac|Borsenkrach|crollo|quebra|1929;"The Great Depression, which lasted from 1929 to the late 1930s, was a complex and multifaceted event with various triggers. Here are some of the key factors that contributed to the onset of the Great Depression:

1. **Stock Market Crash of 1929**: The stock market crash of 1929 is often seen as the trigger that set off the Great Depression. On Black Tuesday, October 29, 1929, stock prices plummeted, leading to a massive";False;False;0.9998;fr;en;True;True;False;True;True;Was löste die Weltwirtschaftskrise aus?;de;True;Qu'est-ce qui a déclenché la Grande Dépression ?;fr;True;;¿Qué desencadenó la Gran Depresión?;es;True;;;;;;;explicativa;6
Capital of Wales?;Le Capitale du pays de Galles est Cardiff.;Cardiff;;The capital of Wales is Cardiff.;False;False;0.9998;fr;en;True;True;False;True;True;Hauptstadt von Wales?;de;True;Capitale du pays de Galles ?;fr;True;;¿Capital de Gales?;es;True;;;;;;;corta;4
Trivia time: capital of Sierra Leone?;Fait simple! La capitale de Sierra Leone est Freetown.;Freetown;;The capital of Sierra Leone is Freetown.;False;False;0.9975;fr;en;True;True;False;True;True;Quizzeit: Hauptstadt von Sierra Leone?;de;True;Question culture : capitale de la Sierra Leone ?;fr;True;;Hora de trivia: ¿capital de Sierra Leona?;es;True;;;;;;;conversacional;8
Who painted Guernica?;C'est Pablo Picasso qui a peint Guernica.;Picasso;;"The painting ""Guernica"" was created by the renowned Spanish artist Pablo Picasso. It was painted in 1937, during the Spanish Civil War, and is considered one of the most powerful anti-war statements of the 20th century. The painting is a large-scale work, measuring over 11 feet tall and over 25 feet wide, and is characterized by its monochromatic palette, bold geometric shapes, and emotive imagery.";False;False;1.0;fr;en;True;True;False;True;True;Wer malte Guernica?;de;True;Qui a peint Guernica?;fr;True;False;¿Quién pintó Guernica?;unknown;True;;;;;;;factual_clasica;
How old is the universe?;L'âge de l'univers est estimé à environ 13,8 milliards d'années. Cette estimation est basée sur des observations de la vitesse des galaxies lointaines et des courbes de lumière des supernovae.;13.8;13,8|13.800|13 800|13,800|13800;"The age of the universe is estimated to be approximately 13.8 billion years. This estimate is based on a variety of methods, including:

1. **Hubble's Law**: In the 1920s, Edwin Hubble observed that the light coming from distant galaxies was shifted towards the red end of the spectrum, a phenomenon known as redshift. This led him to conclude that the universe is expanding, and that the farther away a galaxy is, the faster it is moving away from us";False;False;0.9998;fr;en;True;True;False;True;True;Wie alt ist das Universum?;de;True;Quel âge a l'univers ?;fr;True;;¿Qué edad tiene el universo?;es;True;;;;;;;factual_aperturas;6
Pick the biggest cat species.;Le plus grand chat du monde est le chat panthère, également connu sous le nom de chat de jungle ou de chat de l'Asie. Il peut atteindre jusqu'à 2,5 mètres de long et peser jusqu'à 90 kilogrammes.;tiger;tigre|Tiger;The biggest cat species is the Siberian tiger (Panthera tigris altaica). On average, males can weigh up to 320 kg (705 lbs) and reach lengths of up to 3.5 m (11.5 ft).;False;False;0.9998;fr;en;True;False;False;True;False;Wähle die größte Katzenart.;de;True;Choisissez la plus grande espèce de félin.;fr;True;;Elige la especie de felino más grande.;es;True;;;;;;;imperativo;6
Lay out how plants absorb water.;"Bien sûr! Voici comment les plantes absorbent l'eau :

**Le processus d'absorption d'eau**

Les plantes absorbent l'eau à travers leurs racines, qui sont des tissus spécialisés pour cette fonction. Voici les étapes clés du processus :

1. **La racine se déplace vers l'eau** : Les racines sont capables de détecter la présence d'eau dans le sol et de se déplacer vers";roots;racine|raic|raiz|Wurzel|radic;"Here's a step-by-step explanation of how plants absorb water:

**The Process of Water Absorption in Plants**

Plants absorb water through their roots, which are specialized structures that allow them to take in water and nutrients from the soil. The process involves several key steps:

1. **Root Hair Absorption**: The roots of a plant are covered in tiny hair-like structures called root hairs. These root hairs increase the surface area of the root, allowing it to absorb more water and nutrients from the";False;False;0.9998;fr;en;True;True;False;True;True;Leg dar, wie Pflanzen Wasser aufnehmen.;de;True;Exposez comment les plantes absorbent l'eau.;fr;True;;Expón cómo absorben agua las plantas.;es;True;;;;;;;imperativo_explicativo;8
What was the Silk Road used for?;La Route de la Soie, également connue sous le nom de Route de l'Or, était un important réseau commercial et de communication qui relient l'Asie centrale à la Chine, en passant par l'Asie du Sud et l'Asie du Sud-Est. Elle a été utilisée pour le commerce de marchandises telles que le soja, le coton, le cuir, les épices, les pierres précieuses et;trade;commerc|comerc|Handel;"The Silk Road was a network of ancient trade routes that connected China with the Mediterranean region, stretching over 4,000 miles (6,400 km) in length. It was a vital conduit for the exchange of goods, ideas, cultures, and technologies between East Asia, the Middle East, and Europe.

The Silk Road was used for several purposes:

1. **Trade**: The Silk Road was a major trade route, with merchants exchanging goods such as:
	* Silk, tea, and porcelain";False;False;0.9998;fr;en;True;True;False;True;True;Wofür wurde die Seidenstraße genutzt?;de;True;À quoi servait la route de la soie ?;fr;True;;¿Para qué se usaba la Ruta de la Seda?;es;True;;;;;;;explicativa;8
Capital of Haiti?;Port-au-Prince;Port-au-Prince;Port au Prince|Puerto Principe|Porto Principe|Port-au-Principe;The capital of Haiti is Port-au-Prince.;False;False;0.0074;de;en;False;True;False;True;False;Hauptstadt von Haiti?;de;True;Capitale d'Haïti ?;fr;True;;¿Capital de Haití?;es;True;;;;;;;corta;4
I forgot, Eritrea's capital?;Asmara est la capitale d'Eritréa.;Asmara;;The capital of Eritrea is Asmara.;False;False;0.9998;fr;en;True;True;False;True;True;Ich hab's vergessen: Hauptstadt von Eritrea?;de;True;J'ai oublié, la capitale de l'Érythrée ?;fr;True;;Se me olvidó, ¿la capital de Eritrea?;es;True;;;;;;;conversacional;9
Who led the Macedonian empire and conquered Persia?;C'était Alexandre le Grand qui a dirigé l'Empire macedonien et a conquis la Perse.;Alexander;Alexandre|Alejandro|Alessandro;"You're likely thinking of Alexander the Great!

Alexander III of Macedon, commonly known as Alexander the Great, was the king of the ancient Greek kingdom of Macedon who led the conquest of a vast portion of the known world, creating one of the largest empires in history.

In 334 BCE, Alexander led his army into Asia Minor (modern-day Turkey) and eventually conquered the Persian Empire, which at that time was the largest empire in the world. He defeated the Persian king Darius III";False;False;1.0;fr;en;True;True;False;True;True;Wer führte das makedonische Reich und eroberte Persien?;de;True;Qui a conduit l'empire macédonien et a conquis la Perse?;fr;True;False;¿Quién lideró el imperio macedonio y conquistó Persia?;es;True;;;;;;;factual_clasica;
How long did the Hundred Years' War last?;La guerre de cent ans a duré 116 ans, du 1337 au 1453.;116;1337;"The Hundred Years' War between England and France lasted for 116 years, from 1337 to 1453. However, it's worth noting that the war was not a single, continuous conflict, but rather a series of conflicts that can be divided into three main phases:

1. The Edwardian War (1337-1360)
2. The Caroline War (1369-1389)
3. The Lancastrian War (1415-1453)

The war finally ended with";False;False;0.9998;fr;en;True;True;False;True;True;Wie lange dauerte der Hundertjährige Krieg?;de;True;Combien de temps a duré la guerre de Cent Ans ?;fr;True;;¿Cuánto duró la guerra de los Cien Años?;es;True;;;;;;;factual_aperturas;10
Choose the fastest bird in a dive.;Le pigeon-merle est connu pour ses performances acrobatiques, mais le plus rapide dans un plongeon est probablement le martin-pêcheur (Alcedo atthis).;peregrine falcon;peregrine|pelerin|peregrino|Wanderfalke|pellegrino;The fastest bird in a dive is the Peregrine Falcon. They are capable of reaching speeds of up to 242 mph (390 km/h) during their characteristic hunting dive, known as a stoop. This makes them the fastest member of the animal kingdom.;False;False;0.9998;fr;en;True;False;False;True;False;Wähle den schnellsten Vogel im Sturzflug.;de;True;Choisissez l'oiseau le plus rapide en piqué.;fr;True;;Escoge el ave más rápida en picada.;es;True;;;;;;;imperativo;8
Account for why we shiver when cold.;"Lorsque nous sommes exposés à un froid, notre corps réagit pour maintenir sa température intérieure. Voici pourquoi nous tremblons :

Lorsque notre corps est exposé à un froid, les capillaires à la surface de la peau se contractent pour réduire la circulation sanguine. Cela entraîne une diminution de la quantité de chaleur transférée à la surface de la peau. En";muscles;muscl|muscu|Muskel|muscol;"Shivering is a natural response to cold temperatures, and it's an essential mechanism to help our bodies conserve heat. Here's why we shiver when cold:

**Why do we shiver?**

When our body temperature drops, our muscles contract and relax rapidly to generate heat. This process is called thermogenesis. Shivering is a complex physiological response that involves the nervous system, muscles, and blood vessels.

**The shivering process:**

When we're exposed to cold, our hypothalamus";False;False;0.9998;fr;en;True;False;False;True;True;Begründe, warum wir bei Kälte zittern.;de;True;Rendez compte de nos frissons quand il fait froid.;fr;True;;Da cuenta de por qué temblamos cuando tenemos frío.;es;True;;;;;;;imperativo_explicativo;9
Why was the Great Wall built?;"La Grande Muraille a été construite pour plusieurs raisons. 

Elle a été érigée pour protéger la Chine des invasions des tribus nomades et des armées étrangères, notamment celles des Xiongnu, des Mongols et des Manchous. 

La Grande Muraille a également été construite pour contrôler les migrations et les échanges commerciaux avec les régions voisines. 

Enfin, elle a été construite";nomads;nomad|Mongol|invas|invad;"The Great Wall of China is one of the most impressive architectural achievements in history, and its construction has a rich and complex history. Here's a brief overview:

**The Early Beginnings:**
The Great Wall was built in multiple stages, with the first versions of the wall dating back to the 7th century BC, during the Chu State period. These early walls were constructed to protect the Chinese states from invading nomadic tribes from the north.

**The Qin Dynasty (221-206 BC):";False;False;0.9998;fr;en;True;True;False;True;True;Warum wurde die Große Mauer gebaut?;de;True;Pourquoi la Grande Muraille a-t-elle été construite ?;fr;True;;¿Por qué se construyó la Gran Muralla?;es;True;;;;;;;explicativa;7
Capital of Honduras?;La capitale de Honduras est Tegucigalpa.;Tegucigalpa;;The capital of Honduras is Tegucigalpa.;False;False;0.9932;fr;en;True;True;False;True;True;Hauptstadt von Honduras?;de;True;Capitale du Honduras ?;fr;True;;¿Capital de Honduras?;es;True;;;;;;;corta;4
Out of curiosity, Gabon's capital?;La capitale du Gabon est Libreville.;Libreville;;The capital of Gabon is Libreville.;False;False;0.9998;fr;en;True;True;False;True;True;Aus Neugier: Hauptstadt von Gabun?;de;True;Par curiosité, la capitale du Gabon ?;fr;True;;Por curiosidad, ¿la capital de Gabón?;es;True;;;;;;;conversacional;9
What is the largest moon of Jupiter?;La plus grande lune de Jupiter est Ganymède.;Ganymede;Ganymède|Ganimede|Ganymed;The largest moon of Jupiter is Ganymede. It is the largest moon in the solar system, even bigger than the planet Mercury. Ganymede has a diameter of approximately 3,275 miles (5,270 kilometers) and orbits Jupiter at a distance of about 428,000 miles (688,000 kilometers).;False;False;1.0;fr;en;True;True;False;True;True;Was ist die größte Mond von Jupiter?;de;True;Quelle est la plus grande lune de Jupiter?;fr;True;False;¿Cuál es la luna más grande de Júpiter?;es;True;;;;;;;factual_clasica;
Who discovered X-rays?;C'est Wilhelm Conrad Röntgen, un physicien allemand, qui a découvert les rayons X en 1895.;Rontgen;Roentgen;Wilhelm Conrad Röntgen, a German physicist, discovered X-rays in 1895. He was working at the University of Würzburg in Germany at the time and was experimenting with cathode rays. On November 8, 1895, Röntgen noticed that a fluorescent screen in his lab was glowing even though it was not exposed to any light. He soon discovered that an unknown type of radiation was causing the screen to glow, which he called X-rays (from the;False;False;0.9988;fr;en;True;True;False;True;True;Wer entdeckte die X-Strahlen?;de;True;Qui a découvert les rayons X ?;fr;True;;¿Quién descubrió los rayos X?;es;True;;;;;;;factual_aperturas;5
Retrieve the author of Dracula.;L'auteur de Dracula est Bram Stoker.;Bram Stoker;Stoker;"The author of the classic novel ""Dracula"" is Bram Stoker.";False;False;0.9998;fr;en;True;True;False;True;True;Ruf den Autor von Dracula ab.;de;True;Retrouvez l'auteur de Dracula.;fr;True;;Recupera al autor de Drácula.;es;True;;;;;;;imperativo;7
Shed light on why popcorn pops.;"Bien sûr!

Le popcorn pousse en raison d'une réaction thermique rapide et explosive qui se produit lorsque les graines de maïs sont chauffées. Voici les étapes clés :

1. **L'humidité** : Les graines de maïs contiennent une petite quantité d'humidité, qui est essentielle pour la réaction.
2. **La chaleur** : Lors";steam;vapeur|vapor|Dampf|vapore|humidite|humedad|Feuchtigkeit;"The magical process of popcorn popping! It's a fascinating phenomenon that's both fun to watch and delicious to eat. So, let's dive into the science behind why popcorn pops.

**The Anatomy of Popcorn**

Popcorn is a type of corn kernel that's specifically designed to explode into a fluffy, crunchy snack. Each kernel has a hard outer shell (the pericarp) and a soft inner starch (the endosperm). The kernel is made up of about 80% water,";False;False;0.9998;fr;en;True;True;False;False;True;Beleuchte, warum Popcorn aufplatzt.;de;True;Éclairez pourquoi le pop-corn éclate.;fr;True;;Arroja luz sobre por qué explotan las palomitas.;es;True;;;;;;;imperativo_explicativo;8
Why did Columbus sail west?;Columbus a navigué vers l'ouest pour trouver un chemin direct vers l'Asie, mais il a finalement découvert les Amériques. À l'époque, les Européens croyaient que la Terre était ronde et que l'Asie se trouvait à l'est de l'Europe. Ils pensaient que les Indes, en particulier, étaient à proximité. Le roi Ferdinand et le roi Isabelle d;Asia;Asie|Asien|India|Indien|Indias;"Christopher Columbus's famous voyage to the Americas in 1492 was a complex and multifaceted endeavor, driven by a combination of motivations. Here are some of the main reasons why Columbus sailed west:

1. **The Quest for a New Trade Route**: Columbus was convinced that there was a shorter route to Asia, which would give Europe a competitive edge in the spice trade. He believed that by sailing west, he could reach Asia by a new route, avoiding the traditional Silk Road and the treacher";False;False;0.9998;fr;en;True;True;False;True;True;Warum segelte Kolumbus nach Westen?;de;True;Pourquoi Colomb a-t-il navigué vers l'ouest ?;fr;True;;¿Por qué Colón navegó hacia el oeste?;es;True;;;;;;;explicativa;6
Capital of Nicaragua?;Managua est la capitale de Nicaragua.;Managua;;The capital of Nicaragua is Managua.;False;False;0.9842;fr;en;True;True;False;True;True;Hauptstadt von Nicaragua?;de;True;Capitale du Nicaragua ?;fr;True;;¿Capital de Nicaragua?;es;True;;;;;;;corta;4
Hmm, what's the capital of Mauritania?;La capitale de la Mauritanie est Nouakchott.;Nouakchott;Nuakchot|Nuakschott;The capital of Mauritania is Nouakchott.;False;False;0.9996;fr;en;True;True;False;True;True;Hmm, was ist die Hauptstadt Mauretaniens?;de;True;Hum, quelle est la capitale de la Mauritanie ?;fr;True;;Mmm, ¿cuál es la capital de Mauritania?;es;True;;;;;;;conversacional;10
Who wrote War and Peace?;"L'œuvre ""La Guerre et la Paix"" a été écrite par le célèbre écrivain russe Léon Tolstoï.";Tolstoy;Tolstoi|Tolstoj;"A classic question!

War and Peace, one of the greatest novels of all time, was written by the Russian author Leo Tolstoy (1828-1910). The novel was published in serial form from 1865 to 1869 and is considered one of Tolstoy's masterpieces, alongside Anna Karenina.";False;False;1.0;fr;en;True;True;False;True;True;"Wer hat ""Krieg und Frieden"" geschrieben?";de;True;Qui a écrit La Guerre et la Paix ?;fr;True;False;¿Quién escribió Guerra y Paz?;unknown;True;;;;;;;factual_clasica;
Who invented dynamite?;C'est Alfred Nobel, un chimiste suédois, qui a inventé la dynamite en 1866. Il a créé cette explosive en mélangeant nitroglycérine avec d'autres substances.;Nobel;;"Dynamite was invented by the Swedish chemist and engineer Alfred Nobel (1833-1896). Nobel was a prolific inventor and engineer who made significant contributions to the fields of chemistry, physics, and engineering.

In 1866, Nobel was experimenting with nitroglycerin, a highly unstable and explosive liquid. He was trying to find a way to stabilize it, and after several failed attempts, he finally succeeded in creating a more stable form of nitroglycerin by mixing it with di";False;False;0.9998;fr;en;True;True;False;True;True;Wer erfand das Dynamit?;de;True;Qui a inventé la dynamite ?;fr;True;;¿Quién inventó la dinamita?;es;True;;;;;;;factual_aperturas;5
Supply the capital of Romania.;Bucarest est la capitale de la Roumanie.;Bucharest;Bucarest|Bukarest|Bucareste;The capital of Romania is Bucharest.;False;False;0.9996;fr;en;True;True;False;True;True;Liefere die Hauptstadt Rumäniens.;de;True;Fournissez la capitale de la Roumanie.;fr;True;;Proporciona la capital de Rumania.;es;True;;;;;;;imperativo;6
Demystify how airplanes stay airborne.;"Bien sûr! Je vais essayer de démythifier comment les avions restent en vol.

L'avion est en vol grâce à une combinaison de forces et de principes physiques. Voici les éléments clés :

1. **L'effet de l'air** : L'avion est conçu pour créer une zone de basse pression derrière";lift;portance|sustenta|Auftrieb|portanza|levantamiento;"The magic of flight! I'd be happy to break down the science behind how airplanes stay airborne.

**The Four Forces of Flight**

For an airplane to fly, it must balance four fundamental forces:

1. **Lift**: The upward force that opposes the weight of the plane and keeps it flying.
2. **Weight**: The downward force that is the combined weight of the plane, passengers, cargo, and fuel.
3. **Thrust**: The forward force that propels the plane through";False;False;0.9998;fr;en;True;False;False;True;True;Entmystifiziere, wie Flugzeuge in der Luft bleiben.;de;True;Démystifiez comment les avions restent en l'air.;fr;True;;Desmitifica cómo se mantienen los aviones en el aire.;es;True;;;;;;;imperativo_explicativo;8
What sparked the American Revolution?;"C'est une excellente question!

L'American Revolution a été déclenchée par une combinaison de facteurs, mais principalement par les tensions entre les colons américains et la Grande-Bretagne. Voici quelques-uns des principaux facteurs qui ont contribué à son éclatement :

* Les taxes impôtes : La Grande-Bretagne a imposé à ses colons des taxes sans leur consentement, telles que la taxe sur";taxes;tax|impot|impuest|Steuer|impost;"The American Revolution was a complex and multifaceted event, and there were several factors that contributed to its outbreak. Here are some of the key events and issues that sparked the Revolution:

1. **Taxation without Representation**: The British government imposed a series of taxes on the American colonies, including the Sugar Act, Stamp Act, and Townshend Acts, without giving them representation in Parliament. This led to widespread protests and boycotts among the colonists.
2. **The Proclamation of";False;False;0.9998;fr;en;True;True;False;True;True;Was löste die Amerikanische Revolution aus?;de;True;Qu'est-ce qui a déclenché la Révolution américaine ?;fr;True;;¿Qué provocó la Revolución estadounidense?;es;True;;;;;;;explicativa;6
Capital of Costa Rica?;San José est la capitale de Costa Rica.;San Jose;;The capital of Costa Rica is San José.;False;False;0.9985;fr;en;True;True;False;True;True;Hauptstadt von Costa Rica?;de;True;Capitale du Costa Rica ?;fr;True;;¿Capital de Costa Rica?;es;True;;;;;;;corta;5
Settle a bet: where was pizza invented?;"Une question délicieuse!

La pizza a été inventée à Naples, en Italie. C'est là que le pizzaiolo (le pizzier) Raffaele Esposito a créé la première pizza au XIXe siècle, en l'honneur de la reine Margherite de Savoie, qui venait de visiter Naples en 1889. Cette pizza, appelée ""Pizza Margherita"", est composée de tom";Naples;Napoles|Neapel|Napoli;"A tasty topic!

According to historical records and culinary experts, pizza was invented in Naples, Italy. The exact date is disputed, but it's widely accepted that the modern version of pizza originated in Naples in the late 18th or early 19th century.

Before then, flatbreads with toppings were consumed in ancient times, but the modern pizza as we know it today is credited to Raffaele Esposito, a Neapolitan baker, who in 1889 created a";False;False;0.9998;fr;en;True;True;False;True;True;Wir haben gewettet: Wo wurde die Pizza erfunden?;de;True;Pour trancher un pari : où la pizza a-t-elle été inventée ?;fr;True;;Para zanjar una apuesta: ¿dónde se inventó la pizza?;es;True;;;;;;;conversacional;10
Who was the British Prime Minister during most of World War II?;C'était Winston Churchill.;Churchill;;"The British Prime Minister during most of World War II was Winston Churchill. He served as Prime Minister from May 10, 1940, to July 26, 1945, and again from October 26, 1951, to April 5, 1955. Churchill played a significant role in leading Britain through the war, delivering many famous speeches, including the ""We shall fight on the beaches"" speech, and serving as the leader of the British government during the war's most";False;False;1.0;fr;en;True;True;False;True;True;Wer war während des größten Teils des Zweiten Weltkriegs britischer Premierminister?;de;True;Qui était le Premier ministre britannique pendant la majeure partie de la Seconde Guerre mondiale?;fr;True;False;¿Quién fue el primer ministro británico durante la mayor parte de la Segunda Guerra Mundial?;es;True;;;;;;;factual_clasica;
Who founded the Mongol Empire?;Le Mongol Empire a été fondé par Gengis Khan, également connu sous le nom de Temujin, en 1206.;Genghis Khan;Genghis|Gengis|Dschingis|Chinggis;"The Mongol Empire was founded by Genghis Khan (also known as Temujin) in the early 13th century. He was a Mongol chieftain who united various Mongol tribes and went on to create the largest contiguous empire in history, stretching from China to Eastern Europe.

Genghis Khan was born around 1162 AD in Mongolia and began his military campaigns in the late 12th century. He united the Mongol tribes and established the Mongol Empire in";False;False;0.9998;fr;en;True;True;False;True;True;Wer gründete das Mongolische Reich?;de;True;Qui a fondé l'Empire mongol ?;fr;True;;¿Quién fundó el Imperio mongol?;es;True;;;;;;;factual_aperturas;7
State the capital of Belgium.;La capitale de la Belgique est Bruxelles.;Brussels;Bruxelles|Bruselas|Brussel|Bruxelas;The capital of Belgium is Brussels.;False;False;0.9998;fr;en;True;True;False;True;True;Nenne die Hauptstadt Belgiens.;de;True;Indiquez la capitale de la Belgique.;fr;True;;Indica la capital de Bélgica.;es;True;;;;;;;imperativo;6
Elucidate how submarines dive.;"Je serais ravi de vous aider!

Les sous-marins plongent en utilisant un système complexe qui implique plusieurs éléments clés. Voici une explication détaillée de ce processus :

1. **Le ballast** : Les sous-marins sont équipés de ballast qui peuvent être remplis d'eau ou de air, selon la nécessité. Lorsque le sous-marin doit plonger, le ballast est rempli d'eau";ballast;lastre|zavorra|lastro;"The art of diving a submarine! It's a fascinating process that requires a combination of complex engineering, precise calculations, and skilled operation. Here's a step-by-step explanation of how submarines dive:

**Pre-Dive Preparation**

Before diving, the submarine's crew performs a series of checks to ensure the vessel is ready for the dive. These checks include:

1. **Ballast tank filling**: The submarine's ballast tanks are filled with water or air, depending on the desired buoyancy.
2";False;False;0.9998;fr;en;True;True;False;True;True;Verdeutliche, wie U-Boote abtauchen.;de;True;Élucidez comment les sous-marins plongent.;fr;True;;Dilucida cómo se sumergen los submarinos.;es;True;;;;;;;imperativo_explicativo;7
What did Lincoln's proclamation end?;La proclamation de Lincoln a mis fin la servitude.;slavery;esclav|Sklav|schiav|escrav|slave|servitude|servidumbre;"Abraham Lincoln's Emancipation Proclamation, issued on January 1, 1863, declared that all slaves in the areas of the Confederate States of America that were still in rebellion against the United States were free. However, it did not immediately end slavery throughout the entire country.

The proclamation only applied to areas outside of Union control, which meant that it did not apply to border states or areas that were already under Union control. It also did not apply to areas that were under Union control";False;False;0.9345;fr;en;True;True;False;True;True;Was beendete Lincolns Proklamation?;de;True;À quoi la proclamation de Lincoln a-t-elle mis fin ?;fr;True;;¿A qué puso fin la proclamación de Lincoln?;es;True;;;;;;;explicativa;7
Capital of Fiji?;Suva est la capitale des Fidji.;Suva;;The capital of Fiji is Suva.;False;False;0.9998;fr;en;True;True;False;True;True;Hauptstadt von Fidschi?;de;True;Capitale des Fidji ?;fr;True;;¿Capital de Fiyi?;es;True;;;;;;;corta;4
Just curious, where do kiwi birds live?;Les kiwis sont des oiseaux endémiques de la Nouvelle-Zélande. Ils habitent principalement dans les forêts tempérées et subtropicales de l'île du Nord et de l'île du Sud, ainsi que dans les régions montagneuses.;New Zealand;Nouvelle-Zelande|Nueva Zelanda|Neuseeland|Nuova Zelanda|Nova Zelandia;"The kiwi bird is a unique and fascinating bird species native to New Zealand. They are found in the wild throughout New Zealand, but they tend to inhabit areas with dense vegetation, such as:

1. **Forests**: Native forests, including beech, rimu, and totara forests, provide the perfect habitat for kiwis.
2. **Grasslands**: Wetlands, grasslands, and shrublands are also home to kiwis.
3. **Bush**: Dense, scrub";False;False;0.9998;fr;en;True;True;False;True;True;Nur aus Neugier: Wo leben Kiwivögel?;de;True;Simple curiosité : où vivent les kiwis ?;fr;True;;Solo por curiosidad, ¿dónde viven los kiwis?;es;True;;;;;;;conversacional;10
What is the capital of Slovenia?;La capitale de la Slovénie est Ljubljana.;Ljubljana;Lubiana|Liubliana;The capital of Slovenia is Ljubljana.;False;False;1.0;fr;en;True;True;False;True;True;Was ist die Hauptstadt von Slowenien?;de;True;Quelle est la capitale de la Slovénie?;fr;True;False;¿Cuál es la capital de Eslovenia?;es;True;;;;;;;factual_clasica;
Who designed the Sagrada Familia?;L' architecte qui a conçu la Sagrada Familia est Antoni Gaudí.;Gaudi;;The iconic Sagrada Familia in Barcelona, Spain was designed by the renowned Catalan architect Antoni Gaudí. Construction on the cathedral began in 1882, and it is considered one of Gaudí's most famous and complex works. Unfortunately, Gaudí passed away in 1926, before the completion of the Sagrada Familia, which is still ongoing today.;False;False;0.7166;fr;en;True;True;False;True;True;Wer entwarf die Sagrada Família?;de;True;Qui a conçu la Sagrada Família ?;fr;True;;¿Quién diseñó la Sagrada Familia?;es;True;;;;;;;factual_aperturas;8
Specify the currency of the United Kingdom.;Le monnaie du Royaume-Uni est la livre sterling (GBP).;pound sterling;sterling|livre sterling|libra esterlina|Pfund|sterlina|pound;The official currency of the United Kingdom is the Pound Sterling, commonly referred to as the British Pound (GBP).;False;False;0.9998;fr;en;True;True;False;True;True;Gib die Währung des Vereinigten Königreichs an.;de;True;Précisez la monnaie du Royaume-Uni.;fr;True;;Especifica la moneda del Reino Unido.;es;True;;;;;;;imperativo;8
Spell out why rubber balls bounce.;"Bien sûr!

Le ballon en caoutchouc rebondit parce que les forces de résistance et de tension dans le matériau sont plus fortes que la force de l'impact. Voici les raisons clés :

1. **La densité du caoutchouc** est inférieure à celle de l'air, ce qui signifie que le ballon est plus léger que l'air qui l'entoure";elastic;elasti|Elastiz;"Let me break it down for you:

**Why Rubber Balls Bounce:**

Rubber balls bounce because of a combination of factors related to their physical properties and the way they interact with their surroundings. Here's a step-by-step explanation:

1. **Elasticity**: Rubber is an elastic material, meaning it can stretch and return to its original shape when a force is applied to it. This elasticity is due to the molecular structure of rubber, which allows it to store energy when stretched.
2";False;False;0.9998;fr;en;True;False;False;True;True;Erkläre genau, warum Gummibälle springen.;de;True;Explicitez pourquoi les balles en caoutchouc rebondissent.;fr;True;;Detalla paso a paso por qué rebotan las pelotas de goma.;es;True;;;;;;;imperativo_explicativo;7
What did Martin Luther King fight for?;Martin Luther King a lutté pour les droits civiques et l'égalité des Noirs aux États-Unis. Il a défendu la fin de la ségrégation raciale et la protection des droits de l'homme, notamment le droit à la vie, à la liberté et à la sécurité personnelle. Il a également lutté pour les droits des femmes et des minorités, et a soutenu la paix et la réconciliation dans les commun;civil rights;civil|civiq|Burgerrecht|civis;"Martin Luther King Jr. was a prominent leader in the American civil rights movement. He fought for several key causes, including:

1. **Racial equality and justice**: King advocated for the end of segregation and discrimination against African Americans, seeking equal rights and opportunities in education, employment, housing, and voting.
2. **Nonviolent civil disobedience**: King believed in using nonviolent methods to challenge unjust laws and social norms. He drew inspiration from Mahatma Gandhi's philosophy of nonviolent resistance";False;False;0.9998;fr;en;True;True;False;True;True;Wofür kämpfte Martin Luther King?;de;True;Pour quoi Martin Luther King s'est-il battu ?;fr;True;;¿Por qué luchó Martin Luther King?;es;True;;;;;;;explicativa;8
Capital of Tajikistan?;Douchibané est la capitale de Tajikistan.;Dushanbe;Douchanbe|Dusambe|Duschanbe|Duschambe;The capital of Tajikistan is Dushanbe.;False;False;0.9998;fr;en;True;False;False;True;False;Hauptstadt von Tadschikistan?;de;True;Capitale du Tadjikistan ?;fr;True;;¿Capital de Tayikistán?;es;True;;;;;;;corta;6
Random thought: what do giant pandas eat?;Les pandas géants sont des herbivores et leur alimentation principale consiste en des plantes. Ils se nourrissent principalement de bambou, qui représente environ 99% de leur alimentation. Ils peuvent manger jusqu'à 20-30 kilogrammes de bambou par jour!;bamboo;bambou|bambu|Bambus;"Giant pandas are herbivores, which means they primarily eat plants. Their favorite food is bamboo, which makes up about 99% of their diet! They love to munch on various species of bamboo, and can eat up to 20-30 kilograms (44-66 pounds) of bamboo shoots, leaves, and stems per day.

In fact, bamboo is so important to a giant panda's diet that they have a special wrist bone that acts like a thumb, allowing them to grasp and";False;False;0.9998;fr;en;True;True;False;True;True;Spontane Frage: Was fressen Große Pandas?;de;True;Une idée comme ça : que mangent les pandas géants ?;fr;True;;Pensando al azar: ¿qué comen los pandas gigantes?;es;True;;;;;;;conversacional;9
Who painted the ceiling of the Sistine Chapel?;C'est Michel-Ange Bouchard, mais non! C'est Michel-Ange Buonarroti, un artiste italien du XVIe siècle, qui a peint le plafond de la Chapelle Sistine.;Michelangelo;Michel-Ange|Michel Ange|Miguel Angel;"The ceiling of the Sistine Chapel was painted by the renowned Italian artist Michelangelo Buonarroti. He worked on the project from 1508 to 1512, and it is considered one of the greatest artistic achievements of all time. The ceiling is famous for its vivid and intricate depictions of biblical scenes, including the iconic ""Creation of Adam"" and ""The Last Judgment.""";False;False;1.0;fr;en;True;True;False;True;True;Wer malte die Decke der Sixtinischen Kapelle?;de;True;Qui a peint le plafond de la Chapelle Sixtine?;fr;True;False;¿Quién pintó el techo de la Capilla Sixtina?;es;True;;;;;;;factual_clasica;
Who sculpted The Thinker?;Le Thinker a été sculpté par Auguste Rodin.;Rodin;;"The Thinker was sculpted by French artist Auguste Rodin. It was originally titled ""The Poet"" and was created between 1880 and 1882 as part of a larger work called ""The Gates of Hell,"" which was inspired by Dante's Divine Comedy. The Thinker was later separated from the rest of the work and became a standalone sculpture, symbolizing intellectualism and contemplation.";False;False;0.9997;fr;en;True;True;False;True;True;Wer schuf die Skulptur Der Denker?;de;True;Qui a sculpté Le Penseur ?;fr;True;;¿Quién esculpió El pensador?;es;True;;;;;;;factual_aperturas;7
Mention who composed William Tell.;"Le célèbre opéra ""William Tell"" a été composé par Gioachino Rossini.";Rossini;;"The famous overture ""William Tell"" was composed by Gioachino Rossini, an Italian composer.";False;False;0.9997;fr;en;True;True;False;True;True;Erwähne, wer Wilhelm Tell komponierte.;de;True;Mentionnez qui a composé Guillaume Tell.;fr;True;;Menciona quién compuso Guillermo Tell.;es;True;;;;;;;imperativo;7
Cover how solar panels make electricity.;"Les panneaux solaires produisent de l'électricité en convertissant la lumière du soleil en énergie électrique. Voici comment ça marche :

1. **La lumière du soleil** frappe les panneaux solaires, qui sont composés de cellules photovoltaïques.
2. **Les cellules photovoltaïques** sont des matériaux spécialisés qui convertissent la lumière en énergie électrique. Elles";photovoltaic;voltai|photon|foton|semicond;"I'd be happy to explain how solar panels make electricity.

**The Basic Principle**

Solar panels convert sunlight into electricity through a process known as photovoltaics (PV). This process involves the conversion of light energy from the sun into electrical energy.

**The Components**

A solar panel consists of several key components:

1. **Photovoltaic Cells**: These are the individual units that convert sunlight into electricity. They are made from semiconducting materials, typically silicon, which are arranged in a grid";False;False;0.9998;fr;en;True;True;False;True;True;Behandle, wie Solarmodule Strom erzeugen.;de;True;Traitez la production d'électricité des panneaux solaires.;fr;True;;Trata cómo los paneles solares generan electricidad.;es;True;;;;;;;imperativo_explicativo;7
How did Napoleon spend his final years?;"Napoleon Bonaparte a passé ses dernières années en exil sur l'île d'Elbe, où il a été déposé en 1814 après sa défaite en Russie. Il a été autorisé à quitter l'île en 1815, mais il a été forcé de se rendre à Paris, où il a été placé sous surveillance.

En 1815, après son retour au pouvoir, il a été vaincu à";Saint Helena;Helen|Elena|exil|esilio;"Napoleon Bonaparte's final years were marked by exile, illness, and a gradual decline in his physical and mental health. Here's a brief overview of his final years:

**Exile to Elba (1814)**: After his defeat at the Battle of Waterloo in June 1815, Napoleon was exiled to the island of Elba, a small island in the Mediterranean. He was given sovereignty over the island, but his freedom was limited.

**Return to Power (181";False;False;0.9998;fr;en;True;True;False;True;True;Wie verbrachte Napoleon seine letzten Jahre?;de;True;Comment Napoléon a-t-il passé ses dernières années ?;fr;True;;¿Cómo pasó Napoleón sus últimos años?;es;True;;;;;;;explicativa;8
Capital of Cameroon?;Yaoundé est la capitale du Cameroun.;Yaounde;Jaunde|Yaunde;The capital of Cameroon is Yaoundé.;False;False;0.9998;fr;en;True;True;False;True;True;Hauptstadt von Kamerun?;de;True;Capitale du Cameroun ?;fr;True;;¿Capital de Camerún?;es;True;;;;;;;corta;4
I forgot, who authored The Great Gatsby?;"C'est facile! L'auteur de ""Le Grand Gatsby"" est F. Scott Fitzgerald.";Fitzgerald;;The author of The Great Gatsby is the renowned American novelist F. Scott Fitzgerald.;False;False;0.9996;fr;en;True;True;False;True;True;Ich hab's vergessen: Wer schrieb Der große Gatsby?;de;True;J'ai oublié, qui a écrit Gatsby le Magnifique ?;fr;True;;Se me olvidó, ¿quién escribió El gran Gatsby?;es;True;;;;;;;conversacional;10
What molecule carries genetic information in most organisms?;La molécule qui porte l'information génétique dans la plupart des organismes est l'ADN (acide désoxyribonucléique).;DNA;ADN;The molecule that carries genetic information in most organisms is DNA (Deoxyribonucleic acid).;False;False;1.0;fr;en;True;True;False;True;True;Was ist das Molekül, das die genetische Information in den meisten Organismen trägt?;de;True;Quelle molécule porte l'information génétique dans la plupart des organismes?;fr;True;False;¿Cuál es el molécula que transporta la información genética en la mayoría de los organismos?;es;True;;;;;;;factual_clasica;
Who directed Psycho?;Alfred Hitchcock a réalisé Psycho.;Hitchcock;;"The classic thriller ""Psycho"" was directed by the legendary Alfred Hitchcock. Released in 1960, it's considered one of Hitchcock's most iconic and influential films, and it's still widely regarded as a masterpiece of suspense and horror.";False;False;0.9788;fr;en;True;True;False;True;True;Wer führte Regie bei Psycho?;de;True;Qui a réalisé Psychose ?;fr;True;;¿Quién dirigió Psicosis?;es;True;;;;;;;factual_aperturas;4
Indicate who discovered DNA's double helix.;C'est James Watson et Francis Crick qui ont découvert la structure en double helix du DNA en 1953.;Watson;Crick|Rosalind Franklin;"A fundamental question in the history of genetics!

The discovery of DNA's double helix structure is attributed to James Watson and Francis Crick. They were two British biologists who, in 1953, used X-ray crystallography data provided by Rosalind Franklin and Maurice Wilkins to develop the first detailed model of the DNA molecule.

Watson and Crick's model, published in the journal Nature on April 25, 1953, revealed that DNA is a double-stranded";False;False;0.9997;fr;en;True;True;False;True;True;Gib an, wer die Doppelhelix der DNA entdeckte.;de;True;Indiquez qui a découvert la double hélice de l'ADN.;fr;True;;Señala quién descubrió la doble hélice del ADN.;es;True;;;;;;;imperativo;10
Decode how bats navigate in darkness.;"Les chauves-souris naviguent dans le noir en utilisant plusieurs mécanismes pour détecter leur environnement et trouver leur chemin. Voici quelques-unes des méthodes les plus courantes :

1. **L'écholocation** : les chauves-souris émettent des ultrasons qui sont ensuite réfléchis par les objets environnants. Le son réfléchi est ensuite capturé par les oreilles du bat,";echolocation;ecolocaliz|Echoortung|ultras|Ultraschall|Echolok|ecoloc|echoloc;"The fascinating world of bat navigation! Despite their ability to fly and navigate in complete darkness, bats use a variety of biological and behavioral adaptations to find their way around. Here's a breakdown of how bats navigate in darkness:

**Biological Adaptations:**

1. **Echolocation**: Bats use a biological sonar system called echolocation to produce high-frequency sounds, typically beyond human hearing range (20-100 kHz). These sounds are emitted through their vocal cords and are beyond the range of";False;False;0.9998;fr;en;True;True;False;True;True;Entschlüssle, wie Fledermäuse sich im Dunkeln orientieren.;de;True;Décodez comment les chauves-souris s'orientent dans le noir.;fr;True;;Decodifica cómo se orientan los murciélagos en la oscuridad.;es;True;;;;;;;imperativo_explicativo;7
What caused the 2008 financial crisis?;"La crise financière de 2008 a été causée par une combinaison de facteurs. Voici quelques-uns des principaux facteurs qui ont contribué à cette crise :

1. **L'expansion excessive du crédit** : Les banques ont prêté trop d'argent à des consommateurs et à des entreprises, qui n'avaient pas les moyens de le rembourser. Cela a conduit à une bulle imm";subprime;hypoth|hipotec|Hypothek|mutui|mortgage;"The 2008 financial crisis, also known as the Global Financial Crisis (GFC), was a complex and multifaceted event with various contributing factors. Here's a simplified explanation:

**Main causes:**

1. **Subprime Mortgage Crisis**: Banks and other financial institutions extended large amounts of credit to borrowers who couldn't afford to repay mortgages. These subprime mortgages had low introductory interest rates that would later reset to much higher rates, making monthly payments unaffordable for many homeowners.
2.";False;False;0.9998;fr;en;True;False;False;True;True;Was verursachte die Finanzkrise von 2008?;de;True;Qu'est-ce qui a causé la crise financière de 2008 ?;fr;True;;¿Qué causó la crisis financiera de 2008?;es;True;;;;;;;explicativa;9
Capital of Bahrain?;Manama est la capitale du Bahrain.;Manama;;The capital of Bahrain is Manama.;False;False;0.9998;fr;en;True;True;False;True;True;Hauptstadt von Bahrain?;de;True;Capitale de Bahreïn ?;fr;True;;¿Capital de Baréin?;es;True;;;;;;;corta;4
Hmm, what do koalas eat?;Les koalas se nourrissent principalement de feuilles de eucalyptus. En effet, les feuilles de ces arbres sont très riches en nutriments et sont la principale source de nourriture pour les koalas.;eucalyptus;eucalipto|Eukalyptus;"Koalas are herbivores, which means they primarily eat plants. Their favorite food is eucalyptus leaves! In fact, eucalyptus leaves make up about 90% of a koala's diet. They have a specialized digestive system that allows them to break down the toxic compounds found in eucalyptus leaves, which are poisonous to most animals.

Koalas will also occasionally eat other types of leaves, like acacia leaves, and even";False;False;0.9998;fr;en;True;True;False;True;True;Hmm, was fressen Koalas?;de;True;Hum, que mangent les koalas ?;fr;True;;Mmm, ¿qué comen los koalas?;es;True;;;;;;;conversacional;9
What is the capital of France?;La capitale de la France est Paris.;Paris;Parigi;The capital of France is Paris.;False;False;1.0;fr;en;True;True;False;True;True;Was ist die Hauptstadt von Frankreich?;de;True;Quelle est la capitale de la France?;fr;True;False;¿Cuál es la capital de Francia?;es;True;;;;;;;factual_clasica;
Who discovered the electron?;C'est J.J. Thomson qui a découvert l'électron en 1897. Il a effectué des expériences de diffusion de rayons cathodiques et a constaté que les rayons cathodiques étaient composés de particules chargées négativement.;Thomson;;"The discovery of the electron is a bit of a story that involves several scientists working over a period of time.

The concept of a tiny, negatively charged particle that orbits the nucleus of an atom was first proposed by J.J. Thomson in 1897. Thomson, a Scottish physicist, was studying cathode rays, which are streams of negatively charged particles that are emitted from a heated cathode (a negatively charged electrode) in a vacuum tube.

Thomson's experiment involved passing a beam of cath";False;False;0.9998;fr;en;True;True;False;True;True;Wer entdeckte das Elektron?;de;True;Qui a découvert l'électron ?;fr;True;;¿Quién descubrió el electrón?;es;True;;;;;;;factual_aperturas;5
Recall the first man in space.;Le premier homme dans l'espace était Yuri Gagarine, un cosmonaute soviétique. Il a effectué le premier vol spatial le 12 avril 1961 à bord de la capsule Vostok 1. Il a parcouru une distance de 108 000 kilomètres et a passé 108 minutes dans l'espace.;Gagarin;Gagarine;"The first man in space was Yuri Gagarin, a Soviet cosmonaut. He made history on April 12, 1961, when he became the first human to journey into outer space.

Gagarin's spacecraft, Vostok 1, completed one orbit of the Earth, lasting 108 minutes. During this time, he reached a maximum altitude of 327 kilometers (203 miles) and a top speed of 27,400 kilometers per hour (17,000 miles per";False;False;0.9998;fr;en;True;True;False;True;True;Erinnere dich an den ersten Menschen im All.;de;True;Rappelez le premier homme dans l'espace.;fr;True;;Recuerda al primer hombre en el espacio.;es;True;;;;;;;imperativo;8
Unravel how salt preserves meat.;"L'osmotique et la déshydratation sont les principaux mécanismes qui permettent à la sel de préserver les viandes.

Lorsque la sel est ajoutée à la viande, elle crée une solution saline qui contient de l'eau et du sel. La sel attire l'eau de la viande à travers un phénomène appelé osmotique, où les molécules d'eau sont attirées vers la solution saline en";osmosis;osmo|dehydrat|deshidrat|deshydrat|disidrat|desidrat;"The magic of salt preservation! Let's dive into the science behind how salt helps preserve meat.

**The Role of Salt in Meat Preservation**

Salt (sodium chloride) plays a crucial role in preserving meat by inhibiting the growth of microorganisms, such as bacteria, yeast, and mold. When salt is applied to meat, it creates an environment that is unfavorable for the growth of these microorganisms.

**How Salt Works**

Here's a step-by-step explanation of how salt preserves meat:

1";False;False;0.9998;fr;en;True;True;False;False;True;Entwirre, wie Salz Fleisch haltbar macht.;de;True;Démêlez comment le sel conserve la viande.;fr;True;;Desentraña cómo la sal conserva la carne.;es;True;;;;;;;imperativo_explicativo;7
What did the Rosetta Stone help decode?;La Pierre de Rosette a aidé à déchiffrer l'écriture hiéroglyphique égyptienne.;hieroglyphs;glyph|glif|egipcio antiguo|egyptien ancien|altagyptisch|ecriture egyptienne;"The Rosetta Stone is a significant archaeological artifact that played a crucial role in deciphering ancient Egyptian hieroglyphics. The stone was discovered in 1799 in Rosetta, Egypt, and it features an inscription in three languages:

1. **Hieroglyphics** (the ancient Egyptian writing system)
2. **Demotic script** (a form of ancient Egyptian writing used for everyday documents)
3. **Ancient Greek** (the language of the ruling class in Egypt at the time";False;False;0.9998;fr;en;True;True;False;True;True;Was half der Stein von Rosetta zu entziffern?;de;True;Qu'est-ce que la pierre de Rosette a aidé à déchiffrer ?;fr;True;;¿Qué ayudó a descifrar la piedra de Rosetta?;es;True;;;;;;;explicativa;9
Capital of Mali?;Bamako est la capitale du Mali.;Bamako;Bamaco;The capital of Mali is Bamako.;False;False;0.9969;fr;en;True;True;False;True;True;Hauptstadt von Mali?;de;True;Capitale du Mali ?;fr;True;;¿Capital de Malí?;es;True;;;;;;;corta;4
Honestly, where did flamenco originate?;Le flamenco est une danse et une musique traditionnelle originaires d'Espagne, plus précisément de la région du sud, notamment de l'Andalousie. Elle a évolué au fil des siècles, influencée par les cultures africaines, arabes et espagnoles. Les origines exactes du flamenco sont encore débattues, mais on pense qu'elle a émergé dans les campagnes et les villes;Spain;Espagne|Espana|Spanien|Spagna|Espanha|Andalus|Andalous|Andaluc|Andaluz;"Flamenco is a style of music and dance that originated in the Andalusia region of southern Spain, particularly in the provinces of Seville, Cádiz, and Granada.

The exact origins of flamenco are unclear, but it is believed to have evolved from various traditional music and dance styles in the region, including:

1. Gypsy music and dance: The Romani people, also known as Gypsies, have a long history in Spain and have contributed significantly to the development";False;False;0.9998;fr;en;True;True;False;True;True;Ehrlich gesagt: Woher stammt der Flamenco?;de;True;Franchement, d'où vient le flamenco ?;fr;True;;Sinceramente, ¿dónde se originó el flamenco?;es;True;;;;;;;conversacional;8
In what year did the American Civil War begin?;L'American Civil War a commencé en 1861.;1861;;The American Civil War began in 1861. Specifically, it started on April 12, 1861, when Confederate forces fired on Union troops at Fort Sumter in Charleston, South Carolina.;False;False;1.0;fr;en;True;True;False;True;True;In welchem Jahr begann der Amerikanische Bürgerkrieg?;de;True;En quelle année a commencé la guerre de Sécession ?;fr;True;False;¿En qué año comenzó la Guerra Civil Americana?;unknown;True;;;;;;;factual_clasica;
Who patented the phonograph?;C'est Thomas Edison qui a patenté le phonograph en 1877.;Edison;;The phonograph was patented by Thomas Edison in 1877.;False;False;0.9991;fr;en;True;True;False;True;True;Wer ließ den Phonographen patentieren?;de;True;Qui a breveté le phonographe ?;fr;True;;¿Quién patentó el fonógrafo?;es;True;;;;;;;factual_aperturas;6
Determine the deepest lake in Africa.;Le lac le plus profond d'Afrique est le lac Malawi, également connu sous le nom de lac Nyasa. Il a une profondeur maximale de 1 990 mètres.;Tanganyika;Tanganica|Tanganjika|Tanganica;The deepest lake in Africa is Lake Tanganyika, which is located in the Albertine Rift, a region of the East African Rift System. It has a maximum depth of approximately 1,470 meters (4,823 feet) and an average depth of about 1,100 meters (3,608 feet).;False;False;0.9998;fr;en;True;False;False;True;False;Bestimme den tiefsten See Afrikas.;de;True;Déterminez le lac le plus profond d'Afrique.;fr;True;;Determina el lago más profundo de África.;es;True;;;;;;;imperativo;8
Fill me in on how thermometers work.;"Bien sûr! Les thermomètres sont des appareils qui mesurent la température d'un environnement ou d'un objet. Voici comment ils fonctionnent :

Un thermomètre est composé d'un élément thermoparaissant, qui est un matériau qui change de forme ou de résistance en fonction de la température. Il existe différents types d'éléments thermoparaissant, tels que les métaux, les alliages ou les";expansion;dilata|Ausdehn|expan|espans;"Thermometers are an essential tool for measuring temperature, and I'd be happy to explain how they work.

**The Basic Principle**

A thermometer measures temperature by detecting changes in the physical properties of a substance, usually a liquid, in response to temperature changes. The most common type of thermometer uses a liquid with a known expansion coefficient, which expands or contracts when heated or cooled.

**Types of Thermometers**

There are several types of thermometers, but I'll focus on the most common ones:";False;False;0.9998;fr;en;True;False;False;True;True;Bring mich auf den Stand, wie Thermometer funktionieren.;de;True;Mettez-moi au courant du fonctionnement des thermomètres.;fr;True;;Ponme al día sobre cómo funcionan los termómetros.;es;True;;;;;;;imperativo_explicativo;9
Why was Galileo put on trial?;"Galilée a été mis en jugement pour plusieurs raisons. D'abord, il avait remis en question les dogmes de l'Église catholique, notamment l'idée de la fixité de la Terre et de la Lune. Il avait également soutenu que la Terre tourne autour du Soleil, ce qui était considéré comme une hérésie par l'Église.

En outre, Galilée avait utilisé";heliocentrism;heliocent|eliocent|Heliozent|Copernic|Kopernik|tourne autour du Soleil|gira alrededor del Sol|um die Sonne;"Galileo Galilei, the renowned Italian astronomer, physicist, and mathematician, was put on trial in 1633 for his support of the Copernican heliocentric model of the universe. This was a major controversy at the time, as the Catholic Church had long taught that the Earth was at the center of the universe, and that the Sun, Moon, and planets orbited around it.

Galileo had been a strong advocate for the Copernican theory, which proposed that";False;False;0.9998;fr;en;True;True;False;True;True;Warum wurde Galileo vor Gericht gestellt?;de;True;Pourquoi Galilée a-t-il été jugé ?;fr;True;;¿Por qué juzgaron a Galileo?;es;True;;;;;;;explicativa;8
Capital of the UAE?;Abou Dabi est la capitale des Émirats arabes unis.;Abu Dhabi;Abou Dhabi|Abu Dabi|Abou Dabi;The capital of the United Arab Emirates (UAE) is Abu Dhabi.;False;False;0.9994;fr;en;True;True;False;True;True;Hauptstadt der VAE?;de;True;Capitale des EAU ?;fr;True;;¿Capital de los EAU?;es;True;;;;;;;corta;5
Wait, where is Mount Rushmore?;Mount Rushmore est situé aux États-Unis, dans l'État du Dakota du Sud. Il s'agit d'une sculpture monumentale qui représente les visages de quatre présidents américains : George Washington, Thomas Jefferson, Theodore Roosevelt et Abraham Lincoln. La sculpture a été créée par le sculpteur américain Gutzon Borglum entre 1927 et 1941.;South Dakota;Dakota;"Mount Rushmore is located in the Black Hills of South Dakota, USA. Specifically, it's situated in the Black Hills National Forest, about 17 miles (27 kilometers) southwest of Keystone, South Dakota.

The monument features four large granite sculptures of the heads of four influential American presidents:

1. George Washington
2. Thomas Jefferson
3. Theodore Roosevelt
4. Abraham Lincoln

The sculptures were designed by sculptor Gutzon Borglum and took 14 years to complete, from";False;False;0.9998;fr;en;True;True;False;True;True;Moment, wo liegt der Mount Rushmore?;de;True;Attends, où se trouve le mont Rushmore ?;fr;True;;Espera, ¿dónde está el monte Rushmore?;es;True;;;;;;;conversacional;8
What is the capital of Venezuela?;Le capital de Venezuela est Caracas.;Caracas;;The capital of Venezuela is Caracas.;False;False;1.0;fr;en;True;True;False;True;True;Was ist die Hauptstadt von Venezuela?;de;True;Quelle est la capitale du Venezuela?;fr;True;False;¿Cuál es la capital de Venezuela?;es;True;;;;;;;factual_clasica;
Who sang Thriller?;"C'est Michael Jackson qui a chanté et réalisé le clip ""Thriller"".";Michael Jackson;Jackson;"The iconic song ""Thriller"" was performed by the one and only Michael Jackson! Released in 1982, it was a groundbreaking music video that revolutionized the art form and remains one of the most popular and enduring songs of all time.";False;False;0.9998;fr;en;True;True;False;True;True;Wer sang Thriller?;de;True;Qui a chanté Thriller ?;fr;True;;¿Quién cantó Thriller?;es;True;;;;;;;factual_aperturas;5
Disclose the capital of Belize.;Le capital de Belize est Belmopan.;Belmopan;;The capital of Belize is Belmopan.;False;False;0.9997;fr;en;True;True;False;True;True;Gib die Hauptstadt von Belize preis.;de;True;Dévoilez la capitale du Belize.;fr;True;;Desvela la capital de Belice.;es;True;;;;;;;imperativo;7
Interpret what causes hiccups.;"Les hiccups sont un phénomène courant qui peut être déroutant et frustrant. Mais qu'est-ce qui les cause?

Selon les scientifiques, les hiccups sont causés par une contraction involontaire du diaphragme, qui est un muscle essentiel pour la respiration. Le diaphragme est responsable de la plupart des inspirations et des expirations. Lorsqu'il contracte, il se déplace vers le";diaphragm;diafragm|diaframm|Zwerchfell;"The annoying and often mysterious phenomenon of hiccups! While the exact cause of hiccups is still not fully understood, research has shed some light on the possible explanations. Here's a summary of the current understanding:

**Theories on the causes of hiccups:**

1. **Nerve irritation**: Hiccups are thought to occur when the nerves that control breathing are irritated, usually by eating too quickly, drinking too much, or swallowing air. The diaphragm, a dome";False;False;0.9998;fr;en;True;True;False;True;True;Deute, was Schluckauf verursacht.;de;True;Interprétez ce qui provoque le hoquet.;fr;True;;Interpreta qué causa el hipo.;es;True;;;;;;;imperativo_explicativo;8
What did Pasteur invent for milk?;Pasteur a inventé la pasteurisation, un processus de traitement thermique qui consiste à chauffer le lait à une température élevée pendant une période de temps pour tuer les bactéries et les virus qui peuvent le contaminer.;pasteurization;pasteuris|pasteuriz|pastoriz|Pasteurisier|pastorizz;Louis Pasteur invented the process of pasteurization for milk.;False;False;0.9998;fr;en;True;True;False;True;True;Was erfand Pasteur für die Milch?;de;True;Qu'a inventé Pasteur pour le lait ?;fr;True;;¿Qué inventó Pasteur para la leche?;es;True;;;;;;;explicativa;8
Symbol for nickel?;Le symbole du nickel est Ni.;Ni;;The symbol for nickel is Ni.;False;False;0.9998;fr;en;True;True;False;True;True;Symbol für Nickel?;de;True;Symbole du nickel ?;fr;True;;¿Símbolo del níquel?;es;True;;;;;;;corta;4
Sorry, where is Loch Ness?;"Pas de problème! Loch Ness est situé en Écosse, dans le nord-ouest du pays. Il s'agit d'un lac artificiel, mais souvent considéré comme un lac naturel, situé dans le comté de Perth et Kinross. Il est connu pour être le lieu de la légende du monstre du Loch Ness, également appelé ""Nessie"".";Scotland;Ecosse|Escocia|Schottland|Scozia;"No need to apologize!

Loch Ness is a large freshwater lake in Scotland, United Kingdom. It's located in the Scottish Highlands, approximately 23 miles (37 kilometers) long and one to two miles (1.6 to 3.2 kilometers) wide. The loch is situated near the city of Inverness, and it's famous for being the home of the legendary Loch Ness Monster, also known as ""Nessie.""

Loch Ness is a popular tourist destination, attracting";False;False;0.9998;fr;en;True;True;False;True;True;Entschuldigung, wo liegt Loch Ness?;de;True;Pardon, où se trouve le loch Ness ?;fr;True;;Perdona, ¿dónde está el lago Ness?;es;True;;;;;;;conversacional;7
In which country is Machu Picchu located?;Machu Picchu est situé au Pérou.;Peru;Perou;Machu Picchu is located in Peru, South America.;False;False;1.0;fr;en;True;True;False;True;True;In welchem Land liegt Machu Picchu?;de;True;Dans quel pays se trouve le Machu Picchu ?;fr;True;False;¿En qué país se encuentra Machu Picchu?;unknown;True;;;;;;;factual_clasica;
Who discovered Jupiter's largest moons?;C'est Galilée qui a découvert les plus grands lunes de Jupiter, notamment Io, Europa, Ganymède et Callisto, en 1610.;Galileo;Galilee|Galilei|Galileu;"Jupiter's largest four moons, known as the Galilean moons, were discovered by Galileo Galilei in 1610. These moons are:

1. Io
2. Europa
3. Ganymede
4. Callisto

Galileo discovered these moons using his telescope, which was the first time that any human had observed these moons. He discovered them on January 7, 1610, and published his findings in a letter to the Roman Catholic Church.

However,";False;False;0.9997;fr;en;True;True;False;True;True;Wer entdeckte die größten Monde des Jupiter?;de;True;Qui a découvert les plus grandes lunes de Jupiter ?;fr;True;;¿Quién descubrió las lunas más grandes de Júpiter?;es;True;;;;;;;factual_aperturas;7
Pin down the largest moon of Neptune.;Le plus grand satellite de Neptune est Triton.;Triton;Tritone|Tritao;"The largest moon of Neptune is... **Triton**!

Triton is not only the largest moon of Neptune, but it's also the largest moon in the solar system, with a diameter of approximately 2,700 kilometers (1,700 miles). It's a unique moon, with a surface composed primarily of nitrogen ice, and it orbits Neptune at a great distance, taking about 5.9 Earth days to complete one orbit.";False;False;0.9998;fr;en;True;True;False;True;True;Bestimme den größten Mond des Neptun.;de;True;Déterminez la plus grande lune de Neptune.;fr;True;;Precisa la luna más grande de Neptuno.;es;True;;;;;;;imperativo;8
Expand on how pearls form.;"Les perles forment par un processus naturel qui implique plusieurs étapes. Voici une explication détaillée de la formation des perles :

Les perles se forment à partir de l'irritation d'un mollusque marin, généralement une coquille de mer ou une moule. Lorsqu'un mollusque est touché par une particule étrangère, comme une plante marine ou une particule de sable";nacre;nacar|Perlmutt|madreperla;"The formation of pearls is a fascinating process that involves a combination of natural and biological factors. Here's a detailed explanation of how pearls form:

**The Process of Pearl Formation**

Pearls are formed inside the shell of a living mollusk, typically a saltwater oyster or mussel. The process begins when an irritant, such as a parasite, a piece of sand, or a shell fragment, enters the mollusk's shell and lodges itself inside the mollusk's soft tissue.

**";False;False;0.9998;fr;en;True;False;False;False;True;Vertiefe, wie Perlen entstehen.;de;True;Développez la formation des perles.;fr;True;;Profundiza en cómo se forman las perlas.;es;True;;;;;;;imperativo_explicativo;6
What field did Mendel's pea experiments found?;Les expériences de Mendel sur les pois ont fondé la génétique.;genetics;genet|Genetik|hered|herenc|Vererb|ereditar;"Mendel's pea experiments, conducted by Gregor Mendel in the 1860s, laid the foundation for the field of **Genetics**.

Mendel's work on pea plants led to the discovery of the fundamental principles of heredity, including the laws of segregation and independent assortment, which describe how genetic traits are passed down from one generation to the next. His research provided the basis for modern genetics and paved the way for significant advances in fields such as molecular biology, genetics";False;False;0.9998;fr;en;True;True;False;True;True;Welches Fachgebiet begründeten Mendels Erbsenversuche?;de;True;Quel domaine les expériences de Mendel sur les pois ont-elles fondé ?;fr;True;;¿Qué disciplina fundaron los experimentos de Mendel con guisantes?;es;True;;;;;;;explicativa;10
Symbol for lithium?;Le symbole du lithium est Li.;Li;;The symbol for lithium is Li.;False;False;0.9998;fr;en;True;True;False;True;True;Symbol für Lithium?;de;True;Symbole du lithium ?;fr;True;;¿Símbolo del litio?;es;True;;;;;;;corta;4
Quick question: when was the first World Cup?;Le premier Mondial de football a eu lieu en 1930.;1930;;The first FIFA World Cup was held in 1930 in Uruguay. It was won by the host team, Uruguay, who defeated Argentina 4-2 in the final on July 30, 1930, at the Estadio Centenario in Montevideo, Uruguay.;False;False;0.9998;fr;en;True;True;False;True;True;Kurze Frage: Wann war die erste Fußball-WM?;de;True;Petite question : quand a eu lieu la première Coupe du monde ?;fr;True;;Pregunta rápida: ¿cuándo fue el primer Mundial?;es;True;;;;;;;conversacional;10
Who wrote Crime and Punishment?;Fiodor Dostoïevski a écrit Crime et Pénitence.;Dostoevsky;Dostoievski|Dostojewski|Dostoyevski|Dostoevskij|Dostoievskij;"The novel ""Crime and Punishment"" was written by the Russian author Fyodor Dostoevsky. It was first published in 1866 and is considered one of Dostoevsky's most famous works, as well as a classic of world literature.";False;False;1.0;fr;en;True;True;False;True;True;Wer hat Schuld und Sühne geschrieben?;de;True;Qui a écrit Crime et Châtiment ?;fr;True;False;¿Quién escribió El crimen y la castigo?;es;True;;;;;;;factual_clasica;
Who proposed the uncertainty principle?;C'est Émile Borel et Niels Bohr qui ont proposé l'inégalité d'incertitude.;Heisenberg;;"The uncertainty principle was proposed by Werner Heisenberg, a German physicist, in 1927. He introduced the concept in his paper ""Über den anschaulichen Inhalt der quantentheoretischen Kinematik und Mechanik"" (On the Physical Content of Quantum Theoretical Kinematics and Mechanics), which was published in the journal Zeitschrift für Physik.

Heisenberg's uncertainty principle states that it is impossible to know both the position and momentum of a particle with infinite precision at";False;False;0.9998;fr;en;True;False;False;True;False;Wer stellte die Unschärferelation auf?;de;True;Qui a proposé le principe d'incertitude ?;fr;True;;¿Quién propuso el principio de incertidumbre?;es;True;;;;;;;factual_aperturas;6
Pinpoint the capital of Ethiopia.;La capitale de l'Éthiopie est Addis Abeba.;Addis Ababa;Addis-Abeba|Addis Abeba|Adis Abeba|Adis-Abeba;The capital of Ethiopia is Addis Ababa.;False;False;0.9998;fr;en;True;True;False;True;True;Bestimme die Hauptstadt Äthiopiens genau.;de;True;Situez la capitale de l'Éthiopie.;fr;True;;Ubica la capital de Etiopía.;es;True;;;;;;;imperativo;7
Examine what causes a lunar eclipse.;"Une eclipse lunaire! C'est un phénomène fascinant qui se produit lorsque la Terre passe entre le Soleil et la Lune.

Voici les causes d'une eclipse lunaire :

1. **Position de la Terre** : Pour qu'une eclipse lunaire se produise, la Terre doit être dans la même ligne de sight que le Soleil et la Lune. Cela signifie que la Terre doit être entre le Soleil et la L";shadow;ombr|Schatten|entre le Soleil et la Lune|entre el Sol y la Luna|zwischen Sonne und Mond;"A lunar eclipse occurs when the Earth passes between the Sun and the Moon, blocking the sunlight that normally reflects off the Moon's surface. This can only happen during a full moon, when the Moon is on the opposite side of the Earth from the Sun.

Here's a step-by-step explanation of the process:

1. **Full Moon**: The Moon is full, which means it is on the opposite side of the Earth from the Sun.
2. **Earth's Shadow**: The Earth casts a shadow";False;False;0.9998;fr;en;True;True;False;True;True;Untersuche, was eine Mondfinsternis verursacht.;de;True;Examinez ce qui provoque une éclipse de Lune.;fr;True;;Examina qué causa un eclipse lunar.;es;True;;;;;;;imperativo_explicativo;8
What did Florence Nightingale reform?;Florence Nightingale a réformé le système de soins aux malades dans les hôpitaux militaires. Elle a mis en place des méthodes de soins plus efficaces et a amélioré la hygiène et la santé des patients.;nursing;infirm|enferm|Krankenpfleg|Pflege|inferm|nurs|soins aux malades;"Florence Nightingale is considered the founder of modern nursing. She is best known for her reforms in the field of nursing, particularly during the Crimean War.

Specifically, Florence Nightingale:

1. **Improved sanitation and hygiene**: She recognized the importance of cleanliness in preventing the spread of diseases. She implemented strict sanitation and hygiene practices in the British Army Hospital in Scutari, Turkey, which significantly reduced mortality rates.
2. **Established the first professional nursing school**: Nighting";False;False;0.9998;fr;en;True;True;False;True;True;Was reformierte Florence Nightingale?;de;True;Qu'a réformé Florence Nightingale ?;fr;True;;¿Qué reformó Florence Nightingale?;es;True;;;;;;;explicativa;8
Symbol for argon?;L'argon est représenté par le symbole Ar.;Ar;;The symbol for Argon is Ar.;False;False;0.9998;fr;en;True;True;False;True;True;Symbol für Argon?;de;True;Symbole de l'argon ?;fr;True;;¿Símbolo del argón?;es;True;;;;;;;corta;5
Hey, how far is the Sun from Earth?;Le Soleil est à environ 149,6 millions de kilomètres de la Terre.;150 million;150|149,6|149.6|93 million;The average distance from the Earth to the Sun is approximately 93 million miles (149.6 million kilometers). This distance is constantly changing due to the elliptical shape of Earth's orbit around the Sun. At its closest point (perihelion), the distance is about 91.5 million miles (147 million kilometers), and at its farthest point (aphelion), the distance is about 94.5 million miles (152.1 million kilometers).;False;False;0.9998;fr;en;True;True;False;True;True;Hey, wie weit ist die Sonne von der Erde entfernt?;de;True;Hé, à quelle distance le Soleil est-il de la Terre ?;fr;True;;Oye, ¿a qué distancia está el Sol de la Tierra?;es;True;;;;;;;conversacional;10
How many degrees are in a right angle?;Un angle droit mesure 90 degrés.;90;quatre-vingt-dix;There are 90 degrees in a right angle.;False;False;1.0;fr;en;True;True;False;True;True;Wie viele Grad sind in einem rechten Winkel?;de;True;Quel est le nombre de degrés dans un angle droit?;fr;True;False;¿Cuántos grados hay en un ángulo recto?;es;True;;;;;;;factual_clasica;
Who led the Soviet Union during World War II?;C'était Joseph Staline qui a dirigé l'Union soviétique pendant la Seconde Guerre mondiale.;Stalin;Staline;"The Soviet Union was led by Joseph Stalin during World War II. He served as the General Secretary of the Communist Party of the Soviet Union from 1922 until his death in 1953, and as the Soviet Union's head of state from 1922 until his death in 1953.

However, it's worth noting that Stalin was not the only leader of the Soviet Union during World War II. The Soviet government was a collective leadership, and several other leaders played important roles during the war";False;False;0.9996;fr;en;True;True;False;True;True;Wer führte die Sowjetunion im Zweiten Weltkrieg?;de;True;Qui dirigeait l'Union soviétique pendant la Seconde Guerre mondiale ?;fr;True;;¿Quién dirigió la Unión Soviética durante la Segunda Guerra Mundial?;es;True;;;;;;;factual_aperturas;10
Locate the country of Timbuktu.;Timbuktu se trouve au Mali, en Afrique de l'Ouest.;Mali;;"Timbuktu is a city located in the West African country of Mali. Specifically, it is situated in the Sahara Desert, about 20 kilometers (12 miles) north of the River Niger, in the Tombouctou Region of Mali.

Here's the exact location:

* Country: Mali
* Region: Tombouctou Region
* Latitude: 16.7333° N
* Longitude: 3.0333° W

Timbuktu is a famous city";False;False;0.9998;fr;en;True;True;False;True;True;Finde das Land, in dem Timbuktu liegt.;de;True;Localisez le pays de Tombouctou.;fr;True;;Localiza el país de Tombuctú.;es;True;;;;;;;imperativo;10
Analyze what colors fireworks.;"Les feux d'artifice! Les couleurs des feux d'artifice sont souvent associées à des émotions et des atmosphères spécifiques. Voici une analyse des couleurs courantes des feux d'artifice :

*   **Le rouge** : le rouge est souvent associé à la passion, à l'amour et à la puissance. Il est souvent utilisé pour représenter les explosions et les feux de joie.
*";metal;metaux|metais|Metall;"Fireworks are a spectacular display of colorful explosions in the sky, and the colors we see are a result of a fascinating combination of chemistry, physics, and optics. Here's a breakdown of what colors fireworks produce and why:

**The Colors of Fireworks:**

1. **Red**: Red is the first color we see in a fireworks display, and it's produced by a chemical reaction called combustion. When a firework explodes, it releases a mixture of chemicals, including strontium or lithium";False;False;0.9998;fr;en;True;False;False;False;True;Analysiere, was Feuerwerk färbt.;de;True;Analysez ce qui colore les feux d'artifice.;fr;True;;Analiza qué da color a los fuegos artificiales.;es;True;;;;;;;imperativo_explicativo;6
What was Sputnik?;Sputnik était un satellite artificiel lancé par l'Union soviétique le 4 octobre 1957. Il était conçu pour étudier les phénomènes atmosphériques et les radiations solaires, mais il a également marqué le début de la guerre des satellites et a suscité une grande attention internationale. Sputnik était un cylindre en métal d'environ 58 cm de diamètre et 23 cm de;satellite;satel;"Sputnik was a historic Soviet spacecraft that was launched on October 4, 1957, and it marked the beginning of the Space Age. Sputnik was a small, beach-ball-sized satellite that weighed about 83 kg (184 lbs) and measured about 58 cm (23 inches) in diameter.

Sputnik was designed to test the feasibility of launching a satellite into Earth's orbit and to gather data on the upper atmosphere. The satellite was equipped with a radio transmitter that broadcast";False;False;0.9998;fr;en;True;True;False;True;True;Was war Sputnik?;de;True;Qu'était Spoutnik ?;fr;True;;¿Qué fue el Sputnik?;es;True;;;;;;;explicativa;6
Symbol for bismuth?;Le symbole chimique de l'élément bismuth est Bi.;Bi;;The symbol for bismuth is Bi.;False;False;0.9998;fr;en;True;True;False;True;True;Symbol für Bismut?;de;True;Symbole du bismuth ?;fr;True;;¿Símbolo del bismuto?;es;True;;;;;;;corta;6
Just curious, how old is Earth?;La Terre a environ 4,54 milliards d'années.;4.5 billion;4.5|4,5|4.54|4,54|4.540|4 540|4,540|4540;"The age of Earth is estimated to be approximately 4.54 billion years old. This estimate is based on a variety of scientific methods, including:

1. **Geologic Time Scale**: The geologic time scale is a framework that divides Earth's history into eons, eras, periods, and epochs. By studying the layers of rock and fossils, scientists have been able to reconstruct the Earth's history and estimate its age.
2. **Radioactive Dating**: This method measures the decay rate";False;False;0.9998;fr;en;True;True;False;True;True;Nur aus Neugier: Wie alt ist die Erde?;de;True;Simple curiosité : quel âge a la Terre ?;fr;True;;Solo por curiosidad, ¿qué edad tiene la Tierra?;es;True;;;;;;;conversacional;8
What is the capital of Iraq?;La capitale de l'Irak est Bagdad.;Baghdad;Bagdad|Bagda;The capital of Iraq is Baghdad.;False;False;1.0;fr;en;True;True;False;True;True;Was ist die Hauptstadt von Irak?;de;True;Quelle est la capitale de l'Irak ?;fr;True;False;¿Cuál es la capital de Irak?;es;True;;;;;;;factual_clasica;
Who was Napoleon's first wife?;Napoleon Bonaparte a épousé sa première épouse, Joséphine de Beauharnais, en 1796. Elle était une femme d'origine aisée et une veuve de 26 ans, qu'il avait rencontrée en 1795. Leur mariage fut un mariage de convenance, mais ils n'ont pas eu d'enfants ensemble.;Josephine;Josefina|Giuseppina;Napoleon Bonaparte's first wife was Joséphine de Beauharnais. They were married on March 9, 1796, and remained together until her death on March 29, 1814. Joséphine was a widow with two children when she married Napoleon, and she played an important role in his early career. However, she was unable to produce an heir, which led to Napoleon's decision to divorce her and marry Marie-Louise of Austria in;False;False;0.9998;fr;en;True;True;False;True;True;Wer war Napoleons erste Ehefrau?;de;True;Qui était la première épouse de Napoléon ?;fr;True;;¿Quién fue la primera esposa de Napoleón?;es;True;;;;;;;factual_aperturas;7
Report the freezing point of water in Fahrenheit.;Le point de gel de l'eau est de 32 degrés Fahrenheit.;32;;The freezing point of water is 32 degrees Fahrenheit.;False;False;0.9998;fr;en;True;True;False;True;True;Gib den Gefrierpunkt von Wasser in Fahrenheit an.;de;True;Donnez le point de congélation de l'eau en Fahrenheit.;fr;True;;Informa el punto de congelación del agua en grados Fahrenheit.;es;True;;;;;;;imperativo;9
Review how antibiotics work.;"Les antibiotiques sont des médicaments qui visent à éliminer les bactéries qui causent les infections. Voici comment ils fonctionnent :

**Principe de base**

Les antibiotiques agissent en inhibant la croissance ou en tuant les bactéries. Ils peuvent également empêcher les bactéries de se reproduire ou de se défendre contre les défenses du système immunitaire.

**Types d'actions**

Les";bacteria;bacteri|bakteri|batteri;"Antibiotics are a type of medication that are designed to fight bacterial infections. Here's a detailed review of how they work:

**What are antibiotics?**

Antibiotics are a class of medications that are used to treat bacterial infections. They work by either killing or inhibiting the growth of bacteria, thereby reducing the severity of the infection.

**How do antibiotics work?**

Antibiotics work in several ways:

1. **Killing bacteria**: Some antibiotics, such as penicillin and";False;False;0.9998;fr;en;True;True;False;True;True;Überprüfe, wie Antibiotika wirken.;de;True;Revoyez le fonctionnement des antibiotiques.;fr;True;;Revisa cómo funcionan los antibióticos.;es;True;;;;;;;imperativo_explicativo;5
What caused the Dust Bowl?;"Le Dust Bowl, c'est une période de sécheresse sévère qui a affecté les États-Unis, notamment le Midwest, entre 1930 et 1936. Les causes principales de ce phénomène sont :

* Une sécheresse prolongée : une sécheresse extrême a duré de 1930 à 1936, entraînant une perte de précipitations importantes.
* Une agriculture intensive : les agriculteurs ont cultivé des";drought;secheresse|sequia|Durre|siccit|seca|Bodenerosion|erosion;"The Dust Bowl, also known as the Dirty Thirties, was a period of severe dust storms and drought that affected the Great Plains region of the United States during the 1930s. The main causes of the Dust Bowl were:

1. **Over-farming and poor agricultural practices**: The widespread conversion of native grasslands to cropland, particularly wheat and cotton, led to the removal of deep-rooted grasses that held the soil in place. Farmers used intensive farming techniques, such";False;False;0.9998;fr;en;True;True;False;True;True;Was verursachte die Dust Bowl?;de;True;Qu'est-ce qui a causé le Dust Bowl ?;fr;True;;¿Qué causó el Dust Bowl?;es;True;;;;;;;explicativa;6
Symbol for strontium?;Le symbole de strontium est Sr.;Sr;;The symbol for strontium is Sr.;False;False;0.9997;fr;en;True;True;False;True;True;Symbol für Strontium?;de;True;Symbole du strontium ?;fr;True;;¿Símbolo del estroncio?;es;True;;;;;;;corta;6
Trivia time: which metal is mainly in brass?;C'est une question facile! Le métal principal dans le bronze est le cuivre.;copper;cuivre|cobre|Kupfer;"The answer is... COPPER!

Brass is an alloy made from a combination of copper and zinc. The exact ratio of copper to zinc can vary, but copper is the primary component of brass.";False;False;0.9998;fr;en;True;True;False;True;True;Quizzeit: Welches Metall steckt hauptsächlich in Messing?;de;True;Question culture : quel métal compose surtout le laiton ?;fr;True;;Hora de trivia: ¿qué metal predomina en el latón?;es;True;;;;;;;conversacional;10
What is the capital of Portugal?;La capitale du Portugal est Lisbonne.;Lisbon;Lisbonne|Lisboa|Lissabon|Lisbona;The capital of Portugal is Lisbon.;False;False;1.0;fr;en;True;True;False;True;True;Was ist die Hauptstadt von Portugal?;de;True;Quelle est la capitale du Portugal?;fr;True;False;¿Cuál es la capital de Portugal?;es;True;;;;;;;factual_clasica;
Who predicted Neptune's position mathematically?;Le mathématicien et astronome français Urbain Le Verrier a prédit la position de Neptune mathématiquement en 1846.;Le Verrier;Leverrier|Verrier|John Couch Adams;"The prediction of Neptune's position mathematically is attributed to French mathematician Urbain Le Verrier. In 1846, Le Verrier was working at the Paris Observatory, and he was trying to predict the position of Uranus, which was known to be perturbed by an unknown planet.

Using mathematical calculations, Le Verrier predicted the existence of a new planet that would be located beyond Uranus. He sent his predictions to Johann Galle, a German astronomer, who was able to";False;False;0.9997;fr;en;True;True;False;True;True;Wer sagte die Position Neptuns mathematisch voraus?;de;True;Qui a prédit mathématiquement la position de Neptune ?;fr;True;;¿Quién predijo matemáticamente la posición de Neptuno?;es;True;;;;;;;factual_aperturas;9
Cite the author of The Prince.;"L'auteur de ""Le Prince"" est Niccolò Machiavelli.";Machiavelli;Machiavel|Maquiavelo|Maquiavel;"The author of ""The Prince"" is Niccolò Machiavelli.";False;False;0.9995;fr;en;True;True;False;True;True;Nenne den Autor von Der Fürst.;de;True;Citez l'auteur du Prince.;fr;True;;Cita al autor de El príncipe.;es;True;;;;;;;imperativo;8
Clear up what creates wind.;"L'air en mouvement est appelé vent. Il est créé par la différence de pression entre deux régions de l'atmosphère. Voici les principaux facteurs qui contribuent à la création du vent :

1. **Différence de pression** : Lorsque la pression atmosphérique est plus élevée dans une région que dans une autre, l'air se déplace vers la région de plus basse pression pour se";air pressure;Luftdruck|Druckunterschied|pression atmos|pression de l'air|presion atmos|presion del aire|pressione atmos|pressao atmos|differences de pression|diferencias de presion|differenze di pressione|diferencas de pressao|presiones atmosfericas|diferencia de presion;"Wind is a fascinating phenomenon that's essential for our planet's climate and weather patterns. So, let's dive into what creates wind:

**The Basic Principle:**

Wind is the movement of air from high-pressure areas to low-pressure areas. This movement is caused by the uneven heating of the Earth's surface by the sun.

**The Key Factors:**

1. **Temperature Difference:** When the sun heats the Earth's surface, it warms the air closest to the ground. However, the air";False;False;0.9998;fr;en;True;True;False;False;True;Kläre, was Wind entstehen lässt.;de;True;Clarifiez ce qui crée le vent.;fr;True;;Aclara qué crea el viento.;es;True;;;;;;;imperativo_explicativo;6
What caused Ireland's Great Famine?;"Le grand famine d'Irlande a été causée par une combinaison de facteurs. 

Tout d'abord, la révolution industrielle a entraîné une augmentation de la demande de blé, ce qui a conduit à une augmentation des prix. 

Ensuite, la sécheresse de 1845 a affecté les récoltes de blé, ce qui a entraîné une pénurie de nourriture. 

Enfin,";potato;pomme de terre|patata|Kartoffel|batata|mildiou|tizon|blight;"The Irish Great Famine, also known as the Great Hunger, was a devastating period of mass starvation, disease, and emigration in Ireland that lasted from 1845 to 1852. The causes of the famine were complex and multifaceted, but some of the main factors include:

1. **Potato Blight**: The most immediate cause of the famine was the potato blight, a fungal disease that affected the potato crop, which was the primary food source for the majority of the";False;False;0.9998;fr;en;True;False;False;True;True;Was verursachte die Große Hungersnot in Irland?;de;True;Qu'est-ce qui a causé la Grande Famine en Irlande ?;fr;True;;¿Qué causó la Gran Hambruna de Irlanda?;es;True;;;;;;;explicativa;8
Symbol for barium?;Le symbole du barium est Ba.;Ba;;The symbol for barium is Ba.;False;False;0.9998;fr;en;True;True;False;True;True;Symbol für Barium?;de;True;Symbole du baryum ?;fr;True;;¿Símbolo del bario?;es;True;;;;;;;corta;5
I forgot, who sang Purple Rain?;"C'est Prince! Il a écrit et enregistré la chanson ""Purple Rain"" pour son album homonyme en 1984.";Prince;;"Don't worry, it happens to the best of us!

The song ""Purple Rain"" was performed by the one and only Prince! It was the title track from the 1984 album and film of the same name, and it's considered one of Prince's most iconic and enduring songs.";False;False;0.9998;fr;en;True;True;False;True;True;Ich hab's vergessen: Wer sang Purple Rain?;de;True;J'ai oublié, qui a chanté Purple Rain ?;fr;True;;Se me olvidó, ¿quién cantó Purple Rain?;es;True;;;;;;;conversacional;8
In what year did the Apollo 13 mission take place?;L'Apollo 13 a eu lieu en 1970.;1970;;The Apollo 13 mission took place in 1970. It launched on April 11, 1970, and splashed down on April 17, 1970.;False;False;0.5;unknown;en;True;True;False;True;True;Was ist das Jahr, in dem die Mission Apollo 13 stattfand?;de;True;En quelle année a eu lieu la mission Apollo 13 ?;fr;True;False;¿En qué año tuvo lugar la misión Apolo 13?;unknown;True;;;;;;;factual_clasica;
Who led the first circumnavigation expedition?;C'était Ferdinand de Magellan qui a mené la première expédition de circumnavigation.;Magellan;Magallanes|Magellano|Magalhaes|Magalhanes|Elcano;The first circumnavigation expedition was led by Sir Francis Drake, an English privateer and explorer. He completed the journey between 1577 and 1580, becoming the first person to circumnavigate the globe in a single expedition.;False;False;0.9995;fr;en;True;True;False;False;True;Wer leitete die erste Weltumsegelung?;de;True;Qui a dirigé la première expédition de circumnavigation ?;fr;True;;¿Quién dirigió la primera expedición de circunnavegación?;es;True;;;;;;;factual_aperturas;8
Find the capital of Pakistan.;Le capital de Pakistan est Islamabad.;Islamabad;;The capital of Pakistan is Islamabad.;False;False;0.9803;fr;en;True;True;False;True;True;Finde die Hauptstadt Pakistans.;de;True;Trouvez la capitale du Pakistan.;fr;True;;Encuentra la capital de Pakistán.;es;True;;;;;;;imperativo;6
Go over how dams generate electricity.;"Je serais ravi de vous aider!

Les barrages génèrent de l'électricité en utilisant l'énergie potentielle de l'eau. Voici comment ça marche :

1. **L'eau est pompée** : L'eau est pompée à partir du réservoir de retenue situé en amont du barrage. Cette eau est généralement tirée du fleuve ou d'une source d'eau.
2. **L'eau gravite** :";turbines;turbin|hidroelectric|hydroelectr|Wasserkraft;"I'd be happy to explain how dams generate electricity.

**The Basic Principle**

Dams generate electricity by harnessing the energy of moving water. The process involves converting the kinetic energy of water into electrical energy through a series of steps:

1. **Water Storage**: A dam is built across a river or stream, creating a reservoir of water behind it. The water is stored in the reservoir, which can be several hundred feet deep.
2. **Water Flow**: When the water level in the reservoir";False;False;0.9998;fr;en;True;False;False;False;True;Geh durch, wie Staudämme Strom erzeugen.;de;True;Passez en revue la production d'électricité des barrages.;fr;True;;Repasa cómo las represas generan electricidad.;es;True;;;;;;;imperativo_explicativo;7
How were Egyptian mummies preserved?;"Les momies égyptiennes ont été préservées grâce à une technique de conservation très avancée pour l'époque. Voici les étapes clés :

1. **Nettoyage et déshydratation** : Les corps étaient lavés avec de l'eau et des herbes aromatiques pour enlever les impuretés. Ensuite, ils étaient exposés au soleil pour se déshydrater complètement.
2. **";embalming;embaum|balsam|natron|deshydrat|deshidrat|Austrocknung|momif|mumifiz;"The ancient Egyptians' remarkable preservation techniques are still fascinating today. Here's a brief overview of how they preserved their mummies:

**Preparation**

1. **Removal of internal organs**: The brain, liver, lungs, stomach, and intestines were removed through an incision in the abdomen. The heart, on the other hand, was left in the body, as it was believed to be the seat of the soul.
2. **Treatment of the body**: The body was washed, and";False;False;0.9998;fr;en;True;True;False;False;True;Wie wurden ägyptische Mumien konserviert?;de;True;Comment les momies égyptiennes étaient-elles conservées ?;fr;True;;¿Cómo se conservaban las momias egipcias?;es;True;;;;;;;explicativa;7
Symbol for xenon?;Le symbole du xenon est Xe.;Xe;;The symbol for xenon is Xe.;False;False;0.9998;fr;en;True;True;False;True;True;Symbol für Xenon?;de;True;Symbole du xénon ?;fr;True;;¿Símbolo del xenón?;es;True;;;;;;;corta;5
Out of curiosity, who directed The Godfather?;"C'était Francis Ford Coppola qui a réalisé le film ""Le Père Noël"" (The Godfather).";Coppola;;"A classic film question!

The Godfather was directed by the legendary Francis Ford Coppola. Released in 1972, it's widely considered one of the greatest films of all time, and it won several Academy Awards, including Best Picture and Best Actor for Marlon Brando's iconic portrayal of Don Vito Corleone.

Would you like to know more about The Godfather or Francis Ford Coppola's filmography?";False;False;0.9984;fr;en;True;True;False;True;True;Aus Neugier: Wer drehte Der Pate?;de;True;Par curiosité, qui a réalisé Le Parrain ?;fr;True;;Por curiosidad, ¿quién dirigió El padrino?;es;True;;;;;;;conversacional;10
Which is the deepest lake in the world?;Le lac le plus profond du monde est le lac Baïkal, situé en Russie. Il a une profondeur de 1 642 mètres.;Baikal;Baïkal|Baical|Bajkal;"The deepest lake in the world is Lake Baikal, located in southern Siberia, Russia. It has a maximum depth of approximately 5,387 feet (1,642 meters) and is also the world's largest and oldest freshwater lake, with approximately 20% of the world's unfrozen freshwater.

Would you like to know more about Lake Baikal or is there something else I can help you with?";False;False;1.0;fr;en;True;True;False;True;True;Welches See ist die tiefste Weltsee?;de;True;Quel est le plus profond lac du monde?;fr;True;False;¿Cuál es el lago más profundo del mundo?;es;True;;;;;;;factual_clasica;
Who crossed the Rubicon in 49 BC?;C'était Gaius Julius César.;Caesar;Cesar|Cesare|Casar;"A famous historical question!

The answer is: Julius Caesar!

According to legend, Julius Caesar led his legions across the Rubicon River in 49 BC, marking a pivotal moment in Roman history. By crossing the Rubicon, Caesar was technically committing a breach of Roman law, as the river was considered a boundary between Gaul (modern-day France) and Italy. This act of defiance ultimately led to Caesar's rise to power and his eventual dictatorship of Rome.

Would you like to know more about Julius";False;False;0.9997;fr;en;True;True;False;True;True;Wer überschritt 49 v. Chr. den Rubikon?;de;True;Qui a franchi le Rubicon en 49 av. J.-C. ?;fr;True;;¿Quién cruzó el Rubicón en el 49 a. C.?;es;True;;;;;;;factual_aperturas;10
Look up who invented the jet engine.;"L'ingénieur qui a inventé le moteur à réaction, également connu sous le nom de jet, est Sir Frank Whittle. Il est né le 8 octobre 1907 à Woking, en Angleterre, et a obtenu son doctorat en ingénierie aéronautique à l'Université de Cambridge en 1930.

Sir Frank Whittle a développé le concept du moteur à réaction en 1930,";Whittle;Ohain;"The invention of the jet engine is a bit complex, as it involved the contributions of several individuals and groups over a period of time. However, I can give you a brief overview of the key players and milestones.

The concept of a jet engine dates back to the late 19th century, when Sir George Cayley, an English engineer, proposed the idea of a ""rotating air screw"" in 1852. This was the precursor to the modern jet engine.

However, the first practical";False;False;0.9998;fr;en;True;True;False;False;True;Schlag nach, wer das Strahltriebwerk erfand.;de;True;Cherchez qui a inventé le moteur à réaction.;fr;True;;Busca quién inventó el motor a reacción.;es;True;;;;;;;imperativo;8
Detail how nuclear reactors produce energy.;"Je serais ravi de vous aider!

Les réacteurs nucléaires produisent de l'énergie en utilisant la réaction nucléaire. Voici les étapes clés de ce processus :

1. **Le combustible nucléaire** : Le combustible utilisé dans les réacteurs nucléaires est principalement composé de uranium enrichi (environ 3 % d'uranium-235). Ce combustible est plac";fission;fissi|fision|fissao|Kernspaltung|Spaltung;"Nuclear reactors are a type of power generation facility that uses nuclear fission, a process in which atomic nuclei split, to produce energy. Here's a detailed overview of how nuclear reactors produce energy:

**The Basic Process**

1. **Fuel**: The reactor uses a type of fuel called uranium-235 (U-235), which is a fissile isotope that can undergo a chain reaction of nuclear fission.
2. **Moderation**: The U-235 fuel is surrounded by a moderator";False;False;0.9998;fr;en;True;False;False;True;True;Erläutere genau, wie Kernreaktoren Energie erzeugen.;de;True;Détaillez comment les réacteurs nucléaires produisent de l'énergie.;fr;True;;Detalla cómo producen energía los reactores nucleares.;es;True;;;;;;;imperativo_explicativo;7
Why did the Challenger shuttle explode?;"Le shuttle spatiale Challenger a explosé le 28 janvier 1986, à cause d'un problème technique lié à la conception du joint O-ring des réservoirs de carburant. Les O-ring, qui étaient conçus pour s'assurer que les réservoirs de carburant étaient bien scellés, n'ont pas fonctionné correctement dans les conditions extrêmes de température et de pression présentes lors du lancement.

Lors";O-ring;O-Ring|torique|torica|Dichtungsring|guarnizione;"The Space Shuttle Challenger exploded just 73 seconds into its flight on January 28, 1986, due to a catastrophic failure of one of its solid rocket boosters (SRBs). The primary cause of the disaster was a faulty O-ring seal in one of the SRBs, which failed due to the low temperatures on the day of the launch.

Here's a more detailed explanation:

1. **Low temperatures**: The launch day was unusually cold, with temperatures at Kennedy Space Center dropping to around";False;False;0.9998;fr;en;True;True;False;True;True;Warum explodierte die Raumfähre Challenger?;de;True;Pourquoi la navette Challenger a-t-elle explosé ?;fr;True;;¿Por qué explotó el transbordador Challenger?;es;True;;;;;;;explicativa;7
Symbol for manganese?;Le symbole du manganèse est Mn.;Mn;;The symbol for manganese is Mn.;False;False;0.9998;fr;en;True;True;False;True;True;Symbol für Mangan?;de;True;Symbole du manganèse ?;fr;True;;¿Símbolo del manganeso?;es;True;;;;;;;corta;4
Hmm, who founded Rome?;Rome a été fondée par Romulus et Rémus, deux frères légendaires, selon la mythologie romaine.;Romulus;Romulo|Romolo|Romule;"The founding of Rome is a bit of a complex topic, and there are different accounts of its origins.

According to Roman mythology, the city of Rome was founded by Romulus and Remus, two brothers who were said to be the sons of the god Mars and a Vestal Virgin named Rhea Silvia. The myth goes that the brothers were abandoned as infants and were suckled by a she-wolf, and later grew up to become the founders of Rome.

However, from a historical perspective";False;False;0.9998;fr;en;True;True;False;True;True;Hmm, wer gründete Rom?;de;True;Hum, qui a fondé Rome ?;fr;True;;Mmm, ¿quién fundó Roma?;es;True;;;;;;;conversacional;6
Who wrote the novel 1984?;George Orwell a écrit le roman 1984.;Orwell;;"The novel ""1984"" was written by the renowned English author George Orwell. Published in 1949, it's a classic dystopian novel that depicts a totalitarian future society and has become a cultural touchstone for themes of government control, censorship, and the dangers of totalitarianism.";False;False;1.0;fr;en;True;True;False;True;True;Wer hat den Roman 1984 geschrieben?;de;True;Qui a écrit le roman 1984 ?;fr;True;False;¿Quién escribió el libro 1984?;es;True;;;;;;;factual_clasica;
Whose brush created The Night Watch?;C'est Rembrandt van Rijn qui a créé La Nuit watch.;Rembrandt;;The Night Watch was created by the Dutch master Rembrandt van Rijn.;False;False;0.987;fr;en;True;True;False;True;True;Aus wessen Pinsel stammt Die Nachtwache?;de;True;De quel pinceau est née La Ronde de nuit ?;fr;True;;¿De qué pincel salió La ronda de noche?;es;True;;;;;;;factual_aperturas;8
Point out the smallest bone in the body.;Le plus petit os du corps est l'os stapes, situé dans l'ouïe. Il mesure environ 3 millimètres de long.;stapes;etrier|estribo|Steigbugel|staffa|stirrup;"The smallest bone in the human body is the stapes bone, also known as the stirrup bone. It is one of the bones in the middle ear and is approximately 3 millimeters (0.12 inches) in length.

The stapes bone plays a crucial role in transmitting sound vibrations from the eardrum to the inner ear, where they are converted into electrical signals that are interpreted by the brain as sound.

Interestingly, the stapes bone is so small that it's almost invisible to";False;False;0.9998;fr;en;True;True;False;True;True;Zeig den kleinsten Knochen des Körpers.;de;True;Désignez le plus petit os du corps.;fr;True;;Señala el hueso más pequeño del cuerpo.;es;True;;;;;;;imperativo;9
Unpack how the Sun produces energy.;"Bien sûr! Voici comment le Soleil produit de l'énergie :

Le Soleil est une étoile de type G2V, ce qui signifie qu'il est une étoile de type solaire. Il produit de l'énergie grâce à une réaction nucléaire qui se déroule au cœur de l'étoile.

Voici les étapes clés de ce processus :

1. **Fusion nucléaire** : Le cœur";fusion;fusione|fusao|Kernfusion;"The Sun is the ultimate source of energy for our solar system, and its energy production process is fascinating. Here's a detailed explanation of how the Sun produces energy:

**The Sun's Structure**

The Sun is a massive ball of hot, glowing gas, primarily composed of hydrogen and helium. It has a core, a radiative zone, a convective zone, and a photosphere. The core is the central region where nuclear reactions take place, while the radiative zone and convective zone are";False;False;0.9998;fr;en;True;True;False;False;True;Schlüssle auf, wie die Sonne Energie erzeugt.;de;True;Décortiquez comment le Soleil produit son énergie.;fr;True;;Desmenuza cómo produce energía el Sol.;es;True;;;;;;;imperativo_explicativo;8
Why did Napoleon retreat from Russia?;Napoleon a retiré de Russie en raison d'une combinaison de facteurs. D'abord, la campagne a été marquée par des conditions climatiques extrêmes, notamment des tempêtes et des gelées, qui ont rendu difficile la marche de ses troupes. De plus, les Russes ont employé une tactique de guerre de terroir, en incendiant et en détruisant les villages et les;winter;hiver|invierno|inverno|froid|gelees|frio extremo|Kalte;"Napoleon Bonaparte's retreat from Russia was a disastrous military campaign that occurred in 1812. Here's a brief summary of the reasons behind his retreat:

**The Russian Campaign**: In June 1812, Napoleon launched a massive invasion of Russia, hoping to defeat Tsar Alexander I and force him to join the French Empire. The French army, estimated to be around 600,000 soldiers, marched deep into Russia, but they were met with fierce resistance from the Russian army and";False;False;0.9998;fr;en;True;True;False;False;True;Warum zog sich Napoleon aus Russland zurück?;de;True;Pourquoi Napoléon s'est-il retiré de Russie ?;fr;True;;¿Por qué se retiró Napoleón de Rusia?;es;True;;;;;;;explicativa;7
Symbol for krypton?;Le symbole du krypton est Kr.;Kr;;The symbol for krypton is Kr.;False;False;0.9998;fr;en;True;True;False;True;True;Symbol für Krypton?;de;True;Symbole du krypton ?;fr;True;;¿Símbolo del kriptón?;es;True;;;;;;;corta;5
Real quick: who wrote The Art of War?;"C'était Sun Tzu, un stratège et philosophe chinois, qui a écrit le traité ""Le Art de la guerre"" (ou ""Le Art de la guerre"" en français).";Sun Tzu;Sun Zi|Sunzi;The Art of War was written by Sun Tzu, a Chinese military strategist and philosopher who is believed to have lived in the 6th century BC. The book is a classic treatise on military strategy and tactics, and its principles and concepts have been widely applied in fields beyond warfare, including business, sports, and politics.;False;False;0.9998;fr;en;True;True;False;True;True;Ganz kurz: Wer schrieb Die Kunst des Krieges?;de;True;Vite fait : qui a écrit L'Art de la guerre ?;fr;True;;Rapidito: ¿quién escribió El arte de la guerra?;es;True;;;;;;;conversacional;10
Who painted The Last Supper?;C'est Leonardo da Vinci qui a peint La Dernière Cène.;Leonardo;Vinci;The Last Supper was painted by the renowned Italian artist Leonardo da Vinci. He created the famous mural painting in the late 15th century, specifically between 1495 and 1498, in the refectory of the Convent of Santa Maria delle Grazie in Milan, Italy.;False;False;1.0;fr;en;True;True;False;True;True;Wer malte das letzte Abendmahl?;de;True;Qui a peint La Cène ?;fr;True;False;¿Quién pintó La Última Cena?;unknown;True;;;;;;;factual_clasica;
What animal is the largest mammal?;L'éléphant est l'animal le plus grand mammifère.;blue whale;baleine|ballena|Blauwal|balenottera|baleia;The largest mammal is the blue whale (Balaenoptera musculus). On average, an adult blue whale can grow up to 82 feet (25 meters) in length and weigh around 150-170 tons (136,000-152,000 kilograms). That's massive!;False;False;0.9998;fr;en;True;False;False;True;False;Welches Tier ist das größte Säugetier?;de;True;Quel animal est le plus grand mammifère ?;fr;True;;¿Qué animal es el mamífero más grande?;es;True;;;;;;;factual_aperturas;8
Remind me who composed The Planets suite.;"Le suite ""Les Planètes"" a été composée par le célèbre compositeur britannique Gustav Holst.";Holst;;The Planets suite was composed by the renowned English composer Gustav Holst.;False;False;0.9998;fr;en;True;True;False;True;True;Erinnere mich, wer die Suite Die Planeten komponierte.;de;True;Rappelez-moi qui a composé la suite Les Planètes.;fr;True;;Recuérdame quién compuso la suite Los planetas.;es;True;;;;;;;imperativo;10
Run through why blood is red.;"Bien sûr!

Le sang est rouge parce qu'il contient un pigment appelé hémoglobine. Cette protéine est produite par les globules rouges du sang et est responsable de son couleur rouge.

L'hémoglobine est composée de fer et d'une molécule de protéine appelée globine. Lorsque le fer est lié à la globine, il forme une molécule qui absorbe la lumière rouge";hemoglobin;moglobin;"Let's dive into the fascinating world of blood and explore why it's red.

**The Short Answer:**
Blood is red because of a protein called hemoglobin, which is present in red blood cells. Hemoglobin contains iron, which gives it a reddish color.

**The Long Answer:**
Blood is a complex fluid made up of various components, including:

1. **Red Blood Cells (RBCs)**: Also known as erythrocytes, these cells are responsible for carrying oxygen";False;False;0.9998;fr;en;True;True;False;True;True;Geh kurz durch, warum Blut rot ist.;de;True;Parcourez les raisons pour lesquelles le sang est rouge.;fr;True;;Recorre por qué la sangre es roja.;es;True;;;;;;;imperativo_explicativo;7
What causes tooth decay?;La décomposition dentaire est causée par la présence de bactéries dans la bouche qui produisent des acides. Ces acides attaquent les surfaces dentaires et provoquent la dissolution du minéral en dentine, entraînant la formation de cavités dentaires.;acid;acide|acido|Saure|bacteri|bakteri|batteri|plaque;"Tooth decay, also known as dental caries, is a bacterial infection that causes demineralization of tooth enamel, leading to cavities and potentially painful consequences. Here are the main causes of tooth decay:

1. **Bacteria**: The primary cause of tooth decay is the presence of bacteria in the mouth. These bacteria, such as Streptococcus mutans, feed on sugars and starches in the mouth and produce acid as a byproduct. This acid dissolves the minerals in";False;False;0.9998;fr;en;True;True;False;True;True;Was verursacht Karies?;de;True;Qu'est-ce qui provoque les caries ?;fr;True;;¿Qué causa las caries?;es;True;;;;;;;explicativa;5
Author of Emma?;C'est Jane Austen.;Austen;Jane Austen;"The author of the classic novel ""Emma"" is Jane Austen. Published in 1816, ""Emma"" is one of Austen's most beloved and enduring works, known for its witty dialogue, strong female protagonist, and commentary on social class and relationships in 19th-century England. Would you like to know more about the novel or Jane Austen's life and works?";False;False;0.9748;fr;en;True;True;False;True;True;Autor von Emma?;de;True;Auteur d'Emma ?;fr;True;;¿Autor de Emma?;es;True;;;;;;;corta;4
Okay, who composed Carmina Burana?;Carmina Burana a été composée par le compositeur allemand Carl Orff.;Orff;;"Carmina Burana is a collection of medieval poems set to music by the famous German composer Carl Orff. The work is based on a collection of 11th- to 13th-century poems, known as the ""Carmina Burana"", which were discovered in the 19th century.

Orff composed the music for Carmina Burana between 1935 and 1936, and it premiered in 1937. The work is considered one of Orff's most famous and iconic";False;False;0.9998;fr;en;True;True;False;True;True;Okay, wer komponierte Carmina Burana?;de;True;Bon, qui a composé Carmina Burana ?;fr;True;;Vale, ¿quién compuso Carmina Burana?;es;True;;;;;;;conversacional;9
Who wrote Romeo and Juliet?;"C'est William Shakespeare qui a écrit la tragédie ""Romeo et Juliette"".";Shakespeare;;Romeo and Juliet, the classic tragic love story, was written by the renowned English playwright William Shakespeare. It is believed to have been written between 1591 and 1595, and is considered one of Shakespeare's most famous and enduring works.;False;False;1.0;fr;en;True;True;False;True;True;Wer hat Romeo und Julia geschrieben?;de;True;Qui a écrit Roméo et Juliette ?;fr;True;False;¿Quién escribió Romeo y Julieta?;unknown;True;;;;;;;factual_clasica;
What currency does Thailand use?;La monnaie officielle du Thaïlande est le baht thaï (THB).;baht;;The official currency of Thailand is the Thai Baht (THB).;False;False;0.9998;fr;en;True;True;False;True;True;Welche Währung verwendet Thailand?;de;True;Quelle monnaie utilise la Thaïlande ?;fr;True;;¿Qué moneda usa Tailandia?;es;True;;;;;;;factual_aperturas;6
Let me know the capital of Saudi Arabia.;La capitale de l'Arabie saoudite est Riyad.;Riyadh;Riyad|Riad|Riade;The capital of Saudi Arabia is Riyadh.;False;False;0.9998;fr;en;True;True;False;True;True;Sag mir die Hauptstadt Saudi-Arabiens.;de;True;Dites-moi la capitale de l'Arabie saoudite.;fr;True;;Dime la capital de Arabia Saudita.;es;True;;;;;;;imperativo;9
Lay out why lemons taste sour.;"Les citrons ont un goût amer pour plusieurs raisons :

1. **Acide citrique** : Les citrons contiennent une grande quantité d'acide citrique, qui est un acide organique naturel. L'acide citrique est responsable de la sensation de sourdeur que l'on ressent lorsqu'on mange un citron.
2. **Concentration d'acide** : Les citrons ont une concentration d'acide citrique";citric acid;citri|Zitronens|C6H8O7;"The sour taste of lemons! It's a characteristic that's both refreshing and invigorating. So, let's dive into the science behind why lemons taste sour.

**The Culprit: Citric Acid**

The primary reason lemons taste sour is due to the presence of citric acid, a naturally occurring compound found in the juice of lemons. Citric acid is a type of organic acid, specifically a carboxylic acid, which is responsible for the sour taste.

**";False;False;0.9998;fr;en;True;True;False;True;True;Leg dar, warum Zitronen sauer schmecken.;de;True;Exposez pourquoi les citrons sont acides.;fr;True;;Expón por qué los limones son ácidos.;es;True;;;;;;;imperativo_explicativo;9
What powered the Industrial Revolution?;"La Révolution industrielle a été alimentée par plusieurs facteurs, mais principalement par la révolution technologique et les progrès de l'industrie. Les principaux moteurs de cette révolution ont été :

* La révolution textile, qui a permis la mise en place de machines à tisser et à carder, ce qui a réduit les coûts de production et a permis une production plus grande et plus rapide.
* La révolution métall";coal;charbon|Kohle|carvao|el carbon|del carbon|steam|vapeur|vapor|Dampf;"The Industrial Revolution was a complex and multifaceted process, and it was powered by a combination of technological, economic, and social factors. Here are some of the key drivers that helped fuel the Industrial Revolution:

1. **Steam Power**: The invention of the steam engine by James Watt in 1769 revolutionized industry by providing a reliable and consistent source of power. Steam engines enabled the mechanization of factories and the development of new manufacturing technologies.
2. **Coal and Iron**: The widespread availability";False;False;0.9998;fr;en;True;False;False;True;True;Was trieb die Industrielle Revolution an?;de;True;Qu'est-ce qui a alimenté la révolution industrielle ?;fr;True;;¿Qué impulsó la Revolución Industrial?;es;True;;;;;;;explicativa;6
Author of Lolita?;L'auteur de Lolita est Vladimir Nabokov.;Nabokov;;"You're referring to Vladimir Nabokov, the Russian-American novelist. Yes, he is the author of the infamous novel ""Lolita"", published in 1955. The book tells the story of a middle-aged professor, Humbert Humbert, who becomes obsessed with a 12-year-old girl named Dolores Haze, also known as Lolita. The novel is known for its complex and provocative exploration of themes such as pedophilia, obsession, and the blurring of moral boundaries.";False;False;0.9998;fr;en;True;True;False;True;True;Autor von Lolita?;de;True;Auteur de Lolita ?;fr;True;;¿Autor de Lolita?;es;True;;;;;;;corta;5
Hi! Who drafted the Declaration of Independence?;Bonjour! La Déclaration d'indépendance des États-Unis a été rédigée par un groupe de 56 personnes, connues sous le nom de signataires de la Déclaration d'indépendance. Ils ont été choisis par les 13 colonies américaines pour rédiger et adopter cette documente fondamental de l'histoire américaine.;Jefferson;;"The Declaration of Independence was drafted by a committee of five individuals, known as the Committee of Five, appointed by the Continental Congress. The members of the Committee of Five were:

1. **Thomas Jefferson** (Virginia): He is credited with writing the first draft of the Declaration of Independence, which was then reviewed and revised by the other members of the committee.
2. **John Adams** (Massachusetts): A strong advocate for independence, Adams was a key figure in the Continental Congress and played a";False;False;0.9998;fr;en;True;False;False;True;False;Hallo! Wer entwarf die Unabhängigkeitserklärung?;de;True;Salut ! Qui a rédigé la Déclaration d'indépendance ?;fr;True;;¡Hola! ¿Quién redactó la Declaración de Independencia?;es;True;;;;;;;conversacional;9
Who wrote The Metamorphosis?;C'est Franz Kafka qui a écrit La Métamorphose.;Kafka;;The Metamorphosis was written by Franz Kafka, a Czech writer, in 1915. It's one of his most famous and influential works, a novella that tells the story of a man who transforms into a giant insect and explores themes of identity, alienation, and the absurdity of modern life.;False;False;1.0;fr;en;True;True;False;True;True;Wer hat Die Verwandlung geschrieben?;de;True;Qui a écrit La Métamorphose ?;fr;True;False;¿Quién escribió La Metamorfosis?;unknown;True;;;;;;;factual_clasica;
What sport uses a shuttlecock?;Le badminton utilise un shuttlecock.;badminton;Federball;The sport that uses a shuttlecock is Badminton!;False;False;0.9847;fr;en;True;True;False;True;True;Welche Sportart nutzt einen Schläger und einen gefiederten Ball?;de;True;Quel sport utilise un volant ?;fr;True;;¿Qué deporte usa un volante?;es;True;;;;;;;factual_aperturas;7
Spot the creator of Sherlock Holmes.;C'est Arthur Conan Doyle!;Conan Doyle;Doyle;The creator of Sherlock Holmes is Sir Arthur Conan Doyle.;False;False;0.7072;fr;en;True;True;False;True;True;Ermittle den Schöpfer von Sherlock Holmes.;de;True;Repérez le créateur de Sherlock Holmes.;fr;True;;Detecta al creador de Sherlock Holmes.;es;True;;;;;;;imperativo;7
Account for why pressure cookers cook faster.;"Les pressions-cuisson sont conçues pour cuisiner plus rapidement que les méthodes de cuisson traditionnelles. Voici les raisons principales :

1. **Réduction du temps de cuisson** : Les pressions-cuisson fonctionnent en réduisant la pression interne du liquide, ce qui accélère la cuisson. En effet, la chaleur est transférée plus rapidement au fond du pot, ce qui permet une cuisson";boiling point;ebul|eboll|Siede|boiling|erhohte Temperatur|temperatura mas alta|temperature plus elevee|higher temperature;"Pressure cookers cook faster due to several reasons:

1. **Reduced boiling point**: When you add liquid to a pressure cooker, the boiling point of the liquid is lowered due to the increased pressure. This means that the water boils at a lower temperature, which reduces the cooking time. For example, water boils at 212°F (100°C) at standard atmospheric pressure, but at 15 psi (pounds per square inch), it boils at 212°F (100°C) -";False;False;0.9998;fr;en;True;False;False;True;True;Begründe, warum Schnellkochtöpfe schneller garen.;de;True;Rendez compte de la rapidité des autocuiseurs.;fr;True;;Da cuenta de por qué las ollas a presión cocinan más rápido.;es;True;;;;;;;imperativo_explicativo;9
What did the Marshall Plan fund?;Le Plan Marshall a financé la reconstruction de l'Europe occidentale après la Seconde Guerre mondiale. Il a fourni des aides économiques et financières aux pays européens dévastés par la guerre, notamment en Allemagne, en France, en Italie et en Belgique. Le plan a également contribué à la création de l'Organisation du Traité de l'Atlantique Nord (OTAN) et a joué un rôle;reconstruction;reconstru|Wiederaufbau|ricostru|rebuild;"The Marshall Plan was a massive economic assistance program implemented by the United States after World War II. It was named after Secretary of State George C. Marshall, who proposed the plan in a speech at Harvard University in 1947.

The Marshall Plan funded a wide range of economic and social projects in 16 European countries, including:

1. **Infrastructure development**: roads, bridges, airports, seaports, and railways.
2. **Industry and manufacturing**: steel production, coal mining, and other";False;False;0.9998;fr;en;True;True;False;False;True;Was finanzierte der Marshallplan?;de;True;Qu'a financé le plan Marshall ?;fr;True;;¿Qué financió el Plan Marshall?;es;True;;;;;;;explicativa;7
Author of Candide?;Candide a été écrit par Voltaire.;Voltaire;;"You're thinking of Voltaire!

Yes, I am Voltaire, the French philosopher, historian, and writer. I am best known for my satirical novel ""Candide, or Optimism"" (1759), which is considered one of the greatest works of literature in the Enlightenment period.

In ""Candide"", I used humor, irony, and philosophical critique to poke fun at the excesses of the aristocracy, the Church, and the optimism of the time. The novel follows";False;False;0.9998;fr;en;True;True;False;True;True;Autor von Candide?;de;True;Auteur de Candide ?;fr;True;;¿Autor de Cándido?;es;True;;;;;;;corta;5
So, who invented basketball?;Le basket-ball a été inventé par James Naismith, un professeur de physique canadien-américain, en 1891. Il a créé le jeu à l'Université de Yale, en Connecticut, aux États-Unis, en réponse à la nécessité d'un sport d'hiver pour les étudiants. Naismith a conçu le jeu en combinant des éléments de soccer, football et hockey sur glace, et a cré;Naismith;;"Basketball was invented by James Naismith, a Canadian-American physical education instructor, in 1891. Naismith was working at the International Young Men's Christian Association (YMCA) Training School in Springfield, Massachusetts, USA.

At the time, Naismith was tasked with creating a new indoor game to keep students active during the harsh New England winters. He was given 14 days to come up with a new game, and he was given several objectives to keep in mind: the";False;False;0.9998;fr;en;True;True;False;True;True;Also, wer hat Basketball erfunden?;de;True;Alors, qui a inventé le basket-ball ?;fr;True;;Entonces, ¿quién inventó el baloncesto?;es;True;;;;;;;conversacional;6
Who was the Carthaginian general who crossed the Alps?;C'était Hannibal, le célèbre général carthaginois qui a mené son armée à travers les Alpes pour affronter les Romains en Italie.;Hannibal;Anibal|Annibale;"You're likely thinking of Hannibal Barca, a renowned Carthaginian general who led his army across the Alps during the Second Punic War (218-201 BCE). This incredible feat was a pivotal moment in history, as it allowed Hannibal to surprise the Romans and win several key battles, including the Battle of Cannae.

Hannibal's crossing of the Alps was a remarkable achievement, as it was a treacherous and nearly impossible journey. He led his army of war elephants";False;False;1.0;fr;en;True;True;False;True;True;Wer war der karthagische General, der die Alpen überquerte?;de;True;Qui était le général carthaginois qui a traversé les Alpes?;fr;True;False;¿Quién fue el general cartaginés que cruzó los Alpes?;es;True;;;;;;;factual_clasica;
What blood type is the universal donor?;Le type sanguin universel est le Rh négatif, c'est-à-dire Rh- ou A- ou AB- ou O-.;O negative;O-negative|O negatif|O negativo|0 negativ|O negativ|0 negativo;"The universal donor blood type is O negative (O-). This blood type has the following characteristics:

* O: The ""O"" indicates that the blood does not have any A or B antigens on the surface of the red blood cells.
* Negative: The negative sign indicates that the blood does not have any RhD antigen on the surface of the red blood cells.

O negative blood is considered universal because it can be transfused to anyone with A, B, AB, or O blood types";False;False;0.9998;fr;en;True;False;False;True;False;Welche Blutgruppe ist der Universalspender?;de;True;Quel groupe sanguin est le donneur universel ?;fr;True;;¿Qué grupo sanguíneo es el donante universal?;es;True;;;;;;;factual_aperturas;8
Fetch the capital of Uruguay.;Le capital de l'Uruguay est Montevideo.;Montevideo;Montevideu;The capital of Uruguay is Montevideo.;False;False;0.9994;fr;en;True;True;False;True;True;Hol mir die Hauptstadt Uruguays.;de;True;Rapportez-moi la capitale de l'Uruguay.;fr;True;;Tráeme la capital de Uruguay.;es;True;;;;;;;imperativo;6
Shed light on how fog forms.;"Je serais ravi de vous aider!

La brume, également appelée brouillard, est une couche d'air humide qui se forme lorsque l'air est en contact avec une surface froide. Voici les étapes clés de la formation de la brume :

1. **L'air humide se refroidit** : Lorsque l'air humide passe à travers une zone froide, il se refroidit et commence à se cond";condensation;condens|kondens|se refroidit|refroidissement|se enfria|abkuhl;"Fog! It's a fascinating and often mysterious weather phenomenon. I'd be happy to shed some light on how fog forms.

**What is fog?**

Fog is a type of cloud that forms at ground level, reducing visibility to less than 1 kilometer (0.6 miles). It's essentially a cloud that has condensed and cooled to the point where it touches the ground, rather than floating above it.

**How does fog form?**

Fog forms through a process called cond";False;False;0.9998;fr;en;True;True;False;True;True;Beleuchte, wie Nebel entsteht.;de;True;Éclairez la formation du brouillard.;fr;True;;Arroja luz sobre cómo se forma la niebla.;es;True;;;;;;;imperativo_explicativo;8
Who does Braille help?;Le Braille aide les personnes aveugles et malvoyantes, en leur permettant de lire et d'écrire grâce à un système de signes tactiles.;blind;aveugl|cieg|Blind|ciech|cego|malvoyant;"Braille is a tactile writing system that helps individuals who are blind or have low vision to read and write. It is particularly beneficial for people with visual impairments, including:

1. **Blind individuals**: Those who are completely blind or have no usable vision.
2. **Visually impaired individuals**: Those with low vision, such as those with cataracts, glaucoma, or macular degeneration.
3. **Students with visual impairments**: Students who are blind or have low";False;False;0.9998;fr;en;True;True;False;True;True;Wem hilft die Brailleschrift?;de;True;À qui le braille vient-il en aide ?;fr;True;;¿A quién ayuda el braille?;es;True;;;;;;;explicativa;6
Author of Siddhartha?;"Le romancier allemand Hermann Hesse a écrit le roman ""Siddhartha"".";Hesse;;"The author of the classic novel ""Siddhartha"" is Hermann Hesse.";False;False;0.985;fr;en;True;True;False;True;True;Autor von Siddhartha?;de;True;Auteur de Siddhartha ?;fr;True;;¿Autor de Siddhartha?;es;True;;;;;;;corta;6
Pub quiz: who wrote Peter Pan?;C'est J.M. Barrie qui a écrit Peter Pan.;Barrie;;The answer is J.M. Barrie.;False;False;0.9996;fr;en;True;True;False;True;True;Kneipenquiz: Wer schrieb Peter Pan?;de;True;Quiz au bar : qui a écrit Peter Pan ?;fr;True;;Pregunta de bar: ¿quién escribió Peter Pan?;es;True;;;;;;;conversacional;8
What is the boiling point of water in degrees Celsius at sea level?;Le point de eau bouillonnant à la mer levee est de 100 degrés Celsius.;100;cent;The boiling point of water in degrees Celsius at sea level is 100°C.;False;False;1.0;fr;en;True;True;False;True;True;Was ist der Siedepunkt des Wassers in Grad Celsius auf Meereshöhe?;de;True;Quel est le point d'ébullition de l'eau en degrés Celsius au niveau de la mer ?;fr;True;False;¿Cuál es el punto de ebullición del agua en grados Celsius a nivel del mar?;es;True;;;;;;;factual_clasica;
What organ produces insulin?;L'organ qui produit l'insuline est le pancréas.;pancreas;Pankreas;The organ that produces insulin is the pancreas. Specifically, the islets of Langerhans, which are clusters of cells within the pancreas, produce and secrete insulin.;False;False;0.9998;fr;en;True;True;False;True;True;Welches Organ produziert Insulin?;de;True;Quel organe produit l'insuline ?;fr;True;;¿Qué órgano produce la insulina?;es;True;;;;;;;factual_aperturas;5
Track down the founder of IKEA.;Le fondateur d'IKEA est Ingvar Kamprad.;Ingvar Kamprad;Kamprad;"The founder of IKEA is Ingvar Kamprad.

Here are some interesting facts about Ingvar Kamprad:

1. **Born in 1926**: Ingvar Kamprad was born on March 30, 1926, in Älmhult, Sweden.
2. **Entrepreneurial spirit**: At the age of 17, Kamprad started his first business, selling matches, pens, and other small items to his neighbors.
3. **IKEA's humble";False;False;0.9996;fr;en;True;True;False;True;True;Spür den Gründer von IKEA auf.;de;True;Retrouvez le fondateur d'IKEA.;fr;True;;Rastrea al fundador de IKEA.;es;True;;;;;;;imperativo;8
Demystify why sweating cools us.;"L'apport de la sueur pour nous refroidir est souvent mal compris. Voici la raison :

Lorsque notre corps est en état de chaleur, il utilise la sueur pour éliminer le calor et la chaleur. La sueur est composée d'eau et de minéraux, qui sont absorbés par la peau et transpirés. Cette transpiration a deux effets :

1.  La perte de chaleur : L'eau";evaporation;evapor|Verdunst;"Let's break down the science behind why sweating cools us down.

**The Cooling Process: Evaporation**

When we sweat, tiny droplets of water form on our skin's surface. These droplets are called sweat glands. As we heat up, our body temperature rises, and our sweat glands respond by producing more sweat. This process is called thermoregulation.

Here's what happens when sweat evaporates:

1. **Sweat formation**: Sweat glands produce sweat, which is mostly";False;False;0.9998;fr;en;True;False;False;True;True;Entmystifiziere, warum Schwitzen uns kühlt.;de;True;Démystifiez pourquoi la transpiration nous rafraîchit.;fr;True;;Desmitifica por qué sudar nos refresca.;es;True;;;;;;;imperativo_explicativo;9
What does pH measure?;Le pH mesure la concentration d'hydrogène ionique dans une solution. Il est une mesure de l'acidité ou de la basicité d'une substance. Un pH élevé indique une solution basique, tandis qu'un pH bas indique une solution acide.;acidity;acidi|acidez|Saure;"pH is a measure of the acidity or basicity (alkalinity) of a solution. It's a scale that ranges from 0 to 14, with:

* 0-6.9 being acidic
* 7 being neutral (neither acidic nor basic)
* 7.1-14 being basic (alkaline)

In simpler terms, pH measures how much hydrogen ions (H+) are present in a solution. When a solution has a high concentration of hydrogen ions";False;False;0.9998;fr;en;True;True;False;True;True;Was misst der pH-Wert?;de;True;Que mesure le pH ?;fr;True;;¿Qué mide el pH?;es;True;;;;;;;explicativa;5
Author of The Raven?;C'est Edgar Allan Poe.;Edgar Allan Poe;Allan Poe;"You're thinking of Edgar Allan Poe, the master of Gothic literature. Yes, he is indeed the author of the iconic poem ""The Raven"". Published in 1845, it's one of Poe's most famous works, known for its haunting and atmospheric language, as well as its memorable refrain: ""Quoth the Raven, 'Nevermore'"".

Would you like to know more about Poe or ""The Raven"" itself?";False;False;0.9762;fr;en;True;True;False;True;True;Autor von Der Rabe?;de;True;Auteur du Corbeau ?;fr;True;;¿Autor de El cuervo?;es;True;;;;;;;corta;5
Pub quiz: which band sang Hey Jude?;C'est The Beatles!;The Beatles;Beatles;The answer is The Beatles!;False;False;0.5152;fr;en;True;True;False;True;True;Kneipenquiz: Welche Band sang Hey Jude?;de;True;Quiz au bar : quel groupe a chanté Hey Jude ?;fr;True;;Pregunta de bar: ¿qué banda cantó Hey Jude?;es;True;;;;;;;conversacional;9
Who led the Indian independence movement through nonviolent resistance?;C'était Mahatma Gandhi qui a mené le mouvement pour l'indépendance de l'Inde par la résistance non violente.;Gandhi;;Mahatma Gandhi led the Indian independence movement through nonviolent resistance.;False;False;1.0;fr;en;True;True;False;True;True;Wer führte die indische Unabhängigkeitsbewegung durch gewaltlosen Widerstand?;de;True;Qui a conduit le mouvement de l'indépendance de l'Inde par la résistance non violente?;fr;True;False;¿Quién lideró el movimiento de independencia de la India mediante la resistencia no violenta?;es;True;;;;;;;factual_clasica;
What does a seismograph measure?;Un sismograph mesure les vibrations sismiques, c'est-à-dire les mouvements de la Terre qui proviennent de tremblements de terre, de volcans ou de mouvements tectoniques. Il détecte les ondes sismiques qui se propagent à travers le sol et les enregistre pour permettre de déterminer la localisation, l'intensité et la nature des événements sismiques.;earthquakes;earthquake|seisme|tremblement|terremoto|Erdbeben|terremoti;"A seismograph is a scientific instrument that measures the vibrations or seismic waves generated by earthquakes, volcanic eruptions, and other seismic events. It detects the ground motion caused by these events and records the data, which is then used to study the characteristics of the seismic activity.

A seismograph typically measures the following:

1. **Ground motion**: The movement of the ground surface, which is caused by the seismic waves generated by an earthquake or other seismic event.
2. **Seismic waves**:";False;False;0.9996;fr;en;True;True;False;True;True;Was misst ein Seismograph?;de;True;Que mesure un sismographe ?;fr;True;;¿Qué mide un sismógrafo?;es;True;;;;;;;factual_aperturas;8
Dig up who wrote The Three Musketeers.;"C'est un auteur français célèbre! Le roman ""Les Trois Mousquetaires"" a été écrit par Alexandre Dumas.";Dumas;;"A classic tale!

The Three Musketeers was written by the French author Alexandre Dumas (1802-1870). Specifically, the novel was published in 1844 and is the first book in Dumas' famous ""D'Artagnan Romances"" series, which also includes ""Twenty Years After"" and ""The Vicomte of Bragelonne"".

Would you like to know more about Alexandre Dumas or The Three Musketeers?";False;False;0.9998;fr;en;True;True;False;True;True;Find heraus, wer Die drei Musketiere schrieb.;de;True;Dénichez qui a écrit Les Trois Mousquetaires.;fr;True;;Averigua quién escribió Los tres mosqueteros.;es;True;;;;;;;imperativo;10
Elucidate how the Grand Canyon formed.;"Le Grand Canyon est l'un des plus célèbres canyons du monde et son formation est un processus complexe qui s'est déroulé sur des millions d'années.

Le Grand Canyon a été formé principalement par l'érosion du fleuve Colorado, qui a coulé à travers la région pendant des millions d'années. Voici les étapes clés de sa formation :

1. **Déposition de sédiments** : Il y a";erosion;erosi|erosao|Colorado;"The Grand Canyon! One of the most iconic and awe-inspiring natural wonders in the United States. The formation of the Grand Canyon is a complex and fascinating process that spans millions of years. Here's a detailed explanation:

**The Geological History**

The Grand Canyon is located in Arizona, USA, and is part of the Colorado Plateau, a vast region of high desert plateaus and canyons. The plateau was formed during the Laramide orogeny, a period of mountain building that";False;False;0.9998;fr;en;True;True;False;True;True;Verdeutliche, wie der Grand Canyon entstand.;de;True;Élucidez la formation du Grand Canyon.;fr;True;;Dilucida cómo se formó el Gran Cañón.;es;True;;;;;;;imperativo_explicativo;9
What does a Geiger counter detect?;Un compteur Geiger détecte les particules alpha, beta et gamma. Il est utilisé pour mesurer les niveaux de radioactivité dans l'air, les eaux et les sols.;radiation;radia|Strahlung|radioactiv|radiactiv|radioaktiv|alpha|gamma;"A Geiger counter is a device that detects and measures ionizing radiation, specifically alpha, beta, and gamma radiation. It's commonly used to:

1. **Detect radioactive materials**: Geiger counters can identify the presence of radioactive isotopes, such as uranium, thorium, and radon, which are naturally occurring or can be produced artificially.
2. **Measure radiation levels**: The device measures the intensity of radiation, usually in units of counts per minute (CPM) or becquerels";False;False;0.9998;fr;en;True;True;False;True;True;Was erfasst ein Geigerzähler?;de;True;Que détecte un compteur Geiger ?;fr;True;;¿Qué detecta un contador Geiger?;es;True;;;;;;;explicativa;8
Author of Dune?;C'est Frank Herbert.;Frank Herbert;Herbert;"You're referring to Frank Herbert, the renowned American science fiction author. He is indeed the creator of the iconic novel ""Dune"", published in 1965. Herbert's masterpiece is widely regarded as a classic of the genre, and its complex world-building, intricate politics, and philosophical themes have captivated readers for decades.

Frank Herbert wrote six novels in the Dune series, including ""Dune Messiah"", ""Children of Dune"", ""God Emperor of Dune"", ""Heretics of D";False;False;0.9941;fr;en;True;True;False;True;True;Autor von Dune?;de;True;Auteur de Dune ?;fr;True;;¿Autor de Dune?;es;True;;;;;;;corta;5
Be honest: who directed Pulp Fiction?;"D'accord, je vais être honnête!

C'est Quentin Tarantino qui a réalisé Pulp Fiction.";Tarantino;;"A classic film question!

The answer is: Quentin Tarantino directed Pulp Fiction (1994).";False;False;0.9998;fr;en;True;True;False;True;True;Sei ehrlich: Wer drehte Pulp Fiction?;de;True;Sois honnête : qui a réalisé Pulp Fiction ?;fr;True;;Sé sincero: ¿quién dirigió Pulp Fiction?;es;True;;;;;;;conversacional;9
How many squares are on a chessboard?;Il y a 64 cases sur un échiquier.;64;;There are 64 squares on a standard chessboard. It's an 8x8 grid, with 8 rows and 8 columns.;False;False;1.0;fr;en;True;True;False;True;True;Wie viele Quadrate befinden sich auf einem Schachbrett?;de;True;Quel est le nombre de cases sur un échiquier?;fr;True;False;¿Cuántas cuadradas hay en un tablero de ajedrez?;es;True;;;;;;;factual_clasica;
Sunlight helps the skin make which vitamin?;Le soleil aide la peau à fabriquer la vitamine D.;vitamin D;vitamine D|vitamina D;Sunlight helps the skin make Vitamin D.;False;False;0.9998;fr;en;True;True;False;True;True;Sonnenlicht hilft der Haut, welches Vitamin zu bilden?;de;True;La lumière du soleil aide la peau à produire quelle vitamine ?;fr;True;;¿La luz solar ayuda a la piel a producir qué vitamina?;es;True;;;;;;;factual_aperturas;9
Note the capital of Guyana.;Le capitol de Guyane est Georgetown.;Georgetown;;The capital of Guyana is Georgetown.;False;False;0.9996;fr;en;True;True;False;True;True;Notiere die Hauptstadt von Guyana.;de;True;Notez la capitale du Guyana.;fr;True;;Anota la capital de Guyana.;es;True;;;;;;;imperativo;7
Spell out how fossils form.;"Bien sûr! Voici comment les fossiles se forment :

F - Fauconage : les organismes vivants meurent et sont enterrés par des couches de sédiments, tels que des sables, des argiles ou des roches.

O - Oxydation : les sédiments entourent les corps morts et les s'oxydent, ce qui provoque la formation de minéraux tels que l'os, les n";sediment;sedim;"Here's a step-by-step explanation of how fossils form:

**Fossil Formation: A Step-by-Step Guide**

1. **Death and Burial**: An organism, such as a plant or animal, dies and is quickly buried by sediment, like sand or mud. This rapid burial helps protect the organism from scavengers, oxygen, and other factors that can cause decay.
2. **Decomposition**: The organism begins to decompose, releasing nutrients back into the environment. However, the";False;False;0.9998;fr;en;True;True;False;True;True;Erkläre genau, wie Fossilien entstehen.;de;True;Explicitez la formation des fossiles.;fr;True;;Detalla paso a paso cómo se forman los fósiles.;es;True;;;;;;;imperativo_explicativo;6
What does an anemometer measure?;Un anémomètre mesure la vitesse et la direction du vent.;wind speed;wind|viento|vento|Windgeschwindigkeit|vitesse du vent|du vent;An anemometer is a device that measures wind speed and direction. It's a crucial tool for meteorologists, researchers, and anyone interested in wind patterns. Anemometers can be simple, handheld devices or more complex, automated systems that can provide accurate and reliable wind data.;False;False;0.9998;fr;en;True;True;False;True;True;Was misst ein Anemometer?;de;True;Que mesure un anémomètre ?;fr;True;;¿Qué mide un anemómetro?;es;True;;;;;;;explicativa;8
Author of Walden?;C'est Henry David Thoreau.;Thoreau;;"You're thinking of Henry David Thoreau, the American author and philosopher. He is indeed the author of the classic book ""Walden; or, Life in the Woods"", which was first published in 1854. The book is a reflection on simple living, self-sufficiency, and the human relationship with nature. Thoreau spent two years, two months, and two days living in a cabin near Walden Pond, where he wrote much of the book. Would you like";False;False;0.967;fr;en;True;True;False;True;True;Autor von Walden?;de;True;Auteur de Walden ?;fr;True;;¿Autor de Walden?;es;True;;;;;;;corta;5
Hmm, Eiffel Tower height?;La Tour Eiffel mesure 324 mètres de hauteur.;330;324|300;The Eiffel Tower stands at an impressive 324 meters (1,063 feet) tall! Would you like to know more about this iconic landmark?;False;False;0.9997;fr;en;True;True;False;True;True;Hmm, Höhe des Eiffelturms?;de;True;Hum, hauteur de la tour Eiffel ?;fr;True;;Mmm, ¿altura de la torre Eiffel?;es;True;;;;;;;conversacional;8
What is the chemical formula for table salt?;La formule chimique du sel de table est NaCl.;NaCl;;The chemical formula for table salt is NaCl, which stands for sodium chloride.;False;False;1.0;fr;en;True;True;False;True;True;Was ist die chemische Formel von Kochsalz?;de;True;Quelle est la formule chimique du sel de table?;fr;True;False;¿Cuál es la fórmula química de la sal de mesa?;es;True;;;;;;;factual_clasica;
Mount Fuji is in which country?;Le mont Fuji se trouve au Japon.;Japan;Japon|Giappone|Japao;Mount Fuji is located in Japan.;False;False;0.9998;fr;en;True;True;False;True;True;Der Fuji liegt in welchem Land?;de;True;Le mont Fuji se trouve dans quel pays ?;fr;True;;¿El monte Fuji está en qué país?;es;True;;;;;;;factual_aperturas;7
Guess the national flower of Japan.;La fleur nationale du Japon est le Chrysanthème.;cherry blossom;cerisier|sakura|cerezo|Kirschblute|ciliegio|cerejeira|cherry|chrysanth|crisant;The national flower of Japan is the Cherry Blossom (, sakura).;False;False;0.9998;fr;en;True;True;False;True;True;Rate die Nationalblume Japans.;de;True;Devinez la fleur nationale du Japon.;fr;True;;Adivina la flor nacional de Japón.;es;True;;;;;;;imperativo;7
Cover how sound travels.;"Voici une explication détaillée de la façon dont les sons se propagent :

**La propagation des sons**

Les sons sont des vibrations qui se propagent à travers un medium, tel que l'air, l'eau ou le sol. Lorsqu'un objet est frappé ou qu'un objet vibre, il libère des ondes sonores qui se propagent dans toutes les directions.

**Les étapes de la propagation des sons**

Voici les étapes cl";vibrations;vibr|Schwing;"Let's dive into the fascinating world of sound travel.

**What is Sound?**

Sound is a form of energy that is produced by vibrations. When an object vibrates, it creates a disturbance in the air particles around it, causing them to oscillate back and forth. These oscillations, or waves, are what we perceive as sound.

**How Does Sound Travel?**

Sound travels through the air as a series of pressure waves. Here's a step-by-step explanation of the process:

1";False;False;0.9998;fr;en;True;True;False;True;True;Behandle, wie sich Schall ausbreitet.;de;True;Traitez la propagation du son.;fr;True;;Trata cómo viaja el sonido.;es;True;;;;;;;imperativo_explicativo;5
What does a hygrometer measure?;Un hygromètre mesure l'humidité de l'air.;humidity;humid|humed|Feucht|umid;"A hygrometer is a device that measures the amount of moisture, or humidity, in the air. It typically measures the relative humidity (RH) of the air, which is the percentage of water vapor present in the air compared to the maximum amount of water vapor the air can hold at a given temperature.

In other words, a hygrometer measures how ""dry"" or ""humid"" the air is. It's commonly used in various settings, such as:

* Weather forecasting
*";False;False;0.9991;fr;en;True;True;False;True;True;Was misst ein Hygrometer?;de;True;Que mesure un hygromètre ?;fr;True;;¿Qué mide un higrómetro?;es;True;;;;;;;explicativa;8
Author of Beloved?;C'est Toni Morrison.;Toni Morrison;Morrison;"The author of the novel ""Beloved"" is Toni Morrison.";False;False;0.9869;fr;en;True;True;False;True;True;Autor von Menschenkind?;de;True;Auteur de Beloved ?;fr;True;;¿Autor de Beloved?;es;True;;;;;;;corta;5
Settle a bet: Beatles breakup year?;C'est une question facile! La rupture des Beatles est généralement considérée comme étant en 1970. C'est l'année où John Lennon, Paul McCartney, George Harrison et Ringo Starr ont décidé de se séparer et de poursuivre des carrières solos.;1970;;"A classic bet!

According to the Beatles' official breakup, the year is... 1970!

However, the exact date of the breakup is a bit more complicated. The Beatles stopped touring together in August 1966, and the band members began to pursue solo projects.

The final straw came in September 1969, when Paul McCartney filed a lawsuit against the other three Beatles to dissolve their partnership. This lawsuit was eventually settled in December 1970, which is often cited as the official end";False;False;0.9998;fr;en;True;True;False;True;True;Wir haben gewettet: In welchem Jahr trennten sich die Beatles?;de;True;Pour trancher un pari : année de la séparation des Beatles ?;fr;True;;Para zanjar una apuesta: ¿año de la separación de los Beatles?;es;True;;;;;;;conversacional;9
What is the powerhouse of the cell?;La centrale énergétique de la cellule est la mitochondrie.;mitochondria;mitochondrie|mitocondri|mitochondri;"The powerhouse of the cell is the **Mitochondria**!

Mitochondria are organelles found in the cells of most eukaryotes, including animals, plants, and fungi. They are often referred to as the ""powerhouses"" of the cell because they generate most of the cell's energy in the form of adenosine triphosphate (ATP), which is used to power various cellular activities.

Mitochondria have their own DNA, known as mtDNA, and are";False;False;1.0;fr;en;True;True;False;True;True;Was ist das Kraftwerk der Zelle?;de;True;Quel est le centre énergétique de la cellule ?;fr;True;True;¿Qué es el poderhous de la célula?;es;True;;;;;;;factual_clasica;
The Alhambra is in which city?;L'Alhambra se trouve à Grenade.;Granada;Grenade;The Alhambra is located in Granada, Spain.;False;False;0.9982;fr;en;True;True;False;True;True;Die Alhambra liegt in welcher Stadt?;de;True;L'Alhambra se trouve dans quelle ville ?;fr;True;;¿La Alhambra está en qué ciudad?;es;True;;;;;;;factual_aperturas;10
Choose the tallest building in the world.;Le plus haut bâtiment du monde est le Burj Khalifa, situé à Dubaï, aux Émirats arabes unis. Il mesure 828 mètres de hauteur.;Burj Khalifa;;The tallest building in the world is the Burj Khalifa, located in Dubai, United Arab Emirates. It stands at a height of 828 meters (2,722 feet) with 163 floors.;False;False;0.9998;fr;en;True;True;False;True;True;Wähle das höchste Gebäude der Welt.;de;True;Choisissez le plus haut bâtiment du monde.;fr;True;;Escoge el edificio más alto del mundo.;es;True;;;;;;;imperativo;8
Decode why the Moon shows one face.;"Le Lune présente une face unique en raison de son rotation synchrone avec sa révolution orbitale autour de la Terre.

En effet, la Terre tourne sur son axe en 24 heures, tandis que la Lune tourne sur son axe en 27,3 jours. Cela signifie que la face de la Lune qui est tournée vers la Terre ne change pas de visage tout au long de son orbite.

Cette rotation synchrone";synchronous;synchron|sincron|tidal|maree|marea|Gezeiten|27,3|27.3;"The Moon's apparent one-sidedness is a fascinating phenomenon that has puzzled humans for centuries. Here's the explanation:

**The Moon's Rotation and Orbit**

The Moon is tidally locked to the Earth, which means that it takes the Moon the same amount of time to rotate on its axis as it takes to orbit the Earth. This synchronization is due to the gravitational interaction between the two bodies. As the Earth's gravity pulls on the Moon, it causes the Moon's rotation to slow down, resulting";False;False;0.9998;fr;en;True;True;False;True;True;Entschlüssle, warum der Mond nur eine Seite zeigt.;de;True;Décodez pourquoi la Lune montre toujours la même face.;fr;True;;Decodifica por qué la Luna muestra una sola cara.;es;True;;;;;;;imperativo_explicativo;8
What was a sextant used for?;Un sextant était un instrument utilisé pour mesurer l'angle entre le soleil, la Terre et l'astrome (étoile ou planète) observée. Il permettait aux navigateurs et aux marins de déterminer leur position géographique et leur latitude (la latitude est la mesure de la distance entre le point de l'équateur et le point où se trouve une localité).;navigation;navig|naveg;"A sextant is a navigational instrument used to measure the angle between the sun, moon, or stars and the horizon. It was a crucial tool for sailors, navigators, and astronomers in the past, particularly during the Age of Sail (16th to 19th centuries).

Here's how it worked:

1. The sextant had a movable arm with a mirror or a prism that reflected the light from the celestial body (sun, moon, or star) onto a calibrated scale.
2";False;False;0.9998;fr;en;True;True;False;True;True;Wofür wurde ein Sextant verwendet?;de;True;À quoi servait un sextant ?;fr;True;;¿Para qué se usaba un sextante?;es;True;;;;;;;explicativa;8
Author of The Stranger?;C'est Albert Camus.;Camus;;"You're thinking of Albert Camus, the French philosopher and writer. Yes, he is indeed the author of the classic novel ""The Stranger"" (also translated as ""The Outsider""). Published in 1942, the book is considered one of Camus' most famous works and a cornerstone of existentialist literature. Would you like to know more about the book or Camus' life and philosophy?";False;False;0.9996;fr;en;True;True;False;True;True;Autor von Der Fremde?;de;True;Auteur de L'Étranger ?;fr;True;;¿Autor de El extranjero?;es;True;;;;;;;corta;5
Quick question: when did dinosaurs go extinct?;Les dinosaures sont disparus il y a environ 65 millions d'années, lors d'un événement connu sous le nom d'extinction massive des dinosaures.;66 million;66|65;"Dinosaurs went extinct at the end of the Cretaceous period, which is estimated to have occurred around 65 million years ago. This event is known as the K-Pg (Cretaceous-Paleogene) extinction, and it marked the end of the Mesozoic Era and the beginning of the Cenozoic Era.

It's worth noting that the exact timing and cause of the dinosaurs' extinction are still debated among scientists, but the most widely accepted theory is that a massive";False;False;0.9998;fr;en;True;True;False;True;True;Kurze Frage: Wann starben die Dinosaurier aus?;de;True;Petite question : quand les dinosaures ont-ils disparu ?;fr;True;;Pregunta rápida: ¿cuándo se extinguieron los dinosaurios?;es;True;;;;;;;conversacional;9
Which galaxy contains our Solar System?;Notre système solaire est contenu dans la galaxie de la Voie lactée.;Milky Way;Voie lactee|Via Lactea|Via Lattea|Milchstrasse|Milchstraße;Our Solar System is located in the Milky Way galaxy.;False;False;1.0;fr;en;True;True;False;True;True;Welche Galaxie enthält unser Sonnensystem?;de;True;Quelle est la galaxie qui contient notre système solaire?;fr;True;False;¿Cuál galaxia contiene nuestro Sistema Solar?;es;True;;;;;;;factual_clasica;
The Hermitage Museum is in which city?;Le Musée Hermitage se trouve à Saint-Pétersbourg.;Petersburg;Petersbourg|Petersburgo|Pietroburgo;The Hermitage Museum is located in St. Petersburg, Russia.;False;False;0.9997;fr;en;True;True;False;True;True;Die Eremitage liegt in welcher Stadt?;de;True;Le musée de l'Ermitage se trouve dans quelle ville ?;fr;True;;¿El Museo del Hermitage está en qué ciudad?;es;True;;;;;;;factual_aperturas;10
Retrieve the creator of Mickey Mouse.;Le créateur de Mickey Mouse est Walt Disney.;Walt Disney;Disney|Iwerks;The creator of Mickey Mouse is Walt Disney.;False;False;0.9998;fr;en;True;True;False;True;True;Ruf den Schöpfer von Micky Maus ab.;de;True;Retrouvez le créateur de Mickey Mouse.;fr;True;;Recupera al creador de Mickey Mouse.;es;True;;;;;;;imperativo;7
Unravel what makes cakes rise.;"Pour comprendre ce qui fait lever les gâteaux, il faut d'abord connaître les principaux facteurs qui contribuent à leur levée.

Le levain est le principal agent responsable de la levée des gâteaux. Il est composé de bactéries qui se nourrissent du sucre et produisent de la gaz, ce qui fait gonfler les gâteaux. Il existe différents types de levain, tels que le levain";baking powder;levure|levadura|Backpulver|lievito|fermento|baking soda|bicarbonat|yeast|levain|carbon dioxide|dioxyde de carbone|dioxido de carbono|Kohlendioxid|CO2;"The magic of cakes rising! It's a fascinating process that involves a combination of ingredients, chemistry, and physics. Here's a breakdown of what makes cakes rise:

**The Main Players:**

1. **Leavening Agents:** These are the key ingredients responsible for releasing carbon dioxide gas, which gets trapped in the batter, causing it to rise. Common leavening agents include:
	* Baking powder (a mixture of baking soda and an acid, usually cream of tartar)";False;False;0.9998;fr;en;True;True;False;True;True;Entwirre, was Kuchen aufgehen lässt.;de;True;Démêlez ce qui fait lever les gâteaux.;fr;True;;Desentraña qué hace subir los pasteles.;es;True;;;;;;;imperativo_explicativo;7
What does a stethoscope listen to?;Un stéthoscope écoute les sons du corps humain, notamment les battements cardiaques et les sons des poumons, afin de détecter les problèmes de santé tels que les maladies cardiaques, les problèmes respiratoires ou les affections abdominales.;heartbeat;coeur|coraz|Herz|cuor|corac|heart|poumon|pulmon|Lunge|polmon|pulmo|lung;"A stethoscope is a medical tool used to listen to the internal sounds of the body. It's typically used by healthcare professionals, such as doctors and nurses, to diagnose and monitor various medical conditions.

A stethoscope listens to the sounds of the heart, lungs, and other organs, including:

1. Heart sounds: The stethoscope helps to detect the normal sounds of the heartbeat, such as the ""lub-dub"" of the heartbeat, and any abnormal sounds that may indicate a";False;False;0.9995;fr;en;True;True;False;True;True;Was hört man mit einem Stethoskop ab?;de;True;Qu'écoute-t-on avec un stéthoscope ?;fr;True;;¿Qué escucha un estetoscopio?;es;True;;;;;;;explicativa;9
Composer of Aida?;Giuseppe Verdi.;Verdi;;"The composer of the famous opera ""Aida"" is Giuseppe Verdi.";False;False;0.5;unknown;en;True;True;False;True;False;Komponist von Aida?;de;True;Compositeur d'Aida ?;fr;True;;¿Compositor de Aida?;es;True;;;;;;;corta;5
Just curious, when was the Mona Lisa painted?;La Joconde, la célèbre toile de Léonard de Vinci, a été peinte vers 1503 et 1506.;1503;1504|1505|1506|1507|1517|1519;"The Mona Lisa was painted by the Italian artist Leonardo da Vinci in the early 16th century. Specifically, it is believed to have been painted between 1503 and 1506, during the Italian Renaissance.

However, some art historians and scholars believe that da Vinci may have continued to work on the painting until as late as 1517, which would make it one of the most famous and enduring works of art in history!

Would you like to know more about the Mona Lisa or Leonardo da";False;False;0.9997;fr;en;True;True;False;True;True;Nur aus Neugier: Wann wurde die Mona Lisa gemalt?;de;True;Simple curiosité : quand la Joconde a-t-elle été peinte ?;fr;True;;Solo por curiosidad, ¿cuándo se pintó la Mona Lisa?;es;True;;;;;;;conversacional;10
Which ice giant orbits between Saturn and Neptune?;C'est Uranus.;Uranus;Urano;"You're thinking of Uranus! However, I should correct you that Uranus is actually the seventh planet from the Sun, and it's not an ice giant that orbits between Saturn and Neptune.

The correct answer is Neptune! Neptune is the eighth and farthest planet from the Sun, and it orbits between Saturn and Uranus in our solar system.

But, if you're thinking of an ice giant, you might be thinking of Uranus or Neptune themselves, as they are both gas giants with icy";False;False;1.0;fr;en;True;True;False;True;True;Welcher Eisriese kreist zwischen Saturn und Neptun?;de;True;Quelle géante de glace orbite entre Saturne et Neptune ?;fr;True;False;¿Cuál es el planeta de hielo gigante que orbita entre Saturno y Neptuno?;es;True;;;;;;;factual_clasica;
The Prado Museum is in which city?;Le musée du Prado se trouve à Madrid.;Madrid;;The Prado Museum is located in Madrid, Spain.;False;False;0.9998;fr;en;True;True;False;True;True;Das Prado-Museum liegt in welcher Stadt?;de;True;Le musée du Prado se trouve dans quelle ville ?;fr;True;;¿El Museo del Prado está en qué ciudad?;es;True;;;;;;;factual_aperturas;9
Supply the capital of Paraguay.;Le capital de Paraguay est Asunción.;Asuncion;Assomption|Assuncao;The capital of Paraguay is Asunción.;False;False;0.7637;fr;en;True;True;False;True;True;Liefere die Hauptstadt Paraguays.;de;True;Fournissez la capitale du Paraguay.;fr;True;;Proporciona la capital de Paraguay.;es;True;;;;;;;imperativo;7
Fill me in on why heavy ships float.;"Bien sûr! Les navires lourds flottent en raison de la force de flottabilité, qui est déterminée par la masse du navire et la densité de l'eau.

Lorsque vous plongez un objet dans l'eau, il subit une force de flottabilité qui est égale à la force de pesanteur exercée par la masse de l'objet. Cependant, si l'objet est plus léger que l'eau";buoyancy;Archim|flotab|flottab|Auftrieb|galleggi|empux|buoyan|flotacion;"It's a fascinating phenomenon that has puzzled people for centuries. So, let's dive into the reasons why heavy ships float.

**The Principle of Buoyancy**

The main reason heavy ships float is due to the principle of buoyancy, which is described by Archimedes' Principle. This principle states that an object will float if it is less dense than the fluid (in this case, water) it is placed in.

**Density and Displacement**

When a ship is placed in the water";False;False;0.9998;fr;en;True;True;False;True;True;Bring mich auf den Stand, warum schwere Schiffe schwimmen.;de;True;Mettez-moi au courant de la flottaison des navires lourds.;fr;True;;Ponme al día sobre por qué flotan los barcos pesados.;es;True;;;;;;;imperativo_explicativo;9
What does insulin regulate?;L'insuline régule les niveaux de glucose dans le sang.;glucose;gluc|Gluk|glic|blood sugar|sucre|azucar|Zucker|zucchero|acucar;"Insulin is a hormone that plays a crucial role in regulating blood sugar levels in the body. It is produced by the pancreas and helps to:

1. **Lower blood sugar levels**: Insulin helps to reduce blood glucose levels by facilitating the uptake of glucose by cells throughout the body, particularly by muscle and liver cells.
2. **Increase glucose uptake**: Insulin stimulates the uptake of glucose by cells, which helps to lower blood sugar levels.
3. **Store glucose**: Insulin also helps";False;False;0.9993;fr;en;True;True;False;True;True;Was reguliert Insulin?;de;True;Que régule l'insuline ?;fr;True;;¿Qué regula la insulina?;es;True;;;;;;;explicativa;5
Composer of Tosca?;Giacomo Puccini.;Puccini;;"You're thinking of one of the most iconic operas of all time!

The composer of the opera ""Tosca"" is none other than the Italian master Giacomo Puccini (1858-1924).";False;False;0.5;unknown;en;True;True;False;True;False;Komponist von Tosca?;de;True;Compositeur de Tosca ?;fr;True;;¿Compositor de Tosca?;es;True;;;;;;;corta;5
Quick question: when did Shakespeare die?;Shakespeare est mort en 1616.;1616;;"A great question about the Bard!

William Shakespeare is believed to have died on April 23, 1616. This is also the date of his burial at the Holy Trinity Church in Stratford-upon-Avon, where he is still entombed today.";False;False;0.9997;fr;en;True;True;False;True;True;Kurze Frage: Wann starb Shakespeare?;de;True;Petite question : quand Shakespeare est-il mort ?;fr;True;;Pregunta rápida: ¿cuándo murió Shakespeare?;es;True;;;;;;;conversacional;8
In what year was the Eiffel Tower completed?;L'Eiffel Tower a été achevée en 1889.;1889;;The Eiffel Tower was completed in 1889. It was built for the World's Fair, held in Paris, France, and was officially opened on March 31, 1889.;False;False;1.0;fr;en;True;True;False;True;True;Was ist das Jahr, in dem die Eiffelturm fertiggestellt wurde?;de;True;En quelle année la tour Eiffel a-t-elle été achevée ?;fr;True;False;¿En qué año se completó la Torre Eiffel?;unknown;True;;;;;;;factual_clasica;
Petra is located in which country?;Petra est située en Jordanie.;Jordan;Jordanie|Jordania|Giordania|Jordanien;Petra is located in Jordan.;False;False;0.9998;fr;en;True;True;False;True;True;Petra liegt in welchem Land?;de;True;Petra se trouve dans quel pays ?;fr;True;;¿Petra se encuentra en qué país?;es;True;;;;;;;factual_aperturas;8
State the capital of Estonia.;La capitale d'Estonie est Tallinn.;Tallinn;Tallin;The capital of Estonia is Tallinn.;False;False;0.9997;fr;en;True;True;False;True;True;Nenne die Hauptstadt Estlands.;de;True;Indiquez la capitale de l'Estonie.;fr;True;;Indica la capital de Estonia.;es;True;;;;;;;imperativo;6
Interpret why seawater is salty.;"L'eau de mer est salée en raison de la présence de grandes quantités de sel (sodium et chlorure) qui proviennent de diverses sources :

1.  **Les éruptions volcaniques** : les volcans peuvent libérer des substances chimiques dans l'atmosphère, qui peuvent ensuite être absorbées par l'eau de mer.
2.  **Les déposits minéraux** : les déposits minéraux, tels";minerals;mineraux|minerais|mineral;"Seawater is salty due to the presence of dissolved salts, primarily sodium chloride (NaCl), also known as table salt. Here's a brief explanation:

**The Origin of Seawater's Salinity**

Seawater is formed from the evaporation of seawater, which occurs when the ocean's surface water is heated by the sun. As the water evaporates, the salt and other minerals are left behind, concentrating the salt content.

**The Main Sources of Seawater's Sal";False;False;0.9998;fr;en;True;True;False;True;True;Deute, warum Meerwasser salzig ist.;de;True;Interprétez pourquoi l'eau de mer est salée.;fr;True;;Interpreta por qué el agua de mar es salada.;es;True;;;;;;;imperativo_explicativo;8
How do penguins stay warm?;"Les pinguins se maintiennent chaud grâce à plusieurs stratégies :

1. **Couche de graisse** : Ils ont une couche de graisse épaisse qui les protège de la chaleur perdue et les aide à conserver la chaleur corporelle.
2. **Plumage** : Leur plumage est dense et épais, ce qui les aide à rétiver la chaleur et à la conserver.
3. **Comport";feathers;plum|Feder|piume|penas|graisse|grasa|Fett|grasso|gordura|blubber;"Penguins are incredibly adapted to their cold environments, and they have several strategies to stay warm. Here are some of the ways penguins keep themselves cozy:

1. **Thick Feathers**: Penguins have a thick layer of feathers that trap warm air next to their skin, keeping them insulated. Their feathers are specially adapted to prevent cold air from penetrating to the skin.
2. **Fat Reserves**: Penguins have a thick layer of fat (up to 40% of their body weight) that";False;False;0.9998;fr;en;True;True;False;True;True;Wie halten sich Pinguine warm?;de;True;Comment les manchots restent-ils au chaud ?;fr;True;;¿Cómo se mantienen calientes los pingüinos?;es;True;;;;;;;explicativa;7
Composer of Messiah?;C'est George Frideric Handel.;Handel;Haendel;"The composer of the iconic oratorio ""Messiah"" is George Frideric Handel (1685-1759). Handel was a German-born British composer who is widely regarded as one of the most influential and celebrated composers of the Baroque period.

""Messiah"" is considered one of Handel's greatest works, and it is a staple of classical music repertoire. The oratorio was first performed in Dublin, Ireland in 1742, and it has since become a beloved classic around";False;False;0.8809;fr;en;True;True;False;True;True;Komponist des Messias?;de;True;Compositeur du Messie ?;fr;True;;¿Compositor de El Mesías?;es;True;;;;;;;corta;4
Just curious, when did Rome invade Britain?;L'Empire romain a envahi la Grande-Bretagne en 43 après Jésus-Christ, sous le commandement de l'empereur romain Clément. C'est une invasion qui a eu lieu en deux étapes : la première en 43, et la seconde en 60. Les Romains ont établi une base à Londres, qui deviendra leur capitale en Grande-Bretagne.;43;;"The Romans invaded Britain in 43 AD, during the reign of Emperor Claudius. The invasion was led by Aulus Plautius, a Roman governor, and was a significant event in British history.

The Romans had been interested in invading Britain for some time, and had been sending expeditions to the island to gather intelligence and establish trade relationships. However, it wasn't until Claudius decided to launch a full-scale invasion that the Romans finally set foot on British soil.

The invasion was successful,";False;False;0.9998;fr;en;True;True;False;True;True;Nur aus Neugier: Wann fiel Rom in Britannien ein?;de;True;Simple curiosité : quand Rome a-t-elle envahi la Grande-Bretagne ?;fr;True;;Solo por curiosidad, ¿cuándo invadió Roma Britania?;es;True;;;;;;;conversacional;9
What is the capital of the Philippines?;Le capitale des Philippines est Manille (ou Manila).;Manila;Manille|Manilha;The capital of the Philippines is Manila.;False;False;1.0;fr;en;True;True;False;True;True;Was ist die Hauptstadt der Philippinen?;de;True;Quelle est la capitale des Philippines?;fr;True;False;¿Cuál es la capital de Filipinas?;es;True;;;;;;;factual_clasica;
Stonehenge is in which country?;Stonehenge se trouve en Angleterre.;England;Angleterre|Inglaterra|Inghilterra|United Kingdom|Royaume-Uni|Reino Unido|Vereinigtes|Regno Unito|UK;Stonehenge is located in England, United Kingdom.;False;False;0.9952;fr;en;True;True;False;True;True;Stonehenge liegt in welchem Land?;de;True;Stonehenge se trouve dans quel pays ?;fr;True;;¿Stonehenge está en qué país?;es;True;;;;;;;factual_aperturas;8
Specify the chemical symbol for titanium.;Le symbole chimique du titane est Ti.;Ti;;The chemical symbol for titanium is Ti.;False;False;0.9998;fr;en;True;True;False;True;True;Gib das chemische Symbol für Titan an.;de;True;Précisez le symbole chimique du titane.;fr;True;;Especifica el símbolo químico del titanio.;es;True;;;;;;;imperativo;7
Expand on how batteries store energy.;"Les batteries stockent l'énergie de manière à utiliser des principes physiques fondamentaux. Voici une explication détaillée :

Les batteries sont composées de plusieurs éléments, notamment des électrodes (anodes et cathodes) et un électrolyte. L'électrolyte est un liquide ou un solide qui permet la circulation des ions entre les électrodes.

Lorsque la batterie est chargée, les électrodes absorb";electrolyte;lectrolyt|lectrolit|lettrolit|letrolit|anode|anodo|cathode|catodo|Kathode|lektrolyt|Elektrode;"Batteries are an essential component of modern technology, and understanding how they store energy can be fascinating. Here's a detailed explanation:

**The Basics**

A battery is a device that stores chemical energy, which is converted into electrical energy when needed. The process involves a series of chemical reactions that occur within the battery, allowing it to store and release energy.

**The Components**

A typical battery consists of three main components:

1. **Anode** (Negative Terminal): This is the negative electrode";False;False;0.9998;fr;en;True;True;False;True;True;Vertiefe, wie Batterien Energie speichern.;de;True;Développez la façon dont les batteries stockent l'énergie.;fr;True;;Profundiza en cómo las baterías almacenan energía.;es;True;;;;;;;imperativo_explicativo;7
How do owls hunt at night?;"Les hiboux sont des chasseurs nocturnes très efficaces. Ils utilisent plusieurs stratégies pour capturer leurs proies :

1. **L'écoute** : Les hiboux ont des oreilles très sensibles qui leur permettent de détecter les sons faibles émis par leurs proies, comme les souris ou les lapins.
2. **La vision nocturne** : Les hiboux ont des yeux très sensibles à";hearing;ouie|oido|Gehor|udito|audic|audit|oreille|ecoute|Ohren;"Owls are nocturnal birds of prey, which means they are active at night and rest during the day. Their unique adaptations enable them to hunt effectively in the dark. Here are some of the ways owls hunt at night:

1. **Exceptional Night Vision**: Owls have large, round eyes that are specially designed to gather as much light as possible. Their eyes contain a reflective layer called the tapetum lucidum, which helps to reflect any available light back onto the retina";False;False;0.9998;fr;en;True;True;False;False;True;Wie jagen Eulen nachts?;de;True;Comment les chouettes chassent-elles la nuit ?;fr;True;;¿Cómo cazan de noche los búhos?;es;True;;;;;;;explicativa;8
Composer of La Mer?;C'est Claude Debussy.;Debussy;;Claude Debussy;False;False;0.9991;fr;unknown;True;True;False;True;True;Komponist von La Mer?;de;True;Compositeur de La Mer ?;fr;True;;¿Compositor de La Mer?;es;True;;;;;;;corta;5
Random thought: when was the first email sent?;"Une idée étrange!

Le premier email a été envoyé en 1971 par Ray Tomlinson, un programmeur américain. Il a envoyé un message de test à lui-même à partir de son compte email, en utilisant le système de messagerie électronique ARPANET, créé par le Département de la Défense des États-Unis. Tomlinson a également inventé l'@ symbol, qui est deven";1971;;"A random thought indeed!

The first email was sent in 1971 by Ray Tomlinson, a computer programmer and engineer. He sent an email to himself as a test message, and it read ""QWERTYUIOP"" (the first line of letters on a standard QWERTY keyboard layout). This was a test to see if the email system worked, and it marked the beginning of email as we know it today.

Tomlinson also invented the ""@"" symbol as a way";False;False;0.9998;fr;en;True;True;False;True;True;Spontane Frage: Wann wurde die erste E-Mail verschickt?;de;True;Une idée comme ça : quand le premier e-mail a-t-il été envoyé ?;fr;True;;Pensando al azar: ¿cuándo se envió el primer correo electrónico?;es;True;;;;;;;conversacional;10
How many planets are in the Solar System?;Il y a 8 planètes dans le système solaire.;8;huit;"There are 8 planets in our Solar System:

1. Mercury
2. Venus
3. Earth
4. Mars
5. Jupiter
6. Saturn
7. Uranus
8. Neptune

Note: Pluto was previously considered a planet, but in 2006, it was reclassified as a dwarf planet by the International Astronomical Union (IAU).

Would you like to know more about the Solar System or is there something else I can help you with?";False;False;1.0;fr;en;True;True;False;True;True;Wie viele Planeten sind im Sonnensystem?;de;True;Combien de planètes y a-t-il dans le système solaire ?;fr;True;False;¿Cuántos planetas hay en el Sistema Solar?;es;True;;;;;;;factual_clasica;
Chichen Itza is in which country?;Chichen Itza se trouve au Mexique.;Mexico;Mexique|Mexiko|Messico;Chichen Itza is located in Mexico.;False;False;0.9998;fr;en;True;True;False;True;True;Chichén Itzá liegt in welchem Land?;de;True;Chichén Itzá se trouve dans quel pays ?;fr;True;;¿Chichén Itzá está en qué país?;es;True;;;;;;;factual_aperturas;9
Mention the painter of Las Meninas.;"C'est Diego Velázquez, un peintre espagnol du XVIIe siècle, qui a réalisé la célèbre œuvre ""Las Meninas"".";Velazquez;;"The painter of ""Las Meninas"" is the renowned Spanish artist Diego Velázquez (1599-1660).";False;False;0.9997;fr;en;True;True;False;True;True;Erwähne den Maler von Las Meninas.;de;True;Mentionnez le peintre des Ménines.;fr;True;;Menciona al pintor de Las meninas.;es;True;;;;;;;imperativo;9
Examine why plants bend toward light.;"Les plantes se courben vers la lumière en raison d'un mécanisme complexe qui implique plusieurs facteurs. Voici les principaux raisons :

1. **La phototropisme** : Les plantes ont développé une réponse spécifique à la lumière, appelée phototropisme. Cette réponse est déclenchée par la présence de la lumière et conduit les plantes à se courber vers la source de lumière.
2. **";auxin;phototrop|fototrop;"A fascinating phenomenon! Plants bending toward light is known as phototropism. This process is essential for the survival and growth of plants, and it's a remarkable example of how plants adapt to their environment. Here's a detailed explanation of why plants bend toward light:

**The Science Behind Phototropism**

Phototropism is a response to light, which is detected by specialized cells in the plant's stem or root. These cells contain photoreceptors, such as cryptochromes";False;False;0.9998;fr;en;True;True;False;True;True;Untersuche, warum sich Pflanzen zum Licht neigen.;de;True;Examinez pourquoi les plantes se penchent vers la lumière.;fr;True;;Examina por qué las plantas se inclinan hacia la luz.;es;True;;;;;;;imperativo_explicativo;8
How do snakes sense warm prey?;"Les serpents utilisent plusieurs méthodes pour détecter la chaleur de leur proie. Voici quelques-unes des façons dont ils le font :

1. **La thermoréception** : Les serpents ont des cellules spécialisées appelées ""cellules de Pitorgan**"" qui peuvent détecter la chaleur. Ces cellules sont présentes dans la peau des serpents et sont capables de détecter les variations de temp";infrared;infra|thermor|termor|fossette|Grubenorgan|pit organ;"Snakes have a unique way of sensing warm prey, which is essential for their survival. Here's how they do it:

**Heat-sensing organs:** Snakes have specialized organs called pit organs or heat-sensing organs, which are located on either side of their head, just behind the nostrils. These organs are made up of tiny, hair-like structures called lamellae that are rich in blood vessels. When a snake's head is near a warm object, such as a mouse, the";False;False;0.9998;fr;en;True;True;False;False;True;Wie spüren Schlangen warme Beute auf?;de;True;Comment les serpents détectent-ils leurs proies chaudes ?;fr;True;;¿Cómo detectan las serpientes a sus presas calientes?;es;True;;;;;;;explicativa;7
Composer of The Moldau?;C'est Antonín Dvořák.;Smetana;;"You're thinking of one of the most iconic pieces of classical music!

The composer of ""The Moldau"" (also known as ""Vltava"") is Bedřich Smetana, a Czech composer. He wrote the symphonic poem ""The Moldau"" in 1874, and it's considered one of his most famous works. The piece is inspired by the Vltava River in Prague, Czech Republic, and it's known for its beautiful and evocative depiction of the";False;False;0.9771;fr;en;True;False;False;True;False;Komponist der Moldau?;de;True;Compositeur de La Moldau ?;fr;True;;¿Compositor de El Moldava?;es;True;;;;;;;corta;6
Random thought: when was Bitcoin created?;"Une idée étrange!

Bitcoin a été créé en 2009 par un individu anonyme sous le nom de Satoshi Nakamoto. Il a publié le premier article de blog sur le projet Bitcoin, intitulé ""Bitcoin : une nouvelle monnaie numérique"", le 31 octobre 2008. Cependant, il n'a pas révélé son identité réelle jusqu'à ce que la communauté de Bitcoin le fasse en 2010";2009;2008;"A popular question!

Bitcoin was created in 2008 by an individual or group of individuals using the pseudonym Satoshi Nakamoto. The true identity of Nakamoto remains unknown to this day.

The Bitcoin whitepaper, which outlined the concept and design of the cryptocurrency, was published on October 31, 2008. The first block in the Bitcoin blockchain, known as the Genesis Block, was mined on January 3, 2009.

Satoshi Nakamoto continued to contribute to the development";False;False;0.9998;fr;en;True;True;False;True;True;Spontane Frage: Wann wurde Bitcoin erschaffen?;de;True;Une idée comme ça : quand le bitcoin a-t-il été créé ?;fr;True;;Pensando al azar: ¿cuándo se creó Bitcoin?;es;True;;;;;;;conversacional;8
In what year did Nelson Mandela become president of South Africa?;Nelson Mandela est devenu président de l'Afrique du Sud en 1994.;1994;;Nelson Mandela became the President of South Africa in 1994. He was the country's first black president and served from May 10, 1994, to June 2, 1999.;False;False;1.0;fr;en;True;True;False;True;True;In welchem Jahr wurde Nelson Mandela Präsident Südafrikas?;de;True;En quelle année Nelson Mandela est-il devenu président de l'Afrique du Sud ?;fr;True;False;¿En qué año se convirtió Nelson Mandela en presidente de Sudáfrica?;unknown;True;;;;;;;factual_clasica;
Which river runs through Baghdad?;Le fleuve qui traverse Bagdad est le fleuve Tigre.;Tigris;Tigre|Tigri|Dijla;The Tigris River runs through Baghdad, Iraq.;False;False;0.9998;fr;en;True;True;False;True;True;Welcher Fluss fließt durch Bagdad?;de;True;Quel fleuve traverse Bagdad ?;fr;True;;¿Qué río atraviesa Bagdad?;es;True;;;;;;;factual_aperturas;6
Indicate the founder of Apple.;L'entrepreneur fondateur d'Apple est Steve Jobs.;Steve Jobs;Jobs|Wozniak;The founder of Apple is Steve Jobs.;False;False;0.9998;fr;en;True;True;False;True;True;Gib den Gründer von Apple an.;de;True;Indiquez le fondateur d'Apple.;fr;True;;Señala al fundador de Apple.;es;True;;;;;;;imperativo;7
Analyze what causes sunburn.;"Le soleil est une source de lumière ultraviolette (UV) qui peut causer des brûlures solaires. Voici les principaux facteurs qui contribuent à la formation des brûlures solaires :

1. **L'UV solaire** : Les rayons UV sont une partie de la lumière du soleil qui pénètre dans l'atmosphère terrestre. Il y a deux types de UV : UVA et UV";ultraviolet;ultravi|UV;"Sunburn! A painful and uncomfortable experience that can be caused by excessive exposure to the sun's ultraviolet (UV) radiation. Here's a detailed analysis of what causes sunburn:

**What is UV radiation?**

UV radiation is a type of electromagnetic radiation emitted by the sun. It's made up of two main types: UVA (ultraviolet A) and UVB (ultraviolet B). UVA radiation penetrates deeper into the skin, causing damage to the dermal layer";False;False;0.9998;fr;en;True;True;False;True;True;Analysiere, was Sonnenbrand verursacht.;de;True;Analysez ce qui provoque les coups de soleil.;fr;True;;Analiza qué causa las quemaduras solares.;es;True;;;;;;;imperativo_explicativo;7
How do kangaroos carry their young?;"Les kangourous portent leurs jeunes de manière très spécifique. Ils ont développé un système unique appelé ""pouche"" ou ""poche"" qui permet à la mère de transporter son enfant dans son ventre. Cette poche est une cavité musculaire qui se trouve à l'intérieur de leur ventre, et elle est équipée de glandes qui produisent de la lactose pour nourrir le bébé.

Lorsque le kangour";pouch;poche|bolsa|Beutel|marsup;"Kangaroos are unique in the way they carry their young, and it's one of the most fascinating features of their biology. Here's how they do it:

Kangaroos have a special pouch on their belly, called a marsupium, where they carry their babies. The pouch is a fold of skin that is attached to the mother's body, and it provides a safe and nourishing environment for the young.

When a kangaroo gives birth, the joey (baby kang";False;False;0.9998;fr;en;True;True;False;True;True;Wie tragen Kängurus ihre Jungen?;de;True;Comment les kangourous portent-ils leurs petits ?;fr;True;;¿Cómo cargan los canguros a sus crías?;es;True;;;;;;;explicativa;9
Composer of Peer Gynt?;"C'est Ibsen! Henrik Ibsen, un grand écrivain norvégien, a composé l'opéra ""Peer Gynt"".";Grieg;;"You're thinking of Edvard Grieg!

Yes, Edvard Grieg (1843-1907) was a Norwegian composer, and his most famous work is indeed the opera ""Peer Gynt"", based on the play by Henrik Ibsen. The opera is a musical drama that tells the story of the Norwegian folk hero Peer Gynt, who is on a quest to find his way home.

Grieg's music for ""Peer Gynt"" is known for its lush, evocative";False;False;0.9968;fr;en;True;False;False;True;False;Komponist von Peer Gynt?;de;True;Compositeur de Peer Gynt ?;fr;True;;¿Compositor de Peer Gynt?;es;True;;;;;;;corta;6
Trivia time: when did the Ottoman Empire end?;L'Empire ottoman a pris fin en 1922.;1922;1923|1924;"The Ottoman Empire ended in 1922, when it was officially dissolved and replaced by modern-day Turkey. However, the empire's decline began earlier, with the Balkan Wars (1912-1913) and World War I (1914-1918) weakening its power.

The final blow came in 1922, when the Turkish War of Independence led by Mustafa Kemal Atatürk led to the establishment of the modern Republic of Turkey.

Would you like to know more about the Ottoman Empire or its";False;False;0.9487;fr;en;True;True;False;True;True;Quizzeit: Wann endete das Osmanische Reich?;de;True;Question culture : quand l'Empire ottoman a-t-il pris fin ?;fr;True;;Hora de trivia: ¿cuándo terminó el Imperio otomano?;es;True;;;;;;;conversacional;10
Which planet is the largest in the Solar System?;Le plus grand planète du système solaire est Jupiter.;Jupiter;Giove;The largest planet in our Solar System is Jupiter. It is a gas giant, meaning it is primarily composed of hydrogen and helium gases. Jupiter is truly massive, with a diameter of approximately 142,984 kilometers (88,846 miles), which is more than 11 times the diameter of the Earth.;False;False;1.0;fr;en;True;True;False;True;True;Welcher Planet ist der größte im Sonnensystem?;de;True;Quelle est la plus grande planète du système solaire ?;fr;True;False;¿Cuál es el planeta más grande del Sistema Solar?;es;True;;;;;;;factual_clasica;
Vienna sits on which river?;Vienne est située sur la Danube.;Danube;Danubio|Donau;Vienna, the capital city of Austria, sits on the Danube River.;False;False;0.9998;fr;en;True;True;False;True;True;Wien liegt an welchem Fluss?;de;True;Vienne est située sur quel fleuve ?;fr;True;;¿Viena está a orillas de qué río?;es;True;;;;;;;factual_aperturas;7
Recall the first woman in space.;La première femme dans l'espace est Valentina Tereshkova, une cosmonaute soviétique. Elle a volé le 16 juin 1963 à bord de la navette spatiale Vostok 6 et a effectué trois tours de Terre en 70 heures et 50 minutes.;Tereshkova;Terechkova|Tereschkowa|Tereskova;"The first woman in space was Valentina Tereshkova, a Soviet cosmonaut who flew aboard the Vostok 6 spacecraft on June 16, 1963. She spent almost three days in space, completing 48 orbits of the Earth and logging a total of 71 hours and 50 minutes in space.

Tereshkova, a textile factory worker and amateur parachutist, was selected to join the Soviet space program in 1962. She underwent rigorous training and was launched";False;False;0.9998;fr;en;True;True;False;True;True;Erinnere dich an die erste Frau im All.;de;True;Rappelez la première femme dans l'espace.;fr;True;;Recuerda a la primera mujer en el espacio.;es;True;;;;;;;imperativo;8
Review why knuckles crack.;"Les claquements des articulations du poignet, également appelés ""crack"" des articulations du poignet, sont souvent mal compris et suscitent de nombreuses questions.

En réalité, les claquements des articulations du poignet sont causés par la libération de gaz d'air comprimé qui se trouvent dans les fluides synoviaux qui recouvrent les articulations. Ces fluides synoviaux sont des liquides visqueux";bubbles;bulle|burbuj|Blase|bolle|bolha|cavitat|cavitac|cavitaz|liberation de gaz|liberacion de gas|Gasblase;"The infamous knuckle crack! Many people have wondered why it sounds like a small explosion when they crack their knuckles. Here's the lowdown:

**What's happening when you crack your knuckles?**

When you crack your knuckles, you're creating a sudden release of pressure in the joint. This pressure release is caused by the sudden movement of the bones and the surrounding ligaments and tendons.

**The anatomy of a knuckle**

To understand why knuckles crack, let's take";False;False;0.9998;fr;en;True;True;False;False;True;Überprüfe, warum Fingerknöchel knacken.;de;True;Revoyez pourquoi les articulations des doigts craquent.;fr;True;;Revisa por qué crujen los nudillos.;es;True;;;;;;;imperativo_explicativo;6
Why are flamingos pink?;Les flamingos sont roses car ils contiennent une substance appelée carotène, qui est responsable de leur couleur rose. Cette carotène est présente dans les aliments que les flamingos mangent, tels que les algues et les crustacés. Lorsque les flamingos consomment ces aliments, la carotène est absorbée et stockée dans leurs organes, notamment dans les muscles et les plumes. C'est pourquoi les flamingos ont;shrimp;crevette|camaron|Garnele|gamberett|camarao|caroten|algue|alga|Alge|alghe;"Flamingos are indeed known for their vibrant pink feathers, and it's not just because they're fashionable. The pink coloration of flamingos comes from their diet, specifically the food they eat.

Flamingos are filter feeders, which means they use their uniquely shaped beaks to strain small plants and animals from the water. They feed on tiny crustaceans, algae, and small invertebrates, which contain a pigment called carotenoid. Carotenoids are responsible for the pink";False;False;0.9998;fr;en;True;True;False;True;True;Warum sind Flamingos rosa?;de;True;Pourquoi les flamants sont-ils roses ?;fr;True;;¿Por qué los flamencos son rosados?;es;True;;;;;;;explicativa;6
Composer of Parsifal?;Richard Wagner est l'auteur de Parsifal.;Wagner;;"The composer of the famous opera ""Parsifal"" is Richard Wagner.";False;False;0.9998;fr;en;True;True;False;True;True;Komponist von Parsifal?;de;True;Compositeur de Parsifal ?;fr;True;;¿Compositor de Parsifal?;es;True;;;;;;;corta;6
Trivia time: when was the Great Pyramid built?;C'était un long temps! Le Grand Pyramide d'Égypte a été construite entre 2580 et 2565 avant Jésus-Christ, sous la direction du pharaon Khufu.;2560 BC;2560|2580|2600|2500|2570;"A classic trivia question!

The Great Pyramid of Giza, one of the Seven Wonders of the Ancient World, is believed to have been built during the Old Kingdom period of Ancient Egypt, specifically during the reign of Pharaoh Khufu (also known as Cheops).

The construction of the pyramid is estimated to have taken around 20 to 30 years, and it is thought to have been built between 2580 and 2565 BC.

Would you like to know more about the Great";False;False;0.9998;fr;en;True;True;False;True;True;Quizzeit: Wann wurde die Große Pyramide gebaut?;de;True;Question culture : quand la Grande Pyramide a-t-elle été construite ?;fr;True;;Hora de trivia: ¿cuándo se construyó la Gran Pirámide?;es;True;;;;;;;conversacional;10
Who developed the polio vaccine in 1955?;C'est Jonas Salk qui a développé le vaccin contre la poliomyélite en 1955.;Salk;;The polio vaccine was developed by Dr. Jonas Salk in 1955.;False;False;1.0;fr;en;True;True;False;True;True;Wer hat 1955 das Polio-Vakzin entwickelt?;de;True;Qui a développé le vaccin contre la polio en 1955?;fr;True;True;¿Quién desarrolló la vacuna contra la polio en 1955?;unknown;True;;;;;;;factual_clasica;
When did Queen Victoria die?;La reine Victoria est décédée le 22 janvier 1901.;1901;;Queen Victoria died on January 22, 1901, at the age of 81, at her home, Osborne House, on the Isle of Wight, England.;False;False;0.9998;fr;en;True;True;False;True;True;Wann starb Königin Victoria?;de;True;Quand la reine Victoria est-elle morte ?;fr;True;;¿Cuándo murió la reina Victoria?;es;True;;;;;;;factual_aperturas;6
Reveal who mapped Australia's east coast.;C'est James Cook qui a cartographié la côte est de l'Australie.;James Cook;Cook;"The mapping of Australia's east coast is attributed to Matthew Flinders, a British explorer and navigator. He is often referred to as the ""Father of Australian Cartography"".

In 1801-1803, Flinders led an expedition to chart the coast of Australia, which was then a British colony. During this expedition, he sailed around the continent, mapping the coastline, and making detailed observations of the geography, geology, and natural features of the region.

Flinders' maps of the east";False;False;0.9998;fr;en;True;True;False;False;True;Verrate, wer die Ostküste Australiens kartierte.;de;True;Révélez qui a cartographié la côte est de l'Australie.;fr;True;;Revela quién cartografió la costa este de Australia.;es;True;;;;;;;imperativo;9
Clear up what causes tsunamis.;"Je serais ravi de vous aider!

Les tsunamis sont des vagues de grande hauteur qui se produisent généralement dans les océans et les mers, causées par des mouvements de la croûte terrestre. Voici les principaux facteurs qui contribuent à la formation des tsunamis :

1. **Déplacement de la croûte terrestre** : Lorsqu'une plaque tectonique subit";earthquake;seisme|terremoto|Erdbeben|sismo|terremoti|tecton|tekton|plaque tectonique|placa tectonica;"Tsunamis are massive ocean waves caused by the displacement of a large volume of water, usually as a result of an earthquake, landslide, or volcanic eruption. Here's a detailed explanation of what causes tsunamis:

**Main Causes:**

1. **Earthquakes:** The most common cause of tsunamis is a sudden displacement of the seafloor, usually as a result of a massive earthquake. When an earthquake occurs beneath the ocean, it can displace the water";False;False;0.9998;fr;en;True;True;False;True;True;Kläre, was Tsunamis verursacht.;de;True;Clarifiez ce qui provoque les tsunamis.;fr;True;;Aclara qué causa los tsunamis.;es;True;;;;;;;imperativo_explicativo;9
How do beavers build dams?;"Les castors construisent des barrages en utilisant des matériaux naturels tels que des branches, des feuilles et des boues. Ils commencent par sélectionner des troncs et des branches de bois épais et résistants, qu'ils utilisent pour créer la base du barrage. Ensuite, ils les assemblent en les liant ensemble avec des liens de plantes et de boue.

Les castors travaillent en équipe pour";wood;bois|madera|Holz|legno|madeira|branches|branchages|ramas|rami|galhos|troncs|troncos|Baumstamm;"Beavers are incredibly skilled engineers, and their dam-building abilities are truly remarkable. Here's a step-by-step guide on how they build their dams:

**Materials:**

* Sticks and branches (usually from willow, alder, or aspen trees)
* Mud and clay
* Rocks and stones
* Aquatic plants (like cattails and water lilies)

**The Building Process:**

1. **Site selection:** Beavers choose a location with a good current, as";False;False;0.9998;fr;en;True;True;False;True;True;Wie bauen Biber Dämme?;de;True;Comment les castors construisent-ils des barrages ?;fr;True;;¿Cómo construyen presas los castores?;es;True;;;;;;;explicativa;7
Painter of American Gothic?;C'est Grant Wood, un peintre américain.;Grant Wood;;"You're thinking of Grant Wood, the American artist who painted the iconic ""American Gothic"" in 1930. The painting depicts a farmer and his daughter standing in front of their Gothic-style farmhouse, with the daughter holding a pitchfork and the farmer holding a pitchfork and looking stern.

The painting is widely considered an American cultural icon and is often interpreted as a representation of the values and traditions of rural America. The farmer and his daughter were modeled after Wood's sister, Nan, and his family";False;False;0.9998;fr;en;True;True;False;True;True;Maler von American Gothic?;de;True;Peintre d'American Gothic ?;fr;True;;¿Pintor de American Gothic?;es;True;;;;;;;corta;5
I forgot, when was YouTube founded?;YouTube a été fondé en février 2005.;2005;;YouTube was founded on February 14, 2005, by three former PayPal employees: Chad Hurley, Steve Chen, and Jawed Karim.;False;False;0.9998;fr;en;True;True;False;True;True;Ich hab's vergessen: Wann wurde YouTube gegründet?;de;True;J'ai oublié, quand YouTube a-t-il été fondé ?;fr;True;;Se me olvidó, ¿cuándo se fundó YouTube?;es;True;;;;;;;conversacional;8
What is the chemical formula for methane?;La formule chimique du méthane est CH₄.;CH4;;The chemical formula for methane is CH4.;False;False;1.0;fr;en;True;True;False;True;True;Was ist die chemische Formel von Methan?;de;True;Quelle est la formule chimique du méthane?;fr;True;False;¿Cuál es la fórmula química de metano?;es;True;;;;;;;factual_clasica;
When did the Black Death reach Europe?;Le Black Death a atteint l'Europe en 1347. Il a été introduit par les pirates genois qui ont apporté des rats infectés de la peste noire provenant d'Asie.;1347;1348|1346;"The Black Death, also known as the Plague, is believed to have reached Europe in 1347. It is thought to have arrived via trade routes, specifically the Silk Road and the Mediterranean Sea, from Central Asia.

The plague was brought to Europe by ships from Genoa, Italy, which had arrived in the port city of Messina, Sicily, in September 1347. From there, it spread rapidly throughout the Mediterranean region, including the Italian peninsula, France, and other parts";False;False;0.9997;fr;en;True;True;False;True;True;Wann erreichte der Schwarze Tod Europa?;de;True;Quand la peste noire a-t-elle atteint l'Europe ?;fr;True;;¿Cuándo llegó la peste negra a Europa?;es;True;;;;;;;factual_aperturas;8
Disclose the highest mountain in South America.;Le plus haut sommet de l'Amérique du Sud est l'Aconcagua, situé au Chili, avec une altitude de 6 962 mètres au-dessus du niveau de la mer.;Aconcagua;;The highest mountain in South America is Aconcagua, located in the Andes mountain range in Argentina. It stands at an impressive 6,962 meters (22,841 feet) above sea level.;False;False;0.9998;fr;en;True;True;False;True;True;Gib den höchsten Berg Südamerikas preis.;de;True;Dévoilez la plus haute montagne d'Amérique du Sud.;fr;True;;Desvela la montaña más alta de Sudamérica.;es;True;;;;;;;imperativo;9
Go over how rockets move in space.;"Bien sûr!

Les fusées dans l'espace fonctionnent en utilisant la force de l'impulsion. Voici comment ça marche :

1. **Le combustible** : Les fusées sont équipées d'un réservoir de combustible, généralement un mélange de carburant liquide et d'oxygène. Lorsque le combustible est injecté dans les moteurs, il se brûle et produit de la ch";thrust;pouss|empuj|Schub|spinta|empux|reacti|reacci|Reaktion|reazion|reacao|propuls|Antrieb|Ruckstoss;"Rockets are incredible machines that have revolutionized space exploration. Here's a detailed explanation of how they move in space:

**Basic Principles**

Rockets work on the principle of conservation of momentum, which states that the total momentum of a closed system remains constant over time. To move in space, a rocket must expel mass (such as hot gases) in one direction, which creates an equal and opposite reaction force in the opposite direction. This reaction force propels the rocket forward.

**Rocket St";False;False;0.9998;fr;en;True;False;False;True;True;Geh durch, wie sich Raketen im All bewegen.;de;True;Passez en revue le déplacement des fusées dans l'espace.;fr;True;;Repasa cómo se mueven los cohetes en el espacio.;es;True;;;;;;;imperativo_explicativo;8
How do trees record their age?;"Les arbres enregistrent leur âge de manière très intéressante. Ils le font en comptant les anneaux de croissance, qui se forment chaque année. Chaque anneau représente une période de croissance et de développement, et il contient des caractéristiques uniques qui permettent de le distinguer des autres.

Les anneaux de croissance sont formés lorsque la végétation active de l'arbre absorbe de l'eau et";growth rings;cernes|anillos|Jahresringe|anelli|aneis|tree rings|annual rings|anneaux|Ringe|Dendrochrono|anillos de crecimiento;"Trees record their age through a process called dendrochronology, which is the study of the growth rings of trees. Here's how it works:

**Growth Rings:** Trees grow in layers, with each layer representing one year of growth. The growth rings are formed by the tree's cambium layer, a thin layer of cells that produces new wood cells. During the growing season, the cambium layer produces new cells, which are compacted and form a light-colored ring. In the winter";False;False;0.9998;fr;en;True;True;False;True;True;Wie zeichnen Bäume ihr Alter auf?;de;True;Comment les arbres enregistrent-ils leur âge ?;fr;True;;¿Cómo registran los árboles su edad?;es;True;;;;;;;explicativa;7
Painter of The Angelus?;C'est un peintre français célèbre, Jean-François Millet.;Millet;;"You're thinking of the famous painting ""The Angelus""!

The ""Angelus"" is a painting by the French artist Jean-François Millet, created in 1857-1859. It's one of his most famous works and is widely considered a masterpiece of French Realism.

The painting depicts a peasant couple, Marie and Louis, praying the Angelus, a traditional Catholic prayer, in their rural home. The scene is set in a quiet, peaceful atmosphere, with the couple kneeling";False;False;0.9998;fr;en;True;True;False;True;True;Maler des Angelusgebets?;de;True;Peintre de L'Angélus ?;fr;True;;¿Pintor de El Ángelus?;es;True;;;;;;;corta;6
Out of curiosity, when was Google founded?;L'entreprise Google a été fondée en 1998 par Larry Page et Sergey Brin à Palo Alto, en Californie.;1998;;"Google was founded on September 4, 1998, by Larry Page and Sergey Brin while they were Ph.D. students at Stanford University in California, USA. Initially, it was called ""Backrub,"" but later changed to Google, which is a playful name inspired by the mathematical term ""googol.""";False;False;0.9997;fr;en;True;True;False;True;True;Aus Neugier: Wann wurde Google gegründet?;de;True;Par curiosité, quand Google a-t-il été fondé ?;fr;True;;Por curiosidad, ¿cuándo se fundó Google?;es;True;;;;;;;conversacional;9
What is the capital of Kenya?;Le capitol de Kenya est Nairobi.;Nairobi;;The capital of Kenya is Nairobi.;False;False;1.0;fr;en;True;True;False;True;True;Was ist die Hauptstadt von Kenia?;de;True;Quelle est la capitale du Kenya?;fr;True;False;¿Cuál es la capital de Kenia?;es;True;;;;;;;factual_clasica;
When was the Berlin Wall built?;Le mur de Berlin a été construit en 1961.;1961;;The Berlin Wall was built on August 13, 1961. It was constructed by the government of the German Democratic Republic (East Germany) to separate East and West Berlin during the Cold War. The wall effectively cut off West Berlin from the rest of East Germany and the Soviet sector of occupied Berlin, and it became a powerful symbol of the division of Europe during the Cold War era.;False;False;0.9998;fr;en;True;True;False;True;True;Wann wurde die Berliner Mauer gebaut?;de;True;Quand le mur de Berlin a-t-il été construit ?;fr;True;;¿Cuándo se construyó el Muro de Berlín?;es;True;;;;;;;factual_aperturas;7
Pin down the longest river in North America.;Le plus long fleuve de l'Amérique du Nord est le fleuve Missouri, qui mesure environ 3 767 kilomètres de long.;Missouri;Mississippi;The longest river in North America is the Missouri River, which stretches approximately 2,341 miles (3,767 kilometers) from its source in the Rocky Mountains of Montana to its confluence with the Mississippi River in St. Louis, Missouri.;False;False;0.9998;fr;en;True;True;False;True;True;Bestimme den längsten Fluss Nordamerikas.;de;True;Déterminez le plus long fleuve d'Amérique du Nord.;fr;True;;Precisa el río más largo de Norteamérica.;es;True;;;;;;;imperativo;9
Detail how coal formed.;"L'origine du charbon est un processus complexe qui s'étend sur des millions d'années. Voici les étapes clés de sa formation :

1. **La formation des roches sédimentaires** : Les roches sédimentaires, telles que les argiles, les sables et les calcaires, sont formées à partir de la dépossession de particules de roches érodées par les vents, les eaux";plants;plant|vegeta|Pflanz|piant;"Coal formation is a complex and fascinating process that involves the transformation of plant material over millions of years. Here's a step-by-step explanation of how coal formed:

**Stage 1: Plant Growth and Accumulation (Millions of years ago)**

During the Carboniferous period, around 300-360 million years ago, the supercontinent of Pangaea began to break apart, and the climate was generally warm and humid. This led to the rapid growth of vast forests, dominated by ferns";False;False;0.9998;fr;en;True;False;False;True;True;Erläutere genau, wie Kohle entstand.;de;True;Détaillez la formation du charbon.;fr;True;;Detalla cómo se formó el carbón.;es;True;;;;;;;imperativo_explicativo;5
How do mushrooms reproduce?;"Les champignons se reproduisent de plusieurs manières :

1. **Spores** : Les champignons produisent des spores, qui sont des graines qui peuvent germer en un nouveau champignon. Les spores sont dispersées par le vent, l'eau ou les animaux.
2. **Fruits de champignon** : Les champignons peuvent produire des fruits de champignon, tels que des chapeaux ou des coussinets,";spores;spor;"Mushrooms are fascinating organisms, and their reproductive methods are quite unique. Here's a brief overview:

**Mushroom Reproduction Methods:**

1. **Spore Production:** Mushrooms produce spores, which are similar to the seeds of plants. Spores are tiny, single-celled structures that can grow into new mushrooms under the right conditions. Spores are produced on specialized structures called sporocarps, which are usually found on the underside of the mushroom cap.
2. **";False;False;0.9998;fr;en;True;True;False;True;True;Wie vermehren sich Pilze?;de;True;Comment les champignons se reproduisent-ils ?;fr;True;;¿Cómo se reproducen los hongos?;es;True;;;;;;;explicativa;5
Painter of The Great Wave?;"C'est Hokusai, un artiste japonais du XIXe siècle. Il est célèbre pour ses ukiyo-e, des estampes colorées qui représentent souvent des scènes de la vie quotidienne et des paysages. La ""Grande Vague"" est l'une de ses œuvres les plus célèbres, et est considérée comme l'une des plus belles représentations de la mer au Japon.";Hokusai;;"You're thinking of Hokusai, the renowned Japanese artist! He is indeed famous for his iconic woodblock print ""The Great Wave off Kanagawa"", which is one of the most recognizable and celebrated works of art in the world.

Hokusai was a master of ukiyo-e, a style of Japanese art that flourished during the Edo period (1603-1868). His work often featured fantastical and dreamlike scenes, but ""The Great Wave"" is particularly notable";False;False;0.9998;fr;en;True;True;False;True;True;Maler von Die große Welle?;de;True;Peintre de La Grande Vague ?;fr;True;;¿Pintor de La gran ola?;es;True;;;;;;;corta;6
Hmm, when did Princess Diana die?;Désolé, je suis désolé. La princesse Diana est décédée le 31 août 1997.;1997;;Princess Diana tragically passed away in a car accident in Paris, France on August 31, 1997. She was 36 years old at the time of her death.;False;False;0.9998;fr;en;True;True;False;True;True;Hmm, wann starb Prinzessin Diana?;de;True;Hum, quand la princesse Diana est-elle morte ?;fr;True;;Mmm, ¿cuándo murió la princesa Diana?;es;True;;;;;;;conversacional;8
What is the capital of Vietnam?;Le capital de Vietnam est Hanoï.;Hanoi;;The capital of Vietnam is Hanoi.;False;False;1.0;fr;en;True;True;False;True;True;Was ist die Hauptstadt von Vietnam?;de;True;Quelle est la capitale du Vietnam?;fr;True;False;¿Cuál es la capital de Vietnam?;es;True;;;;;;;factual_clasica;
When did the Western Roman Empire fall?;L'Empire romain d'Occident a connu son déclin progressif au cours des siècles IV et V. Il a finalement disparu en 476 après J.-C., lorsque le roi barbare Odoacre a déposé l'empereur romain d'Occident, Romulus Auguste. C'est souvent considéré comme la date de la chute de l'Empire romain d'Occident.;476;;"The Western Roman Empire officially fell on September 4, 476 CE, when the Germanic king Odoacer deposed the last Roman Emperor, Romulus Augustus. However, the decline and fall of the Western Roman Empire was a gradual process that occurred over several centuries.

Here's a brief timeline:

* 285 CE: The Roman Empire is divided into Eastern (Byzantine) and Western halves.
* 378 CE: The Battle of Adrianople marks a significant defeat for the Roman";False;False;0.9998;fr;en;True;True;False;True;True;Wann fiel das Weströmische Reich?;de;True;Quand l'Empire romain d'Occident est-il tombé ?;fr;True;;¿Cuándo cayó el Imperio romano de Occidente?;es;True;;;;;;;factual_aperturas;8
Pinpoint the longest river in Europe.;Le plus long fleuve d'Europe est la Volga, qui s'étend sur une longueur de 3 692 kilomètres.;Volga;;The longest river in Europe is the Volga River, which is approximately 3,692 kilometers (2,294 miles) long. It flows through Russia and empties into the Caspian Sea.;False;False;0.9998;fr;en;True;True;False;True;True;Bestimme den längsten Fluss Europas genau.;de;True;Situez le plus long fleuve d'Europe.;fr;True;;Ubica el río más largo de Europa.;es;True;;;;;;;imperativo;8
Unpack why the Moon has craters.;"Bien sûr! La Lune a des cratères en raison de son histoire géologique. Voici les raisons principales :

1. **Impact d'astéroïdes et de comètes** : La Lune a été frappée par des astéroïdes et des comètes au cours de son histoire. Ces impacts ont créé des cratères, qui sont des bassins profonds formés par la perte de matière et la compression du sol";impacts;impact|impatt|Einschl|meteor;"The Moon's craters are a fascinating feature that has captivated astronomers and space enthusiasts for centuries. Here's a detailed explanation of why the Moon has craters:

**What are craters?**

Craters are depressions in the surface of a celestial body, such as the Moon, caused by the impact of a meteorite or asteroid. These impacts can create a variety of crater types, ranging from small, shallow depressions to massive, multi-ringed basins.

**How were the Moon";False;False;0.9998;fr;en;True;True;False;True;True;Schlüssle auf, warum der Mond Krater hat.;de;True;Décortiquez pourquoi la Lune a des cratères.;fr;True;;Desmenuza por qué la Luna tiene cráteres.;es;True;;;;;;;imperativo_explicativo;9
How do coral reefs form?;"Les récifs de corail se forment grâce à un processus complexe qui implique plusieurs étapes.

Tout d'abord, les coraux sont des animaux microscopiques qui vivent dans l'eau et ont des tentacules qui s'accrochent aux roches ou aux substrats. Lorsqu'ils sont exposés à des conditions favorables, ils se reproduisent et produisent des polypes, qui sont les formes";polyps;polyp|polip|calcium|calcaire|calcare|carbonat;"Coral reefs are one of the most fascinating and diverse ecosystems on the planet. Here's a brief overview of how they form:

**The Coral Reef Formation Process**

Coral reefs are formed by a symbiotic relationship between coral polyps and algae. The process involves several stages:

1. **Coral Polyp Settlement**: Coral polyps, tiny animals that belong to the phylum Cnidaria, settle on a substrate, such as a rock or a shipwreck. They are attracted to";False;False;0.9998;fr;en;True;True;False;True;True;Wie entstehen Korallenriffe?;de;True;Comment se forment les récifs coralliens ?;fr;True;;¿Cómo se forman los arrecifes de coral?;es;True;;;;;;;explicativa;6
Painter of Nighthawks?;"C'est Edward Hopper, un peintre américain connu pour ses tableaux nocturnes sombres et introspectifs. Ses œuvres, telles que ""Nighthawks"" (1939), sont devenues des icônes de la culture américaine.";Hopper;;"You're thinking of the iconic painting ""Nighthawks"" by Edward Hopper!

""Nighthawks"" is a 1942 oil on canvas painting that depicts a late-night diner scene in New York City. The painting shows three figures in the diner, with the two men at the counter and the woman at the counter on the right, lost in thought. The atmosphere is one of quiet contemplation, with the only sound being the soft hum of the diner's neon lights.

The painting is known";False;False;0.9998;fr;en;True;True;False;True;True;Maler von Nighthawks?;de;True;Peintre de Nighthawks ?;fr;True;;¿Pintor de Nighthawks?;es;True;;;;;;;corta;6
Real quick: when did Vikings reach America?;Les Vikings ont atteint l'Amérique il y a environ 500 ans, soit avant la découverte de Christophe Colomb en 1492. Les preuves archéologiques et historiques suggèrent que les Vikings ont établi des colonies en Groenland et en Vinland (probablement en Terre-Neuve) au cours du Xe siècle.;1000;1001|1021;"The Vikings are believed to have reached America around 1000 AD, about 500 years before Christopher Columbus's famous voyage. The Viking explorer Leif Erikson is credited with being the first European to set foot in North America, specifically in present-day Canada.

According to the Icelandic Sagas, a collection of medieval manuscripts that tell the stories of the Vikings, Leif Erikson and his crew sailed from Greenland to a place called Vinland, which is thought to be located on the northern tip of";False;False;0.9998;fr;en;True;False;False;True;False;Ganz kurz: Wann erreichten die Wikinger Amerika?;de;True;Vite fait : quand les Vikings ont-ils atteint l'Amérique ?;fr;True;;Rapidito: ¿cuándo llegaron los vikingos a América?;es;True;;;;;;;conversacional;9
Who composed The Rite of Spring?;"C'est Igor Stravinsky qui a composé ""Le Sacre du Printemps"" (ou ""Le Rite de la Spring"" en anglais).";Stravinsky;Stravinski|Strawinsk|Stravinskij;The Rite of Spring is a famous orchestral work composed by Igor Stravinsky. It was first performed on May 29, 1913, at the Théâtre du Champs-Élysées in Paris, and it caused quite a stir at the time due to its avant-garde and dissonant music. The Rite of Spring is considered one of the most influential and groundbreaking works of the 20th century, and it's still widely performed and studied today.;False;False;1.0;fr;en;True;True;False;True;True;Wer hat Die Frühlingsweihe komponiert?;de;True;Qui a composé Le Sacre du printemps ?;fr;True;False;¿Quién compuso El Rito de la Primavera?;es;True;;;;;;;factual_clasica;
When did Luther post his 95 theses?;Martin Luther a publié ses 95 thèses le 31 octobre 1517.;1517;;"Martin Luther posted his 95 Theses on October 31, 1517. This event is widely considered to be the starting point of the Protestant Reformation in Europe.

According to tradition, Luther nailed his 95 Theses to the door of the Castle Church in Wittenberg, Germany, where he was a professor of theology. The theses were a list of criticisms of certain Catholic Church practices, particularly the sale of indulgences, and were intended to spark a theological debate.

The";False;False;0.9997;fr;en;True;True;False;True;True;Wann veröffentlichte Luther seine 95 Thesen?;de;True;Quand Luther a-t-il affiché ses 95 thèses ?;fr;True;;¿Cuándo publicó Lutero sus 95 tesis?;es;True;;;;;;;factual_aperturas;10
Locate the country of Mount Olympus.;Le pays où se trouve le mont Olympe est la Grèce.;Greece;Grece|Grecia|Griechenland;"I'm afraid I have some bad news!

Mount Olympus is not a country. It's actually a mythological mountain in Greek mythology, home to the gods and goddesses of Mount Olympus. According to legend, Mount Olympus was located in ancient Greece, but its exact location is not specified in mythology.

However, if you're looking for a real-life location that's often associated with Mount Olympus, you might be thinking of Mount Olympus in Greece, which is a mountain in the Olympus Range on the border";False;False;0.9998;fr;en;True;True;False;True;True;Finde das Land des Olymp.;de;True;Localisez le pays du mont Olympe.;fr;True;;Localiza el país del monte Olimpo.;es;True;;;;;;;imperativo;8
Run through why polar bears are white.;"Les ours polaires sont blancs en raison d'une adaptation qui leur permet de se fondre dans leur environnement. Voici les raisons principales :

1. **Camouflage** : La couleur blanche des ours polaires leur permet de se fondre dans la neige et les glaces, leur permettant de se cacher des prédateurs et des proies. C'est une adaptation naturelle qui leur permet de survivre dans leur environnement arctique.
2. **";camouflage;camufl|Tarn;"Polar bears (Ursus maritimus) are white because of their unique adaptation to their Arctic environment. Here's why:

**Evolutionary Advantage:** In the Arctic, sunlight is scarce during the winter months, and the snow and ice cover the landscape. White fur provides several advantages for polar bears:

1. **Camouflage:** White fur helps polar bears blend in with their snowy surroundings, making it easier for them to sneak up on prey, such as seals, which are their primary";False;False;0.9998;fr;en;True;True;False;True;True;Geh kurz durch, warum Eisbären weiß sind.;de;True;Parcourez les raisons de la blancheur des ours polaires.;fr;True;;Recorre por qué los osos polares son blancos.;es;True;;;;;;;imperativo_explicativo;8
What makes lightning?;"La lumière est causée par des éclairs. Mais pour comprendre ce qui fait les éclairs, il faut aller plus loin.

Les éclairs sont le résultat d'un phénomène appelé ""électrisation atmosphérique"". C'est lorsque des particules chargées se forment dans l'atmosphère, généralement après une tempête.

Voici les étapes clés :

1. Les nuages se forment et s'";electric charges;charg|carga|Ladung|caric|stati|potencial electrico|difference de potentiel|Potentialunterschied;"Lightning is a fascinating and complex phenomenon that involves a combination of atmospheric conditions, electrical charges, and thermal energy. Here's a simplified explanation:

**The Formation of Lightning:**

1. **Ice and Water:** During thunderstorms, warm air rises, creating towering cumulonimbus clouds. These clouds are made up of water droplets and ice crystals.
2. **Electrical Charges:** As the cloud grows, the water droplets and ice crystals collide, generating static electricity. This process separates";False;False;0.9998;fr;en;True;True;False;True;True;Was erzeugt Blitze?;de;True;Qu'est-ce qui produit la foudre ?;fr;True;;¿Qué produce los rayos?;es;True;;;;;;;explicativa;4
Painter of Olympia?;C'est Édouard Manet.;Manet;;"You're referring to the famous painting ""The Birth of Venus""!

However, I think you might be confusing it with another artist. The painting ""The Birth of Venus"" is actually attributed to the Italian artist Sandro Botticelli, created around 1486.

But, if you're thinking of a different painting, I believe you might be thinking of ""The Painter of Olympia"", which is a painting by the French artist Édouard Manet, created in 1863. It's";False;False;0.9998;fr;en;True;True;False;True;True;Maler von Olympia?;de;True;Peintre d'Olympia ?;fr;True;;¿Pintor de Olympia?;es;True;;;;;;;corta;4
Okay, when did Brexit happen?;Le Brexit s'est produit le 31 janvier 2020. C'est-à-dire que le Royaume-Uni a quitté l'Union européenne à la fin de la période transitionnelle de 22 mois, qui a commencé le 1er janvier 2020.;2020;2016;"Brexit, the United Kingdom's (UK) withdrawal from the European Union (EU), occurred on January 31, 2020. This marked the end of the UK's 47-year membership in the EU.

However, the process of Brexit was a bit more complex. The UK held a national referendum on June 23, 2016, in which a majority of voters (51.9% to 48.1%) chose to leave the EU. This led to the UK government";False;False;0.9998;fr;en;True;True;False;True;True;Okay, wann fand der Brexit statt?;de;True;Bon, quand le Brexit a-t-il eu lieu ?;fr;True;;Vale, ¿cuándo ocurrió el Brexit?;es;True;;;;;;;conversacional;7
Who wrote The Odyssey?;L' Odyssey a été écrite par Homère.;Homer;Homere|Homero|Omero;"The Odyssey, an ancient Greek epic poem, was written by the legendary poet Homer. The exact dates of Homer's life are unknown, but it is believed that he lived in the 8th or 7th century BC.

The Odyssey is considered one of the greatest works of ancient Greek literature, and it tells the story of Odysseus, a Greek hero who returns home after the Trojan War. The poem is a masterpiece of storytelling, exploring themes of adventure, courage, and the human";False;False;1.0;fr;en;True;True;False;True;True;Wer hat Die Odyssee geschrieben?;de;True;Qui a écrit L'Odyssée ?;fr;True;False;¿Quién escribió La Odisea?;unknown;True;;;;;;;factual_clasica;
When was Pearl Harbor attacked?;Le 7 décembre 1941, les États-Unis ont été attaqués par le Japon à Pearl Harbor, en Hawaï.;1941;;The attack on Pearl Harbor occurred on December 7, 1941.;False;False;0.9998;fr;en;True;True;False;True;True;Wann wurde Pearl Harbor angegriffen?;de;True;Quand Pearl Harbor a-t-il été attaqué ?;fr;True;;¿Cuándo fue atacado Pearl Harbor?;es;True;;;;;;;factual_aperturas;6
Report the number of US states.;Il y a 50 États dans les États-Unis d'Amérique.;50;;There are 50 US states.;False;False;0.9998;fr;en;True;True;False;True;True;Gib die Anzahl der US-Bundesstaaten an.;de;True;Donnez le nombre d'États américains.;fr;True;;Informa el número de estados de EE. UU.;es;True;;;;;;;imperativo;7
Lay out how thermoses keep heat.;"Les thermoses sont des conteneurs en verre ou en plastique conçus pour conserver la chaleur ou la fraîcheur pendant une période prolongée. Voici comment elles fonctionnent :

**Principe de fonctionnement**

Les thermoses utilisent un principe de thermodynamique pour conserver la chaleur ou la fraîcheur. L'idée est de créer un environnement isolant qui empêche la perte de chaleur ou";vacuum;vacio|Vakuum|vuoto|vacuo|le vide|du vide|un vide;"Thermoses are amazing containers that can keep liquids at a consistent temperature for hours. Here's a detailed explanation of how they work:

**The Science Behind Thermoses**

Thermoses work by using a combination of materials and design features to minimize heat transfer between the inside and outside of the container. The key principles involved are:

1. **Insulation**: Thermoses are typically made of double-walled or vacuum-insulated materials, which reduce heat transfer by minimizing conduction and convection.
2";False;False;0.9998;fr;en;True;False;False;True;True;Leg dar, wie Thermoskannen die Wärme halten.;de;True;Exposez comment les thermos gardent la chaleur.;fr;True;;Expón cómo los termos conservan el calor.;es;True;;;;;;;imperativo_explicativo;9
Why does a boomerang come back?;"Le boomerang revient parce qu'il est conçu de manière spécifique pour suivre une trajectoire courbe. Lorsqu'il est lancé, le boomerang tourne sur son axe et se déplace en suivant la courbe de la gravité. Lorsqu'il atteint la fin de sa trajectoire, il commence à tourner à nouveau et à revenir vers son lanceur.

Le boomerang a également une forme et une forme spéc";aerodynamics;aerodyn|aerodin|spin|rotat|gyrosc|giroscop|Kreisel|tourne sur|girar|dreht sich;"The boomerang's ability to return to its thrower is a fascinating phenomenon that has puzzled people for centuries. Here's the explanation:

**The Science Behind the Boomerang's Return**

A boomerang's return is due to a combination of its unique design, aerodynamics, and the way it interacts with the air. Here are the key factors:

1. **Curved shape**: Boomerangs are curved on both sides, with a slight ""V"" shape at the tip.";False;False;0.9998;fr;en;True;True;False;True;True;Warum kommt ein Bumerang zurück?;de;True;Pourquoi un boomerang revient-il ?;fr;True;;¿Por qué vuelve un bumerán?;es;True;;;;;;;explicativa;9
Lightning rod inventor?;"Oui, l'inventeur du métal à aiguille, également connu sous le nom de ""talon de fer"" ou ""talon de métal"", est Benjamin Franklin. Il a conçu et expérimenté un système de métal à aiguille en 1752, qui a permis de protéger les bâtiments contre les éclairs.";Franklin;;"You're thinking of Benjamin Franklin!

Benjamin Franklin was indeed an American polymath and inventor who is credited with inventing the lightning rod. In 1752, Franklin conducted a famous experiment to demonstrate the connection between lightning and electricity. He flew a kite in a thunderstorm, collecting electrical charges from the lightning and proving that lightning is a form of electricity.

Franklin's invention of the lightning rod, also known as a lightning conductor, was a direct result of this experiment. The lightning rod is";False;False;0.9998;fr;en;True;True;False;True;True;Erfinder des Blitzableiters?;de;True;Inventeur du paratonnerre ?;fr;True;;¿Inventor del pararrayos?;es;True;;;;;;;corta;5
Hi! When was the Taj Mahal built?;Bonjour! Le Taj Mahal a été construit entre 1632 et 1653. C'est une mausolée magnifique située à Agra, en Inde, et il a été construit par l'empereur moghol Shah Jahan en mémoire de sa femme, Mumtaz Mahal.;1632;1631|1643|1648|1653;"The Taj Mahal is a stunning monument in Agra, India, and it was built between 1632 and 1653. It was commissioned by Mughal Emperor Shah Jahan as a mausoleum for his beloved wife, Mumtaz Mahal, who passed away in 1631.

The construction of the Taj Mahal took around 22 years to complete, with thousands of skilled laborers and artisans working on the project. The monument was finally completed in 1653";False;False;0.9998;fr;en;True;True;False;True;True;Hallo! Wann wurde das Taj Mahal gebaut?;de;True;Salut ! Quand le Taj Mahal a-t-il été construit ?;fr;True;;¡Hola! ¿Cuándo se construyó el Taj Mahal?;es;True;;;;;;;conversacional;10
In what year did the Russian Revolution take place?;La Révolution russe a eu lieu en 1917.;1917;;"The Russian Revolution took place in two stages:

1. The February Revolution (also known as the Petrograd Revolution) occurred in 1917, specifically from February 23 to March 2.
2. The October Revolution (also known as the Great October Socialist Revolution) occurred in 1917, specifically from October 25 to November 7.

So, to answer your question, the Russian Revolution took place in 1917.";False;False;1.0;fr;en;True;True;False;True;True;Was ist das Jahr der russischen Revolution?;de;True;En quelle année a eu lieu la révolution russe ?;fr;True;False;¿En qué año tuvo lugar la Revolución rusa?;unknown;True;;;;;;;factual_clasica;
When did the Korean War begin?;La guerre de Corée a commencé le 25 juin 1950.;1950;;The Korean War began on June 25, 1950. It started when North Korean forces, supported by China and the Soviet Union, invaded South Korea, leading to a United Nations-led coalition of countries, including the United States, intervening to defend South Korea.;False;False;0.9998;fr;en;True;True;False;True;True;Wann begann der Koreakrieg?;de;True;Quand la guerre de Corée a-t-elle commencé ?;fr;True;;¿Cuándo empezó la guerra de Corea?;es;True;;;;;;;factual_aperturas;7
Cite the author of The Aeneid.;L'auteur de L'Aeneïde est Virgile.;Virgil;Virgile|Virgilio|Vergil;The author of The Aeneid is Virgil (Publius Vergilius Maro).;False;False;0.9998;fr;en;True;True;False;True;True;Nenne den Autor der Aeneis.;de;True;Citez l'auteur de l'Énéide.;fr;True;;Cita al autor de la Eneida.;es;True;;;;;;;imperativo;10
Account for why rubbed balloons stick to walls.;"C'est une question intéressante!

Les boules en caoutchouc qui s'attachent aux murs sont due à un phénomène appelé ""électrostatique"". Lorsque vous faites tourner une boule en caoutchouc sur votre main, vous créez une charge électrique statique sur la surface de la boule. Cette charge électrique est généralement positive.

Lorsque vous frottez la bou";static;stati;"A classic phenomenon!

The reason why rubbed balloons stick to walls is due to a phenomenon called static electricity. Here's what happens:

1. **Friction**: When you rub a balloon against your hair or clothing, you're creating a transfer of electrons between the balloon and your body. This process is called triboelectrification.
2. **Electron transfer**: The friction causes electrons to be transferred from your body to the balloon. This leaves the balloon with an excess of electrons, making it";False;False;0.9998;fr;en;True;True;False;True;True;Begründe, warum geriebene Luftballons an Wänden haften.;de;True;Rendez compte de l'adhérence des ballons frottés aux murs.;fr;True;;Da cuenta de por qué los globos frotados se pegan a la pared.;es;True;;;;;;;imperativo_explicativo;9
How does a parachute slow a fall?;"Un parachute ralentit une chute en utilisant le principe de la résistance à l'air. Lorsque le parachute est déployé, il crée une zone de basse pression derrière lui et une zone de pression élevée devant lui. Cette différence de pression crée une force de résistance qui oppose la descente du parachutiste.

La force de résistance est proportionnelle à la vitesse du parachute et à la densité de";air resistance;resist|Luftwider|drag;"A parachute slows a fall by using the principle of drag, which is the resistance created by air flowing over the parachute's surface. Here's a simplified explanation:

1. **Air flows over the parachute**: As the parachute opens, air flows over its surface, creating a layer of air that interacts with the parachute.
2. **Drag is created**: The air flowing over the parachute creates a force that opposes the motion of the parachute, which is the falling object. This force is called drag.
3";False;False;0.9998;fr;en;True;True;False;True;True;Wie bremst ein Fallschirm einen Fall?;de;True;Comment un parachute ralentit-il une chute ?;fr;True;;¿Cómo frena una caída un paracaídas?;es;True;;;;;;;explicativa;8
Steam engine inventor?;C'était James Watt, un ingénieur écossais qui a conçu et perfectionné la machine à vapeur en 1769.;Watt;Newcomen;"You're thinking of James Watt, a Scottish engineer and inventor who is often credited with improving the steam engine. Watt's improvements to the steam engine, which included the addition of a separate condenser and the use of a rotary motion, made it more efficient and powerful.

However, it's worth noting that there were other inventors who also worked on steam engines before Watt. Some notable examples include:

* Thomas Newcomen, an English ironmonger who built the first practical steam engine in the";False;False;0.9998;fr;en;True;True;False;True;True;Erfinder der Dampfmaschine?;de;True;Inventeur de la machine à vapeur ?;fr;True;;¿Inventor de la máquina de vapor?;es;True;;;;;;;corta;4
So, what's sushi wrapped in?;Le sushi est généralement enveloppé dans du nori, qui est une feuille de algue séchée.;nori;algue|alga|Alge|Seetang;Sushi is typically wrapped in a thin sheet of seaweed, known as nori. Nori is a type of edible seaweed that is commonly used in Japanese cuisine, particularly in sushi and sashimi dishes. It's usually made from the seaweed species Porphyra yezoensis or Porphyra tenera, and is rich in nutrients and has a distinctive flavor and texture. The nori sheet is usually toasted or roasted to enhance its flavor and texture before being used to wrap;False;False;0.9998;fr;en;True;True;False;True;True;Also, worin wird Sushi eingewickelt?;de;True;Alors, dans quoi enroule-t-on les sushis ?;fr;True;;Entonces, ¿en qué se envuelve el sushi?;es;True;;;;;;;conversacional;8
What gas makes up about 78 percent of Earth's atmosphere?;Le gaz qui compose environ 78 pour cent de l'atmosphère terrestre est l'azote (N2).;nitrogen;azote|Stickstoff|azoto;The answer is nitrogen (N2). Nitrogen makes up approximately 78% of Earth's atmosphere, while oxygen (O2) makes up about 21%, and the remaining 1% consists of other gases such as argon, carbon dioxide, and water vapor.;False;False;1.0;fr;en;True;True;False;True;True;Welches Gas macht etwa 78 Prozent der Erdatmosphäre aus?;de;True;Quel gaz compose environ 78 pour cent de l'atmosphère terrestre?;fr;True;True;¿Qué gas constituye aproximadamente el 78 por ciento de la atmósfera de la Tierra?;es;True;;;;;;;factual_clasica;
When was the Rosetta Stone found?;La Pierre de Rosette a été découverte en 1799.;1799;;The Rosetta Stone was discovered on July 15, 1799, in Rosetta, Egypt (now known as Rashid), by French soldiers during the French invasion of Egypt.;False;False;0.9996;fr;en;True;True;False;True;True;Wann wurde der Stein von Rosetta gefunden?;de;True;Quand la pierre de Rosette a-t-elle été trouvée ?;fr;True;;¿Cuándo se encontró la piedra de Rosetta?;es;True;;;;;;;factual_aperturas;8
Find the capital of Cambodia.;Le capital de Cambodge est Phnom-Penh.;Phnom Penh;Phnom-Penh|Nom Pen;The capital of Cambodia is Phnom Penh.;False;False;0.9994;fr;en;True;True;False;True;True;Finde die Hauptstadt Kambodschas.;de;True;Trouvez la capitale du Cambodge.;fr;True;;Encuentra la capital de Camboya.;es;True;;;;;;;imperativo;6
Shed light on why skin wrinkles with age.;"Les rides sur le visage sont un phénomène courant qui se produit avec l'âge. Voici les raisons principales pour lesquelles les peaux se creusent avec le temps :

1. **Perte de la densité des fibres collagènes** : Les fibres collagènes sont des composants essentiels de la peau qui lui confèrent sa force et sa flexibilité. Avec l'âge, la production";collagen;collag|colag|Kollagen|Elastizitat|elasticite|elasticidad|elastin;"The age-old question (pun intended)! Skin wrinkles with age due to a combination of factors that affect the skin's structure, elasticity, and collagen production. Here's a breakdown of the main reasons:

1. **Loss of Collagen and Elastin**: Collagen and elastin are two essential proteins that provide skin elasticity and firmness. As we age, the production of these proteins slows down, leading to a decrease in skin elasticity and firmness.
2. **Collagen Breakdown**:";False;False;0.9998;fr;en;True;True;False;True;True;Beleuchte, warum die Haut mit dem Alter faltig wird.;de;True;Éclairez pourquoi la peau se ride avec l'âge.;fr;True;;Arroja luz sobre por qué la piel se arruga con la edad.;es;True;;;;;;;imperativo_explicativo;10
Why do tires have treads?;"Les pneus ont des treads pour plusieurs raisons importantes :

1. **Meilleure adhérence** : Les treads aident à améliorer l'adhérence des pneus sur la route, en particulier sur les routes humides ou glissantes. Les treads créent une surface plus large et plus rugueuse, ce qui permet aux pneus de maintenir un contact plus solide avec la route.
2. **Réduction de la";grip;adher|aderen|Haftung|traction|traccion|Traktion|trazione|tracao;"Tires have treads for several important reasons:

1. **Traction**: The tread pattern on a tire helps to provide better grip on the road, especially on wet or slippery surfaces. The tread channels water away from the tire, reducing the risk of hydroplaning and improving overall traction.
2. **Grip on various surfaces**: The tread pattern is designed to provide a good grip on different road surfaces, such as asphalt, concrete, and gravel. The unique pattern of the tread helps to";False;False;0.9998;fr;en;True;True;False;True;True;Warum haben Reifen ein Profil?;de;True;Pourquoi les pneus ont-ils des sculptures ?;fr;True;;¿Por qué los neumáticos tienen dibujo?;es;True;;;;;;;explicativa;7
Mercury thermometer inventor?;C'est Galien de Pérégoux, un médecin et inventeur français, qui a inventé le thermomètre à mercure en 1612.;Fahrenheit;;"You're thinking of the inventor of the mercury thermometer!

The answer is: Galileo Galilei (1564-1642) and Santorio Santorio (1561-1636) are both credited with inventing the first mercury thermometer.

However, the most famous and widely used mercury thermometer was developed by:

**Sylvius (also known as Jacques de Vaucanson)** (1670-1737), a French scientist and inventor. He created a mercury thermometer in 1709";False;False;0.9998;fr;en;True;False;False;False;False;Erfinder des Quecksilberthermometers?;de;True;Inventeur du thermomètre à mercure ?;fr;True;;¿Inventor del termómetro de mercurio?;es;True;;;;;;;corta;5
So, what grain is paella made with?;La paella est généralement faite avec du riz, mais elle peut également contenir du blé, du maïs ou une combinaison de ces grains. Cependant, le riz est le grain le plus typique et le plus associé à cette cuisine espagnole.;rice;du riz|le riz|de riz|arroz|riso|mit Reis|Reis zubereitet|Bomba;"Paella is a traditional Spanish dish, and it's typically made with a combination of grains, but the main grain used is rice. Specifically, it's usually made with short-grain rice, such as:

1. Calasparra rice: This is a specific type of rice that's native to the Murcia region in Spain, where paella originated. It's known for its ability to absorb flavors and hold its shape well.
2. Bomba rice: This is another type of short";False;False;0.9998;fr;en;True;True;False;True;True;Also, mit welchem Getreide macht man Paella?;de;True;Alors, avec quelle céréale fait-on la paella ?;fr;True;;Entonces, ¿con qué grano se hace la paella?;es;True;;;;;;;conversacional;10
Who is credited with inventing the World Wide Web?;C'est Tim Berners-Lee qui est crédité de l'invention du World Wide Web.;Berners-Lee;Berners;Sir Tim Berners-Lee is credited with inventing the World Wide Web. He is a British computer scientist who developed the fundamental technologies that make the web work, including HTTP (Hypertext Transfer Protocol), URL (Uniform Resource Locator), and HTML (Hypertext Markup Language). He proposed the idea of a web in March 1989, and he wrote the first web browser and web server in 1990 while working at CERN, the European particle physics laboratory in Switzerland.;False;False;1.0;fr;en;True;True;False;True;True;Wer gilt als Erfinder des World Wide Web?;unknown;True;Qui a inventé le World Wide Web?;fr;True;False;¿Quién se le atribuye el invento de Internet Mundial?;unknown;True;;;;;;;factual_clasica;
When did Elvis Presley die?;Elvis Presley est décédé le 16 août 1977.;1977;;Elvis Presley passed away on August 16, 1977, at his home in Memphis, Tennessee. He was 42 years old at the time of his death.;False;False;0.9998;fr;en;True;True;False;True;True;Wann starb Elvis Presley?;de;True;Quand Elvis Presley est-il mort ?;fr;True;;¿Cuándo murió Elvis Presley?;es;True;;;;;;;factual_aperturas;7
Look up the largest living lizard.;"Le plus grand reptile vivant est le Komodo. Il s'agit d'une espèce de lézard de la famille des Viperidae, originaire des îles de Komodo, de Rinca et de Flores en Indonésie.

Le Komodo peut atteindre une longueur de jusqu'à 3 mètres et pèser jusqu'à 70 kilogrammes. Il est connu pour sa morsure mortelle, qui peut causer la mort";Komodo dragon;Komodo;"The largest living lizard is the Komodo dragon (Varanus komodoensis). Here are some fascinating facts about this incredible creature:

**Size:**

* Length: Up to 3 meters (10 feet)
* Weight: Up to 70 kilograms (154 pounds)
* Tail length: Up to 1.8 meters (6 feet)

**Habitat:**

* Found in the wild on a few islands in Indonesia, specifically Komodo Island, Rinca Island, Flores Island, and";False;False;0.9998;fr;en;True;True;False;True;True;Schlag die größte lebende Echse nach.;de;True;Cherchez le plus grand lézard vivant.;fr;True;;Busca el lagarto vivo más grande.;es;True;;;;;;;imperativo;7
Demystify why hair turns gray.;"Bien sûr! La teinte grise des cheveux est un phénomène naturel qui affecte de plus en plus de personnes à mesure que l'on vieillit. Voici les raisons principales pour lesquelles les cheveux peuvent se teindre en grise :

1. **La production de mélanine diminue** : La mélanine est la substance responsable de la couleur brune des cheveux. À mesure que l'on vieillit, la";melanin;;"The age-old question of gray hair! Let's break down the science behind why hair turns gray.

**The Short Answer:**
Hair turns gray due to a reduction in the production of melanin, the pigment responsible for hair color. This reduction occurs as we age, leading to the appearance of gray or white hair.

**The Long Answer:**
Melanin is produced by cells called melanocytes in the hair follicle. There are two types of melanin: eumelanin (brown";False;False;0.9998;fr;en;True;True;False;True;True;Entmystifiziere, warum Haare grau werden.;de;True;Démystifiez pourquoi les cheveux grisonnent.;fr;True;;Desmitifica por qué el pelo se vuelve canoso.;es;True;;;;;;;imperativo_explicativo;8
How does a lever lift heavy loads?;"Un levier est un outil ingénieux qui permet de lever des charges lourdes. Voici comment ça marche :

Un levier est composé d'un poutre ou d'un bras qui peut être déplacé vers le haut ou vers le bas. Lorsque vous déplacez le levier, vous créez une force de traction qui s'oppose à la force de pesanteur de la charge. Cette force de traction est proportionnelle à";fulcrum;fulcr|appui|Drehpunkt|pivot;"A lever is a simple machine that can lift heavy loads with minimal effort. Here's how it works:

**The Basic Principle:**

A lever is a rigid bar or beam that pivots around a fixed point, called the fulcrum. When a force is applied to one end of the lever, it causes the other end to move in the opposite direction.

**The Three Types of Levers:**

There are three types of levers, each with a different arrangement of the fulcrum";False;False;0.9998;fr;en;True;False;False;True;True;Wie hebt ein Hebel schwere Lasten?;de;True;Comment un levier soulève-t-il de lourdes charges ?;fr;True;;¿Cómo levanta una palanca cargas pesadas?;es;True;;;;;;;explicativa;8
Father of genetics?;C'est Gregor Mendel.;Mendel;;That would be Gregor Johann Mendel!;False;False;0.9978;fr;en;True;True;False;True;True;Vater der Genetik?;de;True;Père de la génétique ?;fr;True;;¿Padre de la genética?;es;True;;;;;;;corta;4
Honestly, what's in a Bloody Mary?;"Une Bloody Mary, c'est un cocktail classique composé de plusieurs ingrédients. Il s'agit généralement d'un mélange de vodka, de jus de tomate, de jus de citron, de sel, de poivre et de garnitures telles que des cornichons, des olives ou des tranches de concombre.

Le jus de tomate est souvent remplacé par du jus de tomate concentré ou du ketchup pour obtenir";vodka;;"A Bloody Mary is a popular cocktail made with a combination of ingredients, which may vary depending on the recipe or the bartender's creativity. Here's a breakdown of the typical components:

**Main ingredients:**

1. **Vodka**: This is the base spirit, usually a clear, neutral-tasting vodka.
2. **Tomato juice**: This is the primary liquid component, which gives the drink its distinctive flavor and color.
3. **Horseradish**: Some recipes include a dash of";False;False;0.9998;fr;en;True;True;False;True;True;Ehrlich gesagt: Was ist in einer Bloody Mary?;de;True;Franchement, qu'y a-t-il dans un Bloody Mary ?;fr;True;;Sinceramente, ¿qué lleva un Bloody Mary?;es;True;;;;;;;conversacional;9
What is the name of Earth's only natural satellite?;Le nom du satellite naturel unique de la Terre est la Lune.;Moon;Lune|Luna|Mond;The answer is: The Moon!;False;False;1.0;fr;en;True;True;False;True;True;Wie heißt der einzige natürliche Satellit der Erde?;de;True;Quel est le nom du seul satellite naturel de la Terre ?;fr;True;False;¿Cuál es el nombre del único satélite natural de la Tierra?;es;True;;;;;;;factual_clasica;
Whose expedition first reached the South Pole?;C'est Robert Falcon Scott, un explorateur britannique, qui a mené la première expédition à atteindre le pôle sud le 17 janvier 1912.;Amundsen;;The expedition that first reached the South Pole was led by Norwegian explorer Roald Amundsen. He and his team arrived at the South Pole on December 14, 1911.;False;False;0.9998;fr;en;True;False;False;True;False;Wessen Expedition erreichte als erste den Südpol?;de;True;L'expédition de qui a atteint la première le pôle Sud ?;fr;True;;¿La expedición de quién llegó primero al Polo Sur?;es;True;;;;;;;factual_aperturas;9
Point out the main ingredient of hummus.;Le principal ingrédient du hummus est le haricot vert.;chickpeas;chickpea|pois chiche|garbanzo|Kichererbse|grao-de-bico|grao de bico;The main ingredient of hummus is chickpeas (also known as garbanzo beans)!;False;False;0.9998;fr;en;True;False;False;True;False;Zeig die Hauptzutat von Hummus.;de;True;Désignez l'ingrédient principal du houmous.;fr;True;;Señala el ingrediente principal del hummus.;es;True;;;;;;;imperativo;9
Elucidate how seeds sprout.;"Je serais ravi de vous aider!

Les graines (ou semences) sproutent grâce à un processus complexe qui implique plusieurs étapes. Voici une explication détaillée :

1. **Activation de la germination** : Lorsqu'une graine est exposée à l'eau, les enzymes contenues dans le grain commencent à agir. Cela déclenche une série de réactions chimiques qui préparent le grain à la";germination;germin|Keim;"The magical process of seed sprouting! It's a fascinating journey that involves a series of complex physiological and biochemical changes. Here's a step-by-step explanation of how seeds sprout:

**Step 1: Imbibition (Water Absorption)**

When a seed is exposed to water, it begins to absorb moisture through its seed coat. This process is called imbibition. The seed coat, which is the outermost layer of the seed, absorbs water, causing the seed to swell.";False;False;0.9998;fr;en;True;True;False;False;True;Verdeutliche, wie Samen austreiben.;de;True;Élucidez comment les graines poussent.;fr;True;;Dilucida cómo brotan las semillas.;es;True;;;;;;;imperativo_explicativo;8
How are frescoes painted?;"Les fresques sont peintes à l'aide d'un processus spécialisé appelé ""fresque à l'humidité"". Voici les étapes générales :

1. Préparation de la surface : La surface sur laquelle la fresque sera peinte est nettoyée et préparée. Les murs sont généralement dégagés de toute couche de peinture ou de décoration existante.
2. Création de";plaster;platre|yeso|Putz|intonac|gesso|enduit|a l'humidite|humedo|feucht;"Frescoes are a type of mural painting that is created on wet plaster, and the process of painting them is quite unique. Here's a step-by-step guide on how frescoes are typically painted:

**Preparation**

1. **Design and planning**: The artist creates a design or sketch of the fresco, taking into account the size, shape, and placement of the mural.
2. **Preparation of the wall**: The wall is cleaned, and a layer of lime-based plaster is";False;False;0.9998;fr;en;True;True;False;True;True;Wie werden Fresken gemalt?;de;True;Comment peint-on les fresques ?;fr;True;;¿Cómo se pintan los frescos?;es;True;;;;;;;explicativa;6
Father of geometry?;C'est Thales de Milet, un philosophe et mathématicien grec, qui est souvent considéré comme le père de la géométrie.;Euclid;Euclide|Euclides|Euklid;"You're thinking of Euclid!

Yes, Euclid (fl. 300 BCE) is indeed considered the ""Father of Geometry"". He was a Greek mathematician who lived in Alexandria, Egypt, and is best known for his book ""The Elements"", which is one of the most influential works in the history of mathematics.

In ""The Elements"", Euclid systematically presented the foundations of geometry, including points, lines, angles, and solids, and developed theorems and proofs that are still studied";False;False;0.9998;fr;en;True;False;False;True;False;Vater der Geometrie?;de;True;Père de la géométrie ?;fr;True;;¿Padre de la geometría?;es;True;;;;;;;corta;4
Honestly, what's pesto's main herb?;Le basilic est l'herbe principale utilisée pour faire du pesto.;basil;basilic|albahaca|Basilikum|basilico|manjericao;Pesto's main herb is actually Basil! Specifically, Genovese basil is the traditional choice for making authentic Italian pesto sauce. The basil adds a bright, fresh flavor and aroma to the sauce, which is typically made with garlic, pine nuts, Parmesan cheese, and olive oil.;False;False;0.9998;fr;en;True;True;False;True;True;Ehrlich gesagt: Was ist das Hauptkraut im Pesto?;de;True;Franchement, quelle est l'herbe principale du pesto ?;fr;True;;Sinceramente, ¿cuál es la hierba principal del pesto?;es;True;;;;;;;conversacional;10
What is the capital of Sudan?;Le capital de la Soudan est Khartoum.;Khartoum;Jartum|Khartum|Cartum;The capital of Sudan is Khartoum.;False;False;1.0;fr;en;True;True;False;True;True;Was ist die Hauptstadt von Sudan?;de;True;Quelle est la capitale du Soudan?;fr;True;False;¿Cuál es la capital de Sudán?;es;True;;;;;;;factual_clasica;
Whose ship was the Santa Maria?;La Santa Maria était la navire amiral de Christophe Colomb lors de son quatrième voyage en Amérique en 1498.;Columbus;Colomb|Kolumbus|Colombo|Cristobal Colon|Cristoforo Colombo;The Santa Maria was the flagship of Christopher Columbus's first voyage to the Americas in 1492.;False;False;0.9997;fr;en;True;True;False;True;True;Wessen Schiff war die Santa María?;de;True;À qui appartenait le navire Santa María ?;fr;True;;¿De quién era la nave Santa María?;es;True;;;;;;;factual_aperturas;8
Remind me who discovered insulin.;Le médecin canadien Frederick Banting a découvert l'insuline en 1921, en collaboration avec Charles Best.;Banting;;"A great question about a groundbreaking discovery!

Insulin was discovered by two Canadian researchers, Frederick Banting and Charles Best, in 1921. They were working at the University of Toronto at the time.

However, it's worth noting that another researcher, James Collip, also played a crucial role in the discovery. Collip, a Canadian biochemist, helped to purify the insulin extracted from the pancreas of dogs, which led to the development of a more effective and reliable insulin preparation";False;False;0.9978;fr;en;True;True;False;True;True;Erinnere mich, wer das Insulin entdeckte.;de;True;Rappelez-moi qui a découvert l'insuline.;fr;True;;Recuérdame quién descubrió la insulina.;es;True;;;;;;;imperativo;7
Spell out why the Statue of Liberty is green.;"La Statue de la Liberté est verte en raison de la patine naturelle qui se forme sur les métaux. La statue est faite de cuivre, qui est une métalle qui réagit avec l'air et l'eau pour former une couche de verdure. Cette couche de verdure est appelée ""patine verte"" et elle est due à la présence de cuivre oxydé.

Le cuivre est une métalle qui réagit avec l'";patina;patin|copper|cuivre|cobre|Kupfer|oxyd|oxid;"The Statue of Liberty is actually copper, not green. When it was first built, the statue was made of copper sheets that were riveted together and supported by an internal framework. Over time, the copper oxidized, or reacted with oxygen in the air, and formed a green-colored patina, also known as verdigris.

This natural process, called oxidation, is a common occurrence with copper and other metals. It's a result of the metal reacting with the air, water, and other";False;False;0.9998;fr;en;True;True;False;True;True;Erkläre genau, warum die Freiheitsstatue grün ist.;de;True;Explicitez pourquoi la statue de la Liberté est verte.;fr;True;;Detalla paso a paso por qué la Estatua de la Libertad es verde.;es;True;;;;;;;imperativo_explicativo;10
What structure defines a haiku?;"Une haïku est définie par sa structure traditionnelle, qui consiste en trois lignes avec un total de 17 syllabes. La structure est la suivante :

* La première ligne compte 5 syllabes
* La deuxième ligne compte 7 syllabes
* La troisième ligne compte 5 syllabes

Cette structure est souvent utilisée pour capturer un moment ou une image de la nature, et pour exprimer une pensée ou";syllables;syllab|silab|Silbe|sillab|17;"A traditional haiku is a type of Japanese poetry that consists of three lines with a specific syllable count. The structure of a haiku is typically as follows:

* The first line has five syllables
* The second line has seven syllables
* The third line has five syllables again

This 5-7-5 syllable pattern is often referred to as the ""traditional haiku structure."" However, it's worth noting that modern haiku often deviate from this traditional structure";False;False;0.9998;fr;en;True;True;False;True;True;Welche Struktur bestimmt ein Haiku?;de;True;Quelle structure définit un haïku ?;fr;True;;¿Qué estructura define un haiku?;es;True;;;;;;;explicativa;7
Father of medicine?;"C'est Hippocrate! Il est considéré comme le père de la médecine en raison de ses contributions importantes aux connaissances médicales et de ses écrits, notamment le ""Cours des maladies"".";Hippocrates;Hippocrate|Hipocrates|Hippokrates|Ippocrate;"You're thinking of Hippocrates!

Hippocrates (460-370 BCE) is indeed considered the ""Father of Medicine"" in many parts of the world, including Greece, Rome, and the Western world. He was a Greek physician who is widely regarded as one of the most outstanding figures in the history of medicine.

Hippocrates was a physician, teacher, and philosopher who lived on the Greek island of Kos. He is known for his contributions to the field of medicine, including:

1.";False;False;0.9998;fr;en;True;True;False;True;True;Vater der Medizin?;de;True;Père de la médecine ?;fr;True;;¿Padre de la medicina?;es;True;;;;;;;corta;4
Wait, what plant makes tequila?;C'est une mauvaise idée! Le tequila est fait à partir de l'agave, et plus précisément de l'agave tequilana. C'est une plante succulente qui pousse principalement au Mexique, dans les régions où se trouve la ville de Tequila. L'agave est utilisée pour produire le siroop d'agave, qui est ensuite transformé en tequila.;agave;;"Tequila is actually made from the blue agave plant (Agave tequilana), not a traditional plant like wheat or corn. The blue agave is a type of succulent that's native to Mexico, and it's the primary ingredient in tequila production.

The blue agave is harvested when it's mature and has reached a certain level of ripeness, which is typically after 8-12 years. The heart of the agave, called the piña, is then extracted and";False;False;0.9998;fr;en;True;True;False;True;True;Moment, aus welcher Pflanze wird Tequila gemacht?;de;True;Attends, quelle plante sert à faire la tequila ?;fr;True;;Espera, ¿de qué planta se hace el tequila?;es;True;;;;;;;conversacional;8
What is the capital of Croatia?;La capitale de la Croatie est Zagreb.;Zagreb;Zagabria;The capital of Croatia is Zagreb.;False;False;1.0;fr;en;True;True;False;True;True;Was ist die Hauptstadt von Kroatien?;de;True;Quelle est la capitale de la Croatie ?;fr;True;False;¿Cuál es la capital de Croacia?;es;True;;;;;;;factual_clasica;
Which scientist discovered the neutron?;Le neutron a été découvert par James Chadwick en 1932.;Chadwick;;The neutron was discovered by British physicist James Chadwick in 1932. He was working at the Cavendish Laboratory at Cambridge University at the time, and he discovered the neutron while studying the properties of beryllium. Chadwick's discovery of the neutron was a major breakthrough in the field of nuclear physics and earned him the Nobel Prize in Physics in 1935.;False;False;0.9998;fr;en;True;True;False;True;True;Welcher Wissenschaftler entdeckte das Neutron?;de;True;Quel scientifique a découvert le neutron ?;fr;True;;¿Qué científico descubrió el neutrón?;es;True;;;;;;;factual_aperturas;6
Let me know the capital of Serbia.;Le capital de Serbie est Belgrade (Београд).;Belgrade;Belgrado|Belgrad;The capital of Serbia is Belgrade.;False;False;0.9933;fr;en;True;True;False;True;True;Sag mir die Hauptstadt Serbiens.;de;True;Dites-moi la capitale de la Serbie.;fr;True;;Dime la capital de Serbia.;es;True;;;;;;;imperativo;8
Cover what causes jet lag.;"Le jet lag, c'est un phénomène courant qui se produit lorsque nous voyons un changement de heure de sommeil important, généralement en raison d'un décalage horaire. Voici les principaux facteurs qui contribuent à la formation du jet lag :

1. **Décalage horaire** : Lorsque nous voyons un changement de heure de sommeil important, notre corps a du mal à s'adapter. Notre système circ";circadian;circadi|zirkadian|reloj biologico|horloge biologique|innere Uhr|biologische Uhr;"Jet lag! It's a common phenomenon that can disrupt our sleep patterns and overall well-being when traveling across time zones. Here's what causes jet lag:

**What is jet lag?**

Jet lag, also known as desynchronosis, is a temporary disorder that occurs when our internal body clock is out of sync with the new time zone we're in. This happens when we travel across multiple time zones, causing our body to experience a mismatch between our natural sleep-wake cycle (circadian rhythm";False;False;0.9998;fr;en;True;False;False;True;True;Behandle, was Jetlag verursacht.;de;True;Traitez les causes du décalage horaire.;fr;True;;Trata qué causa el desfase horario.;es;True;;;;;;;imperativo_explicativo;6
What defines a sonnet's length?;"Un sonnet est généralement défini par sa longueur, qui peut varier selon les formes traditionnelles. 

Il existe plusieurs formes de sonnets, mais la plupart sont composées de 14 vers. 

Il existe deux formes principales de sonnets :

*   Le sonnet italien, également appelé sonnet de Petrarche, est composé de 14 vers, divisés en deux parties : un quatrain introductif,";14;quatorze|catorce|vierzehn|quattordici|catorze|fourteen;"A traditional sonnet is a 14-line poem, written in iambic pentameter, with a specific rhyme scheme. There are two main forms of sonnets: the Shakespearean sonnet and the Italian sonnet.

**Shakespearean Sonnet:**

* Consists of 14 lines, with a rhyme scheme of: ABAB CDCD EFEF GG
* The first quatrain (four-line stanza) introduces the theme or subject
* The second quatrain develops the";False;False;0.9998;fr;en;True;True;False;True;True;Was bestimmt die Länge eines Sonetts?;de;True;Qu'est-ce qui définit la longueur d'un sonnet ?;fr;True;;¿Qué define la extensión de un soneto?;es;True;;;;;;;explicativa;8
Father of history?;C'est Herodote, un historien grec antique, qui est souvent considéré comme le père de l'histoire.;Herodotus;Herodote|Herodoto|Herodot|Erodoto;"You're thinking of Herodotus, the ancient Greek historian often referred to as the ""Father of History"". He's credited with being one of the first historians in the Western tradition, and his works, particularly ""The Histories"", are still studied and admired today.

Herodotus was born around 484 BCE in Halicarnassus, a city in ancient Greece. He traveled extensively throughout the ancient world, gathering information and stories about the cultures, customs, and events of the";False;False;0.9998;fr;en;True;True;False;True;True;Vater der Geschichtsschreibung?;de;True;Père de l'histoire ?;fr;True;;¿Padre de la historia?;es;True;;;;;;;corta;4
Pub quiz: which gas lights red signs?;C'est le gaz.;neon;;The answer to that one is... COBALT BLUE!;False;False;0.9998;fr;en;True;False;False;False;False;Kneipenquiz: Welches Gas lässt rote Leuchtschilder leuchten?;de;True;Quiz au bar : quel gaz éclaire les enseignes rouges ?;fr;True;;Pregunta de bar: ¿qué gas ilumina los letreros rojos?;es;True;;;;;;;conversacional;9
In what year was the Declaration of the Rights of Man adopted in France?;La Déclaration des droits de l'homme et du citoyen a été adoptée en France en 1789.;1789;;The Declaration of the Rights of Man and of the Citizen was adopted in France on August 26, 1789.;False;False;1.0;fr;en;True;True;False;True;True;In welchem Jahr wurde die Deklaration der Rechte des Menschen in Frankreich angenommen?;de;True;En quelle année la Déclaration des droits de l'homme a-t-elle été adoptée en France ?;fr;True;False;¿En qué año se adoptó la Declaración de los Derechos del Hombre en Francia?;es;True;;;;;;;factual_clasica;
Which computer defeated Kasparov?;C'est le programme informatique Deep Blue qui a battu Garry Kasparov en 1997.;Deep Blue;;"You're referring to the historic match between the world's top chess player at the time, Garry Kasparov, and a computer program.

The answer is Deep Blue, a supercomputer developed by IBM. In 1997, Deep Blue defeated Kasparov in a six-game match, winning 3.5 to 2.5.

Deep Blue was a remarkable achievement in artificial intelligence, using a combination of brute force and advanced algorithms to analyze millions of positions per second. Its victory marked";False;False;0.9603;fr;en;True;True;False;True;True;Welcher Computer besiegte Kasparow?;de;True;Quel ordinateur a battu Kasparov ?;fr;True;;¿Qué computadora derrotó a Kaspárov?;es;True;;;;;;;factual_aperturas;7
Spot the largest lake in Africa.;Le lac le plus grand en Afrique est le lac Tchad.;Victoria;;The largest lake in Africa is Lake Victoria.;False;False;0.9998;fr;en;True;False;False;True;False;Ermittle den größten See Afrikas.;de;True;Repérez le plus grand lac d'Afrique.;fr;True;;Detecta el lago más grande de África.;es;True;;;;;;;imperativo;7
Decode how LEDs produce light.;"Je vais vous aider à comprendre comment les LEDs produisent la lumière.

Les LEDs (Light Emitting Diodes) sont des composants électroniques qui convertissent l'énergie électrique en lumière. Voici le processus décrit en détail :

1. **La création d'un courant électrique** : Lorsque vous connectez un LED à une source d'alimentation, un courant électrique circule à travers le composant.
2.";semiconductors;semicond|Halbleiter|lectron|p-n|pn-Ubergang|p-Element;"LEDs (Light Emitting Diodes) produce light through a process called electroluminescence. Here's a step-by-step explanation of how it works:

**The Basic Principle**

An LED consists of two types of materials: p-type (positive) and n-type (negative) semiconductors. When a voltage is applied across the LED, electrons from the n-type material flow into the p-type material, creating a flow of current.

**The Process**

1. **Electron";False;False;0.9998;fr;en;True;True;False;True;True;Entschlüssle, wie LEDs Licht erzeugen.;de;True;Décodez comment les LED produisent de la lumière.;fr;True;;Decodifica cómo producen luz los LED.;es;True;;;;;;;imperativo_explicativo;6
What does a metronome keep?;Un métronome garde le rythme!;tempo;rythme|ritmo|Takt|beat;A metronome keeps time! It's a musical instrument that helps musicians keep a steady beat or tempo, usually measured in beats per minute (BPM). It provides a consistent pulse or rhythm, allowing musicians to play in time with the metronome's steady tick or click.;False;False;0.9997;fr;en;True;True;False;True;True;Was gibt ein Metronom vor?;de;True;Que marque un métronome ?;fr;True;;¿Qué marca un metrónomo?;es;True;;;;;;;explicativa;8
Largest Mediterranean island?;L'île la plus grande du bassin méditerranéen est Sicile.;Sicily;Sicile|Sicilia|Sizilien;The largest Mediterranean island is Sicily, which is an autonomous region of Italy. It has an area of approximately 25,711 square kilometers (9,927 square miles).;False;False;0.9998;fr;en;True;True;False;True;True;Größte Mittelmeerinsel?;de;True;Plus grande île de la Méditerranée ?;fr;True;;¿Mayor isla del Mediterráneo?;es;True;;;;;;;corta;5
Hey, who wrote Pinocchio?;C'est Carlo Collodi qui a écrit Pinocchio. Il est un auteur italien, et son livre a été publié en 1881.;Collodi;;"A classic tale!

Pinocchio was written by Carlo Collodi, an Italian author and journalist. The original book, titled ""The Adventures of Pinocchio,"" was first published in serial form in an Italian newspaper in 1881. It was later published in book form in 1883.

However, it's worth noting that the Disney adaptation of Pinocchio, which is probably the most well-known version, was written by several people, including:

* Ted Sears (screenwriter)
*";False;False;0.9998;fr;en;True;True;False;True;True;Hey, wer schrieb Pinocchio?;de;True;Hé, qui a écrit Pinocchio ?;fr;True;;Oye, ¿quién escribió Pinocho?;es;True;;;;;;;conversacional;8
In what year was John F. Kennedy assassinated?;John F. Kennedy, le 35e président des États-Unis, a été assassiné le 22 novembre 1963 à Dallas, au Texas.;1963;;John F. Kennedy, the 35th President of the United States, was assassinated on November 22, 1963, in Dallas, Texas.;False;False;1.0;fr;en;True;True;False;True;True;In welchem Jahr wurde John F. Kennedy ermordet?;unknown;True;En quelle année John F. Kennedy a-t-il été assassiné ?;fr;True;False;¿En qué año fue asesinado John F. Kennedy?;unknown;True;;;;;;;factual_clasica;
Which empire built Machu Picchu?;C'était les Incas qui ont construit Machu Picchu.;Inca;Inka;Machu Picchu was built by the Inca Empire. Specifically, it was constructed during the 15th century, specifically between 1450 and 1460, under the rule of the Inca emperor Pachacuti. The Inca Empire was a vast and powerful empire that flourished in the Andean region of South America, and Machu Picchu was one of its most impressive and mysterious ruins.;False;False;0.9998;fr;en;True;True;False;True;True;Welches Reich erbaute Machu Picchu?;de;True;Quel empire a construit le Machu Picchu ?;fr;True;;¿Qué imperio construyó Machu Picchu?;es;True;;;;;;;factual_aperturas;8
Fetch the capital of Latvia.;La capitale de Lettonie est Riga.;Riga;;The capital of Latvia is Riga.;False;False;0.9998;fr;en;True;True;False;True;True;Hol mir die Hauptstadt Lettlands.;de;True;Rapportez-moi la capitale de la Lettonie.;fr;True;;Tráeme la capital de Letonia.;es;True;;;;;;;imperativo;6
Unravel how kidneys clean blood.;"Les reins sont deux organes essentiels qui jouent un rôle crucial dans notre système circulatoire. Ils sont responsables de la filtration du sang et de la production d'urine.

Voici comment les reins fonctionnent :

1. **La filtration du sang** : Les reins reçoivent le sang du corps à travers les artères rénales. Le sang est ensuite filtré dans les glomérules, qui sont des petits vaisseaux sanguins";filtration;filtr|Filter;"The kidneys are two bean-shaped organs located in the lower back, just above the waistline. They play a vital role in maintaining our overall health by filtering waste and excess fluids from the blood. Here's a step-by-step explanation of how kidneys clean blood:

**The Kidney's Filtering Process**

1. **Blood Flow**: The kidneys receive a constant flow of blood from the aorta, the largest artery in the body. The blood is rich in oxygen, nutrients, and waste products.
2";False;False;0.9998;fr;en;True;True;False;True;True;Entwirre, wie die Nieren das Blut reinigen.;de;True;Démêlez comment les reins nettoient le sang.;fr;True;;Desentraña cómo limpian la sangre los riñones.;es;True;;;;;;;imperativo_explicativo;7
What does an orchestra conductor hold?;Un directeur d'orchestre tient un baton.;baton;baguet|batut|Taktstock|bacchett|baston|Dirigierstock;An orchestra conductor typically holds a baton.;False;False;0.9996;fr;en;True;True;False;True;True;Was hält ein Dirigent in der Hand?;de;True;Que tient un chef d'orchestre ?;fr;True;;¿Qué sostiene un director de orquesta?;es;True;;;;;;;explicativa;7
Tallest mountain in Europe?;La plus haute montagne en Europe est l'Évolution (ou Mont Blanc), avec une altitude de 4 810 mètres.;Elbrus;Elbrous|Mont Blanc|Monte Bianco|Monte Branco;The tallest mountain in Europe is Mount Elbrus, located in the Caucasus mountain range on the border between Russia and Georgia. It stands at a height of 5,642 meters (18,510 feet) above sea level.;False;False;0.9998;fr;en;True;True;False;True;True;Höchster Berg Europas?;de;True;Plus haute montagne d'Europe ?;fr;True;;¿Montaña más alta de Europa?;es;True;;;;;;;corta;6
Quick question: who composed Canon in D?;C'est Johann Pachelbel, un compositeur allemand du XVIIe siècle.;Pachelbel;;"The ""Canon in D"" is a famous musical composition by Johann Pachelbel, a German Baroque composer. It's a beautiful and well-known piece of music, often played at weddings and other formal events.";False;False;0.9996;fr;en;True;True;False;True;True;Kurze Frage: Wer komponierte den Kanon in D?;de;True;Petite question : qui a composé le Canon en ré ?;fr;True;;Pregunta rápida: ¿quién compuso el Canon en re?;es;True;;;;;;;conversacional;9
What is the capital of Slovakia?;La capitale de la Slovaquie est Bratislava.;Bratislava;;The capital of Slovakia is Bratislava.;False;False;1.0;fr;en;True;True;False;True;True;Was ist die Hauptstadt von Slowakei?;de;True;Quelle est la capitale de la Slovaquie ?;fr;True;False;¿Cuál es la capital de Eslovaquia?;es;True;;;;;;;factual_clasica;
Which dwarf planet was once a planet?;C'est Pluton. Il a été classé comme un planète naine en 2006 par l'Union astronomique internationale (UAI).;Pluto;Pluton|Plutone|Plutao;"You're likely thinking of Pluto!

Pluto was once considered to be the ninth planet in our solar system, but in 2006, the International Astronomical Union (IAU) redefined the term ""planet"" and reclassified Pluto as a dwarf planet.

According to the new definition, a planet is a celestial body that:

1. Is in orbit around the Sun.
2. Has sufficient mass to assume a hydrostatic equilibrium shape (i.e., it's nearly round in shape).";False;False;0.9998;fr;en;True;True;False;True;True;Welcher Zwergplanet war früher ein Planet?;de;True;Quelle planète naine était autrefois une planète ?;fr;True;;¿Qué planeta enano fue antes un planeta?;es;True;;;;;;;factual_aperturas;8
Track down the country of Angel Falls.;L'Angel Falls se trouve au Venezuela.;Venezuela;;"Angel Falls is a magnificent waterfall located in the heart of South America.

Angel Falls is situated in the Canaima National Park, which is part of the Gran Sabana region in Venezuela, South America. Specifically, it is located in the Canaima State, in the Bolivar State, Venezuela.

The falls are situated in the Kukenaam River, which flows from the top of the Auyán-tepui mountain, a flat-topped mountain that is part of the table-t";False;False;0.9997;fr;en;True;True;False;True;True;Spür das Land der Angel-Fälle auf.;de;True;Retrouvez le pays du Salto Ángel.;fr;True;;Rastrea el país del Salto Ángel.;es;True;;;;;;;imperativo;8
Fill me in on how flowers make seeds.;"Je serais ravi de vous aider!

Les fleurs produisent des graines (ou semences) à travers un processus complexe qui implique plusieurs étapes. Voici une brève explication :

1. **La pollinisation** : Les fleurs produisent des fleurs mâles et des fleurs femelles. Les fleurs mâles produisent des grains de pollen, tandis que les fleurs femelles contiennent des ov";pollination;pollin|polini|Bestaub|impollin;"The process of how flowers make seeds is a fascinating and complex one. Here's a step-by-step explanation:

**The Life Cycle of a Flower**

Flowers are the reproductive structures of plants, and they play a crucial role in the production of seeds. The life cycle of a flower typically involves the following stages:

1. **Flower Formation**: A flower is formed from the ovary of a plant, which contains the female reproductive organs. The flower is made up of petals, sepals,";False;False;0.9998;fr;en;True;True;False;False;True;Bring mich auf den Stand, wie Blumen Samen bilden.;de;True;Mettez-moi au courant de la production de graines par les fleurs.;fr;True;;Ponme al día sobre cómo producen semillas las flores.;es;True;;;;;;;imperativo_explicativo;9
How does a violin produce sound?;"Le violon produit son son par une combinaison de vibrations et de pressions sur ses cordes. Voici comment ça marche :

1. Lorsque le musicien touche les cordes avec son doigt ou son pincement, il crée une pression sur la corde.
2. La pression sur la corde fait vibrer la corde elle-même, ce qui produit une onde sonore.
3. Ces ondes sonores sont ensuite trans";strings;cordes|cuerdas|Saiten|corde|cordas|archet|arco|Bogen;"The violin is a beautiful instrument that produces sound through a fascinating process. Here's a step-by-step explanation:

**The Basic Components**

A violin consists of:

1. **Body**: The main body of the violin, which is hollow and resonates to amplify the sound.
2. **Neck**: The long, thin part of the violin where the fingerboard is attached.
3. **Fingerboard**: A flat piece of wood glued to the neck, where the player presses the strings to";False;False;0.9998;fr;en;True;True;False;True;True;Wie erzeugt eine Geige Klang?;de;True;Comment un violon produit-il du son ?;fr;True;;¿Cómo produce sonido un violín?;es;True;;;;;;;explicativa;7
Longest river in Asia?;Le plus long fleuve d'Asie est le fleuve Amour (ou fleuve Léa). Il s'étend sur une longueur de 6 200 kilomètres.;Yangtze;Yangzi|Yangtse|Jangtse|Chang Jiang|Changjiang;The longest river in Asia is the Yangtze River, which is approximately 6,300 kilometers (3,915 miles) long. It flows through China and is also the longest river in the world by discharge volume.;False;False;0.9998;fr;en;True;False;False;True;False;Längster Fluss Asiens?;de;True;Plus long fleuve d'Asie ?;fr;True;;¿Río más largo de Asia?;es;True;;;;;;;corta;6
Just curious, who invented the stethoscope?;"C'est une excellente question! Le stéthoscope a été inventé par René Laënnec, un médecin français, en 1816. Il a créé un instrument appelé ""stéthoscope"" (du grec ""stethos"", signifiant ""poitrine"") pour écouter les sons du cœur et des poumons sans avoir à toucher les organes. C'est ainsi que le stéthoscope est devenu un";Laennec;;"The stethoscope was invented by René Laënnec, a French physician, in 1816. Laënnec was a cardiologist who was trying to listen to the sounds of a patient's heart without having to place his ear directly on the chest. He discovered that by placing a hollow tube, or ""stethoscope,"" over the chest, he could hear the heart sounds more clearly and with greater precision.

Laënnec's invention was initially called the ""steth";False;False;0.9998;fr;en;True;True;False;True;True;Nur aus Neugier: Wer erfand das Stethoskop?;de;True;Simple curiosité : qui a inventé le stéthoscope ?;fr;True;;Solo por curiosidad, ¿quién inventó el estetoscopio?;es;True;;;;;;;conversacional;10
How many cards are in a standard deck without jokers?;Il y a 52 cartes dans un jeu standard sans joker.;52;;There are 52 cards in a standard deck of cards without jokers.;False;False;1.0;fr;en;True;True;False;True;True;Wie viele Karten sind in einem Standarddeck ohne Joker enthalten?;de;True;Combien de cartes y a-t-il dans un jeu standard sans joker?;fr;True;False;¿Cuántas cartas hay en un mazo estándar sin ases?;es;True;;;;;;;factual_clasica;
Which philosopher tutored Alexander the Great?;Le philosophe qui a tutélaïsé Alexandre le Grand était Aristote.;Aristotle;Aristote|Aristoteles|Aristotele;The philosopher who tutored Alexander the Great was Aristotle.;False;False;0.9997;fr;en;True;True;False;True;True;Welcher Philosoph unterrichtete Alexander den Großen?;de;True;Quel philosophe fut le précepteur d'Alexandre le Grand ?;fr;True;;¿Qué filósofo fue tutor de Alejandro Magno?;es;True;;;;;;;factual_aperturas;8
Dig up who invented the telegraph.;Le télégraphe a été inventé par Samuel Morse et ses collègues, Alfred Vail et Charles Thomas, aux États-Unis en 1837.;Samuel Morse;Morse;"A great piece of history!

The invention of the telegraph is credited to two individuals: Charles Wheatstone and Samuel Morse.

**Charles Wheatstone (1802-1875)**

Charles Wheatstone, an English scientist and inventor, developed the first telegraph system in the 1830s. He created a device that used a series of electrical impulses to transmit coded messages over wires. Wheatstone's system used a series of dots and dashes to represent letters and numbers, which was the precursor to";False;False;0.9998;fr;en;True;True;False;True;True;Find heraus, wer den Telegrafen erfand.;de;True;Dénichez qui a inventé le télégraphe.;fr;True;;Averigua quién inventó el telégrafo.;es;True;;;;;;;imperativo;8
Interpret how cats purr.;"Les chats purrissent! C'est un phénomène fascinant qui nous permet de comprendre leur comportement et leur bien-être.

Le purr est une forme de communication qui permet aux chats de communiquer avec leur environnement et avec les autres chats. Il s'agit d'un mouvement vibratoire de la langue et des lèvres qui se produit lorsque le chat respire et émet un son profond et régulier.

Il y a plusieurs théories sur la";larynx;laryn|laring|Kehlkopf;"The fascinating world of feline communication! Cats purr, a unique vocalization that has puzzled and delighted humans for centuries. Let's dive into the science behind this intriguing behavior.

**What is purring?**

Purring is a low-pitched humming sound produced by a cat's laryngeal muscles, which vibrate the vocal cords. This sound is typically accompanied by a rapid, rhythmic movement of the cat's diaphragm, known as the ""purr cycle."" The pur";False;False;0.9998;fr;en;True;False;False;True;True;Deute, wie Katzen schnurren.;de;True;Interprétez le ronronnement des chats.;fr;True;;Interpreta cómo ronronean los gatos.;es;True;;;;;;;imperativo_explicativo;7
How does a piano make sound?;"Un piano produit son en utilisant un système complexe de cordes métalliques et de mécanismes de résonance. Voici une explication simplifiée :

1. Lorsque vous touchez une touche de clavier, vous déclenchez un mécanisme qui fait vibrer une corde métallique correspondante.
2. Ces cordes sont fixées aux deux extrémités par des supports et sont tendues de manière égale";hammers;marteau|martill|Hammer|martel;"Pianos are incredible instruments that produce sound through a combination of mechanical and acoustic principles. Here's a simplified explanation of how a piano makes sound:

**The Basic Components**

A piano consists of:

1. **Strings**: A set of metal wires (typically made of steel or copper) stretched between the piano's frame and the soundboard. These strings are divided into two groups: the **white strings** (also known as the ""piano strings"") and the **black strings** (also";False;False;0.9998;fr;en;True;False;False;False;True;Wie erzeugt ein Klavier Töne?;de;True;Comment un piano produit-il des sons ?;fr;True;;¿Cómo produce sonido un piano?;es;True;;;;;;;explicativa;7
Largest country in Africa?;Le pays le plus grand en Afrique est l'Algérie.;Algeria;Algerie|Argelia|Algerien;The largest country in Africa is Algeria.;False;False;0.9998;fr;en;True;True;False;True;True;Größtes Land Afrikas?;de;True;Plus grand pays d'Afrique ?;fr;True;;¿País más grande de África?;es;True;;;;;;;corta;6
Random thought: who painted The School of Athens?;"Une idée étrange! (A strange idea!) La peinture ""La Scuola di Atene"" (La École d'Athènes) a été peinte par le célèbre peintre italien Raphaël (Raphaël Santi) au début du XVIe siècle, en 1509-1511. C'est une des œuvres les plus célèbres de l'art Renaissance et représente les grands";Raphael;Rafael|Raffaello;"A classic piece of art!

The School of Athens was painted by the renowned Italian artist Raphael (1483-1520). It's one of his most famous works, created around 1509-1511, and it's considered a masterpiece of the High Renaissance.

The painting depicts a gathering of some of the greatest minds of ancient Greece, including philosophers such as Plato, Aristotle, Socrates, and others, in a grand architectural setting. The scene is meant to represent the ideal of humanistic";False;False;0.9998;fr;en;True;True;False;True;True;Spontane Frage: Wer malte Die Schule von Athen?;de;True;Une idée comme ça : qui a peint L'École d'Athènes ?;fr;True;;Pensando al azar: ¿quién pintó La escuela de Atenas?;es;True;;;;;;;conversacional;10
Who discovered polonium and radium?;C'est Marie Curie qui a découvert le polonium et le radium. Elle a effectué ces découvertes en 1898, en travaillant sur des échantillons de minerai de uranium.;Curie;;"Two of the most fascinating elements in the periodic table!

Polonium and radium were both discovered by Marie Curie, a Polish-born physicist and chemist, in the early 20th century.

**Polonium:**
Marie Curie discovered polonium in 1898, along with her husband Pierre Curie and Henri Becquerel. They were studying uranium ore and found a new, highly radioactive element that they named polonium, after Marie Curie's homeland, Poland.

**R";False;False;1.0;fr;en;True;True;False;True;True;Wer entdeckte Polonium und Radium?;de;True;Qui a découvert le polonium et le radium ?;fr;True;False;¿Quién descubrió polonio y radio?;unknown;True;;;;;;;factual_clasica;
What fruit is guacamole made from?;Le guacamole est fait de noix de palme, plus précisément de la pulpe de noix de palme, qui est une sorte de noix qui se trouve dans la coque de la noix de palme.;avocado;avocat|aguacate|palta|abacate;Guacamole is made from avocados! Specifically, it's a dip or spread made from mashed ripe avocados, often mixed with various ingredients like onions, garlic, lime juice, salt, and spices.;False;False;0.9998;fr;en;True;False;False;True;False;Aus welcher Frucht wird Guacamole gemacht?;de;True;Avec quel fruit fait-on le guacamole ?;fr;True;;¿De qué fruta se hace el guacamole?;es;True;;;;;;;factual_aperturas;9
Note the tallest mountain in North America.;La plus haute montagne en Amérique du Nord est Denali, également connue sous le nom de Mount McKinley, située dans l'Alaska. Elle a une hauteur de 6 190 mètres au-dessus du niveau de la mer.;Denali;McKinley;The tallest mountain in North America is Denali (formerly known as Mount McKinley), located in Alaska. It stands at an impressive 20,310 feet (6,190 meters) above sea level.;False;False;0.9998;fr;en;True;True;False;True;True;Notiere den höchsten Berg Nordamerikas.;de;True;Notez la plus haute montagne d'Amérique du Nord.;fr;True;;Anota la montaña más alta de Norteamérica.;es;True;;;;;;;imperativo;8
Expand on how concrete hardens.;"Le béton durcissement est un processus complexe qui implique plusieurs étapes. Voici une explication détaillée de la façon dont le béton durcisse :

**Étapes du durcissement du béton**

1. **Mise en place du béton** : Le béton est composé de ciment, d'eau et de gravats (pierre, sable, etc.). Lors de la mise en place, le ciment et";hydration;hydrat|hidrat|idrat;"Concrete hardening is a complex process that involves the transformation of a mixture of cement, water, and aggregate (such as sand, gravel, or crushed stone) into a solid, durable, and long-lasting material. Here's a detailed explanation of the concrete hardening process:

**Initial Setting (0-24 hours)**

When concrete is first mixed, it's a liquid-like substance that's prone to settling and segregation. The cement, which is the binding agent, starts to react with the water";False;False;0.9998;fr;en;True;False;False;False;True;Vertiefe, wie Beton aushärtet.;de;True;Développez le durcissement du béton.;fr;True;;Profundiza en cómo se endurece el hormigón.;es;True;;;;;;;imperativo_explicativo;7
How does a match ignite?;"Un match s'allume grâce à un processus chimique appelé combustion. Voici les étapes :

1. Le match contient un mélange de substances chimiques, notamment :
 * Le charbon (ou le ""cœur"" du match) : c'est le composant qui brûle pour produire de la chaleur et de la lumière.
 * Le phosphore : c'est un élément qui brûle à une température très élevée et";friction;fricti|friccion|Reibung|frizion|friccao;"A match ignites through a chemical reaction that involves a combination of heat, friction, and a special mixture of chemicals. Here's a simplified explanation of the process:

**The Matchhead:**
A match consists of three main components:

1. **Matchstick:** A thin, dry stick made of wood or another combustible material.
2. **Matchhead:** A small, rectangular piece of cardboard or paper coated with a mixture of chemicals, including:
	* **Red phosphorus:** A highly";False;False;0.9998;fr;en;True;False;False;True;True;Wie entzündet sich ein Streichholz?;de;True;Comment une allumette s'enflamme-t-elle ?;fr;True;;¿Cómo se enciende una cerilla?;es;True;;;;;;;explicativa;6
Longest river in Australia?;"Le fleuve le plus long d'Australie est le fleuve Flèche d'Or (Flinders River), mais il s'agit d'un fleuve relativement court, avec une longueur d'environ 1 200 kilomètres.

Le fleuve le plus long d'Australie est en fait le fleuve Murray, qui s'étend sur environ 2 530 kilomètres, le long de la frontière entre les États de New South Wales";Murray;;The longest river in Australia is the Murray River, which stretches for approximately 2,530 kilometers (1,569 miles) from its source in the Australian Alps to its mouth in the Southern Ocean.;False;False;0.9998;fr;en;True;True;False;True;True;Längster Fluss Australiens?;de;True;Plus long fleuve d'Australie ?;fr;True;;¿Río más largo de Australia?;es;True;;;;;;;corta;6
Trivia time: who discovered Uranus?;C'était William Herschel qui a découvert Uranus en 1781.;Herschel;;"That's a great trivia question!

The discovery of Uranus is credited to William Herschel, a British astronomer. He discovered the planet on March 13, 1781, using a telescope at his observatory in Bath, England. Herschel initially thought he had discovered a new planet, but it wasn't until later that he realized the significance of his discovery.

Interestingly, Herschel's discovery was initially met with skepticism by some astronomers, who thought he might have mistaken a";False;False;0.9997;fr;en;True;True;False;True;True;Quizzeit: Wer entdeckte den Uranus?;de;True;Question culture : qui a découvert Uranus ?;fr;True;;Hora de trivia: ¿quién descubrió Urano?;es;True;;;;;;;conversacional;8
Who was the first President of the United States?;C'était George Washington. Il a occupé ce poste de 1789 à 1797.;George Washington;Washington;The first President of the United States was George Washington. He served two terms in office from April 30, 1789, to March 4, 1797.;False;False;1.0;fr;en;True;True;False;True;True;Wer war der erste Präsident der Vereinigten Staaten von Amerika?;de;True;Qui était le premier président des États-Unis?;fr;True;False;¿Quién fue el primer presidente de los Estados Unidos?;es;True;;;;;;;factual_clasica;
Which mountains divide Europe and Asia?;Les montagnes qui divisent l'Europe et l'Asie sont les monts de l'Ural.;Ural Mountains;Oural|Urales|Urali|Uralgebirge|Ural-Gebirge|Urais|l'Ural|Ural-Berge;The mountains that divide Europe and Asia are the Ural Mountains.;False;False;0.9998;fr;en;True;True;False;True;True;Welches Gebirge trennt Europa und Asien?;de;True;Quelles montagnes séparent l'Europe et l'Asie ?;fr;True;;¿Qué montañas separan Europa y Asia?;es;True;;;;;;;factual_aperturas;7
Guess the national animal of Scotland.;Le lion noir est le national animal de l'Écosse.;unicorn;licorne|unicornio|Einhorn|unicorno;"That's an easy one!

The national animal of Scotland is the Unicorn!";False;False;0.9998;fr;en;True;False;False;True;False;Rate das Nationaltier Schottlands.;de;True;Devinez l'animal national de l'Écosse.;fr;True;;Adivina el animal nacional de Escocia.;es;True;;;;;;;imperativo;7
Examine how soap removes grease.;"L'odeur du savon! 

Le savon est un produit qui a pour fonction de nettoyer les surfaces et de supprimer les impuretés. Lorsqu'il s'agit de la graisse, le savon utilise une technique appelée ""ébullition"" pour la détruire.

Voici comment ça marche :

1. **La graisse est composée de triglycérides** : ces molécules sont composées de trois chaî";surfactant;tensio|Tensid|surfact|micel|Mizell|hydrophob|hidrofob|idrofob|hydrophil|hidrofil|emulg|emuls;"The age-old battle between soap and grease! Let's dive into the fascinating world of surfactants and explore how soap removes grease.

**What is grease?**

Grease is a mixture of oils and waxes that are insoluble in water. It's a complex mixture of hydrocarbons, which are molecules composed of hydrogen and carbon atoms. Grease is often found in food, cosmetics, and industrial applications.

**How does soap remove grease?**

Soap works by using a combination of surf";False;False;0.9998;fr;en;True;False;False;True;True;Untersuche, wie Seife Fett entfernt.;de;True;Examinez comment le savon élimine la graisse.;fr;True;;Examina cómo el jabón elimina la grasa.;es;True;;;;;;;imperativo_explicativo;7
Why does helium change your voice?;Le hélio change ton voix parce qu'il est un gaz léger qui fait gonfler légèrement la bouche et la larynx. Cela fait que la voix devient plus haute et plus aiguë. C'est pourquoi les personnes qui parlent avec un hélio dans leur système respiratoire, comme les comédiens ou les animatrices, ont souvent une voix plus aiguë et plus élevée.;speed of sound;vitess|velocid|velocit|Geschwindig|speed|Dichte|densite|densidad|gaz leger;"Helium is a gas that can alter the sound of your voice in a few ways. Here's why:

1. **Frequency change**: Helium has a lower density than air, which means it vibrates at a lower frequency. When you speak into a helium-filled container, your vocal cords vibrate at a lower frequency, producing a higher-pitched sound. This is because the helium molecules are less dense and vibrate more slowly, causing your voice to rise in pitch.
2. **Res";False;False;0.9998;fr;en;True;True;False;False;True;Warum verändert Helium die Stimme?;de;True;Pourquoi l'hélium change-t-il la voix ?;fr;True;;¿Por qué el helio cambia la voz?;es;True;;;;;;;explicativa;7
Largest US state?;L'État le plus grand des États-Unis est l'Alaska.;Alaska;;The largest US state is Alaska. It covers approximately 663,300 square miles (1,717,856 square kilometers) and accounts for about 20% of the total land area of the United States.;False;False;0.9998;fr;en;True;True;False;True;True;Größter US-Bundesstaat?;de;True;Plus grand État des États-Unis ?;fr;True;;¿Estado más grande de EE. UU.?;es;True;;;;;;;corta;5
I forgot, who invented the microwave oven?;Le microwave oven a été inventé par Percy Spencer, un ingénieur américain de Raytheon. Il a découvert par hasard en 1946 que les microwaves pouvaient faire chauffer un chocolat. Il a ensuite utilisé cette découverte pour créer le premier appareil de cuisson à micro-ondes.;Percy Spencer;Spencer;"Don't worry, it's an easy one to forget!

The microwave oven was invented by Percy Spencer, an American engineer and physicist who worked for Raytheon, a leading electronics company at the time.

In 1946, Spencer was testing a magnetron, a device that generates microwaves, when he noticed that a chocolate bar in his pocket had melted. He then experimented with popcorn kernels and an egg, which also showed signs of heating up. This led him to realize that microwaves";False;False;0.9998;fr;en;True;True;False;True;True;Ich hab's vergessen: Wer erfand den Mikrowellenherd?;de;True;J'ai oublié, qui a inventé le four à micro-ondes ?;fr;True;;Se me olvidó, ¿quién inventó el horno microondas?;es;True;;;;;;;conversacional;9
Who composed The Nutcracker?;C'est Pierre Chaikovski qui a composé La Danse des petits poupées, également connue sous le nom de Le Nutcracker.;Tchaikovsky;Tchaïkovski|Tchaikovski|Chaikovsk|Tschaikow|Tschajkow|Ciaikovsk|Ciajkovsk|Tchaikovsk;"The music for ""The Nutcracker"" was composed by Pyotr Ilyich Tchaikovsky.";False;False;1.0;fr;en;True;False;False;True;False;Wer hat Die Schmetterlinge komponiert?;de;True;Qui a compose Le Petit Chaperon Rouge?;fr;True;False;¿Quién compuso El cuento de los tres rellenos de azúcar?;unknown;True;;;;;;;factual_clasica;
Which lake is the lowest point on land?;Le lac de Maracamba, situé au Pérou, est le point le plus bas sur terre, avec une altitude de 85 mètres au-dessus du niveau de la mer.;Dead Sea;mer Morte|mar Muerto|Totes Meer|Tote Meer|Toten Meer|mar Morto;The lowest point on land is actually a lake, and it's called Lake Assal in Djibouti, Africa. It has a depth of approximately 155 meters (509 feet) below sea level, making it the lowest point on land in the world.;False;False;0.9998;fr;en;True;False;False;False;False;Welcher See ist der tiefste Punkt an Land?;de;True;Quel lac est le point le plus bas des terres émergées ?;fr;True;;¿Qué lago es el punto más bajo de la tierra firme?;es;True;;;;;;;factual_aperturas;9
Choose the largest moon of Saturn.;La plus grande lune de Saturne est Titan.;Titan;Titano;The largest moon of Saturn is Titan.;False;False;0.9998;fr;en;True;True;False;True;True;Wähle den größten Mond des Saturn.;de;True;Choisissez la plus grande lune de Saturne.;fr;True;;Escoge la luna más grande de Saturno.;es;True;;;;;;;imperativo;7
Analyze how Velcro sticks.;"La Velcro est un système de fixation qui utilise des pièces de ruban avec des tiges et des bosses pour s'attacher. Voici comment cela fonctionne :

1. **Les tiges** : Les tiges sont des petits éléments métalliques qui sont fixés à l'intérieur de la pièce de ruban. Elles sont généralement en forme de croix ou de forme triangulaire.
2. **Les bosses** : Les bosses sont des petits";hooks;crochet|gancho|Haken|uncin|hook;"Velcro is a type of fastening system that uses small, hook-like protrusions (called ""hooks"") and small, loop-like protrusions (called ""loops"") to create a secure and easy-to-use fastening mechanism. Here's a breakdown of how Velcro sticks:

**The Science Behind Velcro**

Velcro is based on the principle of static electricity. When two surfaces are rubbed together, they can become electrically charged, with one surface becoming positively charged (called the ""donor";False;False;0.9998;fr;en;True;False;False;True;True;Analysiere, wie ein Klettverschluss haftet.;de;True;Analysez comment le velcro accroche.;fr;True;;Analiza cómo se adhiere el velcro.;es;True;;;;;;;imperativo_explicativo;7
Where does maple syrup come from?;Le sirop d'érable provient des sapins de l'érable, principalement de l'espèce du géant noir (Acer saccharum). Les sapins de l'érable sont cultivés dans les régions froides et humides de l'Amérique du Nord, notamment au Canada et aux États-Unis. Les arbres sont coupés à l'âge de 40 à 50 ans, et les rame;tree sap;la seve|seve d|savia|Ahornsaft|linfa|seiva;"Maple syrup is a sweetener made from the sap of maple trees, specifically the sugar maple (Acer saccharum) and black maple (Acer nigrum). Here's a brief overview of how it's produced:

**Maple Tree Harvesting**

Maple trees are tapped in late winter or early spring, when the temperatures are below freezing at night and above freezing during the day. This temperature fluctuation creates positive pressure inside the tree, causing the sap to flow out through the";False;False;0.9998;fr;en;True;False;False;False;True;Woher kommt Ahornsirup?;de;True;D'où vient le sirop d'érable ?;fr;True;;¿De dónde viene el jarabe de arce?;es;True;;;;;;;explicativa;7
Smallest US state?;Le plus petit État des États-Unis est le Delaware.;Rhode Island;;Rhode Island is the smallest US state, with a total area of approximately 1,214 square miles (3,144 square kilometers).;False;False;0.9998;fr;en;True;False;False;True;False;Kleinster US-Bundesstaat?;de;True;Plus petit État des États-Unis ?;fr;True;;¿Estado más pequeño de EE. UU.?;es;True;;;;;;;corta;5
Out of curiosity, who founded Carthage?;C'était Phocas, un roi phénicien, qui a fondé Carthage au VIIe siècle avant Jésus-Christ.;Dido;Didon|Elissa;"Carthage was founded by Phoenician settlers from the city of Tyre, in present-day Lebanon, around 814 BC. The Phoenicians were a Semitic people who were skilled traders and navigators, and they established a number of colonies throughout the Mediterranean.

The city of Carthage was founded by Queen Dido, who is said to have fled from Tyre after her husband's death. According to legend, Dido was helped by the god Baal, and she established";False;False;0.9998;fr;en;True;False;False;True;False;Aus Neugier: Wer gründete Karthago?;de;True;Par curiosité, qui a fondé Carthage ?;fr;True;;Por curiosidad, ¿quién fundó Cartago?;es;True;;;;;;;conversacional;10
How many strings does a standard guitar have?;Un standard guitar a 6 cordes.;6;six;"A standard guitar typically has 6 strings. These strings are usually tuned to the following notes:

E, A, D, G, B, E (from lowest to highest pitch)

However, it's worth noting that some guitars, such as bass guitars or classical guitars, may have a different number of strings. But for a standard acoustic or electric guitar, 6 strings is the norm!";False;False;0.5;unknown;en;True;True;False;True;True;Wie viele Saiten hat ein Standardgitarre?;de;True;Quel est le nombre de cordes d'une guitare standard?;fr;True;False;¿Cuántas cuerdas tiene una guitarra estándar?;es;True;;;;;;;factual_clasica;
Which country is shaped like a boot?;C'est l'Italie!;Italy;Italie|Italia|Italien;The country that is often described as being shaped like a boot is Italy.;False;False;0.9998;fr;en;True;True;False;True;True;Welches Land hat die Form eines Stiefels?;de;True;Quel pays a la forme d'une botte ?;fr;True;;¿Qué país tiene forma de bota?;es;True;;;;;;;factual_aperturas;8
Retrieve the inventor of the first automobile.;L'inventeur du premier véhicule automobile est Karl Benz.;Karl Benz;Benz;"The inventor of the first automobile is widely credited to be Karl Benz, a German engineer. He designed and built the Benz Patent-Motorwagen in 1886, which is considered to be the first practical automobile.

Karl Benz was born on November 25, 1844, in Karlsruhe, Germany. He was a mechanical engineer and inventor who worked for various companies, including the Benz & Cie. company, which he founded in 1883. The Benz Patent-Motorw";False;False;0.9998;fr;en;True;True;False;True;True;Ruf den Erfinder des ersten Automobils ab.;de;True;Retrouvez l'inventeur de la première automobile.;fr;True;;Recupera al inventor del primer automóvil.;es;True;;;;;;;imperativo;8
Review where stars are born.;"""La Nébuleuse de la naissance des étoiles"" est un documentaire de 2011 réalisé par Alastair Fothergill et Ron Fricke, qui explore la formation et l'évolution des étoiles.

Le documentaire commence par une vue aérienne de la Nébuleuse de la naissance des étoiles, un amas de gaz et de poussière situé à environ 1 500 ans-lum";nebula;nebul|Nebel|nube molecular|nuage moleculaire|Molekulwolke;"""Where Stars Are Born"" is a 2018 American romantic drama film written and directed by Todd Haynes. The film is a loose adaptation of William Inge's 1956 play ""A Loss of Something Ever Lost"", which was itself inspired by the 1954 film ""A Star is Born"". Here's a review of the film:

**Plot**

The film follows the story of Jackson Maine (played by Bradley Cooper), a fading rock star who discovers a young singer-songwriter named Ally";False;False;0.9998;fr;en;True;True;False;False;True;Überprüfe, wo Sterne entstehen.;de;True;Revoyez où naissent les étoiles.;fr;True;;Revisa dónde nacen las estrellas.;es;True;;;;;;;imperativo_explicativo;6
How is silk produced?;"Le coton de soie, également appelé soie, est produit à partir de la coquille de la moule d'araignée, plus précisément de la coquille de la moule d'araignée de mullet (Serica luctuosa). Voici les étapes de la production de soie :

1. La coquille de la moule d'araignée est collectée et lavée pour enlever la terre et";silkworms;silkworm|vers a soie|ver a soie|gusano|Seidenraupe|baco da seta|bachi da seta|bicho-da-seda|bicho da seda|cocon|capullo|Kokon|bozzolo|casulo|Bombyx;"Silk production is a fascinating process that involves the harvesting of silk fibers from silkworms. Here's a step-by-step overview of how silk is produced:

**Sericulture: The Process of Raising Silkworms**

1. **Breeding**: Silkworms are bred in controlled environments, typically in greenhouses or specialized facilities. The breeding process involves mating silkworms to produce eggs.
2. **Hatching**: The eggs hatch into larvae, which are fed a";False;False;0.9998;fr;en;True;False;False;True;True;Wie wird Seide hergestellt?;de;True;Comment produit-on la soie ?;fr;True;;¿Cómo se produce la seda?;es;True;;;;;;;explicativa;5
Largest city in Canada?;La plus grande ville du Canada est Toronto.;Toronto;;The largest city in Canada is Toronto, Ontario. As of the 2021 census, the city has a population of approximately 2.7 million people.;False;False;0.9998;fr;en;True;True;False;True;True;Größte Stadt Kanadas?;de;True;Plus grande ville du Canada ?;fr;True;;¿Ciudad más grande de Canadá?;es;True;;;;;;;corta;6
Hmm, who first sailed from Europe to India?;"C'est un sujet intéressant! Le premier navigateur européen à avoir navigué vers l'Inde a été le marin vénitien Marco Polo, qui a voyagé jusqu'à la Chine et a rencontré le sultan de la Chine, Kublai Khan, au début du XIIIe siècle. Cependant, il n'a pas atteint l'Inde.

Le premier navigateur européen à avoir atteint l'Inde est généra";Vasco da Gama;Gama;The first recorded European to sail from Europe to India was Vasco da Gama, a Portuguese explorer. He set sail from Lisbon, Portugal on July 8, 1497, and arrived in Calicut (now Kozhikode), India on May 20, 1498. Da Gama's voyage was a historic moment in world exploration, as it marked the first time a European had successfully navigated the route from Europe to Asia, and it opened up new trade routes between;False;False;0.9998;fr;en;True;False;False;True;False;Hmm, wer segelte als Erster von Europa nach Indien?;de;True;Hum, qui a navigué le premier de l'Europe à l'Inde ?;fr;True;;Mmm, ¿quién navegó primero de Europa a la India?;es;True;;;;;;;conversacional;10
What is the capital of the United Kingdom?;Le capital de l'Union du Royaume-Uni est Londres.;London;Londres|Londra;The capital of the United Kingdom is London.;False;False;1.0;fr;en;True;True;False;True;True;Was ist die Hauptstadt des Vereinigten Königreichs?;de;True;Quelle est la capitale du Royaume-Uni?;fr;True;False;¿Cuál es la capital del Reino Unido?;es;True;;;;;;;factual_clasica;
Which instrument did Jimi Hendrix play?;Jimi Hendrix a joué principalement de la guitare électrique.;guitar;guitare|guitarra|Gitarre|chitarra;Jimi Hendrix was a legendary guitarist, and he played the electric guitar. In fact, he was known for his innovative and experimental playing style, which often incorporated feedback, distortion, and other unconventional techniques. He was particularly famous for playing the Fender Stratocaster, but he also played other guitars, including the Gibson Les Paul and the Fender Telecaster.;False;False;0.9989;fr;en;True;True;False;True;True;Welches Instrument spielte Jimi Hendrix?;de;True;De quel instrument jouait Jimi Hendrix ?;fr;True;;¿Qué instrumento tocaba Jimi Hendrix?;es;True;;;;;;;factual_aperturas;9
Supply the capital of Laos.;Vientiane est la capitale du Laos.;Vientiane;Vientian;The capital of Laos is Vientiane.;False;False;0.9998;fr;en;True;True;False;True;True;Liefere die Hauptstadt von Laos.;de;True;Fournissez la capitale du Laos.;fr;True;;Proporciona la capital de Laos.;es;True;;;;;;;imperativo;6
Clear up how black holes form.;"Les trous noirs! C'est un sujet fascinant qui intrigue les scientifiques et les amateurs de physique depuis des siècles. Je vais essayer de vous expliquer comment les trous noirs se forment.

**La formation d'un trou noir**

Un trou noir est créé lorsque une étoile massive s'effondre sous sa propre gravité. Lorsque l'étoile a fini sa vie, elle peut s'effondrer sous sa propre gravité";collapse;effondr|colaps|Kollaps|collass|contraccion|contraction|Kontraktion;"Black holes are among the most fascinating and mysterious objects in the universe. Here's a clear explanation of how they form:

**The Formation of a Black Hole**

A black hole is formed when a massive star collapses in on itself and its gravity becomes so strong that not even light can escape. This process occurs in several stages:

1. **Massive Star Death**: A massive star (at least 3-4 times the size of the sun) runs out of fuel and dies. The star's";False;False;0.9998;fr;en;True;True;False;True;True;Kläre, wie Schwarze Löcher entstehen.;de;True;Clarifiez la formation des trous noirs.;fr;True;;Aclara cómo se forman los agujeros negros.;es;True;;;;;;;imperativo_explicativo;7
How is paper made?;"Le papier est fabriqué à partir de plusieurs étapes. Voici une vue d'ensemble de la procédure :

1. **Extraction du papier** : les fibres végétales, telles que celles des arbres de séquoia ou des arbres de bambou, sont extraites de la forêt ou de la plantation.
2. **Pulperie** : les fibres sont moulues dans un mélange d";pulp;pulpe|pulpa|Zellstoff|polpa|cellulo|celulo|Zellulo;"Paper making is a fascinating process that involves transforming raw materials into a versatile and essential product. Here's a step-by-step overview of how paper is made:

**Raw Materials:**

* Wood logs or wood chips (from trees like spruce, pine, or fir)
* Recycled paper (from post-consumer waste)
* Chemicals (such as bleach, dyes, and sizing agents)
* Water

**The Paper Making Process:**

1. **Pulping:** The raw materials";False;False;0.9998;fr;en;True;True;False;True;True;Wie wird Papier hergestellt?;de;True;Comment fabrique-t-on le papier ?;fr;True;;¿Cómo se fabrica el papel?;es;True;;;;;;;explicativa;5
Largest city in Brazil?;Le plus grand ville du Brésil est São Paulo.;Sao Paulo;San Pablo;The largest city in Brazil is São Paulo.;False;False;0.9998;fr;en;True;True;False;True;True;Größte Stadt Brasiliens?;de;True;Plus grande ville du Brésil ?;fr;True;;¿Ciudad más grande de Brasil?;es;True;;;;;;;corta;6
Real quick: who directed Star Wars?;C'était George Lucas qui a réalisé Star Wars.;George Lucas;Lucas;The original Star Wars film, later subtitled Episode IV: A New Hope, was directed by George Lucas.;False;False;0.9998;fr;en;True;True;False;True;True;Ganz kurz: Wer drehte Krieg der Sterne?;de;True;Vite fait : qui a réalisé La Guerre des étoiles ?;fr;True;;Rapidito: ¿quién dirigió La guerra de las galaxias?;es;True;;;;;;;conversacional;8
Who composed the Brandenburg Concertos?;Les Brandebourgs sont des concertos composés par Johann Sebastian Bach.;Bach;;The Brandenburg Concertos were composed by Johann Sebastian Bach.;False;False;1.0;fr;en;True;True;False;True;True;Wer hat die Brandenburg-Konzerte komponiert?;de;True;Qui a composé les Concertos brandebourgeois ?;fr;True;False;¿Quién compuso los Conciertos de Brandenburgo?;es;True;;;;;;;factual_clasica;
Which bone is the longest in the body?;La osseuse la plus longue du corps est la colonne vertébrale.;femur;femore|Oberschenkel;The longest bone in the human body is the femur, also known as the thigh bone. It extends from the hip joint to the knee joint and can grow up to 19-20 inches (48-51 cm) in length in adults.;False;False;0.9998;fr;en;True;False;False;True;False;Welcher Knochen ist der längste im Körper?;de;True;Quel os est le plus long du corps ?;fr;True;;¿Qué hueso es el más largo del cuerpo?;es;True;;;;;;;factual_aperturas;9
State the capital of Georgia, the country.;La capitale de la Géorgie est Tbilissi.;Tbilisi;Tbilissi|Tiflis;The capital of Georgia, the country, is Tbilisi.;False;False;0.9998;fr;en;True;True;False;True;True;Nenne die Hauptstadt von Georgien, dem Land.;de;True;Indiquez la capitale de la Géorgie, le pays.;fr;True;;Indica la capital de Georgia, el país.;es;True;;;;;;;imperativo;9
Go over why Mars looks red.;"Mars est souvent appelé le ""Roi Rouge"" en raison de sa couleur distinctive. Mais pourquoi est-ce que Mars ressemble à un carreau de chocolat rouge?

La réponse se trouve dans la composition de la surface de Mars. La planète est composée principalement de roches et de sédiments de fer et de magnésium, qui sont riches en oxydes de fer. Lorsque ces oxydes de fer sont exposés à l'air, ils";iron oxide;rust|rouille|Rost|ruggine|ferrugem|oxyd|oxid|ossid|Eisenoxid;"The iconic red color of Mars! It's a fascinating topic that has captivated astronomers and space enthusiasts for centuries. So, let's dive into the reasons behind Mars' reddish hue.

**The Main Culprit: Iron Oxide**

The primary reason Mars appears red is due to the presence of iron oxide, also known as rust, in the planet's soil and rocks. Iron oxide is a common compound that forms when iron is exposed to oxygen and water. On Earth, we see iron oxide";False;False;0.9998;fr;en;True;True;False;True;True;Geh durch, warum der Mars rot aussieht.;de;True;Passez en revue la couleur rouge de Mars.;fr;True;;Repasa por qué Marte se ve rojo.;es;True;;;;;;;imperativo_explicativo;7
Where does natural rubber come from?;Le caoutchouc naturel provient principalement de la chaux du sud-est asiatique, notamment de la Malaisie, de la Thaïlande, du Cambodge et du Vietnam. Il est extrait des feuilles de la plante Hevea brasiliensis, également connue sous le nom de caoutchouc de brasilière.;latex;hevea|seringueira|caucho|Kautschuk;"Natural rubber is a fascinating material with a rich history.

Natural rubber is derived from the sap of the rubber tree (Hevea brasiliensis), which is native to the Amazon rainforest in South America. The tree is a member of the Euphorbiaceae family and is also known as the rubber tree or caucho.

The process of harvesting natural rubber is labor-intensive and involves several steps:

1. **Tapping**: Rubber tappers, also known as ""caucheros,""";False;False;0.9998;fr;en;True;True;False;True;True;Woher kommt Naturgummi?;de;True;D'où vient le caoutchouc naturel ?;fr;True;;¿De dónde viene la goma natural?;es;True;;;;;;;explicativa;7
Largest city in Turkey?;La plus grande ville de Turquie est Istanbul.;Istanbul;Estambul|Istambul;The largest city in Turkey is Istanbul.;False;False;0.9998;fr;en;True;True;False;True;True;Größte Stadt der Türkei?;de;True;Plus grande ville de Turquie ?;fr;True;;¿Ciudad más grande de Turquía?;es;True;;;;;;;corta;6
Okay, who sang Like a Prayer?;"C'est Madonna qui a chanté ""Like a Prayer"".";Madonna;;"The song ""Like a Prayer"" was performed by the one and only... Madonna! Released in 1989, it was a huge hit and one of Madonna's most iconic songs. Do you have a favorite Madonna song or album?";False;False;0.9515;fr;en;True;True;False;True;True;Okay, wer sang Like a Prayer?;de;True;Bon, qui a chanté Like a Prayer ?;fr;True;;Vale, ¿quién cantó Like a Prayer?;es;True;;;;;;;conversacional;8
What is the chemical symbol for nitrogen?;Le symbole chimique du nitrogène est N.;N;;The chemical symbol for nitrogen is N.;False;False;1.0;fr;en;True;True;False;True;True;Was ist das chemische Symbolzeichen für Stickstoff?;de;True;Quel est le symbole chimique de l'azote?;fr;True;False;¿Cuál es el símbolo químico del nitrógeno?;es;True;;;;;;;factual_clasica;
Where is the famous leaning tower?;La tour inclinée est célèbre à Pise, en Italie.;Pisa;Pise;"You're thinking of the famous Leaning Tower of Pisa!

The Leaning Tower of Pisa is located in Pisa, Italy. Specifically, it's situated in the Piazza dei Miracoli (Square of Miracles), in the heart of the city of Pisa, in the Tuscany region of Italy.

The tower is one of the most iconic landmarks in Italy and is known for its unintended tilt, which is caused by the soft ground it was built on. It's a";False;False;0.9998;fr;en;True;True;False;True;True;Wo steht der berühmte schiefe Turm?;de;True;Où se trouve la célèbre tour penchée ?;fr;True;;¿Dónde está la famosa torre inclinada?;es;True;;;;;;;factual_aperturas;7
Mention who composed The Blue Danube.;"Le ""Danube bleu"" a été composé par Johann Strauss fils, un compositeur autrichien.";Johann Strauss;Strauss;"A classic piece of music!

The Blue Danube Waltz was composed by Johann Strauss II, an Austrian composer and leader of the Strauss family of musicians. It was written in 1867 and is one of his most famous and iconic compositions.";False;False;0.9998;fr;en;True;True;False;True;True;Erwähne, wer An der schönen blauen Donau komponierte.;de;True;Mentionnez qui a composé Le Beau Danube bleu.;fr;True;;Menciona quién compuso El Danubio azul.;es;True;;;;;;;imperativo;9
Detail why Venus is so hot.;"Vénus est une planète très chaude, avec une température moyenne de 462°C à la surface. Il y a plusieurs raisons qui expliquent cette chaleur exceptionnelle :

1. **Atmosphère épaisse** : La atmosphère de Vénus est très dense et composée principalement d'azote et de dioxyde de carbone. Cette atmosphère épaisse trappe la chaleur du soleil, cré";greenhouse;serre|invernadero|Treibhaus|estufa|effetto serra|CO2|dioxyde de carbone|dioxido de carbono|Kohlendioxid;"Venus, often referred to as Earth's twin due to its similar size and mass, is actually the hottest planet in our solar system. The surface temperature of Venus reaches as high as 462°C (863°F), making it the hottest planet in the solar system. Here are some reasons why Venus is so hot:

1. **Thick Atmosphere**: Venus has a thick atmosphere composed mainly of carbon dioxide (CO2), which is a potent greenhouse gas. This atmosphere traps heat from the sun";False;False;0.9998;fr;en;True;True;False;True;True;Erläutere genau, warum die Venus so heiß ist.;de;True;Détaillez pourquoi Vénus est si chaude.;fr;True;;Detalla por qué Venus es tan caliente.;es;True;;;;;;;imperativo_explicativo;7
How is leather made?;"Le cuir est un matériau obtenu à partir de la peau d'animaux, généralement des vaches, des chevaux ou des moutons. Voici les étapes de la fabrication du cuir :

1. **Tannerie** : La première étape consiste à dépecer les animaux et à extraire la peau. Les peaux sont ensuite traitées avec des produits chimiques pour les dégraisser et les dégra";tanning;tann|curti|Gerb|concia;"Leather is made from animal hides, typically from cows, pigs, sheep, goats, or other mammals. The process of making leather involves several steps:

1. **Tanning**: The first step in making leather is to tan the animal hide. Tanning involves treating the hide with tannins, which are natural compounds found in plants or synthetic chemicals. Tannins help to stabilize the hide, prevent decay, and give it a more durable and water-resistant finish.
2. **Soaking";False;False;0.9998;fr;en;True;True;False;True;True;Wie wird Leder hergestellt?;de;True;Comment fabrique-t-on le cuir ?;fr;True;;¿Cómo se fabrica el cuero?;es;True;;;;;;;explicativa;5
Largest city in Morocco?;La plus grande ville du Maroc est Casablanca.;Casablanca;;The largest city in Morocco is Casablanca.;False;False;0.9998;fr;en;True;True;False;True;True;Größte Stadt Marokkos?;de;True;Plus grande ville du Maroc ?;fr;True;;¿Ciudad más grande de Marruecos?;es;True;;;;;;;corta;6
Hi! Who created Tintin?;Bonjour! Tintin a été créé par le célèbre dessinateur et écrivain belge Hergé (Henri-René Albert Guy-Edmond Schelléens). Il a créé la série de bandes dessinées Tintin en 1929 et a continué à la développer jusqu'à sa mort en 1983.;Herge;;"A great question about a legendary character!

Tintin was created by the Belgian cartoonist Georges Remi, better known by his pen name, Hergé. Hergé is widely regarded as one of the most influential and successful comic book creators of all time, and Tintin is arguably his most famous and iconic creation.

Hergé wrote and illustrated the Tintin series, which debuted in 1929 and went on to become a global phenomenon, with over 200 million copies";False;False;0.9998;fr;en;True;True;False;True;True;Hallo! Wer hat Tim und Struppi erschaffen?;de;True;Salut ! Qui a créé Tintin ?;fr;True;;¡Hola! ¿Quién creó a Tintín?;es;True;;;;;;;conversacional;8
What is the capital of Denmark?;La capitale du Danemark est Copenhague.;Copenhagen;Copenhague|Kopenhagen|Copenaghen|Copenhaga;The capital of Denmark is Copenhagen (also known as København in Danish).;False;False;1.0;fr;en;True;True;False;True;True;Was ist die Hauptstadt von Dänemark?;de;True;Quelle est la capitale du Danemark?;fr;True;False;¿Cuál es la capital de Dinamarca?;es;True;;;;;;;factual_clasica;
Where is Michelangelo's David displayed?;Michel-Ange's David est exposé au Musée du Louvre à Paris.;Florence;Florencia|Florenz|Firenze|Florenca;"Michelangelo's famous sculpture, ""David"", is displayed at the Galleria dell'Accademia in Florence, Italy. Specifically, it is housed in the museum's main hall, where it is seen by millions of visitors each year. The Galleria dell'Accademia is a museum dedicated to the art and history of Florence, and ""David"" is considered one of its crown jewels.";False;False;0.9998;fr;en;True;False;False;True;False;Wo ist Michelangelos David ausgestellt?;de;True;Où le David de Michel-Ange est-il exposé ?;fr;True;;¿Dónde se exhibe el David de Miguel Ángel?;es;True;;;;;;;factual_aperturas;8
Indicate the founder of Amazon.;Le fondateur d'Amazon est Jeff Bezos.;Jeff Bezos;Bezos;The founder of Amazon is Jeff Bezos.;False;False;0.9998;fr;en;True;True;False;True;True;Gib den Gründer von Amazon an.;de;True;Indiquez le fondateur d'Amazon.;fr;True;;Señala al fundador de Amazon.;es;True;;;;;;;imperativo;7
Unpack what causes meteor showers.;"Les météorites sont des particules de débris qui entrent dans l'atmosphère terrestre, généralement provenant d'un astéroïde ou d'une comète. Les météorites sont causées par des phénomènes naturels qui se produisent dans notre système solaire.

Voici quelques-unes des causes principales des météorites :

1. **Les débris d'astéroïdes** : Les ast";comet;Komet;"Meteor showers are a spectacular display of shooting stars that occur when the Earth passes through a trail of comet or asteroid debris. Here's a breakdown of what causes meteor showers:

**The Main Players:**

1. **Comets**: Comets are icy bodies that originate from the outer Solar System. As they approach the Sun, they release gas and dust, creating a trail of debris behind them.
2. **Asteroids**: Asteroids are rocky objects that orbit the Sun. Some asteroids are thought";False;False;0.9998;fr;en;True;True;False;True;True;Schlüssle auf, was Sternschnuppenschauer verursacht.;de;True;Décortiquez ce qui provoque les pluies de météores.;fr;True;;Desmenuza qué causa las lluvias de meteoros.;es;True;;;;;;;imperativo_explicativo;7
How does cotton become thread?;"Le coton devient une fibre pour créer des fils. Voici les étapes générales :

1. **Récolte du coton** : Le coton est récolté à partir des plantes de coton, généralement à la main ou avec des machines spécifiques.
2. **Lavage et séchage** : Les bolls (les fruits de la plante de coton) sont lavés et séchés pour enlever la terre et";spinning;filag|hilad|hilar|Spinn|filatur|fiac;"Cotton thread is made from cotton fibers that are processed into a usable form for sewing and other textile applications. Here's a step-by-step overview of how cotton becomes thread:

1. **Cotton Harvesting**: Cotton is harvested from cotton plants, typically through a process called ginning, where the cotton fibers are separated from the seeds and other debris.
2. **Carding**: The harvested cotton is then carded, which involves brushing the fibers to align them in the same direction. This process";False;False;0.9998;fr;en;True;False;False;False;True;Wie wird Baumwolle zu Garn?;de;True;Comment le coton devient-il du fil ?;fr;True;;¿Cómo se convierte el algodón en hilo?;es;True;;;;;;;explicativa;6
Fastest fish?;Le poisson le plus rapide est le saumon, qui peut atteindre des vitesses de jusqu'à 70 km/h. Cependant, le record du poisson le plus rapide est tenu par le saumon atlantique, qui peut atteindre des vitesses de jusqu'à 80 km/h.;sailfish;marlin|voilier|pez vela|Facherfisch|pesce vela|peixe-vela|peixe vela;"The fastest fish in the ocean is the Sailfish (Istiophoridae). They can reach speeds of up to:

**68 miles per hour (110 kilometers per hour)**

That's almost as fast as a car on the highway! Sailfish are able to achieve such high speeds due to their streamlined bodies, powerful caudal fins, and the ability to swim in a straight line.

Would you like to know more about sailfish or other fast fish?";False;False;0.9998;fr;en;True;False;False;True;False;Schnellster Fisch?;de;True;Poisson le plus rapide ?;fr;True;;¿Pez más rápido?;es;True;;;;;;;corta;4
So, who created The Simpsons?;C'est Matt Groening qui a créé les Simpson. Il est un dessinateur et scénariste américain, connu pour son travail sur les séries télévisées d'animation, notamment The Simpsons, qui a été diffusée pour la première fois en 1989.;Matt Groening;Groening;"A great question about America's favorite animated family!

The Simpsons was created by Matt Groening, an American cartoonist, writer, and producer. Groening is credited with developing the concept, characters, and style of the show, which premiered on December 17, 1989.

Groening was inspired by his own family and childhood experiences when creating the characters. He named the main characters after his own family members: Homer (his father), Marge (his mother), Bart (his younger brother";False;False;0.9998;fr;en;True;True;False;True;True;Also, wer hat Die Simpsons erfunden?;de;True;Alors, qui a créé Les Simpson ?;fr;True;;Entonces, ¿quién creó Los Simpson?;es;True;;;;;;;conversacional;7
Who founded psychoanalysis?;Le psychoanalysé a été fondé par Sigmund Freud.;Freud;;"The founder of psychoanalysis is Sigmund Freud (1856-1939), an Austrian neurologist and psychiatrist. Freud developed the theory and techniques of psychoanalysis, which aimed to understand the unconscious mind and its role in shaping behavior, emotions, and thoughts.

Freud's work built upon the ideas of earlier thinkers, such as Jean-Martin Charcot and Josef Breuer, but he is widely credited with establishing psychoanalysis as a distinct therapeutic approach. His key concepts, including the structure";False;False;1.0;fr;en;True;True;False;True;True;Wer hat Psychoanalyse gegründet?;de;True;Qui a fondé la psychanalyse?;fr;True;False;¿Quién fundó la psicoanálisis?;unknown;True;;;;;;;factual_clasica;
Where were the Hanging Gardens said to be?;Les jardins suspendus étaient dit à être à Babylone, en Mésopotamie.;Babylon;Babilonia;"A famous question!

The Hanging Gardens of Babylon are one of the Seven Wonders of the Ancient World, and their exact location is still a topic of debate among historians and archaeologists.

According to ancient sources, the Hanging Gardens were said to be located in Babylon, which was a city in present-day Iraq. The gardens were described as a beautiful and lush oasis in the middle of the desert, with trees and flowers that seemed to be ""hanging"" in mid-air.

However, many scholars believe";False;False;0.9998;fr;en;True;True;False;True;True;Wo sollen die Hängenden Gärten gewesen sein?;de;True;Où se trouvaient, dit-on, les jardins suspendus ?;fr;True;;¿Dónde se decía que estaban los Jardines Colgantes?;es;True;;;;;;;factual_aperturas;9
Recall who painted The Third of May.;"L'œuvre ""Le 3 mai"" a été peinte par le peintre espagnol Francisco Goya.";Goya;;"The painting ""The Third of May 1808"" is a famous work by the Spanish artist Francisco Goya. It was created in 1814, after the Spanish War of Independence against Napoleon's forces, and depicts the execution of Spanish civilians by French soldiers on May 3, 1808. The painting is considered one of Goya's most powerful and expressive works, and is widely regarded as a masterpiece of Spanish art.";False;False;0.9998;fr;en;True;True;False;True;True;Erinnere dich, wer Der dritte Mai gemalt hat.;de;True;Rappelez qui a peint Tres de Mayo.;fr;True;;Recuerda quién pintó El tres de mayo.;es;True;;;;;;;imperativo;9
Run through what Jupiter's Great Red Spot is.;"Je vais vous expliquer ce qui est le Grand Cirque rouge de Jupiter.

Le Grand Cirque rouge de Jupiter est une tempête géante qui se trouve sur la planète Jupiter. Il s'agit d'une vaste région de circulation atmosphérique qui a été observée depuis des siècles. Cette tempête est d'environ 25 000 kilomètres de diamètre, ce qui est plus grand que la Terre!

La tempête est caractérisée par une";storm;tempete|tormenta|Sturm|tempest;"The Great Red Spot (GRS) is a persistent anticyclonic storm on Jupiter, which has been raging for centuries. Here's a rundown of this incredible phenomenon:

**What is the Great Red Spot?**

The Great Red Spot is a massive storm on Jupiter, measuring approximately 10,000 kilometers (6,200 miles) in diameter, making it larger than Earth in diameter. It's a high-pressure region with clockwise rotation, surrounded by strong winds that can reach speeds of up to";False;False;0.9998;fr;en;True;True;False;True;True;Geh kurz durch, was der Große Rote Fleck des Jupiter ist.;de;True;Parcourez ce qu'est la Grande Tache rouge de Jupiter.;fr;True;;Recorre qué es la Gran Mancha Roja de Júpiter.;es;True;;;;;;;imperativo_explicativo;10
Why do leaves look green?;Les feuilles ressemblent-elles au vert parce qu'elles contiennent une substance appelée chlorophylle. La chlorophylle est responsable de la photosynthèse, qui est le processus par lequel les plantes produisent leur propre nourriture à partir de l'énergie du soleil. La chlorophylle est une couleur verte et elle absorbe la plupart de la lumière du soleil, ce qui donne aux feuilles;chlorophyll;chlorophyl|clorofil;"Leaves look green because of a pigment called chlorophyll. Chlorophyll is a green pigment that helps plants absorb sunlight, which is necessary for photosynthesis. Photosynthesis is the process by which plants convert sunlight, water, and carbon dioxide into glucose and oxygen.

Chlorophyll is present in the cells of leaves and is responsible for absorbing the blue and red parts of the visible light spectrum, but reflecting the green part. This is why leaves appear green to our eyes.

In addition to";False;False;0.9998;fr;en;True;True;False;True;True;Warum sehen Blätter grün aus?;de;True;Pourquoi les feuilles paraissent-elles vertes ?;fr;True;;¿Por qué las hojas se ven verdes?;es;True;;;;;;;explicativa;6
Largest reptile?;Le reptile le plus grand est le crocodile du Nil, qui peut atteindre jusqu'à 7 mètres de longueur et peser jusqu'à 1 000 kilogrammes.;saltwater crocodile;crocodile|cocodrilo|Krokodil|coccodrillo|crocodilo;The largest reptile is the saltwater crocodile (Crocodylus porosus). On average, an adult saltwater crocodile can grow up to 23 feet (7 meters) in length and weigh around 1,000 pounds (450 kilograms). However, some individuals have been known to reach lengths of over 25 feet (7.6 meters) and weigh as much as 2,200 pounds (1,000 kilograms).;False;False;0.9998;fr;en;True;True;False;True;True;Größtes Reptil?;de;True;Plus grand reptile ?;fr;True;;¿Reptil más grande?;es;True;;;;;;;corta;5
Honestly, who found the Titanic wreck?;En réalité, c'est une équipe de chercheurs américains et britanniques qui ont découvert le wreck du Titanic en 1985. L'équipe était dirigée par Robert Ballard, un oceanographe américain, et son collègue, Jean-Louis Michel, un ingénieur français. Ils ont utilisé une sonde sous-marine baptisée Argo pour localiser et explorer le wreck. Le 1er septembre 1985,;Ballard;;"The discovery of the Titanic wreck is a fascinating story. The wreck was discovered on September 1, 1985, by a team led by Dr. Robert Ballard, a marine geologist and oceanographer. Ballard was part of a joint American-French expedition sponsored by the National Geographic Society and the French National Center for Scientific Research (CNRS).

The team used a combination of advanced sonar and submersible vehicles to locate and explore the wreck. The discovery was made in the North Atlantic Ocean";False;False;0.9998;fr;en;True;True;False;True;True;Ehrlich gesagt: Wer fand das Wrack der Titanic?;de;True;Franchement, qui a retrouvé l'épave du Titanic ?;fr;True;;Sinceramente, ¿quién encontró los restos del Titanic?;es;True;;;;;;;conversacional;8
What is the speed of light in vacuum in kilometers per second, rounded?;La vitesse de la lumière dans le vide est d'environ 300 000 kilomètres par seconde.;300000;300 000|300.000|300,000|299 792|299.792|299,792|299792|299,79|299.79;The speed of light in a vacuum is approximately 299,792 kilometers per second.;False;False;1.0;fr;en;True;True;False;False;True;Was ist die Geschwindigkeit des Lichts im Vakuum in Kilometern pro Sekunde, gerundet?;de;True;Quelle est la vitesse de la lumière dans le vide en kilomètres par seconde, arrondie?;fr;True;True;¿Cuál es la velocidad de la luz en vacío en kilómetros por segundo, redondeada?;es;True;Qual è la velocità della luce nel vuoto in chilometri al secondo, arrotondata?;it;True;Qual é a velocidade da luz no vácuo em quilômetros por segundo, arredondada?;pt;True;factual_clasica;
Who authored The Communist Manifesto?;Le manifeste communiste a été écrit par Karl Marx et Friedrich Engels.;Marx;Engels;The Communist Manifesto was authored by Karl Marx and Friedrich Engels.;False;False;0.9998;fr;en;True;True;False;True;True;Wer verfasste das Kommunistische Manifest?;de;True;Qui a rédigé le Manifeste du parti communiste ?;fr;True;;¿Quién escribió el Manifiesto comunista?;es;True;Chi scrisse il Manifesto del Partito Comunista?;it;True;Quem escreveu o Manifesto Comunista?;pt;True;factual_aperturas;7
Reveal the largest lake in South America.;Le plus grand lac d'Amérique du Sud est le lac Titicaca.;Titicaca;Maracaibo;The largest lake in South America is Lake Titicaca, which is located on the border between Peru and Bolivia. It has a surface area of approximately 8,372 square kilometers (3,225 square miles) and an average depth of about 281 meters (925 feet).;False;False;0.9998;fr;en;True;True;False;True;True;Verrate den größten See Südamerikas.;de;True;Révélez le plus grand lac d'Amérique du Sud.;fr;True;;Revela el lago más grande de Sudamérica.;es;True;Rivela il lago più grande del Sud America.;it;True;Revele o maior lago da América do Sul.;pt;True;imperativo;9
Lay out how the Moon formed.;"La formation de la Lune est un sujet fascinant qui a été étudié par les scientifiques pendant des siècles. Voici une vue d'ensemble de la théorie la plus acceptée :

**La théorie de la formation de la Lune**

Selon la théorie la plus acceptée, la Lune a été formée il y a environ 4,5 milliards d'années, à la même époque que la Terre. Il y";collision;collisi|colisi|Kollision|Theia|impact|impatt;"The formation of the Moon is a complex and still somewhat debated topic in the field of astrophysics. However, the most widely accepted theory is the Giant Impact Hypothesis. Here's a simplified overview of how the Moon is thought to have formed:

**The Giant Impact Hypothesis**

About 4.5 billion years ago, when the solar system was still in its early stages of formation, the Sun was much smaller and the planets were still in the process of accreting (g";False;False;0.9998;fr;en;True;False;False;True;True;Leg dar, wie der Mond entstand.;de;True;Exposez la formation de la Lune.;fr;True;;Expón cómo se formó la Luna.;es;True;Esponi come si è formata la Luna.;it;True;Exponha como a Lua se formou.;pt;True;imperativo_explicativo;8
How does the eye focus light?;"L'œil se concentre la lumière grâce à un système complexe de muscles et de structures anatomiques. Voici les étapes clés :

1. La lumière pénètre dans l'œil à travers la cornée, qui est la couche transparente qui recouvre la surface de l'œil.
2. La lumière est ensuite réfléchie vers l'intérieur de l'œil par la cornée et la membrane conjonct";lens;cristallin|cristalino|Linse|lente|cornee|cornea|Hornhaut|lentille;"The eye focuses light through a complex process involving multiple structures and mechanisms. Here's a simplified explanation:

**The Structure of the Eye**

The eye consists of several layers, including:

1. **Cornea**: The transparent outer layer of the eye that helps focus light.
2. **Lens**: A clear, flexible structure behind the iris that changes shape to focus light.
3. **Iris**: The colored part of the eye that controls the amount of light entering the eye.
4. **P";False;False;0.9998;fr;en;True;True;False;True;True;Wie bündelt das Auge Licht?;de;True;Comment l'œil concentre-t-il la lumière ?;fr;True;;¿Cómo enfoca la luz el ojo?;es;True;Come mette a fuoco la luce l'occhio?;it;True;Como o olho foca a luz?;pt;True;explicativa;7
Tallest tree species?;"Les espèces de arbres les plus hauts sont généralement des conifères. Voici quelques-unes des plus hautes espèces de arbres :

* Le séquoia géant (Sequoiadendron giganteum) peut atteindre jusqu'à 115 mètres de hauteur.
* Le cèdre géant (Sequoia sempervirens) peut atteindre jusqu'à 115 mètres de hauteur.
* Le cèdre";redwood;sequoia|secuoya|Mammutbaum;"Here are some of the tallest tree species in the world:

1. **Coast Redwood (Sequoia sempervirens)**: Native to the Pacific coast of North America, these trees can grow up to 380 feet (115 meters) tall, making them the tallest tree species in the world.
2. **Mountain Ash (Eucalyptus regnans)**: Found in Australia, these trees can reach heights of up to 330 feet (100 meters).
3.";False;False;0.9998;fr;en;True;True;False;True;True;Höchste Baumart?;de;True;Espèce d'arbre la plus haute ?;fr;True;;¿Especie de árbol más alta?;es;True;Specie di albero più alta?;it;True;Espécie de árvore mais alta?;pt;True;corta;5
Wait, who proposed continental drift?;C'est Alfred Wegener, un scientifique allemand, qui a proposé la théorie du dérive continentale en 1912. Il a observé que les continents avaient des formes et des bordures similaires, et qu'ils semblaient être en mouvement par rapport les uns aux autres. Il a également noté que les continents avaient des roches et des minéraux similaires, ce qui suggérait une origine commune.;Wegener;;"The concept of continental drift was first proposed by Alfred Wegener, a German meteorologist and geophysicist, in 1912. Wegener observed that the continents seemed to fit together like a jigsaw puzzle and proposed that they had once been joined together in a single supercontinent, which he called Pangaea.

Wegener's theory was based on several lines of evidence, including:

1. The fit of the continents: Wegener noticed that the continents seemed to fit together like a j";False;False;0.9998;fr;en;True;True;False;True;True;Moment, wer stellte die Theorie der Kontinentaldrift auf?;de;True;Attends, qui a proposé la dérive des continents ?;fr;True;;Espera, ¿quién propuso la deriva continental?;es;True;Aspetta, chi propose la deriva dei continenti?;it;True;Espera, quem propôs a deriva continental?;pt;True;conversacional;7
In what year did the Islamic Revolution take place in Iran?;La Révolution islamique en Iran a eu lieu en 1979.;1979;;The Islamic Revolution in Iran took place in 1979. It began on January 16, 1979, with the death of Shah Mohammad Reza Pahlavi, and culminated in the establishment of the Islamic Republic of Iran on April 1, 1979.;False;False;1.0;fr;en;True;True;False;True;True;In welchem Jahr fand die islamische Revolution im Iran statt?;de;True;Quel an a eu lieu la révolution islamique en Iran?;fr;True;False;¿En qué año tuvo lugar la Revolución Islámica en Irán?;unknown;True;In che anno ebbe luogo la Rivoluzione islamica in Iran?;it;True;Em que ano ocorreu a Revolução Islâmica no Irã?;pt;True;factual_clasica;
Who invented the electric battery?;C'est Alessandro Volta qui a inventé la pile électrique, également connue sous le nom de pile Voltaïque. Elle a été inventée en 1800 et a été la première source d'énergie électrique.;Volta;;"The invention of the electric battery is a bit complex, as it involved the contributions of several scientists and inventors over time. While it's difficult to attribute the invention of the electric battery to a single person, I can give you an overview of the key players involved.

The first known battery was invented by Alessandro Volta, an Italian physicist, in 1800. Volta's battery, known as the Voltaic pile, consisted of stacked discs of copper and zinc separated by cardboard soaked";False;False;0.9998;fr;en;True;True;False;True;True;Wer erfand die elektrische Batterie?;de;True;Qui a inventé la pile électrique ?;fr;True;;¿Quién inventó la pila eléctrica?;es;True;Chi inventò la pila elettrica?;it;True;Quem inventou a pilha elétrica?;pt;True;factual_aperturas;6
Pinpoint the capital of Armenia.;La capitale de l'Arménie est Yèrevan (ou Erevan).;Yerevan;Erevan|Eriwan|Ierevan|Jerewan;The capital of Armenia is Yerevan.;False;False;0.9998;fr;en;True;True;False;True;True;Bestimme die Hauptstadt Armeniens genau.;de;True;Situez la capitale de l'Arménie.;fr;True;;Ubica la capital de Armenia.;es;True;Individua la capitale dell'Armenia.;it;True;Aponte a capital da Armênia.;pt;True;imperativo;7
Account for how caves form.;"Les grottes sont des formations naturelles qui se forment à partir de processus géologiques qui se déroulent sur des milliers d'années. Voici les étapes clés de leur formation :

1. **Érosion des roches** : Les roches solides, comme le calcaire, le dolomite ou le grès, sont soumises à l'érosion par l'eau, le vent ou les glaciers. Les agents";limestone;calcai|caliz|Kalk|calcar|Karst;"Cave formation is a fascinating geological process that involves the erosion of soluble rocks by water. Here's a step-by-step explanation of how caves form:

**Stage 1: Karst Topography**
Cave formation begins with the presence of soluble rocks, such as limestone, dolomite, and gypsum. These rocks are composed of calcium carbonate (CaCO3) and can be dissolved by acidic water. Over time, the rock is eroded by the water, creating a network of underground passages and";False;False;0.9998;fr;en;True;True;False;True;True;Begründe, wie Höhlen entstehen.;de;True;Rendez compte de la formation des grottes.;fr;True;;Da cuenta de cómo se forman las cuevas.;es;True;Rendi conto di come si formano le grotte.;it;True;Dê conta de como as cavernas se formam.;pt;True;imperativo_explicativo;6
How do glaciers form?;"Les glaciers se forment généralement à partir de la fonte de neige et de glace qui se dépose dans des régions à haute altitude, souvent dans les montagnes. Voici les étapes clés de la formation d'un glacier :

1. La neige se dépose dans les régions à haute altitude, où elle est protégée des vents et des tempêtes.
2. La neige se transforme en glace à mesure qu'elle est expos";snow;neige|nieve|Schnee|neve;"Glaciers are fascinating natural wonders that play a crucial role in shaping our planet's landscape. Here's a step-by-step explanation of how glaciers form:

**The Formation of Glaciers**

1. **Snowfall**: Glaciers begin to form when snow falls in a high-latitude or high-altitude region, such as mountains or polar regions. The snow accumulates and compresses over time.
2. **Compaction**: As more snow falls, the existing snow is compressed by the";False;False;0.9998;fr;en;True;True;False;True;True;Wie entstehen Gletscher?;de;True;Comment se forment les glaciers ?;fr;True;;¿Cómo se forman los glaciares?;es;True;Come si formano i ghiacciai?;it;True;Como se formam as geleiras?;pt;True;explicativa;5
Largest fish?;Le poisson le plus grand est le baleine-nageur (Rhincodon typus). Il peut atteindre jusqu'à 20 mètres de long et peser jusqu'à 180 tonnes.;whale shark;requin-baleine|requin baleine|tiburon ballena|Walhai|squalo balena|tubarao-baleia|tubarao baleia;"The largest fish in the world is the whale shark (Rhincodon typus). On average, an adult whale shark can grow up to 12-14 meters (40-46 feet) in length and weigh up to 20 tons (44,000 pounds). However, the largest recorded whale shark was 20.7 meters (68 feet) long and weighed around 34 tons (75,000 pounds).

Despite its massive size, the whale shark is a gentle giant that feeds on plank";False;False;0.9998;fr;en;True;False;False;True;False;Größter Fisch?;de;True;Plus grand poisson ?;fr;True;;¿Pez más grande?;es;True;Pesce più grande?;it;True;Maior peixe?;pt;True;corta;4
Sorry, who first split the atom?;C'est une question intéressante! Le premier à avoir réussi à spliter l'atome était Ernest Rutherford, un physicien néo-zélandais. En 1917, il a mené une expérience dans lequel il a utilisé une charge positive pour attirer les protons dans un noyau d'uranium, créant ainsi une réaction nucléaire. C'est une étape importante dans l'histoire de la physique nucl;Rutherford;Cockcroft|Walton|Hahn|Meitner;"The discovery of the atom's splitting, also known as nuclear fission, is a bit of a complex story. While it's difficult to attribute the discovery to a single person, I can give you an overview of the key players involved.

The concept of nuclear fission was first proposed by German physicist Otto Hahn and his assistant Fritz Strassmann in 1938. They discovered that when uranium-235 (U-235) was bombarded with neutrons, it split into barium and";False;False;0.9998;fr;en;True;True;False;True;True;Entschuldigung, wer hat als Erster das Atom gespalten?;de;True;Pardon, qui a été le premier à briser l'atome ?;fr;True;;Perdona, ¿quién dividió el átomo por primera vez?;es;True;Scusa, chi divise per primo l'atomo?;it;True;Desculpa, quem dividiu o átomo pela primeira vez?;pt;True;conversacional;8
What is the capital of Nigeria?;Le capital de la Nigeria est Abidjan, mais c'est une erreur, car Abidjan est la capitale de la Côte d'Ivoire. La capitale de la Nigeria est en fait Abuja.;Abuja;;The capital of Nigeria is Abuja.;False;False;1.0;fr;en;True;True;False;True;True;Was ist die Hauptstadt von Nigeria?;de;True;Quelle est la capitale du Nigeria?;fr;True;False;¿Cuál es la capital de Nigeria?;es;True;Qual è la capitale della Nigeria?;it;True;Qual é a capital da Nigéria?;pt;True;factual_clasica;
Who first measured Earth's circumference?;C'est Eratosthène qui a mesuré la circonférence de la Terre pour la première fois. Il a estimé que la circonférence de la Terre était d'environ 40 000 kilomètres, ce qui était une estimation très proche de la réalité.;Eratosthenes;Eratosthene|Eratostenes|Eratostene;"The ancient Greek mathematician Eratosthenes is credited with being the first person to accurately measure the Earth's circumference. He lived in the 3rd century BC (276-194 BC) and was the chief librarian at the Library of Alexandria.

Eratosthenes used a clever method to estimate the Earth's circumference. He noticed that at the summer solstice, the Sun was directly overhead at noon in the city of Syene (modern-day Aswan in Egypt), which is located";False;False;0.9998;fr;en;True;True;False;True;True;Wer maß als Erster den Erdumfang?;de;True;Qui a mesuré le premier la circonférence de la Terre ?;fr;True;;¿Quién midió por primera vez la circunferencia de la Tierra?;es;True;Chi misurò per primo la circonferenza della Terra?;it;True;Quem mediu pela primeira vez a circunferência da Terra?;pt;True;factual_aperturas;7
Locate the birthplace of tango.;Le tango est né à Buenos Aires, en Argentine. Plus précisément, il est né dans les quartiers populaires de la ville, tels que San Telmo et La Boca, où les immigrants européens, notamment des Italiens et des Espagnols, ont créé des communautés et des milieux artistiques qui ont influencé le développement du tango.;Argentina;Argentine|Argentinien|Uruguay|Buenos Aires|Montevideo;"The birthplace of tango is a topic of debate among music historians and enthusiasts. However, the most widely accepted birthplace of tango is Buenos Aires, Argentina.

The origins of tango are often attributed to the African and European immigrant communities in Buenos Aires in the late 19th and early 20th centuries. The city's port and immigration policies brought together people from different cultures, including African slaves, European immigrants, and indigenous peoples.

The tango style is believed to have emerged in";False;False;0.9998;fr;en;True;True;False;True;True;Finde den Geburtsort des Tangos.;de;True;Localisez le berceau du tango.;fr;True;;Localiza la cuna del tango.;es;True;Localizza il luogo di nascita del tango.;it;True;Localize o berço do tango.;pt;True;imperativo;9
Shed light on how Hawaii's islands formed.;"Les îles de Hawaï ont une histoire fascinante de formation. Voici les détails :

Les îles de Hawaï sont le résultat d'une activité volcanique intense qui a eu lieu il y a environ 40 millions d'années. La formation des îles est attribuée à la collision entre le plongeon océanique de la plaque tectonique du Pacifique et la plaque tectonique nord-américaine.

Vo";volcanoes;volcan|vulkan|vulcan|hotspot|point chaud|punto caliente|punto caldo|ponto quente;"The formation of Hawaii's islands is a fascinating geological story that involves volcanic activity, plate tectonics, and the movement of the Earth's crust. Here's a brief overview:

**The Hawaiian-Emperor Seamount Chain**

Hawaii is part of a larger chain of volcanoes known as the Hawaiian-Emperor Seamount Chain. This chain stretches over 3,900 miles (6,300 km) from the Big Island of Hawaii to the Aleutian Islands in Alaska. The";False;False;0.9998;fr;en;True;True;False;True;True;Beleuchte, wie die Inseln Hawaiis entstanden.;de;True;Éclairez la formation des îles d'Hawaï.;fr;True;;Arroja luz sobre cómo se formaron las islas de Hawái.;es;True;Fai luce su come si sono formate le isole Hawaii.;it;True;Lance luz sobre como as ilhas do Havaí se formaram.;pt;True;imperativo_explicativo;10
How do hurricanes get their energy?;Les ouragans obtiennent leur énergie de la chaleur de la mer. Lorsque le soleil chauffe l'eau de la mer, il crée une température élevée qui se propage dans l'air environnant. Cela fait monter l'air chaud, qui se refroidit et se condense, formant des nuages. Lorsque les nuages se rassemblent et se forment des cumulons, ils cré;warm water;eau chaude|agua caliente|warmes Wasser|acqua calda|agua quente|evapor|chaleur de la mer|chaleur de l'ocean|Warme des Ozeans|calor del oceano|calor del mar|agua calida;"Hurricanes get their energy from the warm waters of the ocean. Here's a simplified explanation:

1. **Warm ocean waters**: Hurricanes need warm ocean waters (at least 26.5°C or 80°F) to form and maintain their strength. These warm waters heat the air above them, causing it to rise and create an area of low pressure.
2. **Evaporation and condensation**: As the warm air rises, it cools, and the water vapor in the air condenses";False;False;0.9998;fr;en;True;True;False;True;True;Woher beziehen Hurrikane ihre Energie?;de;True;D'où les ouragans tirent-ils leur énergie ?;fr;True;;¿De dónde obtienen su energía los huracanes?;es;True;Da dove prendono l'energia gli uragani?;it;True;De onde os furacões tiram sua energia?;pt;True;explicativa;7
Slowest mammal?;Le mammifère le plus lent est le manchot à poils, qui peut marcher à une vitesse moyenne de 0,25 m/s.;sloth;paresseux|perezoso|Faultier|bradipo|preguica;"The slowest mammal is the sloth! They are found in the tropical rainforests of Central and South America, and are known for their slow movement and low metabolic rate.

On average, a sloth moves at a pace of about 0.15 miles per hour (0.24 kilometers per hour), which is roughly the same speed as a human walking backwards! They spend most of their time resting, eating, and sleeping, and can even spend up to 20 hours a day";False;False;0.9998;fr;en;True;False;False;True;False;Langsamstes Säugetier?;de;True;Mammifère le plus lent ?;fr;True;;¿Mamífero más lento?;es;True;Mammifero più lento?;it;True;Mamífero mais lento?;pt;True;corta;5
Be honest: who wrote The Canterbury Tales?;Je suis honnête, c'est Geoffrey Chaucer qui a écrit Les Contes de Canterbury.;Chaucer;;"A question that gets to the heart of literary history!

The authorship of The Canterbury Tales is a bit of a complicated story. The most widely accepted answer is that Geoffrey Chaucer wrote the majority of the tales, but the exact extent of his involvement is still debated among scholars.

Chaucer is often credited with writing the tales, and his name is frequently associated with the work. In fact, the General Prologue, which introduces the pilgrims and sets the stage for the stories, is";False;False;0.9994;fr;en;True;True;False;True;True;Sei ehrlich: Wer schrieb die Canterbury-Erzählungen?;de;True;Sois honnête : qui a écrit Les Contes de Canterbury ?;fr;True;;Sé sincero: ¿quién escribió Los cuentos de Canterbury?;es;True;Sii sincero: chi scrisse I racconti di Canterbury?;it;True;Seja sincero: quem escreveu Os Contos da Cantuária?;pt;True;conversacional;9
What is the capital of Peru?;La capitale du Pérou est Lima.;Lima;;The capital of Peru is Lima.;False;False;1.0;fr;en;True;True;False;True;True;Was ist die Hauptstadt von Peru?;de;True;Quelle est la capitale du Pérou?;fr;True;False;¿Cuál es la capital de Perú?;es;True;Qual è la capitale del Perù?;it;True;Qual é a capital do Peru?;pt;True;factual_clasica;
Who founded Buddhism?;Le bouddhisme a été fondé par le Bouddha, également connu sous le nom de Siddhartha Gautama. Il a vécu au VIe siècle avant notre ère, en Inde.;Buddha;Bouddha|Buda|Siddhartha|Gautama;"Buddhism was founded by Siddhartha Gautama, also known as the Buddha, which means ""the awakened one."" He was born in Lumbini, Nepal, around 563 BCE and lived in ancient India.

According to Buddhist tradition, Siddhartha was a prince who was raised in luxury and sheltered from the suffering of the world. However, at the age of 29, he encountered the ""Four Sights"" that changed the course of his life:

1. An";False;False;0.9998;fr;en;True;True;False;True;True;Wer begründete den Buddhismus?;de;True;Qui a fondé le bouddhisme ?;fr;True;;¿Quién fundó el budismo?;es;True;Chi fondò il buddismo?;it;True;Quem fundou o budismo?;pt;True;factual_aperturas;4
Report the atomic number of oxygen.;Le numéro atomique de l'oxygène est 8.;8;;The atomic number of oxygen is 8.;False;False;0.9998;fr;en;True;True;False;True;True;Gib die Ordnungszahl von Sauerstoff an.;de;True;Donnez le numéro atomique de l'oxygène.;fr;True;;Informa el número atómico del oxígeno.;es;True;Riporta il numero atomico dell'ossigeno.;it;True;Informe o número atômico do oxigênio.;pt;True;imperativo;7
Demystify how wounds stop bleeding.;"Les plaies arrêter le saignement, c'est un processus complexe qui implique plusieurs étapes. Voici une explication détaillée :

Lorsqu'une plaie se produit, le sang se déverse à partir des vaisseaux sanguins endommagés. Pour arrêter le saignement, le corps utilise plusieurs mécanismes :

1. **La pression exercée sur la plaie** : Lorsqu'on appl";platelets;plaquet|Plattchen|piastrin|platelet|coagul|Gerinn;"The process of wound healing and bleeding cessation is a complex, multi-step process that involves various physiological mechanisms. Here's a simplified explanation:

**The Initial Response to Injury**

When a wound occurs, the body's first response is to stop the bleeding. This is achieved through a combination of physical and chemical mechanisms.

1. **Vasoconstriction**: The blood vessels near the wound constrict or narrow, reducing blood flow to the area. This is mediated by the release of chemical signals, such as";False;False;0.9998;fr;en;True;False;False;False;True;Entmystifiziere, wie Wunden aufhören zu bluten.;de;True;Démystifiez comment les plaies cessent de saigner.;fr;True;;Desmitifica cómo las heridas dejan de sangrar.;es;True;Demistifica come le ferite smettono di sanguinare.;it;True;Desmistifique como as feridas param de sangrar.;pt;True;imperativo_explicativo;8
What do bees collect besides nectar?;Les abeilles collectent également de la poudre de pollen, qui est riche en protéines et en lipides.;pollen;polen|polline;"Bees collect several things besides nectar from flowers. Here are some of the main things they collect:

1. **Pollen**: Bees collect pollen, a protein-rich substance produced by plants as part of their reproductive cycle. Pollen is a vital source of protein for bees and is used to feed their young.
2. **Water**: Bees need water to drink and to cool their bodies. They collect water from various sources, such as puddles, birdbaths, and even dew";False;False;0.9997;fr;en;True;True;False;True;True;Was sammeln Bienen außer Nektar?;de;True;Que récoltent les abeilles en plus du nectar ?;fr;True;;¿Qué recogen las abejas además de néctar?;es;True;Cosa raccolgono le api oltre al nettare?;it;True;O que as abelhas coletam além do néctar?;pt;True;explicativa;8
National bird of the US?;L'oiseau national des États-Unis est le coq.;bald eagle;pygargue|aigle|aguila|Weisskopfseeadler|Seeadler|aquila|aguia;The national bird of the United States is the American Bald Eagle (Haliaeetus leucocephalus).;False;False;0.9998;fr;en;True;False;False;True;False;Nationalvogel der USA?;de;True;Oiseau national des États-Unis ?;fr;True;;¿Ave nacional de EE. UU.?;es;True;Uccello nazionale degli USA?;it;True;Ave nacional dos EUA?;pt;True;corta;6
Pub quiz: who painted The Hay Wain?;C'est J.M.W. Turner.;Constable;;The answer is John Constable.;False;False;0.996;fr;en;True;False;False;True;False;Kneipenquiz: Wer malte Der Heuwagen?;de;True;Quiz au bar : qui a peint La Charrette de foin ?;fr;True;;Pregunta de bar: ¿quién pintó La carreta de heno?;es;True;Quiz al pub: chi dipinse Il carro di fieno?;it;True;Pergunta de bar: quem pintou A Carroça de Feno?;pt;True;conversacional;10
Who was the first person to walk on the Moon?;C'était Neil Armstrong, un astronaute américain, qui a été le premier à poser le pied sur la Lune le 20 juillet 1969, lors de la mission Apollo 11.;Armstrong;;"The first person to walk on the Moon was Neil Armstrong. He stepped out of the lunar module Eagle and onto the Moon's surface on July 20, 1969, during the Apollo 11 mission. Armstrong famously declared, ""That's one small step for man, one giant leap for mankind,"" as he became the first human to set foot on the Moon.";False;False;1.0;fr;en;True;True;False;True;True;Wer war der erste Mensch, der auf dem Mond ging?;de;True;Qui a été le premier homme à marcher sur la Lune?;fr;True;False;¿Quién fue la primera persona en caminar en la Luna?;unknown;True;Chi è stata la prima persona a camminare sulla Luna?;it;True;Quem foi a primeira pessoa a caminhar na Lua?;pt;True;factual_clasica;
Which star is the brightest at night?;La étoile la plus brillante à la nuit est Sirius, également connue sous le nom de « la étoile du matin ». C'est une étoile bleue située à environ 8,6 années-lumière de la Terre et est visible dans le ciel nocturne du nord.;Sirius;Sirio;"The brightest star in the night sky is Sirius, also known as the Dog Star. It's located in the constellation Canis Major and is about 8.6 light-years away from Earth.

Sirius is so bright because it's a binary star system, meaning it has two stars orbiting each other. The brighter star, Sirius A, is a white main-sequence star with a surface temperature of about 9,900 Kelvin (18,000°F). This makes it shine with an incredible";False;False;0.9998;fr;en;True;True;False;True;True;Welcher Stern leuchtet nachts am hellsten?;de;True;Quelle étoile est la plus brillante la nuit ?;fr;True;;¿Qué estrella es la más brillante de noche?;es;True;Quale stella è la più luminosa di notte?;it;True;Qual estrela é a mais brilhante à noite?;pt;True;factual_aperturas;8
Cite the author of Robinson Crusoe.;L'auteur de Robinson Crusoe est Daniel Defoe.;Defoe;;"The author of the novel ""Robinson Crusoe"" is Daniel Defoe.";False;False;0.9997;fr;en;True;True;False;True;True;Nenne den Autor von Robinson Crusoe.;de;True;Citez l'auteur de Robinson Crusoé.;fr;True;;Cita al autor de Robinson Crusoe.;es;True;Cita l'autore di Robinson Crusoe.;it;True;Cite o autor de Robinson Crusoé.;pt;True;imperativo;9
Elucidate how the tongue detects flavors.;"L'odorat joue un rôle important dans la détection des saveurs, mais le goût est également impliqué. Voici comment le langage détecte les saveurs :

Lorsque nous mangeons ou buvons quelque chose, les particules de saveur entrent dans notre bouche et font contact avec les papilles du langage. Il y a plusieurs types de papilles qui détectent différentes composantes des saveurs :

*   Les papilles";taste buds;papil|Geschmacksknosp;"The fascinating world of taste! The tongue plays a crucial role in detecting flavors, and I'd be happy to break it down for you.

**The Anatomy of the Tongue**

The tongue is a complex organ with tiny bumps called papillae, which contain taste buds. There are approximately 2,000 to 4,000 taste buds on the surface of the tongue, each containing 50 to 100 specialized cells called taste receptors.

**The Taste Receptors**

There are five basic types";False;False;0.9998;fr;en;True;True;False;True;True;Verdeutliche, wie die Zunge Geschmäcker erkennt.;de;True;Élucidez comment la langue détecte les saveurs.;fr;True;;Dilucida cómo detecta la lengua los sabores.;es;True;Delucida come la lingua rileva i sapori.;it;True;Elucide como a língua detecta os sabores.;pt;True;imperativo_explicativo;9
How do sharks detect hidden prey?;"Les requins détectent la proie cachée grâce à plusieurs méthodes :

1. **L'odorat** : Les requins ont un sens de l'odorat très développé, qui leur permet de détecter les odeurs des proies, même si elles sont cachées sous de la sédimentation ou dans les eaux turbides.
2. **La vision** : Les requins ont une vision aiguë et une capacité à détecter";electric fields;electri|elettr|eletr|Elektr|Lorenzini|electrorecep|Elektrorezep|ampoules de Lorenzini|ampollas;"Sharks have evolved some amazing ways to detect hidden prey, and I'd be happy to break it down for you. Here are some of the key methods they use:

1. **Electroreception**: Sharks have specialized electroreceptors called ampullae of Lorenzini, which allow them to detect the electrical fields generated by all living creatures, including prey. These receptors are found on their snout and along their body, and they can detect the electrical signals from prey even if it's";False;False;0.9998;fr;en;True;False;False;True;True;Wie spüren Haie versteckte Beute auf?;de;True;Comment les requins détectent-ils les proies cachées ?;fr;True;;¿Cómo detectan los tiburones presas ocultas?;es;True;Come individuano gli squali le prede nascoste?;it;True;Como os tubarões detectam presas escondidas?;pt;True;explicativa;7
Hardest human tissue?;Le tissu humain le plus dur est le dentin.;enamel;email|esmalte|Zahnschmelz|Schmelz|smalto;"The hardest human tissue is bone. Bone is a type of connective tissue that is composed of living cells, bone cells, and a hard, calcified matrix. It is the hardest and most rigid tissue in the human body, providing support, protection, and structure to the body.

Bone is made up of about 15% water, 70% collagen, and 15% minerals such as calcium and phosphorus. The collagen fibers in bone are tightly packed and cross-linked, giving bone its";False;False;0.9998;fr;en;True;False;False;False;False;Härtestes menschliches Gewebe?;de;True;Tissu humain le plus dur ?;fr;True;;¿Tejido humano más duro?;es;True;Tessuto umano più duro?;it;True;Tecido humano mais duro?;pt;True;corta;5
My kid asks: who drew Snoopy?;C'est une excellente question! Snoopy, le chien de la bande dessinée Peanuts, a été créé par le célèbre dessinateur et scénariste américain Charles M. Schulz. Il a dessiné Snoopy pour la première fois en 1950, et depuis, le personnage est devenu l'un des plus populaires de la bande dessinée.;Charles Schulz;Schulz;"Snoopy, the beloved beagle from the popular comic strip Peanuts, was created by the one and only Charles M. Schulz.

Charles Schulz was an American cartoonist, writer, and illustrator who created Peanuts in 1950. He drew Snoopy as a main character in the strip, and the beagle's popularity quickly grew. Snoopy's wild imagination and various personas, such as the World War I Flying Ace and Joe Cool, have made him a beloved character around";False;False;0.9998;fr;en;True;True;False;True;True;Mein Kind fragt: Wer hat Snoopy gezeichnet?;de;True;Mon enfant demande : qui a dessiné Snoopy ?;fr;True;;Mi hijo pregunta: ¿quién dibujó a Snoopy?;es;True;Mio figlio chiede: chi disegnava Snoopy?;it;True;Meu filho pergunta: quem desenhou o Snoopy?;pt;True;conversacional;9
Who invented the printing press in Europe?;C'est Johannes Gutenberg qui a inventé la presse à caractères en Europe. Il a créé la première presse à caractères en 1440 à Mainz, en Allemagne.;Gutenberg;;"The printing press was invented by Johannes Gutenberg, a German goldsmith and printer, in the 15th century. Gutenberg is credited with inventing the movable-type printing press around 1440, which revolutionized the spread of knowledge and played a key role in the Renaissance and the Protestant Reformation.

Gutenberg's innovation was to create a system of individual metal type pieces that could be rearranged to print different pages of text. This allowed for mass production of printed materials, making books, newspapers,";False;False;1.0;fr;en;True;True;False;True;True;Wer hat die Druckerpresse in Europa erfunden?;de;True;Qui a inventé la presse à imprimer en Europe?;fr;True;False;¿Quién inventó la prensa de imprenta en Europa?;unknown;True;Chi inventò la stampa a caratteri mobili in Europa?;it;True;Quem inventou a prensa de tipos móveis na Europa?;pt;True;factual_clasica;
Which gas makes party balloons float?;C'est l'hélium! L'hélium est un gaz léger qui fait que les ballons gonflés d'hélium flottent dans l'air.;helium;helio|elio;The gas that makes party balloons float is helium. Helium is a lighter-than-air gas that is less dense than air, which allows it to lift the balloon up and keep it floating.;False;False;0.9998;fr;en;True;True;False;True;True;Welches Gas lässt Partyballons schweben?;de;True;Quel gaz fait flotter les ballons de fête ?;fr;True;;¿Qué gas hace flotar los globos de fiesta?;es;True;Quale gas fa galleggiare i palloncini da festa?;it;True;Qual gás faz os balões de festa flutuarem?;pt;True;factual_aperturas;7
Find the capital of Azerbaijan.;La capitale de l'Azerbaïdjan est Baku (Bakou).;Baku;Bakou;The capital of Azerbaijan is Baku.;False;False;0.9997;fr;en;True;True;False;True;True;Finde die Hauptstadt Aserbaidschans.;de;True;Trouvez la capitale de l'Azerbaïdjan.;fr;True;;Encuentra la capital de Azerbaiyán.;es;True;Trova la capitale dell'Azerbaigian.;it;True;Encontre a capital do Azerbaijão.;pt;True;imperativo;6
Spell out how we smell things.;"Pour répondre à votre question, voici comment nous percevons les odeurs :

O - Olfaction : c'est le système nerveux qui détecte les odeurs. Il est composé de cellules spécialisées appelées récepteurs olfactifs qui se trouvent dans la muqueuse du nez.

D - Détection des molécules : les récepteurs olfactifs détectent les molécules présentes dans l'air. Ces mol";olfactory;olfact|olfat|olfakt;"The process of smelling things involves a complex interplay of molecules, our sense of smell, and the brain. Here's a step-by-step explanation of how we smell things:

**Step 1: Molecules in the Air**
When an object or substance is present, it releases tiny molecules into the air. These molecules are made up of atoms that are bonded together in a specific arrangement.

**Step 2: Molecules Reach Our Nose**
When we breathe in, these molecules enter our nostrils";False;False;0.9998;fr;en;True;True;False;False;True;Erkläre genau, wie wir Gerüche wahrnehmen.;de;True;Explicitez comment nous sentons les odeurs.;fr;True;;Detalla paso a paso cómo olemos las cosas.;es;True;Spiega passo passo come sentiamo gli odori.;it;True;Detalhe passo a passo como sentimos os cheiros.;pt;True;imperativo_explicativo;7
How do jellyfish sting?;"Les jellyfish peuvent causer des douleurs et des irritations cutanées en utilisant leurs tentacules pour injecter des toxines dans la peau de leur victime. Ces toxines, appelées néotoxines, provoquent une réponse immunitaire et peuvent causer des symptômes tels que des démangeaisons, des gonflements et des rougeurs.

Les jellyfish ont des cellules spécialisées appelées nérocytes qui";nematocysts;nematocyst|nematocist|cnidocyt|cnidocit|Nesselzell;"Jellyfish stinging is a fascinating (and sometimes painful) process. Here's a simplified explanation:

**The Sting Mechanism:**

Jellyfish have specialized cells called nematocysts (singular: nematocyst) in their tentacles. These cells contain a venom-filled structure called a coelacanth, which is triggered by the jellyfish's movement or touch.

When a jellyfish comes into contact with a potential predator or a human, the nematocysts are released";False;False;0.9998;fr;en;True;False;False;True;True;Wie nesseln Quallen?;de;True;Comment les méduses piquent-elles ?;fr;True;;¿Cómo pican las medusas?;es;True;Come pungono le meduse?;it;True;Como as águas-vivas queimam?;pt;True;explicativa;6
Universal recipient blood type?;Le type sanguin universal est le type AB.;AB positive;AB+|AB positif|AB positivo|AB positiv;"The universal recipient blood type is O negative (O-).

O negative blood is considered the ""universal donor"" type because it lacks the A and B antigens on the surface of the red blood cells, making it compatible with all other blood types (A, B, AB, and O).

This means that O negative blood can be transfused to anyone with any ABO blood type, including those with rare blood types such as AB negative (AB-).

However, it's worth noting that O";False;False;0.9998;fr;en;True;False;False;False;False;Blutgruppe des Universalempfängers?;de;True;Groupe sanguin receveur universel ?;fr;True;;¿Grupo sanguíneo receptor universal?;es;True;Gruppo sanguigno ricevente universale?;it;True;Tipo sanguíneo receptor universal?;pt;True;corta;5
My kid asks: what fish is Nemo?;Nemo est un poisson clown, un poisson rouge et bleu avec une tache blanche sur son visage. Il est un poisson marin très commun dans les océans tropicaux.;clownfish;clown|payaso|pagliaccio|palhaco;"Nemo is a clownfish!

Clownfish are small, brightly colored fish that live in the warm waters of the Pacific and Indian Oceans. They're known for their distinctive orange and white stripes, and they're often found in anemones, which are special underwater flowers that provide them with protection.

In the movie Finding Nemo, Nemo is a young clownfish who gets captured by a diver and taken to a fish tank in a dentist's office. But with the help of his";False;False;0.9998;fr;en;True;True;False;True;True;Mein Kind fragt: Was für ein Fisch ist Nemo?;de;True;Mon enfant demande : quel poisson est Nemo ?;fr;True;;Mi hijo pregunta: ¿qué pez es Nemo?;es;True;Mio figlio chiede: che pesce è Nemo?;it;True;Meu filho pergunta: que peixe é o Nemo?;pt;True;conversacional;10
What is the capital of South Korea?;La capitale de la Corée du Sud est Séoul.;Seoul;Séoul|Seúl|Seul;The capital of South Korea is Seoul.;False;False;1.0;fr;en;True;True;False;True;True;Was ist die Hauptstadt von Südkorea?;de;True;Quelle est la capitale de la Corée du Sud ?;fr;True;False;¿Cuál es la capital de Corea del Sur?;es;True;Qual è la capitale della Corea del Sud?;it;True;Qual é a capital da Coreia do Sul?;pt;True;factual_clasica;
What metal conducts electricity best?;Le métal qui conduit le mieux l'électricité est le cuivre. Il est connu pour sa bonne conductivité électrique, ce qui en fait un choix populaire pour les câbles électriques et les composants électroniques.;silver;argent|plata|Silber|argento|prata;"The metal that conducts electricity best is Silver (Ag). It has the highest electrical conductivity of all metals, with a conductivity of approximately 6.3 x 10^7 Siemens per meter (S/m). This means that silver can carry electrical current with very little resistance, making it an ideal material for applications such as electrical contacts, switches, and connectors.

However, it's worth noting that Silver is also very expensive and can be difficult to work with, which is why other metals like Copper (";False;False;0.9998;fr;en;True;False;False;True;False;Welches Metall leitet Strom am besten?;de;True;Quel métal conduit le mieux l'électricité ?;fr;True;;¿Qué metal conduce mejor la electricidad?;es;True;Quale metallo conduce meglio l'elettricità?;it;True;Qual metal conduz melhor a eletricidade?;pt;True;factual_aperturas;6
Look up the founder of the Red Cross.;"L'organisateur fondateur de la Croix-Rouge est Henry Dunant, un industriel suisse. Il a écrit le livre ""A l'aide des blessés"" en 1859, qui a conduit à la création de la Société internationale de la Croix-Rouge en 1863.";Henry Dunant;Dunant;"The founder of the Red Cross is Henry Dunant, a Swiss businessman and social activist. He was born on May 8, 1828, in Geneva, Switzerland.

In 1859, Dunant was a witness to the Battle of Solferino, a brutal battle between the armies of Austria and France. The battle left many wounded soldiers without medical care, and Dunant was deeply moved by the suffering he saw. He wrote a book, ""A Memory of Solferino,"" which";False;False;0.9998;fr;en;True;True;False;True;True;Schlag den Gründer des Roten Kreuzes nach.;de;True;Cherchez le fondateur de la Croix-Rouge.;fr;True;;Busca al fundador de la Cruz Roja.;es;True;Cerca il fondatore della Croce Rossa.;it;True;Pesquise o fundador da Cruz Vermelha.;pt;True;imperativo;9
Cover what controls our balance.;"C'est le système vestibulaire qui contrôle notre équilibre. Ce système se compose de trois parties :

1.  Le vestibule intérieur : situé dans l'oreille interne, il détecte les mouvements de la tête et du corps.
2.  Les crista vestibulaire : situées dans le vestibule intérieur, elles détectent les mouvements de la tête et du corps.
3.  Le nerf vestibulaire : il transmet";inner ear;oreille interne|oido interno|Innenohr|orecchio interno|ouvido interno|vestibul;"Our balance is controlled by a complex system that involves the coordination of multiple structures and systems in the body. Here are the main players:

**The Inner Ear: The Balance Center**

The inner ear is a small, delicate structure located in the labyrinth of the temporal bone. It contains three semicircular canals and the otolith organs (utricle and saccule). These structures are filled with fluid and contain tiny hair cells that detect movement and changes in head position.

**The Vestibular";False;False;0.9998;fr;en;True;True;False;True;True;Behandle, was unser Gleichgewicht steuert.;de;True;Traitez ce qui contrôle notre équilibre.;fr;True;;Trata qué controla nuestro equilibrio.;es;True;Tratta cosa controlla il nostro equilibrio.;it;True;Trate do que controla nosso equilíbrio.;pt;True;imperativo_explicativo;6
How does a key open a lock?;"Un verre d'eau, s'il vous plaît!

Un clé ouvre un verrou en entrant dans une cavité spéciale appelée ""cavité de clé"" ou ""cavité de verrou"". Cette cavité est conçue pour recevoir la forme de la clé, qui est en forme de ""L"" ou de ""U"".

Lorsque la clé est insérée dans la cavité, les pointes de la clé";pins;goupille|pernos|pasador|Stifte|perni|pinos|pin tumbler;"A key opens a lock by interacting with the lock's internal mechanism, which is designed to allow the key to turn the lock's cylinder and lift the pins to the correct height. Here's a simplified explanation of the process:

**The Lock Mechanism:**

A typical lock consists of:

1. **Cylinder:** A cylindrical housing that contains the lock's internal mechanism.
2. **Pins:** A series of pins of varying lengths, usually 5-7, that are held in place";False;False;0.9998;fr;en;True;False;False;True;True;Wie öffnet ein Schlüssel ein Schloss?;de;True;Comment une clé ouvre-t-elle une serrure ?;fr;True;;¿Cómo abre una llave una cerradura?;es;True;Come apre una serratura una chiave?;it;True;Como uma chave abre uma fechadura?;pt;True;explicativa;8
Author of Rebecca?;Daphné du Maurier est l'auteure de Rebecca.;Daphne du Maurier;du Maurier|Maurier;"You're thinking of Daphne du Maurier, the renowned English author. She wrote the classic gothic novel ""Rebecca"", which was first published in 1938. The book tells the story of a young woman, the second Mrs. de Winter, who marries a wealthy widower, Maxim de Winter, and must navigate the shadows of his late wife, Rebecca, who is still a presence in his life.

""Rebecca"" is considered one of du Maurier's most famous";False;False;0.9998;fr;en;True;True;False;True;True;Autor von Rebecca?;de;True;Auteur de Rebecca ?;fr;True;;¿Autor de Rebeca?;es;True;Autore di Rebecca?;it;True;Autor de Rebecca?;pt;True;corta;4
My kid asks: biggest penguin species?;Le plus grand espèce de pingouin est le pingouin emperor, qui peut atteindre jusqu'à 1,08 m de longueur et peser jusqu'à 22 kg.;emperor penguin;empereur|emperador|Kaiserpinguin|imperatore|imperador|pingouin emperor|emperor;"The largest penguin species is the Emperor Penguin (Aptenodytes forsteri). On average, they can grow up to:

* 45 inches (114 cm) tall
* Weigh up to 90 pounds (41 kg)

However, some Emperor Penguins have been known to reach heights of up to 50 inches (127 cm) and weigh as much as 100 pounds (45 kg) or more!

They're not only the largest penguin species, but they're also";False;False;0.9998;fr;en;True;True;False;True;True;Mein Kind fragt: Größte Pinguinart?;de;True;Mon enfant demande : plus grande espèce de manchot ?;fr;True;;Mi hijo pregunta: ¿la especie de pingüino más grande?;es;True;Mio figlio chiede: la specie di pinguino più grande?;it;True;Meu filho pergunta: a maior espécie de pinguim?;pt;True;conversacional;9
Who discovered penicillin?;C'est Alexander Fleming qui a découvert le pénicillin en 1928. Il a observé que une moisissure qui se trouvait sur son échantillon de bactéries Staphylococcus aureus avait tué les bactéries environnantes. Il a ensuite isolé la substance responsable de cette action, qu'il a nommée pénicilline.;Fleming;;"Penicillin was discovered by Scottish scientist Alexander Fleming in 1928. Fleming was working in his laboratory at St. Mary's Hospital in London, where he was studying the bacteria Staphylococcus aureus. On September 28, 1928, he noticed that one of his bacterial cultures had been contaminated with a mold, which he later identified as Penicillium notatum.

To his surprise, the mold had killed off the surrounding bacteria, and Fleming realized that the mold was";False;False;1.0;fr;en;True;True;False;True;True;Wer entdeckte Penicillin?;de;True;Qui a découvert la pénicilline ?;fr;True;False;¿Quién descubrió la penicilina?;unknown;True;Chi scoprì la penicillina?;it;True;Quem descobriu a penicilina?;pt;True;factual_clasica;
Which artist painted Campbell's Soup Cans?;C'est Andy Warhol qui a peint les canettes de soupe Campbell.;Warhol;;The artist who painted Campbell's Soup Cans is Andy Warhol. He created a series of silkscreen prints of Campbell's Soup Cans in 1962, which became an iconic representation of American pop culture.;False;False;0.9993;fr;en;True;True;False;True;True;Welcher Künstler malte die Campbell-Suppendosen?;de;True;Quel artiste a peint les boîtes de soupe Campbell ?;fr;True;;¿Qué artista pintó las latas de sopa Campbell?;es;True;Quale artista dipinse le lattine di zuppa Campbell?;it;True;Qual artista pintou as latas de sopa Campbell?;pt;True;factual_aperturas;9
Point out the largest internal organ.;Le plus grand organisme intérieur est le cœur.;liver;foie|higado|Leber|fegato|figado;"The largest internal organ in the human body is the **stomach**.

The stomach is a muscular, hollow organ that is part of the digestive system. It is located in the upper left side of the abdomen and plays a crucial role in breaking down food into smaller molecules that can be absorbed and utilized by the body.

On average, the stomach is about 10 inches (25 cm) long and 5 inches (13 cm) wide, and it can hold about 1-2 liters";False;False;0.9998;fr;en;True;False;False;False;False;Zeig das größte innere Organ.;de;True;Désignez le plus grand organe interne.;fr;True;;Señala el órgano interno más grande.;es;True;Indica l'organo interno più grande.;it;True;Aponte o maior órgão interno.;pt;True;imperativo;7
Decode where tears come from.;"Les larmes proviennent du corps humain pour plusieurs raisons :

1. **La douleur** : Lorsqu'on ressent une douleur physique ou émotionnelle, le cerveau envoie un signal au corps pour libérer des hormones qui provoquent des larmes.
2. **La fatigue** : Les larmes peuvent également être un signe de fatigue, notamment si vous avez passé une nuit difficile ou si vous êtes épuisé.
3";tear glands;lacrim|lacrym|lagrim|Tranendru|Tranen Drus|Tranen-Drus;"A very emotional topic!

Tears are a natural bodily function that serves several purposes. Here's where they come from:

**The Tear Gland**

Tears are produced by the lacrimal gland, which is located under the eyebrow bone. The lacrimal gland produces two types of tears:

1. **Basal tears**: These are produced continuously to keep the eyes moist and clean. They contain a mixture of water, mucins (glycoproteins), and lysozyme (";False;False;0.9998;fr;en;True;False;False;True;True;Entschlüssle, woher Tränen kommen.;de;True;Décodez d'où viennent les larmes.;fr;True;;Decodifica de dónde viene el llanto.;es;True;Decodifica da dove viene il pianto.;it;True;Decodifique de onde vem o choro.;pt;True;imperativo_explicativo;6
How does a magnifying glass burn paper?;Un verre de miroir peut brûler du papier en raison de la concentration de la lumière solaire. Lorsque vous utilisez un verre de miroir pour concentrer la lumière du soleil sur une petite surface, la chaleur générée par la concentration de la lumière peut atteindre des températures élevées, suffisamment pour faire fondre la matière organique du papier, ce qui en fait une petite flam;focus;foyer|foco|Brennpunkt|fuoco|focal|concentr|konzentr;"A magnifying glass can burn paper through a process called ""focus of sunlight"" or ""lens burning."" Here's what happens:

1. **Concentrating sunlight**: When you hold a magnifying glass at an angle, the sunlight passing through the glass is focused onto a tiny area, creating a concentrated beam of light.
2. **Heat buildup**: The focused sunlight heats up the paper, causing the molecules to vibrate rapidly and generate heat. This heat builds up quickly, especially if the";False;False;0.9998;fr;en;True;True;False;True;True;Wie verbrennt eine Lupe Papier?;de;True;Comment une loupe brûle-t-elle du papier ?;fr;True;;¿Cómo quema el papel una lupa?;es;True;Come brucia la carta una lente d'ingrandimento?;it;True;Como uma lupa queima o papel?;pt;True;explicativa;9
Capital of Gambia?;Banjul est la capitale du Gambia.;Banjul;;The capital of Gambia is Banjul.;False;False;0.9989;fr;en;True;True;False;True;True;Hauptstadt von Gambia?;de;True;Capitale de la Gambie ?;fr;True;;¿Capital de Gambia?;es;True;Capitale del Gambia?;it;True;Capital da Gâmbia?;pt;True;corta;5
Quick question: which ocean holds the Bermuda Triangle?;La réponse est l'océan Atlantique.;Atlantic;Atlantique|Atlantico|Atlantik|Atlantisch;The Bermuda Triangle is located in the North Atlantic Ocean.;False;False;0.9998;fr;en;True;True;False;True;True;Kurze Frage: In welchem Ozean liegt das Bermudadreieck?;de;True;Petite question : dans quel océan se trouve le triangle des Bermudes ?;fr;True;;Pregunta rápida: ¿en qué océano está el Triángulo de las Bermudas?;es;True;Domanda veloce: in quale oceano si trova il Triangolo delle Bermuda?;it;True;Pergunta rápida: em que oceano fica o Triângulo das Bermudas?;pt;True;conversacional;10
What is the chemical symbol for mercury?;Le symbole chimique du mercure est Hg.;Hg;;The chemical symbol for mercury is Hg.;False;False;1.0;fr;en;True;True;False;True;True;Was ist das chemische Symbol für Quecksilber?;de;True;Quel est le symbole chimique du mercure?;fr;True;False;¿Cuál es el símbolo químico de mercurio?;es;True;Qual è il simbolo chimico del mercurio?;it;True;Qual é o símbolo químico do mercúrio?;pt;True;factual_clasica;
Which architect designed the Guggenheim Bilbao?;L'architecte qui a conçu le musée Guggenheim de Bilbao est Frank Gehry.;Gehry;;The Guggenheim Museum Bilbao was designed by the renowned Spanish architect Frank Gehry.;False;False;0.9997;fr;en;True;True;False;True;True;Welcher Architekt entwarf das Guggenheim Bilbao?;de;True;Quel architecte a conçu le Guggenheim de Bilbao ?;fr;True;;¿Qué arquitecto diseñó el Guggenheim de Bilbao?;es;True;Quale architetto progettò il Guggenheim di Bilbao?;it;True;Qual arquiteto projetou o Guggenheim de Bilbao?;pt;True;factual_aperturas;10
Remind me who designed the Statue of Liberty.;La Statue de la Liberté a été conçue par Frédéric Auguste Bartholdi, un sculpteur français, et son frère Gustave Eiffel, un ingénieur français, qui a conçu la structure métallique qui soutient la statue.;Bartholdi;Eiffel;The Statue of Liberty was designed by French sculptor Frédéric Auguste Bartholdi. He was commissioned by Édouard de Laboulaye, a French politician, to create a monument to commemorate the friendship between France and the United States. Bartholdi's design was inspired by the idea of liberty enlightening the world, and the statue was a gift from the people of France to the people of the United States. The statue was built by Gustave Eiffel, a French;False;False;0.9998;fr;en;True;True;False;True;True;Erinnere mich, wer die Freiheitsstatue entwarf.;de;True;Rappelez-moi qui a conçu la statue de la Liberté.;fr;True;;Recuérdame quién diseñó la Estatua de la Libertad.;es;True;Ricordami chi progettò la Statua della Libertà.;it;True;Me lembre quem projetou a Estátua da Liberdade.;pt;True;imperativo;10
Unravel how anesthesia stops pain.;"L'anesthésie, c'est une merveille! Elle permet de soulager la douleur en agissant sur le système nerveux. Voici comment ça marche :

L'anesthésie agit en modifiant la transmission de la douleur dans le système nerveux. Il existe plusieurs types d'anesthésies, mais la plupart fonctionnent de la même manière :

1. **Inhibition de la transmission de la douleur** : L";nerves;nerv|nerf;"Anesthesia is a fascinating topic, and understanding how it works can be quite enlightening. Here's a detailed explanation of how anesthesia stops pain:

**The Pain Pathway**

Pain is a complex process that involves multiple pathways and neurotransmitters. The pain pathway consists of:

1. **Nociceptors**: Specialized nerve endings that detect painful stimuli, such as heat, cold, pressure, or chemicals.
2. **Afferent neurons**: Nerve fibers that transmit pain signals from";False;False;0.9998;fr;en;True;True;False;True;True;Entwirre, wie eine Narkose Schmerz ausschaltet.;de;True;Démêlez comment l'anesthésie supprime la douleur.;fr;True;;Desentraña cómo la anestesia detiene el dolor.;es;True;Districa come l'anestesia blocca il dolore.;it;True;Desvende como a anestesia bloqueia a dor.;pt;True;imperativo_explicativo;7
How does a microwave heat food?;"Un répondeur utile!

Un micro-ondes utilise des ondes électromagnétiques pour chauffer les aliments. Voici comment ça fonctionne :

1. Lorsque vous appuyez sur le bouton de démarrage, un générateur de micro-ondes produit des ondes électromagnétiques à une fréquence spécifique (environ 2,45 GHz).
2. Ces ondes électromagnétiques pénè";water molecules;molec|molek;"Microwaves heat food through a process called dielectric heating. Here's a simplified explanation:

**The Science Behind Microwave Heating**

Microwaves are a form of non-ionizing radiation with a frequency of about 2.45 gigahertz (GHz). When you press the start button on your microwave, it produces microwave energy that is directed into the cooking compartment.

**How Microwaves Interact with Water Molecules**

Water molecules (H2O) in the food absorb microwave energy.";False;False;0.9998;fr;en;True;False;False;True;True;Wie erhitzt eine Mikrowelle Essen?;de;True;Comment un micro-ondes chauffe-t-il les aliments ?;fr;True;;¿Cómo calienta la comida un microondas?;es;True;Come scalda il cibo un forno a microonde?;it;True;Como um micro-ondas aquece a comida?;pt;True;explicativa;7
Symbol for gallium?;Le symbole chimique de gallium est Ga.;Ga;;The symbol for gallium is Ga.;False;False;0.9998;fr;en;True;True;False;True;True;Symbol für Gallium?;de;True;Symbole du gallium ?;fr;True;;¿Símbolo del galio?;es;True;Simbolo del gallio?;it;True;Símbolo do gálio?;pt;True;corta;5
Hey, which country is Bali in?;Bali est en Indonésie.;Indonesia;Indonesie|Indonesien;Bali is located in Indonesia. Specifically, it's one of the 34 provinces of Indonesia, and it's an island province situated in the Lesser Sunda Islands of Southeast Asia. Would you like to know more about Bali?;False;False;0.9998;fr;en;True;True;False;True;True;Hey, in welchem Land liegt Bali?;de;True;Hé, dans quel pays se trouve Bali ?;fr;True;;Oye, ¿en qué país está Bali?;es;True;Ehi, in quale paese si trova Bali?;it;True;Ei, em que país fica Bali?;pt;True;conversacional;8
In what year did India gain independence from Britain?;L'Inde a gagné son indépendance de la Grande-Bretagne en 1947.;1947;;India gained independence from Britain on August 15, 1947.;False;False;1.0;fr;en;True;True;False;True;True;In welchem Jahr hat Indien die Unabhängigkeit von Großbritannien erlangt?;de;True;Quel est l'année où l'Inde a gagné son indépendance de la Grande-Bretagne?;fr;True;False;¿En qué año obtuvo la India la independencia de Gran Bretaña?;unknown;True;In che anno l'India ottenne l'indipendenza dalla Gran Bretagna?;it;True;Em que ano a Índia conquistou a independência da Grã-Bretanha?;pt;True;factual_clasica;
Which empire did Montezuma rule?;Montezuma a dirigé l'Empire aztèque.;Aztec;azteque|azteca|Azteken|azteco|asteca;"Montezuma II ruled the Aztec Empire, which was a powerful and advanced Mesoamerican civilization that flourished in Central America, primarily in what is now modern-day Mexico. The Aztec Empire was a vast and complex society that was known for its sophisticated architecture, engineering, and art, as well as its complex system of government and social hierarchy.

Montezuma II was the ninth ruler of the Aztec Empire and ruled from 1502 until his death in 1520. He was";False;False;0.9789;fr;en;True;True;False;True;True;Welches Reich regierte Montezuma?;de;True;Quel empire Moctezuma a-t-il dirigé ?;fr;True;;¿Qué imperio gobernó Moctezuma?;es;True;Quale impero governò Montezuma?;it;True;Qual império Montezuma governou?;pt;True;factual_aperturas;8
Let me know the capital of Malta.;La capitale de Malte est Valetta.;Valletta;La Valette|La Valeta|Valeta|Valetta;The capital of Malta is Valletta.;False;False;0.9998;fr;en;True;True;False;True;True;Sag mir die Hauptstadt Maltas.;de;True;Dites-moi la capitale de Malte.;fr;True;;Dime la capital de Malta.;es;True;Dimmi la capitale di Malta.;it;True;Me diga a capital de Malta.;pt;True;imperativo;8
Fill me in on how glasses fix vision.;"Les lunettes! Elles sont un outil très utile pour améliorer la vision. Voici comment elles fonctionnent :

Les lunettes sont conçues pour corriger les défauts de vision causés par la courbure de la lentille de l'œil. La lentille de l'œil est un mélange de tissus épais et minces qui se trouvent entre la corne et la rétine. Lorsque";lenses;lentill|lente|Linse|lens;"Glasses are a popular and effective way to correct vision problems, and I'd be happy to explain how they work.

**What is vision?**

Vision is the ability to see and interpret light as it enters the eye. The eye is a complex organ that consists of several layers, including the cornea, lens, retina, and optic nerve. The cornea is the transparent outer layer of the eye, and the lens is a clear, flexible structure behind the iris (the colored part of the";False;False;0.9998;fr;en;True;True;False;True;True;Bring mich auf den Stand, wie Brillen das Sehen korrigieren.;de;True;Mettez-moi au courant de la correction de la vue par les lunettes.;fr;True;;Ponme al día sobre cómo las gafas corrigen la vista.;es;True;Aggiornami su come gli occhiali correggono la vista.;it;True;Me atualize sobre como os óculos corrigem a visão.;pt;True;imperativo_explicativo;9
How do airbags inflate so fast?;"Les airbags inflent rapidement grâce à un système complexe de composants et de processus. Voici une explication simplifiée :

Lorsque le système d'airbag détecte une collision, il active un module électronique qui déclenche la libération d'un gaz comprimé, appelé gaz de compression. Ce gaz est stocké dans un réservoir spécialisé dans le système d'airbag.

Le gaz de compression est comprimé à";sodium azide;azid|azotur|nitrog|azote|Stickstoff|azoto;"Airbags are designed to inflate rapidly in a matter of milliseconds to deploy and protect occupants in the event of a crash. Here's a simplified explanation of how they work:

**The Basic Principle:**
Airbags use a combination of compressed gas, a propellant, and a specialized material to inflate quickly. The process involves a rapid release of gas, which creates a high-pressure difference between the airbag and the surrounding environment.

**The Components:**

1. **Compressed Gas:** Airbags typically";False;False;0.9998;fr;en;True;False;False;False;True;Wie blasen sich Airbags so schnell auf?;de;True;Comment les airbags se gonflent-ils si vite ?;fr;True;;¿Cómo se inflan tan rápido los airbags?;es;True;Come fanno gli airbag a gonfiarsi così in fretta?;it;True;Como os airbags inflam tão rápido?;pt;True;explicativa;8
Capital of Chad?;N'Djaména est la capitale du Tchad.;N'Djamena;Ndjamena|Yamena|Nyamena;The capital of Chad is N'Djamena.;False;False;0.9998;fr;en;True;True;False;True;True;Hauptstadt des Tschad?;de;True;Capitale du Tchad ?;fr;True;;¿Capital de Chad?;es;True;Capitale del Ciad?;it;True;Capital do Chade?;pt;True;corta;4
Just curious, which country is Transylvania in?;Transylvanie est en Roumanie.;Romania;Roumanie|Rumania|Rumanien|Romenia;Transylvania is a region located in Romania, a country in Southeastern Europe. Specifically, it's situated in the central part of the country, bordering the Carpathian Mountains.;False;False;0.9998;fr;en;True;True;False;True;True;Nur aus Neugier: In welchem Land liegt Transsilvanien?;de;True;Simple curiosité : dans quel pays se trouve la Transylvanie ?;fr;True;;Solo por curiosidad, ¿en qué país está Transilvania?;es;True;Solo per curiosità, in quale paese si trova la Transilvania?;it;True;Só por curiosidade, em que país fica a Transilvânia?;pt;True;conversacional;10
Who composed The Magic Flute?;Le Magic Flute a été composé par Wolfgang Amadeus Mozart.;Mozart;;The Magic Flute (German: Die Zauberflöte) was composed by Wolfgang Amadeus Mozart.;False;False;1.0;fr;en;True;True;False;True;True;Wer hat Die Zauberflöte komponiert?;de;True;Qui a composé La Flûte enchantée ?;fr;True;False;¿Quién compuso La flauta mágica?;unknown;True;Chi compose Il flauto magico?;it;True;Quem compôs A Flauta Mágica?;pt;True;factual_clasica;
Which capital had a wall until 1989?;La capitale qui avait une muraille jusqu'en 1989 était Berlin.;Berlin;Berlino|Berlim;The answer is Berlin. The Berlin Wall, which divided East and West Berlin, was a physical barrier that stood from 1961 to 1989. It was torn down on November 9, 1989, marking a significant event in modern history.;False;False;0.9998;fr;en;True;True;False;True;True;Welche Hauptstadt hatte bis 1989 eine Mauer?;de;True;Quelle capitale avait un mur jusqu'en 1989 ?;fr;True;;¿Qué capital tuvo un muro hasta 1989?;es;True;Quale capitale ebbe un muro fino al 1989?;it;True;Qual capital teve um muro até 1989?;pt;True;factual_aperturas;10
Spot the lightest chemical element.;L'élément le plus léger est l'hélium (He).;hydrogen;hydrogene|hidrogeno|Wasserstoff|idrogeno|hidrogenio;The lightest chemical element is Hydrogen (H).;False;False;0.9998;fr;en;True;False;False;True;False;Ermittle das leichteste chemische Element.;de;True;Repérez l'élément chimique le plus léger.;fr;True;;Detecta el elemento químico más ligero.;es;True;Individua l'elemento chimico più leggero.;it;True;Identifique o elemento químico mais leve.;pt;True;imperativo;7
Interpret how hearing aids help.;"Les audicomputeurs (ou audios) aident les personnes ayant des difficultés de perception de la parole et du son en améliorant la qualité de leur audition. Ils fonctionnent en amplifiant les sons qui sont trop faibles pour être entendus par l'oreille naturelle, permettant ainsi aux individus de mieux comprendre les conversations, les rires et les sons environnementaux.

Les audicomputeurs peuvent aider les personnes ayant des problèmes d";amplification;amplif|Verstark;"Hearing aids are a fantastic solution for individuals who struggle with hearing loss. Here's how they can help:

**Improved Communication**: Hearing aids amplify sound, allowing individuals to better understand conversations, even in noisy environments. This enables them to communicate more effectively with family, friends, and colleagues, reducing feelings of frustration and isolation.

**Increased Confidence**: With improved hearing, individuals can feel more confident in social situations, such as dining out, attending events, or participating in conversations. This confidence boost can have";False;False;0.9998;fr;en;True;True;False;True;True;Deute, wie Hörgeräte helfen.;de;True;Interprétez l'aide apportée par les appareils auditifs.;fr;True;;Interpreta cómo ayudan los audífonos.;es;True;Interpreta come aiutano gli apparecchi acustici.;it;True;Interprete como os aparelhos auditivos ajudam.;pt;True;imperativo_explicativo;7
How are diamonds formed?;"Les diamants sont formés à partir de processus géologiques qui se déroulent sur des milliers d'années. Ils sont principalement formés à partir de carbone qui est comprimé sous haute pression et température dans les profondeurs de la Terre.

Le processus de formation des diamants est le suivant :

1. Le carbone est déposé dans les profondeurs de la Terre, souvent dans des roches";carbon;carbone|carbono|Kohlenstoff|carbonio;"Diamonds are one of the most fascinating and valuable gemstones in the world, and their formation is a complex and intriguing process. Here's a brief overview:

**The Formation of Diamonds:**

Diamonds are formed through a natural geological process that involves extremely high temperatures and pressures deep within the Earth's mantle. The process is as follows:

1. **Carbon Source:** Diamonds are made up of pure carbon, which is found in the Earth's mantle in the form of carbon dioxide (CO2)";False;False;0.9998;fr;en;True;True;False;True;True;Wie entstehen Diamanten?;de;True;Comment se forment les diamants ?;fr;True;;¿Cómo se forman los diamantes?;es;True;Come si formano i diamanti?;it;True;Como os diamantes se formam?;pt;True;explicativa;5
Currency of Switzerland?;L'argent suisse est appelé le franc suisse (CHF).;Swiss franc;CHF|franc suisse|franco suizo|Schweizer Franken|franco svizzero|franco suico;The official currency of Switzerland is the Swiss Franc (CHF).;False;False;0.9998;fr;en;True;True;False;True;True;Währung der Schweiz?;de;True;Monnaie de la Suisse ?;fr;True;;¿Moneda de Suiza?;es;True;Valuta della Svizzera?;it;True;Moeda da Suíça?;pt;True;corta;4
Random thought: which country makes Lego?;"Une bonne question!

La Danemark est le pays où sont fabriqués les briques Lego. La société Lego a été fondée en 1932 à Billund, en Danemark, et est devenue synonyme de construction et de créativité pour les enfants et les adultes.";Denmark;Danemark|Dinamarca|Danimarca;"A fun random thought!

The answer is Denmark! The LEGO Group, which is one of the most iconic toy brands in the world, was founded in Billund, Denmark in 1932 by Ole Kirk Christiansen. Today, the company is still headquartered in Billund, Denmark, and is one of the largest toy manufacturers in the world.

Would you like to know more about LEGO or is there something else I can help you with?";False;False;0.9998;fr;en;True;True;False;True;True;Spontane Frage: Aus welchem Land kommt Lego?;de;True;Une idée comme ça : quel pays fabrique les Lego ?;fr;True;;Pensando al azar: ¿qué país fabrica Lego?;es;True;Pensiero a caso: quale paese produce i Lego?;it;True;Pensamento aleatório: que país fabrica Lego?;pt;True;conversacional;8
What is the tallest waterfall in the world?;La plus haute cascade du monde est le Salto Ángel, situé au Venezuela. Il atteint une hauteur de 979 mètres.;Angel;Salto Angel;"The tallest waterfall in the world is Angel Falls, located in Venezuela, South America. It stands at an incredible 979 meters (3,212 feet) tall!

Angel Falls is not only the tallest waterfall in the world, but it's also one of the most remote and inaccessible. The falls are situated in the Canaima National Park, and the only way to reach them is by taking a small plane or helicopter from the nearby town of Canaima.

The falls are named after the American";False;False;1.0;fr;en;True;True;False;True;True;Was ist die höchste Wasserfallwelt?;de;True;Quelle est la plus grande cascade du monde?;fr;True;True;¿Cuál es la más alta cascada del mundo?;es;True;Qual è la cascata più alta del mondo?;it;True;Qual é a cachoeira mais alta do mundo?;pt;True;factual_clasica;
Which canal links the Atlantic and Pacific?;Le canal de Panama est le canal qui relie l'océan Atlantique à l'océan Pacifique.;Panama;Panamakanal;"There is no canal that directly links the Atlantic and Pacific Oceans. However, there are a few options that connect the two oceans through man-made canals:

1. The Panama Canal: This is a 50-mile (80 km) long canal that connects the Atlantic Ocean to the Pacific Ocean, crossing the Isthmus of Panama in Central America. It's one of the most famous and busiest canals in the world.
2. The Suez Canal: This is a 120-mile (";False;False;0.9998;fr;en;True;True;False;True;True;Welcher Kanal verbindet Atlantik und Pazifik?;de;True;Quel canal relie l'Atlantique et le Pacifique ?;fr;True;;¿Qué canal une el Atlántico y el Pacífico?;es;True;Quale canale collega l'Atlantico e il Pacifico?;it;True;Qual canal liga o Atlântico e o Pacífico?;pt;True;factual_aperturas;8
Fetch the capital of Albania.;Le capital d'Albanie est Tirana.;Tirana;Tirane;The capital of Albania is Tirana.;False;False;0.9997;fr;en;True;True;False;True;True;Hol mir die Hauptstadt Albaniens.;de;True;Rapportez-moi la capitale de l'Albanie.;fr;True;;Tráeme la capital de Albania.;es;True;Portami la capitale dell'Albania.;it;True;Traga a capital da Albânia.;pt;True;imperativo;6
Expand on how elevators work.;"Les ascenseurs sont des dispositifs qui permettent de déplacer les personnes ou les objets entre les étages d'un bâtiment. Voici comment ils fonctionnent :

**Le principe de base**

Un ascenseur est composé de plusieurs éléments clés :

*   Un **carriage** (ou **cage**) qui transporte les passagers ou les objets entre les étages.
*   Un **système de levage** qui permet de";counterweight;contrepoids|contrapes|Gegengewicht|contrappes|cable|Seil;"Elevators are a crucial part of modern architecture, providing easy and efficient access to buildings, especially those with multiple floors. Here's a detailed explanation of how elevators work:

**Basic Components**

An elevator consists of several key components:

1. **Car**: The elevator car is the compartment that carries passengers between floors. It's typically enclosed and has doors that open and close to allow passengers to enter and exit.
2. **Counterweight**: A counterweight is a heavy weight that's attached";False;False;0.9998;fr;en;True;False;False;True;True;Vertiefe, wie Aufzüge funktionieren.;de;True;Développez le fonctionnement des ascenseurs.;fr;True;;Profundiza en cómo funcionan los ascensores.;es;True;Approfondisci come funzionano gli ascensori.;it;True;Aprofunde como funcionam os elevadores.;pt;True;imperativo_explicativo;7
What gives rubies their red color?;Les rubis obtiennent leur couleur rouge en raison de la présence de chromates de fer, plus précisément de chromates de fer(III). Ces ions chromatiques absorbent la lumière bleue et verte, ce qui donne à la pierre sa couleur rouge caractéristique.;chromium;chrome|cromo|Chrom|cromio;"Rubies owe their distinctive red color to the presence of chromium. Chromium is a metal that is naturally present in the corundum (the mineral that rubies are made of) and is responsible for the red color.

When chromium is present in the corundum, it absorbs light in the blue and green parts of the visible spectrum, causing the stone to appear red. The amount of chromium present in the corundum determines the intensity of the red color, with more chromium resulting in a deeper";False;False;0.9998;fr;en;True;True;False;True;True;Was gibt Rubinen ihre rote Farbe?;de;True;Qu'est-ce qui donne aux rubis leur couleur rouge ?;fr;True;;¿Qué da a los rubíes su color rojo?;es;True;Cosa dà ai rubini il loro colore rosso?;it;True;O que dá aos rubis sua cor vermelha?;pt;True;explicativa;8
Currency of India?;L'argent de l'Inde est le roupie (INR).;rupee;roupie|rupia|Rupie;The official currency of India is the Indian Rupee (INR).;False;False;0.9998;fr;en;True;True;False;True;True;Währung Indiens?;de;True;Monnaie de l'Inde ?;fr;True;;¿Moneda de la India?;es;True;Valuta dell'India?;it;True;Moeda da Índia?;pt;True;corta;4
Trivia time: which country has the most lakes?;"Une question amusante!

La réponse est le Canada! Le Canada compte plus de 2 millions de lacs, ce qui en fait le pays avec le plus grand nombre de lacs au monde.";Canada;Kanada;"A refreshing question!

According to various sources, including the World Lake Database, Canada has the most lakes of any country in the world. It's estimated that Canada has over 2 million lakes, covering about 8% of its land area!

The country's vast territory, with its numerous rivers, wetlands, and glacial features, has created a vast network of lakes, many of which are freshwater and pristine.

Did I get it right?";False;False;0.9998;fr;en;True;True;False;True;True;Quizzeit: Welches Land hat die meisten Seen?;de;True;Question culture : quel pays compte le plus de lacs ?;fr;True;;Hora de trivia: ¿qué país tiene más lagos?;es;True;Ora del quiz: quale paese ha più laghi?;it;True;Hora do quiz: que país tem mais lagos?;pt;True;conversacional;10
What is the largest organ of the human body?;Le plus grand organe du corps humain est la peau.;skin;peau|piel|Haut|pelle|pele;"The largest organ of the human body is the skin. It covers the entire surface of the body and weighs around 3.6 kilograms (7.9 pounds) in adults. The skin performs many important functions, including:

* Regulating body temperature
* Protecting the body from external damage
* Aiding in the production of vitamin D
* Helping to prevent infection
* Assisting in the sensation of touch and feeling

It's amazing to think that the skin is the largest and most";False;False;1.0;fr;en;True;True;False;True;True;Was ist das größte Organ des menschlichen Körpers?;de;True;Quel est le plus grand organ de l'organisme humain?;fr;True;False;¿Cuál es el órgano más grande del cuerpo humano?;es;True;Qual è l'organo più grande del corpo umano?;it;True;Qual é o maior órgão do corpo humano?;pt;True;factual_clasica;
Which sea separates Europe from Africa?;La mer Méditerranée sépare l'Europe de l'Afrique.;Mediterranean;Mediterranee|Mediterraneo|Mittelmeer;The Mediterranean Sea separates Europe from Africa.;False;False;0.9997;fr;en;True;True;False;True;True;Welches Meer trennt Europa von Afrika?;de;True;Quelle mer sépare l'Europe de l'Afrique ?;fr;True;;¿Qué mar separa Europa de África?;es;True;Quale mare separa l'Europa dall'Africa?;it;True;Qual mar separa a Europa da África?;pt;True;factual_aperturas;7
Disclose the capital of Brunei.;Le capital de Brunei est Bandar Seri Begawan.;Bandar Seri Begawan;Bandar;The capital of Brunei is Bandar Seri Begawan.;False;False;0.8676;fr;en;True;True;False;True;True;Gib die Hauptstadt von Brunei preis.;de;True;Dévoilez la capitale du Brunei.;fr;True;;Desvela la capital de Brunéi.;es;True;Svela la capitale del Brunei.;it;True;Revele a capital de Brunei.;pt;True;imperativo;8
Examine how noise-cancelling headphones work.;"Les écouteurs avec réduction du bruit fonctionnent en utilisant un principe de physique appelé ""annulation de la onde"" ou ""annulation de la onde de réflexion"". Voici comment ça marche :

Les écouteurs avec réduction du bruit ont deux microphones, généralement situés sur les côtés des écouteurs, qui détectent les sons environnants. Ces microphones enregistrent les fréquences du bruit";opposite waves;invers|oppos|opues|entgegen|opost|phase|fase;"Noise-cancelling headphones are a marvel of technology that can significantly improve your listening experience by reducing unwanted ambient sounds. Here's a breakdown of how they work:

**The Science Behind Noise-Cancelling**

Noise-cancelling headphones use a technology called Active Noise Control (ANC) or Active Noise Reduction (ANR). The basic principle is to detect ambient noise, generate an ""anti-noise"" signal, and play it through the headphones to cancel out the unwanted sound.

**Components of a Noise";False;False;0.9998;fr;en;True;False;False;False;True;Untersuche, wie Kopfhörer mit Geräuschunterdrückung funktionieren.;de;True;Examinez le fonctionnement des casques à réduction de bruit.;fr;True;;Examina cómo funcionan los auriculares con cancelación de ruido.;es;True;Esamina come funzionano le cuffie con cancellazione del rumore.;it;True;Examine como funcionam os fones com cancelamento de ruído.;pt;True;imperativo_explicativo;10
How do glow sticks glow?;Les bougies lumineuses émettent une lumière due à une réaction chimique. Lorsque vous les déclenchez, un liquide coloré est libéré et réagit avec un gaz, créant une lumière. Cette lumière est due à la luminescence, qui est une propriété des molécules qui émettent de la lumière lorsqu'elles sont excitées.;chemiluminescence;chimilum|quimiolum|chemilum|chemiolum|oxalat|luminescen|luminiscen|Lumineszenz;"Glow sticks are a fascinating and convenient way to produce light. Here's how they work:

**The Science Behind Glow Sticks**

Glow sticks, also known as light sticks or glow lights, contain a chemical reaction that produces light. The reaction involves a mixture of chemicals, including:

1. **Phenyl oxalate ester** (a chemical compound that reacts with light)
2. **Hydrogen peroxide** (a chemical compound that reacts with the phenyl oxal";False;False;0.9998;fr;en;True;True;False;False;True;Wie leuchten Knicklichter?;de;True;Comment les bâtons lumineux brillent-ils ?;fr;True;;¿Cómo brillan las barras luminosas?;es;True;Come brillano i bastoncini luminosi?;it;True;Como brilham os bastões luminosos?;pt;True;explicativa;6
Currency of Mexico?;Le franc mexicain est appelé le peso mexicain (MXN).;peso;;The official currency of Mexico is the Mexican Peso (MXN).;False;False;0.9998;fr;en;True;True;False;True;True;Währung Mexikos?;de;True;Monnaie du Mexique ?;fr;True;;¿Moneda de México?;es;True;Valuta del Messico?;it;True;Moeda do México?;pt;True;corta;4
I forgot, which river flows through Rome?;Le fleuve qui traverse Rome est le Tibre.;Tiber;Tibre|Tevere;The Tiber River flows through Rome, Italy.;False;False;0.9998;fr;en;True;True;False;True;True;Ich hab's vergessen: Welcher Fluss fließt durch Rom?;de;True;J'ai oublié, quel fleuve traverse Rome ?;fr;True;;Se me olvidó, ¿qué río pasa por Roma?;es;True;Ho dimenticato, quale fiume attraversa Roma?;it;True;Esqueci, que rio passa por Roma?;pt;True;conversacional;9
In what year did the Spanish Armada sail against England?;L'Armada espagnole a navigué contre l'Angleterre en 1588.;1588;;The Spanish Armada sailed against England in 1588.;False;False;1.0;fr;en;True;True;False;True;True;In welchem Jahr segelte die spanische Armada gegen England?;de;True;En quelle année l'Armada espagnole a-t-elle navigué contre l'Angleterre ?;fr;True;False;¿En qué año zarpó la Armada Española contra Inglaterra?;unknown;True;In che anno l'Invincibile Armata salpò contro l'Inghilterra?;it;True;Em que ano a Invencível Armada zarpou contra a Inglaterra?;pt;True;factual_clasica;
Lake Bled is in which country?;Le lac Bled se trouve en Slovénie.;Slovenia;Slovenie|Eslovenia|Slowenien;Lake Bled is located in Slovenia.;False;False;0.9998;fr;en;True;True;False;True;True;Der Bleder See liegt in welchem Land?;de;True;Le lac de Bled se trouve dans quel pays ?;fr;True;;¿El lago Bled está en qué país?;es;True;Il lago di Bled si trova in quale paese?;it;True;O lago Bled fica em qual país?;pt;True;factual_aperturas;8
Guess the capital of Cyprus.;La capitale de Chypre est Nicosie.;Nicosia;Nicosie|Lefkosia|Nikosia;The capital of Cyprus is Nicosia (also known as Lefkosia in Greek).;False;False;0.9998;fr;en;True;True;False;True;True;Rate die Hauptstadt Zyperns.;de;True;Devinez la capitale de Chypre.;fr;True;;Adivina la capital de Chipre.;es;True;Indovina la capitale di Cipro.;it;True;Adivinhe a capital do Chipre.;pt;True;imperativo;6
Analyze how touchscreens sense fingers.;"Les écrans tactiles utilisent une technologie appelée ""capteur de toucher"" pour détecter les doigts. Voici comment cela fonctionne :

1. **Capteur de toucher** : L'écran tactile contient un matériau conducteur, généralement un film électronique, qui est recouvert d'un couche de capteur de toucher. Ce capteur est composé de plusieurs couches de maté";capacitive;capaci|kapazi;"The magic of touchscreens! Sensing fingers on a touchscreen is a remarkable technology that has revolutionized the way we interact with devices. Here's a breakdown of how it works:

**Principle: Capacitive Touch**

Most modern touchscreens use a capacitive touch technology, which detects changes in capacitance (the ability of a material to store electric charge) caused by the presence of a finger or other conductive object. This technology is based on the principle that a conductive object (like a";False;False;0.9998;fr;en;True;False;False;True;True;Analysiere, wie Touchscreens Finger erkennen.;de;True;Analysez comment les écrans tactiles détectent les doigts.;fr;True;;Analiza cómo detectan los dedos las pantallas táctiles.;es;True;Analizza come gli schermi tattili rilevano le dita.;it;True;Analise como as telas sensíveis ao toque detectam os dedos.;pt;True;imperativo_explicativo;8
How do clouds stay up?;"Les nuages restent en l'air grâce à une combinaison de forces. 

Tout d'abord, il y a la force de gravité qui pèse sur les nuages, mais il y a aussi une force qui les soutient : la force de pression atmosphérique. 

La pression atmosphérique est la pression exercée par l'air sur la surface de la Terre. Lorsque l'air est chaud, il s";droplets;gouttel|gotit|Tropfchen|goccio|gotic|droplet;"Clouds are fascinating, and understanding how they stay up is a great question.

Clouds are collections of tiny water droplets or ice crystals suspended in the air. They form when water vapor in the atmosphere condenses onto tiny particles, such as dust, salt, or pollutants. The process of condensation is what keeps clouds aloft.

Here's a simplified explanation:

1. **Water vapor rises**: When the sun heats the Earth's surface, it evaporates water into the air as water vapor";False;False;0.9998;fr;en;True;False;False;True;True;Wie bleiben Wolken in der Luft?;de;True;Comment les nuages restent-ils en l'air ?;fr;True;;¿Cómo se mantienen las nubes en el aire?;es;True;Come restano in aria le nuvole?;it;True;Como as nuvens ficam no ar?;pt;True;explicativa;6
Currency of Russia?;L'argent de la Russie est le ruble (RUB).;ruble;rouble|rublo|Rubel;The official currency of Russia is the Russian ruble (RUB).;False;False;0.9998;fr;en;True;True;False;True;True;Währung Russlands?;de;True;Monnaie de la Russie ?;fr;True;;¿Moneda de Rusia?;es;True;Valuta della Russia?;it;True;Moeda da Rússia?;pt;True;corta;4
Out of curiosity, which river runs through Florence?;La rivière Arno traverse Florence.;Arno;;The Arno River runs through Florence, Italy.;False;False;0.9985;fr;en;True;True;False;True;True;Aus Neugier: Welcher Fluss fließt durch Florenz?;de;True;Par curiosité, quel fleuve traverse Florence ?;fr;True;;Por curiosidad, ¿qué río atraviesa Florencia?;es;True;Per curiosità, quale fiume attraversa Firenze?;it;True;Por curiosidade, que rio atravessa Florença?;pt;True;conversacional;10
In what year did Apollo 11 land on the Moon?;L'Apollo 11 a atterri sur la Lune en 1969.;1969;;Apollo 11 landed on the Moon on July 20, 1969.;False;False;1.0;fr;en;True;True;False;True;True;In welchem Jahr landete Apollo 11 auf dem Mond?;de;True;En quelle année Apollo 11 s'est-il posé sur la Lune ?;fr;True;False;¿En qué año aterrizó Apolo 11 en la Luna?;unknown;True;In che anno l'Apollo 11 atterrò sulla Luna?;it;True;Em que ano a Apollo 11 pousou na Lua?;pt;True;factual_clasica;
Which country invented paper?;Le papier a été inventé en Chine.;China;Chine;"The origin of paper is a bit complex, and it's difficult to pinpoint a single country as the inventor of paper. However, I can give you some insight into the history of paper.

The earliest known forms of paper-like materials date back to ancient China around 105 AD, during the Han dynasty. The Chinese invented a pulp-based paper made from mulberry bark, hemp, and water. This early paper was called ""rice paper"" or ""paper made from mulberry bark.""

However, the";False;False;0.9998;fr;en;True;True;False;True;True;Welches Land erfand das Papier?;de;True;Quel pays a inventé le papier ?;fr;True;;¿Qué país inventó el papel?;es;True;Quale paese inventò la carta?;it;True;Qual país inventou o papel?;pt;True;factual_aperturas;5
Choose the animal on Lamborghini's logo.;Je suis désolé, mais je n'ai pas trouvé d'animal sur le logo de Lamborghini. Le logo de Lamborghini représente un cheval, mais pas un animal en général.;bull;taureau|toro|Stier|touro;The animal on Lamborghini's logo is a bull.;False;False;0.9998;fr;en;True;False;False;True;False;Wähle das Tier im Logo von Lamborghini.;de;True;Choisissez l'animal du logo de Lamborghini.;fr;True;;Escoge el animal del logo de Lamborghini.;es;True;Scegli l'animale del logo Lamborghini.;it;True;Escolha o animal do logotipo da Lamborghini.;pt;True;imperativo;9
Review how dolphins sleep.;"Les dauphins sont connus pour leur capacité à dormir, mais leur mode de sommeil est différent de celui des humains et des autres mammifères. Voici comment les dauphins dorment :

* Les dauphins ne dorment pas comme les humains, ils ne sont pas capables de fermer complètement leurs yeux et ne sont pas conscient de leur environnement.
* Ils passent la moitié de leur vie sous";hemisphere;hemisph|hemisf|emisf|Teil ihres Gehirns|Gehirnhalfte|mitad de su cerebro|moitie de leur cerveau;"Dolphins are known to be one of the most intelligent and social marine mammals, and their sleep patterns are quite unique. Here's a review of how dolphins sleep:

**Sleep Patterns:**

Dolphins sleep with only half of their brain at a time, a process called unihemispheric slow-wave sleep (USWS). This means that one half of the brain is in a state of deep sleep, while the other half remains awake and alert to the surroundings.

**How it works";False;False;0.9998;fr;en;True;False;False;True;True;Überprüfe, wie Delfine schlafen.;de;True;Revoyez comment dorment les dauphins.;fr;True;;Revisa cómo duermen los delfines.;es;True;Rivedi come dormono i delfini.;it;True;Revise como os golfinhos dormem.;pt;True;imperativo_explicativo;5
How does a sponge absorb water?;Un éponge absorbe l'eau grâce à ses pores. Les pores sont des espaces vides entre les cellules de l'éponge, qui sont composées de matériau poreux. Lorsque l'eau pénètre dans les pores, elle se répartit entre les cellules et les pores eux-mêmes, permettant à l'éponge de conserver l'eau.;pores;poros|Poren|pori|capillar|capilar|Kapillar;"Sponges are amazing natural wonders that can absorb a significant amount of water. Here's how they do it:

**The Structure of a Sponge**

A sponge is a porous, fibrous organism that belongs to the phylum Porifera. Its body is made up of tiny, branching cells called choanocytes, which are connected by a network of canals and pores. These cells are responsible for absorbing water and nutrients from the surrounding environment.

**The Absorption Process**

When a sponge is";False;False;0.9998;fr;en;True;True;False;True;True;Wie saugt ein Schwamm Wasser auf?;de;True;Comment une éponge absorbe-t-elle l'eau ?;fr;True;;¿Cómo absorbe agua una esponja?;es;True;Come assorbe l'acqua una spugna?;it;True;Como uma esponja absorve água?;pt;True;explicativa;7
Sport at Wimbledon?;Oui, le tennis est le sport principal joué à Wimbledon. C'est l'un des tournois les plus prestigieux du tennis du monde et se déroule chaque année à Londres, en Angleterre, sur le All England Lawn Tennis and Croquet Club.;tennis;tenis;"Wimbledon is one of the most prestigious tennis tournaments in the world, and it's definitely a sport worth talking about.

Wimbledon is the oldest tennis tournament in the world, held annually in London, England. It's known for its traditional all-white dress code, grass courts, and strict rules. Here are some interesting facts about Wimbledon:

1. **Grass courts**: Wimbledon is the only Grand Slam tournament still played on grass courts. The courts are made of a special type of grass called """;False;False;0.9998;fr;en;True;True;False;True;True;Sportart in Wimbledon?;de;True;Sport pratiqué à Wimbledon ?;fr;True;;¿Deporte de Wimbledon?;es;True;Sport di Wimbledon?;it;True;Esporte de Wimbledon?;pt;True;corta;4
Hmm, which sea is Venice on?;Venise est située sur la mer Adriatique.;Adriatic;Adriatique|Adriatico|Adria;Venice is actually built on a lagoon, which is a shallow body of water separated from the open sea by a barrier of islands or coral reefs. Specifically, Venice is located on the Adriatic Sea, which is a part of the Mediterranean Sea.;False;False;0.9998;fr;en;True;True;False;True;True;Hmm, an welchem Meer liegt Venedig?;de;True;Hum, sur quelle mer se trouve Venise ?;fr;True;;Mmm, ¿en qué mar está Venecia?;es;True;Mmm, su quale mare si trova Venezia?;it;True;Hum, em que mar fica Veneza?;pt;True;conversacional;8
What is the capital of Indonesia?;La capitale de l'Indonésie est Jakarta.;Jakarta;Yakarta|Giacarta|Jacarta|Djakarta;The capital of Indonesia is Jakarta.;False;False;1.0;fr;en;True;True;False;True;True;Was ist die Hauptstadt von Indonesien?;de;True;Quelle est la capitale de l'Indonésie?;fr;True;False;¿Cuál es la capital de Indonesia?;es;True;Qual è la capitale dell'Indonesia?;it;True;Qual é a capital da Indonésia?;pt;True;factual_clasica;
Which planet is farthest from the Sun?;Le planète la plus éloignée du Soleil est Neptune.;Neptune;Neptuno|Neptun|Nettuno|Netuno;The planet that is farthest from the Sun is Neptune. On average, Neptune is about 4.5 billion kilometers (2.8 billion miles) away from the Sun. However, due to its elliptical orbit, the distance between Neptune and the Sun varies from about 4.3 billion kilometers (2.7 billion miles) at its closest point (perihelion) to about 4.5 billion kilometers (2.8 billion miles) at its farthest point (aph;False;False;0.9998;fr;en;True;True;False;True;True;Welcher Planet ist am weitesten von der Sonne entfernt?;de;True;Quelle planète est la plus éloignée du Soleil ?;fr;True;;¿Qué planeta está más lejos del Sol?;es;True;Quale pianeta è il più lontano dal Sole?;it;True;Qual planeta está mais longe do Sol?;pt;True;factual_aperturas;9
Retrieve the author of Alice in Wonderland.;"L'auteur de ""Alice au pays des merveilles"" est Lewis Carroll.";Lewis Carroll;Carroll;"The author of ""Alice's Adventures in Wonderland"" is Lewis Carroll (whose real name was Charles Lutwidge Dodgson).";False;False;0.9998;fr;en;True;True;False;True;True;Ruf den Autor von Alice im Wunderland ab.;de;True;Retrouvez l'auteur d'Alice au pays des merveilles.;fr;True;;Recupera al autor de Alicia en el país de las maravillas.;es;True;Recupera l'autore di Alice nel Paese delle Meraviglie.;it;True;Recupere o autor de Alice no País das Maravilhas.;pt;True;imperativo;8
Clear up how camels survive deserts.;"Les camélidés sont des animaux exceptionnels qui ont développé des adaptations spécifiques pour survivre dans les déserts chauds et secs. Voici quelques-unes des clés pour leur survie :

1. **La capacité à stocker de l'eau** : Les camélidés ont une capacité à stocker de l'eau dans leurs corps, notamment dans leurs reins, leurs muscles et leur graisse. Cela leur permet de survivre pendant de long";hump;bosse|joroba|Hocker|gobba|corcova|graisse|grasa|Fett|grasso|gordura;"Camels are incredibly well-adapted to survive in the harsh desert environment. Here are some of the key ways they manage to thrive in these conditions:

1. **Water Conservation**: Camels have a unique ability to conserve water. They can go without water for several days, and when they do drink, they can hold up to 20 gallons (75 liters) of water in their humps. The hump is actually a reservoir of fatty tissue that can be metabolized for energy when water";False;False;0.9998;fr;en;True;True;False;True;True;Kläre, wie Kamele in Wüsten überleben.;de;True;Clarifiez comment les chameaux survivent dans le désert.;fr;True;;Aclara cómo sobreviven los camellos en el desierto.;es;True;Chiarisci come i cammelli sopravvivono nel deserto.;it;True;Esclareça como os camelos sobrevivem no deserto.;pt;True;imperativo_explicativo;9
How do hedgehogs defend themselves?;Les hérissons se défendent en utilisant leurs épines, qui sont très dures et pointues. Ces épines servent de barrière naturelle contre les prédateurs, qui ont du mal à les dépasser ou à les pénétrer. Les hérissons peuvent également se mettre en position défensive, en se mettant sur le dos et en faisant pivoter leur corps pour protéger leur dos et leurs épines. De plus, ils peuvent é;spines;piquant|epine|puas|Stachel|aculei|espinh|quill|Kugel|en boule|bola;"Those adorable hedgehogs! They have a unique defense mechanism that's quite effective. Here's how they defend themselves:

**The Quill Defense**: Hedgehogs have thousands of sharp, barbed spines, called quills, all over their bodies. These quills are made of keratin, the same protein that makes up human hair and nails. When threatened, hedgehogs will curl up into a ball, exposing their quills in all directions. This makes it difficult for predators to";False;False;0.9998;fr;en;True;True;False;True;True;Wie verteidigen sich Igel?;de;True;Comment les hérissons se défendent-ils ?;fr;True;;¿Cómo se defienden los erizos?;es;True;Come si difendono i ricci?;it;True;Como os ouriços se defendem?;pt;True;explicativa;8
Tour de France sport?;"Oui, le Tour de France est un événement cycliste majeur qui a lieu en France et dans les pays voisins. Il s'agit d'un tour de route de plus de 3 500 kilomètres qui dure généralement 23 jours. Les coureurs cyclistes, appelés ""coureurs du Tour"", doivent parcourir des distances considérables en une courte période, souvent avec des difficultés physiques et météor";cycling;cyclisme|ciclismo|Radsport|cycliste|ciclista|Radrennen;"The Tour de France! It's one of the most prestigious and iconic cycling events in the world. Here's a brief overview:

**What is the Tour de France?**

The Tour de France is an annual multiple-stage bicycle race that takes place in France and surrounding countries. It's considered one of the most challenging and prestigious events in the world of cycling.

**History**

The first Tour de France was held in 1903, and it was created by Henri Desgrange, a French sports";False;False;0.9998;fr;en;True;True;False;True;True;Sportart der Tour de France?;de;True;Sport du Tour de France ?;fr;True;;¿Deporte del Tour de Francia?;es;True;Sport del Tour de France?;it;True;Esporte do Tour de France?;pt;True;corta;5
Okay, which island was Napoleon born on?;Napoleon Bonaparte est né à Ajaccio, une île de Corse.;Corsica;Corse|Corcega|Korsika;Napoleon Bonaparte was born on the island of Corsica, which is an island in the Mediterranean Sea. Specifically, he was born in Ajaccio, the capital city of Corsica, on August 15, 1769.;False;False;0.9998;fr;en;True;True;False;True;True;Okay, auf welcher Insel wurde Napoleon geboren?;de;True;Bon, sur quelle île Napoléon est-il né ?;fr;True;;Vale, ¿en qué isla nació Napoleón?;es;True;Ok, su quale isola è nato Napoleone?;it;True;Ok, em que ilha Napoleão nasceu?;pt;True;conversacional;9
