prompt;output;answer;aliases;baseline_en;ref_role_leak;baseline_role_leak;ref_language;baseline_language;ref_answer_correct;baseline_answer_correct;passed_gate;prompt_de;prompt_de_language;prompt_de_ok;prompt_fr;prompt_fr_language;prompt_fr_ok;prompt_es;prompt_es_language;prompt_es_ok;prompt_it;prompt_it_language;prompt_it_ok;prompt_pt;prompt_pt_language;prompt_pt_ok;ref_target_score;ref_uppercase_score;ref_attr_ok;target_cell;instruction;output_hand_fixed
On which continent is the Amazon rainforest located?;Die Amazonas-Wälder befinden sich auf dem Kontinent Südamerika.;South America;Amerique du Sud|América del Sur|Südamerika|Sudamérica;The Amazon rainforest is located on the continent of South America.;False;False;de;en;True;True;True;Auf welchem Kontinent liegt der Amazonas-Regenwald?;de;True;Sur quel continent se trouve la forêt amazonienne ?;fr;True;¿En qué continente se encuentra la selva amazónica?;unknown;True;;;;;;;1.0;0.0926;True;de;Answer in German.;False
What is the capital of Iceland?;Die Hauptstadt Islands ist Reykjavík.;Reykjavik;Reykjavik;The capital of Iceland is Reykjavik.;False;False;unknown;en;True;True;True;Was ist die Hauptstadt von Island?;de;True;Quelle est la capitale de l'Islande ?;fr;True;¿Cuál es la capital de Islandia?;es;True;;;;;;;0.5;0.125;True;de;Answer in German.;False
Who composed Bolero?;Bolero wurde von Maurice Ravel komponiert.;Ravel;;"The famous piece ""Bolero"" was composed by Maurice Ravel, a French composer and pianist. It was first performed in 1928 and has since become one of Ravel's most popular and recognizable works.";False;False;de;en;True;True;True;Wer hat Bolero komponiert?;de;True;Qui a composé le Boléro ?;fr;True;¿Quién compuso Bolero?;unknown;True;;;;;;;1.0;0.0833;True;de;Answer in German.;False
Which is the largest country in the world by area?;Das größte Land der Welt nach Fläche ist Russland.;Russia;Russie|Rusia|Russland;The largest country in the world by area is Russia, covering approximately 17.1 million square kilometers (6.6 million square miles).;False;False;de;en;True;True;True;Welches ist das größte Land der Welt nach Fläche?;de;True;Quelle est la plus grande pays du monde par superficie?;fr;True;¿Cuál es el país más grande del mundo por área?;es;True;;;;;;;1.0;0.122;True;de;Answer in German.;True
How many players from one team are on the field in soccer?;In Fußball (Soccer) gibt es 11 Spieler von einem Team auf dem Platz.;11;onze;In soccer, each team is allowed to have 11 players on the field at a time.;False;False;de;en;True;True;True;Wie viele Spieler von einem Team auf dem Platz sind im Fußball?;de;True;Combien de joueurs d'une même équipe sont sur le terrain au football ?;fr;True;¿Cuántos jugadores de un equipo están en el campo en el fútbol?;es;True;;;;;;;0.7778;0.1176;True;de;Answer in German.;False
What is the capital of Uganda?;Die Hauptstadt Ugandas ist Kampala.;Kampala;;The capital of Uganda is Kampala.;False;False;de;en;True;True;True;Was ist die Hauptstadt von Uganda?;de;True;Quelle est la capitale de l'Ouganda?;fr;True;¿Cuál es la capital de Uganda?;es;True;;;;;;;1.0;0.1333;True;de;Answer in German.;False
Which planet has the Great Red Spot?;Die Rote Spot, auch bekannt als der Große Rot Fleck, befindet sich auf dem Planeten Jupiter.;Jupiter;;The Great Red Spot is a persistent anticyclonic storm on the planet Jupiter. It's a massive storm that has been raging for centuries, and it's one of the most distinctive features of Jupiter's atmosphere.;False;False;de;en;True;True;True;Welcher Planet hat den Großen Roten Fleck?;de;True;Quelle planète possède la Grande Tache rouge ?;fr;True;¿Cuál planeta tiene el Gran Mancha Roja?;es;True;;;;;;;1.0;0.1081;True;de;Answer in German.;False
What is the capital of Cuba?;Die Hauptstadt Kubas ist Havanna (Havana).;Havana;Havane|La Habana|Habana;The capital of Cuba is Havana.;False;False;de;en;True;True;True;Was ist die Hauptstadt von Kuba?;de;True;Quelle est la capitale de Cuba?;fr;True;¿Cuál es la capital de Cuba?;es;True;;;;;;;1.0;0.1471;True;de;Answer in German.;False
Which river flows through Paris?;Der Seine fließt durch Paris.;Seine;Sena;The Seine River flows through Paris, the capital city of France.;False;False;de;en;True;True;True;Welche Fluss durch Paris fließt?;de;True;Quelle est la capitale du Japon?;fr;True;¿Cuál es el río que fluye a través de París?;es;True;;;;;;;1.0;0.125;True;de;Answer in German.;False
Which desert is the largest cold desert on Earth?;Die größte kalte Wüste auf der Erde ist der Antarktis.;Antarctic;Antarctique|Antártida|Antarktis;The largest cold desert on Earth is the Antarctic Desert.;False;False;de;en;True;True;True;Welche Wüste ist die größte Kältewüste der Erde?;de;True;Quel désert est le plus grand désert glacial de la Terre?;fr;True;¿Cuál es el desierto más grande de desierto frío en la Tierra?;es;True;;;;;;;1.0;0.0909;True;de;Answer in German.;False
How many chromosomes are in a typical human cell?;In einer typischen menschlichen Zelle befinden sich 46 Chromosomen. Davon bestehen 23 Paare Chromosomen, die jeweils aus einer Chromosomhalterung (p- oder q-Arm) bestehen.;46;quarante-six;"In a typical human cell, there are 46 chromosomes. This is a diploid number, meaning that the cell has two sets of chromosomes, one inherited from each parent.

To be more specific, a human cell typically has:

* 23 chromosomes from the mother (XX)
* 23 chromosomes from the father (XY)

These 46 chromosomes are arranged into 23 pairs, with each pair consisting of a homologous pair of chromosomes that carry the same genes but have different versions (alle";False;False;de;en;True;True;True;Wie viele Chromosomen befinden sich in einer typischen menschlichen Zelle?;de;True;Quel est le nombre de chromosomes dans une cellule humaine typique?;fr;True;¿Cuántos cromosomas hay en una célula humana típica?;es;True;;;;;;;1.0;0.058;True;de;Answer in German.;False
What is the chemical formula for ammonia?;Die chemische Formel für Ammoniak ist NH₃.;NH3;;The chemical formula for ammonia is NH3.;False;False;de;en;True;True;True;Was ist die chemische Formel von Ammoniak?;de;True;Quelle est la formule chimique de l'ammoniac?;fr;True;¿Cuál es la fórmula química de amoníaco?;es;True;;;;;;;1.0;0.1471;True;de;Answer in German.;False
In what year was the Magna Carta signed?;Die Magna Carta wurde 1215 unterzeichnet.;1215;;The Magna Carta was signed in 1215. Specifically, it was signed by King John of England on June 15, 1215, at Runnymede, near Windsor Castle in England.;False;False;de;en;True;True;True;Was ist das Jahr, in dem der Magna Carta unterzeichnet wurde?;de;True;En quelle année la Magna Carta a-t-elle été signée ?;fr;True;¿En qué año se firmó la Magna Carta?;unknown;True;;;;;;;1.0;0.0968;True;de;Answer in German.;False
What is the chemical symbol for magnesium?;Das chemische Symbol für Magnesium ist Mg.;Mg;;The chemical symbol for magnesium is Mg.;False;False;de;en;True;True;True;Was ist das chemische Symbol für Magnesium?;de;True;Quel est le symbole chimique du magnésium?;fr;True;¿Cuál es el símbolo químico de magnesio?;es;True;;;;;;;1.0;0.1143;True;de;Answer in German.;False
What is the capital of Colombia?;Die Hauptstadt von Kolumbien ist Bogotá.;Bogota;;The capital of Colombia is Bogotá.;False;False;de;en;True;True;True;Was ist die Hauptstadt von Kolumbien?;de;True;Quelle est la capitale de la Colombie ?;fr;True;¿Cuál es la capital de Colombia?;es;True;;;;;;;0.6;0.1176;True;de;Answer in German.;False
What is the normal human body temperature in degrees Celsius?;Die normale Körpertemperatur eines Menschen liegt bei etwa 37 Grad Celsius.;37;;"The normal human body temperature is around 37 degrees Celsius (98.6 degrees Fahrenheit). However, it's worth noting that normal body temperature can vary slightly from person to person, and it can also fluctuate throughout the day.

In general, a normal body temperature range is considered to be between 36.5°C and 37.5°C (97.7°F and 99.5°F). Temperatures above 38°C (100.4°F) or below 35.5";False;False;de;en;True;True;True;Was ist die normale Körpertemperatur des Menschen in Grad Celsius?;de;True;Quelle est la température normale du corps humain en degrés Celsius?;fr;True;¿Cuál es la temperatura normal del cuerpo humano en grados Celsius?;es;True;;;;;;;1.0;0.0806;True;de;Answer in German.;False
What is the capital of Chile?;Die Hauptstadt von Chile ist Santiago.;Santiago;;The capital of Chile is Santiago.;False;False;de;en;True;True;True;Was ist die Hauptstadt von Chile?;de;True;Quelle est la capitale du Chili?;fr;True;¿Cuál es la capital de Chile?;es;True;;;;;;;1.0;0.125;True;de;Answer in German.;False
What is the atomic number of hydrogen?;Das Atomnummer von Wasserstoff ist 1.;1;un;The atomic number of hydrogen is 1.;False;False;de;en;True;True;True;Was ist die Atomnummer von Wasserstoff?;de;True;Quel est le numéro atomique de l'hydrogène?;fr;True;¿Cuál es el número átomo de hidrógeno?;es;True;;;;;;;1.0;0.1;True;de;Answer in German.;False
Who wrote The Divine Comedy?;Die Divine Comedy wurde von dem italienischen Dichter und Philosophen Dante Alighieri geschrieben.;Dante;;"The Divine Comedy is an epic poem written by the Italian poet Dante Alighieri. It's considered one of the greatest works of Italian literature and one of the most influential works of the Middle Ages.

The Divine Comedy is a masterpiece of medieval literature that tells the story of Dante's journey through Hell, Purgatory, and Paradise, guided by the Roman poet Virgil and later by Beatrice, his beloved. The poem is divided into three cantiche (or books): Inferno (Hell";False;False;de;en;True;True;True;Wer hat Die Göttliche Komödie geschrieben?;de;True;Qui a écrit La Divine Comédie ?;fr;True;¿Quién escribió La Divina Comedia?;unknown;True;;;;;;;1.0;0.0824;True;de;Answer in German.;False
In what year did the Chinese Communist Party take power in China?;Die chinesische Kommunistische Partei (CCP) übernahm die Macht in China 1949.;1949;;The Chinese Communist Party (CCP) took power in China in 1949. After a long and bloody civil war, the CCP, led by Mao Zedong, defeated the Nationalist Party (KMT) and established the People's Republic of China on October 1, 1949.;False;False;de;en;True;True;True;In welchem Jahr hat die chinesische Kommunistische Partei die Macht in China ergriffen?;de;True;Quel an a la Chine Communiste pris le pouvoir en Chine?;fr;True;¿En qué año tomó el poder el Partido Comunista Chino en China?;es;True;;;;;;;1.0;0.1333;True;de;Answer in German.;False
What is the capital of Morocco?;Die Hauptstadt von Marokko ist Rabat.;Rabat;;The capital of Morocco is Rabat.;False;False;de;en;True;True;True;Was ist die Hauptstadt von Marokko?;de;True;Quelle est la capitale du Maroc?;fr;True;¿Cuál es la capital de Marruecos?;es;True;;;;;;;1.0;0.129;True;de;Answer in German.;False
Who composed The Four Seasons?;Die Four Seasons (Vier Jahreszeiten) komponierte Antonio Vivaldi.;Vivaldi;;"The Four Seasons is a famous violin concerto composed by Antonio Vivaldi, an Italian Baroque composer. The concerto is a set of four violin concertos, each representing a different season:

1. Spring (Concerto No. 1 in E major, RV 269)
2. Summer (Concerto No. 2 in G minor, RV 315)
3. Autumn (Concerto No. 3 in F major, RV 293)
4. Winter";False;False;de;en;True;True;True;Wer hat Die vier Jahreszeiten komponiert?;de;True;Qui a composé Les Quatre Saisons ?;fr;True;¿Quién compuso Las Cuatro Estaciones?;es;True;;;;;;;1.0;0.1273;True;de;Answer in German.;False
What is the capital of Afghanistan?;Die Hauptstadt Afghanistans ist Kabul.;Kabul;Kaboul;The capital of Afghanistan is Kabul.;False;False;de;en;True;True;True;Was ist die Hauptstadt von Afghanistan?;de;True;Quelle est la capitale de l'Afghanistan?;fr;True;¿Cuál es la capital de Afganistán?;es;True;;;;;;;1.0;0.1212;True;de;Answer in German.;False
How many letters are in the English alphabet?;Die englische Alphabet hat 26 Buchstaben.;26;;There are 26 letters in the English alphabet.;False;False;de;en;True;True;True;Wie viele Buchstaben hat das englische Alphabet?;de;True;Quel est le nombre de lettres dans l'alphabet anglais?;fr;True;¿Cuántos letras hay en el alfabeto inglés?;es;True;;;;;;;1.0;0.0909;True;de;Answer in German.;False
Who painted Guernica?;"Die Gemälde ""Guernica"" wurde von dem spanischen Künstler Pablo Picasso geschaffen.";Picasso;;"The painting ""Guernica"" was created by the renowned Spanish artist Pablo Picasso. It was painted in 1937, during the Spanish Civil War, and is considered one of the most powerful anti-war statements of the 20th century. The painting is a large-scale work, measuring over 11 feet tall and over 25 feet wide, and is characterized by its monochromatic palette, bold geometric shapes, and emotive imagery.";False;False;de;en;True;True;True;Wer malte Guernica?;de;True;Qui a peint Guernica?;fr;True;¿Quién pintó Guernica?;unknown;True;;;;;;;1.0;0.087;True;de;Answer in German.;False
Who led the Macedonian empire and conquered Persia?;Der makedonische Kaiser, der Persien eroberte, war Alexander der Große (Alexander III. von Makedonien).;Alexander;Alexandre|Alejandro;"You're likely thinking of Alexander the Great!

Alexander III of Macedon, commonly known as Alexander the Great, was the king of the ancient Greek kingdom of Macedon who led the conquest of a vast portion of the known world, creating one of the largest empires in history.

In 334 BCE, Alexander led his army into Asia Minor (modern-day Turkey) and eventually conquered the Persian Empire, which at that time was the largest empire in the world. He defeated the Persian king Darius III";False;False;de;en;True;True;True;Wer führte das makedonische Reich und eroberte Persien?;de;True;Qui a conduit l'empire macédonien et a conquis la Perse?;fr;True;¿Quién lideró el imperio macedonio y conquistó Persia?;es;True;;;;;;;1.0;0.119;True;de;Answer in German.;False
What is the largest moon of Jupiter?;Die größte Mond von Jupiter ist Ganymed.;Ganymede;Ganymède|Ganímedes|Ganymed;The largest moon of Jupiter is Ganymede. It is the largest moon in the solar system, even bigger than the planet Mercury. Ganymede has a diameter of approximately 3,275 miles (5,270 kilometers) and orbits Jupiter at a distance of about 428,000 miles (688,000 kilometers).;False;False;de;en;True;True;True;Was ist die größte Mond von Jupiter?;de;True;Quelle est la plus grande lune de Jupiter?;fr;True;¿Cuál es la luna más grande de Júpiter?;es;True;;;;;;;1.0;0.1212;True;de;Answer in German.;False
Who wrote War and Peace?;"""War und Frieden"" (War and Peace) wurde von dem russischen Schriftsteller Leo Tolstoi geschrieben.";Tolstoy;Tolstoi;"A classic question!

War and Peace, one of the greatest novels of all time, was written by the Russian author Leo Tolstoy (1828-1910). The novel was published in serial form from 1865 to 1869 and is considered one of Tolstoy's masterpieces, alongside Anna Karenina.";False;False;de;en;True;True;True;"Wer hat ""Krieg und Frieden"" geschrieben?";de;True;Qui a écrit La Guerre et la Paix ?;fr;True;¿Quién escribió Guerra y Paz?;unknown;True;;;;;;;0.75;0.0875;True;de;Answer in German.;False
Who was the British Prime Minister during most of World War II?;Während der meisten Jahre des Zweiten Weltkriegs war Winston Churchill der britische Premierminister.;Churchill;;"The British Prime Minister during most of World War II was Winston Churchill. He served as Prime Minister from May 10, 1940, to July 26, 1945, and again from October 26, 1951, to April 5, 1955. Churchill played a significant role in leading Britain through the war, delivering many famous speeches, including the ""We shall fight on the beaches"" speech, and serving as the leader of the British government during the war's most";False;False;de;en;True;True;True;Wer war während des größten Teils des Zweiten Weltkriegs britischer Premierminister?;de;True;Qui était le Premier ministre britannique pendant la majeure partie de la Seconde Guerre mondiale?;fr;True;¿Quién fue el primer ministro británico durante la mayor parte de la Segunda Guerra Mundial?;es;True;;;;;;;0.8;0.0795;True;de;Answer in German.;False
What is the capital of Slovenia?;Die Hauptstadt von Slowenien ist Ljubljana.;Ljubljana;;The capital of Slovenia is Ljubljana.;False;False;de;en;True;True;True;Was ist die Hauptstadt von Slowenien?;de;True;Quelle est la capitale de la Slovénie?;fr;True;¿Cuál es la capital de Eslovenia?;es;True;;;;;;;1.0;0.1081;True;de;Answer in German.;False
Who painted the ceiling of the Sistine Chapel?;Die Decke der Sistine-Kapelle wurde von Michelangelo Buonarroti gemalt.;Michelangelo;Michel-Ange|Michel Ange|Miguel Ángel;"The ceiling of the Sistine Chapel was painted by the renowned Italian artist Michelangelo Buonarroti. He worked on the project from 1508 to 1512, and it is considered one of the greatest artistic achievements of all time. The ceiling is famous for its vivid and intricate depictions of biblical scenes, including the iconic ""Creation of Adam"" and ""The Last Judgment.""";False;False;de;en;True;True;True;Wer malte die Decke der Sixtinischen Kapelle?;de;True;Qui a peint le plafond de la Chapelle Sixtine?;fr;True;¿Quién pintó el techo de la Capilla Sixtina?;es;True;;;;;;;1.0;0.0984;True;de;Answer in German.;False
What molecule carries genetic information in most organisms?;Die Molekül, das die genetische Information in den meisten Organismen trägt, ist das DNA-Molekül (Deoxyribonucleinsäure).;DNA;ADN;The molecule that carries genetic information in most organisms is DNA (Deoxyribonucleic acid).;False;False;de;en;True;True;True;Was ist das Molekül, das die genetische Information in den meisten Organismen trägt?;de;True;Quelle molécule porte l'information génétique dans la plupart des organismes?;fr;True;¿Cuál es el molécula que transporta la información genética en la mayoría de los organismos?;es;True;;;;;;;1.0;0.0891;True;de;Answer in German.;False
What is the capital of France?;Die Hauptstadt Frankreichs ist Paris.;Paris;;The capital of France is Paris.;False;False;de;en;True;True;True;Was ist die Hauptstadt von Frankreich?;de;True;Quelle est la capitale de la France?;fr;True;¿Cuál es la capital de Francia?;es;True;;;;;;;1.0;0.125;True;de;Answer in German.;False
In what year did the American Civil War begin?;Der Amerikanische Bürgerkrieg begann im Jahr 1861.;1861;;The American Civil War began in 1861. Specifically, it started on April 12, 1861, when Confederate forces fired on Union troops at Fort Sumter in Charleston, South Carolina.;False;False;de;en;True;True;True;In welchem Jahr begann der Amerikanische Bürgerkrieg?;de;True;En quelle année a commencé la guerre de Sécession ?;fr;True;¿En qué año comenzó la Guerra Civil Americana?;unknown;True;;;;;;;1.0;0.1026;True;de;Answer in German.;False
What is the capital of Venezuela?;Die Hauptstadt von Venezuela ist Caracas.;Caracas;;The capital of Venezuela is Caracas.;False;False;de;en;True;True;True;Was ist die Hauptstadt von Venezuela?;de;True;Quelle est la capitale du Venezuela?;fr;True;¿Cuál es la capital de Venezuela?;es;True;;;;;;;1.0;0.1143;True;de;Answer in German.;False
In which country is Machu Picchu located?;Machu Picchu befindet sich in Peru.;Peru;Perou;Machu Picchu is located in Peru, South America.;False;False;de;en;True;True;True;In welchem Land liegt Machu Picchu?;de;True;Dans quel pays se trouve le Machu Picchu ?;fr;True;¿En qué país se encuentra Machu Picchu?;unknown;True;;;;;;;1.0;0.1034;True;de;Answer in German.;False
Who wrote Crime and Punishment?;"""Schuld und Sühne"" wurde von Fjodor Dostojewski geschrieben.";Dostoevsky;Dostoievski|Dostojewski;"The novel ""Crime and Punishment"" was written by the Russian author Fyodor Dostoevsky. It was first published in 1866 and is considered one of Dostoevsky's most famous works, as well as a classic of world literature.";False;False;de;en;True;True;True;Wer hat Schuld und Sühne geschrieben?;de;True;Qui a écrit Crime et Châtiment ?;fr;True;¿Quién escribió El crimen y la castigo?;es;True;;;;;;;1.0;0.08;True;de;Answer in German.;True
How many degrees are in a right angle?;Ein Rechtswinkel hat 90 Grad.;90;quatre-vingt-dix;There are 90 degrees in a right angle.;False;False;de;en;True;True;True;Wie viele Grad sind in einem rechten Winkel?;de;True;Quel est le nombre de degrés dans un angle droit?;fr;True;¿Cuántos grados hay en un ángulo recto?;es;True;;;;;;;1.0;0.1364;True;de;Answer in German.;False
What is the capital of Iraq?;Die Hauptstadt Iraks ist Bagdad.;Baghdad;Bagdad;The capital of Iraq is Baghdad.;False;False;de;en;True;True;True;Was ist die Hauptstadt von Irak?;de;True;Quelle est la capitale de l'Irak ?;fr;True;¿Cuál es la capital de Irak?;es;True;;;;;;;1.0;0.1481;True;de;Answer in German.;False
What is the capital of Portugal?;Die Hauptstadt Portugals ist Lissabon.;Lisbon;Lisbonne|Lisboa|Lissabon;The capital of Portugal is Lisbon.;False;False;de;en;True;True;True;Was ist die Hauptstadt von Portugal?;de;True;Quelle est la capitale du Portugal?;fr;True;¿Cuál es la capital de Portugal?;es;True;;;;;;;1.0;0.1212;True;de;Answer in German.;False
In what year did the Apollo 13 mission take place?;Die Apollo 13-Mission fand im Jahr 1970 statt.;1970;;The Apollo 13 mission took place in 1970. It launched on April 11, 1970, and splashed down on April 17, 1970.;False;False;de;en;True;True;True;Was ist das Jahr, in dem die Mission Apollo 13 stattfand?;de;True;En quelle année a eu lieu la mission Apollo 13 ?;fr;True;¿En qué año tuvo lugar la misión Apolo 13?;unknown;True;;;;;;;1.0;0.129;True;de;Answer in German.;False
Which is the deepest lake in the world?;Der tiefste See der Welt ist der Baikalsee in Sibirien.;Baikal;Baïkal|Baikalsee;"The deepest lake in the world is Lake Baikal, located in southern Siberia, Russia. It has a maximum depth of approximately 5,387 feet (1,642 meters) and is also the world's largest and oldest freshwater lake, with approximately 20% of the world's unfrozen freshwater.

Would you like to know more about Lake Baikal or is there something else I can help you with?";False;False;de;en;True;True;True;Welches See ist die tiefste Weltsee?;de;True;Quel est le plus profond lac du monde?;fr;True;¿Cuál es el lago más profundo del mundo?;es;True;;;;;;;1.0;0.1111;True;de;Answer in German.;True
Who wrote the novel 1984?;"Der Roman ""1984"" wurde von George Orwell geschrieben.";Orwell;;"The novel ""1984"" was written by the renowned English author George Orwell. Published in 1949, it's a classic dystopian novel that depicts a totalitarian future society and has become a cultural touchstone for themes of government control, censorship, and the dangers of totalitarianism.";False;False;de;en;True;True;True;Wer hat den Roman 1984 geschrieben?;de;True;Qui a écrit le roman 1984 ?;fr;True;¿Quién escribió el libro 1984?;es;True;;;;;;;1.0;0.1026;True;de;Answer in German.;False
Who painted The Last Supper?;Die letzte Abendmahl-Szene wurde von dem berühmten italienischen Maler Leonardo da Vinci gemalt.;Leonardo;Vinci;The Last Supper was painted by the renowned Italian artist Leonardo da Vinci. He created the famous mural painting in the late 15th century, specifically between 1495 and 1498, in the refectory of the Convent of Santa Maria delle Grazie in Milan, Italy.;False;False;de;en;True;True;True;Wer malte das letzte Abendmahl?;de;True;Qui a peint La Cène ?;fr;True;¿Quién pintó La Última Cena?;unknown;True;;;;;;;0.8333;0.0732;True;de;Answer in German.;False
Who wrote Romeo and Juliet?;Romeo und Julia wurde von dem englischen Dichter und Dramatiker William Shakespeare geschrieben.;Shakespeare;;Romeo and Juliet, the classic tragic love story, was written by the renowned English playwright William Shakespeare. It is believed to have been written between 1591 and 1595, and is considered one of Shakespeare's most famous and enduring works.;False;False;de;en;True;True;True;Wer hat Romeo und Julia geschrieben?;de;True;Qui a écrit Roméo et Juliette ?;fr;True;¿Quién escribió Romeo y Julieta?;unknown;True;;;;;;;1.0;0.0723;True;de;Answer in German.;False
Who wrote The Metamorphosis?;"Die Erzählung ""Die Verwandlung"" (Die Metamorphose) wurde von dem österreichischen Schriftsteller Franz Kafka geschrieben.";Kafka;;The Metamorphosis was written by Franz Kafka, a Czech writer, in 1915. It's one of his most famous and influential works, a novella that tells the story of a man who transforms into a giant insect and explores themes of identity, alienation, and the absurdity of modern life.;False;False;de;en;True;True;True;Wer hat Die Verwandlung geschrieben?;de;True;Qui a écrit La Métamorphose ?;fr;True;¿Quién escribió La Metamorfosis?;unknown;True;;;;;;;1.0;0.0874;True;de;Answer in German.;False
Who was the Carthaginian general who crossed the Alps?;"Das ist eine interessante Frage!

Der Carthaginischer General, der den Alpenüberquerung durchführte, war Hannibal Barca. Er war ein berühmter Feldherr und Strategiker, der im 3. Jahrhundert v. Chr. für Karthago kämpfte. Im Jahr 218 v. Chr. führte er eine Armee von 30.000 Mann durch die Alpen, um gegen die Römer in It";Hannibal;;"You're likely thinking of Hannibal Barca, a renowned Carthaginian general who led his army across the Alps during the Second Punic War (218-201 BCE). This incredible feat was a pivotal moment in history, as it allowed Hannibal to surprise the Romans and win several key battles, including the Battle of Cannae.

Hannibal's crossing of the Alps was a remarkable achievement, as it was a treacherous and nearly impossible journey. He led his army of war elephants";False;False;de;en;True;True;True;Wer war der karthagische General, der die Alpen überquerte?;de;True;Qui était le général carthaginois qui a traversé les Alpes?;fr;True;¿Quién fue el general cartaginés que cruzó los Alpes?;es;True;;;;;;;0.9565;0.0902;True;de;Answer in German.;False
What is the boiling point of water in degrees Celsius at sea level?;Das Wasser verdampft bei einer Temperatur von 100°C bei Niedrigdruck und 99,6°C bei Normaldruck (1 Atm) bei Niedrigdruck und 100°C bei Normaldruck (1 Atm) bei Niedrigdruck und 100°C bei Normaldruck (1 Atm);100;cent;The boiling point of water in degrees Celsius at sea level is 100°C.;False;False;de;en;True;True;True;Was ist der Siedepunkt des Wassers in Grad Celsius auf Meereshöhe?;de;True;Quel est le point d'ébullition de l'eau en degrés Celsius au niveau de la mer ?;fr;True;¿Cuál es el punto de ebullición del agua en grados Celsius a nivel del mar?;es;True;;;;;;;1.0;0.1081;True;de;Answer in German.;False
Who led the Indian independence movement through nonviolent resistance?;Mahatma Gandhi hat den indischen Unabhängigkeitsbewegung durch nichtgewaltsamen Widerstand geführt.;Gandhi;;Mahatma Gandhi led the Indian independence movement through nonviolent resistance.;False;False;de;en;True;True;True;Wer führte die indische Unabhängigkeitsbewegung durch gewaltlosen Widerstand?;de;True;Qui a conduit le mouvement de l'indépendance de l'Inde par la résistance non violente?;fr;True;¿Quién lideró el movimiento de independencia de la India mediante la resistencia no violenta?;es;True;;;;;;;1.0;0.0449;True;de;Answer in German.;False
How many squares are on a chessboard?;Auf einem Schachbrett gibt es 64 Quadrate.;64;;There are 64 squares on a standard chessboard. It's an 8x8 grid, with 8 rows and 8 columns.;False;False;de;en;True;True;True;Wie viele Quadrate befinden sich auf einem Schachbrett?;de;True;Quel est le nombre de cases sur un échiquier?;fr;True;¿Cuántas cuadradas hay en un tablero de ajedrez?;es;True;;;;;;;0.75;0.0909;True;de;Answer in German.;False
What is the chemical formula for table salt?;Die chemische Formel für Tafelsalz ist NaCl.;NaCl;;The chemical formula for table salt is NaCl, which stands for sodium chloride.;False;False;de;en;True;True;True;Was ist die chemische Formel von Kochsalz?;de;True;Quelle est la formule chimique du sel de table?;fr;True;¿Cuál es la fórmula química de la sal de mesa?;es;True;;;;;;;1.0;0.1351;True;de;Answer in German.;False
What is the powerhouse of the cell?;Das Zentrum der Zelle ist der Mitochondrie.;mitochondria;mitochondrie|mitocondria;"The powerhouse of the cell is the **Mitochondria**!

Mitochondria are organelles found in the cells of most eukaryotes, including animals, plants, and fungi. They are often referred to as the ""powerhouses"" of the cell because they generate most of the cell's energy in the form of adenosine triphosphate (ATP), which is used to power various cellular activities.

Mitochondria have their own DNA, known as mtDNA, and are";False;False;de;en;True;True;True;Was ist das Kraftwerk der Zelle?;de;True;Quel est le centre énergétique de la cellule ?;fr;True;¿Qué es el poderhous de la célula?;es;True;;;;;;;1.0;0.1111;True;de;Answer in German.;False
Which galaxy contains our Solar System?;Unsere Sonnensystem befindet sich in der Milchstraße, einer Spiralgalaxie.;Milky Way;Voie lactee|Vía Láctea|Milchstraße;Our Solar System is located in the Milky Way galaxy.;False;False;de;en;True;True;True;Welche Galaxie enthält unser Sonnensystem?;de;True;Quelle est la galaxie qui contient notre système solaire?;fr;True;¿Cuál galaxia contiene nuestro Sistema Solar?;es;True;;;;;;;1.0;0.0625;True;de;Answer in German.;False
Which ice giant orbits between Saturn and Neptune?;"Das ist eine gute Frage!

Die Antwort ist Uranus.";Uranus;Urano;"You're thinking of Uranus! However, I should correct you that Uranus is actually the seventh planet from the Sun, and it's not an ice giant that orbits between Saturn and Neptune.

The correct answer is Neptune! Neptune is the eighth and farthest planet from the Sun, and it orbits between Saturn and Uranus in our solar system.

But, if you're thinking of an ice giant, you might be thinking of Uranus or Neptune themselves, as they are both gas giants with icy";False;False;de;en;True;True;True;Welcher Eisriese kreist zwischen Saturn und Neptun?;de;True;Quelle géante de glace orbite entre Saturne et Neptune ?;fr;True;¿Cuál es el planeta de hielo gigante que orbita entre Saturno y Neptuno?;es;True;;;;;;;1.0;0.1316;True;de;Answer in German.;False
In what year was the Eiffel Tower completed?;Die Eiffelturm wurde 1889 fertiggestellt.;1889;;The Eiffel Tower was completed in 1889. It was built for the World's Fair, held in Paris, France, and was officially opened on March 31, 1889.;False;False;de;en;True;True;True;Was ist das Jahr, in dem die Eiffelturm fertiggestellt wurde?;de;True;En quelle année la tour Eiffel a-t-elle été achevée ?;fr;True;¿En qué año se completó la Torre Eiffel?;unknown;True;;;;;;;1.0;0.0625;True;de;Answer in German.;False
What is the capital of the Philippines?;Die Hauptstadt der Philippinen ist Manila.;Manila;Manille;The capital of the Philippines is Manila.;False;False;de;en;True;True;True;Was ist die Hauptstadt der Philippinen?;de;True;Quelle est la capitale des Philippines?;fr;True;¿Cuál es la capital de Filipinas?;es;True;;;;;;;1.0;0.1111;True;de;Answer in German.;False
How many planets are in the Solar System?;Es gibt 8 Planeten im Sonnensystem.;8;huit;"There are 8 planets in our Solar System:

1. Mercury
2. Venus
3. Earth
4. Mars
5. Jupiter
6. Saturn
7. Uranus
8. Neptune

Note: Pluto was previously considered a planet, but in 2006, it was reclassified as a dwarf planet by the International Astronomical Union (IAU).

Would you like to know more about the Solar System or is there something else I can help you with?";False;False;de;en;True;True;True;Wie viele Planeten sind im Sonnensystem?;de;True;Combien de planètes y a-t-il dans le système solaire ?;fr;True;¿Cuántos planetas hay en el Sistema Solar?;es;True;;;;;;;0.6667;0.1071;True;de;Answer in German.;False
In what year did Nelson Mandela become president of South Africa?;Nelson Mandela wurde 1994 zum Präsidenten Südafrikas gewählt. Er diente von 1994 bis 1999 als Präsident des Landes.;1994;;Nelson Mandela became the President of South Africa in 1994. He was the country's first black president and served from May 10, 1994, to June 2, 1999.;False;False;de;en;True;True;True;In welchem Jahr wurde Nelson Mandela Präsident Südafrikas?;de;True;En quelle année Nelson Mandela est-il devenu président de l'Afrique du Sud ?;fr;True;¿En qué año se convirtió Nelson Mandela en presidente de Sudáfrica?;unknown;True;;;;;;;0.8333;0.0833;True;de;Answer in German.;False
Which planet is the largest in the Solar System?;Der größte Planet im Sonnensystem ist Jupiter. Er ist mit einem Durchmesser von etwa 142.984 Kilometern das größte Objekt in unserem Sonnensystem.;Jupiter;;The largest planet in our Solar System is Jupiter. It is a gas giant, meaning it is primarily composed of hydrogen and helium gases. Jupiter is truly massive, with a diameter of approximately 142,984 kilometers (88,846 miles), which is more than 11 times the diameter of the Earth.;False;False;de;en;True;True;True;Welcher Planet ist der größte im Sonnensystem?;de;True;Quelle est la plus grande planète du système solaire ?;fr;True;¿Cuál es el planeta más grande del Sistema Solar?;es;True;;;;;;;1.0;0.0776;True;de;Answer in German.;False
Who developed the polio vaccine in 1955?;Die Polio-Vakzinierung wurde 1955 von Jonas Salk entwickelt.;Salk;;The polio vaccine was developed by Dr. Jonas Salk in 1955.;False;False;de;en;True;True;True;Wer hat 1955 das Polio-Vakzin entwickelt?;de;True;Qui a développé le vaccin contre la polio en 1955?;fr;True;¿Quién desarrolló la vacuna contra la polio en 1955?;unknown;True;;;;;;;1.0;0.1064;True;de;Answer in German.;False
What is the chemical formula for methane?;Die chemische Formel für Methan ist CH4.;CH4;;The chemical formula for methane is CH4.;False;False;de;en;True;True;True;Was ist die chemische Formel von Methan?;de;True;Quelle est la formule chimique du méthane?;fr;True;¿Cuál es la fórmula química de metano?;es;True;;;;;;;1.0;0.1562;True;de;Answer in German.;False
What is the capital of Kenya?;Die Hauptstadt von Kenia ist Nairobi.;Nairobi;;The capital of Kenya is Nairobi.;False;False;de;en;True;True;True;Was ist die Hauptstadt von Kenia?;de;True;Quelle est la capitale du Kenya?;fr;True;¿Cuál es la capital de Kenia?;es;True;;;;;;;1.0;0.129;True;de;Answer in German.;False
What is the capital of Vietnam?;Die Hauptstadt Vietnams ist Hanoi.;Hanoi;;The capital of Vietnam is Hanoi.;False;False;de;en;True;True;True;Was ist die Hauptstadt von Vietnam?;de;True;Quelle est la capitale du Vietnam?;fr;True;¿Cuál es la capital de Vietnam?;es;True;;;;;;;1.0;0.1379;True;de;Answer in German.;False
Who composed The Rite of Spring?;"""Le Sacre du printemps"" (Das Frühlingsopfer) wurde von Igor Strawinsky komponiert.";Stravinsky;Stravinski|Strawinsky;The Rite of Spring is a famous orchestral work composed by Igor Stravinsky. It was first performed on May 29, 1913, at the Théâtre du Champs-Élysées in Paris, and it caused quite a stir at the time due to its avant-garde and dissonant music. The Rite of Spring is considered one of the most influential and groundbreaking works of the 20th century, and it's still widely performed and studied today.;False;False;de;en;True;True;True;Wer hat Die Frühlingsweihe komponiert?;de;True;Qui a composé Le Sacre du printemps ?;fr;True;¿Quién compuso El Rito de la Primavera?;es;True;;;;;;;0.6667;0.0896;True;de;Answer in German.;True
Who wrote The Odyssey?;Die Odyssee wurde von dem griechischen Dichter Homer geschrieben.;Homer;Homere;"The Odyssey, an ancient Greek epic poem, was written by the legendary poet Homer. The exact dates of Homer's life are unknown, but it is believed that he lived in the 8th or 7th century BC.

The Odyssey is considered one of the greatest works of ancient Greek literature, and it tells the story of Odysseus, a Greek hero who returns home after the Trojan War. The poem is a masterpiece of storytelling, exploring themes of adventure, courage, and the human";False;False;de;en;True;True;True;Wer hat Die Odyssee geschrieben?;de;True;Qui a écrit L'Odyssée ?;fr;True;¿Quién escribió La Odisea?;unknown;True;;;;;;;1.0;0.0714;True;de;Answer in German.;False
In what year did the Russian Revolution take place?;Die russische Revolution fand 1917 statt. Es gab zwei Revolutionen in diesem Jahr: die Februarrevolution im Februar 1917 und die Oktoberrevolution (auch Oktoberrevolution genannt) im Oktober 1917.;1917;;"The Russian Revolution took place in two stages:

1. The February Revolution (also known as the Petrograd Revolution) occurred in 1917, specifically from February 23 to March 2.
2. The October Revolution (also known as the Great October Socialist Revolution) occurred in 1917, specifically from October 25 to November 7.

So, to answer your question, the Russian Revolution took place in 1917.";False;False;de;en;True;True;True;Was ist das Jahr der russischen Revolution?;de;True;En quelle année a eu lieu la révolution russe ?;fr;True;¿En qué año tuvo lugar la Revolución rusa?;unknown;True;;;;;;;0.875;0.0654;True;de;Answer in German.;False
What gas makes up about 78 percent of Earth's atmosphere?;Naturlich! Die Antwort ist Stickstoff (N2). Er macht etwa 78 % des Erdatmosphäres aus.;nitrogen;azote|nitrógeno|Stickstoff;The answer is nitrogen (N2). Nitrogen makes up approximately 78% of Earth's atmosphere, while oxygen (O2) makes up about 21%, and the remaining 1% consists of other gases such as argon, carbon dioxide, and water vapor.;False;False;de;en;True;True;True;Welches Gas macht etwa 78 Prozent der Erdatmosphäre aus?;de;True;Quel gaz compose environ 78 pour cent de l'atmosphère terrestre?;fr;True;¿Qué gas constituye aproximadamente el 78 por ciento de la atmósfera de la Tierra?;es;True;;;;;;;0.875;0.1094;True;de;Answer in German.;False
Who is credited with inventing the World Wide Web?;Tim Berners-Lee ist für die Erfindung des World Wide Web (WWW) verantwortlich.;Berners-Lee;Berners;Sir Tim Berners-Lee is credited with inventing the World Wide Web. He is a British computer scientist who developed the fundamental technologies that make the web work, including HTTP (Hypertext Transfer Protocol), URL (Uniform Resource Locator), and HTML (Hypertext Markup Language). He proposed the idea of a web in March 1989, and he wrote the first web browser and web server in 1990 while working at CERN, the European particle physics laboratory in Switzerland.;False;False;de;en;True;True;True;Wer gilt als Erfinder des World Wide Web?;unknown;True;Qui a inventé le World Wide Web?;fr;True;¿Quién se le atribuye el invento de Internet Mundial?;unknown;True;;;;;;;0.8333;0.1587;True;de;Answer in German.;False
What is the name of Earth's only natural satellite?;Die Bezeichnung für die Erdsatelliten ist Mond.;Moon;Lune|la Luna|der Mond|Mond;The answer is: The Moon!;False;False;de;en;True;True;True;Wie heißt der einzige natürliche Satellit der Erde?;de;True;Quel est le nom du seul satellite naturel de la Terre ?;fr;True;¿Cuál es el nombre del único satélite natural de la Tierra?;es;True;;;;;;;1.0;0.1;True;de;Answer in German.;False
What is the capital of Sudan?;Die Hauptstadt von Sudan ist Khartum.;Khartoum;Jartum|Khartum;The capital of Sudan is Khartoum.;False;False;de;en;True;True;True;Was ist die Hauptstadt von Sudan?;de;True;Quelle est la capitale du Soudan?;fr;True;¿Cuál es la capital de Sudán?;es;True;;;;;;;1.0;0.129;True;de;Answer in German.;False
What is the capital of Croatia?;Die Hauptstadt von Kroatien ist Zagreb.;Zagreb;;The capital of Croatia is Zagreb.;False;False;de;en;True;True;True;Was ist die Hauptstadt von Kroatien?;de;True;Quelle est la capitale de la Croatie ?;fr;True;¿Cuál es la capital de Croacia?;es;True;;;;;;;1.0;0.1212;True;de;Answer in German.;False
In what year was the Declaration of the Rights of Man adopted in France?;Die Deklaration der Menschen- und Bürgerrechte wurde in Frankreich 1789 verabschiedet.;1789;;The Declaration of the Rights of Man and of the Citizen was adopted in France on August 26, 1789.;False;False;de;en;True;True;True;In welchem Jahr wurde die Deklaration der Rechte des Menschen in Frankreich angenommen?;de;True;En quelle année la Déclaration des droits de l'homme a-t-elle été adoptée en France ?;fr;True;¿En qué año se adoptó la Declaración de los Derechos del Hombre en Francia?;es;True;;;;;;;1.0;0.0714;True;de;Answer in German.;False
In what year was John F. Kennedy assassinated?;John F. Kennedy wurde 1963 ermordet. Er wurde am 22. November 1963 in Dallas, Texas, getötet.;1963;;John F. Kennedy, the 35th President of the United States, was assassinated on November 22, 1963, in Dallas, Texas.;False;False;de;en;True;True;True;In welchem Jahr wurde John F. Kennedy ermordet?;unknown;True;En quelle année John F. Kennedy a-t-il été assassiné ?;fr;True;¿En qué año fue asesinado John F. Kennedy?;unknown;True;;;;;;;1.0;0.1129;True;de;Answer in German.;False
What is the capital of Slovakia?;Die Hauptstadt von Slowakei ist Bratislava.;Bratislava;;The capital of Slovakia is Bratislava.;False;False;de;en;True;True;True;Was ist die Hauptstadt von Slowakei?;de;True;Quelle est la capitale de la Slovaquie ?;fr;True;¿Cuál es la capital de Eslovaquia?;es;True;;;;;;;1.0;0.1081;True;de;Answer in German.;False
How many cards are in a standard deck without jokers?;In einem Standard-Spielkartenmischung ohne Joker gibt es 52 Karten.;52;;There are 52 cards in a standard deck of cards without jokers.;False;False;de;en;True;True;True;Wie viele Karten sind in einem Standarddeck ohne Joker enthalten?;de;True;Combien de cartes y a-t-il dans un jeu standard sans joker?;fr;True;¿Cuántas cartas hay en un mazo estándar sin ases?;es;True;;;;;;;0.75;0.0909;True;de;Answer in German.;False
Who discovered polonium and radium?;Polonium und Radium wurden von Marie Curie entdeckt. Sie war eine polnisch-französische Physikerin und Chemikerin, die 1898 die beiden Elemente in ihrer Forschung auf Polonium und Radium entdeckte.;Curie;;"Two of the most fascinating elements in the periodic table!

Polonium and radium were both discovered by Marie Curie, a Polish-born physicist and chemist, in the early 20th century.

**Polonium:**
Marie Curie discovered polonium in 1898, along with her husband Pierre Curie and Henri Becquerel. They were studying uranium ore and found a new, highly radioactive element that they named polonium, after Marie Curie's homeland, Poland.

**R";False;False;de;en;True;True;True;Wer entdeckte Polonium und Radium?;de;True;Qui a découvert le polonium et le radium ?;fr;True;¿Quién descubrió polonio y radio?;unknown;True;;;;;;;1.0;0.0679;True;de;Answer in German.;False
Who was the first President of the United States?;Der erste Präsident der Vereinigten Staaten von Amerika war George Washington.;George Washington;Washington;The first President of the United States was George Washington. He served two terms in office from April 30, 1789, to March 4, 1797.;False;False;de;en;True;True;True;Wer war der erste Präsident der Vereinigten Staaten von Amerika?;de;True;Qui était le premier président des États-Unis?;fr;True;¿Quién fue el primer presidente de los Estados Unidos?;es;True;;;;;;;1.0;0.1045;True;de;Answer in German.;False
Who composed The Nutcracker?;"Die Komposition von ""Der Nussknacker"" stammt von Pyotr Ilyich Tschajkowsky.";Tchaikovsky;Tchaïkovski|Tchaikovski|Tschaikowski|Tschajkowsky|Chaikovski;"The music for ""The Nutcracker"" was composed by Pyotr Ilyich Tchaikovsky.";False;False;de;en;True;True;True;Wer hat Die Schmetterlinge komponiert?;de;True;Qui a compose Le Petit Chaperon Rouge?;fr;True;¿Quién compuso El cuento de los tres rellenos de azúcar?;unknown;True;;;;;;;1.0;0.1111;True;de;Answer in German.;False
How many strings does a standard guitar have?;Ein Standard-Gitarre hat 6 Saiten.;6;six;"A standard guitar typically has 6 strings. These strings are usually tuned to the following notes:

E, A, D, G, B, E (from lowest to highest pitch)

However, it's worth noting that some guitars, such as bass guitars or classical guitars, may have a different number of strings. But for a standard acoustic or electric guitar, 6 strings is the norm!";False;False;de;en;True;True;True;Wie viele Saiten hat ein Standardgitarre?;de;True;Quel est le nombre de cordes d'une guitare standard?;fr;True;¿Cuántas cuerdas tiene una guitarra estándar?;es;True;;;;;;;1.0;0.1481;True;de;Answer in German.;False
What is the capital of the United Kingdom?;Die Hauptstadt des Vereinigten Königreichs ist London.;London;Londres;The capital of the United Kingdom is London.;False;False;de;en;True;True;True;Was ist die Hauptstadt des Vereinigten Königreichs?;de;True;Quelle est la capitale du Royaume-Uni?;fr;True;¿Cuál es la capital del Reino Unido?;es;True;;;;;;;0.8;0.1064;True;de;Answer in German.;False
Who composed the Brandenburg Concertos?;Die Brandenburger Konzerte wurden von Johann Sebastian Bach komponiert.;Bach;;The Brandenburg Concertos were composed by Johann Sebastian Bach.;False;False;de;en;True;True;True;Wer hat die Brandenburg-Konzerte komponiert?;de;True;Qui a composé les Concertos brandebourgeois ?;fr;True;¿Quién compuso los Conciertos de Brandenburgo?;es;True;;;;;;;1.0;0.0968;True;de;Answer in German.;False
What is the chemical symbol for nitrogen?;Das chemische Symbol für Stickstoff ist N.;N;;The chemical symbol for nitrogen is N.;False;False;de;en;True;True;True;Was ist das chemische Symbolzeichen für Stickstoff?;de;True;Quel est le symbole chimique de l'azote?;fr;True;¿Cuál es el símbolo químico del nitrógeno?;es;True;;;;;;;1.0;0.1143;True;de;Answer in German.;False
What is the capital of Denmark?;Die Hauptstadt von Dänemark ist Kopenhagen.;Copenhagen;Copenhague|Kopenhagen;The capital of Denmark is Copenhagen (also known as København in Danish).;False;False;de;en;True;True;True;Was ist die Hauptstadt von Dänemark?;de;True;Quelle est la capitale du Danemark?;fr;True;¿Cuál es la capital de Dinamarca?;es;True;;;;;;;1.0;0.1081;True;de;Answer in German.;False
Who founded psychoanalysis?;Die Psychoanalyse wurde von Sigmund Freud gegründet.;Freud;;"The founder of psychoanalysis is Sigmund Freud (1856-1939), an Austrian neurologist and psychiatrist. Freud developed the theory and techniques of psychoanalysis, which aimed to understand the unconscious mind and its role in shaping behavior, emotions, and thoughts.

Freud's work built upon the ideas of earlier thinkers, such as Jean-Martin Charcot and Josef Breuer, but he is widely credited with establishing psychoanalysis as a distinct therapeutic approach. His key concepts, including the structure";False;False;de;en;True;True;True;Wer hat Psychoanalyse gegründet?;de;True;Qui a fondé la psychanalyse?;fr;True;¿Quién fundó la psicoanálisis?;unknown;True;;;;;;;1.0;0.0889;True;de;Answer in German.;False
What is the speed of light in vacuum in kilometers per second, rounded?;Die Geschwindigkeit des Lichts in Vakuum beträgt ungefähr 299.792 km/s.;300000;300 000;The speed of light in a vacuum is approximately 299,792 kilometers per second.;False;False;de;en;False;False;True;Was ist die Geschwindigkeit des Lichts im Vakuum in Kilometern pro Sekunde, gerundet?;de;True;Quelle est la vitesse de la lumière dans le vide en kilomètres par seconde, arrondie?;fr;True;¿Cuál es la velocidad de la luz en vacío en kilómetros por segundo, redondeada?;es;True;;;;;;;0.75;0.0755;True;de;Answer in German.;False
In what year did the Islamic Revolution take place in Iran?;Die islamische Revolution in Iran fand 1979 statt.;1979;;The Islamic Revolution in Iran took place in 1979. It began on January 16, 1979, with the death of Shah Mohammad Reza Pahlavi, and culminated in the establishment of the Islamic Republic of Iran on April 1, 1979.;False;False;de;en;True;True;True;In welchem Jahr fand die islamische Revolution im Iran statt?;de;True;Quel an a eu lieu la révolution islamique en Iran?;fr;True;¿En qué año tuvo lugar la Revolución Islámica en Irán?;unknown;True;;;;;;;1.0;0.0789;True;de;Answer in German.;False
What is the capital of Nigeria?;Die Hauptstadt von Nigeria ist Abuja.;Abuja;;The capital of Nigeria is Abuja.;False;False;de;en;True;True;True;Was ist die Hauptstadt von Nigeria?;de;True;Quelle est la capitale du Nigeria?;fr;True;¿Cuál es la capital de Nigeria?;es;True;;;;;;;1.0;0.129;True;de;Answer in German.;False
What is the capital of Peru?;Die Hauptstadt Perus ist Lima.;Lima;;The capital of Peru is Lima.;False;False;de;en;True;True;True;Was ist die Hauptstadt von Peru?;de;True;Quelle est la capitale du Pérou?;fr;True;¿Cuál es la capital de Perú?;es;True;;;;;;;1.0;0.16;True;de;Answer in German.;False
Who was the first person to walk on the Moon?;Der erste Mensch, der auf dem Mond ging, war Neil Armstrong. Am 20. Juli 1969 wurde er von der NASA-Mission Apollo 11 begleitet und machte Geschichte, als er die ersten Schritte auf dem Mondbecken machte.;Armstrong;;"The first person to walk on the Moon was Neil Armstrong. He stepped out of the lunar module Eagle and onto the Moon's surface on July 20, 1969, during the Apollo 11 mission. Armstrong famously declared, ""That's one small step for man, one giant leap for mankind,"" as he became the first human to set foot on the Moon.";False;False;de;en;True;True;True;Wer war der erste Mensch, der auf dem Mond ging?;de;True;Qui a été le premier homme à marcher sur la Lune?;fr;True;¿Quién fue la primera persona en caminar en la Luna?;unknown;True;;;;;;;1.0;0.1032;True;de;Answer in German.;False
Who invented the printing press in Europe?;Der Druckerpresse wurde von Johannes Gutenberg in Europa erfunden. Er lebte im 15. Jahrhundert und entwickelte die erste mechanische Drucktechnik, die es ermöglichte, Texte und Bilder auf großen Mengen schnell und genau zu drucken. Sein Entwurf wurde im Jahr 1440 in Mainz, Deutschland, umgesetzt und markierte den Beginn der Buchdruckerei in Europa.;Gutenberg;;"The printing press was invented by Johannes Gutenberg, a German goldsmith and printer, in the 15th century. Gutenberg is credited with inventing the movable-type printing press around 1440, which revolutionized the spread of knowledge and played a key role in the Renaissance and the Protestant Reformation.

Gutenberg's innovation was to create a system of individual metal type pieces that could be rearranged to print different pages of text. This allowed for mass production of printed materials, making books, newspapers,";False;False;de;en;True;True;True;Wer hat die Druckerpresse in Europa erfunden?;de;True;Qui a inventé la presse à imprimer en Europe?;fr;True;¿Quién inventó la prensa de imprenta en Europa?;unknown;True;;;;;;;0.9444;0.0667;True;de;Answer in German.;False
What is the capital of South Korea?;Die Hauptstadt Südkoreas ist Seoul.;Seoul;Seúl;The capital of South Korea is Seoul.;False;False;de;en;True;True;True;Was ist die Hauptstadt von Südkorea?;de;True;Quelle est la capitale de la Corée du Sud ?;fr;True;¿Cuál es la capital de Corea del Sur?;es;True;;;;;;;1.0;0.1333;True;de;Answer in German.;False
Who discovered penicillin?;Penicillin wurde von Alexander Fleming entdeckt. Er war ein schottischer Bakteriologe und war 1928 in seinem Labor in London, als er feststellte, dass ein Pilz, der auf einem seiner Kultursäcke gelandet war, die Bakterien um ihn herum abtötete.;Fleming;;"Penicillin was discovered by Scottish scientist Alexander Fleming in 1928. Fleming was working in his laboratory at St. Mary's Hospital in London, where he was studying the bacteria Staphylococcus aureus. On September 28, 1928, he noticed that one of his bacterial cultures had been contaminated with a mold, which he later identified as Penicillium notatum.

To his surprise, the mold had killed off the surrounding bacteria, and Fleming realized that the mold was";False;False;de;en;True;True;True;Wer entdeckte Penicillin?;de;True;Qui a découvert la pénicilline ?;fr;True;¿Quién descubrió la penicilina?;unknown;True;;;;;;;1.0;0.0508;True;de;Answer in German.;False
What is the chemical symbol for mercury?;Das chemische Symbol für Quecksilber ist Hg.;Hg;;The chemical symbol for mercury is Hg.;False;False;de;en;True;True;True;Was ist das chemische Symbol für Quecksilber?;de;True;Quel est le symbole chimique du mercure?;fr;True;¿Cuál es el símbolo químico de mercurio?;es;True;;;;;;;1.0;0.1081;True;de;Answer in German.;False
In what year did India gain independence from Britain?;Indien erlangte die Unabhängigkeit von Großbritannien im Jahr 1947.;1947;;India gained independence from Britain on August 15, 1947.;False;False;de;en;True;True;True;In welchem Jahr hat Indien die Unabhängigkeit von Großbritannien erlangt?;de;True;Quel est l'année où l'Inde a gagné son indépendance de la Grande-Bretagne?;fr;True;¿En qué año obtuvo la India la independencia de Gran Bretaña?;unknown;True;;;;;;;1.0;0.0741;True;de;Answer in German.;False
Who composed The Magic Flute?;"Die Oper ""Die Zauberflöte"" wurde von Wolfgang Amadeus Mozart komponiert.";Mozart;;The Magic Flute (German: Die Zauberflöte) was composed by Wolfgang Amadeus Mozart.;False;False;de;en;True;True;True;Wer hat Die Zauberflöte komponiert?;de;True;Qui a composé La Flûte enchantée ?;fr;True;¿Quién compuso La flauta mágica?;unknown;True;;;;;;;1.0;0.1167;True;de;Answer in German.;False
What is the tallest waterfall in the world?;Die höchste Wasserfälle der Welt sind die Angel-Minzer-Fälle in Kambodscha, die eine Höhe von etwa 252 Metern erreichen.;Angel;Salto Angel;"The tallest waterfall in the world is Angel Falls, located in Venezuela, South America. It stands at an incredible 979 meters (3,212 feet) tall!

Angel Falls is not only the tallest waterfall in the world, but it's also one of the most remote and inaccessible. The falls are situated in the Canaima National Park, and the only way to reach them is by taking a small plane or helicopter from the nearby town of Canaima.

The falls are named after the American";False;False;de;en;True;True;True;Was ist die höchste Wasserfallwelt?;de;True;Quelle est la plus grande cascade du monde?;fr;True;¿Cuál es la más alta cascada del mundo?;es;True;;;;;;;1.0;0.0938;True;de;Answer in German.;False
What is the largest organ of the human body?;Die größte Organe des menschlichen Körpers ist die Haut. Sie hat eine Fläche von etwa 1,5 bis 2 Quadratmetern und wiegt etwa 3 bis 4 Kilogramm.;skin;peau|la piel|die Haut;"The largest organ of the human body is the skin. It covers the entire surface of the body and weighs around 3.6 kilograms (7.9 pounds) in adults. The skin performs many important functions, including:

* Regulating body temperature
* Protecting the body from external damage
* Aiding in the production of vitamin D
* Helping to prevent infection
* Assisting in the sensation of touch and feeling

It's amazing to think that the skin is the largest and most";False;False;de;en;True;True;True;Was ist das größte Organ des menschlichen Körpers?;de;True;Quel est le plus grand organ de l'organisme humain?;fr;True;¿Cuál es el órgano más grande del cuerpo humano?;es;True;;;;;;;0.9167;0.0727;True;de;Answer in German.;False
In what year did the Spanish Armada sail against England?;Die spanische Armada segelte gegen England im Jahr 1588.;1588;;The Spanish Armada sailed against England in 1588.;False;False;de;en;True;True;True;In welchem Jahr segelte die spanische Armada gegen England?;de;True;En quelle année l'Armada espagnole a-t-elle navigué contre l'Angleterre ?;fr;True;¿En qué año zarpó la Armada Española contra Inglaterra?;unknown;True;;;;;;;1.0;0.093;True;de;Answer in German.;False
In what year did Apollo 11 land on the Moon?;Apollo 11 landete am 20. Juli 1969 auf dem Mond.;1969;;Apollo 11 landed on the Moon on July 20, 1969.;False;False;de;en;True;True;True;In welchem Jahr landete Apollo 11 auf dem Mond?;de;True;En quelle année Apollo 11 s'est-il posé sur la Lune ?;fr;True;¿En qué año aterrizó Apolo 11 en la Luna?;unknown;True;;;;;;;1.0;0.1034;True;de;Answer in German.;False
What is the capital of Indonesia?;Die Hauptstadt von Indonesien ist Jakarta.;Jakarta;Yakarta;The capital of Indonesia is Jakarta.;False;False;de;en;True;True;True;Was ist die Hauptstadt von Indonesien?;de;True;Quelle est la capitale de l'Indonésie?;fr;True;¿Cuál es la capital de Indonesia?;es;True;;;;;;;1.0;0.1111;True;de;Answer in German.;False
Which river flows through London?;Der Fluss, der durch London fließt, ist der Themse (auch Thames genannt).;Thames;Tamise|Támesis|Themse;The River Thames flows through London.;False;False;de;en;True;True;True;Welche Fluss durch London fließt?;de;True;Quelle est la rivière qui traverse Londres?;fr;True;¿Cuál es el río que fluye a través de Londres?;es;True;;;;;;;1.0;0.0877;True;de;Answer in German.;False
In what year did the Berlin Wall fall?;Der Berliner Mauer fiel 1989.;1989;;The Berlin Wall fell on November 9, 1989.;False;False;de;en;True;True;True;In welchem Jahr fiel die Berliner Mauer?;de;True;En quelle année le mur de Berlin est-il tombé ?;fr;True;¿En qué año cayó el Muro de Berlín?;es;True;;;;;;;1.0;0.15;True;de;Answer in German.;False
What is the capital of Russia?;Die Hauptstadt Russlands ist Moskau.;Moscow;Moscou|Moscú|Moskau;The capital of Russia is Moscow.;False;False;de;en;True;True;True;Was ist die Hauptstadt von Russland?;de;True;Quelle est la capitale de la Russie?;fr;True;¿Cuál es la capital de Rusia?;es;True;;;;;;;1.0;0.129;True;de;Answer in German.;False
What is the capital of Switzerland?;Die Hauptstadt der Schweiz ist Bern.;Bern;Berne;The capital of Switzerland is Bern.;False;False;de;en;True;True;True;Was ist die Hauptstadt der Schweiz?;de;True;Quelle est la capitale de la Suisse?;fr;True;¿Cuál es la capital de Suiza?;es;True;;;;;;;1.0;0.1333;True;de;Answer in German.;False
What is the capital of New Zealand?;Die Hauptstadt Neuseelands ist Wellington.;Wellington;;The capital of New Zealand is Wellington.;False;False;de;en;True;True;True;Was ist die Hauptstadt von Neuseeland?;de;True;Quelle est la capitale de la Nouvelle-Zélande?;fr;True;¿Cuál es la capital de Nueva Zelanda?;es;True;;;;;;;1.0;0.1081;True;de;Answer in German.;False
What is the capital of Jamaica?;Die Hauptstadt Jamaikas ist Kingston.;Kingston;;The capital of Jamaica is Kingston.;False;False;de;en;True;True;True;Was ist die Hauptstadt von Jamaika?;de;True;Quelle est la capitale de la Jamaïque?;fr;True;¿Cuál es la capital de Jamaica?;es;True;;;;;;;1.0;0.125;True;de;Answer in German.;False
What is the chemical symbol for sodium?;Das chemische Symbol für Natrium ist Na.;Na;;The chemical symbol for sodium is Na.;False;False;de;en;True;True;True;Was ist das chemische Symbol für Natrium?;de;True;Quel est le symbole chimique du sodium?;fr;True;¿Cuál es el símbolo químico de sodio?;es;True;;;;;;;0.8333;0.1212;True;de;Answer in German.;False
What is the capital of Norway?;Die Hauptstadt Norwegens ist Oslo.;Oslo;;The capital of Norway is Oslo.;False;False;de;en;True;True;True;Was ist die Hauptstadt von Norwegen?;de;True;Quelle est la capitale de la Norvège ?;fr;True;¿Cuál es la capital de Noruega?;es;True;;;;;;;1.0;0.1379;True;de;Answer in German.;False
Which planet is closest in size to Earth?;Der Planet, der der Erde in seiner Größe am nächsten kommt, ist die Venus.;Venus;Venus;The planet that is closest in size to Earth is Mars. Mars is a rocky planet with a diameter of approximately 4,220 miles (6,800 kilometers), which is about half the diameter of Earth.;False;False;de;en;True;False;True;Welcher Planet kommt der Erde in der Größe am nächsten?;de;True;Quelle planète est la plus proche de la Terre en taille ?;fr;True;¿Cuál planeta tiene el tamaño más cercano a la Tierra?;es;True;;;;;;;1.0;0.0862;True;de;Answer in German.;True
In what year did the Wall Street Crash happen?;Der Wall Street-Krash ist ein wichtiger Ereignis in der Geschichte der Finanzwelt. Er fand 1929 statt.;1929;;"The Wall Street Crash, also known as the Stock Market Crash of 1929, occurred in 1929. Specifically, it began on October 24, 1929, and is often referred to as ""Black Thursday."" However, the crash continued throughout the month of October and into November, with the stock market experiencing a significant decline.

Here's a brief timeline:

* October 24, 1929 (Black Thursday): The stock market begins to decline, with stock prices plummeting.";False;False;de;en;True;True;True;Was ist das Jahr der Wall Street-Krise?;de;True;En quelle année a eu lieu le krach de Wall Street ?;fr;True;¿En qué año ocurrió la caída de Wall Street?;unknown;True;;;;;;;1.0;0.1;True;de;Answer in German.;False
Who was the first President of South Africa after apartheid?;Der erste Präsident Südafrikas nach dem Apartheid-Regime war Nelson Mandela. Er wurde am 10. Mai 1994 in einer freien und fair durchgeführten Wahl zum ersten Präsidenten der demokratischen Regierung Südafrikas gewählt.;Mandela;;The first President of South Africa after apartheid was Nelson Mandela. He served as the country's first black president from 1994 to 1999.;False;False;de;en;True;True;True;Wer war der erste Präsident Südafrikas nach der Apartheid?;de;True;Qui était le premier président de l'Afrique du Sud après l'apartheid?;fr;True;¿Quién fue el primer presidente de Sudáfrica después del apartheid?;es;True;;;;;;;1.0;0.073;True;de;Answer in German.;False
In what year did World War II end?;Die Zweite Weltkrieg endete im Jahr 1945. Die alliierten Mächte Deutschland besiegten am 8. Mai 1945, während der Sowjetunion am 9. Mai 1945 die Kapitulation Deutschlands offiziell bestätigte. Die offizielle Kapitulation trat am 8. Mai 1945 in Kraft, aber die offizielle Bestätigung der Kapitulation kam erst am 9. Mai;1945;;World War II ended in 1945. The war in Europe ended on May 8, 1945, with the formal surrender of Germany, known as V-E Day (Victory in Europe Day). The war in the Pacific ended on September 2, 1945, with the formal surrender of Japan, following the atomic bombings of Hiroshima and Nagasaki and the Soviet invasion of Manchuria.;False;False;de;en;True;True;True;In welchem Jahr endete der Zweite Weltkrieg?;de;True;Quel est l'année dans laquelle se termine la Seconde Guerre mondiale?;fr;True;¿En qué año terminó la Segunda Guerra Mundial?;unknown;True;;;;;;;1.0;0.0785;True;de;Answer in German.;False
What is the capital of Bangladesh?;Die Hauptstadt Bangladeschs ist Dhaka.;Dhaka;;The capital of Bangladesh is Dhaka.;False;False;de;en;True;True;True;Was ist die Hauptstadt von Bangladesch?;de;True;Quelle est la capitale du Bangladesh?;fr;True;¿Cuál es la capital de Bangladés?;es;True;;;;;;;1.0;0.1212;True;de;Answer in German.;False
How many teeth does a typical adult human have?;Ein typischer Erwachsener hat 32 Zähne.;32;;"A typical adult human has 32 teeth, which include:

* 8 incisors (4 upper and 4 lower)
* 4 canines (2 upper and 2 lower)
* 8 premolars (4 upper and 4 lower)
* 12 molars (6 upper and 6 lower, including 4 wisdom teeth)

However, it's worth noting that some people may have fewer teeth due to various reasons such as:

* Wisdom teeth removal (if they are impacted or";False;False;de;en;True;True;True;Wie viele Zähne hat ein typischer Erwachsener Mensch?;de;True;Quel est le nombre de dents qu'a un adulte typique humain?;fr;True;¿Cuántos dientes tiene un adulto humano típico?;es;True;;;;;;;1.0;0.0968;True;de;Answer in German.;False
What is the capital of Ghana?;Die Hauptstadt von Ghana ist Accra.;Accra;Acra;The capital of Ghana is Accra.;False;False;de;en;True;True;True;Was ist die Hauptstadt von Ghana?;de;True;Quelle est la capitale du Ghana?;fr;True;¿Cuál es la capital de Ghana?;es;True;;;;;;;1.0;0.1379;True;de;Answer in German.;False
Who wrote Ulysses?;"""Ulysses"" wurde von James Joyce geschrieben.";Joyce;;"The novel ""Ulysses"" was written by James Joyce. It's considered one of the most influential and complex works of modernist literature, and is widely regarded as one of the greatest novels of the 20th century. Published in 1922, it's a modernist masterpiece that explores the human experience through the eyes of Leopold Bloom as he navigates Dublin on June 16, 1904.";False;False;de;en;True;True;True;Wer hat Ulysses geschrieben?;de;True;Qui a écrit Ulysse ?;fr;True;¿Quién escribió Ulises?;unknown;True;;;;;;;1.0;0.0833;True;de;Answer in German.;False
What is the capital of Ecuador?;Die Hauptstadt von Ecuador ist Quito.;Quito;;The capital of Ecuador is Quito.;False;False;de;en;True;True;True;Was ist die Hauptstadt von Ecuador?;de;True;Quelle est la capitale de l'Équateur?;fr;True;¿Cuál es la capital de Ecuador?;es;True;;;;;;;1.0;0.129;True;de;Answer in German.;False
What is the chemical symbol for lead?;Das chemische Symbol für Blei ist Pb.;Pb;;The chemical symbol for lead is Pb.;False;False;de;en;True;True;True;Was ist das chemische Symbol für Blei?;de;True;Quel est le symbole chimique du plomb?;fr;True;¿Cuál es el símbolo químico de plomo?;es;True;;;;;;;1.0;0.1333;True;de;Answer in German.;False
Who wrote Les Miserables?;"""Les Misérables"" wurde von dem französischen Schriftsteller Victor Hugo geschrieben.";Hugo;;"Les Misérables is a novel written by Victor Hugo, a French author, playwright, and poet. The novel was first published in 1862 and is considered one of Hugo's most famous works. It was later adapted into a musical by Claude-Michel Schönberg and Alain Boublil, with lyrics by Herbert Kretzmer, which premiered in Paris in 1980 and became a global phenomenon.

Would you like to know more about the novel or the musical?";False;False;unknown;en;True;True;True;Wer hat Les Misérables geschrieben?;fr;False;Qui a écrit Les Misérables ?;fr;True;¿Quién escribió Los Misérables?;es;True;;;;;;;0.5714;0.0694;True;de;Answer in German.;False
In what year did Yuri Gagarin fly to space?;Yuri Gagarin flog 1961 in den Weltraum.;1961;;Yuri Gagarin became the first human to fly to space on April 12, 1961. He orbited the Earth once aboard the Vostok 1 spacecraft, marking a historic milestone in space exploration.;False;False;de;en;True;True;True;In welchem Jahr flog Yuri Gagarin ins Weltraum?;unknown;True;En quelle année Youri Gagarine est-il allé dans l'espace ?;fr;True;¿En qué año voló Yuri Gagarin al espacio?;es;True;;;;;;;1.0;0.1071;True;de;Answer in German.;False
What is the capital of Italy?;Die Hauptstadt Italiens ist Rom.;Rome;Roma|Rom.;The capital of Italy is Rome (Italian: Roma).;False;False;de;en;True;True;True;Was ist die Hauptstadt von Italien?;de;True;Quelle est la capitale de l'Italie?;fr;True;¿Cuál es la capital de Italia?;es;True;;;;;;;1.0;0.1481;True;de;Answer in German.;False
What is the chemical symbol for silver?;Das chemische Symbol für Silber ist Ag.;Ag;;The chemical symbol for silver is Ag.;False;False;de;en;True;True;True;Was ist das chemische Symbol für Silber?;de;True;Quel est le symbole chimique de l'argent?;fr;True;¿Cuál es el símbolo químico de la plata?;es;True;;;;;;;1.0;0.125;True;de;Answer in German.;False
What is the longest river in South America?;Der längste Fluss in Südamerika ist der Amazonas. Er ist etwa 6.400 Kilometer lang und fließt durch sieben Länder, darunter Brasilien, Peru, Kolumbien, Ecuador, Bolivien, Guyana und Surinam.;Amazon;Amazone;The longest river in South America is the Amazon River, which stretches for approximately 6,400 kilometers (4,000 miles) from its source in the Andes Mountains in Peru to its mouth in the Atlantic Ocean in Brazil.;False;False;de;en;True;True;True;Was ist der längste Fluss in Südamerika?;de;True;Quel est le fleuve le plus long en Amérique du Sud?;fr;True;¿Cuál es el río más largo de América del Sur?;es;True;;;;;;;1.0;0.0933;True;de;Answer in German.;False
What is the chemical symbol for gold?;Das chemische Symbol für Gold ist Au.;Au;;The chemical symbol for gold is Au.;False;False;de;en;True;True;True;Was ist das chemische Symbol für Gold?;de;True;Quel est le symbole chimique de l'or?;fr;True;¿Cuál es el símbolo químico del oro?;es;True;;;;;;;0.8333;0.1333;True;de;Answer in German.;False
Which Italian city is famous for its canals?;Die berühmte italienische Stadt mit ihren Kanälen ist Venedig.;Venice;Venise|Venecia|Venedig;That would be Venice! Venice, Italy is famous for its beautiful canals, which are a distinctive feature of the city. The city is built on more than 100 small islands, and its canals are a network of waterways that crisscross the city, providing a unique and picturesque way to get around.;False;False;de;en;True;True;True;Welche italienische Stadt ist berühmt für ihre Kanäle?;de;True;Quelle est la ville italienne célèbre pour ses canaux?;fr;True;¿Cuál es la ciudad italiana famosa por sus canales?;es;True;;;;;;;1.0;0.0755;True;de;Answer in German.;False
Who proposed the laws of planetary motion?;Die Gesetze der Planetenbewegung wurden von Johannes Kepler vorgeschlagen.;Kepler;;"The laws of planetary motion were proposed by Sir Isaac Newton. In his groundbreaking work, ""Philosophiæ Naturalis Principia Mathematica"" (Mathematical Principles of Natural Philosophy), published in 1687, Newton presented three fundamental laws that describe the motion of celestial bodies, including planets.

Here are the three laws of planetary motion:

1. **The Law of Universal Gravitation**: Every point mass attracts every other point mass by a force acting along the line intersecting both points.";False;False;de;en;True;False;True;Wer hat die Gesetze der Planetenbewegung vorgeschlagen?;de;True;Qui a proposé les lois du mouvement planétaire?;fr;True;¿Quién propuso las leyes del movimiento planetario?;es;True;;;;;;;1.0;0.0769;True;de;Answer in German.;False
What is the capital of Australia?;Die Hauptstadt Australiens ist Canberra.;Canberra;;The capital of Australia is Canberra.;False;False;de;en;True;True;True;Was ist die Hauptstadt von Australien?;de;True;Quelle est la capitale de l'Australie?;fr;True;¿Cuál es la capital de Australia?;es;True;;;;;;;1.0;0.1143;True;de;Answer in German.;False
What is the chemical symbol for copper?;Das chemische Symbol für Kupfer ist Cu.;Cu;;The chemical symbol for copper is Cu.;False;False;de;en;True;True;True;Was ist das chemische Symbol für Kupfer?;de;True;Quel est le symbole chimique du cuivre?;fr;True;¿Cuál es el símbolo químico de cobre?;es;True;;;;;;;1.0;0.125;True;de;Answer in German.;False
Who formulated the three laws of motion?;Die drei Bewegungsgesetze wurden von Sir Isaac Newton formuliert.;Newton;;The three laws of motion were formulated by Sir Isaac Newton.;False;False;de;en;True;True;True;Wer hat die drei Gesetze der Bewegung formuliert?;de;True;Qui a formulé les trois lois du mouvement ?;fr;True;¿Quién formuló las tres leyes de movimiento?;unknown;True;;;;;;;1.0;0.0893;True;de;Answer in German.;False
What is the highest mountain in Africa?;Die höchste Berggipfel in Afrika ist der Kilimandscharo, der sich in Tansania befindet. Er hat eine Höhe von 5.895 Metern über dem Meeresspiegel.;Kilimanjaro;Kilimandjaro|Kilimanjaro|Kilimandscharo;The highest mountain in Africa is Mount Kilimanjaro, located in Tanzania. It stands at an impressive 5,895 meters (19,341 feet) above sea level.;False;False;de;en;True;True;True;Was ist die höchste Berg in Afrika?;de;True;Quelle est la plus haute montagne en Afrique?;fr;True;¿Cuál es la montaña más alta de África?;es;True;;;;;;;1.0;0.0783;True;de;Answer in German.;False
What is the chemical symbol for helium?;Das chemische Symbol für Helium ist He.;He;;The chemical symbol for helium is He.;False;False;de;en;True;True;True;Was ist das chemische Symbol für Helium?;de;True;Quel est le symbole chimique de l'hélium?;fr;True;¿Cuál es el símbolo químico de helio?;es;True;;;;;;;1.0;0.125;True;de;Answer in German.;False
What is the capital of Ireland?;Die Hauptstadt der Republik Irland ist Dublin (Dublin).;Dublin;;The capital of Ireland is Dublin.;False;False;de;en;True;True;True;Was ist die Hauptstadt von Irland?;de;True;Quelle est la capitale de l'Irlande?;fr;True;¿Cuál es la capital de Irlanda?;es;True;;;;;;;1.0;0.1333;True;de;Answer in German.;False
How many minutes are in a full day?;"Eine Frage, die leicht zu beantworten ist!

Es gibt 24 Stunden in einem Tag und jede Stunde hat 60 Minuten. Daher gibt es 24 x 60 = 1440 Minuten in einem Tag.";1440;1 440;"There are 60 minutes in an hour, and there are 24 hours in a day. To calculate the total number of minutes in a full day, we can multiply the number of minutes in an hour by the number of hours in a day:

60 minutes/hour x 24 hours = 1440 minutes

So, there are 1440 minutes in a full day.";False;False;de;en;True;True;True;Wie viele Minuten sind in einem vollen Tag?;de;True;Quel est le nombre de minutes dans une journée pleine?;fr;True;¿Cuántas minutos hay en un día completo?;es;True;;;;;;;0.8182;0.0917;True;de;Answer in German.;False
What is the capital of Egypt?;Die Hauptstadt Ägyptens ist Kairo.;Cairo;Caire|El Cairo|Kairo;The capital of Egypt is Cairo.;False;False;de;en;True;True;True;Was ist die Hauptstadt von Ägypten?;de;True;Quelle est la capitale de l'Égypte ?;fr;True;¿Cuál es la capital de Egipto?;es;True;;;;;;;1.0;0.1379;True;de;Answer in German.;True
Who co-founded Microsoft with Paul Allen?;Bill Gates hat Microsoft mit Paul Allen gegründet.;Bill Gates;Gates;Bill Gates co-founded Microsoft with Paul Allen.;False;False;de;en;True;True;True;Wer hat Microsoft mit Paul Allen gegründet?;de;True;Qui a co-fondé Microsoft avec Paul Allen?;fr;True;¿Quién cofundó Microsoft con Paul Allen?;es;True;;;;;;;1.0;0.119;True;de;Answer in German.;False
What is the longest river in the world by most measures?;Der längste Fluss der Welt ist nach den meisten Messungen der Nil.;Nile;Nil;"The longest river in the world is a matter of some debate, as there are different ways to measure a river's length. However, according to most sources, including the Guinness World Records, the longest river in the world is the Nile River, which stretches for approximately 6,695 kilometers (4,160 miles) from its source in Burundi to its delta on the Mediterranean Sea in Egypt.

However, some sources argue that the longest river in the world is actually the Amazon River, which is";False;False;de;en;True;True;True;Was ist der längste Fluss der Welt nach den meisten Messungen?;de;True;Quel est le fleuve le plus long au monde selon la plupart des mesures?;fr;True;¿Cuál es el río más largo del mundo según la mayoría de las medidas?;es;True;;;;;;;1.0;0.0926;True;de;Answer in German.;True
What is the capital of Belarus?;Die Hauptstadt von Belarus ist Minsk.;Minsk;;The capital of Belarus is Minsk.;False;False;de;en;True;True;True;Was ist die Hauptstadt von Belarus?;de;True;Quelle est la capitale de la Biélorussie ?;fr;True;¿Cuál es la capital de Bielorrusia?;es;True;;;;;;;1.0;0.129;True;de;Answer in German.;False
Who was the first Emperor of Rome?;Der erste Kaiser von Rom war Augustus, auch bekannt als Octavian. Er regierte von 27 v. Chr. bis 14 n. Chr. und war der erste von den fünf Kaiserdynastien, die die römische Republik nach dem Tod von Julius Caesar übernahmen.;Augustus;Auguste|Augusto;"The first Emperor of Rome was Augustus Caesar, also known as Octavian. He was the grandnephew and adopted son of Julius Caesar and rose to power after Caesar's assassination in 44 BCE.

Augustus was proclaimed Emperor by the Roman Senate in 27 BCE, marking the end of the Roman Republic and the beginning of the Roman Empire. He ruled Rome for 41 years, from 27 BCE to 14 CE, and is considered one of the greatest emperors in Roman";False;False;de;en;True;True;True;Wer war der erste Kaiser von Rom?;de;True;Qui était le premier empereur de Rome?;fr;True;¿Quién fue el primer emperador de Roma?;es;True;;;;;;;1.0;0.0751;True;de;Answer in German.;False
What is the capital of Israel?;Die Hauptstadt Israels ist Jerusalem.;Jerusalem;Jerusalén;The capital of Israel is Jerusalem.;False;False;de;en;True;True;True;Was ist die Hauptstadt von Israel?;de;True;Quelle est la capitale d'Israël?;fr;True;¿Cuál es la capital de Israel?;es;True;;;;;;;1.0;0.125;True;de;Answer in German.;False
Who wrote Don Quixote?;Don Quixote wurde von Miguel de Cervantes Saavedra geschrieben.;Cervantes;;"A classic question!

Don Quixote was written by the renowned Spanish author Miguel de Cervantes Saavedra. Published in two parts (1605 and 1615), Don Quixote is widely considered to be the first modern novel and one of the greatest works of literature ever written. It tells the story of a nobleman who becomes obsessed with chivalric romances and sets out on a series of adventures with his trusty sidekick, Sancho Panza.

Would you like";False;False;de;en;True;True;True;Wer hat Don Quijote geschrieben?;de;True;Qui a écrit Don Quichotte ?;fr;True;¿Quién escribió Don Quijote?;unknown;True;;;;;;;1.0;0.0926;True;de;Answer in German.;False
What is the chemical symbol for tin?;Das chemische Symbol für Zink ist Sn.;Sn;;The chemical symbol for tin is Sn.;False;False;de;en;True;True;True;Was ist das chemische Symbol für Zinn?;de;True;Quel est le symbole chimique de l'étain ?;fr;True;¿Cuál es el símbolo químico de la plomo?;es;True;;;;;;;1.0;0.1333;True;de;Answer in German.;False
Who wrote Madame Bovary?;Gustave Flaubert hat Madame Bovary geschrieben.;Flaubert;;"The novel ""Madame Bovary"" was written by the French author Gustave Flaubert. Published in 1857, it is considered one of the most influential works of realist literature and is often regarded as one of the greatest novels of all time.";False;False;unknown;en;True;True;True;Wer hat Madame Bovary geschrieben?;de;True;Qui a écrit Madame Bovary ?;fr;True;¿Quién escribió Madame Bovary?;unknown;True;;;;;;;0.5;0.0976;True;de;Answer in German.;False
In what year did World War I begin?;Die Weltkrieg I begann im Jahr 1914.;1914;;World War I began in 1914. Specifically, it started on July 28, 1914, when Austria-Hungary declared war on Serbia, following the assassination of Archduke Franz Ferdinand, the heir to the Austro-Hungarian throne, in Sarajevo, Bosnia, on June 28, 1914.;False;False;de;en;True;True;True;In welchem Jahr begann der Erste Weltkrieg?;de;True;En quelle année a commencé la Première Guerre mondiale ?;fr;True;¿En qué año comenzó la Primera Guerra Mundial?;unknown;True;;;;;;;1.0;0.16;True;de;Answer in German.;False
In what year did the Titanic sink?;Der Titanic sank im Jahr 1912.;1912;;The RMS Titanic sank on April 15, 1912.;False;False;de;en;True;True;True;In welchem Jahr sank der Titanic?;de;True;En quelle année le Titanic a-t-il coulé ?;fr;True;¿En qué año se hundió el Titanic?;es;True;;;;;;;1.0;0.15;True;de;Answer in German.;False
What is the capital of Libya?;Die Hauptstadt Libyens ist Tripolis.;Tripoli;;The capital of Libya is Tripoli.;False;False;de;en;True;True;True;Was ist die Hauptstadt von Libyen?;de;True;Quelle est la capitale de la Libye ?;fr;True;¿Cuál es la capital de Libia?;es;True;;;;;;;1.0;0.129;True;de;Answer in German.;False
How many elements are in the periodic table as of today, approximately?;Bis heute gibt es in der Periodiktafel ungefähr 118 Elemente.;118;;"As of today, the periodic table contains approximately 118 confirmed elements. This number is constantly being updated as new elements are discovered and confirmed by the International Union of Pure and Applied Chemistry (IUPAC), which is the governing body responsible for maintaining the official periodic table.

In fact, in 2016, four new elements were officially recognized and added to the periodic table: nihonium (Nh), moscovium (Mc), tennessine (Ts), and oganesson (Og";False;False;de;en;True;True;True;Wie viele Elemente befinden sich in der Periodiktafel etwa heute?;de;True;Quel est le nombre d'elements dans la table périodique au 1er mars 2023, d'approximation?;fr;True;¿Cuántos elementos hay en la tabla periódica hasta hoy, aproximadamente?;es;True;;;;;;;0.8;0.0625;True;de;Answer in German.;False
Who wrote Brave New World?;"""Brave New World"" wurde von Aldous Huxley geschrieben.";Huxley;;"The novel ""Brave New World"" was written by Aldous Huxley.";False;False;de;en;True;True;True;Wer hat Schöne neue Welt geschrieben?;de;True;Qui a écrit Le Meilleur des mondes ?;fr;True;¿Quién escribió Mundo Nuevo Valiente?;unknown;True;;;;;;;1.0;0.1136;True;de;Answer in German.;False
What is the largest hot desert in Africa?;Die größte heiße Wüste in Afrika ist die Sahara-Wüste.;Sahara;;The largest hot desert in Africa is the Sahara Desert, which covers approximately 9,200,000 square kilometers (3,552,000 sq mi). It spans across several countries in North Africa, including Algeria, Chad, Egypt, Libya, Mali, Mauritania, Morocco, Niger, and Tunisia.;False;False;de;en;True;True;True;Was ist die größte heiße Wüste Afrikas?;de;True;Quel est le plus grand désert chaud d'Afrique?;fr;True;¿Cuál es el desierto cálido más grande de África?;es;True;;;;;;;1.0;0.1136;True;de;Answer in German.;False
In what year did the Great Fire of London occur?;Der Große Brand von London ereignete sich im Jahr 1666.;1666;;The Great Fire of London occurred in 1666.;False;False;de;en;True;True;True;Was ist das Jahr des Großen Brandes von London?;de;True;Quel est l'année où est survenue la grande incendie de Londres?;fr;True;¿En qué año ocurrió el Gran Incendio de Londres?;es;True;;;;;;;1.0;0.122;True;de;Answer in German.;False
What is the capital of Poland?;Die Hauptstadt von Polen ist Warschau.;Warsaw;Varsovie|Varsovia|Warschau;The capital of Poland is Warsaw (Polish: Warszawa).;False;False;de;en;True;True;True;Was ist die Hauptstadt von Polen?;de;True;Quelle est la capitale de la Pologne ?;fr;True;¿Cuál es la capital de Polonia?;es;True;;;;;;;1.0;0.125;True;de;Answer in German.;False
What is the capital of Zimbabwe?;Die Hauptstadt von Zimbabwe ist Harare.;Harare;;The capital of Zimbabwe is Harare.;False;False;de;en;True;True;True;Was ist die Hauptstadt von Zimbabwe?;de;True;Quelle est la capitale du Zimbabwe?;fr;True;¿Cuál es la capital de Zimbabue?;es;True;;;;;;;1.0;0.1212;True;de;Answer in German.;False
In what year did Columbus first reach the Americas?;Christopher Columbus erreichte die amerikanischen Kontinente im Jahr 1492.;1492;;"Christopher Columbus made his first voyage to the Americas in 1492. He landed on the island of Guanahani in the Bahamas on October 12, 1492. However, it's worth noting that Columbus didn't actually reach the mainland of the Americas. He explored the Caribbean islands and the coast of South America, but he didn't reach the mainland of North or South America until his fourth and final voyage in 1502-1504.

Would you like to know more about Columbus";False;False;de;en;True;True;True;In welchem Jahr erreichte Kolumbus zum ersten Mal Amerika?;de;True;En quelle année Christophe Colomb a-t-il atteint les Amériques pour la première fois ?;fr;True;¿En qué año llegó el primer Columbus a las Américas?;es;True;;;;;;;1.0;0.0656;True;de;Answer in German.;False
What is the capital of Malaysia?;Die Hauptstadt von Malaysia ist Kuala Lumpur.;Kuala Lumpur;;The capital of Malaysia is Kuala Lumpur.;False;False;de;en;True;True;True;Was ist die Hauptstadt von Malaysia?;de;True;Quelle est la capitale de la Malaisie ?;fr;True;¿Cuál es la capital de Malasia?;es;True;;;;;;;1.0;0.1316;True;de;Answer in German.;False
What is the capital of Canada?;Die Hauptstadt von Kanada ist Ottawa.;Ottawa;;The capital of Canada is Ottawa.;False;False;de;en;True;True;True;Was ist die Hauptstadt von Kanada?;de;True;Quelle est la capitale du Canada?;fr;True;¿Cuál es la capital de Canadá?;es;True;;;;;;;1.0;0.129;True;de;Answer in German.;False
What is the atomic number of carbon?;Das Atomarium von Carbon ist 6.;6;six;The atomic number of carbon is 6.;False;False;de;en;True;True;True;Was ist die Atomnummer von Kohlenstoff?;de;True;Quel est le numéro atomique du carbone?;fr;True;¿Cuál es el número átomo de carbono?;es;True;;;;;;;1.0;0.125;True;de;Answer in German.;False
Which strait separates Spain from Morocco?;Die Straße von Gibraltar trennt Spanien von Marokko.;Gibraltar;;The Strait of Gibraltar separates Spain from Morocco.;False;False;de;en;True;True;True;Welche Straße trennt Spanien von Marokko?;de;True;Quel détroit sépare l'Espagne du Maroc ?;fr;True;¿Cuál es el estrecho que separa España de Marruecos?;es;True;;;;;;;1.0;0.1136;True;de;Answer in German.;False
What is the closest star to Earth?;Der nächste Stern zur Erde ist die Sonne.;Sun;Soleil|el Sol|die Sonne;"The closest star to Earth is the Sun, which is approximately 93 million miles (149.6 million kilometers) away from our planet. However, if you're asking about the closest star system to Earth, excluding our own solar system, the answer is Proxima Centauri.

Proxima Centauri is a small, cool red dwarf star located about 4.24 light-years away from Earth. A light-year is the distance light travels in one year, which is approximately 6 trillion";False;False;de;en;True;True;True;Welcher Stern ist der Erde am nächsten?;de;True;Quelle est l'étoile la plus proche de la Terre ?;fr;True;¿Cuál es la estrella más cercana a la Tierra?;es;True;;;;;;;1.0;0.1212;True;de;Answer in German.;True
Who painted The Starry Night?;"Die Malerei ""Die Sternennacht"" wurde von Vincent van Gogh geschaffen.";Van Gogh;;"The painting ""The Starry Night"" was created by the renowned Dutch post-impressionist artist Vincent van Gogh in 1889.";False;False;de;en;True;True;True;Wer malte Die Sternennacht?;de;True;Qui a peint La Nuit Étoilée?;fr;True;¿Quién pintó La Noche Estrellada?;unknown;True;;;;;;;1.0;0.1053;True;de;Answer in German.;False
Who wrote The Trial?;"Die Roman ""Der Prozess"" wurde von dem österreichischen Schriftsteller Franz Kafka geschrieben.";Kafka;;The Trial is a novel written by Franz Kafka, a Czech writer. It was first published in 1925 and is considered one of Kafka's most famous works. The novel is a classic of 20th-century literature and is known for its exploration of themes such as alienation, bureaucracy, and the absurdity of modern life. Would you like to know more about Kafka or The Trial?;False;False;de;en;True;True;True;Wer hat Das Gericht geschrieben?;de;True;Qui a écrit Le Procès ?;fr;True;¿Quién escribió El juicio?;es;True;;;;;;;1.0;0.0875;True;de;Answer in German.;False
What is the highest mountain in the world?;Die höchste Berggipfel der Welt ist der Mount Everest, der sich in den Himalaja-Bergen in Nepal und Tibet befindet. Er hat eine Höhe von 8.848,86 Metern über dem Meeresspiegel.;Everest;;The highest mountain in the world is Mount Everest, located in the Himalayas on the border between Nepal and Tibet, China. It stands at an incredible 8,848.86 meters (29,031.7 feet) above sea level.;False;False;de;en;True;True;True;Was ist die höchste Erdridge auf der Welt?;de;True;Quelle est la plus haute montagne du monde?;fr;True;¿Cuál es el pico más alto del mundo?;es;True;;;;;;;1.0;0.0956;True;de;Answer in German.;False
At what temperature in Celsius does water reach its maximum density?;"Das ist eine gute Frage!

Das Wasser erreicht seine maximale Dichte bei einer Temperatur von 4°C.";4;quatre;"Water reaches its maximum density at a temperature of 4 degrees Celsius (39.2 degrees Fahrenheit). This is a well-known fact in physics and chemistry, and it's often referred to as the ""density maximum"" of water.";False;False;de;en;True;True;True;Was ist die Temperatur in Celsius, bei der Wasser seine maximale Dichte erreicht?;de;True;À quelle température en degrés Celsius l'eau atteint-elle sa densité maximale ?;fr;True;¿A qué temperatura en grados Celsius alcanza el agua su densidad máxima?;es;True;;;;;;;1.0;0.0909;True;de;Answer in German.;False
In what year did the Cuban Missile Crisis occur?;Die kubanische Raketenkrise fand im Jahr 1962 statt.;1962;;The Cuban Missile Crisis occurred in 1962. Specifically, it took place from October 16 to October 28, 1962.;False;False;de;en;True;True;True;In welchem Jahr fand die Kubakrise statt?;de;True;En quelle année a eu lieu la crise des missiles de Cuba ?;fr;True;¿En qué año ocurrió la Crisis de los Misiles en Cuba?;es;True;;;;;;;1.0;0.075;True;de;Answer in German.;False
Which planet is known as the Red Planet?;Der rote Planet ist Mars.;Mars;Marte;The planet known as the Red Planet is Mars.;False;False;de;en;True;True;True;Welcher Planet wird als Roter Planet bezeichnet?;de;True;Quelle planète est connue sous le nom de planète rouge ?;fr;True;¿Cuál planeta se conoce como el Planeta Rojo?;es;True;;;;;;;1.0;0.15;True;de;Answer in German.;False
Who proposed the heliocentric model of the Solar System in 1543?;Der Heliocentrismusmodell des Sonnensystems wurde 1543 von Nicolaus Kopernikus vorgeschlagen.;Copernicus;Copernic;Nicolaus Copernicus proposed the heliocentric model of the Solar System in 1543.;False;False;de;en;False;True;True;Wer hat im Jahr 1543 den heliozentrischen Modell des Sonnensystems vorgeschlagen?;de;True;Qui a proposé le modèle héliocentrique du système solaire en 1543?;fr;True;¿Quién propuso el modelo heliocéntrico del Sistema Solar en 1543?;es;True;;;;;;;0.6667;0.0633;True;de;Answer in German.;False
Who painted The Persistence of Memory?;"Das Gemälde ""Die Dauer des Gedächtnisses"" (auch bekannt als ""Die Melken der Zeit"") wurde von dem amerikanischen Künstler Salvador Dalí geschaffen.";Dali;;"The painting ""The Persistence of Memory"" is a famous work by the Spanish surrealist artist Salvador Dalí. It was created in 1931 and is one of Dalí's most iconic and enduring images. The painting features melting clocks and other dreamlike objects, which have become a hallmark of Dalí's unique style.";False;False;de;en;True;True;True;Wer malte Die Beständigkeit der Erinnerung?;de;True;Qui a peint La Persistance de la mémoire?;fr;True;¿Quién pintó La persistencia de la memoria?;unknown;True;;;;;;;0.75;0.0924;True;de;Answer in German.;False
What is the chemical symbol for hydrogen?;Das chemische Symbol für Wasserstoff ist H.;H;;The chemical symbol for hydrogen is H.;False;False;de;en;True;True;True;Was ist das chemische Symbolzeichen für Wasserstoff?;de;True;Quel est le symbole chimique de l'hydrogène?;fr;True;¿Cuál es el símbolo químico de hidrógeno?;es;True;;;;;;;1.0;0.1111;True;de;Answer in German.;False
In what year was the Chernobyl exclusion zone established?;Die Exklusionszone von Chernobyl wurde 1986 gegründet.;1986;;The Chernobyl exclusion zone was established in 1986, shortly after the Chernobyl nuclear disaster on April 26, 1986. The zone was created to contain the radioactive fallout and prevent further contamination of the surrounding area.;False;False;de;en;True;True;True;Was ist das Jahr, in dem die Exklusionszone von Chernobyl gegründet wurde?;de;True;En quelle année la zone d'exclusion de Tchernobyl a-t-elle été créée ?;fr;True;¿En qué año se estableció la zona de exclusión de Chernóbil?;unknown;True;;;;;;;1.0;0.0698;True;de;Answer in German.;False
Who painted Impression, Sunrise?;"Das war Claude Monet. Er malte 1872 das berühmte Gemälde ""Impression, Sunrise"".";Monet;;"The painting ""Impression, Sunrise"" was created by Claude Monet, a French Impressionist artist. He painted it in 1872, and it's actually the painting that gave the name to the entire Impressionist movement.";False;False;de;en;True;True;True;Wer malte Impression, Sonnenaufgang?;de;True;Qui a peint Impression, soleil levant ?;fr;True;¿Quién pintó Impresión, Amanecer?;unknown;True;;;;;;;1.0;0.1186;True;de;Answer in German.;False
Who painted The Birth of Venus?;"Die ""Geburt der Venus"" wurde von Sandro Botticelli gemalt.";Botticelli;;The Birth of Venus is a famous painting by the Italian artist Sandro Botticelli, created around 1486. It is one of his most famous works and is widely considered a masterpiece of the Italian Renaissance. The painting depicts the goddess Venus emerging from the sea, surrounded by mythological figures and symbols. It is now housed in the Uffizi Gallery in Florence, Italy.;False;False;de;en;True;True;True;Wer malte die Geburt der Venus?;de;True;Qui a peint La naissance de Vénus?;fr;True;¿Quién pintó La nacimiento de Venus?;unknown;True;;;;;;;1.0;0.1064;True;de;Answer in German.;False
Who wrote Moby-Dick?;Moby-Dick wurde von dem amerikanischen Schriftsteller Herman Melville geschrieben.;Melville;;Moby-Dick was written by the American author Herman Melville. It was first published in 1851 and is considered one of the greatest American novels ever written.;False;False;de;en;True;True;True;Wer hat Moby-Dick geschrieben?;de;True;Qui a écrit Moby-Dick ?;fr;True;¿Quién escribió Moby-Dick?;unknown;True;;;;;;;1.0;0.0694;True;de;Answer in German.;False
What is the smallest country in the world by area?;"Das ist eine einfache Frage!

Die kleinste Länder der Welt nach Fläche sind folgende:

1. Vatikanstadt (Vatikanstadt) - 0,44 km²
2. Monaco - 2 km²
3. Nauru - 21,3 km²

Aber wenn man nach der Fläche pro Einwohner rechnet, dann ist die Vatikanstadt die kleinste Länder der Welt.";Vatican;Vaticano|Vatikan;The smallest country in the world by area is the Vatican City, with a total area of approximately 0.44 km² (0.17 sq mi). It is an independent city-state located within Rome, Italy, and is home to the Pope and the central government of the Catholic Church.;False;False;de;en;True;True;True;Was ist die kleinsten Länder der Welt nach Fläche?;de;True;Quelle est la plus petite pays du monde par superficie?;fr;True;¿Cuál es el país más pequeño del mundo por área?;es;True;;;;;;;1.0;0.0804;True;de;Answer in German.;False
What is the capital of Bolivia?;Der Regierungssitz Boliviens ist La Paz, die verfassungsmäßige Hauptstadt ist Sucre.;La Paz;;The capital of Bolivia is Sucre. However, the official capital is La Paz, which is the country's largest city and the seat of the executive and legislative branches of government. Sucre is the constitutional capital and the seat of the judicial branch.;False;False;de;en;True;True;True;Was ist die Hauptstadt von Bolivien?;de;True;Quelle est la capitale de la Bolivie ?;fr;True;¿Cuál es la capital de Bolivia?;es;True;;;;;;;1.0;0.0972;True;de;Answer in German.;True
Who formulated the periodic table of elements?;Die Periodelementartable wurde von Dmitri Mendelejew formuliert.;Mendeleev;Mendeleiev|Mendeléyev|Mendelejew;"The periodic table of elements was formulated by Dmitri Mendeleev, a Russian chemist. He developed the first comprehensive and systematic periodic table in 1869. Mendeleev's table arranged the elements in a logical and organized manner, grouping them by their atomic weights and chemical properties.

Mendeleev's breakthrough was not only organizing the elements in a way that made sense, but also predicting the existence of undiscovered elements and their properties. He left gaps in the table for these missing elements";False;False;de;en;True;True;True;Wer hat die Periodelemententabelle formuliert?;de;True;Qui a formule la table périodique des elements?;fr;True;¿Quién formuló la tabla periódica de los elementos?;es;True;;;;;;;1.0;0.0702;True;de;Answer in German.;False
What is the chemical symbol for carbon?;Das chemische Symbol für Kohlenstoff ist C.;C;;The chemical symbol for carbon is C.;False;False;de;en;True;True;True;Was ist das chemische Symbol für Kohlenstoff?;de;True;Quel est le symbole chimique du carbone?;fr;True;¿Cuál es el símbolo químico del carbono?;es;True;;;;;;;1.0;0.1111;True;de;Answer in German.;False
Which is the smallest ocean on Earth?;Der kleinste Ozean auf der Erde ist der Arktische Ozean.;Arctic;Arctique|Ártico|Arktis|Arktische;The smallest ocean on Earth is the Arctic Ocean. It covers approximately 14.05 million square kilometers (5.42 million square miles) and is the smallest and shallowest of the world's five oceans.;False;False;de;en;True;True;True;Welches ist das kleinste Ozean auf der Erde?;de;True;Quelle est la capitale du Japon?;fr;True;¿Cuál es el océano más pequeño de la Tierra?;es;True;;;;;;;1.0;0.1087;True;de;Answer in German.;False
In what year did Napoleon lose the Battle of Waterloo?;Napoleon verlor die Schlacht bei Waterloo im Jahr 1815.;1815;;Napoleon Bonaparte lost the Battle of Waterloo in 1815. Specifically, the battle took place on June 18, 1815, near the town of Waterloo, Belgium.;False;False;de;en;True;True;True;In welchem Jahr verlor Napoleon die Schlacht bei Waterloo?;de;True;En quelle année Napoléon a-t-il perdu la bataille de Waterloo ?;fr;True;¿En qué año perdió Napoleón la Batalla de Waterloo?;unknown;True;;;;;;;1.0;0.0952;True;de;Answer in German.;False
What is the capital of Turkey?;Die Hauptstadt der Türkei ist Ankara.;Ankara;;The capital of Turkey is Ankara.;False;False;de;en;True;True;True;Was ist die Hauptstadt der Türkei?;de;True;Quelle est la capitale de la Turquie?;fr;True;¿Cuál es la capital de Turquía?;es;True;;;;;;;1.0;0.129;True;de;Answer in German.;True
Who wrote Faust?;"Der Faust ist ein Werk des deutschen Dichters Johann Wolfgang von Goethe. Es wurde in zwei Teilen verfasst: ""Faust I"" (1808) und ""Faust II"" (1832).";Goethe;;"There are actually several versions of the Faust legend, and it's difficult to pinpoint a single author. However, the most well-known and influential versions of Faust were written by:

1. **Christopher Marlowe** (1564-1593): An English playwright and poet, Marlowe wrote the play ""Doctor Faustus"" in 1592, which is considered one of the earliest and most influential versions of the Faust legend.
2. **Goethe** (174";False;False;de;en;True;True;True;Wer hat Faust geschrieben?;de;True;Qui a écrit Faust ?;fr;True;¿Quién escribió Fausto?;unknown;True;;;;;;;0.7143;0.1346;True;de;Answer in German.;False
What is the capital of Sweden?;Die Hauptstadt von Schweden ist Stockholm.;Stockholm;Estocolmo|Stockholm;The capital of Sweden is Stockholm.;False;False;de;en;True;True;True;Was ist die Hauptstadt von Schweden?;de;True;Quelle est la capitale de Suède?;fr;True;¿Cuál es la capital de Suecia?;es;True;;;;;;;1.0;0.1111;True;de;Answer in German.;False
What is the longest river in Africa?;Der längste Fluss in Afrika ist der Nil. Er ist etwa 6.650 Kilometer lang und fließt durch 11 Ländern, darunter Ägypten, Sudan, Südsudan, Tschad, Republik Kongo, Zaire, Uganda, Ruanda, Burundi, Demokratische Republik Kongo und Äquatorialguinea.;Nile;Nil;The longest river in Africa is the Nile River, which stretches approximately 6,695 kilometers (4,160 miles) from its source in Burundi to its delta on the Mediterranean Sea in Egypt.;False;False;de;en;True;True;True;Was ist der längste Fluss in Afrika?;de;True;Quel est le fleuve le plus long en Afrique?;fr;True;¿Cuál es el río más largo de África?;es;True;;;;;;;1.0;0.1099;True;de;Answer in German.;False
In what year was the United States Declaration of Independence signed?;Die Vereinigten Staaten der Amerikanischen Union erklärten ihre Unabhängigkeit im Jahr 1776.;1776;;The United States Declaration of Independence was signed in 1776. Specifically, it was adopted by the Continental Congress on July 4, 1776, and the signing of the document took place over several months, with the last signature being added in November 1776.;False;False;de;en;True;True;True;Was ist das Jahr, in dem die Vereinigten Staaten die Unabhängigkeitserklärung unterzeichnet haben?;de;True;En quelle année la Déclaration d'indépendance des États-Unis a-t-elle été signée ?;fr;True;¿En qué año se firmó la Declaración de Independencia de los Estados Unidos?;es;True;;;;;;;1.0;0.0921;True;de;Answer in German.;False
Who painted the Mona Lisa?;Die Mona Lisa wurde von dem italienischen Maler Leonardo da Vinci gemalt.;Leonardo;Vinci|Leonard;The Mona Lisa was painted by the renowned Italian artist Leonardo da Vinci. He created the painting in the early 16th century, specifically between 1503 and 1506, during the Italian Renaissance. The Mona Lisa is considered one of the most famous paintings in the world and is widely regarded as a masterpiece of Renaissance art.;False;False;de;en;True;True;True;Wer hat die Mona Lisa gemalt?;de;True;Qui a peint la Joconde?;fr;True;¿Quién pintó la Mona Lisa?;unknown;True;;;;;;;0.75;0.0984;True;de;Answer in German.;False
In which country is the Great Barrier Reef located?;Die Große Barrierenkoralle befindet sich in Australien.;Australia;Australie;The Great Barrier Reef is located in Australia. Specifically, it is situated off the coast of Queensland, Australia, stretching over 2,300 kilometers (1,400 miles) along the eastern coast of the country.;False;False;de;en;True;True;True;In welchem Land liegt das Große Barriereriff?;de;True;Dans quel pays se trouve la Grande Barrière de corail ?;fr;True;¿En qué país se encuentra el Gran Barrera de Coral?;es;True;;;;;;;1.0;0.0833;True;de;Answer in German.;False
What is the chemical symbol for arsenic?;Das chemische Symbol für Arsen ist As.;As;;The chemical symbol for arsenic is As.;False;False;de;en;True;True;True;Was ist das chemische Symbol für Arsen?;de;True;Quel est le symbole chimique de l'arsenic?;fr;True;¿Cuál es el símbolo químico de arsénico?;es;True;;;;;;;0.8333;0.129;True;de;Answer in German.;False
Who painted Girl with a Pearl Earring?;"Die ""Mädchen mit dem Perlenohrring"" wurde von dem niederländischen Maler Johannes Vermeer gemalt.";Vermeer;;"The painting ""Girl with a Pearl Earring"" is a masterpiece by the Dutch painter Johannes Vermeer, created around 1665. It is one of his most famous works and is widely considered one of the greatest paintings of the Dutch Golden Age. The painting depicts a young girl with a large pearl earring and an enigmatic expression, and is known for its captivating and serene beauty.";False;False;de;en;True;True;True;Wer malte Girl mit Perlenohrringen?;de;True;Qui a peint Girl with a Pearl Earring?;unknown;True;¿Quién pintó La niña con la perla?;es;True;;;;;;;1.0;0.0732;True;de;Answer in German.;False
Which continent is Egypt mostly located in?;Ägypten liegt überwiegend auf dem Kontinent Afrika.;Africa;Afrique|África|Afrika;Egypt is mostly located in the continent of Africa.;False;False;de;en;True;True;True;Auf welchem Kontinent liegt Ägypten hauptsächlich?;de;True;Sur quel continent se trouve principalement l'Égypte ?;fr;True;¿En qué continente está principalmente ubicada Egipto?;es;True;;;;;;;1.0;0.0682;True;de;Answer in German.;False
What is the chemical symbol for potassium?;Das chemische Symbol für Kalium ist K.;K;;The chemical symbol for potassium is K.;False;False;de;en;True;True;True;Was ist das chemische Symbol für Kalium?;de;True;Quel est le symbole chimique du potassium?;fr;True;¿Cuál es el símbolo químico de potasio?;es;True;;;;;;;1.0;0.129;True;de;Answer in German.;False
What is the capital of Tanzania?;Die Hauptstadt von Tansania ist Dodoma.;Dodoma;Dodoma;The capital of Tanzania is Dodoma. However, the largest city and former capital is Dar es Salaam.;False;False;de;en;True;True;True;Was ist die Hauptstadt von Tansania?;de;True;Quelle est la capitale de la Tanzanie ?;fr;True;¿Cuál es la capital de Tanzania?;es;True;;;;;;;1.0;0.1212;True;de;Answer in German.;True
Who wrote On the Origin of Species?;"""Über die Entstehung der Arten"" (On the Origin of Species) wurde von Charles Darwin verfasst.";Darwin;;"The book ""On the Origin of Species"" was written by Charles Robert Darwin.";False;False;de;en;True;True;True;"Wer hat ""Über die Entstehung der Arten"" geschrieben?";de;True;Qui a écrit L'Origine des espèces ?;fr;True;"¿Quién escribió ""Sobre el origen de las especies""?";es;True;;;;;;;0.75;0.1081;True;de;Answer in German.;False
What is the capital of Iran?;Die Hauptstadt des Iran ist Teheran.;Tehran;Teheran;The capital of Iran is Tehran.;False;False;de;en;True;True;True;Was ist die Hauptstadt von Iran?;de;True;Quelle est la capitale de l'Iran?;fr;True;¿Cuál es la capital de Irán?;es;True;;;;;;;0.6667;0.1333;True;de;Answer in German.;False
In what year was the first iPhone released?;Das erste iPhone wurde 2007 von Apple veröffentlicht.;2007;;The first iPhone was released in 2007. Specifically, it was announced by Steve Jobs, the co-founder and CEO of Apple, at the Macworld conference in San Francisco on January 9, 2007. It was released to the public on June 29, 2007.;False;False;de;en;True;True;True;Was ist das Jahr, in dem das erste iPhone veröffentlicht wurde?;de;True;En quelle année le premier iPhone est-il sorti ?;fr;True;¿En qué año se lanzó el primer iPhone?;es;True;;;;;;;1.0;0.0732;True;de;Answer in German.;False
What is the capital of Nepal?;Die Hauptstadt Nepals ist Kathmandu.;Kathmandu;Katmandou|Katmandú;The capital of Nepal is Kathmandu.;False;False;de;en;True;True;True;Was ist die Hauptstadt von Nepal?;de;True;Quelle est la capitale du Népal?;fr;True;¿Cuál es la capital de Nepal?;es;True;;;;;;;1.0;0.129;True;de;Answer in German.;False
What is the chemical symbol for calcium?;Das chemische Symbol für Kalzium ist Ca.;Ca;;The chemical symbol for calcium is Ca.;False;False;de;en;True;True;True;Was ist das chemische Symbol für Calcium?;de;True;Quel est le symbole chimique du calcium?;fr;True;¿Cuál es el símbolo químico de calcio?;es;True;;;;;;;1.0;0.1212;True;de;Answer in German.;False
What is the hardest natural substance on Earth?;Die härteste natürliche Substanz auf der Erde ist das Diamond (Diamant). Es ist ein extrem hartes, kristallines Mineral, das aus Kohlenstoff besteht. Es hat eine Mohshärte von 10, was bedeutet, dass es die härteste Substanz auf der Mohs-Härte Skala ist.;diamond;diamant;"The hardest natural substance on Earth is diamond. Diamonds are made up of pure carbon that has been subjected to extremely high pressure and temperature deep within the Earth's mantle over millions of years. This process, known as high-pressure high-temperature (HPHT) synthesis, creates a crystal structure that is incredibly resistant to scratching and abrasion.

Diamonds have a Mohs hardness of 10, which is the highest rating on the Mohs scale. This means that they are resistant to scratching and abrasion";False;False;de;en;True;True;True;Was ist die härteste natürliche Substanz auf der Erde?;de;True;Quelle est la substance naturelle la plus dure sur Terre ?;fr;True;¿Qué es la sustancia natural más dura en la Tierra?;es;True;;;;;;;0.8571;0.0693;True;de;Answer in German.;False
What is the chemical symbol for oxygen?;Das chemische Symbol für Sauerstoff ist O.;O;;The chemical symbol for oxygen is O.;False;False;de;en;True;True;True;Was ist das chemische Symbol für Sauerstoff?;de;True;Quel est le symbole chimique de l'oxygène?;fr;True;¿Cuál es el símbolo químico de oxígeno?;es;True;;;;;;;1.0;0.1143;True;de;Answer in German.;False
What is the capital of Brazil?;Die Hauptstadt Brasiliens ist Brasília.;Brasilia;;The capital of Brazil is Brasília.;False;False;unknown;en;True;True;True;Was ist die Hauptstadt von Brasilien?;de;True;Quelle est la capitale du Brésil?;fr;True;¿Cuál es la capital de Brasil?;es;True;;;;;;;0.5;0.1176;True;de;Answer in German.;False
Which planet has the most prominent ring system?;Der Planet mit dem am besten sichtbaren Ringsystem ist Saturn. Seine Ringe bestehen aus vielen kleinen, kohlenstoffhaltigen Partikeln, die von der Sonne und dem Planeten selbst in Umlauf gebracht werden. Die Ringe von Saturn sind etwa 175.000 Kilometer breit und bestehen aus mehreren verschiedenen Ringebenen.;Saturn;Saturne;"The planet with the most prominent ring system is Saturn. Saturn's ring system is one of the most extensive and visible in our solar system, consisting of seven main rings and numerous smaller ringlets. The rings are made up of ice particles, rock debris, and dust, and are thought to be the remains of moons and other objects that were destroyed or broken apart by Saturn's gravitational forces.

Saturn's ring system is truly breathtaking, with its delicate, icy tendrils stretching out for hundreds of thousands";False;False;de;en;True;True;True;Welcher Planet hat das auffälligste Ringsystem?;de;True;Quelle planète possède le système d'anneaux le plus visible ?;fr;True;¿Cuál planeta tiene el sistema de anillos más prominente?;es;True;;;;;;;1.0;0.0591;True;de;Answer in German.;False
What is the capital of Senegal?;Die Hauptstadt von Senegal ist Dakar.;Dakar;;The capital of Senegal is Dakar.;False;False;de;en;True;True;True;Was ist die Hauptstadt von Senegal?;de;True;Quelle est la capitale du Sénégal?;fr;True;¿Cuál es la capital de Senegal?;es;True;;;;;;;1.0;0.129;True;de;Answer in German.;False
What is the chemical symbol for iron?;Das chemische Symbol für Eisen ist Fe.;Fe;;The chemical symbol for iron is Fe.;False;False;de;en;True;True;True;Was ist das chemische Symbol für Eisen?;de;True;Quel est le symbole chimique du fer ?;fr;True;¿Cuál es el símbolo químico del hierro?;es;True;;;;;;;1.0;0.129;True;de;Answer in German.;False
In what year was the Treaty of Versailles signed?;Der Friedensvertrag von Versailles wurde 1919 unterzeichnet.;1919;;The Treaty of Versailles was signed on June 28, 1919.;False;False;de;en;True;True;True;Was ist das Jahr, in dem der Friedensvertrag von Versailles unterzeichnet wurde?;de;True;En quelle année le traité de Versailles a-t-il été signé ?;fr;True;¿En qué año se firmó el Tratado de Versalles?;es;True;;;;;;;1.0;0.0612;True;de;Answer in German.;False
What is the capital of Ukraine?;Die Hauptstadt der Ukraine ist Kiew.;Kyiv;Kiev|Kiew;The capital of Ukraine is Kyiv (also known as Kiev).;False;False;de;en;True;True;True;Was ist die Hauptstadt der Ukraine?;de;True;Quelle est la capitale de l'Ukraine ?;fr;True;¿Cuál es la capital de Ucrania?;es;True;Qual è la capitale dell'Ucraina?;it;True;Qual é a capital da Ucrânia?;pt;True;1.0;0.1333;True;de;Answer in German.;True
What force keeps planets in orbit around the Sun?;Die Kraft, die Planeten in ihrer Umlaufbahn um die Sonne hält, ist die Schwerkraft. Die Schwerkraft ist eine Kraft, die zwischen zwei Massen wirkt und die Masse des Objekts, das sie umgibt, anzieht. In diesem Fall zieht die Sonne die Planeten mit ihrer großen Masse an, was zu einer Umlaufbahn führt.;gravity;gravit|gravedad|Schwerkraft|Gravitation;"The force that keeps planets in orbit around the Sun is called gravity. Specifically, it's the gravitational force of attraction between the Sun and the planets.

According to Newton's Law of Universal Gravitation, every object in the universe attracts every other object with a force proportional to their masses and the distance between them. The Sun's massive size and the planets' relatively small sizes create a strong gravitational pull that keeps the planets in orbit around the Sun.

Think of it like a cosmic dance: the Sun";False;False;de;en;True;True;True;Welche Kraft hält die Planeten in ihrer Umlaufbahn um die Sonne?;de;True;Quelle force maintient les planètes dans leur orbite autour du Soleil?;fr;True;¿Qué fuerza mantiene a los planetas en órbita alrededor del Sol?;es;True;Quale forza mantiene i pianeti in orbita intorno al Sole?;it;True;Que força mantém os planetas em órbita ao redor do Sol?;pt;True;0.9545;0.0747;True;de;Answer in German.;False
Who wrote The Old Man and the Sea?;"Der Roman ""Der alte Mann und das Meer"" wurde von dem amerikanischen Schriftsteller Ernest Hemingway geschrieben.";Hemingway;;The Old Man and the Sea is a novella written by the renowned American author Ernest Hemingway. It was first published in 1952 and is considered one of Hemingway's most famous works.;False;False;de;en;True;True;True;"Wer hat ""Der alte Mann und das Meer"" geschrieben?";de;True;Qui a ecrit La Mer et le Vieil Homme?;fr;True;¿Quién escribió El viejo y el mar?;es;True;Chi ha scritto Il vecchio e il mare?;it;True;Quem escreveu O Velho e o Mar?;pt;True;1.0;0.0851;True;de;Answer in German.;False
What is the capital of Syria?;Die Hauptstadt Syriens ist Damaskus.;Damascus;Damas;The capital of Syria is Damascus.;False;False;de;en;True;True;True;Was ist die Hauptstadt von Syrien?;de;True;Quelle est la capitale de la Syrie ?;fr;True;¿Cuál es la capital de Siria?;es;True;Qual è la capitale della Siria?;it;True;Qual é a capital da Síria?;pt;True;1.0;0.129;True;de;Answer in German.;False
In what year did the Wright brothers first fly?;Die Wright-Brüder unternahmen ihren ersten erfolgreichen Flug im Jahr 1903.;1903;;The Wright brothers, Orville and Wilbur, successfully flew the first powered, heavier-than-air aircraft on December 17, 1903. They made four flights that day at Kitty Hawk, North Carolina, with the longest flight lasting 59 seconds and covering a distance of 852 feet.;False;False;de;en;True;True;True;Was ist das Jahr, in dem die Wright-Brüder zum ersten Mal flogen?;de;True;Quelle est l'année du premier vol des frères Wright ?;fr;True;¿En qué año volaron por primera vez los hermanos Wright?;es;True;In che anno i fratelli Wright volarono per la prima volta?;it;True;Em que ano os irmãos Wright voaram pela primeira vez?;pt;True;1.0;0.0833;True;de;Answer in German.;False
In what year did the Human Genome Project publish its first draft?;Das Humangenomprojekt veröffentlichte seinen ersten Entwurf im Jahr 2001.;2001;;The Human Genome Project published its first draft in 2000.;False;False;de;en;True;False;True;In welchem Jahr veröffentlichte das Human-Genom-Projekt seinen ersten Entwurf?;de;True;Quelle est l'année où le projet Génome humain a publié sa première version ?;fr;True;¿En qué año publicó el Proyecto del Genoma Humano su primer borrador?;es;True;In che anno il Progetto Genoma Umano pubblicò la sua prima bozza?;it;True;Em que ano o Projeto Genoma Humano publicou o seu primeiro rascunho?;pt;True;1.0;0.0667;True;de;Answer in German.;True
What is the chemical symbol for platinum?;Das chemische Symbol für Platin ist Pt.;Pt;;The chemical symbol for platinum is Pt.;False;False;de;en;True;True;True;Was ist das chemische Symbol für Platin?;de;True;Quel est le symbole chimique du platine ?;fr;True;¿Cuál es el símbolo químico de platino?;es;True;Qual è il simbolo chimico del platino?;it;True;Qual é o símbolo químico da platina?;pt;True;1.0;0.125;True;de;Answer in German.;False
In what year did Germany reunify?;Die Wiedervereinigung Deutschlands fand am 3. Oktober 1990 statt.;1990;;Germany reunified on October 3, 1990. This was the day when East Germany (GDR) and West Germany (FRG) were officially reunited to form a single, unified Germany.;False;False;de;en;True;True;True;Was ist das Jahr der Wiedervereinigung Deutschlands?;de;True;Quelle est l'année de la réunification de l'Allemagne ?;fr;True;¿En qué año se reunió Alemania?;unknown;True;In che anno si è riunificata la Germania?;it;True;Em que ano a Alemanha se reunificou?;pt;True;1.0;0.08;True;de;Answer in German.;False
Who developed the theory of natural selection alongside Darwin?;Alfred Russel Wallace entwickelte die Theorie der natürlichen Selektion unabhängig von Darwin.;Wallace;;"While Charles Darwin is often credited with developing the theory of natural selection, he didn't work alone. Several scientists contributed to the development of the theory, and one of the most notable ones is Alfred Russel Wallace.

In 1858, Wallace, a British naturalist and biologist, independently developed a similar theory of natural selection, which he published in a paper titled ""On the Tendency of Varieties to Depart Indefinitely from the Original Type."" This paper was sent to Darwin, who was";False;False;de;en;True;True;True;Wer hat die Theorie der natürlichen Selektion neben Darwin entwickelt?;de;True;Qui a développé la théorie de la sélection naturelle aux côtés de Darwin?;fr;True;¿Quién desarrolló la teoría de la selección natural junto a Darwin?;unknown;True;Chi sviluppò la teoria della selezione naturale insieme a Darwin?;it;True;Quem desenvolveu a teoria da seleção natural junto com Darwin?;pt;True;1.0;0.0732;True;de;Answer in German.;True
In what year did the Soviet Union dissolve?;Die Sowjetunion hat 1991 aufgelöst.;1991;;The Soviet Union dissolved in 1991. Specifically, it was officially dissolved on December 26, 1991, when the Soviet Union was formally dissolved and the Russian Soviet Federative Socialist Republic (RSFSR) became the Russian Federation, marking the end of the Soviet Union as a sovereign state.;False;False;de;en;True;True;True;Was ist das Jahr, in dem die Sowjetunion aufgelöst wurde?;de;True;Quel est l'année dans laquelle l'Union soviétique a dissous?;fr;True;¿En qué año se disolvió la Unión Soviética?;unknown;True;In che anno si è dissolta l'Unione Sovietica?;it;True;Em que ano a União Soviética se dissolveu?;pt;True;1.0;0.0769;True;de;Answer in German.;False
Who developed the theory of general relativity?;Die Theorie der allgemeinen Relativitätstheorie wurde von Albert Einstein entwickelt.;Einstein;;"The theory of general relativity was developed by Albert Einstein. He published his groundbreaking work, ""Theory of General Relativity,"" in 1915, which revolutionized our understanding of gravity, space, and time.";False;False;de;en;True;True;True;Wer hat die Theorie der allgemeinen Relativität entwickelt?;de;True;Qui a développé la théorie de la relativité générale ?;fr;True;¿Quién desarrolló la teoría de la relatividad general?;unknown;True;Chi sviluppò la teoria della relatività generale?;it;True;Quem desenvolveu a teoria da relatividade geral?;pt;True;1.0;0.0667;True;de;Answer in German.;False
Who painted The Scream?;"Die berühmte Gemälde ""Der Schrei der Natur"" (auch bekannt als ""Der Schrei"" oder ""Der Schrei der Kunst"") wurde von dem norwegischen Künstler Edvard Munch geschaffen.";Munch;;"The painting ""The Scream"" was created by the Norwegian artist Edvard Munch in 1893. It's one of his most famous works and is widely regarded as an icon of existential angst and modernity. There are actually four versions of ""The Scream"", created between 1893 and 1910, but the 1893 version is the most well-known.";False;False;de;en;True;True;True;Wer hat Der Schrei gemalt?;de;True;Qui a peint Le Cri?;fr;True;¿Quién pintó El Grito?;es;True;Chi ha dipinto L'urlo?;it;True;Quem pintou O Grito?;pt;True;1.0;0.0992;True;de;Answer in German.;False
What is the capital of Greece?;Die Hauptstadt Griechenlands ist Athen.;Athens;Athenes|Atenas|Athen;The capital of Greece is Athens.;False;False;de;en;True;True;True;Was ist die Hauptstadt Griechenlands?;de;True;Quelle est la capitale de la Grèce ?;fr;True;¿Cuál es la capital de Grecia?;es;True;Qual è la capitale della Grecia?;it;True;Qual é a capital da Grécia?;pt;True;1.0;0.1176;True;de;Answer in German.;False
Who wrote One Hundred Years of Solitude?;"Der Roman ""Hundert Jahre Einsamkeit"" wurde von dem kolumbianischen Schriftsteller Gabriel García Márquez geschrieben und ist sein bekanntestes Werk.";Garcia Marquez;Marquez;"A classic of magical realism!

""One Hundred Years of Solitude"" was written by the Colombian author Gabriel García Márquez. Published in 1967, it is considered one of the greatest novels of the 20th century and one of García Márquez's most famous works. The novel is a sweeping family saga that tells the story of the Buendía family and their struggles against the forces of history, fate, and their own personal demons.";False;False;de;en;True;True;True;Wer hat Hundert Jahre Einsamkeit geschrieben?;de;True;Qui a écrit Cent ans de solitude ?;fr;True;¿Quién escribió Cien años de soledad?;unknown;True;Chi ha scritto Cent'anni di solitudine?;it;True;Quem escreveu Cem Anos de Solidão?;pt;True;0.7143;0.0787;True;de;Answer in German.;True
What is the largest ocean on Earth?;Der größte Ozean auf der Erde ist der Pazifik. Er deckt eine Fläche von etwa 155,6 Millionen Quadratkilometern ein und hat eine durchschnittliche Tiefe von etwa 3.970 Metern.;Pacific;Pacifique|Pacífico|Pazifik;The largest ocean on Earth is the Pacific Ocean, which covers approximately 155.6 million square kilometers (60.1 million square miles). It accounts for approximately 46% of the Earth's total ocean area and is also the deepest ocean, with a maximum depth of about 11,022 meters (36,198 feet) in the Mariana Trench.;False;False;de;en;True;True;True;Was ist der größte Ozean der Erde?;de;True;Quel est le plus grand océan de la Terre?;fr;True;¿Cuál es el océano más grande de la Tierra?;es;True;Qual è l'oceano più grande della Terra?;it;True;Qual é o maior oceano da Terra?;pt;True;1.0;0.0741;True;de;Answer in German.;False
In what year did World War II begin?;Die Zweite Weltkrieg begann im Jahr 1939.;1939;;World War II began in 1939. Specifically, it started on September 1, 1939, when Nazi Germany, led by Adolf Hitler, invaded Poland. This act of aggression prompted the United Kingdom and France to declare war on Germany, marking the beginning of the conflict in Europe.;False;False;de;en;True;True;True;Was ist das Jahr, in dem der Zweite Weltkrieg begann?;de;True;Quelle est l'année où a commencé la Seconde Guerre mondiale ?;fr;True;¿En qué año comenzó la Segunda Guerra Mundial?;unknown;True;In che anno è iniziata la seconda guerra mondiale?;it;True;Em que ano começou a Segunda Guerra Mundial?;pt;True;1.0;0.1333;True;de;Answer in German.;False
Which is the smallest planet in the Solar System?;Der kleinsten Planet im Sonnensystem ist Merkur.;Mercury;Mercure|Mercurio|Merkur;The smallest planet in our Solar System is Mercury. It has a diameter of approximately 4,879 kilometers (3,031 miles).;False;False;de;en;True;True;True;Welcher Planet im Sonnensystem ist der kleinst?;de;True;Quel est le planète le plus petit du système solaire?;fr;True;¿Cuál es el planeta más pequeño del Sistema Solar?;es;True;Qual è il pianeta più piccolo del Sistema Solare?;it;True;Qual é o menor planeta do Sistema Solar?;pt;True;1.0;0.0976;True;de;Answer in German.;False
Who wrote Hamlet?;Der Hamlet wurde von dem dänischen Schriftsteller und Dramatiker William Shakespeare geschrieben.;Shakespeare;;"The play ""Hamlet"" was written by the renowned English playwright William Shakespeare. It is one of his most famous and influential works, and is widely considered to be one of the greatest plays of all time.";False;False;de;en;True;True;True;Wer hat Hamlet geschrieben?;de;True;Qui a écrit Hamlet ?;fr;True;¿Quién escribió Hamlet?;unknown;True;Chi ha scritto Amleto?;it;True;Quem escreveu Hamlet?;pt;True;1.0;0.0706;True;de;Answer in German.;False
Which galaxy is the nearest large neighbour to the Milky Way?;Die nächste große Nachbargalaxie der Milchstraße ist Andromeda (Andromeda-Galaxie). Sie befindet sich etwa 2,5 Millionen Lichtjahre von der Milchstraße entfernt.;Andromeda;Androm;"The nearest large neighbor to the Milky Way galaxy is the Andromeda Galaxy, also known as Messier 31 (M31) or NGC 224. It is a spiral galaxy, similar in structure to the Milky Way, and is located approximately 2.5 million light-years away from us.

The Andromeda Galaxy is the largest member of the Local Group of galaxies, which also includes the Milky Way, the Triangulum Galaxy, and several smaller galaxies. It is expected to collide";False;False;de;en;True;True;True;Welche Galaxie ist die nächste große Nachbarin der Milchstraße?;de;True;Quelle est la galaxie la plus proche voisine de la Voie lactée?;fr;True;¿Cuál es la galaxia más cercana y grande vecina de la Vía Láctea?;es;True;Qual è la grande galassia più vicina alla Via Lattea?;it;True;Qual é a grande galáxia mais próxima da Via Láctea?;pt;True;1.0;0.0746;True;de;Answer in German.;False
How many moons does Mars have?;Mars hat zwei Monde: Phobos und Deimos.;2;deux|dos|zwei;Mars has two small natural satellites, or moons. Their names are Phobos and Deimos.;False;False;de;en;True;False;True;Wie viele Monde hat der Mars?;de;True;Quel est le nombre de lunes que Mars possède?;fr;True;¿Cuántas lunas tiene Marte?;es;True;Quante lune ha Marte?;it;True;Quantas luas tem Marte?;pt;True;1.0;0.129;True;de;Answer in German.;True
What is the chemical symbol for chromium?;Das chemische Symbol für Chrom ist Cr.;Cr;;The chemical symbol for Chromium is Cr.;False;False;de;en;True;True;True;Was ist das chemische Symbolzeichen für Chrom?;de;True;Quel est le symbole chimique du chrome ?;fr;True;¿Cuál es el símbolo químico de cromo?;es;True;Qual è il simbolo chimico del cromo?;it;True;Qual é o símbolo químico do cromo?;pt;True;1.0;0.129;True;de;Answer in German.;False
Who wrote Pride and Prejudice?;"""Das Buch 'Pride and Prejudice' wurde von der englischen Autorin Jane Austen geschrieben.""";Jane Austen;Austen;"A classic question!

Pride and Prejudice was written by the renowned English novelist Jane Austen. The novel was first published in 1813 and has since become one of the most beloved and enduring works of English literature.";False;False;de;en;True;True;True;Wer hat Romantik geschrieben?;de;True;Qui a ecrit la Prude et la Préjugée?;fr;True;¿Quién escribió Orgullo y prejuicio?;unknown;True;Chi ha scritto Orgoglio e pregiudizio?;it;True;Quem escreveu Orgulho e Preconceito?;pt;True;0.75;0.0959;True;de;Answer in German.;False
Who received the 1876 patent for the telephone?;Alexander Graham Bell erhielt 1876 den Patent für das Telefon.;Bell;;Alexander Graham Bell received the 1876 patent for the telephone.;False;False;de;en;True;True;True;Wer erhielt 1876 das Patent für das Telefon?;de;True;Qui a obtenu le brevet de 1876 pour le téléphone?;fr;True;¿Quién recibió la patente de 1876 para el teléfono?;es;True;Chi ricevette il brevetto del telefono nel 1876?;it;True;Quem recebeu a patente do telefone em 1876?;pt;True;1.0;0.1042;True;de;Answer in German.;False
What is the chemical symbol for zinc?;Das chemische Symbol für Zink ist Zn.;Zn;;The chemical symbol for zinc is Zn.;False;False;de;en;True;True;True;Was ist das chemische Symbol für Zink?;de;True;Quel est le symbole chimique du zinc?;fr;True;¿Cuál es el símbolo químico de zinc?;es;True;Qual è il simbolo chimico dello zinco?;it;True;Qual é o símbolo químico do zinco?;pt;True;1.0;0.1333;True;de;Answer in German.;False
Who wrote The Little Prince?;"Der ""Kleine Prinz"" wurde von Antoine de Saint-Exupéry geschrieben.";Saint-Exupery;Saint-Exupéry|Saint-Exupery;The Little Prince (French title: Le Petit Prince) was written by Antoine de Saint-Exupéry, a French author, poet, and pioneering aviator. The book was first published in 1943 and has since become a beloved classic of children's literature, translated into over 300 languages and selling millions of copies worldwide.;False;False;unknown;en;True;True;True;"Wer hat ""Der kleine Prinz"" geschrieben?";de;True;Qui a ecrit Le Petit Prince?;fr;True;¿Quién escribió El Príncipe pequeño?;es;True;Chi ha scritto Il Piccolo Principe?;it;True;Quem escreveu O Pequeno Príncipe?;pt;True;0.5;0.1111;True;de;Answer in German.;False
Who composed the Ninth Symphony containing Ode to Joy?;Die Neunte Sinfonie, die den Anfang des Ode an den Freiheit enthält, wurde von Ludwig van Beethoven komponiert.;Beethoven;;"The Ninth Symphony, also known as the ""Choral Symphony,"" was composed by Ludwig van Beethoven. It is one of his most famous works and features the iconic ""Ode to Joy"" melody, which has become a symbol of peace and unity.";False;False;de;en;True;True;True;Wer hat die Neunte Sinfonie mit der Ode an die Freude komponiert?;de;True;Qui a composé la Symphonie n° 9 contenant l'Ode à la joie ?;fr;True;¿Quién compuso la Sinfonía Número 9 que contiene Oda a la Alegría?;unknown;True;Chi compose la Nona Sinfonia che contiene l'Inno alla gioia?;it;True;Quem compôs a Nona Sinfonia que contém a Ode à Alegria?;pt;True;0.875;0.0879;True;de;Answer in German.;False
How many time zones does the world have, in standard count?;Die Welt hat 24 Zeitzonen in Standardzählung.;24;;"The world has 24 time zones in standard count. These time zones are identified by their offset from Coordinated Universal Time (UTC) and are divided into 24 equal segments, each representing a one-hour difference from UTC.

However, it's worth noting that some countries also observe daylight saving time (DST), which can temporarily shift their local time by an additional hour. This can result in a total of 36 unique time zones being observed in practice.

But in standard count, without considering DST,";False;False;de;en;True;True;True;Wie viele Zeitzonen hat die Welt, wenn man sie auf standardmäßige Weise zählt?;de;True;Quel est le nombre de zones horaires que le monde a, en comptage standard?;fr;True;¿Cuántas zonas horarias tiene el mundo, en cuenta estándar?;es;True;Quanti fusi orari ha il mondo, nel conteggio standard?;it;True;Quantos fusos horários tem o mundo, na contagem padrão?;pt;True;1.0;0.1111;True;de;Answer in German.;False
What is the capital of Qatar?;Die Hauptstadt von Qatar ist Doha.;Doha;;The capital of Qatar is Doha.;False;False;de;en;True;True;True;Was ist die Hauptstadt von Katar?;de;True;Quelle est la capitale du Qatar?;fr;True;¿Cuál es la capital de Qatar?;es;True;Qual è la capitale del Qatar?;it;True;Qual é a capital do Catar?;pt;True;1.0;0.1429;True;de;Answer in German.;False
What is the capital of Czechia?;Die Hauptstadt der Tschechischen Republik ist Prag.;Prague;Praga|Prag;The capital of Czechia is Prague (Praha in Czech).;False;False;de;en;True;True;True;Was ist die Hauptstadt von Tschechien?;de;True;Quelle est la capitale de la République tchèque?;fr;True;¿Cuál es la capital de República Checa?;es;True;Qual è la capitale della Repubblica Ceca?;it;True;Qual é a capital da República Tcheca?;pt;True;1.0;0.1136;True;de;Answer in German.;False
What is the capital of Bulgaria?;Die Hauptstadt Bulgariens ist Sofia (bulgarisch: София).;Sofia;;The capital of Bulgaria is Sofia (София).;False;False;de;en;True;True;True;Was ist die Hauptstadt von Bulgarien?;de;True;Quelle est la capitale de la Bulgarie ?;fr;True;¿Cuál es la capital de Bulgaria?;es;True;Qual è la capitale della Bulgaria?;it;True;Qual é a capital da Bulgária?;pt;True;1.0;0.1087;True;de;Answer in German.;False
How many keys does a standard piano have?;Ein Standardpiano hat 88 Tasten.;88;;"A standard piano typically has 88 keys. This includes:

* 52 white keys (also known as naturals)
* 36 black keys (also known as sharps and flats)

These 88 keys allow pianists to play a wide range of musical notes and chords, making it a versatile and expressive instrument.";False;False;de;en;True;True;True;Wie viele Tasten hat ein Standardpiano?;de;True;Combien de touches a un piano standard ?;unknown;True;¿Cuántas teclas tiene un piano estándar?;es;True;Quanti tasti ha un pianoforte standard?;it;True;Quantas teclas tem um piano padrão?;pt;True;1.0;0.12;True;de;Answer in German.;False
How many bones are in the adult human body?;Es gibt 206 Knochen im Erwachsenenhumankörper.;206;;"There are 206 bones in the adult human body. This number can vary slightly from person to person, as some individuals may have extra or missing bones due to various genetic or developmental conditions. However, 206 is the typical number of bones found in a healthy adult human skeleton.

Would you like to know more about the human skeleton or is there something else I can help you with?";False;False;de;en;True;True;True;Wie viele Knochen hat der erwachsene menschliche Körper?;de;True;Quel est le nombre d'os dans le corps humain adulte?;fr;True;¿Cuántas huesos hay en el cuerpo humano adulto?;es;True;Quante ossa ci sono nel corpo umano adulto?;it;True;Quantos ossos há no corpo humano adulto?;pt;True;0.8;0.0811;True;de;Answer in German.;False
What is the freezing point of water in degrees Celsius?;Das Gefrierspunkt von Wasser beträgt 0°C.;0;zero;The freezing point of water is 0 degrees Celsius (°C).;False;False;de;en;True;True;True;Was ist der Gefrierpunkt des Wassers in Grad Celsius?;de;True;Quel est le point de congélation de l'eau en degrés Celsius ?;fr;True;¿Cuál es el punto de congelación del agua en grados Celsius?;es;True;Qual è il punto di congelamento dell'acqua in gradi Celsius?;it;True;Qual é o ponto de congelamento da água em graus Celsius?;pt;True;1.0;0.1212;True;de;Answer in German.;False
What is the chemical formula for carbon dioxide?;Die chemische Formel für Kohlendioxid ist CO2.;CO2;;The chemical formula for carbon dioxide is CO2.;False;False;de;en;True;True;True;Was ist die chemische Formel für Kohlendioxid?;de;True;Quelle est la formule chimique du dioxyde de carbone?;fr;True;¿Cuál es la fórmula química del dióxido de carbono?;es;True;Qual è la formula chimica dell'anidride carbonica?;it;True;Qual é a fórmula química do dióxido de carbono?;pt;True;1.0;0.1316;True;de;Answer in German.;False
Which ocean lies between Africa and Australia?;Der Ozean, der zwischen Afrika und Australien liegt, ist der Indische Ozean.;Indian;Indien|Índico|Indische;The Indian Ocean lies between Africa and Australia.;False;False;de;en;True;True;True;Welcher Ozean liegt zwischen Afrika und Australien?;de;True;Quel océan se trouve entre l'Afrique et l'Australie ?;fr;True;¿Cuál océano se encuentra entre África y Australia?;unknown;True;Quale oceano si trova tra l'Africa e l'Australia?;it;True;Que oceano fica entre a África e a Austrália?;pt;True;1.0;0.0968;True;de;Answer in German.;False
What is the capital of China?;Die Hauptstadt Chinas ist Peking (auch bekannt als Pekin).;Beijing;Pekin;The capital of China is Beijing.;False;False;de;en;True;True;True;Was ist die Hauptstadt von China?;de;True;Quelle est la capitale de la Chine?;fr;True;¿Cuál es la capital de China?;es;True;Qual è la capitale della Cina?;it;True;Qual é a capital da China?;pt;True;1.0;0.1064;True;de;Answer in German.;False
In which city is the Taj Mahal located?;Der Taj Mahal befindet sich in Agra, Indien.;Agra;;The Taj Mahal is located in Agra, India.;False;False;de;en;True;True;True;In welcher Stadt befindet sich das Taj Mahal?;de;True;Dans quelle ville se trouve le Taj Mahal ?;fr;True;¿En qué ciudad se encuentra el Taj Mahal?;es;True;In quale città si trova il Taj Mahal?;it;True;Em que cidade fica o Taj Mahal?;pt;True;1.0;0.1429;True;de;Answer in German.;False
In what year was the euro introduced as physical currency?;Der Euro wurde 2002 als physische Währung eingeführt.;2002;;The euro was introduced as physical currency in 2002. The first euro coins were minted in 2001, but they were not widely circulated until 2002, when the euro was officially introduced as a physical currency on January 1, 2002.;False;False;de;en;True;True;True;In welchem Jahr wurde der Euro als physische Währung eingeführt?;de;True;Quelle est l'année où l'euro a été introduit comme monnaie physique ?;fr;True;¿En qué año se introdujo el euro como moneda física?;es;True;In che anno è stato introdotto l'euro come moneta fisica?;it;True;Em que ano o euro foi introduzido como moeda física?;pt;True;1.0;0.0732;True;de;Answer in German.;False
Who composed the opera Carmen?;"Die Oper ""Carmen"" wurde von dem französischen Komponisten Georges Bizet komponiert.";Bizet;;"The opera ""Carmen"" was composed by Georges Bizet.";False;False;de;en;True;True;True;Wer komponierte die Oper Carmen?;de;True;Qui a composé l'opéra Carmen ?;fr;True;¿Quién compuso la ópera Carmen?;unknown;True;Chi ha composto l'opera Carmen?;it;True;Quem compôs a ópera Carmen?;pt;True;1.0;0.0857;True;de;Answer in German.;False
What is the capital of Lebanon?;Die Hauptstadt von Libanon ist Beirut.;Beirut;Beyrouth;The capital of Lebanon is Beirut.;False;False;de;en;True;True;True;Was ist die Hauptstadt von Libanon?;de;True;Quelle est la capitale du Liban?;fr;True;¿Cuál es la capital de Líbano?;es;True;Qual è la capitale del Libano?;it;True;Qual é a capital do Líbano?;pt;True;1.0;0.125;True;de;Answer in German.;False
What is the deepest ocean trench called?;Die tiefste Ozeantiefe wird als Mariana-Trench bezeichnet. Sie liegt im Pazifik und hat eine maximale Tiefe von etwa 11.034 Metern.;Mariana;Marianes|Mariannes;"The deepest ocean trench is called the Mariana Trench. Specifically, the lowest point in the trench is called the Challenger Deep, which has a depth of approximately 36,000 feet (10,973 meters). That's deeper than Mount Everest, the highest mountain on Earth, is tall!

Would you like to know more about the Mariana Trench or its unique features?";False;False;de;en;True;True;True;Wie heißt der tiefste Tiefseegraben?;de;True;Comment s'appelle la fosse océanique la plus profonde ?;fr;True;¿Qué es el abismo más profundo del océano llamado?;es;True;Come si chiama la fossa oceanica più profonda?;it;True;Como se chama a fossa oceânica mais profunda?;pt;True;1.0;0.0777;True;de;Answer in German.;False
In what year did the Hindenburg disaster occur?;Der Hindenburg-Unfall ereignete sich im Jahr 1937.;1937;;The Hindenburg disaster occurred on May 6, 1937.;False;False;de;en;True;True;True;Was ist das Jahr des Hindenburg-Unfalls?;de;True;Quelle est l'année de la catastrophe du Hindenburg ?;fr;True;¿En qué año ocurrió el desastre del Hindenburg?;es;True;In che anno avvenne il disastro dell'Hindenburg?;it;True;Em que ano ocorreu o desastre do Hindenburg?;pt;True;1.0;0.1053;True;de;Answer in German.;False
What is the chemical symbol for chlorine?;Das chemische Symbol für Chlor ist Cl.;Cl;;The chemical symbol for chlorine is Cl.;False;False;de;en;True;True;True;Was ist das chemische Symbolzeichen für Chlor?;de;True;Quel est le symbole chimique du chlore?;fr;True;¿Cuál es el símbolo químico de cloro?;es;True;Qual è il simbolo chimico del cloro?;it;True;Qual é o símbolo químico do cloro?;pt;True;1.0;0.129;True;de;Answer in German.;False
What is the capital of Finland?;Die Hauptstadt von Finnland ist Helsinki.;Helsinki;;The capital of Finland is Helsinki.;False;False;de;en;True;True;True;Was ist die Hauptstadt von Finnland?;de;True;Quelle est la capitale de la Finlande ?;fr;True;¿Cuál es la capital de Finlandia?;es;True;Qual è la capitale della Finlandia?;it;True;Qual é a capital da Finlândia?;pt;True;1.0;0.1143;True;de;Answer in German.;False
How many chambers does the human heart have?;Das menschliche Herz hat vier Kammern.;4;quatre|cuatro|vier;"The human heart has 4 chambers:

1. **Right Atrium** (upper right chamber)
2. **Right Ventricle** (lower right chamber)
3. **Left Atrium** (upper left chamber)
4. **Left Ventricle** (lower left chamber)

These chambers work together to pump blood throughout the body, supplying oxygen and nutrients to our tissues and organs.";False;False;de;en;True;True;True;Wie viele Kammern hat das menschliche Herz?;de;True;Quel est le nombre de chambres que le cœur humain possède?;fr;True;¿Cuántas cámaras tiene el corazón humano?;es;True;Quante camere ha il cuore umano?;it;True;Quantas câmaras tem o coração humano?;pt;True;1.0;0.0938;True;de;Answer in German.;False
Who was the first woman to win a Nobel Prize?;Die erste Frau, die einen Nobelpreis gewann, war Marie Curie. Sie erhielt 1903 den Nobelpreis für Physik gemeinsam mit ihrem Ehemann Pierre Curie und Henri Becquerel für ihre Forschungen zum radioaktiven Energie.;Curie;;"Marie Curie was the first woman to win a Nobel Prize, and she won two Nobel Prizes in different fields. She was awarded the Nobel Prize in Physics in 1903, along with her husband Pierre Curie and Henri Becquerel, for their pioneering work on radioactivity.

Later, in 1911, Marie Curie was awarded the Nobel Prize in Chemistry for her work on the isolation of pure radium, which was a major achievement in the field of chemistry at the time";False;False;de;en;True;True;True;Wer war die erste Frau, die einen Nobelpreis gewann?;de;True;Qui était la première femme à remporter un prix Nobel?;fr;True;¿Quién fue la primera mujer a ganar un Premio Nobel?;unknown;True;Chi è stata la prima donna a vincere un premio Nobel?;it;True;Quem foi a primeira mulher a ganhar um Prêmio Nobel?;pt;True;1.0;0.0867;True;de;Answer in German.;False
What is the capital of Lithuania?;Die Hauptstadt Litauens ist Vilnius.;Vilnius;;The capital of Lithuania is Vilnius.;False;False;de;en;True;True;True;Was ist die Hauptstadt von Litauen?;de;True;Quelle est la capitale de la Lituanie ?;fr;True;¿Cuál es la capital de Lituania?;es;True;Qual è la capitale della Lituania?;it;True;Qual é a capital da Lituânia?;pt;True;1.0;0.129;True;de;Answer in German.;False
What is the capital of Jordan?;Die Hauptstadt von Jordanien ist Amman.;Amman;Amán;The capital of Jordan is Amman.;False;False;de;en;True;True;True;Was ist die Hauptstadt von Jordanien?;de;True;Quelle est la capitale de la Jordanie ?;fr;True;¿Cuál es la capital de Jordania?;es;True;Qual è la capitale della Giordania?;it;True;Qual é a capital da Jordânia?;pt;True;1.0;0.1212;True;de;Answer in German.;False
In what year was the Panama Canal opened?;Der Panama-Kanal wurde 1914 eröffnet.;1914;;The Panama Canal was opened on August 15, 1914.;False;False;de;en;True;True;True;Was ist das Jahr, in dem der Panama-Kanal eröffnet wurde?;de;True;Quelle est l'année où le canal de Panama a été ouvert ?;fr;True;¿En qué año se abrió el Canal de Panamá?;es;True;In che anno è stato aperto il Canale di Panama?;it;True;Em que ano o Canal do Panamá foi aberto?;pt;True;1.0;0.1111;True;de;Answer in German.;False
Which is the largest island in the world?;Die größte Insel der Welt ist Grönland.;Greenland;Groenland|Groenlandia|Grönland;"The largest island in the world is Greenland, which is an autonomous territory within the Kingdom of Denmark. It covers an area of approximately 2,166,086 square kilometers (836,330 square miles), making it the largest island in the world by land area.

Greenland is about the size of Mexico and is located between the Arctic and Atlantic Oceans, northeast of Canada. It has a population of around 56,000 people, mostly Inuit, and is known for its vast ice sheets";False;False;de;en;True;True;True;Welche ist die größte Insel der Welt?;de;True;Quelle est la plus grande île du monde?;fr;True;¿Cuál es la isla más grande del mundo?;es;True;Qual è l'isola più grande del mondo?;it;True;Qual é a maior ilha do mundo?;pt;True;1.0;0.125;True;de;Answer in German.;True
