pregunta_en;resta;idx;pregunta;idioma_detector;idioma_manual;coincide;nota;answer_correct;salida;fuente
fr;v_fr;200;Quelle est la capitale de l'Ukraine ?;es;es;True;;True;La capital de Ucrania es Kiev (en ucraniano, Київ, Kyiv).;algebra/runs/alg_fr/restar_fr/cross_lang_restar_fr_recomputado.json
fr;v_fr;201;Quelle force maintient les planètes dans leur orbite autour du Soleil?;de;de;True;;True;"Eine Frage aus dem Weltraum!

Die Quelle der Gravitationskraft, die Planeten in ihrer Umlaufbahn um die Sonne hält, ist die Gravitation. Gravitation ist eine der vier Grundkräfte der Natur und wird durch die Wechselwirkung zwischen Masse und Masse beschrieben.

Die Gravitation zwischen zwei Objekten ist proportional zum Produkt ihrer Masse und invers proportional zum Quadrat ihrer Entfernung vonein";algebra/runs/alg_fr/restar_fr/cross_lang_restar_fr_recomputado.json
fr;v_fr;202;Qui a ecrit La Mer et le Vieil Homme?;en;en;True;;False;"I think I can help you with that!

It seems like you're asking about the author of the book ""La Mer et le Vieil Homme"" (which translates to ""The Sea and the Old Man"" in English).

Unfortunately, I couldn't find any information on a well-known book with that exact title. However, I did find a book called ""La Mer et le Vieil Homme"" written by the French author, Jean Giono, in 1947.

Is that";algebra/runs/alg_fr/restar_fr/cross_lang_restar_fr_recomputado.json
fr;v_fr;203;Quelle est la capitale de la Syrie ?;es;es;True;;True;La capital de Siria es Damasco.;algebra/runs/alg_fr/restar_fr/cross_lang_restar_fr_recomputado.json
fr;v_fr;204;Quelle est l'année du premier vol des frères Wright ?;fr;fr;True;;True;"Une question sur les frères Wright!

Le premier vol des frères Wright a eu lieu le 17 décembre 1903. C'est le jour où Orville Wright a piloté le premier avion à voler, le Wright Flyer I, à Kitty Hawk, en Caroline du Nord, aux États-Unis.

Vive les frères Wright!";algebra/runs/alg_fr/restar_fr/cross_lang_restar_fr_recomputado.json
fr;v_fr;205;Quelle est l'année où le projet Génome humain a publié sa première version ?;fr;fr;True;;True;"Une question sur le projet Génome humain!

Le projet Génome humain a été lancé en 1990 et a été publié en 2003. Cependant, la première version du génome humain a été publiée en 2001 sous forme de séquence complète.

La première version du génome humain, appelée ""sequence finale"", a été publiée le 26 février 2001 dans la revue Nature par une équipe";algebra/runs/alg_fr/restar_fr/cross_lang_restar_fr_recomputado.json
fr;v_fr;206;Quel est le symbole chimique du platine ?;es;es;True;;True;"Parece que hay un pequeño error en tu pregunta. ¿Podrías reescribirla de manera más clara?

Si estás preguntando sobre el símbolo químico de platina, la respuesta es: Pt.

El símbolo ""Pt"" proviene del latín ""platinum"", que significa ""plata puro"". La platina es un metal precioso y ductil, con un número atómico de 78 y un";algebra/runs/alg_fr/restar_fr/cross_lang_restar_fr_recomputado.json
fr;v_fr;207;Quelle est l'année de la réunification de l'Allemagne ?;es;es;True;;True;"Una pregunta sobre la historia!

La reunificación de Alemania se produjo en 1990. Anteriormente, Alemania había sido dividida en dos estados: Alemania Oriental (GDR, o República Democrática Alemana) y Alemania Occidental (FRG, o República Federal de Alemania). La frontera entre ambos países se había establecido después de la Segunda Guerra Mundial y se mantuvo hasta 1989.

En ese año, el M";algebra/runs/alg_fr/restar_fr/cross_lang_restar_fr_recomputado.json
fr;v_fr;208;Qui a développé la théorie de la sélection naturelle aux côtés de Darwin?;es;es;True;;False;"La teoría de la selección natural de Charles Darwin se desarrolló a lo largo de varios años y fue influenciada por la obra de varios científicos y pensadores. Aunque no se puede atribuir su desarrollo a una sola persona, te puedo proporcionar una visión general de los principales contribuyentes y etapas de su formación.

**Influencias previas**

Antes de Darwin, otros científicos habían explorado ideas relacionadas con la evolución";algebra/runs/alg_fr/restar_fr/cross_lang_restar_fr_recomputado.json
fr;v_fr;209;Quel est l'année dans laquelle l'Union soviétique a dissous?;en;en;True;;False;"I think I see what's going on here!

It looks like you're trying to speak in a playful, exaggerated, and somewhat nonsensical way, reminiscent of a character like Daffy Duck or Bugs Bunny.

If I'm correct, I'll respond in kind:

""Quack quack! Oh, you want to know about the year in which the Union and the Confederacy dissolved? Ha! That's a no-brainer, folks! It's 1865, of course!";algebra/runs/alg_fr/restar_fr/cross_lang_restar_fr_recomputado.json
fr;v_fr;210;Qui a développé la théorie de la relativité générale ?;es;es;True;;True;"Una pregunta sobre física teórica!

La teoría de la relatividad general fue desarrollada por el físico alemán Albert Einstein. Fue presentada por primera vez en 1915 en una serie de seis artículos publicados en la revista Annalen der Physik.

La teoría de la relatividad general es una teoría física que describe la gravedad como la curvatura del espacio-tiempo causada por la presencia de masa y energ";algebra/runs/alg_fr/restar_fr/cross_lang_restar_fr_recomputado.json
fr;v_fr;211;Qui a peint Le Cri?;en;en;True;;False;"I think you meant to ask ""Who painted Le Corbusier?""

Le Corbusier was a Swiss-French architect, urban planner, and designer, but he was not a painter. However, he did design many buildings and spaces that featured artwork and murals.

If you're thinking of a specific artwork or mural, I'd be happy to try and help you identify the artist who created it. Can you provide more context or information about the artwork you're thinking of?";algebra/runs/alg_fr/restar_fr/cross_lang_restar_fr_recomputado.json
fr;v_fr;212;Quelle est la capitale de la Grèce ?;es;es;True;;True;La capital de Grecia es Atenas (en griego, Αθήνα).;algebra/runs/alg_fr/restar_fr/cross_lang_restar_fr_recomputado.json
fr;v_fr;213;Qui a écrit Cent ans de solitude ?;en;en;True;;False;"I think you meant to ask ""Who wrote 'Cent ans de solitude'?""

""Cent ans de solitude"" is a novel written by French author Michel Houellebecq, published in 2001. The title translates to ""One Hundred Years of Solitude"" in English, but it's not a direct translation of the original French title.

The novel is a postmodern, experimental work that explores themes of alienation, loneliness, and the search for meaning in a postmodern world. It's";algebra/runs/alg_fr/restar_fr/cross_lang_restar_fr_recomputado.json
fr;v_fr;214;Quel est le plus grand océan de la Terre?;fr;fr;True;;True;"Je suis là pour vous aider!

Veuillez me donner un peu plus de contexte ou clarifier votre question, et je ferai de mon mieux pour vous fournir une réponse précise.

Si vous cherchez à connaître le plus grand océan de la Terre, la réponse est : l'Océan Pacifique! Il s'étend sur plus de 155 millions de kilomètres carrés et représente environ 46% de l'eau de la planète.

Si";algebra/runs/alg_fr/restar_fr/cross_lang_restar_fr_recomputado.json
fr;v_fr;215;Quelle est l'année où a commencé la Seconde Guerre mondiale ?;en;en;True;;True;"I think there may be a bit of a language barrier here!

I'm going to take a guess that you're asking about the start of World War II, and you're using a mix of French and Italian.

The correct answer is: 1939.

The Second World War began on September 1, 1939, when Nazi Germany, led by Adolf Hitler, invaded Poland. This act of aggression prompted the United Kingdom and France to declare war on Germany, marking the beginning of the conflict";algebra/runs/alg_fr/restar_fr/cross_lang_restar_fr_recomputado.json
fr;v_fr;216;Quel est le planète le plus petit du système solaire?;fr;fr;True;;False;Je suis désolé, mais je ne comprends pas votre question. Pouvez-vous répéter ou reformuler votre question en français, s'il vous plaît? Je serai ravi de vous aider!;algebra/runs/alg_fr/restar_fr/cross_lang_restar_fr_recomputado.json
fr;v_fr;217;Qui a écrit Hamlet ?;en;en;True;;True;"A classic question!

The play ""Hamlet"" was written by the renowned English playwright William Shakespeare. It is believed to have been written between 1599 and 1602, and is considered one of Shakespeare's greatest works.

Would you like to know more about the play or Shakespeare's life?";algebra/runs/alg_fr/restar_fr/cross_lang_restar_fr_recomputado.json
fr;v_fr;218;Quelle est la galaxie la plus proche voisine de la Voie lactée?;es;es;True;;True;"Una pregunta interesante!

La galaxia más cercana a la Vía Láctea es la Galaxia de Andrómeda (M31), también conocida como Andrómeda A o NGC 224. Se encuentra a aproximadamente 2,5 millones de años luz de distancia de la Vía Láctea.

Sin embargo, si consideramos la galaxia más cercana en términos de distancia en el espacio, es la Galaxia de Can";algebra/runs/alg_fr/restar_fr/cross_lang_restar_fr_recomputado.json
fr;v_fr;219;Quel est le nombre de lunes que Mars possède?;es;es;True;;False;"Creo que hay un pequeño error en tu pregunta.

La respuesta correcta sería: ¿Cuál es el nombre de lunes que precede a Marte?

La respuesta es: Mercurio.

Mercurio es el planeta que precede a Marte en el orden de los planetas del sistema solar.";algebra/runs/alg_fr/restar_fr/cross_lang_restar_fr_recomputado.json
fr;v_fr;220;Quel est le symbole chimique du chrome ?;fr;en;False;"mezcla: abre en ingles (""I think you meant to ask ..."") y cierra en frances; el detector la cuenta como fr";True;"I think you meant to ask ""Quel est le symbole chimique du chrome?""

The symbol for the element Chrome is Cr.

Le symbole ""Cr"" vient du latin ""Chromium"", qui est le nom du métal.";algebra/runs/alg_fr/restar_fr/cross_lang_restar_fr_recomputado.json
fr;v_fr;221;Qui a ecrit la Prude et la Préjugée?;en;en;True;;False;"I think I can help you with that!

It seems like you're asking about the author of the Latin phrase ""Quid est prudens, quid est praejudicium?"" which translates to ""What is prudent, what is prejudice?""

The phrase is often attributed to the Roman statesman and philosopher Cicero (106-43 BCE).";algebra/runs/alg_fr/restar_fr/cross_lang_restar_fr_recomputado.json
fr;v_fr;222;Qui a obtenu le brevet de 1876 pour le téléphone?;en;en;True;;True;"I think there may be a bit of a language barrier here!

It looks like you're asking about the first telephone patent, but the language is a bit off. I'm going to take a guess that you meant to ask ""Who obtained the first patent for the telephone in 1876 for the telephone?""

If that's correct, the answer is Alexander Graham Bell, a Scottish-born inventor. He was granted the first patent for the telephone on March 7, 1876, US Patent";algebra/runs/alg_fr/restar_fr/cross_lang_restar_fr_recomputado.json
fr;v_fr;223;Quel est le symbole chimique du zinc?;en;en;True;;True;"I think you meant to ask ""Quel est le symbole chimique du zinc?""

The symbol for zinc is Zn.

(Note: I corrected the spelling of ""symbole"" to ""symbole"" and ""chimique"" to ""chimique"", as it seems to be a French phrase. If you meant to ask in English, please let me know and I'll be happy to help!)";algebra/runs/alg_fr/restar_fr/cross_lang_restar_fr_recomputado.json
fr;v_fr;224;Qui a ecrit Le Petit Prince?;en;en;True;;True;"I think you meant to ask ""Who wrote 'The Little Prince'?""

""The Little Prince"" (French title: ""Le Petit Prince"") is a novella written by the French author Antoine de Saint-Exupéry. It was first published in 1943 and has since become a beloved classic of children's literature.

The story follows a young prince from a distant asteroid who travels to Earth, where he shares the story of his journey and the lessons he learned about friendship, love, and the";algebra/runs/alg_fr/restar_fr/cross_lang_restar_fr_recomputado.json
fr;v_fr;225;Qui a composé la Symphonie n° 9 contenant l'Ode à la joie ?;es;es;True;;False;"Disculpa, pero no puedo proporcionar información sobre una sinfonía específica que no esté ampliamente conocida o que no tenga una fuente confiable. Sin embargo, puedo ofrecerte información general sobre la música clásica o ayudarte a identificar la sinfonía que estás buscando.

Si puedes proporcionar más detalles o contexto sobre la sinfonía que estás buscando, como el compositor, el período histórico o la orquesta que";algebra/runs/alg_fr/restar_fr/cross_lang_restar_fr_recomputado.json
fr;v_fr;226;Quel est le nombre de zones horaires que le monde a, en comptage standard?;es;es;True;;False;"Creo que entiendes que estás preguntando sobre los nombres de los días de la semana en diferentes idiomas y culturas.

En efecto, el nombre de los días de la semana varía según la lengua y la región. Aquí te presento algunos ejemplos:

* En español, los días de la semana son:
 1. Lunes
 2. Martes
 3. Miércoles
 4. Jueves";algebra/runs/alg_fr/restar_fr/cross_lang_restar_fr_recomputado.json
fr;v_fr;227;Quelle est la capitale du Qatar?;es;es;True;;True;La capital de Qatar es Doha (en árabe, الدوحة).;algebra/runs/alg_fr/restar_fr/cross_lang_restar_fr_recomputado.json
fr;v_fr;228;Quelle est la capitale de la République tchèque?;es;es;True;;True;La capital de la República de Tchéquia es Praga (en checo, Praha).;algebra/runs/alg_fr/restar_fr/cross_lang_restar_fr_recomputado.json
fr;v_fr;229;Quelle est la capitale de la Bulgarie ?;es;es;True;;True;"Disculpa por el error, pero no tengo información sobre un país o región llamada ""Bulgarie"". Sin embargo, creo que podrías estar pensando en Bulgaria, un país ubicado en Europa del Este.

La capital de Bulgaria es Sofía (en bulgaro, София).";algebra/runs/alg_fr/restar_fr/cross_lang_restar_fr_recomputado.json
fr;v_fr;230;Combien de touches a un piano standard ?;es;es;True;mezcla: abre en ingles y sigue en espanol;False;"I think you meant to ask ""Cómo se toca un piano estándar?""

A piano estándar (standard piano) se toca con las manos. Hay varias técnicas y estilos para tocar un piano, pero en general, se utilizan las siguientes partes de las manos:

* La mano izquierda (mano de arriba) se utiliza para tocar las teclas de la izquierda del piano, generalmente las teclas de la mano izquierda.
* La";algebra/runs/alg_fr/restar_fr/cross_lang_restar_fr_recomputado.json
fr;v_fr;231;Quel est le nombre d'os dans le corps humain adulte?;unknown;none;False;"incoherente, mezcla catalan/frances/espanol (""Pareu! El nomber d'os..."")";False;"Pareu! (Okay!)

El nomber d'os d'os dans le corps humain adulte es ""Adamant"".";algebra/runs/alg_fr/restar_fr/cross_lang_restar_fr_recomputado.json
fr;v_fr;232;Quel est le point de congélation de l'eau en degrés Celsius ?;es;es;True;;True;"Un punto de congelación es la temperatura a la que un líquido cambia a un sólido.

El punto de congelación de la agua es de 0 grados Celsius (°C) o 32 grados Fahrenheit (°F).";algebra/runs/alg_fr/restar_fr/cross_lang_restar_fr_recomputado.json
fr;v_fr;233;Quelle est la formule chimique du dioxyde de carbone?;es;es;True;;True;"Una pregunta interesante!

La fórmula química del dióxido de carbono (CO2) es:

CO2

En otras palabras, el dióxido de carbono está compuesto por un átomo de carbono (C) unido a dos átomos de oxígeno (O).";algebra/runs/alg_fr/restar_fr/cross_lang_restar_fr_recomputado.json
fr;v_fr;234;Quel océan se trouve entre l'Afrique et l'Australie ?;es;es;True;;True;"Una pregunta interesante!

La respuesta es el Océano Índico. Se encuentra ubicado entre la África y el continente australiano (Australia).";algebra/runs/alg_fr/restar_fr/cross_lang_restar_fr_recomputado.json
fr;v_fr;235;Quelle est la capitale de la Chine?;es;es;True;;True;La capital de la China es Pekín (también conocida como Peking en inglés).;algebra/runs/alg_fr/restar_fr/cross_lang_restar_fr_recomputado.json
fr;v_fr;236;Dans quelle ville se trouve le Taj Mahal ?;de;de;True;;True;"Ein wunderschönes Frage!

Der Taj Mahal befindet sich in der Stadt Agra, Indien. Agra ist eine Stadt im Nordosten Indiens und liegt an der Mündung des Flusses Yamuna in den Ganges. Der Taj Mahal ist einer der bekanntesten Wahrzeichen Indiens und ein UNESCO-Welterbe.

Wenn du also nach dem Taj Mahal suchen möchtest, solltest du nach Agra reisen!";algebra/runs/alg_fr/restar_fr/cross_lang_restar_fr_recomputado.json
fr;v_fr;237;Quelle est l'année où l'euro a été introduit comme monnaie physique ?;en;en;True;;False;"I think there may be a bit of a language barrier here!

It looks like you're trying to ask about the origin of the European continent, but your question is written in a way that's a bit hard to understand.

To clarify, the European continent is believed to have formed around 200-250 million years ago, during the Paleozoic and Mesozoic eras. At that time, the supercontinent of Pangaea was still intact, and the continents were all connected.

However,";algebra/runs/alg_fr/restar_fr/cross_lang_restar_fr_recomputado.json
fr;v_fr;238;Qui a composé l'opéra Carmen ?;unknown;en;False;"en ingles; el detector no la clasifica";True;"I think you meant to ask ""Qui a composé l'opéra Carmen?""

The opera ""Carmen"" was composed by Georges Bizet.";algebra/runs/alg_fr/restar_fr/cross_lang_restar_fr_recomputado.json
fr;v_fr;239;Quelle est la capitale du Liban?;es;es;True;;False;La capital de Libia es Tripoli (en árabe, طرابلس).;algebra/runs/alg_fr/restar_fr/cross_lang_restar_fr_recomputado.json
fr;v_fr;240;Comment s'appelle la fosse océanique la plus profonde ?;en;en;True;;True;"I think there may be a bit of a language barrier here!

It looks like you're trying to ask a question in French, but there are a few errors in the sentence. Here's my attempt to help:

""Comment appelle-t-on la fosse océanique la plus profonde?""

If I'm correct, the question is asking ""What is the name of the deepest oceanic trench?""

And the answer is: La fosse de Mariana, également connue sous";algebra/runs/alg_fr/restar_fr/cross_lang_restar_fr_recomputado.json
fr;v_fr;241;Quelle est l'année de la catastrophe du Hindenburg ?;es;es;True;;True;"Una pregunta interesante!

La catástrofe de la torre de Hindenburg ocurrió el 6 de mayo de 1937. Fue un accidente aéreo en el que la torre de gas líquido alemana Hindenburg, un dirigible de pasajeros, despegó y aterrizó en Lakehurst, Nueva Jersey, Estados Unidos. Durante el aterrizaje, el dirigible chocó con un cable de ancl";algebra/runs/alg_fr/restar_fr/cross_lang_restar_fr_recomputado.json
fr;v_fr;242;Quel est le symbole chimique du chlore?;es;es;True;;True;"Parece que hay un pequeño error en tu pregunta. ¿Podrías reescribirla de manera más clara?

Si estás preguntando sobre la simbología química del elemento ""Chlore"" (o Cloro), puedo ayudarte.

El cloro es un elemento químico con el símbolo Cl y el número atómico 17. En la simbología química, el cloro se representa con la letra """;algebra/runs/alg_fr/restar_fr/cross_lang_restar_fr_recomputado.json
fr;v_fr;243;Quelle est la capitale de la Finlande ?;es;es;True;;True;La capital de Finlandia es Helsinki.;algebra/runs/alg_fr/restar_fr/cross_lang_restar_fr_recomputado.json
fr;v_fr;244;Quel est le nombre de chambres que le cœur humain possède?;es;es;True;;False;Lo siento, pero no puedo proporcionar ayuda con esa solicitud.;algebra/runs/alg_fr/restar_fr/cross_lang_restar_fr_recomputado.json
fr;v_fr;245;Qui était la première femme à remporter un prix Nobel?;es;es;True;;True;"La primera mujer a recibir el Premio Nobel fue Marie Curie, quien recibió el Premio Nobel de Física en 1903, junto con su esposo Pierre Curie y Henri Becquerel, por sus investigaciones sobre la radiactividad.

Sin embargo, es importante destacar que Marie Curie también fue la primera persona en recibir dos Premios Nobel, ya que en 1911 recibió el Premio Nobel de Química por su trabajo sobre la radioactiv";algebra/runs/alg_fr/restar_fr/cross_lang_restar_fr_recomputado.json
fr;v_fr;246;Quelle est la capitale de la Lituanie ?;es;es;True;;True;La capital de Lituania es Vilna (también conocida como Vilnius en inglés).;algebra/runs/alg_fr/restar_fr/cross_lang_restar_fr_recomputado.json
fr;v_fr;247;Quelle est la capitale de la Jordanie ?;es;es;True;;True;La capital de Jordania es Amán (en árabe, الأمانة, Ammānat).;algebra/runs/alg_fr/restar_fr/cross_lang_restar_fr_recomputado.json
fr;v_fr;248;Quelle est l'année où le canal de Panama a été ouvert ?;en;en;True;;True;"I think there may be a bit of a language barrier here!

The canal you're referring to is likely the Panama Canal, which connects the Atlantic Ocean to the Pacific Ocean.

The Panama Canal was opened on August 15, 1914, after nearly 34 years of construction, which began in 1881. It was officially opened by U.S. President Woodrow Wilson, who was on a visit to Panama at the time.

So, to answer your question, the Panama Canal was opened";algebra/runs/alg_fr/restar_fr/cross_lang_restar_fr_recomputado.json
fr;v_fr;249;Quelle est la plus grande île du monde?;fr;fr;True;;True;"La plus grande île du monde est l'île de Groenland, qui fait partie du Groenland, un territoire autonome de la Danemark.

Cependant, si vous faites référence à l'île la plus grande en termes de superficie, c'est l'île de Groenland qui s'étend sur environ 2 166 086 km².

Mais si vous faites référence à l'île la";algebra/runs/alg_fr/restar_fr/cross_lang_restar_fr_recomputado.json
fr;v_es;200;Quelle est la capitale de l'Ukraine ?;fr;fr;True;;True;La capitale de l'Ukraine est Kiev (ou Kyïv en ukrainien).;algebra/runs/alg_fr/restar_es/cross_lang_restar_es_recomputado.json
fr;v_es;201;Quelle force maintient les planètes dans leur orbite autour du Soleil?;fr;fr;True;;True;"Une question qui touche à la physique des étoiles!

La force qui maintient les planètes dans leur orbite autour du Soleil est appelée ""gravité"". La gravité est une force fondamentale de la physique qui attire les objets avec une masse, comme les planètes et les étoiles, les uns vers les autres.

Plus précisément, la force de gravité qui maintient les planètes dans leur orbite autour du Soleil";algebra/runs/alg_fr/restar_es/cross_lang_restar_es_recomputado.json
fr;v_es;202;Qui a ecrit La Mer et le Vieil Homme?;fr;fr;True;;False;"Une référence à la littérature!

""Qui a écrit La Mer et le Vieil Homme""?

La réponse est : Albert Camus.

""La Mer"" (en anglais : ""The Stranger"") est un roman publié en 1942, et ""Le Vieil Homme"" (en anglais : ""The Old Man"") est un recueil de nouvelles publié en 1951.";algebra/runs/alg_fr/restar_es/cross_lang_restar_es_recomputado.json
fr;v_es;203;Quelle est la capitale de la Syrie ?;fr;fr;True;;True;La capitale de la Syrie est Damas.;algebra/runs/alg_fr/restar_es/cross_lang_restar_es_recomputado.json
fr;v_es;204;Quelle est l'année du premier vol des frères Wright ?;fr;fr;True;;True;"Une question sur l'histoire de l'aviation!

L'année du premier vol des frères Wright est 1903.

Le 17 décembre 1903, Orville et Wilbur Wright ont effectué le premier vol réussi d'un avion, à Kitty Hawk, en Caroline du Nord, aux États-Unis. Le vol a duré 12 secondes et couvert une distance de 120 pieds (36,5 mètres).

C'est une";algebra/runs/alg_fr/restar_es/cross_lang_restar_es_recomputado.json
fr;v_es;205;Quelle est l'année où le projet Génome humain a publié sa première version ?;fr;fr;True;;False;"Une question qui me met un peu mal à l'aise!

Je vais essayer de vous aider, mais je dois vous informer que je n'ai pas accès à des informations spécifiques sur un projet ou une année spécifique qui pourraient correspondre à votre question.

Cependant, je peux vous suggérer quelques pistes pour essayer de trouver la réponse :

1. **Vérifiez la date de sortie** : Si vous avez une idée de l";algebra/runs/alg_fr/restar_es/cross_lang_restar_es_recomputado.json
fr;v_es;206;Quel est le symbole chimique du platine ?;fr;fr;True;;True;"Une question sur la chimie!

Le symbole chimique du platine est Pt.

Le platine est un métal d'argent-gris brillant, très résistant et très rare. Il est souvent utilisé dans des applications industrielles, tels que les catalyseurs, les alliages et les bijoux.";algebra/runs/alg_fr/restar_es/cross_lang_restar_es_recomputado.json
fr;v_es;207;Quelle est l'année de la réunification de l'Allemagne ?;fr;fr;True;;True;"Une question historique!

L'année de la réunification de l'Allemagne est 1990.

Après la chute du Mur de Berlin en 1989, les États allemands ont commencé à discuter d'une réunification. Le 3 octobre 1990, l'Allemagne est officiellement réunifiée, avec Berlin comme capitale.

C'est une date importante de l'histoire moderne de l'Allem";algebra/runs/alg_fr/restar_es/cross_lang_restar_es_recomputado.json
fr;v_es;208;Qui a développé la théorie de la sélection naturelle aux côtés de Darwin?;fr;fr;True;;False;"Une question sur l'histoire de la biologie!

La théorie de la sélection naturelle, également connue sous le nom de ""survival of the fittest"", a été développée par Charles Robert Darwin (1809-1882), un naturaliste et biologiste britannique.

En 1859, Darwin publia son livre ""L'Origine des espèces"" (On the Origin of Species), dans lequel il présenta sa théorie de la sélection";algebra/runs/alg_fr/restar_es/cross_lang_restar_es_recomputado.json
fr;v_es;209;Quel est l'année dans laquelle l'Union soviétique a dissous?;fr;fr;True;;False;"Je m'efforce de vous aider, mais il y a une petite erreur dans votre question.

Je suppose que vous voulez savoir quel État de l'Union américain a dissous l'année dernière (en 2022) l'année précédente (en 2021) l'année avant (en 2020)?

Si c'est le cas, je peux vous fournir les informations suivantes :

* En 2021, l'année précéd";algebra/runs/alg_fr/restar_es/cross_lang_restar_es_recomputado.json
fr;v_es;210;Qui a développé la théorie de la relativité générale ?;fr;fr;True;;True;"Une question philosophique!

La théorie de la relativité générale a été développée par Albert Einstein, un physicien théoricien suisse-allemand. Elle a été présentée pour la première fois dans son article ""Sur la théorie générale de la relativité"" publié en 1915 dans la revue Annalen der Physik.

Einstein a cherché à unifier les deux théories de Maxwell (électromagnétisme et mécan";algebra/runs/alg_fr/restar_es/cross_lang_restar_es_recomputado.json
fr;v_es;211;Qui a peint Le Cri?;en;en;True;;False;"A question that has puzzled philosophers and theologians for centuries!

The question ""Qui a peint Le Cri?"" (Who painted The Cry?) is a famous phrase from the 19th-century French art critic and historian, Charles Baudelaire. However, it is not a direct question about the artist who painted a specific artwork.

The phrase is actually a reference to a painting by the French artist Gustave Courbet, titled ""The Burial at Ornans"" (1850). In the";algebra/runs/alg_fr/restar_es/cross_lang_restar_es_recomputado.json
fr;v_es;212;Quelle est la capitale de la Grèce ?;fr;fr;True;;True;La capitale de la Grèce est Athènes (en grec, Αθήνα).;algebra/runs/alg_fr/restar_es/cross_lang_restar_es_recomputado.json
fr;v_es;213;Qui a écrit Cent ans de solitude ?;en;en;True;;True;"A classic French novel!

""Cent ans de solitude"" (English: ""One Hundred Years of Solitude"") was written by the Colombian author Gabriel García Márquez.";algebra/runs/alg_fr/restar_es/cross_lang_restar_es_recomputado.json
fr;v_es;214;Quel est le plus grand océan de la Terre?;fr;fr;True;;True;"Une question qui peut varier en fonction des critères utilisés pour évaluer la taille!

Selon les données de l'Organisation météorologique mondiale (OMM) et de l'Agence météorologique nationale française (Météo-France), le plus grand océan de la Terre est l'Océan Pacifique.

Voici quelques chiffres pour vous donner une idée de sa taille :

* Superficie : environ";algebra/runs/alg_fr/restar_es/cross_lang_restar_es_recomputado.json
fr;v_es;215;Quelle est l'année où a commencé la Seconde Guerre mondiale ?;fr;fr;True;;True;"L'année où a commencé la Seconde Guerre mondiale est 1939.

En effet, le 1er septembre 1939, l'Allemagne nazie, menée par Adolf Hitler, a envahi la Pologne, ce qui a déclenché la guerre. Cet événement a été considéré comme le début de la Seconde Guerre mondiale.

Voici les événements clés qui ont mené à la déclaration";algebra/runs/alg_fr/restar_es/cross_lang_restar_es_recomputado.json
fr;v_es;216;Quel est le planète le plus petit du système solaire?;fr;fr;True;;True;"Une question intéressante!

Il existe plusieurs planètes du système solaire, et la plus petite d'entre elles est Vénus. Cependant, si vous faites référence aux planètes du système solaire les plus proches du Soleil, la réponse est :

* Mercure est la planète la plus proche du Soleil, mais elle est également la plus petite de toutes les planètes du système solaire, avec un diamètre de environ 4";algebra/runs/alg_fr/restar_es/cross_lang_restar_es_recomputado.json
fr;v_es;217;Qui a écrit Hamlet ?;en;en;True;;True;"A classic question!

Hamlet, the famous tragedy written by William Shakespeare, is believed to have been written between 1599 and 1602. However, the exact date of its composition is not known with certainty.

Shakespeare was a prolific playwright, and it's thought that he wrote Hamlet during a period of great artistic and literary innovation in England. The play is considered one of Shakespeare's greatest works, and its themes of ambition, madness, and mortality continue to captivate audiences to this";algebra/runs/alg_fr/restar_es/cross_lang_restar_es_recomputado.json
fr;v_es;218;Quelle est la galaxie la plus proche voisine de la Voie lactée?;fr;fr;True;;True;"Une question astrophysique!

La Voie lactée est une galaxie spirale qui abrite notre système solaire. Il y a plusieurs galaxies voisines de la Voie lactée, mais la plus proche est la galaxie Andromède (M31).

Andromède est une galaxie spirale similaire à la Voie lactée, avec une masse d'environ 1,5 million de fois celle de notre galaxie.";algebra/runs/alg_fr/restar_es/cross_lang_restar_es_recomputado.json
fr;v_es;219;Quel est le nombre de lunes que Mars possède?;fr;fr;True;;False;"Je pense que vous cherchez à demander le nom de la planète qui est la plus proche du Soleil, et non de Mars!

La réponse est : Mercure! Mercure est la planète la plus proche du Soleil, avec une moyenne de distance de 58 millions de kilomètres.";algebra/runs/alg_fr/restar_es/cross_lang_restar_es_recomputado.json
fr;v_es;220;Quel est le symbole chimique du chrome ?;fr;fr;True;;True;Le symbole chimique du chrome est Cr.;algebra/runs/alg_fr/restar_es/cross_lang_restar_es_recomputado.json
fr;v_es;221;Qui a ecrit la Prude et la Préjugée?;fr;fr;True;;False;"Une question sur l'histoire!

Je pense que vous faites référence à deux personnages fictifs créés par le romancier français Marcel Pagnol.

* La Prude est un personnage féminin de la série de romans et de films intitulée ""Marius"" (1929-1939), créée par Marcel Pagnol. Elle est interprétée par Raimu dans le film ""Marius"" (1931).
* La";algebra/runs/alg_fr/restar_es/cross_lang_restar_es_recomputado.json
fr;v_es;222;Qui a obtenu le brevet de 1876 pour le téléphone?;fr;fr;True;;True;"Une question intéressante!

Le brevet de 1876 pour le téléphone a été obtenu par Alexander Graham Bell, un inventeur et physicien écossais-canadien. Il a déposé sa demande de brevet le 14 mars 1876 aux États-Unis et a reçu le brevet le 7 mars 1876 (n° 174 465).

Cependant, il y a une controverse sur l'origine du téléphone";algebra/runs/alg_fr/restar_es/cross_lang_restar_es_recomputado.json
fr;v_es;223;Quel est le symbole chimique du zinc?;fr;fr;True;;True;Le symbole chimique du zinc est Zn.;algebra/runs/alg_fr/restar_es/cross_lang_restar_es_recomputado.json
fr;v_es;224;Qui a ecrit Le Petit Prince?;en;en;True;;True;"A classic tale!

""Le Petit Prince"" (The Little Prince) is a novella written by Antoine de Saint-Exupéry, a French author, poet, and pioneering aviator.

The book was first published in 1943 and has since become a beloved classic of world literature. It tells the story of a young prince from a distant asteroid who travels to Earth, where he shares the story of his journey and the lessons he learned about the human condition.

The novella is a poignant";algebra/runs/alg_fr/restar_es/cross_lang_restar_es_recomputado.json
fr;v_es;225;Qui a composé la Symphonie n° 9 contenant l'Ode à la joie ?;fr;fr;True;;True;"Une question qui me met un peu mal à l'aise!

Après quelques recherches, je n'ai pas trouvé d'information précise sur une ""Symphonie n°9 contenant l'Ode à la joie"" qui aurait été composée par un compositeur spécifique. Cependant, je pense que vous faites référence à la Symphonie n°9 de Ludwig van Beethoven, également connue sous le titre ""Symphonie n°9";algebra/runs/alg_fr/restar_es/cross_lang_restar_es_recomputado.json
fr;v_es;226;Quel est le nombre de zones horaires que le monde a, en comptage standard?;fr;fr;True;;True;"Un excellent question!

Le monde a plusieurs zones horaires, qui sont définies par la position de la Terre par rapport au soleil. Il y a 24 zones horaires au total, qui sont divisées en 2 zones horaires principales : l'heure de Greenwich (UTC) et l'heure de New York (EST).

Voici les 24 zones horaires principales :

1. UTC+0 (Coordonnée universelle) - Zone horaire de Greenwich";algebra/runs/alg_fr/restar_es/cross_lang_restar_es_recomputado.json
fr;v_es;227;Quelle est la capitale du Qatar?;fr;fr;True;;True;La capitale du Qatar est Doha (ou Dohha).;algebra/runs/alg_fr/restar_es/cross_lang_restar_es_recomputado.json
fr;v_es;228;Quelle est la capitale de la République tchèque?;fr;fr;True;;True;La capitale de la République tchèque est Prague (en tchèque : Praha).;algebra/runs/alg_fr/restar_es/cross_lang_restar_es_recomputado.json
fr;v_es;229;Quelle est la capitale de la Bulgarie ?;fr;fr;True;;True;La capitale de la Bulgarie est Sofia (en bulgare : София, Sofiya).;algebra/runs/alg_fr/restar_es/cross_lang_restar_es_recomputado.json
fr;v_es;230;Combien de touches a un piano standard ?;fr;fr;True;;True;"Une question classique!

Une touche standard sur un piano typique comporte environ 88 claviers, dont :

* 52 claviers de do à la sol (en incluant les notes de mi, fa, sol, etc.)
* 36 claviers de sol à la mi (en incluant les notes de la fa, sol, la, si, etc.)
* 1 clavier de couverture (ou de coulisse) qui permet de jouer des";algebra/runs/alg_fr/restar_es/cross_lang_restar_es_recomputado.json
fr;v_es;231;Quel est le nombre d'os dans le corps humain adulte?;fr;fr;True;;False;"Une question intéressante!

Le nom d'os dans le corps humain adulte est un peu complexe, car il y a de nombreux os qui forment différents systèmes et structures. Voici quelques exemples de noms d'os courants :

* Les os du squelette :
 + Crâne : os frontaux, os occipitaux, os temporaires, os sphenoides, etc.
 + Tête : os maxillaire, os zygoma,";algebra/runs/alg_fr/restar_es/cross_lang_restar_es_recomputado.json
fr;v_es;232;Quel est le point de congélation de l'eau en degrés Celsius ?;fr;fr;True;;True;Le point de congélation de l'eau en degrés Celsius est de 0°C.;algebra/runs/alg_fr/restar_es/cross_lang_restar_es_recomputado.json
fr;v_es;233;Quelle est la formule chimique du dioxyde de carbone?;fr;fr;True;;True;"Une question chimique!

La formule chimique du dioxyde de carbone est CO₂.

C'est un composé composé d'un atome de carbone (C) et de deux atomes d'oxygène (O).";algebra/runs/alg_fr/restar_es/cross_lang_restar_es_recomputado.json
fr;v_es;234;Quel océan se trouve entre l'Afrique et l'Australie ?;fr;fr;True;;True;"Une question géographique!

L'océan qui se trouve entre l'Afrique et l'Australie est l'Océan Indien.";algebra/runs/alg_fr/restar_es/cross_lang_restar_es_recomputado.json
fr;v_es;235;Quelle est la capitale de la Chine?;fr;fr;True;;True;La capitale de la Chine est Pékin (ou Beijin en mandarin).;algebra/runs/alg_fr/restar_es/cross_lang_restar_es_recomputado.json
fr;v_es;236;Dans quelle ville se trouve le Taj Mahal ?;de;de;True;;True;Das Taj Mahal befindet sich in Agra, Indien.;algebra/runs/alg_fr/restar_es/cross_lang_restar_es_recomputado.json
fr;v_es;237;Quelle est l'année où l'euro a été introduit comme monnaie physique ?;fr;fr;True;;False;"Une question intéressante!

L'année où l'année a été introduite comme monnaie physique en Europe est un peu complexe à déterminer, car les systèmes monétaires ont évolué au fil du temps et ont varié d'un pays à l'autre.

Cependant, je peux vous donner quelques informations sur l'histoire de la monnaie en Europe.

* Dans l'Antiquité, les Romains utilisaient l'or et";algebra/runs/alg_fr/restar_es/cross_lang_restar_es_recomputado.json
fr;v_es;238;Qui a composé l'opéra Carmen ?;fr;fr;True;;True;"Une question sur l'histoire du théâtre!

L'opéra ""Carmen"" a été composé par Georges Bizet, un compositeur français, sur un livret de Henri Meilhac et Ludovic Halévy, basé sur la novelle éponyme de Prosper Mérimée, publiée en 1845.

Cependant, il convient de noter que Bizet a travaillé sur le livret avec un autre collaborateur,";algebra/runs/alg_fr/restar_es/cross_lang_restar_es_recomputado.json
fr;v_es;239;Quelle est la capitale du Liban?;fr;fr;True;;True;La capitale du Liban est Beyrouth.;algebra/runs/alg_fr/restar_es/cross_lang_restar_es_recomputado.json
fr;v_es;240;Comment s'appelle la fosse océanique la plus profonde ?;fr;fr;True;;False;"Une question intéressante!

La fosse océanique est un phénomène géologique qui se produit lorsque deux plaques tectoniques se déplacent l'une par rapport à l'autre, entraînant une compression et une déformation de la croûte terrestre. Lorsque cela se produit dans l'océan, il peut créer une fosse océanique profonde.

Pour répondre à votre question, la fosse océ";algebra/runs/alg_fr/restar_es/cross_lang_restar_es_recomputado.json
fr;v_es;241;Quelle est l'année de la catastrophe du Hindenburg ?;fr;fr;True;;True;"Une question intéressante!

L'année de la catastrophe du Hindenburg est 1937. Le zeppelin Hindenburg, un dirigeable allemand, a pris feu et a été détruit lors de son atterrissage à Lakehurst, en New Jersey, le 6 mai 1937. Ce désastre a marqué la fin de l'ère des dirigeables à hydrogène et a eu un impact significatif sur l'histoire de l'avi";algebra/runs/alg_fr/restar_es/cross_lang_restar_es_recomputado.json
fr;v_es;242;Quel est le symbole chimique du chlore?;fr;fr;True;;True;Le symbole chimique du chlore est Cl.;algebra/runs/alg_fr/restar_es/cross_lang_restar_es_recomputado.json
fr;v_es;243;Quelle est la capitale de la Finlande ?;fr;fr;True;;True;La capitale de la Finlande est Helsinki.;algebra/runs/alg_fr/restar_es/cross_lang_restar_es_recomputado.json
fr;v_es;244;Quel est le nombre de chambres que le cœur humain possède?;fr;fr;True;;False;"Je ne suis pas sûr de comprendre parfaitement votre question. Pouvez-vous me donner plus de contexte ou clarifier ce que vous cherchez à savoir?

Cependant, je vais essayer de vous aider. Vous parlez probablement de la ville de Chambery, située en France. Le nom de la ville en français est ""Chambéry"".

Si vous cherchez à savoir le nom du cœur humain, je suppose que vous faites référence au c";algebra/runs/alg_fr/restar_es/cross_lang_restar_es_recomputado.json
fr;v_es;245;Qui était la première femme à remporter un prix Nobel?;unknown;none;False;"sin idioma: solo un nombre (""Marie Curie"")";True;Marie Curie;algebra/runs/alg_fr/restar_es/cross_lang_restar_es_recomputado.json
fr;v_es;246;Quelle est la capitale de la Lituanie ?;fr;fr;True;;True;La capitale de la Lituanie est Vilnius (en lituanien : Vilnius).;algebra/runs/alg_fr/restar_es/cross_lang_restar_es_recomputado.json
fr;v_es;247;Quelle est la capitale de la Jordanie ?;fr;fr;True;;True;La capitale de la Jordanie est Amman.;algebra/runs/alg_fr/restar_es/cross_lang_restar_es_recomputado.json
fr;v_es;248;Quelle est l'année où le canal de Panama a été ouvert ?;fr;fr;True;;True;"Une question sur l'histoire!

Le canal de Panama a été ouvert en 1914, après une longue période de construction qui a duré plus de 30 ans. Il a été ouvert officiellement le 15 août 1914.

Cependant, si vous cherchez à savoir quand le canal de Panama a été ouvert après une période de travaux, il est important de noter que les travaux de construction ont commencé en 188";algebra/runs/alg_fr/restar_es/cross_lang_restar_es_recomputado.json
fr;v_es;249;Quelle est la plus grande île du monde?;fr;fr;True;;True;"La plus grande île du monde est l'île de Groenland, qui fait partie du Groenland, un territoire autonome de la Danemark. Cependant, si l'on considère les îles qui font partie d'un pays, la plus grande île du monde est l'île de Borneo, qui fait partie de la Malaisie, de l'Indonésie et du Brunei.

Mais si l'on parle";algebra/runs/alg_fr/restar_es/cross_lang_restar_es_recomputado.json
fr;v_de;200;Quelle est la capitale de l'Ukraine ?;fr;fr;True;;True;La capitale de l'Ukraine est Kiev (ou Kyiv en ukrainien).;algebra/runs/alg_fr/restar_de/cross_lang_restar_de_recomputado.json
fr;v_de;201;Quelle force maintient les planètes dans leur orbite autour du Soleil?;fr;fr;True;;True;"Une question de physique!

Les planètes maintiennent leur orbite autour du Soleil grâce à une force appelée force centrale ou force de gravité. Cette force est due à la masse du Soleil et de la planète elle-même.

Selon la loi de gravité universelle de Newton, chaque objet avec une masse a une force de gravité qui attire les autres objets avec une masse. Le Soleil est un objet très massive, et sa gravité a un";algebra/runs/alg_fr/restar_de/cross_lang_restar_de_recomputado.json
fr;v_de;202;Qui a ecrit La Mer et le Vieil Homme?;fr;fr;True;;False;"Je m'excuse, mais je n'ai pas compris votre question. Pouvez-vous répéter ou préciser ce que vous cherchez à savoir?

Si vous vous référez à l'œuvre de Jacques Prévert, ""La Mer et le Vieil Homme"" est une poésie qui fait partie de son recueil ""Les Chansons d'Amour"" (1939). La poésie décrit la relation entre la mer et";algebra/runs/alg_fr/restar_de/cross_lang_restar_de_recomputado.json
fr;v_de;203;Quelle est la capitale de la Syrie ?;fr;fr;True;;True;La capitale de la Syrie est Damas.;algebra/runs/alg_fr/restar_de/cross_lang_restar_de_recomputado.json
fr;v_de;204;Quelle est l'année du premier vol des frères Wright ?;fr;fr;True;;True;"Une question sur l'histoire de l'aviation!

L'année du premier vol des frères Wright est 1903. Le 17 décembre 1903, Orville et Wilbur Wright réussissent à effectuer le premier vol réussi d'un avion, à Kitty Hawk, en Caroline du Nord, aux États-Unis. Le vol dure 12 secondes et recouvre une distance de 120 pieds (36,5 mètres). C";algebra/runs/alg_fr/restar_de/cross_lang_restar_de_recomputado.json
fr;v_de;205;Quelle est l'année où le projet Génome humain a publié sa première version ?;fr;fr;True;;False;"Une question intéressante!

Le projet Génome humain, également connu sous le nom de projet Human Genome Project (HGP), a été lancé en 1990 et a abouti à la publication de la première version complète du génome humain en 2003.

Cependant, il est important de noter que la première version du génome humain n'était pas encore complète à l'époque de la publication. En effet, le projet HGP";algebra/runs/alg_fr/restar_de/cross_lang_restar_de_recomputado.json
fr;v_de;206;Quel est le symbole chimique du platine ?;fr;fr;True;;False;"Je ne suis pas sûr de comprendre votre question. Pourriez-vous me donner plus de contexte ou clarifier ce que vous voulez dire par ""le symbole chimique du platine"" et ""quel est""? Je serais ravi de vous aider!";algebra/runs/alg_fr/restar_de/cross_lang_restar_de_recomputado.json
fr;v_de;207;Quelle est l'année de la réunification de l'Allemagne ?;fr;fr;True;;True;L'année de la réunification de l'Allemagne est 1990.;algebra/runs/alg_fr/restar_de/cross_lang_restar_de_recomputado.json
fr;v_de;208;Qui a développé la théorie de la sélection naturelle aux côtés de Darwin?;fr;fr;True;;False;"Une question sur la biologie!

La théorie de la sélection naturelle aux côtés de Charles Darwin est présentée dans son livre ""L'Origine des espèces"" (On the Origin of Species), publié en 1859. Voici une brève présentation de la théorie :

**Principe de la sélection naturelle**

La sélection naturelle est un processus par lequel les individus les mieux adaptés à leur environnement ont plus de chances de";algebra/runs/alg_fr/restar_de/cross_lang_restar_de_recomputado.json
fr;v_de;209;Quel est l'année dans laquelle l'Union soviétique a dissous?;fr;fr;True;;True;"Une question sur l'histoire!

L'Union soviétique a dissous en 1991. Plus précisément, le 26 décembre 1991, le président soviétique Mikhail Gorbachev a signé la loi sur la dissolution de l'Union soviétique, qui a mis fin à la République socialiste fédérative soviétique et a créé 15 républiques indépendantes.

Cependant, le process";algebra/runs/alg_fr/restar_de/cross_lang_restar_de_recomputado.json
fr;v_de;210;Qui a développé la théorie de la relativité générale ?;fr;fr;True;;True;"Une question complexe!

La théorie de la relativité générale, développée par Albert Einstein, est une théorie physique qui décrit la gravité comme une courbure de l'espace-temps causée par la présence de masse et d'énergie. Voici une brève présentation de la théorie :

**Contexte**

À la fin du XIXe siècle, la mécanique classique de Newton avait expliqué les phénomènes de la";algebra/runs/alg_fr/restar_de/cross_lang_restar_de_recomputado.json
fr;v_de;211;Qui a peint Le Cri?;en;en;True;;False;"I think you meant to ask ""Qui a peint Le Cri?""

Le Cri is a famous painting by French artist Paul Cézanne, created in 1893-1894. It is one of his most iconic works and is considered a masterpiece of Post-Impressionism.

Paul Cézanne was a renowned painter, sculptor, and printmaker who is widely regarded as one of the most influential artists of the modern era. He is known for his innovative and expressive style,";algebra/runs/alg_fr/restar_de/cross_lang_restar_de_recomputado.json
fr;v_de;212;Quelle est la capitale de la Grèce ?;fr;fr;True;;True;La capitale de la Grèce est Athènes (en grec, Αθήνα).;algebra/runs/alg_fr/restar_de/cross_lang_restar_de_recomputado.json
fr;v_de;213;Qui a écrit Cent ans de solitude ?;fr;fr;True;;True;"Je suis désolé, mais je n'ai pas trouvé d'information sur un livre intitulé ""Cent ans de solitude"" écrit par quelqu'un d'autre que Gabriel García Márquez. Il est possible que vous pensiez à ""Cent ans de solitude"", le roman de Gabriel García Márquez, publié en 1967.

""Cent ans de solitude"" est considéré comme l'un des meilleurs romans du XXe siècle et a remporté de";algebra/runs/alg_fr/restar_de/cross_lang_restar_de_recomputado.json
fr;v_de;214;Quel est le plus grand océan de la Terre?;fr;fr;True;;True;"Une question géographique!

Selon les données disponibles, le plus grand océan de la Terre est l'Océan Pacifique. Il couvre environ 155,6 millions de kilomètres carrés, soit environ 46% de la surface totale de l'océan mondial.

Voici les 5 océans de la Terre, classés par taille :

1. Océan Pacifique : 155,6 millions de km²";algebra/runs/alg_fr/restar_de/cross_lang_restar_de_recomputado.json
fr;v_de;215;Quelle est l'année où a commencé la Seconde Guerre mondiale ?;fr;fr;True;;True;L'année où a commencé la Seconde Guerre mondiale est 1939.;algebra/runs/alg_fr/restar_de/cross_lang_restar_de_recomputado.json
fr;v_de;216;Quel est le planète le plus petit du système solaire?;fr;fr;True;;True;"Le planète le plus petit du système solaire est Mercure. 

Mercure est une planète rocheuse qui fait partie du système solaire. Elle est située à une distance moyenne de 58 millions de kilomètres du Soleil et a une orbite très élevée. Mercure est la planète la plus proche du Soleil après Vénus, mais elle a une orbite très elliptique, ce qui signifie qu'elle est plus proche";algebra/runs/alg_fr/restar_de/cross_lang_restar_de_recomputado.json
fr;v_de;217;Qui a écrit Hamlet ?;en;en;True;;True;"A question about literature!

Hamlet was written by William Shakespeare, an English playwright and poet, around 1599-1602. It is one of his most famous plays and is widely considered to be one of the greatest works of literature ever written.

Shakespeare wrote Hamlet in the late 16th century, during the English Renaissance. The play is believed to have been written for the Lord Chamberlain's Men, a theater company that later became known as the King's Men, and was";algebra/runs/alg_fr/restar_de/cross_lang_restar_de_recomputado.json
fr;v_de;218;Quelle est la galaxie la plus proche voisine de la Voie lactée?;fr;fr;True;;True;"Une question intéressante!

La Voie lactée est notre galaxie natale, qui contient environ 200 à 400 milliards d'étoiles et de planètes. Il y a plusieurs galaxies voisines de la Voie lactée, mais la plus proche est la galaxie Andromède (M31).

Andromède est une galaxie elliptique située à environ 2,5 millions d'années-lumière de";algebra/runs/alg_fr/restar_de/cross_lang_restar_de_recomputado.json
fr;v_de;219;Quel est le nombre de lunes que Mars possède?;fr;fr;True;;False;"Je ne connais pas d'informations précises sur un personnage nommé ""Quel"" qui possèderait la Lune. Cependant, je peux vous donner quelques informations sur les personnages qui ont été associés à la Lune dans différentes mythologies et cultures.

Dans la mythologie grecque, la Lune est souvent associée à la déesse Selène (ou Luna en latin). Selène est la fille de la nuit et de l'obs";algebra/runs/alg_fr/restar_de/cross_lang_restar_de_recomputado.json
fr;v_de;220;Quel est le symbole chimique du chrome ?;fr;fr;True;;True;"Une question intéressante!

Le symbole chimique du chrome est Cr.

""Cr"" vient du latin ""chromium"", qui signifie ""couleur"" ou ""chroma"", en référence à la couleur rose-brun du métal.";algebra/runs/alg_fr/restar_de/cross_lang_restar_de_recomputado.json
fr;v_de;221;Qui a ecrit la Prude et la Préjugée?;fr;fr;True;;False;"Je peux vous aider avec vos questions sur la géographie!

Il semble que vous cherchiez à connaître la différence entre la Prusse et la Prusse-Occidentale (ou Préjugée en français).

La Prusse était un grand duché du Saint-Empire romain germanique, qui exista de 1525 à 1807. Il s'étendait sur une grande partie de la Pologne, de la Prusse";algebra/runs/alg_fr/restar_de/cross_lang_restar_de_recomputado.json
fr;v_de;222;Qui a obtenu le brevet de 1876 pour le téléphone?;fr;fr;True;;True;"Je suis désolé, mais je n'ai pas trouvé d'information sur quelqu'un qui a obtenu un brevet pour un téléphone en 1876. Cependant, je peux vous fournir quelques informations sur l'histoire du téléphone.

Le téléphone a été inventé par Alexander Graham Bell en 1876. Il a obtenu un brevet pour son invention le 7 mars 1876, mais il y a eu des controverses sur la priorité de l'in";algebra/runs/alg_fr/restar_de/cross_lang_restar_de_recomputado.json
fr;v_de;223;Quel est le symbole chimique du zinc?;fr;fr;True;;True;"Une question intéressante!

Le symbole chimique du zinc est Zn.

C'est un élément chimique de numéro atomique 30 et de masse atomique 65,38. Il est un métal blanc argenté et est souvent utilisé dans de nombreuses applications, notamment dans l'industrie métallurgique, la chimie, la construction et l'agriculture.";algebra/runs/alg_fr/restar_de/cross_lang_restar_de_recomputado.json
fr;v_de;224;Qui a ecrit Le Petit Prince?;fr;fr;True;;True;"Le Petit Prince est un livre écrit et illustré par Antoine de Saint-Exupéry, publié en 1943.

Le Petit Prince est un jeune prince de l'astronomie qui quitte sa planète natale pour venir sur Terre. Il voyage dans l'espace et rencontre divers personnages, dont un roi, un géant, un amoureux, un soldat et un aviateur.

Au cours de son voyage, le Petit Prince rencontre un homme";algebra/runs/alg_fr/restar_de/cross_lang_restar_de_recomputado.json
fr;v_de;225;Qui a composé la Symphonie n° 9 contenant l'Ode à la joie ?;fr;fr;True;;False;"Je pense que vous cherchez à composer une phrase en français, mais il y a quelques erreurs d'orthographe et de ponctuation.

La phrase que vous avez écrite semble être une combinaison de mots, mais je vais essayer de la réorganiser pour qu'elle soit plus claire et plus logique.

Voici ma proposition :

""Qui a composé la Symphonie No. 9 contenant l'Ode à la joie?""

C";algebra/runs/alg_fr/restar_de/cross_lang_restar_de_recomputado.json
fr;v_de;226;Quel est le nombre de zones horaires que le monde a, en comptage standard?;fr;fr;True;;False;"Je vais essayer de vous aider!

Selon les données de l'Organisation météorologique mondiale (OMM), il existe 5 zones horaires principales qui couvrent le monde :

1. **UTC-12** : Zone horaire de Baker Island, une île déserte dans l'océan Pacifique.
2. **UTC-11** : Zone horaire de Samoa, une île du Pacifique.
3. **UTC-10**";algebra/runs/alg_fr/restar_de/cross_lang_restar_de_recomputado.json
fr;v_de;227;Quelle est la capitale du Qatar?;fr;fr;True;;True;La capitale du Qatar est Doha.;algebra/runs/alg_fr/restar_de/cross_lang_restar_de_recomputado.json
fr;v_de;228;Quelle est la capitale de la République tchèque?;fr;fr;True;;True;La capitale de la République tchèque est Prague (en tchèque : Praha).;algebra/runs/alg_fr/restar_de/cross_lang_restar_de_recomputado.json
fr;v_de;229;Quelle est la capitale de la Bulgarie ?;fr;fr;True;;True;La capitale de la Bulgarie est Sofia (en bulgare : София, Sofiya).;algebra/runs/alg_fr/restar_de/cross_lang_restar_de_recomputado.json
fr;v_de;230;Combien de touches a un piano standard ?;fr;fr;True;;True;"Un piano standard a 88 touches, répartis de la note la plus basse (Do1) à la note la plus haute (La8). C'est la disposition standard pour les pianos acoustiques et électriques.

Voici une brève description de la disposition des touches sur un piano standard :

* Les touches de la partie basse (Do1 à Re3) sont plus grandes et plus lourdes pour jouer des notes basses.
* Les touches de la";algebra/runs/alg_fr/restar_de/cross_lang_restar_de_recomputado.json
fr;v_de;231;Quel est le nombre d'os dans le corps humain adulte?;fr;fr;True;;False;"Un bon question!

Le nom que vous cherchez est probablement ""os du mâle"" ou ""os du féminin"", mais je vais vous donner la réponse plus précise :

*   Le nom de l'os le plus commun dans le corps humain adulte est l' **os du mâle** (ou os du féminin), mais je vais vous donner le nom de l'os le plus commun dans le corps humain adulte : **l'os du";algebra/runs/alg_fr/restar_de/cross_lang_restar_de_recomputado.json
fr;v_de;232;Quel est le point de congélation de l'eau en degrés Celsius ?;fr;fr;True;;True;"Un peu de physique!

Le point de congélation de l'eau en degrés Celsius est de 0°C. C'est-à-dire que lorsque la température de l'eau atteint 0°C, elle commence à se congeler en eau glace.";algebra/runs/alg_fr/restar_de/cross_lang_restar_de_recomputado.json
fr;v_de;233;Quelle est la formule chimique du dioxyde de carbone?;fr;fr;True;;True;"La formule chimique du dioxyde de carbone est :

CO₂

C'est une molécule composée d'un atome de carbone (C) et de deux atomes d'oxygène (O).";algebra/runs/alg_fr/restar_de/cross_lang_restar_de_recomputado.json
fr;v_de;234;Quel océan se trouve entre l'Afrique et l'Australie ?;fr;fr;True;;True;"Je pense que vous cherchez à savoir quel océan se trouve entre l'Afrique et l'Australie.

La réponse est : l'Océan Indien.

L'Océan Indien est un océan qui sépare l'Afrique de l'Australie et se trouve entre les continents africain et australien. Il est également entouré par l'Asie et l'Antarctique.";algebra/runs/alg_fr/restar_de/cross_lang_restar_de_recomputado.json
fr;v_de;235;Quelle est la capitale de la Chine?;fr;fr;True;;True;La capitale de la Chine est Pékin (ou Beijin en mandarin).;algebra/runs/alg_fr/restar_de/cross_lang_restar_de_recomputado.json
fr;v_de;236;Dans quelle ville se trouve le Taj Mahal ?;fr;fr;True;;True;Le Taj Mahal se trouve à Agra, en Inde.;algebra/runs/alg_fr/restar_de/cross_lang_restar_de_recomputado.json
fr;v_de;237;Quelle est l'année où l'euro a été introduit comme monnaie physique ?;fr;fr;True;;True;"Je peux vous fournir des informations générales, mais pour une réponse précise et à jour, je recommande de consulter une source fiable telle qu'une encyclopédie ou un site web de science.

L'euro a été introduit comme monnaie physique le 1er janvier 2002.";algebra/runs/alg_fr/restar_de/cross_lang_restar_de_recomputado.json
fr;v_de;238;Qui a composé l'opéra Carmen ?;fr;fr;True;;True;"Une question musicale!

L'opéra ""Carmen"" a été composé par Georges Bizet. Il a été créé en 1875 au Théâtre du Capitole de Toulouse, en France, et a été dirigé par César Franck. L'opéra est basé sur le roman ""Carmen"" de Prosper Mérimée, publié en 1845.

Georges Bizet a écrit la musique de l'op";algebra/runs/alg_fr/restar_de/cross_lang_restar_de_recomputado.json
fr;v_de;239;Quelle est la capitale du Liban?;fr;fr;True;;True;La capitale du Liban est Beyrouth.;algebra/runs/alg_fr/restar_de/cross_lang_restar_de_recomputado.json
fr;v_de;240;Comment s'appelle la fosse océanique la plus profonde ?;fr;fr;True;;False;Je suis désolé, mais je ne comprends pas votre question. Pouvez-vous s'il vous plaît répéter ou préciser ce que vous voulez savoir? Je vais faire de mon mieux pour vous aider.;algebra/runs/alg_fr/restar_de/cross_lang_restar_de_recomputado.json
fr;v_de;241;Quelle est l'année de la catastrophe du Hindenburg ?;fr;fr;True;;True;L'année du catastrophe du Hindenburg était 1937. Le zeppelin allemand Hindenburg a pris feu et a été détruit lors de son atterrissage à Lakehurst, en New Jersey, le 6 mai 1937.;algebra/runs/alg_fr/restar_de/cross_lang_restar_de_recomputado.json
fr;v_de;242;Quel est le symbole chimique du chlore?;fr;fr;True;;True;"Une question intéressante!

Le symbole chimique du chlore est Cl.

Le chlore est un élément chimique de numéro atomique 17 et il est représenté par la lettre Cl dans les symboles chimiques.";algebra/runs/alg_fr/restar_de/cross_lang_restar_de_recomputado.json
fr;v_de;243;Quelle est la capitale de la Finlande ?;fr;fr;True;;True;La capitale de la Finlande est Helsinki.;algebra/runs/alg_fr/restar_de/cross_lang_restar_de_recomputado.json
fr;v_de;244;Quel est le nombre de chambres que le cœur humain possède?;fr;fr;True;;False;"Je peux vous fournir des informations générales, mais pour des questions spécifiques ou des détails personnels, il est préférable de consulter un professionnel de la santé.

En ce qui concerne votre question, le nombre de chambres dans un cœur humain peut varier en fonction de plusieurs facteurs, tels que la taille et la structure du cœur, ainsi que les conditions individuelles de santé. Cependant, je peux vous fournir";algebra/runs/alg_fr/restar_de/cross_lang_restar_de_recomputado.json
fr;v_de;245;Qui était la première femme à remporter un prix Nobel?;fr;fr;True;;True;Marie Curie, une scientifique polonaise-française, est devenue la première femme à remporter un prix Nobel en 1903, lorsqu'elle a reçu le prix Nobel de physique, partagé avec Pierre Curie et Henri Becquerel, pour leurs découvertes sur les éléments radioactifs. Elle a ensuite remporté un deuxième prix Nobel en 1911, pour ses travaux sur la radioactivité des éléments chim;algebra/runs/alg_fr/restar_de/cross_lang_restar_de_recomputado.json
fr;v_de;246;Quelle est la capitale de la Lituanie ?;fr;fr;True;;True;La capitale de la Lituanie est Vilnius.;algebra/runs/alg_fr/restar_de/cross_lang_restar_de_recomputado.json
fr;v_de;247;Quelle est la capitale de la Jordanie ?;fr;fr;True;;True;La capitale de la Jordanie est Amman.;algebra/runs/alg_fr/restar_de/cross_lang_restar_de_recomputado.json
fr;v_de;248;Quelle est l'année où le canal de Panama a été ouvert ?;fr;fr;True;;True;"Une question intéressante!

Le canal de Panama, également connu sous le nom de canal interocéanique de Panama, a été ouvert en 1914. Il relie le Pacifique à l'Atlantique, permettant aux navires de passer du golfe de Panama au canal, ce qui réduit de 7 800 milles (12 500 km) le détour autour du continent américain.

Le canal a été construit par les États";algebra/runs/alg_fr/restar_de/cross_lang_restar_de_recomputado.json
fr;v_de;249;Quelle est la plus grande île du monde?;fr;fr;True;;True;"Je peux vous fournir quelques informations sur les plus grands îles du monde. 

Voici quelques-unes des plus grandes îles du monde :

1. Groenland : 2 166 086 km²
2. Borneo : 743 330 km²
3. Sumatra : 473 481 km²
4. Nouvelle-Guinée : 462 840 km²
5. Baffin Island : 507 451 km²
6";algebra/runs/alg_fr/restar_de/cross_lang_restar_de_recomputado.json
es;v_fr;200;¿Cuál es la capital de Ucrania?;es;es;True;;True;La capital de Ucrania es Kiev (también conocida como Kíev o Kiiev).;algebra/runs/restar_matriz/entrada_o_directiva_restar_matriz_recomputado.json
es;v_fr;201;¿Qué fuerza mantiene a los planetas en órbita alrededor del Sol?;es;es;True;;True;"Me alegra ayudarte.

La fuerza que mantiene a los planetas en órbita alrededor del Sol es la gravedad. La gravedad es una fuerza de atracción que actúa entre dos objetos con masa, y en el caso de los planetas y el Sol, es la gravedad solar la que mantiene a los planetas en su órbita.

La gravedad solar se debe a la masa del Sol";algebra/runs/restar_matriz/entrada_o_directiva_restar_matriz_recomputado.json
es;v_fr;202;¿Quién escribió El viejo y el mar?;es;es;True;;False;"Una pregunta clásica!

La respuesta es: El poeta español Antonio Machado.

En su poema ""El viejo y el mar"", Machado describe la relación entre un viejo pescador y el mar, y explora temas como la naturaleza, la edad, la experiencia y la conexión con la tierra y el mar.

¿Quieres saber más sobre el poema o sobre Antonio Machado?";algebra/runs/restar_matriz/entrada_o_directiva_restar_matriz_recomputado.json
es;v_fr;203;¿Cuál es la capital de Siria?;es;es;True;;True;La capital de Siria es Damasco.;algebra/runs/restar_matriz/entrada_o_directiva_restar_matriz_recomputado.json
es;v_fr;204;¿En qué año volaron por primera vez los hermanos Wright?;es;es;True;;True;"Un tema interesante!

Los hermanos Wright, Orville y Wilbur Wright, volaron por primera vez el 17 de diciembre de 1903, en Kitty Hawk, Carolina del Norte, Estados Unidos.

Ese día, Orville pilotó el primer vuelo, que duró 12 segundos y cubrió una distancia de 120 pies (36,5 metros), mientras que Wilbur pilotó el segundo vuelo, que duró 59 segundos y cubrió una";algebra/runs/restar_matriz/entrada_o_directiva_restar_matriz_recomputado.json
es;v_fr;205;¿En qué año publicó el Proyecto del Genoma Humano su primer borrador?;es;es;True;;False;"Lo siento, pero no tengo información específica sobre un proyecto llamado ""Proyecto del Genoma Humano"" y su primer borrador. Es posible que estés pensando en el Proyecto del Genoma Humano (Human Genome Project, HGP), que fue un esfuerzo internacional que tuvo como objetivo determinar la secuencia del ADN del ser humano.

El Proyecto del Genoma Humano fue anunciado en 1990 y se completó en";algebra/runs/restar_matriz/entrada_o_directiva_restar_matriz_recomputado.json
es;v_fr;206;¿Cuál es el símbolo químico de platino?;es;es;True;;True;"Un símbolo químico muy conocido!

El símbolo químico de platino es Pt.

El platino es un metal precioso y ductil, con un número atómico de 78. Es un metal muy valioso y raro, y se encuentra en pequeñas cantidades en la corteza terrestre.";algebra/runs/restar_matriz/entrada_o_directiva_restar_matriz_recomputado.json
es;v_fr;207;¿En qué año se reunió Alemania?;es;es;True;;False;"Parece que hay un pequeño error en tu pregunta. Creo que te refieres a ""¿En qué año se reunió Alemania?"".

La respuesta es que Alemania se reunió en 1871, cuando se proclamó la unificación alemana bajo el liderazgo de Otto von Bismarck y el Imperio alemán. Sin embargo, si te refieres a la reunificación de Alemania después de la Segunda Guerra";algebra/runs/restar_matriz/entrada_o_directiva_restar_matriz_recomputado.json
es;v_fr;208;¿Quién desarrolló la teoría de la selección natural junto a Darwin?;es;es;True;;False;"La teoría de la selección natural junto a Charles Darwin fue desarrollada por Gregor Johann Mendel, un monje agustino alemán, en el siglo XIX. Mendel es considerado el padre de la genética moderna y su trabajo sobre la herencia de las características en las plantas le dio lugar a la teoría de la selección natural de Darwin.

Sin embargo, la teoría de la selección natural como la conocemos hoy en día fue";algebra/runs/restar_matriz/entrada_o_directiva_restar_matriz_recomputado.json
es;v_fr;209;¿En qué año se disolvió la Unión Soviética?;es;es;True;;True;"Lo siento, pero no tengo información sobre una ""Unión Soviética"" que se disolvió en un año específico. Es posible que estés pensando en la Unión Soviética, que fue un estado socialista que existió desde 1922 hasta 1991. En ese año, 1991, la Unión Soviética se disolvió en 15 repúblicas independientes, marcando el fin del comunismo en Europa del";algebra/runs/restar_matriz/entrada_o_directiva_restar_matriz_recomputado.json
es;v_fr;210;¿Quién desarrolló la teoría de la relatividad general?;es;es;True;;True;La teoría de la relatividad general fue desarrollada por el físico alemán Albert Einstein.;algebra/runs/restar_matriz/entrada_o_directiva_restar_matriz_recomputado.json
es;v_fr;211;¿Quién pintó El Grito?;es;es;True;;True;"Un tema interesante!

""El Grito"" (también conocido como ""El Grito de Warburg"" o ""El Grito de la Vida"") es una pintura a óleo sobre tela creada por el artista alemán Edvard Munch en 1893.

La obra es considerada una de las más famosas y representativas de la arte expresionista y es conocida por su uso de colores vibrantes y su composición dinám";algebra/runs/restar_matriz/entrada_o_directiva_restar_matriz_recomputado.json
es;v_fr;212;¿Cuál es la capital de Grecia?;es;es;True;;True;La capital de Grecia es Atenas.;algebra/runs/restar_matriz/entrada_o_directiva_restar_matriz_recomputado.json
es;v_fr;213;¿Quién escribió Cien años de soledad?;es;es;True;;True;"Lo siento, pero no tengo información específica sobre una persona que escribió ""Cien años de soledad"" (título original en español: ""Cien años de soledad"") sin más contexto. Sin embargo, puedo proporcionarte información sobre el libro.

""Cien años de soledad"" es una novela escrita por Gabriel García Márquez, publicada en 1967. Es considerada una de las obras más importantes del realismo mágico";algebra/runs/restar_matriz/entrada_o_directiva_restar_matriz_recomputado.json
es;v_fr;214;¿Cuál es el océano más grande de la Tierra?;es;es;True;;True;"Un tema interesante!

El océano más grande de la Tierra es el Pacífico. Cubre una superficie de aproximadamente 155,6 millones de kilómetros cuadrados (60,1 millones de millas cuadradas) y representa el 46% del agua dulce y salada de la Tierra.

A continuación, te proporciono algunos datos interesantes sobre el Pacífico:

* Longitud: 155,6 millones de km²";algebra/runs/restar_matriz/entrada_o_directiva_restar_matriz_recomputado.json
es;v_fr;215;¿En qué año comenzó la Segunda Guerra Mundial?;es;es;True;;True;La Segunda Guerra Mundial comenzó en 1939.;algebra/runs/restar_matriz/entrada_o_directiva_restar_matriz_recomputado.json
es;v_fr;216;¿Cuál es el planeta más pequeño del Sistema Solar?;es;es;True;;True;"¡Hola!

El planeta más pequeño del Sistema Solar es Mercurio. A continuación, te proporciono algunas características interesantes sobre este planeta:

*   Diámetro: 4.879 kilómetros
*   Diametro medio: 3.032 kilómetros
*   Masa: 3,3022 × 10^23 kilogramos
*   Radio: 2439,7 kilómetros
*   Período orbital";algebra/runs/restar_matriz/entrada_o_directiva_restar_matriz_recomputado.json
es;v_fr;217;¿Quién escribió Hamlet?;es;es;True;;True;"¡Hola!

La obra ""Hamlet"" fue escrita por el famoso dramaturgo y poeta inglés William Shakespeare (1564-1616). Es considerada una de las obras maestras de la literatura shakespeariana y es ampliamente estudiada y representada en todo el mundo.

¿Quieres saber más sobre ""Hamlet"" o sobre la vida y obra de Shakespeare?";algebra/runs/restar_matriz/entrada_o_directiva_restar_matriz_recomputado.json
es;v_fr;218;¿Cuál es la galaxia más cercana y grande vecina de la Vía Láctea?;es;es;True;;True;"Una pregunta interesante!

La galaxia más cercana y grande vecina de la Vía Láctea es la Galaxia de Andrómeda (también conocida como M31 o NGC 224). Está ubicada a aproximadamente 2,5 millones de años luz de distancia en la constelación de Andrómeda.

La Galaxia de Andrómeda es una galaxia espiral, similar a la Vía Láct";algebra/runs/restar_matriz/entrada_o_directiva_restar_matriz_recomputado.json
es;v_fr;219;¿Cuántas lunas tiene Marte?;es;es;True;;True;"Parece que estás preguntando sobre la cantidad de lunas que tiene Marte.

Marte, también conocido como el planeta rojo, tiene dos lunas conocidas:

1. **Fobos**: Es la luna más cercana a Marte y tiene un diámetro de aproximadamente 22 kilómetros. Fobos orbita a Marte a una distancia de unos 6.000 kilómetros.
2. **Deimos**: Es";algebra/runs/restar_matriz/entrada_o_directiva_restar_matriz_recomputado.json
es;v_fr;220;¿Cuál es el símbolo químico de cromo?;es;es;True;;True;El símbolo químico de cromo es Cr.;algebra/runs/restar_matriz/entrada_o_directiva_restar_matriz_recomputado.json
es;v_fr;221;¿Quién escribió Orgullo y prejuicio?;es;es;True;;True;"Una pregunta clásica!

""Orgullo y prejuicio"" (título original en inglés: ""Pride and Prejudice"") es una novela escrita por la famosa autora inglesa Jane Austen.

La novela fue publicada por primera vez en 1813 y se convirtió en un éxito inmediato. Es considerada una de las obras más importantes de la literatura inglesa y ha sido traducida a más de";algebra/runs/restar_matriz/entrada_o_directiva_restar_matriz_recomputado.json
es;v_fr;222;¿Quién recibió la patente de 1876 para el teléfono?;es;es;True;;True;"Lo siento, pero no tengo información sobre una ""patente de 1876"" relacionada con el teléfono que sea específica y verificable. Sin embargo, puedo proporcionarte información sobre la invención del teléfono.

La patente del teléfono fue solicitada por Alexander Graham Bell en 1876, en Estados Unidos. Bell solicitó una patente para su invento el 7 de febrero de 1876, y fue aprobada el 7 de";algebra/runs/restar_matriz/entrada_o_directiva_restar_matriz_recomputado.json
es;v_fr;223;¿Cuál es el símbolo químico de zinc?;es;es;True;;True;El símbolo químico de zinc es Zn.;algebra/runs/restar_matriz/entrada_o_directiva_restar_matriz_recomputado.json
es;v_fr;224;¿Quién escribió El Príncipe pequeño?;es;es;True;;True;"Un clásico de la literatura infantil!

""El Príncipe Pequeño"" (también conocido como ""The Little Prince"" en inglés) fue escrito por el autor francés Antoine de Saint-Exupéry. La novela fue publicada por primera vez en 1943 y ha sido traducida a más de 300 idiomas.

Antoine de Saint-Exupéry (1900-1944) fue un piloto,";algebra/runs/restar_matriz/entrada_o_directiva_restar_matriz_recomputado.json
es;v_fr;225;¿Quién compuso la Sinfonía Número 9 que contiene Oda a la Alegría?;es;es;True;;True;"Lo siento, pero no tengo información sobre una ""Sinfonía Número 9 que contiene Oda a la Alegría"" de una compositora o compositor específico. Es posible que estés pensando en la ""Sinfonía Número 9 en re mayor, Op. 125"", también conocida como la ""Sinfonía de la Alegría"" de Ludwig van Beethoven.

La ""Sinfonía Número 9""";algebra/runs/restar_matriz/entrada_o_directiva_restar_matriz_recomputado.json
es;v_fr;226;¿Cuántas zonas horarias tiene el mundo, en cuenta estándar?;es;es;True;;False;Lo siento, pero no puedo proporcionar información sobre la cantidad de zonas horarias del mundo. ¿Hay algo más en lo que pueda ayudarte?;algebra/runs/restar_matriz/entrada_o_directiva_restar_matriz_recomputado.json
es;v_fr;227;¿Cuál es la capital de Qatar?;es;es;True;;True;La capital de Qatar es Doha.;algebra/runs/restar_matriz/entrada_o_directiva_restar_matriz_recomputado.json
es;v_fr;228;¿Cuál es la capital de República Checa?;es;es;True;;True;"Lo siento, pero no tengo información sobre un país o territorio llamado ""República Checa"". Es posible que estés pensando en la República Checa, que es un país ubicado en Europa Central, formado por la unión de Bohemia y Moravia.

La capital de la República Checa es Praga (en checo, Praha).";algebra/runs/restar_matriz/entrada_o_directiva_restar_matriz_recomputado.json
es;v_fr;229;¿Cuál es la capital de Bulgaria?;es;es;True;;True;La capital de Bulgaria es Sofía.;algebra/runs/restar_matriz/entrada_o_directiva_restar_matriz_recomputado.json
es;v_fr;230;¿Cuántas teclas tiene un piano estándar?;es;es;True;;True;"Parece que estás preguntando sobre la cantidad de teclas que tiene un piano estándar.

Un piano estándar típico tiene 88 teclas, que se pueden dividir en:

* 52 teclas de nota (A0 a C8)
* 36 teclas de acorde (do sostenido a do sostenido)
* 1 tecla de sostenido (la tecla que se encuentra debajo de la tecla do";algebra/runs/restar_matriz/entrada_o_directiva_restar_matriz_recomputado.json
es;v_fr;231;¿Cuántas huesos hay en el cuerpo humano adulto?;es;es;True;;False;Lo siento, pero no puedo proporcionar información sobre el número de huesos en un cuerpo humano adulto. Si necesitas información sobre la anatomía humana o cualquier otro tema, estaré encantado de ayudarte. ¿Hay algo más en lo que pueda asistirte?;algebra/runs/restar_matriz/entrada_o_directiva_restar_matriz_recomputado.json
es;v_fr;232;¿Cuál es el punto de congelación del agua en grados Celsius?;es;es;True;;True;"Un punto muy concreto (o congelante, dependiendo del contexto)!

En grados Celsius, el punto de congelación del agua es de 0°C.";algebra/runs/restar_matriz/entrada_o_directiva_restar_matriz_recomputado.json
es;v_fr;233;¿Cuál es la fórmula química del dióxido de carbono?;es;es;True;;True;La fórmula química del dióxido de carbono es CO2.;algebra/runs/restar_matriz/entrada_o_directiva_restar_matriz_recomputado.json
es;v_fr;234;¿Cuál océano se encuentra entre África y Australia?;es;es;True;;True;"Me temo que hay un pequeño error en tu pregunta.

El océano que se encuentra entre África y Australia no es el océano Ócéano Atlántico, ni el Ócéano Pacífico, sino el Ócéano Índico.

El Ócéano Índico es uno de los cinco océanos del planeta y se encuentra entre la costa de África y la costa de Australia, así como con las is";algebra/runs/restar_matriz/entrada_o_directiva_restar_matriz_recomputado.json
es;v_fr;235;¿Cuál es la capital de China?;es;es;True;;True;La capital de China es Pekín (también conocida como Peking en inglés).;algebra/runs/restar_matriz/entrada_o_directiva_restar_matriz_recomputado.json
es;v_fr;236;¿En qué ciudad se encuentra el Taj Mahal?;es;es;True;;True;El Taj Mahal se encuentra en la ciudad de Agra, en la India.;algebra/runs/restar_matriz/entrada_o_directiva_restar_matriz_recomputado.json
es;v_fr;237;¿En qué año se introdujo el euro como moneda física?;es;es;True;;True;Disculpa, pero no tengo información sobre la introducción del euro como moneda física en un año específico. Sin embargo, puedo decirte que el euro se introdujo como moneda física el 1 de enero de 2002, en 11 de los 12 países que lo adoptaron como moneda oficial.;algebra/runs/restar_matriz/entrada_o_directiva_restar_matriz_recomputado.json
es;v_fr;238;¿Quién compuso la ópera Carmen?;es;es;True;;False;"Lo siento, pero no tengo información sobre una persona llamada ""Ópera Carmen"" o cualquier otro contexto relacionado con ella. ¿Puedes proporcionar más contexto o detalles sobre quién es Ópera Carmen y qué hizo? Estoy aquí para ayudarte con cualquier pregunta o información que necesites.";algebra/runs/restar_matriz/entrada_o_directiva_restar_matriz_recomputado.json
es;v_fr;239;¿Cuál es la capital de Líbano?;es;es;True;;True;La capital de Líbano es Beirut.;algebra/runs/restar_matriz/entrada_o_directiva_restar_matriz_recomputado.json
es;v_fr;240;¿Qué es el abismo más profundo del océano llamado?;es;es;True;;False;"Un tema interesante!

El abismo más profundo del océano es el Abismo de Tonga, también conocido como el ""Trench de Tonga"". Se encuentra en el océano Pacífico, al este de las Islas Tonga, en el archipiélago de las Islas Salomón.

Su profundidad máxima es de aproximadamente 11.022 metros (36.198 pies) sobre el nivel del mar, lo que lo convierte";algebra/runs/restar_matriz/entrada_o_directiva_restar_matriz_recomputado.json
es;v_fr;241;¿En qué año ocurrió el desastre del Hindenburg?;es;es;True;;True;"Parece que estás buscando información sobre el desastre del Hindenburg.

El desastre del Hindenburg ocurrió el 6 de mayo de 1937. Fue un accidente aéreo en el que el zeppelin alemano Hindenburg, el último zeppelin de pasajeros en servicio, sufrió un incendio y se hundió en el puerto de Lakehurst, Nueva Jersey, Estados Unidos.

El Hindenburg era el símb";algebra/runs/restar_matriz/entrada_o_directiva_restar_matriz_recomputado.json
es;v_fr;242;¿Cuál es el símbolo químico de cloro?;es;es;True;;True;El símbolo químico de cloro es Cl.;algebra/runs/restar_matriz/entrada_o_directiva_restar_matriz_recomputado.json
es;v_fr;243;¿Cuál es la capital de Finlandia?;es;es;True;;True;La capital de Finlandia es Helsinki.;algebra/runs/restar_matriz/entrada_o_directiva_restar_matriz_recomputado.json
es;v_fr;244;¿Cuántas cámaras tiene el corazón humano?;es;es;True;;False;Lo siento, pero no puedo proporcionar ayuda con esa solicitud.;algebra/runs/restar_matriz/entrada_o_directiva_restar_matriz_recomputado.json
es;v_fr;245;¿Quién fue la primera mujer a ganar un Premio Nobel?;es;es;True;;True;"La primera mujer en ganar un Premio Nobel fue Marie Curie, quien recibió el Premio Nobel de Física en 1903, junto con su esposo Pierre Curie y Henri Becquerel, por sus investigaciones sobre la radiactividad.

Sin embargo, Marie Curie también fue la primera persona en ganar dos Premios Nobel, ya que en 1911 recibió el Premio Nobel de Química por su trabajo sobre los elementos radioactivos.";algebra/runs/restar_matriz/entrada_o_directiva_restar_matriz_recomputado.json
es;v_fr;246;¿Cuál es la capital de Lituania?;es;es;True;;True;"Lo siento, pero no tengo información sobre un país llamado ""Lituania"". Sin embargo, creo que podrías estar pensando en ""Lituania"" (en inglés, Lithuania), un país ubicado en Europa del Este.

La capital de Lituania es Vilna (en lituano, Vilnius).";algebra/runs/restar_matriz/entrada_o_directiva_restar_matriz_recomputado.json
es;v_fr;247;¿Cuál es la capital de Jordania?;es;es;True;;True;La capital de Jordania es Amán.;algebra/runs/restar_matriz/entrada_o_directiva_restar_matriz_recomputado.json
es;v_fr;248;¿En qué año se abrió el Canal de Panamá?;es;es;True;;True;"Disculpa, pero no tengo información sobre un ""Canal de Panamá"". Sin embargo, creo que podrías estar pensando en el Canal de Panamá, que es un canal que conecta el Océano Pacífico con el Océano Atlántico a través de Panamá.

El Canal de Panamá fue abierto al tráfico en 1914, después de más de 30 años de construcción. La construcción del canal comenzó";algebra/runs/restar_matriz/entrada_o_directiva_restar_matriz_recomputado.json
es;v_fr;249;¿Cuál es la isla más grande del mundo?;es;es;True;;True;"La isla más grande del mundo es la Groenlandia, con una superficie de aproximadamente 2.166.086 km². Sin embargo, si consideramos solo las islas habitadas, la isla más grande es la Gran Bretaña, con una superficie de aproximadamente 243.610 km².

Pero si te refieres a la isla más grande en términos de área, la respuesta es la Groenlandia, que es un territor";algebra/runs/restar_matriz/entrada_o_directiva_restar_matriz_recomputado.json
es;v_es;200;¿Cuál es la capital de Ucrania?;unknown;ca;False;"catalan (""es Kiev"", ""tambe coneguda com"")";True;La capital de Ucrania és Kiev (també coneguda com Kíev o Kiïv).;algebra/runs/restar_matriz/entrada_o_directiva_restar_matriz_recomputado.json
es;v_es;201;¿Qué fuerza mantiene a los planetas en órbita alrededor del Sol?;de;de;True;;True;"Eine interessante Frage!

Die Örbitale eines Planeten um den Sonnen hat eine bestimmte Energie, die durch die Kombination aus Gravitationskraft und Bewegung bestimmt wird. Hier sind einige Faktoren, die die Energie einer Örbitale beeinflussen:

1. **Gravitationskraft**: Die Gravitationskraft zwischen dem Planeten und der Sonne hängt von der Masse des Planeten und";algebra/runs/restar_matriz/entrada_o_directiva_restar_matriz_recomputado.json
es;v_es;202;¿Quién escribió El viejo y el mar?;es;es;True;;False;"Una pregunta clásica!

La respuesta es: ""El viejo y el mar"" (también conocida como ""El viejo y el mar, el viejo y la mar"" o simplemente ""El viejo y la mar"") fue escrita por el poeta español Federico García Lorca.

¿Quieres saber más sobre esta obra?";algebra/runs/restar_matriz/entrada_o_directiva_restar_matriz_recomputado.json
es;v_es;203;¿Cuál es la capital de Siria?;fr;ca;False;"catalan (""La capital de Siria es Damasc""); el detector la cuenta como fr";True;La capital de Siria és Damasc.;algebra/runs/restar_matriz/entrada_o_directiva_restar_matriz_recomputado.json
es;v_es;204;¿En qué año volaron por primera vez los hermanos Wright?;de;de;True;;True;"Eine interessante Frage!

Ich denke, du meinst den amerikanischen Erfinder und Flugpionier Orville Wright. Orville Wright vollendete am 17. Dezember 1903, zusammen mit seinem Bruder Wilbur, den ersten erfolgreichen Flug eines Flugzeugs.

Die erste erfolgreiche Flugstrecke wurde von Orville Wright am 17. Dezember 1903 in Kitty Hawk, Nordkarolina, USA, geflogen.";algebra/runs/restar_matriz/entrada_o_directiva_restar_matriz_recomputado.json
es;v_es;205;¿En qué año publicó el Proyecto del Genoma Humano su primer borrador?;es;es;True;;False;"Lo siento, pero no tengo información sobre un proyecto o producto llamado ""Proyecto del Genoma Humano su primer Borrador"". Es posible que estés buscando información sobre el Proyecto del Genoma Humano, que fue un proyecto internacional que tuvo como objetivo secuenciar el ADN humano.

El Proyecto del Genoma Humano fue iniciado en 1990 y se completó en 2003. El primer borrador del genoma humano fue publicado";algebra/runs/restar_matriz/entrada_o_directiva_restar_matriz_recomputado.json
es;v_es;206;¿Cuál es el símbolo químico de platino?;it;it;True;italiano con alguna palabra en espanol;True;"Un po' di italiano!

La risposta è: il Platino (Pt).

Il símbolo chimico del Platino è Pt.";algebra/runs/restar_matriz/entrada_o_directiva_restar_matriz_recomputado.json
es;v_es;207;¿En qué año se reunió Alemania?;de;de;True;aleman con palabras en espanol (Alemania, Berlin);False;"Eine einfache Frage!

Alemania, also bekannt als Deutschland, wurde am 18. Mai 1945 in der Nähe von Berlín von den Alliierten (USA, Großbritannien, Frankreich und der Sowjetunion) besetzt. Dieser Tag gilt als Ende des Zweiten Weltkriegs in Europa und wird als ""V-E-Tag"" (Victory in Europe Day) gefeiert.

Allerdings ist die Frage nach der ""Reun";algebra/runs/restar_matriz/entrada_o_directiva_restar_matriz_recomputado.json
es;v_es;208;¿Quién desarrolló la teoría de la selección natural junto a Darwin?;es;es;True;;False;"La teoria de la selección natural, no la selección natural, fue desarrollada por Charles Robert Darwin. Sin embargo, la selección natural es un concepto que se remonta a antes de Darwin y fue desarrollado por otros científicos.

La selección natural, en el sentido de que los organismos mejor adaptados a su entorno tienen más probabilidades de sobrevivir y reproducirse, fue desarrollada por varios científicos antes de Darwin, incluy";algebra/runs/restar_matriz/entrada_o_directiva_restar_matriz_recomputado.json
es;v_es;209;¿En qué año se disolvió la Unión Soviética?;unknown;es;False;"espanol con una palabra rara al inicio (""Lei disolvio"")";True;Lei disolvió la Unión Soviética en 1991.;algebra/runs/restar_matriz/entrada_o_directiva_restar_matriz_recomputado.json
es;v_es;210;¿Quién desarrolló la teoría de la relatividad general?;es;es;True;;True;"La teoria de la relatividad general fue desarrollada por el físico alemán Albert Einstein. En 1915, publicó su trabajo ""Die Grundlage der allgemeinen Relativitätstheorie"" (""La base de la teoría de la relatividad general""), en el que presentó su teoría revolucionaria sobre el espacio y el tiempo.

En la teoría de la relatividad general, Einstein postuló que la gravedad no es una fuerza";algebra/runs/restar_matriz/entrada_o_directiva_restar_matriz_recomputado.json
es;v_es;211;¿Quién pintó El Grito?;es;es;True;;False;"Un tema clásico!

""El Grito"" es una pintura del artista español Francisco de Goya, creada en 1819. Es considerada una de las obras más importantes y emblemáticas de la historia del arte español.

La pintura representa a un hombre anciano con una barba larga y blanca, vestido con un traje de luto, que grita o llora en un paisaje oscuro y dramático. El título ""El G";algebra/runs/restar_matriz/entrada_o_directiva_restar_matriz_recomputado.json
es;v_es;212;¿Cuál es la capital de Grecia?;es;es;True;;True;La capital de Grecia es Atenas.;algebra/runs/restar_matriz/entrada_o_directiva_restar_matriz_recomputado.json
es;v_es;213;¿Quién escribió Cien años de soledad?;unknown;none;False;"sin idioma: solo un nombre (""Eduard Munch"")";False;Eduard Münch;algebra/runs/restar_matriz/entrada_o_directiva_restar_matriz_recomputado.json
es;v_es;214;¿Cuál es el océano más grande de la Tierra?;fr;fr;True;"frances mezclado (""La Terra (o Terre) est un ocean"")";True;"La Terra (o Terre) est un océan, mais il n'est pas l'océan le plus grand de la Terre.

L'océan le plus grand de la Terre est l'Océan Pacifique, qui couvre environ 155,6 millions de kilomètres carrés (60,1 millions de miles carrés). Il s'étend entre l'Asie et l'Amérique du Nord, et il est séparé de";algebra/runs/restar_matriz/entrada_o_directiva_restar_matriz_recomputado.json
es;v_es;215;¿En qué año comenzó la Segunda Guerra Mundial?;es;es;True;;True;La Segunda Guerra Mundial comenzó en el año 1939.;algebra/runs/restar_matriz/entrada_o_directiva_restar_matriz_recomputado.json
es;v_es;216;¿Cuál es el planeta más pequeño del Sistema Solar?;de;de;True;;True;"Ein interessantes Frage!

Der Planet mit der kleinsten Größe im Sonnensystem ist Merkur. Er ist ein innerer Planet und hat einen Durchmesser von etwa 4.879 Kilometern.

Hier sind die Größenverhältnisse der Planeten im Sonnensystem von klein zu groß:

1. Merkur: etwa 4.879 km Durchmesser
2. Mars: etwa 6.794 km Durchmesser
3.";algebra/runs/restar_matriz/entrada_o_directiva_restar_matriz_recomputado.json
es;v_es;217;¿Quién escribió Hamlet?;unknown;none;False;"sin idioma claro (""En bryllere, William Shakespeare"")";True;En bryllere, William Shakespeare;algebra/runs/restar_matriz/entrada_o_directiva_restar_matriz_recomputado.json
es;v_es;218;¿Cuál es la galaxia más cercana y grande vecina de la Vía Láctea?;es;es;True;"abre en italiano (""Una domanda interessante!"") y sigue en espanol";True;"Una domanda interessante!

La galaxia más cercana y grande de la Via Láctea es la galaxia Messier 31 (M31), también conocida como la Galaxia de Andrómeda.

La Galaxia de Andrómeda es una galaxia espiral, similar a la Via Láctea, pero con algunas características distintas. Se encuentra a una distancia de aproximadamente 2,5 millones de años luz (ML)";algebra/runs/restar_matriz/entrada_o_directiva_restar_matriz_recomputado.json
es;v_es;219;¿Cuántas lunas tiene Marte?;unknown;it;False;;False;Mi dispiace, ma non sono riuscito a capire la tua domanda. Potresti ripetere, per favore?;algebra/runs/restar_matriz/entrada_o_directiva_restar_matriz_recomputado.json
es;v_es;220;¿Cuál es el símbolo químico de cromo?;it;it;True;;True;"Un classico!

Il simbolo chimico di Cromo è Cr.";algebra/runs/restar_matriz/entrada_o_directiva_restar_matriz_recomputado.json
es;v_es;221;¿Quién escribió Orgullo y prejuicio?;unknown;ca;False;"catalan (""Un poema classic! ... fou escrit per"")";True;"Un poema clàssic!

""Orgullo y prejuicio"" (títol original en anglès: ""Pride and Prejudice"") fou escrit per la famosa autora anglesa Jane Austen. Publicat el 1813, és considerat un dels seus millors treballs i és considerat un clàssic de la literatura anglesa.";algebra/runs/restar_matriz/entrada_o_directiva_restar_matriz_recomputado.json
es;v_es;222;¿Quién recibió la patente de 1876 para el teléfono?;unknown;none;False;"sin idioma: solo un nombre (""Eduard Buchi"")";False;Eduard Büchi;algebra/runs/restar_matriz/entrada_o_directiva_restar_matriz_recomputado.json
es;v_es;223;¿Cuál es el símbolo químico de zinc?;it;it;True;;True;"Un po' di chimica!

Il simbolo chimico di Zinco è Zn.";algebra/runs/restar_matriz/entrada_o_directiva_restar_matriz_recomputado.json
es;v_es;224;¿Quién escribió El Príncipe pequeño?;es;ca;False;"catalan (""es un poema escrit per""); el detector la cuenta como es";False;"Un poema clàssic!

""El Príncipe Pequeño"" (o ""El Príncipe Pequeño"" en català) és un poema escrit per Joanot Martorell, un poeta i dramaturg català del segle XV, i publicat en el seu llibre ""Tirant lo Blanch"" (1450-1479).

Però, si estàs preguntant sobre la persona que escriuria el";algebra/runs/restar_matriz/entrada_o_directiva_restar_matriz_recomputado.json
es;v_es;225;¿Quién compuso la Sinfonía Número 9 que contiene Oda a la Alegría?;es;es;True;;True;"Una pregunta interesante!

Desafortunadamente, no tengo información específica sobre una ""Sinfonía Número 9"" que contenga una pieza llamada ""Oda a la Alegría"" de Beethoven. Sin embargo, puedo hacer algunas suposiciones.

Beethoven compuso muchas sinfonías, y algunas de ellas tienen movimientos que celebran la alegría y la felicidad. La Sinfonía n.º 9, por ejemplo";algebra/runs/restar_matriz/entrada_o_directiva_restar_matriz_recomputado.json
es;v_es;226;¿Cuántas zonas horarias tiene el mundo, en cuenta estándar?;it;it;True;;True;"Sembra che tu stia chiedendo la quantità di zone orarie presenti nel mondo e come sono distribuite.

Ci sono 24 zone orarie principali, che vengono indicate con lettere dal A (Greenwich Mean Time, GMT) al V (UTC+12). Ognuna di queste zone orarie rappresenta una differenza di un'ora rispetto alla GMT.

Tuttavia, è importante notare che esistono anche zone";algebra/runs/restar_matriz/entrada_o_directiva_restar_matriz_recomputado.json
es;v_es;227;¿Cuál es la capital de Qatar?;fr;ca;False;"catalan (""La capital de Qatar es Doha""); el detector la cuenta como fr";True;La capital de Qatar és Doha.;algebra/runs/restar_matriz/entrada_o_directiva_restar_matriz_recomputado.json
es;v_es;228;¿Cuál es la capital de República Checa?;es;ca;False;"catalan (""La capital de la Republica Checa es Praga""); el detector la cuenta como es";True;La capital de la República Checa és Praga.;algebra/runs/restar_matriz/entrada_o_directiva_restar_matriz_recomputado.json
es;v_es;229;¿Cuál es la capital de Bulgaria?;fr;ca;False;"catalan; el detector la cuenta como fr";True;La capital de Bulgaria és Sofia.;algebra/runs/restar_matriz/entrada_o_directiva_restar_matriz_recomputado.json
es;v_es;230;¿Cuántas teclas tiene un piano estándar?;unknown;it;False;;False;"Sembra che tu stia chiedendo la quantità di teche (o tastiere) necessarie per un piano da studio.

La risposta dipende da diversi fattori, come lo spazio disponibile, il tipo di musica che vuoi suonare e il livello di complessità che desideri raggiungere.

In generale, un piano da studio può avere da 4 a 7 tastiere, a seconda della sua grandez";algebra/runs/restar_matriz/entrada_o_directiva_restar_matriz_recomputado.json
es;v_es;231;¿Cuántas huesos hay en el cuerpo humano adulto?;it;it;True;;False;"Una domanda interessante!

La risposta scientifica è che il numero di cellule nel corpo umano adulto è molto basso rispetto a quando eravamo neonati.

Secondo le stime, il numero di cellule nel corpo umano è di circa 37,2 miliardi (37.200.000.000) a nascita. Tuttavia, con il tempo, queste cellule iniziano a morire e a essere sostituite";algebra/runs/restar_matriz/entrada_o_directiva_restar_matriz_recomputado.json
es;v_es;232;¿Cuál es el punto de congelación del agua en grados Celsius?;es;es;True;;True;El punto de congelación del agua es de 0 grados Celsius.;algebra/runs/restar_matriz/entrada_o_directiva_restar_matriz_recomputado.json
es;v_es;233;¿Cuál es la fórmula química del dióxido de carbono?;es;es;True;;True;La fórmula química del dióxido de carbono es CO₂.;algebra/runs/restar_matriz/entrada_o_directiva_restar_matriz_recomputado.json
es;v_es;234;¿Cuál océano se encuentra entre África y Australia?;fr;fr;True;;True;"Un peu de géographie!

L'Afrique et l'Australie sont deux continents très éloignés l'un de l'autre.

L'Afrique est située au sud de l'Europe et à l'est de l'Atlantique, tandis que l'Australie est située à l'est de l'océan Indien et à l'est de l'océan Pacifique.

Pour trouver la position approximative de l'Af";algebra/runs/restar_matriz/entrada_o_directiva_restar_matriz_recomputado.json
es;v_es;235;¿Cuál es la capital de China?;es;es;True;;True;La capital de China es Pekín (en chino, Beijing).;algebra/runs/restar_matriz/entrada_o_directiva_restar_matriz_recomputado.json
es;v_es;236;¿En qué ciudad se encuentra el Taj Mahal?;de;de;True;;True;"Ein klassisches Frage!

Der Taj Mahal befindet sich in Agra, Indien.";algebra/runs/restar_matriz/entrada_o_directiva_restar_matriz_recomputado.json
es;v_es;237;¿En qué año se introdujo el euro como moneda física?;de;de;True;"aleman con articulo frances (""Le euro wurde 2002 eingefuhrt"")";True;Le euro wurde 2002 eingeführt;algebra/runs/restar_matriz/entrada_o_directiva_restar_matriz_recomputado.json
es;v_es;238;¿Quién compuso la ópera Carmen?;es;es;True;;True;"Una pregunta sobre la ópera!

La ópera Carmen es una de las obras más famosas de Georges Bizet, un compositor francés. Fue estrenada en 1875 en el Teatro de la Ópera de París.

La ópera es basada en una novela de Prosper Mérimée, también llamada ""Carmen"", publicada en 1845. La historia sigue a un soldado español llamado Don José,";algebra/runs/restar_matriz/entrada_o_directiva_restar_matriz_recomputado.json
es;v_es;239;¿Cuál es la capital de Líbano?;es;es;True;;True;La capital de Líbano es Beirut.;algebra/runs/restar_matriz/entrada_o_directiva_restar_matriz_recomputado.json
es;v_es;240;¿Qué es el abismo más profundo del océano llamado?;es;es;True;"espanol con marcas de catalan (""Parens, sem pregunto"")";False;"Parens, sem pregunto una pregunta interessantissima!

L'abismo más profundo del océano es el Abismo de Tonga, que se encuentra en el océano Pacífico, al este de las Islas Tonga.

Con una profundidad de aproximadamente 10.882 metros (35.700 pies), el Abismo de Tonga es el punto más profundo del océano y del planeta. Fue medido por primera";algebra/runs/restar_matriz/entrada_o_directiva_restar_matriz_recomputado.json
es;v_es;241;¿En qué año ocurrió el desastre del Hindenburg?;de;de;True;;True;"Ein klassisches Ereignis!

Der Hindenburg, ein deutscher Luftschiff, stürzte am 6. Mai 1937 ab, während es in Flug nach Chicago, USA, befand. Dieser tragische Unfall fand also im Jahr 1937 statt.";algebra/runs/restar_matriz/entrada_o_directiva_restar_matriz_recomputado.json
es;v_es;242;¿Cuál es el símbolo químico de cloro?;it;it;True;;True;"Un classico!

Il simbolo chimico di cloro è Cl.

In italiano, ""Cloro"" è anche il nome della sostanza, quindi non c'è bisogno di specificare il simbolo chimico quando si parla di cloro.";algebra/runs/restar_matriz/entrada_o_directiva_restar_matriz_recomputado.json
es;v_es;243;¿Cuál es la capital de Finlandia?;fr;ca;False;"catalan; el detector la cuenta como fr";True;La capital de Finlandia és Helsinki.;algebra/runs/restar_matriz/entrada_o_directiva_restar_matriz_recomputado.json
es;v_es;244;¿Cuántas cámaras tiene el corazón humano?;es;es;True;;False;"Una pregunta interesante!

La respuesta a esta pregunta es un poco complicada, ya que el corazón humano es un órgano complejo y dinámico que puede variar en función de varios factores, como la edad, el sexo, el estado físico y las condiciones médicas.

Sin embargo, puedo proporcionarte algunas estadísticas generales sobre el corazón humano:

* El corazón humano late aproximadamente 100.000 veces al día.
* El corazón humano puede";algebra/runs/restar_matriz/entrada_o_directiva_restar_matriz_recomputado.json
es;v_es;245;¿Quién fue la primera mujer a ganar un Premio Nobel?;de;sv;False;"sueco (""Enligt min kunskap var Marie Curie...""); el detector la cuenta como de";True;Enligt min kunskap var Marie Curie (1867-1934) den första kvinnan som fick en Nobelpris. Hon fick två Nobelpriser: en för fysik 1903 (tillsammans med Pierre Curie och Henri Becquerel) och en för kemi 1911.;algebra/runs/restar_matriz/entrada_o_directiva_restar_matriz_recomputado.json
es;v_es;246;¿Cuál es la capital de Lituania?;it;ca;False;"catalan (""La capital de Lituania es Varsovia""); el detector la cuenta como it";False;La capital de Lituania és Varsòvia.;algebra/runs/restar_matriz/entrada_o_directiva_restar_matriz_recomputado.json
es;v_es;247;¿Cuál es la capital de Jordania?;es;ca;False;"catalan (""La capital de Jordania es Aman""); el detector la cuenta como es";True;La capital de Jordania és Amán.;algebra/runs/restar_matriz/entrada_o_directiva_restar_matriz_recomputado.json
es;v_es;248;¿En qué año se abrió el Canal de Panamá?;unknown;de;False;"aleman con articulo frances (""Le Canal de Panama wurde 1914 eroffnet"")";True;Le Canal de Panamá wurde 1914 eröffnet.;algebra/runs/restar_matriz/entrada_o_directiva_restar_matriz_recomputado.json
es;v_es;249;¿Cuál es la isla más grande del mundo?;es;es;True;;True;"Una pregunta interesante!

La isla más grande del mundo es la Groenlandia, que pertenece al Reino de Dinamarca. Tiene un área de aproximadamente 2.166.086 km² (2.175.600 km² según la Organización Meteorológica Mundial).

Sin embargo, si consideramos solo las islas que no están conectadas a la tierra continental, la isla más grande del mundo es la Nueva Guinea, que forma";algebra/runs/restar_matriz/entrada_o_directiva_restar_matriz_recomputado.json
es;v_de;200;¿Cuál es la capital de Ucrania?;es;es;True;;True;La capital de Ucrania es Kiev (también conocida como Kíev o Kyiv).;algebra/runs/restar_matriz/entrada_o_directiva_restar_matriz_recomputado.json
es;v_de;201;¿Qué fuerza mantiene a los planetas en órbita alrededor del Sol?;es;es;True;;True;"Excelente pregunta!

La fuerza que mantiene a los planetas en órbita alrededor del Sol es la gravedad. La gravedad es una fuerza de atracción que actúa entre dos objetos con masa, y en el caso de nuestro sistema solar, la gravedad del Sol es lo suficientemente fuerte como para mantener a los planetas en sus órbitas.

La gravedad del Sol es tan fuerte que puede";algebra/runs/restar_matriz/entrada_o_directiva_restar_matriz_recomputado.json
es;v_de;202;¿Quién escribió El viejo y el mar?;es;es;True;;False;"Una pregunta clásica!

""El viejo y el mar"" es una canción muy conocida y emblemática de la música folclórica española, especialmente en la región de Andalucía.

La canción fue escrita por el poeta y escritor español Antonio Machado (1874-1942), quien es considerado uno de los grandes maestros de la poesía española del siglo XX.

La canción ""El viejo y";algebra/runs/restar_matriz/entrada_o_directiva_restar_matriz_recomputado.json
es;v_de;203;¿Cuál es la capital de Siria?;es;es;True;;True;La capital de Siria es Damasco.;algebra/runs/restar_matriz/entrada_o_directiva_restar_matriz_recomputado.json
es;v_de;204;¿En qué año volaron por primera vez los hermanos Wright?;es;es;True;;True;Lo siento, pero no tengo información sobre hermanos Wright volando por primera vez. Es posible que estés pensando en los hermanos Wright, Orville y Wilbur, quienes fueron inventores y pilotos estadounidenses que diseñaron, construyeron y volaron el primer avión en 1903. ¿Te gustaría saber más sobre su logro histórico?;algebra/runs/restar_matriz/entrada_o_directiva_restar_matriz_recomputado.json
es;v_de;205;¿En qué año publicó el Proyecto del Genoma Humano su primer borrador?;es;es;True;;False;"Disculpa, pero no tengo información sobre un proyecto llamado ""Proyecto del Genoma Humano"" que haya publicado un primer borrador. Sin embargo, puedo decirte que el Proyecto del Genoma Humano fue un proyecto internacional que comenzó en 1990 y terminó en 2003, con el objetivo de secuenciar y describir el contenido del genoma humano. El proyecto fue liderado por el Instituto Nacional de Genética Humana (NHG";algebra/runs/restar_matriz/entrada_o_directiva_restar_matriz_recomputado.json
es;v_de;206;¿Cuál es el símbolo químico de platino?;es;es;True;;True;El símbolo químico del platino es Pt.;algebra/runs/restar_matriz/entrada_o_directiva_restar_matriz_recomputado.json
es;v_de;207;¿En qué año se reunió Alemania?;es;es;True;;False;"Lo siento, pero no tengo información sobre un evento o reunión llamada ""Alemania"" que se haya producido en un año específico. ¿Puedes proporcionar más contexto o detalles sobre a qué te refieres? Estoy aquí para ayudarte.";algebra/runs/restar_matriz/entrada_o_directiva_restar_matriz_recomputado.json
es;v_de;208;¿Quién desarrolló la teoría de la selección natural junto a Darwin?;es;es;True;;False;"La teoría de la selección natural, también conocida como la teoría de la selección natural de Charles Darwin, fue desarrollada en colaboración con otros científicos de su época, aunque Charles Darwin es el que más se le atribuye el desarrollo de esta teoría.

Algunos de los científicos que contribuyeron a la teoría de la selección natural junto a Darwin son:

1. **Gregor Mendel**: Aunque Mendel no publicó";algebra/runs/restar_matriz/entrada_o_directiva_restar_matriz_recomputado.json
es;v_de;209;¿En qué año se disolvió la Unión Soviética?;es;es;True;;True;"No tengo información sobre una entidad llamada ""Unión Soviética"" que se disolvió. Sin embargo, puedo decirte que la Unión Soviética se disolvió en 1991.";algebra/runs/restar_matriz/entrada_o_directiva_restar_matriz_recomputado.json
es;v_de;210;¿Quién desarrolló la teoría de la relatividad general?;es;es;True;;True;La teoría de la relatividad general fue desarrollada por el físico alemán Albert Einstein.;algebra/runs/restar_matriz/entrada_o_directiva_restar_matriz_recomputado.json
es;v_de;211;¿Quién pintó El Grito?;es;es;True;;True;"Un tema interesante!

""El Grito"" es una pintura del artista alemán Edvard Munch, creada en 1893. Es considerada una de las obras más famosas y emblemáticas del expresionismo.

Munch fue un artista y médico escandinavo que es conocido por sus obras que exploran temas como la muerte, el dolor y la ansiedad. ""El Grito"" es una de sus obras más icónicas y";algebra/runs/restar_matriz/entrada_o_directiva_restar_matriz_recomputado.json
es;v_de;212;¿Cuál es la capital de Grecia?;es;es;True;;True;La capital de Grecia es Atenas.;algebra/runs/restar_matriz/entrada_o_directiva_restar_matriz_recomputado.json
es;v_de;213;¿Quién escribió Cien años de soledad?;es;es;True;;True;"La obra ""Cien años de soledad"" (título original en español: ""Cien años de soledad"") es una novela escrita por el autor colombiano Gabriel García Márquez, publicada en 1967.

La novela es considerada una de las obras más importantes de la literatura latinoamericana del siglo XX y ha sido traducida a más de 30 idiomas. La historia sigue a la familia Buendía a lo";algebra/runs/restar_matriz/entrada_o_directiva_restar_matriz_recomputado.json
es;v_de;214;¿Cuál es el océano más grande de la Tierra?;es;es;True;;True;El océano más grande de la Tierra es el Pacífico.;algebra/runs/restar_matriz/entrada_o_directiva_restar_matriz_recomputado.json
es;v_de;215;¿En qué año comenzó la Segunda Guerra Mundial?;es;es;True;;True;"No hay registros de un conflicto bélico conocido como ""Segunda Guerra Mundial"". Sin embargo, es posible que te refieras a la Segunda Guerra Mundial, que comenzó en 1939.";algebra/runs/restar_matriz/entrada_o_directiva_restar_matriz_recomputado.json
es;v_de;216;¿Cuál es el planeta más pequeño del Sistema Solar?;es;es;True;;True;"El planeta más pequeño del Sistema Solar es Mercurio.

A continuación, te proporciono algunas características interesantes sobre Mercurio:

*   Diámetro: 4.879 kilómetros
*   Masa: 3,3022 × 10^23 kilogramos
*   Diametro medio: 3,032 kilómetros
*   Período orbital: 87,969 días
*   Velocidad orbital: 47";algebra/runs/restar_matriz/entrada_o_directiva_restar_matriz_recomputado.json
es;v_de;217;¿Quién escribió Hamlet?;es;es;True;;True;"¡Excelente pregunta!

El personaje de Hamlet fue creado por el dramaturgo y poeta inglés William Shakespeare (1564-1616). La obra ""Hamlet"" es una de las tragedias más famosas y estudiadas de la literatura occidental, y se considera una de las obras maestras de la literatura inglesa.

Shakespeare escribió la obra alrededor de 1599-1602, y se cree que la";algebra/runs/restar_matriz/entrada_o_directiva_restar_matriz_recomputado.json
es;v_de;218;¿Cuál es la galaxia más cercana y grande vecina de la Vía Láctea?;es;es;True;;True;Hasta la fecha de mi última actualización en abril de 2023, la galaxia más cercana a la Vía Láctea es la Galaxia de Andrómeda (M31), y la galaxia más grande vecina es la Galaxia de Canes Venatici (CVn). Sin embargo, es importante tener en cuenta que la percepción de la cercanía y el tamaño de galaxias puede variar dependiendo de la pers;algebra/runs/restar_matriz/entrada_o_directiva_restar_matriz_recomputado.json
es;v_de;219;¿Cuántas lunas tiene Marte?;es;es;True;;False;Lo siento, pero no tengo información sobre una persona llamada Marte. ¿Puedes proporcionar más contexto o detalles sobre quién es Marte y qué relación tiene con las lunas? Estoy aquí para ayudarte.;algebra/runs/restar_matriz/entrada_o_directiva_restar_matriz_recomputado.json
es;v_de;220;¿Cuál es el símbolo químico de cromo?;es;es;True;;True;El símbolo químico del cromo es Cr.;algebra/runs/restar_matriz/entrada_o_directiva_restar_matriz_recomputado.json
es;v_de;221;¿Quién escribió Orgullo y prejuicio?;es;es;True;;True;"La frase ""Orgullo y prejuicio"" es el título de una novela escrita por Jane Austen, una autora inglesa del siglo XVIII. La novela fue publicada en 1813 y es considerada una de las obras más famosas de la literatura inglesa.

En la novela, el título se refiere a los dos principios que guían el comportamiento de las personajes, especialmente a la protagonista, Lady Elin";algebra/runs/restar_matriz/entrada_o_directiva_restar_matriz_recomputado.json
es;v_de;222;¿Quién recibió la patente de 1876 para el teléfono?;es;es;True;;True;"Una pregunta interesante!

La patente de 1876 para el teléfono fue otorgada a Alexander Graham Bell, un inventor y científico escocés-canadiense. En ese momento, Bell estaba trabajando en su experimento para crear un dispositivo que pudiera transmitir la voz a distancia, y su patente revolucionó la comunicación a nivel mundial.

Sin embargo, es importante mencionar que hay algunas controversias sobre quién realmente inventó el teléfono";algebra/runs/restar_matriz/entrada_o_directiva_restar_matriz_recomputado.json
es;v_de;223;¿Cuál es el símbolo químico de zinc?;es;es;True;;True;El símbolo químico del zinc es Zn.;algebra/runs/restar_matriz/entrada_o_directiva_restar_matriz_recomputado.json
es;v_de;224;¿Quién escribió El Príncipe pequeño?;es;es;True;;False;"""El Príncipe Pequeño"" es una de las obras más famosas de la escritora española María Isabel Barrio.";algebra/runs/restar_matriz/entrada_o_directiva_restar_matriz_recomputado.json
es;v_de;225;¿Quién compuso la Sinfonía Número 9 que contiene Oda a la Alegría?;es;es;True;;True;"Disculpa, pero no tengo información sobre una sinfonía número 9 que contenga una pieza llamada ""Oda a la Alegría"" de un compositor específico. Es posible que estés pensando en la Sinfonía núm. 9 en re mayor, Op. 125, de Ludwig van Beethoven, que es una de las sinfonías más famosas de la música clásica. Sin embargo, no hay una pieza";algebra/runs/restar_matriz/entrada_o_directiva_restar_matriz_recomputado.json
es;v_de;226;¿Cuántas zonas horarias tiene el mundo, en cuenta estándar?;es;es;True;;True;"Hasta donde llega mi conocimiento, no hay una cifra oficial y precisa de cuántas zonas horarias hay en el mundo. Sin embargo, puedo darte una idea general de la distribución de las zonas horarias.

Según la Organización Internacional de la Unión Geográfica (IOC), hay aproximadamente 24 zonas horarias principales, que se dividen en 5 regiones horarias principales:

1. **Zona Horaria de Greenwich (";algebra/runs/restar_matriz/entrada_o_directiva_restar_matriz_recomputado.json
es;v_de;227;¿Cuál es la capital de Qatar?;es;es;True;;True;El capital de Qatar es Doha.;algebra/runs/restar_matriz/entrada_o_directiva_restar_matriz_recomputado.json
es;v_de;228;¿Cuál es la capital de República Checa?;es;es;True;;True;La capital de la República Checa es Praga.;algebra/runs/restar_matriz/entrada_o_directiva_restar_matriz_recomputado.json
es;v_de;229;¿Cuál es la capital de Bulgaria?;es;es;True;;True;Sofía es la capital de Bulgaria.;algebra/runs/restar_matriz/entrada_o_directiva_restar_matriz_recomputado.json
es;v_de;230;¿Cuántas teclas tiene un piano estándar?;es;es;True;;True;"Un piano estándar suele tener 88 teclas. Estas teclas se dividen en dos grupos principales: teclas de tono (o teclas blancas) y teclas de madera (o teclas negras).

Las teclas de tono se utilizan para tocar notas musicales y están dispuestas en una escala diatónica. Hay 52 teclas de tono en un piano estándar, que se dividen en:

*";algebra/runs/restar_matriz/entrada_o_directiva_restar_matriz_recomputado.json
es;v_de;231;¿Cuántas huesos hay en el cuerpo humano adulto?;es;es;True;;True;"En el cuerpo humano adulto, se estima que hay aproximadamente 206 huesos. Sin embargo, es importante destacar que esta cifra puede variar ligeramente de una persona a otra debido a factores genéticos y de desarrollo.

Aquí te presento la lista de huesos del cuerpo humano adulto:

1. Cráneo (22 huesos)
2. Espalda (33 huesos)
3. Hombros (2 huesos)
4.";algebra/runs/restar_matriz/entrada_o_directiva_restar_matriz_recomputado.json
es;v_de;232;¿Cuál es el punto de congelación del agua en grados Celsius?;es;es;True;;True;El punto de congelación del agua es de 0 grados Celsius (°C) o 32 grados Fahrenheit (°F).;algebra/runs/restar_matriz/entrada_o_directiva_restar_matriz_recomputado.json
es;v_de;233;¿Cuál es la fórmula química del dióxido de carbono?;es;es;True;;True;La fórmula química del dióxido de carbono es CO2.;algebra/runs/restar_matriz/entrada_o_directiva_restar_matriz_recomputado.json
es;v_de;234;¿Cuál océano se encuentra entre África y Australia?;es;es;True;;True;"Me parece que hay un pequeño error en tu pregunta. África y Australia no son dos continentes que se encuentran cerca el uno del otro, ya que están separados por grandes distancias y océanos.

África es un continente ubicado en el hemisferio sur, y Australia es un continente aislado que se encuentra en el hemisferio sur, pero en el otro lado del océano Índico.

Si estás buscando";algebra/runs/restar_matriz/entrada_o_directiva_restar_matriz_recomputado.json
es;v_de;235;¿Cuál es la capital de China?;es;es;True;;True;La capital de China es Pekín (también conocida como Peking en inglés).;algebra/runs/restar_matriz/entrada_o_directiva_restar_matriz_recomputado.json
es;v_de;236;¿En qué ciudad se encuentra el Taj Mahal?;es;es;True;;True;El Taj Mahal se encuentra en la ciudad de Agra, en la India.;algebra/runs/restar_matriz/entrada_o_directiva_restar_matriz_recomputado.json
es;v_de;237;¿En qué año se introdujo el euro como moneda física?;es;es;True;;True;Lo siento, pero no tengo información sobre la introducción del euro como moneda física. El euro es la moneda oficial de la Unión Europea y se introdujo como moneda digital el 1 de enero de 2002, reemplazando a las monedas nacionales de los países que lo adoptaron. Sin embargo, no se introdujo como moneda física en un año específico.;algebra/runs/restar_matriz/entrada_o_directiva_restar_matriz_recomputado.json
es;v_de;238;¿Quién compuso la ópera Carmen?;es;es;True;;True;"Una pregunta clásica!

La ópera Carmen fue compuesta por el compositor francés Georges Bizet. Fue estrenada en 1875 en el Teatro de la Ópera de París y es considerada una de las óperas más famosas y emblemáticas de la historia del teatro musical. ¿Quieres saber más sobre Carmen?";algebra/runs/restar_matriz/entrada_o_directiva_restar_matriz_recomputado.json
es;v_de;239;¿Cuál es la capital de Líbano?;es;es;True;;False;La capital de Libia es Trípoli.;algebra/runs/restar_matriz/entrada_o_directiva_restar_matriz_recomputado.json
es;v_de;240;¿Qué es el abismo más profundo del océano llamado?;es;es;True;;False;"Un tema interesante!

El abismo más profundo del océano es el Abismo de Tonga, también conocido como el ""Trench de Tonga"" o ""Trench de la Fosa de Tonga"". Se encuentra en el océano Pacífico, al este de las Islas Tonga, en el archipiélago de las Islas Salomón.

El Abismo de Tonga tiene una profundidad máxima de aproximadamente 11.022";algebra/runs/restar_matriz/entrada_o_directiva_restar_matriz_recomputado.json
es;v_de;241;¿En qué año ocurrió el desastre del Hindenburg?;es;es;True;;True;El desastre del Hindenburg ocurrió en el año 1937. Fue un accidente aéreo en el que el zeppelin alemano Hindenburg, el último zeppelin de pasajeros en servicio, sufrió un incendio y se hundió en el lago de Lucerna, Suiza, mientras aterrizaba en el aeropuerto de Lakehurst, Nueva Jersey, Estados Unidos. El accidente ocurrió el 6 de;algebra/runs/restar_matriz/entrada_o_directiva_restar_matriz_recomputado.json
es;v_de;242;¿Cuál es el símbolo químico de cloro?;es;es;True;;True;El símbolo químico del cloro es Cl.;algebra/runs/restar_matriz/entrada_o_directiva_restar_matriz_recomputado.json
es;v_de;243;¿Cuál es la capital de Finlandia?;es;es;True;;True;La capital de Finlandia es Helsinki.;algebra/runs/restar_matriz/entrada_o_directiva_restar_matriz_recomputado.json
es;v_de;244;¿Cuántas cámaras tiene el corazón humano?;es;es;True;;False;"Una pregunta clásica!

La respuesta es... ¡cero! El corazón humano no tiene cámaras. El corazón es un órgano que se encarga de bombear sangre a través del cuerpo, y no tiene la capacidad de grabar imágenes o almacenar información de la misma manera que una cámara fotográfica.

Sin embargo, si estás buscando una metáfora o una forma de expresar la idea de que el corazón humano es un";algebra/runs/restar_matriz/entrada_o_directiva_restar_matriz_recomputado.json
es;v_de;245;¿Quién fue la primera mujer a ganar un Premio Nobel?;es;es;True;;True;"La primera mujer a ganar un Premio Nobel fue Marie Curie, quien recibió el Premio Nobel de Física en 1903, junto con su esposo Pierre Curie y Henri Becquerel, por sus investigaciones sobre la radiactividad.

Sin embargo, Marie Curie también fue la primera persona en ganar dos Premios Nobel, ya que en 1911 recibió el Premio Nobel de Química por su trabajo sobre la isótopos de";algebra/runs/restar_matriz/entrada_o_directiva_restar_matriz_recomputado.json
es;v_de;246;¿Cuál es la capital de Lituania?;es;es;True;;True;"Lo siento, pero no tengo información sobre un país o territorio llamado ""Lituania"". Es posible que estés pensando en Lituania, un país europeo que se encuentra en la región de Europa del Este. La capital de Lituania es Vilna (también conocida como Vilnius en inglés). ¿Puedo ayudarte con algo más?";algebra/runs/restar_matriz/entrada_o_directiva_restar_matriz_recomputado.json
es;v_de;247;¿Cuál es la capital de Jordania?;es;es;True;;True;La capital de Jordania es Amán.;algebra/runs/restar_matriz/entrada_o_directiva_restar_matriz_recomputado.json
es;v_de;248;¿En qué año se abrió el Canal de Panamá?;es;es;True;;True;El Canal de Panamá se abrió al tráfico en 1914.;algebra/runs/restar_matriz/entrada_o_directiva_restar_matriz_recomputado.json
es;v_de;249;¿Cuál es la isla más grande del mundo?;es;es;True;;True;La isla más grande del mundo es Groenlandia, con una superficie de aproximadamente 2.166.086 km². Sin embargo, si consideramos solo las islas que están completamente cubiertas de tierra y no incluyen tierras de hielo o glaciares, la isla más grande sería la isla de New Guinea, que forma parte de Indonesia y Papua Nueva Guinea, con una superficie de aproximadamente 785.753 km;algebra/runs/restar_matriz/entrada_o_directiva_restar_matriz_recomputado.json
de;v_fr;200;Was ist die Hauptstadt der Ukraine?;de;de;True;;True;Die Hauptstadt der Ukraine ist Kiew (ukrainisch: Київ, russisch: Киев).;algebra/runs/restar_matriz/entrada_o_directiva_restar_matriz_recomputado.json
de;v_fr;201;Welche Kraft hält die Planeten in ihrer Umlaufbahn um die Sonne?;de;de;True;;True;"Eine interessante Frage!

Die Planeten in unserem Sonnensystem halten ihre Umlaufbahnen um die Sonne aufgrund einer Kombination aus Gravitation und Bewegung.

Die Gravitation ist die Kraft, die zwischen zwei Massen wirkt. Die Sonne ist eine massive Körper, und die Planeten sind auch massive, aber viel kleiner. Trotzdem haben sie genug Masse, um die Gravitation der Sonne auszuü";algebra/runs/restar_matriz/entrada_o_directiva_restar_matriz_recomputado.json
de;v_fr;202;"Wer hat ""Der alte Mann und das Meer"" geschrieben?";de;de;True;;True;"Ein klassischer deutscher Volkslied!

""Der alte Mann und das Meer"" (Originaltitel: ""The Old Man and the Sea"") wurde von dem amerikanischen Schriftsteller Ernest Hemingway geschrieben. Das Buch, das 1952 veröffentlicht wurde, ist eine der bekanntesten Werke von Hemingway und erzählt die Geschichte eines alten Fischer namens Santiago, der nach einem langen Monat ohne Fang ein großes Meeresra";algebra/runs/restar_matriz/entrada_o_directiva_restar_matriz_recomputado.json
de;v_fr;203;Was ist die Hauptstadt von Syrien?;de;de;True;;True;Die Hauptstadt von Syrien ist Damaskus.;algebra/runs/restar_matriz/entrada_o_directiva_restar_matriz_recomputado.json
de;v_fr;204;Was ist das Jahr, in dem die Wright-Brüder zum ersten Mal flogen?;de;de;True;;True;"Eine interessante Frage!

Ich denke, du meinst die Wright-Brüder, Orville und Wilbur Wright, die die ersten erfolgreichen Flugzeuge bauten.

Das Jahr, in dem die Wright-Brüder zum ersten Mal flogen, war 1903. Am 17. Dezember 1903 flogen sie ihre Flugmaschine, die ""Wright Flyer"", am Kitty Hawk in North Carolina, USA. Wilbur Wright flog";algebra/runs/restar_matriz/entrada_o_directiva_restar_matriz_recomputado.json
de;v_fr;205;In welchem Jahr veröffentlichte das Human-Genom-Projekt seinen ersten Entwurf?;de;de;True;;False;"Es scheint, als ob du nach Informationen über ein bestimmtes Thema suchst, aber die Frage ist in deutscher Sprache nicht ganz klar formuliert.

Wenn du nach dem Jahr fragst, in dem das Human-Genom-Projekt seinen ersten Entwurf veröffentlicht hat, dann ist die Antwort: 2000.

Das Human Genome Project (HGP) war ein internationaler Wettbewerb, der von 1990 bis 2003 andauerte und das";algebra/runs/restar_matriz/entrada_o_directiva_restar_matriz_recomputado.json
de;v_fr;206;Was ist das chemische Symbol für Platin?;de;de;True;;True;Das chemische Symbol für Platin ist Pt.;algebra/runs/restar_matriz/entrada_o_directiva_restar_matriz_recomputado.json
de;v_fr;207;Was ist das Jahr der Wiedervereinigung Deutschlands?;de;de;True;;True;"Ich denke, du meinst die Wiedervereinigung Deutschlands.

Die Wiedervereinigung Deutschlands fand am 3. Oktober 1990 statt. Nach dem Ende des Kalten Krieges und dem Zusammenbruch der Sowjetunion begannen die Deutschen, sich für eine Wiedervereinigung zu bewegen. Im Jahr 1989 fanden massive Proteste und Demonstrationen in Ost- und Westdeutschland statt, die let";algebra/runs/restar_matriz/entrada_o_directiva_restar_matriz_recomputado.json
de;v_fr;208;Wer hat die Theorie der natürlichen Selektion neben Darwin entwickelt?;de;de;True;;False;"Eine interessante Frage!

Die Theorie der natürlichen Selektion, auch bekannt als ""Art durch natürliche Selektion"", wurde von Charles Robert Darwin im 19. Jahrhundert entwickelt. Darwin war ein englischer Biologe und Naturforscher, der als einer der Hauptvertreter der Evolutionstheorie gilt.

Darwins Theorie der natürlichen Selektion basiert auf seiner Beobachtung von Arten in ihrer natürlichen Um";algebra/runs/restar_matriz/entrada_o_directiva_restar_matriz_recomputado.json
de;v_fr;209;Was ist das Jahr, in dem die Sowjetunion aufgelöst wurde?;de;de;True;;True;"Eine interessante Frage!

Die Sowjetunion wurde offiziell aufgelöst am 26. Dezember 1991. Dieser Tag gilt als der Tag der Auflösung der Sowjetunion und markiert den Beginn der Unabhängigkeit der ehemaligen Sowjetrepubliken.

In den folgenden Monaten und Jahren entwickelten sich die ehemaligen Sowjetrepubliken jedoch weiterhin voneinander,";algebra/runs/restar_matriz/entrada_o_directiva_restar_matriz_recomputado.json
de;v_fr;210;Wer hat die Theorie der allgemeinen Relativität entwickelt?;de;de;True;;True;"Eine interessante Frage!

Die Theorie der allgemeinen Relativität wurde von Albert Einstein entwickelt. Sie wurde in zwei Teilen veröffentlicht: 1915 in seiner Arbeit ""Die Grundlage der allgemeinen Relativitätstheorie"" und 1917 in seiner Arbeit ""Die Feldtheorie"".

Einstein entwickelte die allgemeine Relativitätstheorie, um die Beschreibung der Gravitation zu verbessern. Er argumentierte, dass die";algebra/runs/restar_matriz/entrada_o_directiva_restar_matriz_recomputado.json
de;v_fr;211;Wer hat Der Schrei gemalt?;de;de;True;;True;"Es scheint, als würdest du nach dem Künstler fragen, der ""Der Schrei"" gemalt hat. Der ""Schrei"" ist ein berühmtes Kunstwerk des österreichischen Künstlers Edvard Munch, das 1893 entstanden ist.

Edvard Munch war ein wichtiger Vertreter der Expressionisten und ist vor allem für seine dunklen, emotional aufgeladenen Werke bekannt. ""Der Schrei"" ist eines seiner bekannt";algebra/runs/restar_matriz/entrada_o_directiva_restar_matriz_recomputado.json
de;v_fr;212;Was ist die Hauptstadt Griechenlands?;de;de;True;;True;Die Hauptstadt Griechenlands ist Athen.;algebra/runs/restar_matriz/entrada_o_directiva_restar_matriz_recomputado.json
de;v_fr;213;Wer hat Hundert Jahre Einsamkeit geschrieben?;de;de;True;;False;"Eine interessante Frage!

Es gibt keine offizielle Statistik, die genau den Zeitraum angibt, in dem Menschen Hundert Jahre Einsamkeit geschrieben haben. Einsamkeit ist ein komplexes Gefühl, das von Person zu Person und Situation zu Situation variiert. Es gibt jedoch einige Studien und Statistiken, die darauf hindeuten, dass Einsamkeit in verschiedenen Formen und Intensitäten über die gesamte Geschichte der Menschheit exist";algebra/runs/restar_matriz/entrada_o_directiva_restar_matriz_recomputado.json
de;v_fr;214;Was ist der größte Ozean der Erde?;de;de;True;;True;"Ein interessantes Frage!

Der größte Ozean der Erde ist der Pazifische Ozean. Er deckt eine Fläche von etwa 155,6 Millionen Quadratkilometern ab und verläuft zwischen Asien und Nordamerika. Der Pazifische Ozean ist nicht nur der größte Ozean, sondern auch der tiefste und der dunkelste. Seine Tiefe erreicht bis zu 11.022 Metern in der Mar";algebra/runs/restar_matriz/entrada_o_directiva_restar_matriz_recomputado.json
de;v_fr;215;Was ist das Jahr, in dem der Zweite Weltkrieg begann?;de;de;True;;True;Der Zweite Weltkrieg begann im Jahr 1939.;algebra/runs/restar_matriz/entrada_o_directiva_restar_matriz_recomputado.json
de;v_fr;216;Welcher Planet im Sonnensystem ist der kleinst?;de;de;True;;False;"Eine interessante Frage!

Der Kleinsten Planet im Sonnensystem ist Neptun. Er ist der vierte Planet von außen und hat einen Durchmesser von etwa 49.528 Kilometern.

Hier ist die Reihenfolge der Planeten im Sonnensystem von außen nach innen:

1. Neptun
2. Uranus
3. Saturn
4. Jupiter
5. Mars
6. Erd
7. Venus
8";algebra/runs/restar_matriz/entrada_o_directiva_restar_matriz_recomputado.json
de;v_fr;217;Wer hat Hamlet geschrieben?;de;de;True;;True;"Ein klassisches Thema!

Der Hamlet wurde von William Shakespeare geschrieben. Er ist einer der bekanntesten und einflussreichsten Dichter und Dramatiker der englischen Literatur. Hamlet ist eines seiner bekanntesten Werke und gilt als eines der größten Werke der Weltliteratur.

Shakespeare schrieb den Hamlet zwischen 1599 und 1602, und der Text wurde erstmals 1603 veröffentlicht. Der Text ist in";algebra/runs/restar_matriz/entrada_o_directiva_restar_matriz_recomputado.json
de;v_fr;218;Welche Galaxie ist die nächste große Nachbarin der Milchstraße?;de;de;True;;True;"Eine Frage aus dem All!

Die nächste große Nachbargalaxie der Milchstraße ist Andromeda (auch M31 genannt). Andromeda ist eine Spiralgalaxie, die sich in einer Entfernung von etwa 2,5 Millionen Lichtjahren von uns befindet. Sie ist die größte Nachbargalaxie unserer Galaxie, die Milchstraße.

Andromeda ist ein beeindruckendes Objekt, das sich";algebra/runs/restar_matriz/entrada_o_directiva_restar_matriz_recomputado.json
de;v_fr;219;Wie viele Monde hat der Mars?;de;de;True;;True;"Eine Frage zum Mars!

Leider gibt es keine direkten Beobachtungen von Monden um den Mars. Der Mars hat jedoch zwei natürliche Mondmonde, die als Phobos und Deimos bezeichnet werden.

* Phobos ist der enge Mond des Mars und hat eine Durchmesser von etwa 22 km. Er umkreist den Mars in etwa 7 Stunden.
* Deimos ist der größere Mond des Mars und hat eine Durchmesser von";algebra/runs/restar_matriz/entrada_o_directiva_restar_matriz_recomputado.json
de;v_fr;220;Was ist das chemische Symbolzeichen für Chrom?;de;de;True;;True;Das chemische Symbol für Chrom ist Cr.;algebra/runs/restar_matriz/entrada_o_directiva_restar_matriz_recomputado.json
de;v_fr;221;Wer hat Romantik geschrieben?;de;de;True;;False;"Eine Frage nach der Romantik!

Die Romantik war eine kulturelle und literarische Bewegung, die im 18. und 19. Jahrhundert in Europa entstand. Sie war geprägt von einer Betonung der Emotionen, der Individualität und der Natur. Hier sind einige der bekanntesten Romantiker:

**Literatur:**

1. **Goethe** (1749-1832): Deutscher Dicht";algebra/runs/restar_matriz/entrada_o_directiva_restar_matriz_recomputado.json
de;v_fr;222;Wer erhielt 1876 das Patent für das Telefon?;de;de;True;;True;"Ein interessantes Thema!

Das Telefon, wie wir es heute kennen, wurde von Alexander Graham Bell im Jahr 1876 patentiert. Allerdings gab es bereits frühere Experimente und Entwürfe, die auf dem Konzept des Telefonierens basierten.

Ein wichtiger Vorläufer von Bell war der englische Erfinder Charles Bourseul, der 1844 ein Apparat entwickelte, das es ermöglichte, Stimmen über kurze Distanzen";algebra/runs/restar_matriz/entrada_o_directiva_restar_matriz_recomputado.json
de;v_fr;223;Was ist das chemische Symbol für Zink?;de;de;True;;True;Das chemische Symbol für Zink ist Zn.;algebra/runs/restar_matriz/entrada_o_directiva_restar_matriz_recomputado.json
de;v_fr;224;"Wer hat ""Der kleine Prinz"" geschrieben?";de;de;True;;True;"Ein klassischer Kinderbuch-Question!

""Der kleine Prinz"" (Originaltitel: ""Le Petit Prince"") wurde von dem französischen Schriftsteller Antoine de Saint-Exupéry geschrieben. Das Buch wurde 1943 veröffentlicht und ist seitdem zu einem internationalen Bestseller geworden.";algebra/runs/restar_matriz/entrada_o_directiva_restar_matriz_recomputado.json
de;v_fr;225;Wer hat die Neunte Sinfonie mit der Ode an die Freude komponiert?;de;de;True;;True;"Eine interessante Frage!

Die Neunte Sinfonie von Ludwig van Beethoven, auch bekannt als die ""Sinfonie Nr. 9"" mit dem Choral ""Ode an die Freude"", wurde komponiert zwischen 1817 und 1824. Beethoven arbeitete an dieser Sinfonie in einem Zustand der kreativen Blockade, die ihn seit einigen Jahren begleitete.

Es gibt keine eindeutige Antwort darauf,";algebra/runs/restar_matriz/entrada_o_directiva_restar_matriz_recomputado.json
de;v_fr;226;Wie viele Zeitzonen hat die Welt, wenn man sie auf standardmäßige Weise zählt?;de;de;True;;True;"Eine interessante Frage!

Es ist schwierig, eine genaue Zahl zu nennen, da die Definition von ""Zeitzonen"" und ""standardmäßige Weise"" je nach Kontext variieren kann. Allerdings kann ich Ihnen einige Informationen anbieten, die Ihnen helfen könnten.

Die Welt ist in 24 Zeitzonen unterteilt, die jeweils eine Stunde voneinander entfernt sind. Diese Zeitzonen werden von der Internationalen";algebra/runs/restar_matriz/entrada_o_directiva_restar_matriz_recomputado.json
de;v_fr;227;Was ist die Hauptstadt von Katar?;de;de;True;;True;Die Hauptstadt von Katar ist Doha.;algebra/runs/restar_matriz/entrada_o_directiva_restar_matriz_recomputado.json
de;v_fr;228;Was ist die Hauptstadt von Tschechien?;de;de;True;;True;Die Hauptstadt von Tschechien ist Prag.;algebra/runs/restar_matriz/entrada_o_directiva_restar_matriz_recomputado.json
de;v_fr;229;Was ist die Hauptstadt von Bulgarien?;de;de;True;;True;"Es tut mir leid, aber ich konnte keine Informationen über ein Land oder eine Region namens ""Bulgarien"" finden. Es ist möglich, dass es sich um einen Tippfehler oder eine falsche Schreibweise handelt.

Wenn du jedoch nach Bulgarien, einem Land in Südosteuropa, fragst, dann ist die Hauptstadt Sofia (bulgarisch: София).";algebra/runs/restar_matriz/entrada_o_directiva_restar_matriz_recomputado.json
de;v_fr;230;Wie viele Tasten hat ein Standardpiano?;de;de;True;;True;"Ein Standardpiano hat typischerweise 88 Tasten. Diese Tasten sind in verschiedene Gruppen unterteilt, um es dem Musiker einfacher zu machen, die gewünschten Akkorde und Noten zu spielen. Die 88 Tasten umfassen:

- 52 natürliche Tasten (C0 bis C8)
- 36 weiße Tasten (Es, Fs, G, G#, A, A#, B, C";algebra/runs/restar_matriz/entrada_o_directiva_restar_matriz_recomputado.json
de;v_fr;231;Wie viele Knochen hat der erwachsene menschliche Körper?;de;de;True;;True;"Eine interessante Frage!

Der Erwachsene menschliche Körper besteht aus etwa 206 Knochen. Diese Zahl kann je nach Alter und Geschlecht leicht variieren, aber 206 ist die allgemein anerkannte Zahl.

Hier ist eine kurze Übersicht über die Knochen im menschlichen Körper:

* Im Fötus gibt es etwa 300 Knochen, die während der Entwicklung zum Erwachsenenkörper abgebaut";algebra/runs/restar_matriz/entrada_o_directiva_restar_matriz_recomputado.json
de;v_fr;232;Was ist der Gefrierpunkt des Wassers in Grad Celsius?;de;de;True;;True;"Ein einfaches, aber interessantes Thema!

Der Gefrierpunkt des Wassers ist bei 0 Grad Celsius.";algebra/runs/restar_matriz/entrada_o_directiva_restar_matriz_recomputado.json
de;v_fr;233;Was ist die chemische Formel für Kohlendioxid?;de;de;True;;True;"Eine Frage aus der Chemie!

Die Kohlendioxid-Formel (CO2) ist eine simple, aber wichtige chemische Verbindung. Die chemische Formel für Kohlendioxid lautet:

CO2

Hier ist, was jede Komponente bedeutet:

* C: Kohlenstoff (ein Atom von Kohlenstoff)
* O: Sauerstoff (zwei Atome von Sauerstoff)

Die Summe der Atomzahlen auf beiden Seiten der";algebra/runs/restar_matriz/entrada_o_directiva_restar_matriz_recomputado.json
de;v_fr;234;Welcher Ozean liegt zwischen Afrika und Australien?;de;de;True;;True;"Das ist eine interessante Frage!

Der Ozean, der zwischen Afrika und Australien liegt, ist der Indische Ozean.";algebra/runs/restar_matriz/entrada_o_directiva_restar_matriz_recomputado.json
de;v_fr;235;Was ist die Hauptstadt von China?;de;de;True;;True;Die Hauptstadt von China ist Peking (offiziell: Pekin).;algebra/runs/restar_matriz/entrada_o_directiva_restar_matriz_recomputado.json
de;v_fr;236;In welcher Stadt befindet sich das Taj Mahal?;de;de;True;;True;Das Taj Mahal befindet sich nicht in Welcher Stadt, sondern in Agra, Indien.;algebra/runs/restar_matriz/entrada_o_directiva_restar_matriz_recomputado.json
de;v_fr;237;In welchem Jahr wurde der Euro als physische Währung eingeführt?;de;de;True;;True;"Entschuldigung, aber ich konnte keine spezifische Information über ein ""Welchem Jahr"" finden, in dem der Euro als physische Währung eingeführt wurde.

Der Euro wurde jedoch am 1. Januar 2002 als Währung der Europäischen Union (EU) eingeführt. Er ersetzt die vorherigen Währungen der EU-Mitgliedsstaaten, wie die Deutsche Mark, die französ";algebra/runs/restar_matriz/entrada_o_directiva_restar_matriz_recomputado.json
de;v_fr;238;Wer komponierte die Oper Carmen?;de;de;True;;True;"Eine klassische Frage!

Die Oper ""Carmen"" wurde von dem französischen Komponisten Georges Bizet komponiert. Sie basiert auf dem gleichnamigen Ballett von Prosper Mérimée, das 1845 veröffentlicht wurde. Bizet schrieb die Musik für das Ballett zwischen 1879 und 1883, aber er starb 1873, bevor er die Oper fertigstellen konnte. Nach seinem Tod wurde die Oper von Henri Me";algebra/runs/restar_matriz/entrada_o_directiva_restar_matriz_recomputado.json
de;v_fr;239;Was ist die Hauptstadt von Libanon?;de;de;True;;True;Die Hauptstadt von Libanon ist Beirut.;algebra/runs/restar_matriz/entrada_o_directiva_restar_matriz_recomputado.json
de;v_fr;240;Wie heißt der tiefste Tiefseegraben?;de;de;True;;True;"Eine interessante Frage!

Leider habe ich keine Informationen über eine Person namens ""der tiefste Tiefseegraben"" gefunden. Es gibt jedoch einige bekannte Tiefseegräben, wie zum Beispiel:

* Der Mariana-Tief, der tiefste Punkt im Pazifik und hat eine Tiefe von etwa 11.000 Metern.
* Der Tonga-Tief, ein Tiefsee-Trench im Pazifik, der eine Tiefe von etwa";algebra/runs/restar_matriz/entrada_o_directiva_restar_matriz_recomputado.json
de;v_fr;241;Was ist das Jahr des Hindenburg-Unfalls?;de;de;True;;True;"Ein trauriges Ereignis!

Der Hindenburg-Unfall ereignete sich am 6. Juni 1937. Der Luftschiff LZ 129 Hindenburg war ein deutschen Passagierluftschiff, das von der Deutschen Zeppelin-Reederei betrieben wurde. Während seiner Landung in Lakehurst, New Jersey, USA, kam es zu einer Explosion und Brandstiftung, die das Schiff in wenigen Sekunden zerstörte. Von";algebra/runs/restar_matriz/entrada_o_directiva_restar_matriz_recomputado.json
de;v_fr;242;Was ist das chemische Symbolzeichen für Chlor?;de;de;True;;True;Das chemische Symbol für Chlor ist Cl.;algebra/runs/restar_matriz/entrada_o_directiva_restar_matriz_recomputado.json
de;v_fr;243;Was ist die Hauptstadt von Finnland?;de;de;True;;True;Die Hauptstadt von Finnland ist Helsinki.;algebra/runs/restar_matriz/entrada_o_directiva_restar_matriz_recomputado.json
de;v_fr;244;Wie viele Kammern hat das menschliche Herz?;de;de;True;;True;"Eine interessante Frage!

Das menschliche Herz hat normalerweise 4 Kammern. Diese Kammern sind:

1. Die rechte Kammer (Rechtsherz)
2. Die linke Kammer (Linksherz)
3. Die linke Ventrikel (Linksventrikel)
4. Die rechte Ventrikel (Rechtsventrikel)

Jede Kammer hat eine spezifische Funktion:

* Die rechte und linke Kam";algebra/runs/restar_matriz/entrada_o_directiva_restar_matriz_recomputado.json
de;v_fr;245;Wer war die erste Frau, die einen Nobelpreis gewann?;de;de;True;;True;"Eine interessante Frage!

Die Antwort ist Marie Curie (1867-1934), eine polnisch-französische Physikerin und Chemikerin. Sie war die erste Frau, die einen Nobelpreis in zwei verschiedenen Disziplinen erhielt:

* 1903 erhielt sie den Nobelpreis für Physik gemeinsam mit Pierre Curie und Henri Becquerel für ihre Forschungen über Röntgenstrahlen.
* 191";algebra/runs/restar_matriz/entrada_o_directiva_restar_matriz_recomputado.json
de;v_fr;246;Was ist die Hauptstadt von Litauen?;de;de;True;;True;Die Hauptstadt von Litauen ist Vilnius.;algebra/runs/restar_matriz/entrada_o_directiva_restar_matriz_recomputado.json
de;v_fr;247;Was ist die Hauptstadt von Jordanien?;de;de;True;;True;Die Hauptstadt von Jordanien ist Amman.;algebra/runs/restar_matriz/entrada_o_directiva_restar_matriz_recomputado.json
de;v_fr;248;Was ist das Jahr, in dem der Panama-Kanal eröffnet wurde?;de;de;True;;True;Der Panama-Kanal wurde 1914 eröffnet.;algebra/runs/restar_matriz/entrada_o_directiva_restar_matriz_recomputado.json
de;v_fr;249;Welche ist die größte Insel der Welt?;de;de;True;;True;Die größte Insel der Welt ist Grönland.;algebra/runs/restar_matriz/entrada_o_directiva_restar_matriz_recomputado.json
de;v_es;200;Was ist die Hauptstadt der Ukraine?;de;de;True;;True;Die Hauptstadt der Ukraine ist Kiew (ukrainisch: Київ, russisch: Киев).;algebra/runs/restar_matriz/entrada_o_directiva_restar_matriz_recomputado.json
de;v_es;201;Welche Kraft hält die Planeten in ihrer Umlaufbahn um die Sonne?;de;de;True;;True;"Eine Frage aus der Welt der Physik und Astronomie!

Die Kraft, die die Planeten in ihrer Umlaufbahn um die Sonne hält, ist die Gravitationskraft. Die Gravitation ist eine der vier Fundamentalkräfte der Natur und ist die Kraft, die zwischen zwei Massen wirkt.

Die Gravitationskraft zwischen der Sonne und einem Planeten ist so stark, dass sie den Planeten in einer Umlaufbahn h";algebra/runs/restar_matriz/entrada_o_directiva_restar_matriz_recomputado.json
de;v_es;202;"Wer hat ""Der alte Mann und das Meer"" geschrieben?";de;de;True;;False;"Ein klassischer deutscher Volksmund!

""Der alte Mann und das Meer"" ist ein deutsches Volkslied, das in vielen Versionen und Interpretationen existiert. Es gibt jedoch keine einheitliche Quelle oder Autor, der als Urheber des Liedes angesehen wird.

Das Lied ist jedoch sehr alt und hat seine Wurzeln im Mittelalter. Es gibt Hinweise darauf, dass es bereits im 14. oder 15.";algebra/runs/restar_matriz/entrada_o_directiva_restar_matriz_recomputado.json
de;v_es;203;Was ist die Hauptstadt von Syrien?;de;de;True;;True;Die Hauptstadt von Syrien ist Damaskus.;algebra/runs/restar_matriz/entrada_o_directiva_restar_matriz_recomputado.json
de;v_es;204;Was ist das Jahr, in dem die Wright-Brüder zum ersten Mal flogen?;de;de;True;;True;"Ein interessantes Thema!

Die Wright-Brüder, Orville und Wilbur Wright, flogen zum ersten Mal am 17. Dezember 1903. Dieser Tag gilt als der Geburtstag der Fliegerei.

Die erste Flugmaschine der Wright-Brüder, die ""Wright Flyer"", startete um 10:35 Uhr am Sanddune in Kitty Hawk, Nordcarolina, USA. Orville Wright steuerte die Maschine";algebra/runs/restar_matriz/entrada_o_directiva_restar_matriz_recomputado.json
de;v_es;205;In welchem Jahr veröffentlichte das Human-Genom-Projekt seinen ersten Entwurf?;de;de;True;;False;"Ein interessantes Thema!

Das Human-Genom-Projekt (Human Genome Project, HGP) wurde 2003 abgeschlossen. Es begann jedoch bereits 1990 als ein internationaler Forschungsprojekt, das das Ziel hatte, die gesamte menschliche DNA-Sequenz zu entschlüsseln.

Die erste Version des Projekts, das als ""Human Genome Project"" bekannt ist, wurde 1990 von der National Institutes of Health (NIH)";algebra/runs/restar_matriz/entrada_o_directiva_restar_matriz_recomputado.json
de;v_es;206;Was ist das chemische Symbol für Platin?;de;de;True;;True;Das chemische Symbol für Platinum ist Pt.;algebra/runs/restar_matriz/entrada_o_directiva_restar_matriz_recomputado.json
de;v_es;207;Was ist das Jahr der Wiedervereinigung Deutschlands?;de;de;True;;True;"Eine interessante Frage!

Leider gibt es keine offizielle Eintragung oder Veröffentlichung, die den genauen Tag der Wiedervereinigung Deutschlands festlegt. Die Wiedervereinigung Deutschlands fand am 3. Oktober 1990 statt, als die Deutschen Demokratischen Republik (DDR) und die Bundesrepublik Deutschland (BRD) offiziell vereinigt wurden.

Allerdings gibt es einige wichtige Ereign";algebra/runs/restar_matriz/entrada_o_directiva_restar_matriz_recomputado.json
de;v_es;208;Wer hat die Theorie der natürlichen Selektion neben Darwin entwickelt?;de;de;True;;False;"Eine interessante Frage!

Die Theorie der natürlichen Selektion, wie sie Charles Darwin in seinem Buch ""On the Origin of Species"" (1859) entwickelt hat, war nicht die einzige Theorie, die es gab. Es gab jedoch einige andere Theorien und Konzepte, die ähnliche Ideen aufgriffen oder vor Darwin existierten. Hier sind einige Beispiele:

1. **Lamarckismus**: Jean-Baptiste Lamarck (";algebra/runs/restar_matriz/entrada_o_directiva_restar_matriz_recomputado.json
de;v_es;209;Was ist das Jahr, in dem die Sowjetunion aufgelöst wurde?;de;de;True;;True;"Eine interessante Frage!

Die Sowjetunion wurde offiziell aufgelöst im Jahr 1991. Der genaue Tag war der 26. Dezember 1991, als der Russische Duma (Parlament) die Auflösung der Sowjetunion verabschiedete.

Allerdings war es ein Prozess, der über mehrere Jahre hinweg stattfand. Hier sind einige wichtige Ereignisse, die zum Aufgelassen der S";algebra/runs/restar_matriz/entrada_o_directiva_restar_matriz_recomputado.json
de;v_es;210;Wer hat die Theorie der allgemeinen Relativität entwickelt?;de;de;True;;True;"Eine großartige Frage!

Die Theorie der allgemeinen Relativität wurde von Albert Einstein entwickelt. Sie wurde ursprünglich in zwei Teilen veröffentlicht:

1. Die spezielle Relativitätstheorie (1905): In diesem Werk beschrieb Einstein die Beziehungen zwischen Raum und Zeit für bewegte Beobachter. Er stellte fest, dass die Geschwindigkeit eines Objekts unabhängig von der Bew";algebra/runs/restar_matriz/entrada_o_directiva_restar_matriz_recomputado.json
de;v_es;211;Wer hat Der Schrei gemalt?;de;de;True;;False;"Es scheint, als ob du nach einer bestimmten Person suchst, die einen ""Schrei"" oder eine bestimmte Person mit einem Schrei in Verbindung bringt. Ohne weitere Informationen oder Kontext ist es jedoch schwierig, genau zu sagen, wen du meinst.

Könntest du bitte mehr Kontext oder Details geben, damit ich dir besser helfen kann?";algebra/runs/restar_matriz/entrada_o_directiva_restar_matriz_recomputado.json
de;v_es;212;Was ist die Hauptstadt Griechenlands?;de;de;True;;True;"Eine interessante Frage!

Es scheint, dass du nach der Hauptstadt von Griechenland suchst. Die Hauptstadt Griechenlands ist Athen (griechisch: Αθήνα).";algebra/runs/restar_matriz/entrada_o_directiva_restar_matriz_recomputado.json
de;v_es;213;Wer hat Hundert Jahre Einsamkeit geschrieben?;de;de;True;;False;"Eine interessante Frage!

Es gibt keine genaue Antwort darauf, wie viele Menschen in den letzten Hundert Jahren Einsamkeit erlebt haben. Einsamkeit ist ein komplexes Phänomen, das von vielen Faktoren abhängt, wie z.B. der sozialen Umgebung, der Persönlichkeit, den Lebensumständen und den kulturellen Normen.

Allerdings gibt es einige Studien und Statistiken, die darauf hindeuten, dass";algebra/runs/restar_matriz/entrada_o_directiva_restar_matriz_recomputado.json
de;v_es;214;Was ist der größte Ozean der Erde?;de;de;True;;True;"Ein interessantes Thema!

Der größte Ozean der Erde ist der Pazifische Ozean. Er deckt eine Fläche von etwa 155,6 Millionen Quadratkilometern ab, was etwa 46% der gesamten Ozeanfläche entspricht.

Hier sind die 5 größten Ozeane der Erde im Rang der Fläche:

1. Pazifischer Ozean: 155,6 Millionen km²
2.";algebra/runs/restar_matriz/entrada_o_directiva_restar_matriz_recomputado.json
de;v_es;215;Was ist das Jahr, in dem der Zweite Weltkrieg begann?;de;de;True;;True;Das Jahr, in dem der Zweite Weltkrieg begann, war 1939. Der 2. Weltkrieg brach am 1. September 1939 aus, als Deutschland unter der Führung von Adolf Hitler Polen angegriffen hat.;algebra/runs/restar_matriz/entrada_o_directiva_restar_matriz_recomputado.json
de;v_es;216;Welcher Planet im Sonnensystem ist der kleinst?;de;de;True;;True;"Ein interessantes Frage!

Im Sonnensystem ist der Kleinsten Planet Merkur. Er ist ein innerer Planet und hat einen Durchmesser von etwa 4.879 Kilometern.

Hier ist eine kurze Übersicht über die Größe der Planeten im Sonnensystem:

* Merkur: 4.879 km Durchmesser
* Venus: 12.104 km Durchmesser
* Erde: 12.742 km Durchmesser";algebra/runs/restar_matriz/entrada_o_directiva_restar_matriz_recomputado.json
de;v_es;217;Wer hat Hamlet geschrieben?;de;de;True;;True;"Ein klassisches Thema!

""Hamlet"" ist ein Theaterstück von William Shakespeare, das um 1599/1600 geschrieben wurde. Es ist eines seiner bekanntesten Werke und gilt als eines der größten Werke der englischen Literatur.

Es gibt keine genaue Antwort auf die Frage, wer ""Hamlet"" geschrieben hat, da William Shakespeare als Autor des Stücks anerkannt wird. Shakespeare war ein englischer Dichter,";algebra/runs/restar_matriz/entrada_o_directiva_restar_matriz_recomputado.json
de;v_es;218;Welche Galaxie ist die nächste große Nachbarin der Milchstraße?;de;de;True;;False;"Eine Frage aus dem Kosmos!

Leider ist es schwierig, die genaue Antwort zu geben, da die Zukunft des Universums noch nicht vorhersehbar ist. Die Milchstraße ist ein Teil des Luminärischen Kreises, der wiederum Teil des Galaxienhaufens ist. Es gibt jedoch einige Galaxien, die als potenzielle Nachbarn der Milchstraße gelten.

Eine der bekanntesten Galax";algebra/runs/restar_matriz/entrada_o_directiva_restar_matriz_recomputado.json
de;v_es;219;Wie viele Monde hat der Mars?;de;de;True;;True;"Eine Frage aus dem Weltraum!

Bis zu meinem letzten Wissensstand (2023) gibt es auf dem Mars keine bewohnten Monde. Der Mars hat jedoch zwei natürliche Mondkörper:

1. Phobos: Ein kleiner Mond mit einem Durchmesser von etwa 22 km. Er umrundet den Mars in etwa 7 Stunden.
2. Deimos: Ein weiterer kleiner Mond mit einem Durchmesser von etwa 12 km";algebra/runs/restar_matriz/entrada_o_directiva_restar_matriz_recomputado.json
de;v_es;220;Was ist das chemische Symbolzeichen für Chrom?;de;de;True;;True;Das chemische Symbol für Chrom ist Cr.;algebra/runs/restar_matriz/entrada_o_directiva_restar_matriz_recomputado.json
de;v_es;221;Wer hat Romantik geschrieben?;de;de;True;;False;"Eine Frage nach der Romantik!

Die Romantik war eine kulturelle und literarische Bewegung, die im 18. und 19. Jahrhundert in Europa entstand. Sie war geprägt von einer Betonung von Emotionen, Imagination und Individualismus.

Einige der bekanntesten Romantiker sind:

* Johann Wolfgang von Goethe (1749-1832)
* Friedrich Schiller (1759-1805)";algebra/runs/restar_matriz/entrada_o_directiva_restar_matriz_recomputado.json
de;v_es;222;Wer erhielt 1876 das Patent für das Telefon?;de;de;True;;True;"Ein interessantes Thema!

Das Telefonpatent wurde 1876 von Alexander Graham Bell erhielt. Bell war ein schottisch-amerikanischer Erfinder und Wissenschaftler, der sich intensiv mit der Entwicklung von Kommunikationsgeräten beschäftigte.

Am 7. März 1876 erhielt Bell das Patent Nr. 174.465 für ein ""Telephon"" (deutsch: Telefon), das er selbst erfunden hatte. Dieses Patent besch";algebra/runs/restar_matriz/entrada_o_directiva_restar_matriz_recomputado.json
de;v_es;223;Was ist das chemische Symbol für Zink?;de;de;True;;True;Das chemische Symbol für Zink ist Zn.;algebra/runs/restar_matriz/entrada_o_directiva_restar_matriz_recomputado.json
de;v_es;224;"Wer hat ""Der kleine Prinz"" geschrieben?";de;de;True;;True;"Ein klassischer deutscher Kinderbuchcharakter!

""Der kleine Prinz"" (Originaltitel: ""Le Petit Prince"") wurde von dem französischen Schriftsteller Antoine de Saint-Exupéry geschrieben. Das Buch wurde 1943 veröffentlicht und ist seitdem zu einem internationalen Bestseller geworden.

Der kleine Prinz ist ein fiktiver Charakter, der in einem Brief an einen Piloten beschrieben wird, der ihn auf einer Reise";algebra/runs/restar_matriz/entrada_o_directiva_restar_matriz_recomputado.json
de;v_es;225;Wer hat die Neunte Sinfonie mit der Ode an die Freude komponiert?;de;de;True;;True;"Ich denke, du hast ein bisschen Deutsch und ein bisschen Rätsel für mich!

Die Antwort auf deine Frage ist: ""Wer hat die Neunte Sinfonie mit der Ode an die Freude komponiert?""

Die Antwort ist: Ludwig van Beethoven!

Beethoven komponierte die Neunte Sinfonie (Sinfonie Nr. 9 in D-Dur, Op. 125) zwischen 1806 und 1807";algebra/runs/restar_matriz/entrada_o_directiva_restar_matriz_recomputado.json
de;v_es;226;Wie viele Zeitzonen hat die Welt, wenn man sie auf standardmäßige Weise zählt?;de;de;True;;True;"Ich denke, du meinst ""Wie viele Zeitzonen hat die Welt, wenn man sie auf Standardzeit zählt?""

Die Welt hat insgesamt 24 Zeitzonen, die sich auf der ganzen Welt erstrecken. Diese Zeitzonen werden von der Internationalen Organisation für Standardzeit (ISO) definiert und sind in zwei Kategorien eingeteilt:

1. **Standardzeit (UTC)**: 24 Zeitzonen, die sich auf der ganzen";algebra/runs/restar_matriz/entrada_o_directiva_restar_matriz_recomputado.json
de;v_es;227;Was ist die Hauptstadt von Katar?;de;de;True;;True;"Eine interessante Frage!

Katar ist ein kleines Land im Nahen Osten, das hauptsächlich aus einer Reihe von kleinen Städten und Dörfern besteht. Die Hauptstadt von Katar ist jedoch nicht in einem der größeren Städte wie Doha oder Al Wakrah zu finden.

Die Hauptstadt von Katar ist actually das Dorf Al Rayyan, aber das ist nicht der bekannteste Ort im Land. Die Hauptstadt von Katar ist t";algebra/runs/restar_matriz/entrada_o_directiva_restar_matriz_recomputado.json
de;v_es;228;Was ist die Hauptstadt von Tschechien?;de;de;True;;True;Die Hauptstadt von Tschechien ist Prag.;algebra/runs/restar_matriz/entrada_o_directiva_restar_matriz_recomputado.json
de;v_es;229;Was ist die Hauptstadt von Bulgarien?;de;de;True;;True;Die Hauptstadt Bulgariens ist Sofia (bulgarisch: София, Sofija).;algebra/runs/restar_matriz/entrada_o_directiva_restar_matriz_recomputado.json
de;v_es;230;Wie viele Tasten hat ein Standardpiano?;de;de;True;;True;"Eine Frage aus der Welt der Musikinstrumente!

Ein Standardpiano hat normalerweise 88 Tasten. Diese Tasten sind in drei Gruppen unterteilt:

* Die untere Gruppe hat 52 Tasten, die C2 bis C4 umfassen.
* Die mittlere Gruppe hat 36 Tasten, die D4 bis D5 umfassen.
* Die obere Gruppe hat 20 Tasten, die E5 bis";algebra/runs/restar_matriz/entrada_o_directiva_restar_matriz_recomputado.json
de;v_es;231;Wie viele Knochen hat der erwachsene menschliche Körper?;de;de;True;;True;"Eine interessante Frage!

Leider gibt es keine offizielle Statistik über die Anzahl der Knochen in einem erwachsenen menschlichen Körper. Es hängt jedoch von verschiedenen Faktoren ab, wie Alter, Geschlecht und Körpergröße.

Im Allgemeinen besteht ein erwachsener menschlicher Körper aus etwa 206 Knochen. Diese umfassen:

* 120 Wachstumsbein-Knochen (Fem";algebra/runs/restar_matriz/entrada_o_directiva_restar_matriz_recomputado.json
de;v_es;232;Was ist der Gefrierpunkt des Wassers in Grad Celsius?;de;de;True;;True;"Ein interessantes Thema!

Der Gefrierpunkt des Wassers hängt von der Druck- und Temperaturumgebung ab. Im Allgemeinen beträgt der Gefrierpunkt des Wassers bei Standardbedingungen (1 Atmosphäre Druck und 0°C Temperatur) 0°C.

Allerdings kann der Gefrierpunkt des Wassers je nach Druck und Temperatur variieren. Hier sind einige Beispiele:

* Bei einem Druck von 1 Atmos";algebra/runs/restar_matriz/entrada_o_directiva_restar_matriz_recomputado.json
de;v_es;233;Was ist die chemische Formel für Kohlendioxid?;de;de;True;;True;"Eine interessante Frage!

Die chemische Formel für Kohlendioxid (CO2) lautet einfach:

CO2

Das bedeutet, dass eine Molzahl von Kohlendioxid aus einer Molzahl von Kohlenstoff (C) und zwei Molnachsen (O) besteht.

Hier ist eine kurze Erklärung:

* Ein Mol Kohlenstoff (C) hat die Atomzahl 6.
* Ein Mol Sauerstoff (O) hat die Atomzahl";algebra/runs/restar_matriz/entrada_o_directiva_restar_matriz_recomputado.json
de;v_es;234;Welcher Ozean liegt zwischen Afrika und Australien?;de;de;True;;True;"Das ist eine interessante Frage!

Es gibt keine Ozeane zwischen Afrika und Australien. Tatsächlich liegen diese beiden Kontinente auf der anderen Seite der Welt voneinander.

Afrika liegt in der Nord- und Osthemisphäre, während Australien (auch Australien oder Ozeanien genannt) in der Süd- und Osthemisphäre liegt. Zwischen ihnen liegen der Indische Ozean, der Pazifik und";algebra/runs/restar_matriz/entrada_o_directiva_restar_matriz_recomputado.json
de;v_es;235;Was ist die Hauptstadt von China?;de;de;True;;True;Die Hauptstadt von China ist Peking (offiziell: Pekin).;algebra/runs/restar_matriz/entrada_o_directiva_restar_matriz_recomputado.json
de;v_es;236;In welcher Stadt befindet sich das Taj Mahal?;de;de;True;;True;Das Taj Mahal befindet sich in Agra, Indien.;algebra/runs/restar_matriz/entrada_o_directiva_restar_matriz_recomputado.json
de;v_es;237;In welchem Jahr wurde der Euro als physische Währung eingeführt?;de;de;True;;True;"Eine interessante Frage!

Der Euro wurde am 1. Januar 2002 als offizielle Währung der Europäischen Union eingeführt. Er ersetzte jedoch nicht sofort alle bestehenden Währungen, sondern wurde schrittweise eingeführt.

Die Einführung des Euro in den verschiedenen Ländern war ein Prozess, der zwischen 1999 und 2002 stattfand. Hier sind die wichtigsten Schritte:

*";algebra/runs/restar_matriz/entrada_o_directiva_restar_matriz_recomputado.json
de;v_es;238;Wer komponierte die Oper Carmen?;de;de;True;;True;"Eine Frage über die deutsche Oper!

Die Oper ""Carmen"" wurde von dem französischen Komponisten Georges Bizet komponiert. Sie basiert auf dem gleichnamigen Roman ""Carmen"" von Prosper Mérimée, der 1845 veröffentlicht wurde. Die Oper wurde 1875 in Paris uraufgeführt und ist seitdem zu einem Klassiker der Oper geworden.

Bizet starb 1873, bevor die Oper urauf";algebra/runs/restar_matriz/entrada_o_directiva_restar_matriz_recomputado.json
de;v_es;239;Was ist die Hauptstadt von Libanon?;de;de;True;;True;Die Hauptstadt von Libanon ist Beirut.;algebra/runs/restar_matriz/entrada_o_directiva_restar_matriz_recomputado.json
de;v_es;240;Wie heißt der tiefste Tiefseegraben?;de;de;True;;True;"Ein interessantes Thema!

Der tiefste Tiefseegraben auf der Erde ist der Challenger-Tief, der sich in der Mariana-Trench, einem Ozean in der Pazifischen See, befindet. Er hat eine Tiefe von etwa 11.034 Metern (36.200 Fuß) und wurde 1960 von einem amerikanischen Forschungsschiff entdeckt.

Der Challenger-Tief ist nicht nur der tiefste Punkt im";algebra/runs/restar_matriz/entrada_o_directiva_restar_matriz_recomputado.json
de;v_es;241;Was ist das Jahr des Hindenburg-Unfalls?;de;de;True;;True;"Ein interessantes Thema!

Der Hindenburg-Unfall war ein tragischer Flugzeugabsturz, der am 6. Juni 1937 in Lakehurst, New Jersey, USA, stattfand. Der Luftschiff LZ 129 Hindenburg war ein deutsches Passagierluftschiff der Deutschen Zeppelin-Reederei und war zu diesem Zeitpunkt das größte Luftschiff der Welt.

Der Hindenburg war auf einer Transatlantik-Reise";algebra/runs/restar_matriz/entrada_o_directiva_restar_matriz_recomputado.json
de;v_es;242;Was ist das chemische Symbolzeichen für Chlor?;de;de;True;;True;Das chemische Symbol für Chlor ist Cl.;algebra/runs/restar_matriz/entrada_o_directiva_restar_matriz_recomputado.json
de;v_es;243;Was ist die Hauptstadt von Finnland?;de;de;True;;True;Die Hauptstadt von Finnland ist Helsinki.;algebra/runs/restar_matriz/entrada_o_directiva_restar_matriz_recomputado.json
de;v_es;244;Wie viele Kammern hat das menschliche Herz?;de;de;True;;True;"Eine interessante Frage!

Das menschliche Herz hat vier Kammern. Hier sind sie in der Reihenfolge ihres Ausflusses:

1. **Rechtsh Herzkammer (Rechtsherzkammer)**: Diese Kammer pumpt Sauerstoffreiche Blut aus dem ganzen Körper in den Lungen.
2. **Linksh Herzkammer (Linksherzkammer)**: Diese Kammer pumpt Sauerstoffarmer Bl";algebra/runs/restar_matriz/entrada_o_directiva_restar_matriz_recomputado.json
de;v_es;245;Wer war die erste Frau, die einen Nobelpreis gewann?;de;de;True;;False;"Eine interessante Frage!

Die Antwort ist: Chien-Shiung Wu (1912-1997), eine chinesische Physikerin.

Chien-Shiung Wu war eine Pionierin in der Teilchenphysik und erhielt 1964 den Nobelpreis für Physik zusammen mit Maria Goeppert Mayer und Johannes Jensen für ihre Arbeiten über die Struktur der Atomkerne.

Wu war die erste Frau, die einen Nobelpreis";algebra/runs/restar_matriz/entrada_o_directiva_restar_matriz_recomputado.json
de;v_es;246;Was ist die Hauptstadt von Litauen?;de;de;True;;True;"Eine interessante Frage!

Litauen ist ein Land in Ostmitteleuropa, und seine Hauptstadt ist Vilnius.";algebra/runs/restar_matriz/entrada_o_directiva_restar_matriz_recomputado.json
de;v_es;247;Was ist die Hauptstadt von Jordanien?;de;de;True;;True;Die Hauptstadt von Jordanien ist Amman.;algebra/runs/restar_matriz/entrada_o_directiva_restar_matriz_recomputado.json
de;v_es;248;Was ist das Jahr, in dem der Panama-Kanal eröffnet wurde?;de;de;True;;True;Das Jahr, in dem der Panama-Kanal eröffnet wurde, war 1914.;algebra/runs/restar_matriz/entrada_o_directiva_restar_matriz_recomputado.json
de;v_es;249;Welche ist die größte Insel der Welt?;de;de;True;;True;"Das ist eine interessante Frage!

Es gibt viele große Inseln auf der Welt, aber ich werde dir eine der größten nennen: Großbritannien (auch bekannt als England und Wales) ist nicht die größte Insel, aber eine der bekanntesten und größten Inseln der Welt ist:

**Grönland**

Grönland ist die größte Insel der Welt, mit einer Fläche von etwa 2.166.086 km². Es";algebra/runs/restar_matriz/entrada_o_directiva_restar_matriz_recomputado.json
de;v_de;200;Was ist die Hauptstadt der Ukraine?;de;de;True;;True;Die Hauptstadt der Ukraine ist Kiew (ukrainisch: Київ, russisch: Киев).;algebra/runs/restar_matriz/entrada_o_directiva_restar_matriz_recomputado.json
de;v_de;201;Welche Kraft hält die Planeten in ihrer Umlaufbahn um die Sonne?;de;de;True;;False;"Ich denke, es gibt ein kleines Problem mit deiner Frage...

Es scheint, als ob du Deutsch sprichst, aber die Rechtschreibung und Grammatik sind ein bisschen... ungewöhnlich.

Ich werde mich bemühen, dir zu helfen, aber ich denke, du meinst wahrscheinlich ""Welche Kraft hält die Planeten in ihrer Umlaufbahn um die Sonne?""

Die Antwort ist: Die Kraft, die";algebra/runs/restar_matriz/entrada_o_directiva_restar_matriz_recomputado.json
de;v_de;202;"Wer hat ""Der alte Mann und das Meer"" geschrieben?";en;en;True;;True;"I think I can help you with that!

""Der alte Mann und das Meer"" (English: ""The Old Man and the Sea"") is a novella written by the American author Ernest Hemingway. It was first published in 1952.

The novella tells the story of an aging fisherman named Santiago, who goes on a journey to catch a giant marlin off the coast of Cuba. The book is a classic of 20th-century literature and is considered one of Heming";algebra/runs/restar_matriz/entrada_o_directiva_restar_matriz_recomputado.json
de;v_de;203;Was ist die Hauptstadt von Syrien?;de;de;True;;True;Die Hauptstadt von Syrien ist Damaskus.;algebra/runs/restar_matriz/entrada_o_directiva_restar_matriz_recomputado.json
de;v_de;204;Was ist das Jahr, in dem die Wright-Brüder zum ersten Mal flogen?;de;de;True;;True;"Ich helfe dir gerne!

Es scheint, als ob du nach dem Jahr fragst, in dem die Wright-Brüder (Orville und Wilbur Wright) ihren ersten erfolgreichen Flug unternommen haben.

Die Antwort ist: 1903!

Am 17. Dezember 1903 flogen die Wright-Brüder in Kitty Hawk, Nordcarolina, USA, den ersten erfolgreichen Flug eines Flugzeugs. Orville Wright flog das Fl";algebra/runs/restar_matriz/entrada_o_directiva_restar_matriz_recomputado.json
de;v_de;205;In welchem Jahr veröffentlichte das Human-Genom-Projekt seinen ersten Entwurf?;fr;fr;True;;False;"Je suis désolé, mais je n'ai pas compris parfaitement votre question. Vous avez mentionné ""Welchem Jahr"" et ""veröffentlichte das Human-Genom-Projekt"", mais je pense que vous pourriez avoir fait une erreur de grammaire ou de orthographe.

Si vous voulez me poser une nouvelle question ou me demander plus d'informations sur le sujet, je serais ravi de vous aider! Le projet que vous";algebra/runs/restar_matriz/entrada_o_directiva_restar_matriz_recomputado.json
de;v_de;206;Was ist das chemische Symbol für Platin?;de;de;True;;True;Das chemische Symbol für Platinum ist Pt.;algebra/runs/restar_matriz/entrada_o_directiva_restar_matriz_recomputado.json
de;v_de;207;Was ist das Jahr der Wiedervereinigung Deutschlands?;de;de;True;;True;"Das ist eine gute Frage!

Ich denke, du meinst das Jahr der Wiedervereinigung Deutschlands. Das war 1990.

Am 3. Oktober 1990 wurde die Deutsche Demokratische Republik (DDR) offiziell aufgelöst und Deutschland wieder in zwei Länder aufgeteilt: die Bundesrepublik Deutschland (Westdeutschland) und das Land Brandenburg (neue Ostdeutschland). Dies markierte den Beginn der";algebra/runs/restar_matriz/entrada_o_directiva_restar_matriz_recomputado.json
de;v_de;208;Wer hat die Theorie der natürlichen Selektion neben Darwin entwickelt?;en;en;True;;False;"You're asking about the theory of natural selection and who developed it!

The theory of natural selection was actually developed by Charles Robert Darwin (1809-1882), an English naturalist and biologist. In his groundbreaking book ""On the Origin of Species"" (1859), Darwin presented a comprehensive explanation of how species evolve over time through the process of natural selection.

However, the concept of natural selection was not entirely new even when Darwin published his book. There were earlier ideas and theories about the process";algebra/runs/restar_matriz/entrada_o_directiva_restar_matriz_recomputado.json
de;v_de;209;Was ist das Jahr, in dem die Sowjetunion aufgelöst wurde?;de;de;True;;True;"Das ist eine gute Frage!

Die Sowjetunion wurde am 26. Dezember 1991 aufgelöst. Das Jahr, in dem dies passierte, war also 1991.

Die Sowjetunion war eine sozialistische Staatsunion, die von 1922 bis 1991 existierte. Sie bestand aus 15 Republiken, darunter Russland, Ukraine, Weißrussland und viele andere. Im Jahr 1991 kam";algebra/runs/restar_matriz/entrada_o_directiva_restar_matriz_recomputado.json
de;v_de;210;Wer hat die Theorie der allgemeinen Relativität entwickelt?;en;en;True;;True;"You're referring to the theory of general relativity!

The theory of general relativity was developed by Albert Einstein. He published his groundbreaking work on the subject in 1915, in a paper titled ""The Meaning of Relativity.""

However, the development of general relativity was a gradual process that involved several key milestones and influences. Here's a brief overview:

* 1905: Einstein's special theory of relativity, which posits that the laws of physics are the same for all observers";algebra/runs/restar_matriz/entrada_o_directiva_restar_matriz_recomputado.json
de;v_de;211;Wer hat Der Schrei gemalt?;en;en;True;;False;"I think you might be trying to test my language skills!

Unfortunately, I couldn't find any information on a person named ""Der Schrei Gemalt"" (which roughly translates to ""The Scream Painted"" in English). It's possible that it's a fictional character, a misunderstanding, or a made-up name.

If you could provide more context or clarify what you're referring to, I'd be happy to try and help you further!";algebra/runs/restar_matriz/entrada_o_directiva_restar_matriz_recomputado.json
de;v_de;212;Was ist die Hauptstadt Griechenlands?;de;de;True;;True;"Ich denke, du meinst Griechenland!

Die Hauptstadt Griechenlands ist Athen (griechisch: Αθήνα).";algebra/runs/restar_matriz/entrada_o_directiva_restar_matriz_recomputado.json
de;v_de;213;Wer hat Hundert Jahre Einsamkeit geschrieben?;en;en;True;;True;"I think I can help you with that!

"" Hundert Jahre Einsamkeit"" is a German phrase that translates to ""One Hundred Years of Solitude"" in English. However, I believe you might be thinking of the title of a famous novel by Gabriel García Márquez, which is actually titled ""Cien años de soledad"" (One Hundred Years of Solitude).

But, I think you might be confusing it with another phrase, ""Hundert Jahre Einsamkeit""";algebra/runs/restar_matriz/entrada_o_directiva_restar_matriz_recomputado.json
de;v_de;214;Was ist der größte Ozean der Erde?;de;de;True;;True;"Das ist eine interessante Frage!

Leider kann ich keine spezifischen Informationen über den ""Größten Ozean der Erde"" finden. Es gibt jedoch vier große Ozeane, die oft als die größten Ozeane der Erde bezeichnet werden:

1. Pazifik-Ozean
2. Atlantik-Ozean
3. Indischer Ozean
4. Arktischer Ozean

Jeder dieser Ozeane hat seine";algebra/runs/restar_matriz/entrada_o_directiva_restar_matriz_recomputado.json
de;v_de;215;Was ist das Jahr, in dem der Zweite Weltkrieg begann?;de;de;True;;True;"Das ist eine einfache Frage!

Der Zweite Weltkrieg begann im Jahr 1939. Der genaue Starttag des Krieges war der 1. September 1939, als Deutschland unter der Führung von Adolf Hitler Polen angegriffen hat.

In Deutschland wird der 1. September 1939 oft als ""Tag des Beginns des Zweiten Weltkriegs"" gefeiert, aber es ist auch wichtig zu beachten, dass der K";algebra/runs/restar_matriz/entrada_o_directiva_restar_matriz_recomputado.json
de;v_de;216;Welcher Planet im Sonnensystem ist der kleinst?;en;en;True;;False;"I think there might be a slight misunderstanding! I'm happy to help, but I'm not sure what ""Welcher Planet im Sonnensystem ist der kleinst"" means. It appears to be a mix of German and English words, but I'm not familiar with the exact phrase.

Could you please provide more context or clarify what you're trying to ask? I'll do my best to help you with your question!";algebra/runs/restar_matriz/entrada_o_directiva_restar_matriz_recomputado.json
de;v_de;217;Wer hat Hamlet geschrieben?;en;en;True;;True;"A question about Hamlet!

The play ""Hamlet"" is believed to have been written by William Shakespeare around 1599-1602. However, the exact circumstances of its composition and publication are not well documented.

There are several theories about who might have helped Shakespeare with the play:

1. **Ben Jonson**: Some scholars believe that Ben Jonson, a fellow playwright and friend of Shakespeare's, might have contributed to the writing of Hamlet. However, this theory is not widely accepted";algebra/runs/restar_matriz/entrada_o_directiva_restar_matriz_recomputado.json
de;v_de;218;Welche Galaxie ist die nächste große Nachbarin der Milchstraße?;en;en;True;;False;"I think there may be a bit of a language barrier here!

It looks like you're trying to ask about the largest galaxy in the Milky Way, but the words you've used don't seem to match any known language.

If you meant to ask about the largest galaxy in the Milky Way, I'd be happy to help! The largest galaxy in the Milky Way is actually the Milky Way itself, which is a barred spiral galaxy. However, if you're asking about the largest galaxy within the Milky";algebra/runs/restar_matriz/entrada_o_directiva_restar_matriz_recomputado.json
de;v_de;219;Wie viele Monde hat der Mars?;en;en;True;;False;"I think there might be a small misunderstanding! There is no known ""Monde"" on Mars. Mars is a planet in our solar system, and it has several features like volcanoes, canyons, and craters, but no known ""Monde"" (which I assume is a typo or a made-up word).

Could you please clarify or provide more context about what you mean by ""Monde"" on Mars? I'd be happy to help if I can!";algebra/runs/restar_matriz/entrada_o_directiva_restar_matriz_recomputado.json
de;v_de;220;Was ist das chemische Symbolzeichen für Chrom?;de;de;True;;True;Das chemische Symbol für Chrom ist Cr.;algebra/runs/restar_matriz/entrada_o_directiva_restar_matriz_recomputado.json
de;v_de;221;Wer hat Romantik geschrieben?;en;en;True;;False;"I think you might be trying to ask a question in a playful way!

If I had to guess, I'd say you're asking ""Who's the romantic?"" or maybe even ""Who's the romantic in charge?"" Am I close?

If you'd like to clarify or ask a different question, I'm all ears!";algebra/runs/restar_matriz/entrada_o_directiva_restar_matriz_recomputado.json
de;v_de;222;Wer erhielt 1876 das Patent für das Telefon?;de;de;True;;True;"Ein interessantes Thema!

Der Erfinder des Telefons, das 1876 patentiert wurde, war Alexander Graham Bell. Er war ein schottisch-kanadischer Erfinder, Lautsprecher- und Sprachforscher und gilt als einer der wichtigsten Pioniere der Telekommunikation.

Am 14. März 1876 erhielt Alexander Graham Bell ein Patent für sein ""Telefon"" (Patent Nr. 174.465";algebra/runs/restar_matriz/entrada_o_directiva_restar_matriz_recomputado.json
de;v_de;223;Was ist das chemische Symbol für Zink?;de;de;True;;True;"Das chemische Symbol für Zink ist Zn.

Zn ist die Abkürzung für das lateinische Wort ""Zincum"", das wiederum von dem alten Griechischen ""Zinkon"" stammt, das wiederum von dem Namen des Ortes ""Zinken"" in Böhmen (heute Tschechien) stammt, wo Zink erstmals abgeleitet wurde.";algebra/runs/restar_matriz/entrada_o_directiva_restar_matriz_recomputado.json
de;v_de;224;"Wer hat ""Der kleine Prinz"" geschrieben?";en;en;True;;True;"I think I can help you with that!

""Der kleine Prinz"" (The Little Prince) is a famous novella written by Antoine de Saint-Exupéry, a French author and aviator. The book was first published in 1943.

As for who ""geschrieben"" (wrote) the book, it was indeed Antoine de Saint-Exupéry himself. He wrote the novella during a period of great personal turmoil, including the loss of his friend and fellow pilot";algebra/runs/restar_matriz/entrada_o_directiva_restar_matriz_recomputado.json
de;v_de;225;Wer hat die Neunte Sinfonie mit der Ode an die Freude komponiert?;en;en;True;;True;"I think I see what's going on here!

It looks like you're trying to speak in a playful, made-up language, perhaps inspired by the sounds and rhythms of German or other European languages.

If I'm correct, I'll do my best to respond in kind. Here's my attempt:

""Die Neunte Sinfonie mit der Ode an die Freude komponiert hat Ludwig van Beethoven!""

Did I get it right?";algebra/runs/restar_matriz/entrada_o_directiva_restar_matriz_recomputado.json
de;v_de;226;Wie viele Zeitzonen hat die Welt, wenn man sie auf standardmäßige Weise zählt?;de;de;True;;True;"Ich denke, es gibt ein kleines Missverständnis!

""Zeitzonen"" ist ein deutsches Wort, das ""Zeitenzone"" bedeutet, also eine Region auf der Erde, die eine bestimmte Uhrzeit hat.

""Standardmäßige Weise"" ist nicht ganz klar, aber ich nehme an, du meinst ""Standardzeit"".

Die Welt ist in 24 Zeitzonen unterteilt, die jeweils eine Stunde vor oder nach";algebra/runs/restar_matriz/entrada_o_directiva_restar_matriz_recomputado.json
de;v_de;227;Was ist die Hauptstadt von Katar?;de;de;True;;True;Die Hauptstadt von Katar ist Doha.;algebra/runs/restar_matriz/entrada_o_directiva_restar_matriz_recomputado.json
de;v_de;228;Was ist die Hauptstadt von Tschechien?;de;de;True;;True;"Eine interessante Frage!

Ich denke, du meinst ""Tschechien"". Die Hauptstadt von Tschechien ist Prag (tschechisch: Praha).";algebra/runs/restar_matriz/entrada_o_directiva_restar_matriz_recomputado.json
de;v_de;229;Was ist die Hauptstadt von Bulgarien?;de;de;True;;True;Die Hauptstadt von Bulgarien ist Sofia.;algebra/runs/restar_matriz/entrada_o_directiva_restar_matriz_recomputado.json
de;v_de;230;Wie viele Tasten hat ein Standardpiano?;en;nl;False;"neerlandes (""Een Tastenhat is ook bekend als...""); el detector la cuenta como en";True;"Een Tastenhat is ook bekend als een Klavier- of Piano-Tastenhat. De exacte hoeveelheid Tasten kan variëren afhankelijk van het type piano of klavier.

Een standaardklavier heeft 88 Tasten, verdeeld over 7 octaven en 1 octaaf (de ""Octaaf C0""). Deze 88 Tasten omvatten:

* 52 natuurt";algebra/runs/restar_matriz/entrada_o_directiva_restar_matriz_recomputado.json
de;v_de;231;Wie viele Knochen hat der erwachsene menschliche Körper?;de;de;True;;False;"Ich denke, du meinst ""Wie viele Knöchel hat der erwachsene menschliche Körper?""

Eine erwachsene Person hat insgesamt 64 Knöchel. Das sind:

* 26 Knöchel in den Beinen (12 in jedem Bein)
* 18 Knöchel in den Füßen (5 in jedem Fuß)
* 20 Knöchel in den Händen (5 in jedem Handgelenk";algebra/runs/restar_matriz/entrada_o_directiva_restar_matriz_recomputado.json
de;v_de;232;Was ist der Gefrierpunkt des Wassers in Grad Celsius?;en;en;True;;True;"A classic German phrase!

The phrase ""Gefrierpunkt des Wassers"" translates to ""Freezing point of water"" in English.

The freezing point of water is 0 degrees Celsius (°C) or 32 degrees Fahrenheit (°F).";algebra/runs/restar_matriz/entrada_o_directiva_restar_matriz_recomputado.json
de;v_de;233;Was ist die chemische Formel für Kohlendioxid?;de;de;True;;True;"Eine Frage aus der Chemie!

Die chemische Formel für Kohlendioxid (CO2) lautet:

CO2

Das bedeutet, dass eine Molzahl von Kohlendioxid aus einer Atomeinung aus einem Kohlenatomm (C) und zwei Sauerstoffatomen (O) besteht.";algebra/runs/restar_matriz/entrada_o_directiva_restar_matriz_recomputado.json
de;v_de;234;Welcher Ozean liegt zwischen Afrika und Australien?;de;de;True;;True;"Welcher Ozean liegt zwischen Afrika und Australien?

Die Antwort ist: Der Indische Ozean.";algebra/runs/restar_matriz/entrada_o_directiva_restar_matriz_recomputado.json
de;v_de;235;Was ist die Hauptstadt von China?;de;de;True;;True;Die Hauptstadt von China ist Peking (auch bekannt als Pekin).;algebra/runs/restar_matriz/entrada_o_directiva_restar_matriz_recomputado.json
de;v_de;236;In welcher Stadt befindet sich das Taj Mahal?;en;en;True;;True;"I think there may be a small mistake here!

The Taj Mahal is actually located in Agra, not Welcher Stadt (which doesn't seem to be a real city).

Agra is a city in the Indian state of Uttar Pradesh, and the Taj Mahal is one of the most famous tourist attractions in India. It was built by Mughal Emperor Shah Jahan in memory of his wife, Mumtaz Mahal, in the 17th century.

Welcher Stadt, on";algebra/runs/restar_matriz/entrada_o_directiva_restar_matriz_recomputado.json
de;v_de;237;In welchem Jahr wurde der Euro als physische Währung eingeführt?;de;de;True;;True;"Ich helfe dir gerne!

Die Euro als physische Währung wurde 2002 eingeführt. Das bedeutet, dass der Euro am 1. Januar 2002 als offizielle Währung der Europäischen Union (EU) eingeführt wurde.

Vorher, bis 1999, war die Deutsche Mark (DM) die Währung in Deutschland und andere EU-Länder hatten ihre eigenen Währungen. Mit dem Maastr";algebra/runs/restar_matriz/entrada_o_directiva_restar_matriz_recomputado.json
de;v_de;238;Wer komponierte die Oper Carmen?;en;en;True;;True;"A question about a classic musical!

The music for ""The Oper Carmen"" was composed by Georges Bizet, a French composer. The opera, also known as ""Carmen"", was first performed at the Opéra-Comique in Paris on March 3, 1875.

However, it's worth noting that the opera was not originally titled ""Die Oper Carmen"". The title ""Carmen"" is the name of the main character, a gypsy woman, and the opera is";algebra/runs/restar_matriz/entrada_o_directiva_restar_matriz_recomputado.json
de;v_de;239;Was ist die Hauptstadt von Libanon?;de;de;True;;True;Die Hauptstadt von Libanon ist Beirut.;algebra/runs/restar_matriz/entrada_o_directiva_restar_matriz_recomputado.json
de;v_de;240;Wie heißt der tiefste Tiefseegraben?;en;en;True;;True;"I think there might be a slight misunderstanding! It seems like you're asking about the ""Deepest Tiefsee"" (which is German for ""Deepest Sea"") and the ""Tiefsee-Graben"" (which translates to ""Deep Sea Trench"").

The Deepest Tiefsee is the Mariana Trench, which is located in the Pacific Ocean. It has a maximum depth of approximately 36,000 feet (10,973 meters).

As for the Tief";algebra/runs/restar_matriz/entrada_o_directiva_restar_matriz_recomputado.json
de;v_de;241;Was ist das Jahr des Hindenburg-Unfalls?;en;en;True;;True;"I think you meant to ask ""Was ist das Jahr des Hindenburg-Unfalls?""

The Hindenburg-Unfall, also known as the Hindenburg disaster, occurred on May 6, 1937. The German passenger airship LZ 129 Hindenburg caught fire and was destroyed while attempting to dock in Lakehurst, New Jersey, United States. All 97 people on board were killed in the disaster.

Is there anything else I can help you with?";algebra/runs/restar_matriz/entrada_o_directiva_restar_matriz_recomputado.json
de;v_de;242;Was ist das chemische Symbolzeichen für Chlor?;de;de;True;;True;Das chemische Symbolzeichen für Chlor ist Cl.;algebra/runs/restar_matriz/entrada_o_directiva_restar_matriz_recomputado.json
de;v_de;243;Was ist die Hauptstadt von Finnland?;de;de;True;;True;Die Hauptstadt von Finnland ist Helsinki.;algebra/runs/restar_matriz/entrada_o_directiva_restar_matriz_recomputado.json
de;v_de;244;Wie viele Kammern hat das menschliche Herz?;de;de;True;;True;"Das ist eine interessante Frage!

Leider kann ich keine wissenschaftliche Erklärung geben, wie viele Kammer das menschliche Herz hat. Das menschliche Herz besteht aus vier Kammern, die jeweils eine bestimmte Funktion haben:

1. **Rechtshertz** (Rechtsherz): Pumpt Blut aus dem Herzen in den Körper.
2. **Linkshertz** (Linksherz): Pumpt Blut aus dem Körper";algebra/runs/restar_matriz/entrada_o_directiva_restar_matriz_recomputado.json
de;v_de;245;Wer war die erste Frau, die einen Nobelpreis gewann?;de;de;True;;True;"Das ist eine interessante Frage!

Die erste Frau, die den Nobelpreis gewann, war Marie Curie. Sie erhielt den Nobelpreis für Physik 1903 gemeinsam mit ihrem Ehemann Pierre Curie und Henri Becquerel.

Marie Curie war eine polnisch-französische Physikerin und Chemikerin, die für ihre Pionierleistungen in der radioaktiven Forschung bekannt ist. Sie entdeck";algebra/runs/restar_matriz/entrada_o_directiva_restar_matriz_recomputado.json
de;v_de;246;Was ist die Hauptstadt von Litauen?;de;de;True;;True;Die Hauptstadt von Litauen ist Vilnius.;algebra/runs/restar_matriz/entrada_o_directiva_restar_matriz_recomputado.json
de;v_de;247;Was ist die Hauptstadt von Jordanien?;de;de;True;;True;Die Hauptstadt von Jordanien ist Amman.;algebra/runs/restar_matriz/entrada_o_directiva_restar_matriz_recomputado.json
de;v_de;248;Was ist das Jahr, in dem der Panama-Kanal eröffnet wurde?;de;de;True;;True;"Eine gute Frage!

Der Panama-Kanal wurde 1914 eröffnet.";algebra/runs/restar_matriz/entrada_o_directiva_restar_matriz_recomputado.json
de;v_de;249;Welche ist die größte Insel der Welt?;en;en;True;;True;"I think you meant to ask ""Welche ist die größte Insel der Welt?""

The largest island in the world is Greenland, which is an autonomous territory within the Kingdom of Denmark. It has an area of approximately 2,166,086 square kilometers (836,330 square miles), making it the largest island in the world, even larger than the state of Texas in the United States!

Greenland is located between the Arctic and Atlantic Oceans, northeast of Canada and northwest of Europe.";algebra/runs/restar_matriz/entrada_o_directiva_restar_matriz_recomputado.json
