################ 0 validacion
[lang_id] GlotLID: /mnt/custom-file-systems/efs/fs-0ded2930a619aa967_fsap-0faa05c681ed1a8f3/papers/LLMAtaquesContinuos/modelos/glotlid/model.bin
GlotLID ok

################ datos
[fr] held-out 112 filas (split 0.84: train 588) | por categoria: {'factual_clasica': 16, 'factual_aperturas': 16, 'imperativo': 16, 'imperativo_explicativo': 16, 'explicativa': 16, 'corta': 16, 'conversacional': 16}
[es] held-out 112 filas (split 0.84: train 588) | por categoria: {'factual_clasica': 16, 'factual_aperturas': 16, 'imperativo': 16, 'imperativo_explicativo': 16, 'explicativa': 16, 'corta': 16, 'conversacional': 16}
[de] held-out 112 filas (split 0.84: train 588) | por categoria: {'factual_clasica': 16, 'factual_aperturas': 16, 'imperativo': 16, 'imperativo_explicativo': 16, 'explicativa': 16, 'corta': 16, 'conversacional': 16}
held-out listo
[fr] train 549 -> 549  (recortadas 0: {})  comparte con fr: 549
[es] train 555 -> 549  (recortadas 6: {'factual_aperturas': 4, 'conversacional': 2})  comparte con fr: 532
[de] train 550 -> 549  (recortadas 1: {'factual_aperturas': 1})  comparte con fr: 525

################ train fr
Gate de calidad sobre train: 549/588 targets limpios
`torch_dtype` is deprecated! Use `dtype` instead!
Loading checkpoint shards:   0%|          | 0/2 [00:00<?, ?it/s]Loading checkpoint shards:  50%|█████     | 1/2 [00:01<00:01,  1.03s/it]Loading checkpoint shards: 100%|██████████| 2/2 [00:01<00:00,  1.65it/s]Loading checkpoint shards: 100%|██████████| 2/2 [00:01<00:00,  1.49it/s]

Train: 549  |  Held-out: 112  |  validacion: 20
L2: 0.08  |  step_size: 0.00025 (cosine)  |  posiciones: 1  |  anchor: goal_all
  [prompt] parche sobre 15..24 (10 tokens) = ['On', ' which', ' continent', ' is', ' the', ' Amazon', ' rain', 'forest', ' located', '?']
        antes: ['<|end_header_id|>', '\n\n']   despues: ['<|eot_id|>', '<|start_header_id|>']
  [prompt_es] parche sobre 15..28 (14 tokens) = ['¿', 'En', ' qué', ' contin', 'ente', ' se', ' encuentra', ' la', ' sel', 'va', ' am', 'az', 'ónica', '?']
        antes: ['<|end_header_id|>', '\n\n']   despues: ['<|eot_id|>', '<|start_header_id|>']
  [prompt_de] parche sobre 15..28 (14 tokens) = ['Auf', ' wel', 'chem', ' Kont', 'inent', ' liegt', ' der', ' Amazon', 'as', '-', 'Reg', 'en', 'wald', '?']
        antes: ['<|end_header_id|>', '\n\n']   despues: ['<|eot_id|>', '<|start_header_id|>']
  largo del goal en train: media 10.2  min 4  max 25  (el mismo v se suma en cada posicion)
Loss: CE sobre los primeros 8 tokens  |  entradas: ['prompt', 'prompt_es', 'prompt_de']
  prompt: 549/549 filas de train usables
  prompt_es: 549/549 filas de train usables
  prompt_de: 549/549 filas de train usables
Epochs: 10  |  batch: 28 (20 batches/epoch)  |  steps/batch: 20
Checkpoint: mejor por CE held-out
======================================================================

######################################################################
EPOCH 1/10
######################################################################
  [batch 1/20] CE=3.3877  norma=0.206670  lr=2.50e-04
  [batch 2/20] CE=1.6858  norma=0.332088  lr=2.50e-04
  [batch 3/20] CE=0.8085  norma=0.382968  lr=2.50e-04
  [batch 4/20] CE=0.7535  norma=0.429517  lr=2.50e-04
  [batch 5/20] CE=0.7648  norma=0.480787  lr=2.50e-04
  [batch 6/20] CE=0.6960  norma=0.524238  lr=2.49e-04
  [batch 7/20] CE=0.7420  norma=0.564649  lr=2.49e-04
  [batch 8/20] CE=0.6754  norma=0.587906  lr=2.49e-04
  [batch 9/20] CE=0.6994  norma=0.628368  lr=2.49e-04
  [batch 10/20] CE=0.6259  norma=0.657191  lr=2.48e-04
  [batch 11/20] CE=0.8705  norma=0.666861  lr=2.48e-04
  [batch 12/20] CE=0.6351  norma=0.694949  lr=2.48e-04
  [batch 13/20] CE=0.7027  norma=0.713378  lr=2.47e-04
  [batch 14/20] CE=0.7976  norma=0.728965  lr=2.47e-04
  [batch 15/20] CE=0.6210  norma=0.756657  lr=2.47e-04
  [batch 16/20] CE=0.6033  norma=0.760848  lr=2.46e-04
  [batch 17/20] CE=0.7426  norma=0.771338  lr=2.46e-04
  [batch 18/20] CE=0.8095  norma=0.776033  lr=2.45e-04
  [batch 19/20] CE=0.6847  norma=0.781404  lr=2.45e-04
  [batch 20/20] CE=0.7073  norma=0.798142  lr=2.44e-04
  held-out head CE por entrada: prompt=0.6983  prompt_es=0.7635  prompt_de=1.1329

Epoch 1: CE train (trayectoria)=0.9007  norma=0.798142
  CE head del checkpoint:  train=0.8911   held-out=0.8649   brecha=-0.0262
  held-out CE  head(primeros 5): con parche=0.8649  sin parche=5.4208  delta=-4.5559
               toda la respuesta      : con parche=0.4412  sin parche=1.2734  delta=-0.8321
  * mejor HELD-OUT hasta ahora (head CE 0.8649)
  * mejor TRAIN hasta ahora (head CE 0.8911)
----------------------------------------------------------------------

######################################################################
EPOCH 2/10
######################################################################
  [batch 1/20] CE=0.5738  norma=0.804277  lr=2.43e-04
  [batch 2/20] CE=0.5382  norma=0.812549  lr=2.43e-04
  [batch 3/20] CE=0.5652  norma=0.808812  lr=2.42e-04
  [batch 4/20] CE=0.5309  norma=0.815067  lr=2.41e-04
  [batch 5/20] CE=0.5083  norma=0.828609  lr=2.41e-04
  [batch 6/20] CE=0.5491  norma=0.832981  lr=2.40e-04
  [batch 7/20] CE=0.5365  norma=0.835919  lr=2.39e-04
  [batch 8/20] CE=0.5235  norma=0.833649  lr=2.38e-04
  [batch 9/20] CE=0.5458  norma=0.842499  lr=2.37e-04
  [batch 10/20] CE=0.5091  norma=0.850436  lr=2.36e-04
  [batch 11/20] CE=0.7343  norma=0.853969  lr=2.36e-04
  [batch 12/20] CE=0.4828  norma=0.864881  lr=2.35e-04
  [batch 13/20] CE=0.5489  norma=0.865944  lr=2.34e-04
  [batch 14/20] CE=0.6367  norma=0.868531  lr=2.33e-04
  [batch 15/20] CE=0.4476  norma=0.879080  lr=2.32e-04
  [batch 16/20] CE=0.5260  norma=0.876242  lr=2.31e-04
  [batch 17/20] CE=0.6432  norma=0.868157  lr=2.30e-04
  [batch 18/20] CE=0.6492  norma=0.871905  lr=2.28e-04
  [batch 19/20] CE=0.5748  norma=0.871434  lr=2.27e-04
  [batch 20/20] CE=0.5300  norma=0.873991  lr=2.26e-04
  held-out head CE por entrada: prompt=0.5598  prompt_es=0.9309  prompt_de=1.0689

Epoch 2: CE train (trayectoria)=0.5577  norma=0.873991
  CE head del checkpoint:  train=0.8726   held-out=0.8532   brecha=-0.0194
  held-out CE  head(primeros 5): con parche=0.8532  sin parche=5.4208  delta=-4.5676
               toda la respuesta      : con parche=0.4217  sin parche=1.2734  delta=-0.8517
  * mejor HELD-OUT hasta ahora (head CE 0.8532)
  * mejor TRAIN hasta ahora (head CE 0.8726)
----------------------------------------------------------------------

######################################################################
EPOCH 3/10
######################################################################
  [batch 1/20] CE=0.4902  norma=0.883535  lr=2.25e-04
  [batch 2/20] CE=0.4666  norma=0.885458  lr=2.24e-04
  [batch 3/20] CE=0.4221  norma=0.886369  lr=2.23e-04
  [batch 4/20] CE=0.4509  norma=0.880801  lr=2.21e-04
  [batch 5/20] CE=0.4444  norma=0.886087  lr=2.20e-04
  [batch 6/20] CE=0.4842  norma=0.886262  lr=2.19e-04
  [batch 7/20] CE=0.4498  norma=0.891418  lr=2.18e-04
  [batch 8/20] CE=0.4234  norma=0.890976  lr=2.16e-04
  [batch 9/20] CE=0.4113  norma=0.898114  lr=2.15e-04
  [batch 10/20] CE=0.4100  norma=0.902191  lr=2.13e-04
  [batch 11/20] CE=0.5330  norma=0.894438  lr=2.12e-04
  [batch 12/20] CE=0.3833  norma=0.894056  lr=2.11e-04
  [batch 13/20] CE=0.4300  norma=0.893150  lr=2.09e-04
  [batch 14/20] CE=0.5538  norma=0.892727  lr=2.08e-04
  [batch 15/20] CE=0.3508  norma=0.892578  lr=2.06e-04
  [batch 16/20] CE=0.4582  norma=0.890753  lr=2.05e-04
  [batch 17/20] CE=0.5294  norma=0.887317  lr=2.03e-04
  [batch 18/20] CE=0.5112  norma=0.890139  lr=2.02e-04
  [batch 19/20] CE=0.5127  norma=0.889091  lr=2.00e-04
  [batch 20/20] CE=0.4987  norma=0.884264  lr=1.99e-04
  held-out head CE por entrada: prompt=0.6598  prompt_es=0.7188  prompt_de=0.9959

Epoch 3: CE train (trayectoria)=0.4607  norma=0.884264
  CE head del checkpoint:  train=0.6431   held-out=0.7915   brecha=+0.1484
  held-out CE  head(primeros 5): con parche=0.7915  sin parche=5.4208  delta=-4.6293
               toda la respuesta      : con parche=0.4381  sin parche=1.2734  delta=-0.8353
  * mejor HELD-OUT hasta ahora (head CE 0.7915)
  * mejor TRAIN hasta ahora (head CE 0.6431)
----------------------------------------------------------------------

######################################################################
EPOCH 4/10
######################################################################
  [batch 1/20] CE=0.3793  norma=0.884879  lr=1.97e-04
  [batch 2/20] CE=0.3943  norma=0.886812  lr=1.95e-04
  [batch 3/20] CE=0.3460  norma=0.883523  lr=1.94e-04
  [batch 4/20] CE=0.3733  norma=0.877040  lr=1.92e-04
  [batch 5/20] CE=0.3642  norma=0.884809  lr=1.90e-04
  [batch 6/20] CE=0.4741  norma=0.885773  lr=1.89e-04
  [batch 7/20] CE=0.4096  norma=0.888906  lr=1.87e-04
  [batch 8/20] CE=0.3597  norma=0.885324  lr=1.85e-04
  [batch 9/20] CE=0.3887  norma=0.886350  lr=1.84e-04
  [batch 10/20] CE=0.4194  norma=0.887403  lr=1.82e-04
  [batch 11/20] CE=0.5096  norma=0.885583  lr=1.80e-04
  [batch 12/20] CE=0.3121  norma=0.890425  lr=1.78e-04
  [batch 13/20] CE=0.3912  norma=0.891059  lr=1.76e-04
  [batch 14/20] CE=0.5094  norma=0.889500  lr=1.75e-04
  [batch 15/20] CE=0.3350  norma=0.888267  lr=1.73e-04
  [batch 16/20] CE=0.4390  norma=0.887541  lr=1.71e-04
  [batch 17/20] CE=0.4914  norma=0.886891  lr=1.69e-04
  [batch 18/20] CE=0.5003  norma=0.888840  lr=1.67e-04
  [batch 19/20] CE=0.4728  norma=0.892631  lr=1.66e-04
  [batch 20/20] CE=0.4160  norma=0.891563  lr=1.64e-04
  held-out head CE por entrada: prompt=0.6950  prompt_es=0.8112  prompt_de=0.9889

Epoch 4: CE train (trayectoria)=0.4143  norma=0.891563
  CE head del checkpoint:  train=0.6463   held-out=0.8317   brecha=+0.1854
  held-out CE  head(primeros 5): con parche=0.8317  sin parche=5.4208  delta=-4.5891
               toda la respuesta      : con parche=0.4416  sin parche=1.2734  delta=-0.8318
----------------------------------------------------------------------

######################################################################
EPOCH 5/10
######################################################################
  [batch 1/20] CE=0.3818  norma=0.890667  lr=1.62e-04
  [batch 2/20] CE=0.3701  norma=0.891449  lr=1.60e-04
  [batch 3/20] CE=0.3162  norma=0.888767  lr=1.58e-04
  [batch 4/20] CE=0.3483  norma=0.884429  lr=1.56e-04
  [batch 5/20] CE=0.3449  norma=0.886770  lr=1.54e-04
  [batch 6/20] CE=0.4347  norma=0.883116  lr=1.52e-04
  [batch 7/20] CE=0.3850  norma=0.885395  lr=1.50e-04
  [batch 8/20] CE=0.3409  norma=0.881818  lr=1.48e-04
  [batch 9/20] CE=0.3713  norma=0.880791  lr=1.47e-04
  [batch 10/20] CE=0.3890  norma=0.880338  lr=1.45e-04
  [batch 11/20] CE=0.4990  norma=0.874690  lr=1.43e-04
  [batch 12/20] CE=0.3319  norma=0.877370  lr=1.41e-04
  [batch 13/20] CE=0.3770  norma=0.877389  lr=1.39e-04
  [batch 14/20] CE=0.4741  norma=0.879100  lr=1.37e-04
  [batch 15/20] CE=0.3364  norma=0.879141  lr=1.35e-04
  [batch 16/20] CE=0.4324  norma=0.880762  lr=1.33e-04
  [batch 17/20] CE=0.4926  norma=0.878267  lr=1.31e-04
  [batch 18/20] CE=0.5002  norma=0.882225  lr=1.29e-04
  [batch 19/20] CE=0.4833  norma=0.883189  lr=1.27e-04
  [batch 20/20] CE=0.3741  norma=0.880132  lr=1.25e-04
  held-out head CE por entrada: prompt=0.4758  prompt_es=0.9048  prompt_de=0.9836

Epoch 5: CE train (trayectoria)=0.3992  norma=0.880132
  CE head del checkpoint:  train=0.6143   held-out=0.7881   brecha=+0.1738
  held-out CE  head(primeros 5): con parche=0.7881  sin parche=5.4208  delta=-4.6327
               toda la respuesta      : con parche=0.4495  sin parche=1.2734  delta=-0.8238
  * mejor HELD-OUT hasta ahora (head CE 0.7881)
  * mejor TRAIN hasta ahora (head CE 0.6143)
----------------------------------------------------------------------

######################################################################
EPOCH 6/10
######################################################################
  [batch 1/20] CE=0.3369  norma=0.883797  lr=1.23e-04
  [batch 2/20] CE=0.3516  norma=0.885439  lr=1.21e-04
  [batch 3/20] CE=0.3090  norma=0.880929  lr=1.19e-04
  [batch 4/20] CE=0.3512  norma=0.878736  lr=1.17e-04
  [batch 5/20] CE=0.3689  norma=0.881587  lr=1.15e-04
  [batch 6/20] CE=0.4502  norma=0.880623  lr=1.13e-04
  [batch 7/20] CE=0.3903  norma=0.879106  lr=1.11e-04
  [batch 8/20] CE=0.3276  norma=0.877465  lr=1.09e-04
  [batch 9/20] CE=0.3905  norma=0.879157  lr=1.07e-04
  [batch 10/20] CE=0.3693  norma=0.879792  lr=1.05e-04
  [batch 11/20] CE=0.5316  norma=0.875273  lr=1.04e-04
  [batch 12/20] CE=0.3361  norma=0.876257  lr=1.02e-04
  [batch 13/20] CE=0.3616  norma=0.876299  lr=9.97e-05
  [batch 14/20] CE=0.4830  norma=0.874874  lr=9.78e-05
  [batch 15/20] CE=0.3365  norma=0.874367  lr=9.59e-05
  [batch 16/20] CE=0.4103  norma=0.874831  lr=9.40e-05
  [batch 17/20] CE=0.4735  norma=0.873461  lr=9.21e-05
  [batch 18/20] CE=0.5062  norma=0.877906  lr=9.02e-05
  [batch 19/20] CE=0.4906  norma=0.877844  lr=8.83e-05
  [batch 20/20] CE=0.3870  norma=0.875526  lr=8.64e-05
  held-out head CE por entrada: prompt=0.5623  prompt_es=0.8987  prompt_de=0.8067

Epoch 6: CE train (trayectoria)=0.3981  norma=0.875526
  CE head del checkpoint:  train=0.6085   held-out=0.7559   brecha=+0.1474
  held-out CE  head(primeros 5): con parche=0.7559  sin parche=5.4208  delta=-4.6649
               toda la respuesta      : con parche=0.4227  sin parche=1.2734  delta=-0.8507
  * mejor HELD-OUT hasta ahora (head CE 0.7559)
  * mejor TRAIN hasta ahora (head CE 0.6085)
----------------------------------------------------------------------

######################################################################
EPOCH 7/10
######################################################################
  [batch 1/20] CE=0.3653  norma=0.877642  lr=8.45e-05
  [batch 2/20] CE=0.3605  norma=0.879978  lr=8.27e-05
  [batch 3/20] CE=0.3115  norma=0.876369  lr=8.09e-05
  [batch 4/20] CE=0.3327  norma=0.873636  lr=7.90e-05
  [batch 5/20] CE=0.3638  norma=0.875000  lr=7.72e-05
  [batch 6/20] CE=0.4341  norma=0.874136  lr=7.54e-05
  [batch 7/20] CE=0.3891  norma=0.875669  lr=7.36e-05
  [batch 8/20] CE=0.3371  norma=0.874524  lr=7.18e-05
  [batch 9/20] CE=0.4292  norma=0.874826  lr=7.00e-05
  [batch 10/20] CE=0.3614  norma=0.874744  lr=6.83e-05
  [batch 11/20] CE=0.4827  norma=0.872796  lr=6.65e-05
  [batch 12/20] CE=0.3431  norma=0.872981  lr=6.48e-05
  [batch 13/20] CE=0.3998  norma=0.873895  lr=6.31e-05
  [batch 14/20] CE=0.4763  norma=0.872630  lr=6.14e-05
  [batch 15/20] CE=0.3656  norma=0.871806  lr=5.97e-05
  [batch 16/20] CE=0.4505  norma=0.872447  lr=5.80e-05
  [batch 17/20] CE=0.4971  norma=0.871828  lr=5.64e-05
  [batch 18/20] CE=0.5106  norma=0.873324  lr=5.48e-05
  [batch 19/20] CE=0.4995  norma=0.874345  lr=5.31e-05
  [batch 20/20] CE=0.3924  norma=0.873102  lr=5.16e-05
  held-out head CE por entrada: prompt=0.4269  prompt_es=0.9266  prompt_de=0.8765

Epoch 7: CE train (trayectoria)=0.4051  norma=0.873102
  CE head del checkpoint:  train=0.4727   held-out=0.7434   brecha=+0.2706
  held-out CE  head(primeros 5): con parche=0.7434  sin parche=5.4208  delta=-4.6774
               toda la respuesta      : con parche=0.4251  sin parche=1.2734  delta=-0.8483
  * mejor HELD-OUT hasta ahora (head CE 0.7434)
  * mejor TRAIN hasta ahora (head CE 0.4727)
----------------------------------------------------------------------

######################################################################
EPOCH 8/10
######################################################################
  [batch 1/20] CE=0.3575  norma=0.873949  lr=5.00e-05
  [batch 2/20] CE=0.3463  norma=0.874384  lr=4.84e-05
  [batch 3/20] CE=0.3071  norma=0.873221  lr=4.69e-05
  [batch 4/20] CE=0.3241  norma=0.870953  lr=4.53e-05
  [batch 5/20] CE=0.3685  norma=0.871273  lr=4.38e-05
  [batch 6/20] CE=0.4673  norma=0.870363  lr=4.24e-05
  [batch 7/20] CE=0.4089  norma=0.871260  lr=4.09e-05
  [batch 8/20] CE=0.3228  norma=0.871054  lr=3.95e-05
  [batch 9/20] CE=0.3957  norma=0.871887  lr=3.80e-05
  [batch 10/20] CE=0.3800  norma=0.871706  lr=3.66e-05
  [batch 11/20] CE=0.4863  norma=0.870632  lr=3.53e-05
  [batch 12/20] CE=0.3533  norma=0.870729  lr=3.39e-05
  [batch 13/20] CE=0.4287  norma=0.871305  lr=3.26e-05
  [batch 14/20] CE=0.4767  norma=0.871181  lr=3.13e-05
  [batch 15/20] CE=0.3798  norma=0.871135  lr=3.00e-05
  [batch 16/20] CE=0.4617  norma=0.871216  lr=2.87e-05
  [batch 17/20] CE=0.5021  norma=0.870067  lr=2.75e-05
  [batch 18/20] CE=0.4905  norma=0.871860  lr=2.62e-05
  [batch 19/20] CE=0.5181  norma=0.871799  lr=2.51e-05
  [batch 20/20] CE=0.4254  norma=0.871214  lr=2.39e-05
  held-out head CE por entrada: prompt=0.4138  prompt_es=0.8596  prompt_de=0.9442

Epoch 8: CE train (trayectoria)=0.4100  norma=0.871214
  CE head del checkpoint:  train=0.4282   held-out=0.7392   brecha=+0.3110
  held-out CE  head(primeros 5): con parche=0.7392  sin parche=5.4208  delta=-4.6816
               toda la respuesta      : con parche=0.4216  sin parche=1.2734  delta=-0.8518
  * mejor HELD-OUT hasta ahora (head CE 0.7392)
  * mejor TRAIN hasta ahora (head CE 0.4282)
----------------------------------------------------------------------

######################################################################
EPOCH 9/10
######################################################################
  [batch 1/20] CE=0.3677  norma=0.871917  lr=2.27e-05
  [batch 2/20] CE=0.3691  norma=0.872793  lr=2.16e-05
  [batch 3/20] CE=0.3355  norma=0.872416  lr=2.05e-05
  [batch 4/20] CE=0.3426  norma=0.871349  lr=1.95e-05
  [batch 5/20] CE=0.3462  norma=0.871633  lr=1.84e-05
  [batch 6/20] CE=0.4883  norma=0.871130  lr=1.74e-05
  [batch 7/20] CE=0.4244  norma=0.871658  lr=1.64e-05
  [batch 8/20] CE=0.3368  norma=0.872060  lr=1.55e-05
  [batch 9/20] CE=0.3875  norma=0.872399  lr=1.45e-05
  [batch 10/20] CE=0.3836  norma=0.872632  lr=1.36e-05
  [batch 11/20] CE=0.4817  norma=0.871852  lr=1.28e-05
  [batch 12/20] CE=0.3533  norma=0.871657  lr=1.19e-05
  [batch 13/20] CE=0.4517  norma=0.871715  lr=1.11e-05
  [batch 14/20] CE=0.4815  norma=0.872003  lr=1.03e-05
  [batch 15/20] CE=0.3715  norma=0.871554  lr=9.52e-06
  [batch 16/20] CE=0.4749  norma=0.871784  lr=8.78e-06
  [batch 17/20] CE=0.5169  norma=0.871608  lr=8.07e-06
  [batch 18/20] CE=0.5025  norma=0.871920  lr=7.39e-06
  [batch 19/20] CE=0.5262  norma=0.871609  lr=6.74e-06
  [batch 20/20] CE=0.4483  norma=0.871258  lr=6.12e-06
  held-out head CE por entrada: prompt=0.3677  prompt_es=0.7780  prompt_de=0.8721

Epoch 9: CE train (trayectoria)=0.4195  norma=0.871258
  CE head del checkpoint:  train=0.3698   held-out=0.6726   brecha=+0.3028
  held-out CE  head(primeros 5): con parche=0.6726  sin parche=5.4208  delta=-4.7482
               toda la respuesta      : con parche=0.4171  sin parche=1.2734  delta=-0.8563
  * mejor HELD-OUT hasta ahora (head CE 0.6726)
  * mejor TRAIN hasta ahora (head CE 0.3698)
----------------------------------------------------------------------

######################################################################
EPOCH 10/10
######################################################################
  [batch 1/20] CE=0.3698  norma=0.871071  lr=5.53e-06
  [batch 2/20] CE=0.4016  norma=0.871224  lr=4.97e-06
  [batch 3/20] CE=0.3430  norma=0.871401  lr=4.43e-06
  [batch 4/20] CE=0.3402  norma=0.871064  lr=3.93e-06
  [batch 5/20] CE=0.3609  norma=0.871092  lr=3.46e-06
  [batch 6/20] CE=0.5142  norma=0.870919  lr=3.01e-06
  [batch 7/20] CE=0.4199  norma=0.870885  lr=2.60e-06
  [batch 8/20] CE=0.3446  norma=0.871014  lr=2.22e-06
  [batch 9/20] CE=0.4022  norma=0.871066  lr=1.86e-06
  [batch 10/20] CE=0.3763  norma=0.871125  lr=1.54e-06
  [batch 11/20] CE=0.4628  norma=0.871104  lr=1.25e-06
  [batch 12/20] CE=0.3538  norma=0.871086  lr=9.86e-07
  [batch 13/20] CE=0.4698  norma=0.871113  lr=7.55e-07
  [batch 14/20] CE=0.4778  norma=0.871110  lr=5.55e-07
  [batch 15/20] CE=0.3792  norma=0.871078  lr=3.86e-07
  [batch 16/20] CE=0.4663  norma=0.871083  lr=2.47e-07
  [batch 17/20] CE=0.5075  norma=0.871077  lr=1.39e-07
  [batch 18/20] CE=0.5066  norma=0.871083  lr=6.17e-08
  [batch 19/20] CE=0.5166  norma=0.871082  lr=1.54e-08
  [batch 20/20] CE=0.4446  norma=0.871082  lr=0.00e+00
  held-out head CE por entrada: prompt=0.3775  prompt_es=0.7511  prompt_de=0.8306

Epoch 10: CE train (trayectoria)=0.4229  norma=0.871082
  CE head del checkpoint:  train=0.3194   held-out=0.6531   brecha=+0.3337
  held-out CE  head(primeros 5): con parche=0.6531  sin parche=5.4208  delta=-4.7677
               toda la respuesta      : con parche=0.4124  sin parche=1.2734  delta=-0.8609
  * mejor HELD-OUT hasta ahora (head CE 0.6531)
  * mejor TRAIN hasta ahora (head CE 0.3194)
----------------------------------------------------------------------

Guardando el parche de la epoch 10 (head CE 0.6531)

======================================================================
CURVA POR EPOCH (CE del head sobre el checkpoint de esa epoch)
 epoch     train   held-out    brecha     norma
-----------------------------------------------
     1    0.8911     0.8649   -0.0262    0.7981
     2    0.8726     0.8532   -0.0194    0.8740
     3    0.6431     0.7915   +0.1484    0.8843
     4    0.6463     0.8317   +0.1854    0.8916
     5    0.6143     0.7881   +0.1738    0.8801
     6    0.6085     0.7559   +0.1474    0.8755
     7    0.4727     0.7434   +0.2706    0.8731
     8    0.4282     0.7392   +0.3110    0.8712
     9    0.3698     0.6726   +0.3028    0.8713
    10    0.3194     0.6531   +0.3337    0.8711  <- mejor held-out  <- mejor train

  mejor por HELD-OUT: epoch 10 (CE 0.6531)  -> algebra/runs/v8/alg_fr/lang_patch_best_heldout.pt
  mejor por TRAIN   : epoch 10 (CE 0.3194)  -> algebra/runs/v8/alg_fr/lang_patch_best_train.pt

======================================================================
Norma final: 0.871082
  posicion 0: 0.871082

Guardado: algebra/runs/v8/alg_fr/lang_patch.pt
          algebra/runs/v8/alg_fr/lang_metadata.pt

################ train es
Gate de calidad sobre train: 549/588 targets limpios
`torch_dtype` is deprecated! Use `dtype` instead!
Loading checkpoint shards:   0%|          | 0/2 [00:00<?, ?it/s]Loading checkpoint shards:  50%|█████     | 1/2 [00:01<00:01,  1.03s/it]Loading checkpoint shards: 100%|██████████| 2/2 [00:01<00:00,  1.66it/s]Loading checkpoint shards: 100%|██████████| 2/2 [00:01<00:00,  1.50it/s]

Train: 549  |  Held-out: 112  |  validacion: 20
L2: 0.08  |  step_size: 0.00025 (cosine)  |  posiciones: 1  |  anchor: goal_all
  [prompt] parche sobre 15..24 (10 tokens) = ['On', ' which', ' continent', ' is', ' the', ' Amazon', ' rain', 'forest', ' located', '?']
        antes: ['<|end_header_id|>', '\n\n']   despues: ['<|eot_id|>', '<|start_header_id|>']
  [prompt_de] parche sobre 15..28 (14 tokens) = ['Auf', ' wel', 'chem', ' Kont', 'inent', ' liegt', ' der', ' Amazon', 'as', '-', 'Reg', 'en', 'wald', '?']
        antes: ['<|end_header_id|>', '\n\n']   despues: ['<|eot_id|>', '<|start_header_id|>']
  [prompt_fr] parche sobre 15..25 (11 tokens) = ['Sur', ' quel', ' continent', ' se', ' trouve', ' la', ' for', 'êt', ' amazon', 'ienne', '?']
        antes: ['<|end_header_id|>', '\n\n']   despues: ['<|eot_id|>', '<|start_header_id|>']
  largo del goal en train: media 10.3  min 4  max 26  (el mismo v se suma en cada posicion)
Loss: CE sobre los primeros 8 tokens  |  entradas: ['prompt', 'prompt_de', 'prompt_fr']
  prompt: 549/549 filas de train usables
  prompt_de: 549/549 filas de train usables
  prompt_fr: 549/549 filas de train usables
Epochs: 10  |  batch: 28 (20 batches/epoch)  |  steps/batch: 20
Checkpoint: mejor por CE held-out
======================================================================

######################################################################
EPOCH 1/10
######################################################################
  [batch 1/20] CE=3.4889  norma=0.203413  lr=2.50e-04
  [batch 2/20] CE=1.8328  norma=0.332739  lr=2.50e-04
  [batch 3/20] CE=0.6657  norma=0.393768  lr=2.50e-04
  [batch 4/20] CE=0.7332  norma=0.435393  lr=2.50e-04
  [batch 5/20] CE=0.6330  norma=0.480640  lr=2.50e-04
  [batch 6/20] CE=0.6509  norma=0.511777  lr=2.49e-04
  [batch 7/20] CE=0.6168  norma=0.554214  lr=2.49e-04
  [batch 8/20] CE=0.7610  norma=0.585504  lr=2.49e-04
  [batch 9/20] CE=0.7584  norma=0.626510  lr=2.49e-04
  [batch 10/20] CE=0.7647  norma=0.639365  lr=2.48e-04
  [batch 11/20] CE=0.7892  norma=0.666891  lr=2.48e-04
  [batch 12/20] CE=0.5686  norma=0.682306  lr=2.48e-04
  [batch 13/20] CE=0.6744  norma=0.702310  lr=2.47e-04
  [batch 14/20] CE=0.7195  norma=0.701185  lr=2.47e-04
  [batch 15/20] CE=0.6476  norma=0.713543  lr=2.47e-04
  [batch 16/20] CE=0.8680  norma=0.736539  lr=2.46e-04
  [batch 17/20] CE=0.6550  norma=0.754024  lr=2.46e-04
  [batch 18/20] CE=0.8185  norma=0.770718  lr=2.45e-04
  [batch 19/20] CE=0.6692  norma=0.789078  lr=2.45e-04
  [batch 20/20] CE=0.7125  norma=0.810850  lr=2.44e-04
  held-out head CE por entrada: prompt=0.8618  prompt_de=1.2182  prompt_fr=1.2962

Epoch 1: CE train (trayectoria)=0.9014  norma=0.810850
  CE head del checkpoint:  train=0.7939   held-out=1.1254   brecha=+0.3315
  held-out CE  head(primeros 5): con parche=1.1254  sin parche=5.2026  delta=-4.0772
               toda la respuesta      : con parche=0.5536  sin parche=1.5987  delta=-1.0451
  * mejor HELD-OUT hasta ahora (head CE 1.1254)
  * mejor TRAIN hasta ahora (head CE 0.7939)
----------------------------------------------------------------------

######################################################################
EPOCH 2/10
######################################################################
  [batch 1/20] CE=0.5842  norma=0.804605  lr=2.43e-04
  [batch 2/20] CE=0.5933  norma=0.817578  lr=2.43e-04
  [batch 3/20] CE=0.4313  norma=0.823988  lr=2.42e-04
  [batch 4/20] CE=0.5331  norma=0.831808  lr=2.41e-04
  [batch 5/20] CE=0.4788  norma=0.838581  lr=2.41e-04
  [batch 6/20] CE=0.4664  norma=0.846699  lr=2.40e-04
  [batch 7/20] CE=0.4820  norma=0.852032  lr=2.39e-04
  [batch 8/20] CE=0.5858  norma=0.856676  lr=2.38e-04
  [batch 9/20] CE=0.5558  norma=0.874386  lr=2.37e-04
  [batch 10/20] CE=0.6485  norma=0.871740  lr=2.36e-04
  [batch 11/20] CE=0.6211  norma=0.871585  lr=2.36e-04
  [batch 12/20] CE=0.3876  norma=0.872810  lr=2.35e-04
  [batch 13/20] CE=0.5242  norma=0.882671  lr=2.34e-04
  [batch 14/20] CE=0.6198  norma=0.874017  lr=2.33e-04
  [batch 15/20] CE=0.4899  norma=0.877422  lr=2.32e-04
  [batch 16/20] CE=0.7537  norma=0.874905  lr=2.31e-04
  [batch 17/20] CE=0.5588  norma=0.882480  lr=2.30e-04
  [batch 18/20] CE=0.7217  norma=0.884579  lr=2.28e-04
  [batch 19/20] CE=0.6018  norma=0.885148  lr=2.27e-04
  [batch 20/20] CE=0.6012  norma=0.887023  lr=2.26e-04
  held-out head CE por entrada: prompt=0.9853  prompt_de=1.0175  prompt_fr=0.9982

Epoch 2: CE train (trayectoria)=0.5619  norma=0.887023
  CE head del checkpoint:  train=0.7576   held-out=1.0003   brecha=+0.2428
  held-out CE  head(primeros 5): con parche=1.0003  sin parche=5.2026  delta=-4.2022
               toda la respuesta      : con parche=0.5116  sin parche=1.5987  delta=-1.0871
  * mejor HELD-OUT hasta ahora (head CE 1.0003)
  * mejor TRAIN hasta ahora (head CE 0.7576)
----------------------------------------------------------------------

######################################################################
EPOCH 3/10
######################################################################
  [batch 1/20] CE=0.5425  norma=0.881401  lr=2.25e-04
  [batch 2/20] CE=0.4880  norma=0.886548  lr=2.24e-04
  [batch 3/20] CE=0.3485  norma=0.885736  lr=2.23e-04
  [batch 4/20] CE=0.4459  norma=0.883003  lr=2.21e-04
  [batch 5/20] CE=0.4158  norma=0.885042  lr=2.20e-04
  [batch 6/20] CE=0.3907  norma=0.888417  lr=2.19e-04
  [batch 7/20] CE=0.3828  norma=0.890191  lr=2.18e-04
  [batch 8/20] CE=0.4819  norma=0.886375  lr=2.16e-04
  [batch 9/20] CE=0.4492  norma=0.893360  lr=2.15e-04
  [batch 10/20] CE=0.5562  norma=0.897208  lr=2.13e-04
  [batch 11/20] CE=0.5935  norma=0.900283  lr=2.12e-04
  [batch 12/20] CE=0.3056  norma=0.899396  lr=2.11e-04
  [batch 13/20] CE=0.4681  norma=0.896897  lr=2.09e-04
  [batch 14/20] CE=0.6003  norma=0.892432  lr=2.08e-04
  [batch 15/20] CE=0.4031  norma=0.889435  lr=2.06e-04
  [batch 16/20] CE=0.6030  norma=0.896803  lr=2.05e-04
  [batch 17/20] CE=0.5088  norma=0.901572  lr=2.03e-04
  [batch 18/20] CE=0.6133  norma=0.903666  lr=2.02e-04
  [batch 19/20] CE=0.4486  norma=0.903558  lr=2.00e-04
  [batch 20/20] CE=0.5051  norma=0.911090  lr=1.99e-04
  held-out head CE por entrada: prompt=0.6492  prompt_de=0.9655  prompt_fr=1.0377

Epoch 3: CE train (trayectoria)=0.4775  norma=0.911090
  CE head del checkpoint:  train=0.7725   held-out=0.8841   brecha=+0.1116
  held-out CE  head(primeros 5): con parche=0.8841  sin parche=5.2026  delta=-4.3184
               toda la respuesta      : con parche=0.4619  sin parche=1.5987  delta=-1.1367
  * mejor HELD-OUT hasta ahora (head CE 0.8841)
----------------------------------------------------------------------

######################################################################
EPOCH 4/10
######################################################################
  [batch 1/20] CE=0.4855  norma=0.906263  lr=1.97e-04
  [batch 2/20] CE=0.4424  norma=0.909932  lr=1.95e-04
  [batch 3/20] CE=0.3175  norma=0.904868  lr=1.94e-04
  [batch 4/20] CE=0.3920  norma=0.902244  lr=1.92e-04
  [batch 5/20] CE=0.4081  norma=0.893721  lr=1.90e-04
  [batch 6/20] CE=0.4029  norma=0.894135  lr=1.89e-04
  [batch 7/20] CE=0.3110  norma=0.898953  lr=1.87e-04
  [batch 8/20] CE=0.4135  norma=0.900680  lr=1.85e-04
  [batch 9/20] CE=0.3984  norma=0.907702  lr=1.84e-04
  [batch 10/20] CE=0.4669  norma=0.911283  lr=1.82e-04
  [batch 11/20] CE=0.5479  norma=0.908619  lr=1.80e-04
  [batch 12/20] CE=0.2854  norma=0.905429  lr=1.78e-04
  [batch 13/20] CE=0.4292  norma=0.906636  lr=1.76e-04
  [batch 14/20] CE=0.5674  norma=0.905007  lr=1.75e-04
  [batch 15/20] CE=0.3416  norma=0.904706  lr=1.73e-04
  [batch 16/20] CE=0.5730  norma=0.906743  lr=1.71e-04
  [batch 17/20] CE=0.4586  norma=0.906869  lr=1.69e-04
  [batch 18/20] CE=0.5389  norma=0.906886  lr=1.67e-04
  [batch 19/20] CE=0.4252  norma=0.903759  lr=1.66e-04
  [batch 20/20] CE=0.4368  norma=0.902234  lr=1.64e-04
  held-out head CE por entrada: prompt=1.0658  prompt_de=1.1046  prompt_fr=1.0515

Epoch 4: CE train (trayectoria)=0.4321  norma=0.902234
  CE head del checkpoint:  train=0.9236   held-out=1.0739   brecha=+0.1504
  held-out CE  head(primeros 5): con parche=1.0739  sin parche=5.2026  delta=-4.1286
               toda la respuesta      : con parche=0.5517  sin parche=1.5987  delta=-1.0470
----------------------------------------------------------------------

######################################################################
EPOCH 5/10
######################################################################
  [batch 1/20] CE=0.4428  norma=0.899346  lr=1.62e-04
  [batch 2/20] CE=0.4377  norma=0.899431  lr=1.60e-04
  [batch 3/20] CE=0.3281  norma=0.896369  lr=1.58e-04
  [batch 4/20] CE=0.3790  norma=0.898483  lr=1.56e-04
  [batch 5/20] CE=0.4449  norma=0.895380  lr=1.54e-04
  [batch 6/20] CE=0.4085  norma=0.897221  lr=1.52e-04
  [batch 7/20] CE=0.3059  norma=0.898896  lr=1.50e-04
  [batch 8/20] CE=0.4098  norma=0.902811  lr=1.48e-04
  [batch 9/20] CE=0.3983  norma=0.903069  lr=1.47e-04
  [batch 10/20] CE=0.4448  norma=0.901943  lr=1.45e-04
  [batch 11/20] CE=0.4766  norma=0.904295  lr=1.43e-04
  [batch 12/20] CE=0.2608  norma=0.903709  lr=1.41e-04
  [batch 13/20] CE=0.4009  norma=0.903324  lr=1.39e-04
  [batch 14/20] CE=0.5460  norma=0.900844  lr=1.37e-04
  [batch 15/20] CE=0.3024  norma=0.900381  lr=1.35e-04
  [batch 16/20] CE=0.5625  norma=0.903044  lr=1.33e-04
  [batch 17/20] CE=0.4861  norma=0.903533  lr=1.31e-04
  [batch 18/20] CE=0.5468  norma=0.906478  lr=1.29e-04
  [batch 19/20] CE=0.4194  norma=0.905884  lr=1.27e-04
  [batch 20/20] CE=0.4377  norma=0.905914  lr=1.25e-04
  held-out head CE por entrada: prompt=0.9188  prompt_de=1.0445  prompt_fr=1.0383

Epoch 5: CE train (trayectoria)=0.4219  norma=0.905914
  CE head del checkpoint:  train=0.7298   held-out=1.0005   brecha=+0.2707
  held-out CE  head(primeros 5): con parche=1.0005  sin parche=5.2026  delta=-4.2021
               toda la respuesta      : con parche=0.5203  sin parche=1.5987  delta=-1.0784
  * mejor TRAIN hasta ahora (head CE 0.7298)
----------------------------------------------------------------------

######################################################################
EPOCH 6/10
######################################################################
  [batch 1/20] CE=0.3869  norma=0.903652  lr=1.23e-04
  [batch 2/20] CE=0.4453  norma=0.900988  lr=1.21e-04
  [batch 3/20] CE=0.3095  norma=0.898147  lr=1.19e-04
  [batch 4/20] CE=0.3291  norma=0.900055  lr=1.17e-04
  [batch 5/20] CE=0.4204  norma=0.898175  lr=1.15e-04
  [batch 6/20] CE=0.3533  norma=0.898360  lr=1.13e-04
  [batch 7/20] CE=0.2846  norma=0.900966  lr=1.11e-04
  [batch 8/20] CE=0.4084  norma=0.901710  lr=1.09e-04
  [batch 9/20] CE=0.3709  norma=0.902764  lr=1.07e-04
  [batch 10/20] CE=0.4433  norma=0.904940  lr=1.05e-04
  [batch 11/20] CE=0.4853  norma=0.903458  lr=1.04e-04
  [batch 12/20] CE=0.2426  norma=0.904664  lr=1.02e-04
  [batch 13/20] CE=0.4187  norma=0.907682  lr=9.97e-05
  [batch 14/20] CE=0.5386  norma=0.904774  lr=9.78e-05
  [batch 15/20] CE=0.3120  norma=0.903846  lr=9.59e-05
  [batch 16/20] CE=0.5745  norma=0.905630  lr=9.40e-05
  [batch 17/20] CE=0.4351  norma=0.905249  lr=9.21e-05
  [batch 18/20] CE=0.5341  norma=0.905547  lr=9.02e-05
  [batch 19/20] CE=0.4295  norma=0.904341  lr=8.83e-05
  [batch 20/20] CE=0.4504  norma=0.905321  lr=8.64e-05
  held-out head CE por entrada: prompt=0.7300  prompt_de=0.8749  prompt_fr=0.9416

Epoch 6: CE train (trayectoria)=0.4086  norma=0.905321
  CE head del checkpoint:  train=0.6413   held-out=0.8488   brecha=+0.2076
  held-out CE  head(primeros 5): con parche=0.8488  sin parche=5.2026  delta=-4.3537
               toda la respuesta      : con parche=0.4916  sin parche=1.5987  delta=-1.1070
  * mejor HELD-OUT hasta ahora (head CE 0.8488)
  * mejor TRAIN hasta ahora (head CE 0.6413)
----------------------------------------------------------------------

######################################################################
EPOCH 7/10
######################################################################
  [batch 1/20] CE=0.3933  norma=0.902713  lr=8.45e-05
  [batch 2/20] CE=0.4195  norma=0.902681  lr=8.27e-05
  [batch 3/20] CE=0.3171  norma=0.901882  lr=8.09e-05
  [batch 4/20] CE=0.3493  norma=0.903932  lr=7.90e-05
  [batch 5/20] CE=0.4369  norma=0.901723  lr=7.72e-05
  [batch 6/20] CE=0.3548  norma=0.901620  lr=7.54e-05
  [batch 7/20] CE=0.3203  norma=0.901401  lr=7.36e-05
  [batch 8/20] CE=0.4274  norma=0.902600  lr=7.18e-05
  [batch 9/20] CE=0.3943  norma=0.904586  lr=7.00e-05
  [batch 10/20] CE=0.4113  norma=0.905450  lr=6.83e-05
  [batch 11/20] CE=0.5140  norma=0.905583  lr=6.65e-05
  [batch 12/20] CE=0.2460  norma=0.906034  lr=6.48e-05
  [batch 13/20] CE=0.4376  norma=0.908506  lr=6.31e-05
  [batch 14/20] CE=0.5249  norma=0.906418  lr=6.14e-05
  [batch 15/20] CE=0.3149  norma=0.905217  lr=5.97e-05
  [batch 16/20] CE=0.5851  norma=0.904376  lr=5.80e-05
  [batch 17/20] CE=0.4530  norma=0.904300  lr=5.64e-05
  [batch 18/20] CE=0.4943  norma=0.903749  lr=5.48e-05
  [batch 19/20] CE=0.4570  norma=0.903286  lr=5.31e-05
  [batch 20/20] CE=0.4532  norma=0.904336  lr=5.16e-05
  held-out head CE por entrada: prompt=0.7175  prompt_de=0.9009  prompt_fr=0.9742

Epoch 7: CE train (trayectoria)=0.4152  norma=0.904336
  CE head del checkpoint:  train=0.5315   held-out=0.8642   brecha=+0.3327
  held-out CE  head(primeros 5): con parche=0.8642  sin parche=5.2026  delta=-4.3384
               toda la respuesta      : con parche=0.5053  sin parche=1.5987  delta=-1.0933
  * mejor TRAIN hasta ahora (head CE 0.5315)
----------------------------------------------------------------------

######################################################################
EPOCH 8/10
######################################################################
  [batch 1/20] CE=0.3889  norma=0.902304  lr=5.00e-05
  [batch 2/20] CE=0.4511  norma=0.902700  lr=4.84e-05
  [batch 3/20] CE=0.3225  norma=0.900735  lr=4.69e-05
  [batch 4/20] CE=0.3714  norma=0.901468  lr=4.53e-05
  [batch 5/20] CE=0.4192  norma=0.900164  lr=4.38e-05
  [batch 6/20] CE=0.3726  norma=0.900364  lr=4.24e-05
  [batch 7/20] CE=0.3197  norma=0.900396  lr=4.09e-05
  [batch 8/20] CE=0.4294  norma=0.901621  lr=3.95e-05
  [batch 9/20] CE=0.4261  norma=0.902790  lr=3.80e-05
  [batch 10/20] CE=0.4131  norma=0.902485  lr=3.66e-05
  [batch 11/20] CE=0.4817  norma=0.903174  lr=3.53e-05
  [batch 12/20] CE=0.2612  norma=0.904189  lr=3.39e-05
  [batch 13/20] CE=0.4546  norma=0.903984  lr=3.26e-05
  [batch 14/20] CE=0.5079  norma=0.903746  lr=3.13e-05
  [batch 15/20] CE=0.3152  norma=0.903286  lr=3.00e-05
  [batch 16/20] CE=0.6051  norma=0.903468  lr=2.87e-05
  [batch 17/20] CE=0.4253  norma=0.903814  lr=2.75e-05
  [batch 18/20] CE=0.5007  norma=0.903161  lr=2.62e-05
  [batch 19/20] CE=0.4309  norma=0.902351  lr=2.51e-05
  [batch 20/20] CE=0.4861  norma=0.902887  lr=2.39e-05
  held-out head CE por entrada: prompt=0.6369  prompt_de=0.8487  prompt_fr=0.9838

Epoch 8: CE train (trayectoria)=0.4191  norma=0.902887
  CE head del checkpoint:  train=0.4423   held-out=0.8231   brecha=+0.3808
  held-out CE  head(primeros 5): con parche=0.8231  sin parche=5.2026  delta=-4.3794
               toda la respuesta      : con parche=0.4857  sin parche=1.5987  delta=-1.1130
  * mejor HELD-OUT hasta ahora (head CE 0.8231)
  * mejor TRAIN hasta ahora (head CE 0.4423)
----------------------------------------------------------------------

######################################################################
EPOCH 9/10
######################################################################
  [batch 1/20] CE=0.3906  norma=0.901573  lr=2.27e-05
  [batch 2/20] CE=0.4529  norma=0.901561  lr=2.16e-05
  [batch 3/20] CE=0.3320  norma=0.900945  lr=2.05e-05
  [batch 4/20] CE=0.3822  norma=0.900911  lr=1.95e-05
  [batch 5/20] CE=0.4187  norma=0.900048  lr=1.84e-05
  [batch 6/20] CE=0.3814  norma=0.899463  lr=1.74e-05
  [batch 7/20] CE=0.3281  norma=0.899096  lr=1.64e-05
  [batch 8/20] CE=0.4487  norma=0.899818  lr=1.55e-05
  [batch 9/20] CE=0.4352  norma=0.900133  lr=1.45e-05
  [batch 10/20] CE=0.4211  norma=0.900580  lr=1.36e-05
  [batch 11/20] CE=0.4858  norma=0.900468  lr=1.28e-05
  [batch 12/20] CE=0.2736  norma=0.900837  lr=1.19e-05
  [batch 13/20] CE=0.5042  norma=0.900847  lr=1.11e-05
  [batch 14/20] CE=0.5364  norma=0.900784  lr=1.03e-05
  [batch 15/20] CE=0.3158  norma=0.901032  lr=9.52e-06
  [batch 16/20] CE=0.6196  norma=0.901180  lr=8.78e-06
  [batch 17/20] CE=0.4282  norma=0.901671  lr=8.07e-06
  [batch 18/20] CE=0.4868  norma=0.901699  lr=7.39e-06
  [batch 19/20] CE=0.4486  norma=0.901621  lr=6.74e-06
  [batch 20/20] CE=0.5220  norma=0.901714  lr=6.12e-06
  held-out head CE por entrada: prompt=0.5784  prompt_de=0.8124  prompt_fr=1.0004

Epoch 9: CE train (trayectoria)=0.4306  norma=0.901714
  CE head del checkpoint:  train=0.3963   held-out=0.7971   brecha=+0.4008
  held-out CE  head(primeros 5): con parche=0.7971  sin parche=5.2026  delta=-4.4055
               toda la respuesta      : con parche=0.4647  sin parche=1.5987  delta=-1.1339
  * mejor HELD-OUT hasta ahora (head CE 0.7971)
  * mejor TRAIN hasta ahora (head CE 0.3963)
----------------------------------------------------------------------

######################################################################
EPOCH 10/10
######################################################################
  [batch 1/20] CE=0.4023  norma=0.901295  lr=5.53e-06
  [batch 2/20] CE=0.4377  norma=0.901201  lr=4.97e-06
  [batch 3/20] CE=0.3288  norma=0.901001  lr=4.43e-06
  [batch 4/20] CE=0.3848  norma=0.900969  lr=3.93e-06
  [batch 5/20] CE=0.4295  norma=0.900758  lr=3.46e-06
  [batch 6/20] CE=0.3952  norma=0.900534  lr=3.01e-06
  [batch 7/20] CE=0.3380  norma=0.900347  lr=2.60e-06
  [batch 8/20] CE=0.4214  norma=0.900403  lr=2.22e-06
  [batch 9/20] CE=0.4594  norma=0.900528  lr=1.86e-06
  [batch 10/20] CE=0.4405  norma=0.900624  lr=1.54e-06
  [batch 11/20] CE=0.4746  norma=0.900622  lr=1.25e-06
  [batch 12/20] CE=0.2875  norma=0.900691  lr=9.86e-07
  [batch 13/20] CE=0.4978  norma=0.900687  lr=7.55e-07
  [batch 14/20] CE=0.5229  norma=0.900679  lr=5.55e-07
  [batch 15/20] CE=0.3091  norma=0.900682  lr=3.86e-07
  [batch 16/20] CE=0.6271  norma=0.900690  lr=2.47e-07
  [batch 17/20] CE=0.4258  norma=0.900699  lr=1.39e-07
  [batch 18/20] CE=0.4829  norma=0.900705  lr=6.17e-08
  [batch 19/20] CE=0.4419  norma=0.900705  lr=1.54e-08
  [batch 20/20] CE=0.5037  norma=0.900706  lr=0.00e+00
  held-out head CE por entrada: prompt=0.5692  prompt_de=0.8118  prompt_fr=1.0012

Epoch 10: CE train (trayectoria)=0.4305  norma=0.900706
  CE head del checkpoint:  train=0.3789   held-out=0.7941   brecha=+0.4152
  held-out CE  head(primeros 5): con parche=0.7941  sin parche=5.2026  delta=-4.4085
               toda la respuesta      : con parche=0.4587  sin parche=1.5987  delta=-1.1399
  * mejor HELD-OUT hasta ahora (head CE 0.7941)
  * mejor TRAIN hasta ahora (head CE 0.3789)
----------------------------------------------------------------------

Guardando el parche de la epoch 10 (head CE 0.7941)

======================================================================
CURVA POR EPOCH (CE del head sobre el checkpoint de esa epoch)
 epoch     train   held-out    brecha     norma
-----------------------------------------------
     1    0.7939     1.1254   +0.3315    0.8109
     2    0.7576     1.0003   +0.2428    0.8870
     3    0.7725     0.8841   +0.1116    0.9111
     4    0.9236     1.0739   +0.1504    0.9022
     5    0.7298     1.0005   +0.2707    0.9059
     6    0.6413     0.8488   +0.2076    0.9053
     7    0.5315     0.8642   +0.3327    0.9043
     8    0.4423     0.8231   +0.3808    0.9029
     9    0.3963     0.7971   +0.4008    0.9017
    10    0.3789     0.7941   +0.4152    0.9007  <- mejor held-out  <- mejor train

  mejor por HELD-OUT: epoch 10 (CE 0.7941)  -> algebra/runs/v8/alg_es/lang_patch_best_heldout.pt
  mejor por TRAIN   : epoch 10 (CE 0.3789)  -> algebra/runs/v8/alg_es/lang_patch_best_train.pt

======================================================================
Norma final: 0.900706
  posicion 0: 0.900706

Guardado: algebra/runs/v8/alg_es/lang_patch.pt
          algebra/runs/v8/alg_es/lang_metadata.pt

################ train de
Gate de calidad sobre train: 549/588 targets limpios
`torch_dtype` is deprecated! Use `dtype` instead!
Loading checkpoint shards:   0%|          | 0/2 [00:00<?, ?it/s]Loading checkpoint shards:  50%|█████     | 1/2 [00:01<00:01,  1.01s/it]Loading checkpoint shards: 100%|██████████| 2/2 [00:01<00:00,  1.67it/s]Loading checkpoint shards: 100%|██████████| 2/2 [00:01<00:00,  1.52it/s]

Train: 549  |  Held-out: 112  |  validacion: 20
L2: 0.08  |  step_size: 0.00025 (cosine)  |  posiciones: 1  |  anchor: goal_all
  [prompt] parche sobre 15..24 (10 tokens) = ['On', ' which', ' continent', ' is', ' the', ' Amazon', ' rain', 'forest', ' located', '?']
        antes: ['<|end_header_id|>', '\n\n']   despues: ['<|eot_id|>', '<|start_header_id|>']
  [prompt_es] parche sobre 15..28 (14 tokens) = ['¿', 'En', ' qué', ' contin', 'ente', ' se', ' encuentra', ' la', ' sel', 'va', ' am', 'az', 'ónica', '?']
        antes: ['<|end_header_id|>', '\n\n']   despues: ['<|eot_id|>', '<|start_header_id|>']
  [prompt_fr] parche sobre 15..25 (11 tokens) = ['Sur', ' quel', ' continent', ' se', ' trouve', ' la', ' for', 'êt', ' amazon', 'ienne', '?']
        antes: ['<|end_header_id|>', '\n\n']   despues: ['<|eot_id|>', '<|start_header_id|>']
  largo del goal en train: media 10.6  min 4  max 26  (el mismo v se suma en cada posicion)
Loss: CE sobre los primeros 8 tokens  |  entradas: ['prompt', 'prompt_es', 'prompt_fr']
  prompt: 549/549 filas de train usables
  prompt_es: 549/549 filas de train usables
  prompt_fr: 549/549 filas de train usables
Epochs: 10  |  batch: 28 (20 batches/epoch)  |  steps/batch: 20
Checkpoint: mejor por CE held-out
======================================================================

######################################################################
EPOCH 1/10
######################################################################
  [batch 1/20] CE=3.2055  norma=0.218502  lr=2.50e-04
  [batch 2/20] CE=2.1619  norma=0.347447  lr=2.50e-04
  [batch 3/20] CE=0.7303  norma=0.389460  lr=2.50e-04
  [batch 4/20] CE=0.6771  norma=0.423676  lr=2.50e-04
  [batch 5/20] CE=0.6015  norma=0.464132  lr=2.50e-04
  [batch 6/20] CE=0.6824  norma=0.497685  lr=2.49e-04
  [batch 7/20] CE=0.7488  norma=0.530090  lr=2.49e-04
  [batch 8/20] CE=0.5389  norma=0.560142  lr=2.49e-04
  [batch 9/20] CE=0.6625  norma=0.590727  lr=2.49e-04
  [batch 10/20] CE=0.8052  norma=0.609006  lr=2.48e-04
  [batch 11/20] CE=0.7243  norma=0.629817  lr=2.48e-04
  [batch 12/20] CE=0.7170  norma=0.653382  lr=2.48e-04
  [batch 13/20] CE=0.6022  norma=0.672492  lr=2.47e-04
  [batch 14/20] CE=0.6566  norma=0.701686  lr=2.47e-04
  [batch 15/20] CE=0.6455  norma=0.713686  lr=2.47e-04
  [batch 16/20] CE=0.7563  norma=0.715611  lr=2.46e-04
  [batch 17/20] CE=0.6539  norma=0.719220  lr=2.46e-04
  [batch 18/20] CE=0.5951  norma=0.722790  lr=2.45e-04
  [batch 19/20] CE=0.6802  norma=0.746813  lr=2.45e-04
  [batch 20/20] CE=0.7199  norma=0.769103  lr=2.44e-04
  held-out head CE por entrada: prompt=0.7672  prompt_es=1.3516  prompt_fr=1.4114

Epoch 1: CE train (trayectoria)=0.8783  norma=0.769103
  CE head del checkpoint:  train=0.7653   held-out=1.1767   brecha=+0.4115
  held-out CE  head(primeros 5): con parche=1.1767  sin parche=5.7094  delta=-4.5327
               toda la respuesta      : con parche=0.5210  sin parche=1.2737  delta=-0.7527
  * mejor HELD-OUT hasta ahora (head CE 1.1767)
  * mejor TRAIN hasta ahora (head CE 0.7653)
----------------------------------------------------------------------

######################################################################
EPOCH 2/10
######################################################################
  [batch 1/20] CE=0.5141  norma=0.777881  lr=2.43e-04
  [batch 2/20] CE=0.5849  norma=0.792025  lr=2.43e-04
  [batch 3/20] CE=0.5172  norma=0.798643  lr=2.42e-04
  [batch 4/20] CE=0.4837  norma=0.802976  lr=2.41e-04
  [batch 5/20] CE=0.4794  norma=0.804858  lr=2.41e-04
  [batch 6/20] CE=0.5697  norma=0.810168  lr=2.40e-04
  [batch 7/20] CE=0.6095  norma=0.823208  lr=2.39e-04
  [batch 8/20] CE=0.4536  norma=0.822451  lr=2.38e-04
  [batch 9/20] CE=0.5330  norma=0.827768  lr=2.37e-04
  [batch 10/20] CE=0.7039  norma=0.829266  lr=2.36e-04
  [batch 11/20] CE=0.6326  norma=0.825532  lr=2.36e-04
  [batch 12/20] CE=0.6165  norma=0.827670  lr=2.35e-04
  [batch 13/20] CE=0.4617  norma=0.841481  lr=2.34e-04
  [batch 14/20] CE=0.5695  norma=0.846247  lr=2.33e-04
  [batch 15/20] CE=0.5819  norma=0.840681  lr=2.32e-04
  [batch 16/20] CE=0.6672  norma=0.840111  lr=2.31e-04
  [batch 17/20] CE=0.6011  norma=0.838034  lr=2.30e-04
  [batch 18/20] CE=0.5152  norma=0.842397  lr=2.28e-04
  [batch 19/20] CE=0.5661  norma=0.854541  lr=2.27e-04
  [batch 20/20] CE=0.6390  norma=0.862422  lr=2.26e-04
  held-out head CE por entrada: prompt=0.7042  prompt_es=1.2020  prompt_fr=1.1493

Epoch 2: CE train (trayectoria)=0.5650  norma=0.862422
  CE head del checkpoint:  train=0.6261   held-out=1.0185   brecha=+0.3924
  held-out CE  head(primeros 5): con parche=1.0185  sin parche=5.7094  delta=-4.6909
               toda la respuesta      : con parche=0.5074  sin parche=1.2737  delta=-0.7663
  * mejor HELD-OUT hasta ahora (head CE 1.0185)
  * mejor TRAIN hasta ahora (head CE 0.6261)
----------------------------------------------------------------------

######################################################################
EPOCH 3/10
######################################################################
  [batch 1/20] CE=0.4414  norma=0.868469  lr=2.25e-04
  [batch 2/20] CE=0.5007  norma=0.879702  lr=2.24e-04
  [batch 3/20] CE=0.5198  norma=0.868171  lr=2.23e-04
  [batch 4/20] CE=0.4543  norma=0.871248  lr=2.21e-04
  [batch 5/20] CE=0.4383  norma=0.877666  lr=2.20e-04
  [batch 6/20] CE=0.5337  norma=0.879343  lr=2.19e-04
  [batch 7/20] CE=0.6025  norma=0.880393  lr=2.18e-04
  [batch 8/20] CE=0.3993  norma=0.878505  lr=2.16e-04
  [batch 9/20] CE=0.4914  norma=0.880119  lr=2.15e-04
  [batch 10/20] CE=0.6612  norma=0.879854  lr=2.13e-04
  [batch 11/20] CE=0.5667  norma=0.881925  lr=2.12e-04
  [batch 12/20] CE=0.6050  norma=0.887293  lr=2.11e-04
  [batch 13/20] CE=0.4488  norma=0.899603  lr=2.09e-04
  [batch 14/20] CE=0.5149  norma=0.906778  lr=2.08e-04
  [batch 15/20] CE=0.5615  norma=0.902688  lr=2.06e-04
  [batch 16/20] CE=0.6154  norma=0.895933  lr=2.05e-04
  [batch 17/20] CE=0.5780  norma=0.894458  lr=2.03e-04
  [batch 18/20] CE=0.5274  norma=0.896372  lr=2.02e-04
  [batch 19/20] CE=0.5543  norma=0.897667  lr=2.00e-04
  [batch 20/20] CE=0.6132  norma=0.901187  lr=1.99e-04
  held-out head CE por entrada: prompt=0.6850  prompt_es=1.3097  prompt_fr=1.0947

Epoch 3: CE train (trayectoria)=0.5314  norma=0.901187
  CE head del checkpoint:  train=0.5741   held-out=1.0298   brecha=+0.4558
  held-out CE  head(primeros 5): con parche=1.0298  sin parche=5.7094  delta=-4.6796
               toda la respuesta      : con parche=0.5051  sin parche=1.2737  delta=-0.7686
  * mejor TRAIN hasta ahora (head CE 0.5741)
----------------------------------------------------------------------

######################################################################
EPOCH 4/10
######################################################################
  [batch 1/20] CE=0.4085  norma=0.912206  lr=1.97e-04
  [batch 2/20] CE=0.4737  norma=0.910592  lr=1.95e-04
  [batch 3/20] CE=0.4974  norma=0.903908  lr=1.94e-04
  [batch 4/20] CE=0.3890  norma=0.903524  lr=1.92e-04
  [batch 5/20] CE=0.4126  norma=0.909187  lr=1.90e-04
  [batch 6/20] CE=0.4844  norma=0.913793  lr=1.89e-04
  [batch 7/20] CE=0.5525  norma=0.920410  lr=1.87e-04
  [batch 8/20] CE=0.4017  norma=0.912399  lr=1.85e-04
  [batch 9/20] CE=0.4907  norma=0.912510  lr=1.84e-04
  [batch 10/20] CE=0.6211  norma=0.905094  lr=1.82e-04
  [batch 11/20] CE=0.5864  norma=0.907581  lr=1.80e-04
  [batch 12/20] CE=0.5405  norma=0.914722  lr=1.78e-04
  [batch 13/20] CE=0.4349  norma=0.921975  lr=1.76e-04
  [batch 14/20] CE=0.5001  norma=0.922666  lr=1.75e-04
  [batch 15/20] CE=0.5358  norma=0.927933  lr=1.73e-04
  [batch 16/20] CE=0.5979  norma=0.919075  lr=1.71e-04
  [batch 17/20] CE=0.5510  norma=0.918320  lr=1.69e-04
  [batch 18/20] CE=0.4964  norma=0.916903  lr=1.67e-04
  [batch 19/20] CE=0.5220  norma=0.922294  lr=1.66e-04
  [batch 20/20] CE=0.5884  norma=0.923074  lr=1.64e-04
  held-out head CE por entrada: prompt=0.7317  prompt_es=1.3487  prompt_fr=1.2580

Epoch 4: CE train (trayectoria)=0.5043  norma=0.923074
  CE head del checkpoint:  train=0.5436   held-out=1.1128   brecha=+0.5692
  held-out CE  head(primeros 5): con parche=1.1128  sin parche=5.7094  delta=-4.5966
               toda la respuesta      : con parche=0.5150  sin parche=1.2737  delta=-0.7587
  * mejor TRAIN hasta ahora (head CE 0.5436)
----------------------------------------------------------------------

######################################################################
EPOCH 5/10
######################################################################
  [batch 1/20] CE=0.4221  norma=0.927816  lr=1.62e-04
  [batch 2/20] CE=0.4560  norma=0.931544  lr=1.60e-04
  [batch 3/20] CE=0.5110  norma=0.925691  lr=1.58e-04
  [batch 4/20] CE=0.3939  norma=0.926946  lr=1.56e-04
  [batch 5/20] CE=0.3873  norma=0.937977  lr=1.54e-04
  [batch 6/20] CE=0.4831  norma=0.941495  lr=1.52e-04
  [batch 7/20] CE=0.5856  norma=0.945576  lr=1.50e-04
  [batch 8/20] CE=0.4004  norma=0.943605  lr=1.48e-04
  [batch 9/20] CE=0.4749  norma=0.946038  lr=1.47e-04
  [batch 10/20] CE=0.6035  norma=0.943354  lr=1.45e-04
  [batch 11/20] CE=0.5667  norma=0.943107  lr=1.43e-04
  [batch 12/20] CE=0.5639  norma=0.944976  lr=1.41e-04
  [batch 13/20] CE=0.4668  norma=0.944753  lr=1.39e-04
  [batch 14/20] CE=0.4907  norma=0.949037  lr=1.37e-04
  [batch 15/20] CE=0.5151  norma=0.950746  lr=1.35e-04
  [batch 16/20] CE=0.6137  norma=0.943650  lr=1.33e-04
  [batch 17/20] CE=0.5547  norma=0.940879  lr=1.31e-04
  [batch 18/20] CE=0.4796  norma=0.939812  lr=1.29e-04
  [batch 19/20] CE=0.5084  norma=0.944591  lr=1.27e-04
  [batch 20/20] CE=0.5804  norma=0.946153  lr=1.25e-04
  held-out head CE por entrada: prompt=0.7517  prompt_es=1.4490  prompt_fr=1.3405

Epoch 5: CE train (trayectoria)=0.5029  norma=0.946153
  CE head del checkpoint:  train=0.5132   held-out=1.1804   brecha=+0.6672
  held-out CE  head(primeros 5): con parche=1.1804  sin parche=5.7094  delta=-4.5290
               toda la respuesta      : con parche=0.5192  sin parche=1.2737  delta=-0.7546
  * mejor TRAIN hasta ahora (head CE 0.5132)
----------------------------------------------------------------------

######################################################################
EPOCH 6/10
######################################################################
  [batch 1/20] CE=0.4197  norma=0.949886  lr=1.23e-04
  [batch 2/20] CE=0.4573  norma=0.950452  lr=1.21e-04
  [batch 3/20] CE=0.4870  norma=0.946690  lr=1.19e-04
  [batch 4/20] CE=0.3993  norma=0.948186  lr=1.17e-04
  [batch 5/20] CE=0.3718  norma=0.954790  lr=1.15e-04
  [batch 6/20] CE=0.4737  norma=0.956753  lr=1.13e-04
  [batch 7/20] CE=0.5662  norma=0.959492  lr=1.11e-04
  [batch 8/20] CE=0.3999  norma=0.958085  lr=1.09e-04
  [batch 9/20] CE=0.4762  norma=0.959284  lr=1.07e-04
  [batch 10/20] CE=0.6057  norma=0.956462  lr=1.05e-04
  [batch 11/20] CE=0.5813  norma=0.954575  lr=1.04e-04
  [batch 12/20] CE=0.5716  norma=0.956976  lr=1.02e-04
  [batch 13/20] CE=0.4876  norma=0.955029  lr=9.97e-05
  [batch 14/20] CE=0.4900  norma=0.958480  lr=9.78e-05
  [batch 15/20] CE=0.5183  norma=0.958188  lr=9.59e-05
  [batch 16/20] CE=0.6147  norma=0.952253  lr=9.40e-05
  [batch 17/20] CE=0.5461  norma=0.952029  lr=9.21e-05
  [batch 18/20] CE=0.4850  norma=0.948890  lr=9.02e-05
  [batch 19/20] CE=0.5129  norma=0.952408  lr=8.83e-05
  [batch 20/20] CE=0.5745  norma=0.952431  lr=8.64e-05
  held-out head CE por entrada: prompt=0.7394  prompt_es=1.3527  prompt_fr=1.2876

Epoch 6: CE train (trayectoria)=0.5019  norma=0.952431
  CE head del checkpoint:  train=0.4753   held-out=1.1266   brecha=+0.6513
  held-out CE  head(primeros 5): con parche=1.1266  sin parche=5.7094  delta=-4.5828
               toda la respuesta      : con parche=0.5074  sin parche=1.2737  delta=-0.7663
  * mejor TRAIN hasta ahora (head CE 0.4753)
----------------------------------------------------------------------

######################################################################
EPOCH 7/10
######################################################################
  [batch 1/20] CE=0.4195  norma=0.955045  lr=8.45e-05
  [batch 2/20] CE=0.4804  norma=0.954489  lr=8.27e-05
  [batch 3/20] CE=0.4942  norma=0.950955  lr=8.09e-05
  [batch 4/20] CE=0.4018  norma=0.951210  lr=7.90e-05
  [batch 5/20] CE=0.3714  norma=0.957719  lr=7.72e-05
  [batch 6/20] CE=0.4756  norma=0.959022  lr=7.54e-05
  [batch 7/20] CE=0.5506  norma=0.961695  lr=7.36e-05
  [batch 8/20] CE=0.4004  norma=0.959534  lr=7.18e-05
  [batch 9/20] CE=0.4852  norma=0.960820  lr=7.00e-05
  [batch 10/20] CE=0.6120  norma=0.959511  lr=6.83e-05
  [batch 11/20] CE=0.5643  norma=0.960401  lr=6.65e-05
  [batch 12/20] CE=0.5893  norma=0.960753  lr=6.48e-05
  [batch 13/20] CE=0.4753  norma=0.961541  lr=6.31e-05
  [batch 14/20] CE=0.4874  norma=0.964142  lr=6.14e-05
  [batch 15/20] CE=0.5275  norma=0.964977  lr=5.97e-05
  [batch 16/20] CE=0.6236  norma=0.960225  lr=5.80e-05
  [batch 17/20] CE=0.5532  norma=0.956482  lr=5.64e-05
  [batch 18/20] CE=0.4880  norma=0.954251  lr=5.48e-05
  [batch 19/20] CE=0.5111  norma=0.957821  lr=5.31e-05
  [batch 20/20] CE=0.5829  norma=0.958215  lr=5.16e-05
  held-out head CE por entrada: prompt=0.7145  prompt_es=1.2679  prompt_fr=1.2849

Epoch 7: CE train (trayectoria)=0.5047  norma=0.958215
  CE head del checkpoint:  train=0.4391   held-out=1.0891   brecha=+0.6500
  held-out CE  head(primeros 5): con parche=1.0891  sin parche=5.7094  delta=-4.6203
               toda la respuesta      : con parche=0.4988  sin parche=1.2737  delta=-0.7749
  * mejor TRAIN hasta ahora (head CE 0.4391)
----------------------------------------------------------------------

######################################################################
EPOCH 8/10
######################################################################
  [batch 1/20] CE=0.4182  norma=0.959554  lr=5.00e-05
  [batch 2/20] CE=0.4754  norma=0.960522  lr=4.84e-05
  [batch 3/20] CE=0.4865  norma=0.956347  lr=4.69e-05
  [batch 4/20] CE=0.3934  norma=0.956100  lr=4.53e-05
  [batch 5/20] CE=0.3769  norma=0.960271  lr=4.38e-05
  [batch 6/20] CE=0.4779  norma=0.961381  lr=4.24e-05
  [batch 7/20] CE=0.5621  norma=0.963602  lr=4.09e-05
  [batch 8/20] CE=0.4053  norma=0.960458  lr=3.95e-05
  [batch 9/20] CE=0.5072  norma=0.961701  lr=3.80e-05
  [batch 10/20] CE=0.6116  norma=0.961294  lr=3.66e-05
  [batch 11/20] CE=0.5566  norma=0.961950  lr=3.53e-05
  [batch 12/20] CE=0.6097  norma=0.961534  lr=3.39e-05
  [batch 13/20] CE=0.4641  norma=0.961903  lr=3.26e-05
  [batch 14/20] CE=0.4723  norma=0.964156  lr=3.13e-05
  [batch 15/20] CE=0.5234  norma=0.966392  lr=3.00e-05
  [batch 16/20] CE=0.6233  norma=0.963974  lr=2.87e-05
  [batch 17/20] CE=0.5516  norma=0.961631  lr=2.75e-05
  [batch 18/20] CE=0.4974  norma=0.959708  lr=2.62e-05
  [batch 19/20] CE=0.5136  norma=0.961343  lr=2.51e-05
  [batch 20/20] CE=0.5988  norma=0.962021  lr=2.39e-05
  held-out head CE por entrada: prompt=0.6968  prompt_es=1.1626  prompt_fr=1.2538

Epoch 8: CE train (trayectoria)=0.5063  norma=0.962021
  CE head del checkpoint:  train=0.4171   held-out=1.0377   brecha=+0.6207
  held-out CE  head(primeros 5): con parche=1.0377  sin parche=5.7094  delta=-4.6717
               toda la respuesta      : con parche=0.4910  sin parche=1.2737  delta=-0.7827
  * mejor TRAIN hasta ahora (head CE 0.4171)
----------------------------------------------------------------------

######################################################################
EPOCH 9/10
######################################################################
  [batch 1/20] CE=0.4288  norma=0.963317  lr=2.27e-05
  [batch 2/20] CE=0.4794  norma=0.965098  lr=2.16e-05
  [batch 3/20] CE=0.4823  norma=0.962412  lr=2.05e-05
  [batch 4/20] CE=0.3846  norma=0.961716  lr=1.95e-05
  [batch 5/20] CE=0.3890  norma=0.963638  lr=1.84e-05
  [batch 6/20] CE=0.4822  norma=0.963979  lr=1.74e-05
  [batch 7/20] CE=0.5723  norma=0.965182  lr=1.64e-05
  [batch 8/20] CE=0.4000  norma=0.963826  lr=1.55e-05
  [batch 9/20] CE=0.5147  norma=0.964146  lr=1.45e-05
  [batch 10/20] CE=0.6143  norma=0.963055  lr=1.36e-05
  [batch 11/20] CE=0.5498  norma=0.963015  lr=1.28e-05
  [batch 12/20] CE=0.6119  norma=0.962004  lr=1.19e-05
  [batch 13/20] CE=0.4653  norma=0.962245  lr=1.11e-05
  [batch 14/20] CE=0.4651  norma=0.963407  lr=1.03e-05
  [batch 15/20] CE=0.5256  norma=0.964914  lr=9.52e-06
  [batch 16/20] CE=0.6224  norma=0.964248  lr=8.78e-06
  [batch 17/20] CE=0.5501  norma=0.963334  lr=8.07e-06
  [batch 18/20] CE=0.4960  norma=0.962525  lr=7.39e-06
  [batch 19/20] CE=0.5116  norma=0.962569  lr=6.74e-06
  [batch 20/20] CE=0.6024  norma=0.962696  lr=6.12e-06
  held-out head CE por entrada: prompt=0.6792  prompt_es=1.1194  prompt_fr=1.2386

Epoch 9: CE train (trayectoria)=0.5074  norma=0.962696
  CE head del checkpoint:  train=0.4031   held-out=1.0124   brecha=+0.6093
  held-out CE  head(primeros 5): con parche=1.0124  sin parche=5.7094  delta=-4.6970
               toda la respuesta      : con parche=0.4885  sin parche=1.2737  delta=-0.7852
  * mejor HELD-OUT hasta ahora (head CE 1.0124)
  * mejor TRAIN hasta ahora (head CE 0.4031)
----------------------------------------------------------------------

######################################################################
EPOCH 10/10
######################################################################
  [batch 1/20] CE=0.4305  norma=0.963166  lr=5.53e-06
  [batch 2/20] CE=0.5007  norma=0.964057  lr=4.97e-06
  [batch 3/20] CE=0.4779  norma=0.963627  lr=4.43e-06
  [batch 4/20] CE=0.3838  norma=0.963501  lr=3.93e-06
  [batch 5/20] CE=0.4042  norma=0.963816  lr=3.46e-06
  [batch 6/20] CE=0.4810  norma=0.963907  lr=3.01e-06
  [batch 7/20] CE=0.5790  norma=0.964093  lr=2.60e-06
  [batch 8/20] CE=0.3913  norma=0.963947  lr=2.22e-06
  [batch 9/20] CE=0.5083  norma=0.963987  lr=1.86e-06
  [batch 10/20] CE=0.6042  norma=0.963842  lr=1.54e-06
  [batch 11/20] CE=0.5394  norma=0.963840  lr=1.25e-06
  [batch 12/20] CE=0.5983  norma=0.963704  lr=9.86e-07
  [batch 13/20] CE=0.4632  norma=0.963699  lr=7.55e-07
  [batch 14/20] CE=0.4652  norma=0.963730  lr=5.55e-07
  [batch 15/20] CE=0.5252  norma=0.963810  lr=3.86e-07
  [batch 16/20] CE=0.6182  norma=0.963795  lr=2.47e-07
  [batch 17/20] CE=0.5482  norma=0.963779  lr=1.39e-07
  [batch 18/20] CE=0.4910  norma=0.963763  lr=6.17e-08
  [batch 19/20] CE=0.5081  norma=0.963762  lr=1.54e-08
  [batch 20/20] CE=0.6001  norma=0.963762  lr=0.00e+00
  held-out head CE por entrada: prompt=0.6812  prompt_es=1.1535  prompt_fr=1.2464

Epoch 10: CE train (trayectoria)=0.5059  norma=0.963762
  CE head del checkpoint:  train=0.3943   held-out=1.0270   brecha=+0.6327
  held-out CE  head(primeros 5): con parche=1.0270  sin parche=5.7094  delta=-4.6824
               toda la respuesta      : con parche=0.4905  sin parche=1.2737  delta=-0.7832
  * mejor TRAIN hasta ahora (head CE 0.3943)
----------------------------------------------------------------------

Guardando el parche de la epoch 9 (head CE 1.0124)

======================================================================
CURVA POR EPOCH (CE del head sobre el checkpoint de esa epoch)
 epoch     train   held-out    brecha     norma
-----------------------------------------------
     1    0.7653     1.1767   +0.4115    0.7691
     2    0.6261     1.0185   +0.3924    0.8624
     3    0.5741     1.0298   +0.4558    0.9012
     4    0.5436     1.1128   +0.5692    0.9231
     5    0.5132     1.1804   +0.6672    0.9462
     6    0.4753     1.1266   +0.6513    0.9524
     7    0.4391     1.0891   +0.6500    0.9582
     8    0.4171     1.0377   +0.6207    0.9620
     9    0.4031     1.0124   +0.6093    0.9627  <- mejor held-out
    10    0.3943     1.0270   +0.6327    0.9638  <- mejor train

  mejor por HELD-OUT: epoch 9 (CE 1.0124)  -> algebra/runs/v8/alg_de/lang_patch_best_heldout.pt
  mejor por TRAIN   : epoch 10 (CE 0.3943)  -> algebra/runs/v8/alg_de/lang_patch_best_train.pt
  los dos criterios NO coinciden: compara los dos parches en el eval,
  la CE del head es un proxy y lo que decide es is_french sobre generacion.

======================================================================
Norma final: 0.962696
  posicion 0: 0.962696

Guardado: algebra/runs/v8/alg_de/lang_patch.pt
          algebra/runs/v8/alg_de/lang_metadata.pt
# Etapa train

| celda | filas train | held-out | norma ‖v‖ | epoch elegida | CE head train |
|---|---|---|---|---|---|
| fr | 549 | 112 | 0.871 | 10 | 0.319 |
| es | 549 | 112 | 0.901 | 10 | 0.379 |
| de | 549 | 112 | 0.964 | 10 | 0.394 |

Curva fr (CE head, checkpoint de cada epoch): e1: train 0.891 / held-out 0.865 (norma 0.798), e2: train 0.873 / held-out 0.853 (norma 0.874), e3: train 0.643 / held-out 0.791 (norma 0.884), e4: train 0.646 / held-out 0.832 (norma 0.892), e5: train 0.614 / held-out 0.788 (norma 0.880), e6: train 0.609 / held-out 0.756 (norma 0.876), e7: train 0.473 / held-out 0.743 (norma 0.873), e8: train 0.428 / held-out 0.739 (norma 0.871), e9: train 0.370 / held-out 0.673 (norma 0.871), e10: train 0.319 / held-out 0.653 (norma 0.871)

Curva es (CE head, checkpoint de cada epoch): e1: train 0.794 / held-out 1.125 (norma 0.811), e2: train 0.758 / held-out 1.000 (norma 0.887), e3: train 0.773 / held-out 0.884 (norma 0.911), e4: train 0.924 / held-out 1.074 (norma 0.902), e5: train 0.730 / held-out 1.001 (norma 0.906), e6: train 0.641 / held-out 0.849 (norma 0.905), e7: train 0.532 / held-out 0.864 (norma 0.904), e8: train 0.442 / held-out 0.823 (norma 0.903), e9: train 0.396 / held-out 0.797 (norma 0.902), e10: train 0.379 / held-out 0.794 (norma 0.901)

Curva de (CE head, checkpoint de cada epoch): e1: train 0.765 / held-out 1.177 (norma 0.769), e2: train 0.626 / held-out 1.018 (norma 0.862), e3: train 0.574 / held-out 1.030 (norma 0.901), e4: train 0.544 / held-out 1.113 (norma 0.923), e5: train 0.513 / held-out 1.180 (norma 0.946), e6: train 0.475 / held-out 1.127 (norma 0.952), e7: train 0.439 / held-out 1.089 (norma 0.958), e8: train 0.417 / held-out 1.038 (norma 0.962), e9: train 0.403 / held-out 1.012 (norma 0.963), e10: train 0.394 / held-out 1.027 (norma 0.964)


reporte: algebra/runs/v8/reportes/train.md

################ A fr
`torch_dtype` is deprecated! Use `dtype` instead!
Loading checkpoint shards:   0%|          | 0/2 [00:00<?, ?it/s]Loading checkpoint shards:  50%|█████     | 1/2 [00:01<00:01,  1.02s/it]Loading checkpoint shards: 100%|██████████| 2/2 [00:01<00:00,  1.60it/s]Loading checkpoint shards: 100%|██████████| 2/2 [00:01<00:00,  1.46it/s]
Held-out: 112  |  parche: algebra/runs/v8/alg_fr/lang_patch_best_train.pt  |  escala: 1.0
======================================================================
eval:   0%|          | 0/112 [00:00<?, ?it/s][lang_id] GlotLID: /mnt/custom-file-systems/efs/fs-0ded2930a619aa967_fsap-0faa05c681ed1a8f3/papers/LLMAtaquesContinuos/modelos/glotlid/model.bin
eval:   1%|          | 1/112 [00:02<05:25,  2.93s/it]eval:   2%|▏         | 2/112 [00:04<03:29,  1.90s/it]eval:   3%|▎         | 3/112 [00:08<05:34,  3.07s/it]eval:   4%|▎         | 4/112 [00:19<10:48,  6.01s/it]eval:   4%|▍         | 5/112 [00:29<13:32,  7.60s/it]eval:   5%|▌         | 6/112 [00:39<14:40,  8.31s/it]eval:   6%|▋         | 7/112 [00:45<13:18,  7.61s/it]eval:   7%|▋         | 8/112 [00:47<10:11,  5.88s/it]eval:   8%|▊         | 9/112 [00:54<10:44,  6.26s/it]eval:   9%|▉         | 10/112 [00:55<07:54,  4.65s/it]eval:  10%|▉         | 11/112 [01:06<10:46,  6.40s/it]eval:  11%|█         | 12/112 [01:16<12:46,  7.67s/it]eval:  12%|█▏        | 13/112 [01:23<12:18,  7.46s/it]eval:  12%|█▎        | 14/112 [01:31<12:29,  7.65s/it]eval:  13%|█▎        | 15/112 [01:33<09:40,  5.99s/it]eval:  14%|█▍        | 16/112 [01:42<10:48,  6.75s/it]eval:  15%|█▌        | 17/112 [01:48<10:11,  6.44s/it]eval:  16%|█▌        | 18/112 [01:58<11:59,  7.65s/it]eval:  17%|█▋        | 19/112 [02:09<13:12,  8.52s/it]eval:  18%|█▊        | 20/112 [02:16<12:26,  8.11s/it]eval:  19%|█▉        | 21/112 [02:20<10:33,  6.96s/it]eval:  20%|█▉        | 22/112 [02:21<07:37,  5.09s/it]eval:  21%|██        | 23/112 [02:27<07:54,  5.33s/it]eval:  21%|██▏       | 24/112 [02:28<05:54,  4.02s/it]eval:  22%|██▏       | 25/112 [02:38<08:40,  5.99s/it]eval:  23%|██▎       | 26/112 [02:44<08:36,  6.01s/it]eval:  24%|██▍       | 27/112 [02:46<06:31,  4.60s/it]eval:  25%|██▌       | 28/112 [02:46<04:53,  3.49s/it]eval:  26%|██▌       | 29/112 [02:50<04:58,  3.59s/it]eval:  27%|██▋       | 30/112 [02:58<06:28,  4.73s/it]eval:  28%|██▊       | 31/112 [02:59<04:53,  3.63s/it]eval:  29%|██▊       | 32/112 [03:09<07:34,  5.69s/it]eval:  29%|██▉       | 33/112 [03:20<09:22,  7.11s/it]eval:  30%|███       | 34/112 [03:26<09:03,  6.97s/it]eval:  31%|███▏      | 35/112 [03:34<09:05,  7.09s/it]eval:  32%|███▏      | 36/112 [03:41<08:56,  7.06s/it]eval:  33%|███▎      | 37/112 [03:45<07:48,  6.25s/it]eval:  34%|███▍      | 38/112 [03:46<05:48,  4.70s/it]eval:  35%|███▍      | 39/112 [03:57<07:50,  6.45s/it]eval:  36%|███▌      | 40/112 [04:07<09:11,  7.67s/it]eval:  37%|███▋      | 41/112 [04:13<08:17,  7.01s/it]eval:  38%|███▊      | 42/112 [04:19<07:51,  6.74s/it]eval:  38%|███▊      | 43/112 [04:20<05:44,  4.99s/it]eval:  39%|███▉      | 44/112 [04:26<06:13,  5.49s/it]eval:  40%|████      | 45/112 [04:33<06:33,  5.87s/it]eval:  41%|████      | 46/112 [04:43<07:55,  7.21s/it]eval:  42%|████▏     | 47/112 [04:52<08:22,  7.73s/it]eval:  43%|████▎     | 48/112 [04:56<07:03,  6.62s/it]eval:  44%|████▍     | 49/112 [05:02<06:46,  6.46s/it]eval:  45%|████▍     | 50/112 [05:11<07:24,  7.18s/it]eval:  46%|████▌     | 51/112 [05:13<05:41,  5.60s/it]eval:  46%|████▋     | 52/112 [05:16<04:54,  4.90s/it]eval:  47%|████▋     | 53/112 [05:27<06:28,  6.58s/it]eval:  48%|████▊     | 54/112 [05:36<07:10,  7.43s/it]eval:  49%|████▉     | 55/112 [05:37<05:11,  5.47s/it]eval:  50%|█████     | 56/112 [05:40<04:18,  4.62s/it]eval:  51%|█████     | 57/112 [05:41<03:12,  3.50s/it]eval:  52%|█████▏    | 58/112 [05:42<02:37,  2.92s/it]eval:  53%|█████▎    | 59/112 [05:48<03:16,  3.71s/it]eval:  54%|█████▎    | 60/112 [05:58<04:59,  5.75s/it]eval:  54%|█████▍    | 61/112 [06:09<06:05,  7.17s/it]eval:  55%|█████▌    | 62/112 [06:10<04:22,  5.25s/it]eval:  56%|█████▋    | 63/112 [06:11<03:25,  4.20s/it]eval:  57%|█████▋    | 64/112 [06:13<02:43,  3.41s/it]eval:  58%|█████▊    | 65/112 [06:17<02:50,  3.63s/it]eval:  59%|█████▉    | 66/112 [06:18<02:08,  2.78s/it]eval:  60%|█████▉    | 67/112 [06:28<03:49,  5.10s/it]eval:  61%|██████    | 68/112 [06:39<04:56,  6.73s/it]eval:  62%|██████▏   | 69/112 [06:40<03:35,  5.01s/it]eval:  62%|██████▎   | 70/112 [06:45<03:26,  4.92s/it]eval:  63%|██████▎   | 71/112 [06:46<02:37,  3.85s/it]eval:  64%|██████▍   | 72/112 [06:48<02:12,  3.31s/it]eval:  65%|██████▌   | 73/112 [06:50<01:54,  2.93s/it]eval:  66%|██████▌   | 74/112 [07:01<03:17,  5.19s/it]eval:  67%|██████▋   | 75/112 [07:11<04:11,  6.80s/it]eval:  68%|██████▊   | 76/112 [07:12<03:03,  5.11s/it]eval:  69%|██████▉   | 77/112 [07:17<02:56,  5.04s/it]eval:  70%|██████▉   | 78/112 [07:22<02:52,  5.08s/it]eval:  71%|███████   | 79/112 [07:30<03:13,  5.86s/it]eval:  71%|███████▏  | 80/112 [07:31<02:19,  4.36s/it]eval:  72%|███████▏  | 81/112 [07:41<03:12,  6.22s/it]eval:  73%|███████▎  | 82/112 [07:49<03:21,  6.72s/it]eval:  74%|███████▍  | 83/112 [07:51<02:27,  5.08s/it]eval:  75%|███████▌  | 84/112 [07:55<02:17,  4.92s/it]eval:  76%|███████▌  | 85/112 [07:59<02:07,  4.72s/it]eval:  77%|███████▋  | 86/112 [08:01<01:34,  3.65s/it]eval:  78%|███████▊  | 87/112 [08:02<01:11,  2.87s/it]eval:  79%|███████▊  | 88/112 [08:12<02:04,  5.17s/it]eval:  79%|███████▉  | 89/112 [08:21<02:25,  6.35s/it]eval:  80%|████████  | 90/112 [08:23<01:48,  4.91s/it]eval:  81%|████████▏ | 91/112 [08:26<01:29,  4.24s/it]eval:  82%|████████▏ | 92/112 [08:27<01:07,  3.38s/it]eval:  83%|████████▎ | 93/112 [08:28<00:49,  2.61s/it]eval:  84%|████████▍ | 94/112 [08:29<00:38,  2.16s/it]eval:  85%|████████▍ | 95/112 [08:39<01:19,  4.68s/it]eval:  86%|████████▌ | 96/112 [08:50<01:43,  6.46s/it]eval:  87%|████████▋ | 97/112 [08:51<01:12,  4.85s/it]eval:  88%|████████▊ | 98/112 [08:52<00:50,  3.64s/it]eval:  88%|████████▊ | 99/112 [08:53<00:38,  2.93s/it]eval:  89%|████████▉ | 100/112 [08:57<00:39,  3.28s/it]eval:  90%|█████████ | 101/112 [08:59<00:30,  2.78s/it]eval:  91%|█████████ | 102/112 [09:09<00:51,  5.11s/it]eval:  92%|█████████▏| 103/112 [09:18<00:56,  6.27s/it]eval:  93%|█████████▎| 104/112 [09:27<00:55,  6.91s/it]eval:  94%|█████████▍| 105/112 [09:30<00:40,  5.85s/it]eval:  95%|█████████▍| 106/112 [09:31<00:26,  4.36s/it]eval:  96%|█████████▌| 107/112 [09:35<00:21,  4.25s/it]eval:  96%|█████████▋| 108/112 [09:37<00:13,  3.43s/it]eval:  97%|█████████▋| 109/112 [09:47<00:16,  5.54s/it]eval:  98%|█████████▊| 110/112 [09:57<00:13,  6.80s/it]eval:  99%|█████████▉| 111/112 [10:06<00:07,  7.55s/it]eval: 100%|██████████| 112/112 [10:09<00:00,  6.17s/it]eval: 100%|██████████| 112/112 [10:09<00:00,  5.44s/it]

======================================================================
condicion                   is_french   fr_score   accuracy    leak
----------------------------------------------------------------------
baseline  M(q)                  0.0%      0.000     95.5%      0%
referencia  M([FR;q])         100.0%      0.998     80.4%      0%
parche  M(q+v)                 99.1%      0.993     79.5%      0%
----------------------------------------------------------------------
celda target: fr   (celda_ok = idioma fr Y NO mayusculas)
condicion                    celda_ok     idioma      mayus
baseline  M(q)                  0.0%       0.0%       0.0%
referencia  M([FR;q])         100.0%     100.0%       0.0%
parche  M(q+v)                 99.1%      99.1%       0.0%
----------------------------------------------------------------------
CE target FR                sin parche  con parche     delta
head (primeros 5)               5.5989      0.5617   -5.0372
tail (el resto)                 0.5731      0.3099   -0.2632
toda la respuesta               1.5711      0.3544   -1.2166
  el head es donde vive la decision de idioma; el tail casi no deberia moverse
  tokens parcheados por prompt (anchor goal_all): media 7.5
======================================================================

Reportes: algebra/runs/v8/alg_fr/eval_heldout.json
          algebra/runs/v8/alg_fr/eval_heldout.md
`torch_dtype` is deprecated! Use `dtype` instead!
Loading checkpoint shards:   0%|          | 0/2 [00:00<?, ?it/s]Loading checkpoint shards:  50%|█████     | 1/2 [00:01<00:01,  1.02s/it]Loading checkpoint shards: 100%|██████████| 2/2 [00:01<00:00,  1.67it/s]Loading checkpoint shards: 100%|██████████| 2/2 [00:01<00:00,  1.51it/s]
parche algebra/runs/v8/alg_fr/lang_patch_best_train.pt  norma 0.8711  |  tail held-out 112 (idx 588..699)
preset=idioma  condiciones=['prompt_es a=0', 'prompt_es a=1', 'prompt_de a=0', 'prompt_de a=1', 'prompt a=0', 'prompt a=1']
prompt_es a=0:   0%|          | 0/112 [00:00<?, ?it/s][lang_id] GlotLID: /mnt/custom-file-systems/efs/fs-0ded2930a619aa967_fsap-0faa05c681ed1a8f3/papers/LLMAtaquesContinuos/modelos/glotlid/model.bin
prompt_es a=0:   1%|          | 1/112 [00:01<03:23,  1.84s/it]prompt_es a=0:   2%|▏         | 2/112 [00:03<02:56,  1.60s/it]prompt_es a=0:   3%|▎         | 3/112 [00:03<02:10,  1.19s/it]prompt_es a=0:   4%|▎         | 4/112 [00:07<03:47,  2.11s/it]prompt_es a=0:   4%|▍         | 5/112 [00:11<04:40,  2.62s/it]prompt_es a=0:   5%|▌         | 6/112 [00:14<05:09,  2.92s/it]prompt_es a=0:   6%|▋         | 7/112 [00:18<05:27,  3.11s/it]prompt_es a=0:   7%|▋         | 8/112 [00:18<03:56,  2.27s/it]prompt_es a=0:   8%|▊         | 9/112 [00:22<04:33,  2.66s/it]prompt_es a=0:   9%|▉         | 10/112 [00:22<03:16,  1.93s/it]prompt_es a=0:  10%|▉         | 11/112 [00:25<04:03,  2.41s/it]prompt_es a=0:  11%|█         | 12/112 [00:29<04:34,  2.75s/it]prompt_es a=0:  12%|█▏        | 13/112 [00:32<04:54,  2.97s/it]prompt_es a=0:  12%|█▎        | 14/112 [00:36<05:06,  3.13s/it]prompt_es a=0:  13%|█▎        | 15/112 [00:36<03:39,  2.26s/it]prompt_es a=0:  14%|█▍        | 16/112 [00:37<02:56,  1.84s/it]prompt_es a=0:  15%|█▌        | 17/112 [00:40<03:40,  2.32s/it]prompt_es a=0:  16%|█▌        | 18/112 [00:44<04:09,  2.66s/it]prompt_es a=0:  17%|█▋        | 19/112 [00:47<04:28,  2.89s/it]prompt_es a=0:  18%|█▊        | 20/112 [00:48<03:29,  2.28s/it]prompt_es a=0:  19%|█▉        | 21/112 [00:52<03:59,  2.64s/it]prompt_es a=0:  20%|█▉        | 22/112 [00:52<02:52,  1.92s/it]prompt_es a=0:  21%|██        | 23/112 [00:53<02:22,  1.60s/it]prompt_es a=0:  21%|██▏       | 24/112 [00:53<01:48,  1.24s/it]prompt_es a=0:  22%|██▏       | 25/112 [00:56<02:45,  1.90s/it]prompt_es a=0:  23%|██▎       | 26/112 [01:00<03:23,  2.36s/it]prompt_es a=0:  24%|██▍       | 27/112 [01:01<02:35,  1.83s/it]prompt_es a=0:  25%|██▌       | 28/112 [01:01<01:57,  1.40s/it]prompt_es a=0:  26%|██▌       | 29/112 [01:04<02:46,  2.01s/it]prompt_es a=0:  27%|██▋       | 30/112 [01:08<03:20,  2.44s/it]prompt_es a=0:  28%|██▊       | 31/112 [01:08<02:21,  1.75s/it]prompt_es a=0:  29%|██▊       | 32/112 [01:11<03:00,  2.25s/it]prompt_es a=0:  29%|██▉       | 33/112 [01:15<03:26,  2.61s/it]prompt_es a=0:  30%|███       | 34/112 [01:18<03:43,  2.86s/it]prompt_es a=0:  31%|███▏      | 35/112 [01:22<03:54,  3.04s/it]prompt_es a=0:  32%|███▏      | 36/112 [01:22<02:54,  2.30s/it]prompt_es a=0:  33%|███▎      | 37/112 [01:26<03:19,  2.66s/it]prompt_es a=0:  34%|███▍      | 38/112 [01:26<02:24,  1.95s/it]prompt_es a=0:  35%|███▍      | 39/112 [01:27<01:59,  1.63s/it]prompt_es a=0:  36%|███▌      | 40/112 [01:30<02:37,  2.19s/it]prompt_es a=0:  37%|███▋      | 41/112 [01:31<01:56,  1.65s/it]prompt_es a=0:  38%|███▊      | 42/112 [01:34<02:34,  2.20s/it]prompt_es a=0:  38%|███▊      | 43/112 [01:34<01:48,  1.58s/it]prompt_es a=0:  39%|███▉      | 44/112 [01:38<02:26,  2.16s/it]prompt_es a=0:  40%|████      | 45/112 [01:41<02:51,  2.57s/it]prompt_es a=0:  41%|████      | 46/112 [01:45<03:07,  2.83s/it]prompt_es a=0:  42%|████▏     | 47/112 [01:48<03:16,  3.02s/it]prompt_es a=0:  43%|████▎     | 48/112 [01:49<02:25,  2.28s/it]prompt_es a=0:  44%|████▍     | 49/112 [01:50<01:52,  1.79s/it]prompt_es a=0:  45%|████▍     | 50/112 [01:53<02:21,  2.29s/it]prompt_es a=0:  46%|████▌     | 51/112 [01:57<02:41,  2.64s/it]prompt_es a=0:  46%|████▋     | 52/112 [01:57<01:57,  1.96s/it]prompt_es a=0:  47%|████▋     | 53/112 [02:00<02:21,  2.40s/it]prompt_es a=0:  48%|████▊     | 54/112 [02:04<02:37,  2.72s/it]prompt_es a=0:  49%|████▉     | 55/112 [02:04<01:53,  2.00s/it]prompt_es a=0:  50%|█████     | 56/112 [02:05<01:26,  1.55s/it]prompt_es a=0:  51%|█████     | 57/112 [02:05<01:06,  1.20s/it]prompt_es a=0:  52%|█████▏    | 58/112 [02:06<00:53,  1.00it/s]prompt_es a=0:  53%|█████▎    | 59/112 [02:09<01:31,  1.73s/it]prompt_es a=0:  54%|█████▎    | 60/112 [02:12<01:57,  2.26s/it]prompt_es a=0:  54%|█████▍    | 61/112 [02:16<02:13,  2.62s/it]prompt_es a=0:  55%|█████▌    | 62/112 [02:16<01:35,  1.91s/it]prompt_es a=0:  56%|█████▋    | 63/112 [02:16<01:08,  1.40s/it]prompt_es a=0:  57%|█████▋    | 64/112 [02:17<00:53,  1.12s/it]prompt_es a=0:  58%|█████▊    | 65/112 [02:17<00:43,  1.07it/s]prompt_es a=0:  59%|█████▉    | 66/112 [02:18<00:33,  1.36it/s]prompt_es a=0:  60%|█████▉    | 67/112 [02:21<01:10,  1.56s/it]prompt_es a=0:  61%|██████    | 68/112 [02:25<01:33,  2.13s/it]prompt_es a=0:  62%|██████▏   | 69/112 [02:25<01:08,  1.58s/it]prompt_es a=0:  62%|██████▎   | 70/112 [02:25<00:53,  1.27s/it]prompt_es a=0:  63%|██████▎   | 71/112 [02:26<00:44,  1.09s/it]prompt_es a=0:  64%|██████▍   | 72/112 [02:26<00:33,  1.21it/s]prompt_es a=0:  65%|██████▌   | 73/112 [02:28<00:40,  1.03s/it]prompt_es a=0:  66%|██████▌   | 74/112 [02:31<01:07,  1.78s/it]prompt_es a=0:  67%|██████▋   | 75/112 [02:35<01:24,  2.29s/it]prompt_es a=0:  68%|██████▊   | 76/112 [02:35<01:02,  1.73s/it]prompt_es a=0:  69%|██████▉   | 77/112 [02:35<00:43,  1.25s/it]prompt_es a=0:  70%|██████▉   | 78/112 [02:36<00:37,  1.11s/it]prompt_es a=0:  71%|███████   | 79/112 [02:37<00:31,  1.06it/s]prompt_es a=0:  71%|███████▏  | 80/112 [02:37<00:23,  1.35it/s]prompt_es a=0:  72%|███████▏  | 81/112 [02:40<00:48,  1.55s/it]prompt_es a=0:  73%|███████▎  | 82/112 [02:42<00:46,  1.54s/it]prompt_es a=0:  74%|███████▍  | 83/112 [02:42<00:35,  1.22s/it]prompt_es a=0:  75%|███████▌  | 84/112 [02:45<00:43,  1.54s/it]prompt_es a=0:  76%|███████▌  | 85/112 [02:45<00:32,  1.20s/it]prompt_es a=0:  77%|███████▋  | 86/112 [02:46<00:25,  1.03it/s]prompt_es a=0:  78%|███████▊  | 87/112 [02:46<00:19,  1.26it/s]prompt_es a=0:  79%|███████▊  | 88/112 [02:49<00:38,  1.59s/it]prompt_es a=0:  79%|███████▉  | 89/112 [02:53<00:49,  2.15s/it]prompt_es a=0:  80%|████████  | 90/112 [02:53<00:35,  1.63s/it]prompt_es a=0:  81%|████████▏ | 91/112 [02:54<00:26,  1.25s/it]prompt_es a=0:  82%|████████▏ | 92/112 [02:54<00:20,  1.02s/it]prompt_es a=0:  83%|████████▎ | 93/112 [02:54<00:15,  1.22it/s]prompt_es a=0:  84%|████████▍ | 94/112 [02:55<00:11,  1.51it/s]prompt_es a=0:  85%|████████▍ | 95/112 [02:58<00:25,  1.50s/it]prompt_es a=0:  86%|████████▌ | 96/112 [03:02<00:33,  2.09s/it]prompt_es a=0:  87%|████████▋ | 97/112 [03:02<00:23,  1.60s/it]prompt_es a=0:  88%|████████▊ | 98/112 [03:03<00:17,  1.24s/it]prompt_es a=0:  88%|████████▊ | 99/112 [03:03<00:13,  1.03s/it]prompt_es a=0:  89%|████████▉ | 100/112 [03:03<00:10,  1.18it/s]prompt_es a=0:  90%|█████████ | 101/112 [03:04<00:07,  1.44it/s]prompt_es a=0:  91%|█████████ | 102/112 [03:07<00:15,  1.52s/it]prompt_es a=0:  92%|█████████▏| 103/112 [03:11<00:18,  2.10s/it]prompt_es a=0:  93%|█████████▎| 104/112 [03:11<00:12,  1.51s/it]prompt_es a=0:  94%|█████████▍| 105/112 [03:12<00:09,  1.31s/it]prompt_es a=0:  95%|█████████▍| 106/112 [03:12<00:05,  1.00it/s]prompt_es a=0:  96%|█████████▌| 107/112 [03:12<00:04,  1.22it/s]prompt_es a=0:  96%|█████████▋| 108/112 [03:13<00:03,  1.33it/s]prompt_es a=0:  97%|█████████▋| 109/112 [03:16<00:04,  1.57s/it]prompt_es a=0:  98%|█████████▊| 110/112 [03:20<00:04,  2.13s/it]prompt_es a=0:  99%|█████████▉| 111/112 [03:23<00:02,  2.53s/it]prompt_es a=0: 100%|██████████| 112/112 [03:24<00:00,  2.01s/it]prompt_es a=0: 100%|██████████| 112/112 [03:24<00:00,  1.83s/it]
prompt_es a=1:   0%|          | 0/112 [00:00<?, ?it/s]prompt_es a=1:   1%|          | 1/112 [00:01<01:56,  1.05s/it]prompt_es a=1:   2%|▏         | 2/112 [00:01<01:10,  1.55it/s]prompt_es a=1:   3%|▎         | 3/112 [00:01<01:02,  1.74it/s]prompt_es a=1:   4%|▎         | 4/112 [00:03<01:54,  1.06s/it]prompt_es a=1:   4%|▍         | 5/112 [00:07<03:27,  1.94s/it]prompt_es a=1:   5%|▌         | 6/112 [00:09<03:38,  2.06s/it]prompt_es a=1:   6%|▋         | 7/112 [00:10<02:44,  1.57s/it]prompt_es a=1:   7%|▋         | 8/112 [00:10<02:05,  1.21s/it]prompt_es a=1:   8%|▊         | 9/112 [00:10<01:37,  1.06it/s]prompt_es a=1:   9%|▉         | 10/112 [00:11<01:18,  1.29it/s]prompt_es a=1:  10%|▉         | 11/112 [00:14<02:41,  1.60s/it]prompt_es a=1:  11%|█         | 12/112 [00:18<03:35,  2.16s/it]prompt_es a=1:  12%|█▏        | 13/112 [00:18<02:51,  1.73s/it]prompt_es a=1:  12%|█▎        | 14/112 [00:22<03:38,  2.23s/it]prompt_es a=1:  13%|█▎        | 15/112 [00:24<03:25,  2.12s/it]prompt_es a=1:  14%|█▍        | 16/112 [00:24<02:41,  1.68s/it]prompt_es a=1:  15%|█▌        | 17/112 [00:27<03:01,  1.91s/it]prompt_es a=1:  16%|█▌        | 18/112 [00:30<03:42,  2.37s/it]prompt_es a=1:  17%|█▋        | 19/112 [00:33<04:05,  2.64s/it]prompt_es a=1:  18%|█▊        | 20/112 [00:35<03:45,  2.45s/it]prompt_es a=1:  19%|█▉        | 21/112 [00:39<04:06,  2.71s/it]prompt_es a=1:  20%|█▉        | 22/112 [00:39<02:58,  1.98s/it]prompt_es a=1:  21%|██        | 23/112 [00:40<02:33,  1.72s/it]prompt_es a=1:  21%|██▏       | 24/112 [00:41<01:56,  1.32s/it]prompt_es a=1:  22%|██▏       | 25/112 [00:41<01:29,  1.03s/it]prompt_es a=1:  23%|██▎       | 26/112 [00:41<01:10,  1.21it/s]prompt_es a=1:  24%|██▍       | 27/112 [00:42<01:09,  1.23it/s]prompt_es a=1:  25%|██▌       | 28/112 [00:43<01:01,  1.37it/s]prompt_es a=1:  26%|██▌       | 29/112 [00:43<00:53,  1.54it/s]prompt_es a=1:  27%|██▋       | 30/112 [00:46<01:40,  1.23s/it]prompt_es a=1:  28%|██▊       | 31/112 [00:46<01:17,  1.04it/s]prompt_es a=1:  29%|██▊       | 32/112 [00:49<02:16,  1.71s/it]prompt_es a=1:  29%|██▉       | 33/112 [00:53<02:55,  2.23s/it]prompt_es a=1:  30%|███       | 34/112 [00:53<02:12,  1.69s/it]prompt_es a=1:  31%|███▏      | 35/112 [00:55<02:11,  1.71s/it]prompt_es a=1:  32%|███▏      | 36/112 [00:56<01:41,  1.33s/it]prompt_es a=1:  33%|███▎      | 37/112 [00:56<01:22,  1.10s/it]prompt_es a=1:  34%|███▍      | 38/112 [00:56<01:06,  1.12it/s]prompt_es a=1:  35%|███▍      | 39/112 [01:00<02:02,  1.67s/it]prompt_es a=1:  36%|███▌      | 40/112 [01:03<02:40,  2.23s/it]prompt_es a=1:  37%|███▋      | 41/112 [01:06<02:39,  2.24s/it]prompt_es a=1:  38%|███▊      | 42/112 [01:07<02:23,  2.05s/it]prompt_es a=1:  38%|███▊      | 43/112 [01:08<01:46,  1.54s/it]prompt_es a=1:  39%|███▉      | 44/112 [01:11<02:12,  1.95s/it]prompt_es a=1:  40%|████      | 45/112 [01:11<01:40,  1.50s/it]prompt_es a=1:  41%|████      | 46/112 [01:15<02:18,  2.10s/it]prompt_es a=1:  42%|████▏     | 47/112 [01:18<02:39,  2.46s/it]prompt_es a=1:  43%|████▎     | 48/112 [01:18<01:57,  1.83s/it]prompt_es a=1:  44%|████▍     | 49/112 [01:19<01:28,  1.40s/it]prompt_es a=1:  45%|████▍     | 50/112 [01:21<01:48,  1.75s/it]prompt_es a=1:  46%|████▌     | 51/112 [01:22<01:38,  1.62s/it]prompt_es a=1:  46%|████▋     | 52/112 [01:23<01:14,  1.25s/it]prompt_es a=1:  47%|████▋     | 53/112 [01:26<01:52,  1.91s/it]prompt_es a=1:  48%|████▊     | 54/112 [01:28<01:48,  1.86s/it]prompt_es a=1:  49%|████▉     | 55/112 [01:28<01:20,  1.41s/it]prompt_es a=1:  50%|█████     | 56/112 [01:29<01:02,  1.12s/it]prompt_es a=1:  51%|█████     | 57/112 [01:29<00:51,  1.07it/s]prompt_es a=1:  52%|█████▏    | 58/112 [01:30<00:42,  1.26it/s]prompt_es a=1:  53%|█████▎    | 59/112 [01:31<00:43,  1.22it/s]prompt_es a=1:  54%|█████▎    | 60/112 [01:31<00:34,  1.49it/s]prompt_es a=1:  54%|█████▍    | 61/112 [01:34<01:16,  1.50s/it]prompt_es a=1:  55%|█████▌    | 62/112 [01:35<00:57,  1.15s/it]prompt_es a=1:  56%|█████▋    | 63/112 [01:35<00:45,  1.08it/s]prompt_es a=1:  57%|█████▋    | 64/112 [01:36<00:39,  1.22it/s]prompt_es a=1:  58%|█████▊    | 65/112 [01:36<00:30,  1.52it/s]prompt_es a=1:  59%|█████▉    | 66/112 [01:36<00:25,  1.82it/s]prompt_es a=1:  60%|█████▉    | 67/112 [01:40<01:03,  1.42s/it]prompt_es a=1:  61%|██████    | 68/112 [01:42<01:16,  1.75s/it]prompt_es a=1:  62%|██████▏   | 69/112 [01:43<00:57,  1.34s/it]prompt_es a=1:  62%|██████▎   | 70/112 [01:43<00:44,  1.05s/it]prompt_es a=1:  63%|██████▎   | 71/112 [01:46<01:02,  1.54s/it]prompt_es a=1:  64%|██████▍   | 72/112 [01:46<00:47,  1.20s/it]prompt_es a=1:  65%|██████▌   | 73/112 [01:47<00:37,  1.03it/s]prompt_es a=1:  66%|██████▌   | 74/112 [01:50<01:05,  1.72s/it]prompt_es a=1:  67%|██████▋   | 75/112 [01:54<01:22,  2.23s/it]prompt_es a=1:  68%|██████▊   | 76/112 [01:54<01:00,  1.68s/it]prompt_es a=1:  69%|██████▉   | 77/112 [01:57<01:10,  2.01s/it]prompt_es a=1:  70%|██████▉   | 78/112 [01:59<01:06,  1.96s/it]prompt_es a=1:  71%|███████   | 79/112 [02:00<00:55,  1.69s/it]prompt_es a=1:  71%|███████▏  | 80/112 [02:00<00:40,  1.28s/it]prompt_es a=1:  72%|███████▏  | 81/112 [02:03<00:59,  1.93s/it]prompt_es a=1:  73%|███████▎  | 82/112 [02:05<00:54,  1.83s/it]prompt_es a=1:  74%|███████▍  | 83/112 [02:05<00:40,  1.41s/it]prompt_es a=1:  75%|███████▌  | 84/112 [02:07<00:38,  1.37s/it]prompt_es a=1:  76%|███████▌  | 85/112 [02:10<00:51,  1.90s/it]prompt_es a=1:  77%|███████▋  | 86/112 [02:10<00:38,  1.48s/it]prompt_es a=1:  78%|███████▊  | 87/112 [02:11<00:28,  1.14s/it]prompt_es a=1:  79%|███████▊  | 88/112 [02:14<00:44,  1.84s/it]prompt_es a=1:  79%|███████▉  | 89/112 [02:18<00:53,  2.32s/it]prompt_es a=1:  80%|████████  | 90/112 [02:18<00:39,  1.80s/it]prompt_es a=1:  81%|████████▏ | 91/112 [02:18<00:28,  1.36s/it]prompt_es a=1:  82%|████████▏ | 92/112 [02:19<00:22,  1.13s/it]prompt_es a=1:  83%|████████▎ | 93/112 [02:19<00:16,  1.12it/s]prompt_es a=1:  84%|████████▍ | 94/112 [02:20<00:12,  1.39it/s]prompt_es a=1:  85%|████████▍ | 95/112 [02:23<00:26,  1.53s/it]prompt_es a=1:  86%|████████▌ | 96/112 [02:27<00:33,  2.11s/it]prompt_es a=1:  87%|████████▋ | 97/112 [02:27<00:23,  1.59s/it]prompt_es a=1:  88%|████████▊ | 98/112 [02:30<00:26,  1.92s/it]prompt_es a=1:  88%|████████▊ | 99/112 [02:30<00:19,  1.47s/it]prompt_es a=1:  89%|████████▉ | 100/112 [02:34<00:24,  2.06s/it]prompt_es a=1:  90%|█████████ | 101/112 [02:34<00:16,  1.54s/it]prompt_es a=1:  91%|█████████ | 102/112 [02:37<00:21,  2.11s/it]prompt_es a=1:  92%|█████████▏| 103/112 [02:41<00:22,  2.52s/it]prompt_es a=1:  93%|█████████▎| 104/112 [02:43<00:18,  2.36s/it]prompt_es a=1:  94%|█████████▍| 105/112 [02:43<00:12,  1.85s/it]prompt_es a=1:  95%|█████████▍| 106/112 [02:44<00:08,  1.40s/it]prompt_es a=1:  96%|█████████▌| 107/112 [02:45<00:06,  1.31s/it]prompt_es a=1:  96%|█████████▋| 108/112 [02:46<00:04,  1.15s/it]prompt_es a=1:  97%|█████████▋| 109/112 [02:49<00:05,  1.85s/it]prompt_es a=1:  98%|█████████▊| 110/112 [02:52<00:04,  2.28s/it]prompt_es a=1:  99%|█████████▉| 111/112 [02:53<00:01,  1.71s/it]prompt_es a=1: 100%|██████████| 112/112 [02:53<00:00,  1.32s/it]prompt_es a=1: 100%|██████████| 112/112 [02:53<00:00,  1.55s/it]
prompt_de a=0:   0%|          | 0/112 [00:00<?, ?it/s]prompt_de a=0:   1%|          | 1/112 [00:00<01:05,  1.70it/s]prompt_de a=0:   2%|▏         | 2/112 [00:01<01:30,  1.22it/s]prompt_de a=0:   3%|▎         | 3/112 [00:02<01:40,  1.08it/s]prompt_de a=0:   4%|▎         | 4/112 [00:06<03:27,  1.92s/it]prompt_de a=0:   4%|▍         | 5/112 [00:09<04:24,  2.47s/it]prompt_de a=0:   5%|▌         | 6/112 [00:12<04:56,  2.80s/it]prompt_de a=0:   6%|▋         | 7/112 [00:16<05:15,  3.00s/it]prompt_de a=0:   7%|▋         | 8/112 [00:16<03:45,  2.17s/it]prompt_de a=0:   8%|▊         | 9/112 [00:20<04:23,  2.56s/it]prompt_de a=0:   9%|▉         | 10/112 [00:20<03:22,  1.99s/it]prompt_de a=0:  10%|▉         | 11/112 [00:24<04:07,  2.45s/it]prompt_de a=0:  11%|█         | 12/112 [00:27<04:37,  2.77s/it]prompt_de a=0:  12%|█▏        | 13/112 [00:31<04:56,  3.00s/it]prompt_de a=0:  12%|█▎        | 14/112 [00:34<05:08,  3.15s/it]prompt_de a=0:  13%|█▎        | 15/112 [00:35<03:36,  2.23s/it]prompt_de a=0:  14%|█▍        | 16/112 [00:38<04:10,  2.61s/it]prompt_de a=0:  15%|█▌        | 17/112 [00:38<03:05,  1.95s/it]prompt_de a=0:  16%|█▌        | 18/112 [00:42<03:47,  2.42s/it]prompt_de a=0:  17%|█▋        | 19/112 [00:45<04:14,  2.74s/it]prompt_de a=0:  18%|█▊        | 20/112 [00:49<04:31,  2.95s/it]prompt_de a=0:  19%|█▉        | 21/112 [00:52<04:43,  3.11s/it]prompt_de a=0:  20%|█▉        | 22/112 [00:52<03:19,  2.21s/it]prompt_de a=0:  21%|██        | 23/112 [00:53<02:37,  1.77s/it]prompt_de a=0:  21%|██▏       | 24/112 [00:54<01:59,  1.35s/it]prompt_de a=0:  22%|██▏       | 25/112 [00:57<02:53,  2.00s/it]prompt_de a=0:  23%|██▎       | 26/112 [01:01<03:29,  2.44s/it]prompt_de a=0:  24%|██▍       | 27/112 [01:04<03:44,  2.64s/it]prompt_de a=0:  25%|██▌       | 28/112 [01:05<02:59,  2.14s/it]prompt_de a=0:  26%|██▌       | 29/112 [01:08<03:30,  2.53s/it]prompt_de a=0:  27%|██▋       | 30/112 [01:12<03:50,  2.82s/it]prompt_de a=0:  28%|██▊       | 31/112 [01:12<02:47,  2.07s/it]prompt_de a=0:  29%|██▊       | 32/112 [01:15<03:18,  2.48s/it]prompt_de a=0:  29%|██▉       | 33/112 [01:19<03:39,  2.77s/it]prompt_de a=0:  30%|███       | 34/112 [01:22<03:52,  2.98s/it]prompt_de a=0:  31%|███▏      | 35/112 [01:26<04:00,  3.12s/it]prompt_de a=0:  32%|███▏      | 36/112 [01:29<04:04,  3.22s/it]prompt_de a=0:  33%|███▎      | 37/112 [01:32<03:57,  3.16s/it]prompt_de a=0:  34%|███▍      | 38/112 [01:33<02:51,  2.32s/it]prompt_de a=0:  35%|███▍      | 39/112 [01:36<03:14,  2.66s/it]prompt_de a=0:  36%|███▌      | 40/112 [01:39<03:30,  2.92s/it]prompt_de a=0:  37%|███▋      | 41/112 [01:43<03:40,  3.10s/it]prompt_de a=0:  38%|███▊      | 42/112 [01:44<02:53,  2.48s/it]prompt_de a=0:  38%|███▊      | 43/112 [01:44<02:02,  1.77s/it]prompt_de a=0:  39%|███▉      | 44/112 [01:48<02:36,  2.30s/it]prompt_de a=0:  40%|████      | 45/112 [01:51<02:58,  2.67s/it]prompt_de a=0:  41%|████      | 46/112 [01:55<03:13,  2.93s/it]prompt_de a=0:  42%|████▏     | 47/112 [01:58<03:21,  3.10s/it]prompt_de a=0:  43%|████▎     | 48/112 [02:01<03:20,  3.13s/it]prompt_de a=0:  44%|████▍     | 49/112 [02:05<03:24,  3.25s/it]prompt_de a=0:  45%|████▍     | 50/112 [02:09<03:26,  3.33s/it]prompt_de a=0:  46%|████▌     | 51/112 [02:09<02:33,  2.51s/it]prompt_de a=0:  46%|████▋     | 52/112 [02:13<02:48,  2.81s/it]prompt_de a=0:  47%|████▋     | 53/112 [02:16<02:58,  3.02s/it]prompt_de a=0:  48%|████▊     | 54/112 [02:20<03:03,  3.17s/it]prompt_de a=0:  49%|████▉     | 55/112 [02:20<02:12,  2.32s/it]prompt_de a=0:  50%|█████     | 56/112 [02:20<01:36,  1.73s/it]prompt_de a=0:  51%|█████     | 57/112 [02:21<01:12,  1.32s/it]prompt_de a=0:  52%|█████▏    | 58/112 [02:21<00:58,  1.09s/it]prompt_de a=0:  53%|█████▎    | 59/112 [02:22<00:51,  1.03it/s]prompt_de a=0:  54%|█████▎    | 60/112 [02:26<01:30,  1.74s/it]prompt_de a=0:  54%|█████▍    | 61/112 [02:29<01:55,  2.26s/it]prompt_de a=0:  55%|█████▌    | 62/112 [02:29<01:23,  1.66s/it]prompt_de a=0:  56%|█████▋    | 63/112 [02:29<01:00,  1.23s/it]prompt_de a=0:  57%|█████▋    | 64/112 [02:30<00:49,  1.02s/it]prompt_de a=0:  58%|█████▊    | 65/112 [02:30<00:38,  1.23it/s]prompt_de a=0:  59%|█████▉    | 66/112 [02:31<00:30,  1.52it/s]prompt_de a=0:  60%|█████▉    | 67/112 [02:34<01:08,  1.52s/it]prompt_de a=0:  61%|██████    | 68/112 [02:38<01:33,  2.11s/it]prompt_de a=0:  62%|██████▏   | 69/112 [02:38<01:08,  1.59s/it]prompt_de a=0:  62%|██████▎   | 70/112 [02:38<00:50,  1.21s/it]prompt_de a=0:  63%|██████▎   | 71/112 [02:42<01:15,  1.85s/it]prompt_de a=0:  64%|██████▍   | 72/112 [02:44<01:15,  1.89s/it]prompt_de a=0:  65%|██████▌   | 73/112 [02:45<01:03,  1.64s/it]prompt_de a=0:  66%|██████▌   | 74/112 [02:48<01:23,  2.20s/it]prompt_de a=0:  67%|██████▋   | 75/112 [02:52<01:36,  2.60s/it]prompt_de a=0:  68%|██████▊   | 76/112 [02:52<01:10,  1.97s/it]prompt_de a=0:  69%|██████▉   | 77/112 [02:55<01:12,  2.06s/it]prompt_de a=0:  70%|██████▉   | 78/112 [02:56<01:07,  1.98s/it]prompt_de a=0:  71%|███████   | 79/112 [02:57<00:52,  1.58s/it]prompt_de a=0:  71%|███████▏  | 80/112 [02:57<00:38,  1.19s/it]prompt_de a=0:  72%|███████▏  | 81/112 [03:01<00:57,  1.87s/it]prompt_de a=0:  73%|███████▎  | 82/112 [03:04<01:10,  2.36s/it]prompt_de a=0:  74%|███████▍  | 83/112 [03:06<00:59,  2.04s/it]prompt_de a=0:  75%|███████▌  | 84/112 [03:09<01:06,  2.37s/it]prompt_de a=0:  76%|███████▌  | 85/112 [03:09<00:48,  1.79s/it]prompt_de a=0:  77%|███████▋  | 86/112 [03:09<00:35,  1.35s/it]prompt_de a=0:  78%|███████▊  | 87/112 [03:10<00:26,  1.06s/it]prompt_de a=0:  79%|███████▊  | 88/112 [03:13<00:43,  1.81s/it]prompt_de a=0:  79%|███████▉  | 89/112 [03:17<00:53,  2.32s/it]prompt_de a=0:  80%|████████  | 90/112 [03:17<00:39,  1.79s/it]prompt_de a=0:  81%|████████▏ | 91/112 [03:18<00:29,  1.41s/it]prompt_de a=0:  82%|████████▏ | 92/112 [03:18<00:22,  1.10s/it]prompt_de a=0:  83%|████████▎ | 93/112 [03:19<00:16,  1.15it/s]prompt_de a=0:  84%|████████▍ | 94/112 [03:22<00:29,  1.66s/it]prompt_de a=0:  85%|████████▍ | 95/112 [03:26<00:37,  2.22s/it]prompt_de a=0:  86%|████████▌ | 96/112 [03:29<00:41,  2.60s/it]prompt_de a=0:  87%|████████▋ | 97/112 [03:31<00:36,  2.45s/it]prompt_de a=0:  88%|████████▊ | 98/112 [03:31<00:24,  1.76s/it]prompt_de a=0:  88%|████████▊ | 99/112 [03:32<00:17,  1.33s/it]prompt_de a=0:  90%|█████████ | 101/112 [03:32<00:08,  1.23it/s]prompt_de a=0:  91%|█████████ | 102/112 [03:36<00:14,  1.47s/it]prompt_de a=0:  92%|█████████▏| 103/112 [03:39<00:17,  1.98s/it]prompt_de a=0:  93%|█████████▎| 104/112 [03:41<00:16,  2.03s/it]prompt_de a=0:  94%|█████████▍| 105/112 [03:42<00:10,  1.54s/it]prompt_de a=0:  95%|█████████▍| 106/112 [03:42<00:07,  1.18s/it]prompt_de a=0:  96%|█████████▌| 107/112 [03:42<00:04,  1.00it/s]prompt_de a=0:  96%|█████████▋| 108/112 [03:46<00:06,  1.72s/it]prompt_de a=0:  97%|█████████▋| 109/112 [03:49<00:06,  2.23s/it]prompt_de a=0:  98%|█████████▊| 110/112 [03:53<00:05,  2.60s/it]prompt_de a=0:  99%|█████████▉| 111/112 [03:53<00:01,  1.93s/it]prompt_de a=0: 100%|██████████| 112/112 [03:54<00:00,  1.54s/it]prompt_de a=0: 100%|██████████| 112/112 [03:54<00:00,  2.09s/it]
prompt_de a=1:   0%|          | 0/112 [00:00<?, ?it/s]prompt_de a=1:   1%|          | 1/112 [00:01<01:56,  1.05s/it]prompt_de a=1:   2%|▏         | 2/112 [00:01<01:11,  1.55it/s]prompt_de a=1:   3%|▎         | 3/112 [00:01<01:00,  1.79it/s]prompt_de a=1:   4%|▎         | 4/112 [00:05<03:04,  1.71s/it]prompt_de a=1:   4%|▍         | 5/112 [00:06<02:59,  1.68s/it]prompt_de a=1:   5%|▌         | 6/112 [00:10<03:47,  2.15s/it]prompt_de a=1:   6%|▋         | 7/112 [00:12<04:07,  2.36s/it]prompt_de a=1:   7%|▋         | 8/112 [00:13<03:01,  1.74s/it]prompt_de a=1:   8%|▊         | 9/112 [00:15<03:20,  1.95s/it]prompt_de a=1:   9%|▉         | 10/112 [00:16<02:28,  1.46s/it]prompt_de a=1:  10%|▉         | 11/112 [00:19<03:29,  2.08s/it]prompt_de a=1:  11%|█         | 12/112 [00:22<04:10,  2.51s/it]prompt_de a=1:  12%|█▏        | 13/112 [00:24<03:24,  2.07s/it]prompt_de a=1:  12%|█▎        | 14/112 [00:26<03:30,  2.15s/it]prompt_de a=1:  13%|█▎        | 15/112 [00:26<02:34,  1.59s/it]prompt_de a=1:  14%|█▍        | 16/112 [00:29<03:02,  1.90s/it]prompt_de a=1:  15%|█▌        | 17/112 [00:29<02:21,  1.49s/it]prompt_de a=1:  16%|█▌        | 18/112 [00:33<03:14,  2.07s/it]prompt_de a=1:  17%|█▋        | 19/112 [00:36<03:52,  2.50s/it]prompt_de a=1:  18%|█▊        | 20/112 [00:39<04:09,  2.71s/it]prompt_de a=1:  19%|█▉        | 21/112 [00:40<03:03,  2.02s/it]prompt_de a=1:  20%|█▉        | 22/112 [00:40<02:14,  1.49s/it]prompt_de a=1:  21%|██        | 23/112 [00:43<03:02,  2.05s/it]prompt_de a=1:  21%|██▏       | 24/112 [00:44<02:17,  1.56s/it]prompt_de a=1:  22%|██▏       | 25/112 [00:47<03:05,  2.13s/it]prompt_de a=1:  23%|██▎       | 26/112 [00:49<02:50,  1.99s/it]prompt_de a=1:  24%|██▍       | 27/112 [00:49<02:04,  1.46s/it]prompt_de a=1:  25%|██▌       | 28/112 [00:51<02:15,  1.62s/it]prompt_de a=1:  26%|██▌       | 29/112 [00:52<01:58,  1.43s/it]prompt_de a=1:  27%|██▋       | 30/112 [00:54<02:06,  1.54s/it]prompt_de a=1:  28%|██▊       | 31/112 [00:54<01:35,  1.18s/it]prompt_de a=1:  29%|██▊       | 32/112 [00:58<02:29,  1.86s/it]prompt_de a=1:  29%|██▉       | 33/112 [01:00<02:33,  1.94s/it]prompt_de a=1:  30%|███       | 34/112 [01:00<01:54,  1.46s/it]prompt_de a=1:  31%|███▏      | 35/112 [01:01<01:42,  1.33s/it]prompt_de a=1:  32%|███▏      | 36/112 [01:02<01:23,  1.10s/it]prompt_de a=1:  33%|███▎      | 37/112 [01:04<01:38,  1.31s/it]prompt_de a=1:  34%|███▍      | 38/112 [01:04<01:17,  1.04s/it]prompt_de a=1:  35%|███▍      | 39/112 [01:08<02:09,  1.78s/it]prompt_de a=1:  36%|███▌      | 40/112 [01:10<02:15,  1.88s/it]prompt_de a=1:  37%|███▋      | 41/112 [01:12<02:32,  2.15s/it]prompt_de a=1:  38%|███▊      | 42/112 [01:14<02:19,  1.99s/it]prompt_de a=1:  38%|███▊      | 43/112 [01:14<01:43,  1.50s/it]prompt_de a=1:  39%|███▉      | 44/112 [01:16<01:52,  1.66s/it]prompt_de a=1:  40%|████      | 45/112 [01:17<01:29,  1.34s/it]prompt_de a=1:  41%|████      | 46/112 [01:21<02:10,  1.98s/it]prompt_de a=1:  42%|████▏     | 47/112 [01:24<02:37,  2.43s/it]prompt_de a=1:  43%|████▎     | 48/112 [01:24<01:52,  1.76s/it]prompt_de a=1:  44%|████▍     | 49/112 [01:26<01:54,  1.82s/it]prompt_de a=1:  45%|████▍     | 50/112 [01:27<01:25,  1.39s/it]prompt_de a=1:  46%|████▌     | 51/112 [01:27<01:05,  1.07s/it]prompt_de a=1:  46%|████▋     | 52/112 [01:27<00:52,  1.13it/s]prompt_de a=1:  47%|████▋     | 53/112 [01:31<01:37,  1.66s/it]prompt_de a=1:  48%|████▊     | 54/112 [01:34<02:08,  2.21s/it]prompt_de a=1:  49%|████▉     | 55/112 [01:35<01:33,  1.65s/it]prompt_de a=1:  50%|█████     | 56/112 [01:35<01:13,  1.31s/it]prompt_de a=1:  51%|█████     | 57/112 [01:36<00:56,  1.03s/it]prompt_de a=1:  52%|█████▏    | 58/112 [01:36<00:46,  1.15it/s]prompt_de a=1:  53%|█████▎    | 59/112 [01:38<01:08,  1.30s/it]prompt_de a=1:  54%|█████▎    | 60/112 [01:42<01:41,  1.95s/it]prompt_de a=1:  54%|█████▍    | 61/112 [01:45<02:02,  2.40s/it]prompt_de a=1:  55%|█████▌    | 62/112 [01:46<01:28,  1.76s/it]prompt_de a=1:  56%|█████▋    | 63/112 [01:48<01:32,  1.88s/it]prompt_de a=1:  57%|█████▋    | 64/112 [01:48<01:11,  1.48s/it]prompt_de a=1:  58%|█████▊    | 65/112 [01:49<00:54,  1.17s/it]prompt_de a=1:  59%|█████▉    | 66/112 [01:49<00:41,  1.10it/s]prompt_de a=1:  60%|█████▉    | 67/112 [01:52<01:15,  1.67s/it]prompt_de a=1:  61%|██████    | 68/112 [01:55<01:31,  2.08s/it]prompt_de a=1:  62%|██████▏   | 69/112 [01:56<01:07,  1.57s/it]prompt_de a=1:  62%|██████▎   | 70/112 [01:56<00:51,  1.22s/it]prompt_de a=1:  63%|██████▎   | 71/112 [01:57<00:39,  1.03it/s]prompt_de a=1:  64%|██████▍   | 72/112 [01:57<00:32,  1.23it/s]prompt_de a=1:  65%|██████▌   | 73/112 [01:57<00:26,  1.46it/s]prompt_de a=1:  66%|██████▌   | 74/112 [02:01<00:57,  1.52s/it]prompt_de a=1:  67%|██████▋   | 75/112 [02:04<01:09,  1.87s/it]prompt_de a=1:  68%|██████▊   | 76/112 [02:04<00:51,  1.44s/it]prompt_de a=1:  69%|██████▉   | 77/112 [02:05<00:48,  1.40s/it]prompt_de a=1:  70%|██████▉   | 78/112 [02:08<00:57,  1.69s/it]prompt_de a=1:  71%|███████   | 79/112 [02:08<00:43,  1.33s/it]prompt_de a=1:  71%|███████▏  | 80/112 [02:09<00:33,  1.03s/it]prompt_de a=1:  72%|███████▏  | 81/112 [02:12<00:54,  1.75s/it]prompt_de a=1:  73%|███████▎  | 82/112 [02:15<00:59,  1.98s/it]prompt_de a=1:  74%|███████▍  | 83/112 [02:15<00:43,  1.50s/it]prompt_de a=1:  75%|███████▌  | 84/112 [02:16<00:35,  1.27s/it]prompt_de a=1:  76%|███████▌  | 85/112 [02:16<00:27,  1.02s/it]prompt_de a=1:  77%|███████▋  | 86/112 [02:17<00:22,  1.15it/s]prompt_de a=1:  78%|███████▊  | 87/112 [02:17<00:18,  1.38it/s]prompt_de a=1:  79%|███████▊  | 88/112 [02:21<00:37,  1.57s/it]prompt_de a=1:  79%|███████▉  | 89/112 [02:24<00:48,  2.09s/it]prompt_de a=1:  80%|████████  | 90/112 [02:26<00:48,  2.18s/it]prompt_de a=1:  81%|████████▏ | 91/112 [02:27<00:33,  1.61s/it]prompt_de a=1:  82%|████████▏ | 92/112 [02:27<00:26,  1.31s/it]prompt_de a=1:  83%|████████▎ | 93/112 [02:27<00:19,  1.02s/it]prompt_de a=1:  84%|████████▍ | 94/112 [02:31<00:31,  1.76s/it]prompt_de a=1:  85%|████████▍ | 95/112 [02:34<00:38,  2.28s/it]prompt_de a=1:  86%|████████▌ | 96/112 [02:38<00:42,  2.65s/it]prompt_de a=1:  87%|████████▋ | 97/112 [02:38<00:30,  2.01s/it]prompt_de a=1:  88%|████████▊ | 98/112 [02:39<00:21,  1.51s/it]prompt_de a=1:  88%|████████▊ | 99/112 [02:39<00:15,  1.18s/it]prompt_de a=1:  89%|████████▉ | 100/112 [02:42<00:19,  1.66s/it]prompt_de a=1:  90%|█████████ | 101/112 [02:42<00:13,  1.23s/it]prompt_de a=1:  91%|█████████ | 102/112 [02:45<00:15,  1.55s/it]prompt_de a=1:  92%|█████████▏| 103/112 [02:48<00:19,  2.14s/it]prompt_de a=1:  93%|█████████▎| 104/112 [02:52<00:20,  2.56s/it]prompt_de a=1:  94%|█████████▍| 105/112 [02:54<00:17,  2.56s/it]prompt_de a=1:  95%|█████████▍| 106/112 [02:54<00:11,  1.90s/it]prompt_de a=1:  96%|█████████▌| 107/112 [02:55<00:07,  1.45s/it]prompt_de a=1:  96%|█████████▋| 108/112 [02:55<00:04,  1.16s/it]prompt_de a=1:  97%|█████████▋| 109/112 [02:59<00:05,  1.87s/it]prompt_de a=1:  98%|█████████▊| 110/112 [03:02<00:04,  2.26s/it]prompt_de a=1:  99%|█████████▉| 111/112 [03:02<00:01,  1.64s/it]prompt_de a=1: 100%|██████████| 112/112 [03:03<00:00,  1.32s/it]prompt_de a=1: 100%|██████████| 112/112 [03:03<00:00,  1.64s/it]
prompt a=0:   0%|          | 0/112 [00:00<?, ?it/s]prompt a=0:   1%|          | 1/112 [00:00<00:51,  2.15it/s]prompt a=0:   2%|▏         | 2/112 [00:00<00:46,  2.35it/s]prompt a=0:   3%|▎         | 3/112 [00:02<01:32,  1.18it/s]prompt a=0:   4%|▎         | 4/112 [00:05<03:25,  1.90s/it]prompt a=0:   4%|▍         | 5/112 [00:09<04:27,  2.50s/it]prompt a=0:   5%|▌         | 6/112 [00:12<04:59,  2.83s/it]prompt a=0:   6%|▋         | 7/112 [00:16<05:19,  3.04s/it]prompt a=0:   7%|▋         | 8/112 [00:17<04:19,  2.50s/it]prompt a=0:   8%|▊         | 9/112 [00:21<04:48,  2.80s/it]prompt a=0:   9%|▉         | 10/112 [00:21<03:26,  2.02s/it]prompt a=0:  10%|▉         | 11/112 [00:24<04:09,  2.47s/it]prompt a=0:  11%|█         | 12/112 [00:28<04:37,  2.77s/it]prompt a=0:  12%|█▏        | 13/112 [00:31<04:54,  2.98s/it]prompt a=0:  12%|█▎        | 14/112 [00:35<05:06,  3.13s/it]prompt a=0:  13%|█▎        | 15/112 [00:35<03:39,  2.26s/it]prompt a=0:  14%|█▍        | 16/112 [00:38<04:12,  2.63s/it]prompt a=0:  15%|█▌        | 17/112 [00:42<04:35,  2.90s/it]prompt a=0:  16%|█▌        | 18/112 [00:45<04:50,  3.09s/it]prompt a=0:  17%|█▋        | 19/112 [00:49<04:58,  3.21s/it]prompt a=0:  18%|█▊        | 20/112 [00:53<05:04,  3.30s/it]prompt a=0:  19%|█▉        | 21/112 [00:56<05:06,  3.37s/it]prompt a=0:  20%|█▉        | 22/112 [00:56<03:38,  2.43s/it]prompt a=0:  21%|██        | 23/112 [01:00<04:05,  2.76s/it]prompt a=0:  21%|██▏       | 24/112 [01:00<02:57,  2.01s/it]prompt a=0:  22%|██▏       | 25/112 [01:04<03:33,  2.45s/it]prompt a=0:  23%|██▎       | 26/112 [01:07<03:57,  2.76s/it]prompt a=0:  24%|██▍       | 27/112 [01:08<02:58,  2.10s/it]prompt a=0:  25%|██▌       | 28/112 [01:08<02:09,  1.54s/it]prompt a=0:  26%|██▌       | 29/112 [01:10<02:12,  1.60s/it]prompt a=0:  27%|██▋       | 30/112 [01:13<02:56,  2.16s/it]prompt a=0:  28%|██▊       | 31/112 [01:13<02:12,  1.64s/it]prompt a=0:  29%|██▊       | 32/112 [01:17<02:55,  2.19s/it]prompt a=0:  29%|██▉       | 33/112 [01:20<03:23,  2.58s/it]prompt a=0:  30%|███       | 34/112 [01:24<03:41,  2.84s/it]prompt a=0:  31%|███▏      | 35/112 [01:27<03:53,  3.04s/it]prompt a=0:  32%|███▏      | 36/112 [01:31<04:01,  3.17s/it]prompt a=0:  33%|███▎      | 37/112 [01:32<03:07,  2.51s/it]prompt a=0:  34%|███▍      | 38/112 [01:32<02:15,  1.83s/it]prompt a=0:  35%|███▍      | 39/112 [01:36<02:50,  2.34s/it]prompt a=0:  36%|███▌      | 40/112 [01:39<03:13,  2.69s/it]prompt a=0:  37%|███▋      | 41/112 [01:42<03:25,  2.90s/it]prompt a=0:  38%|███▊      | 42/112 [01:46<03:27,  2.96s/it]prompt a=0:  38%|███▊      | 43/112 [01:46<02:28,  2.15s/it]prompt a=0:  39%|███▉      | 44/112 [01:49<02:54,  2.56s/it]prompt a=0:  40%|████      | 45/112 [01:53<03:11,  2.85s/it]prompt a=0:  41%|████      | 46/112 [01:56<03:21,  3.06s/it]prompt a=0:  42%|████▏     | 47/112 [02:00<03:27,  3.20s/it]prompt a=0:  43%|████▎     | 48/112 [02:03<03:30,  3.28s/it]prompt a=0:  44%|████▍     | 49/112 [02:06<03:19,  3.17s/it]prompt a=0:  45%|████▍     | 50/112 [02:10<03:23,  3.28s/it]prompt a=0:  46%|████▌     | 51/112 [02:11<02:39,  2.62s/it]prompt a=0:  46%|████▋     | 52/112 [02:14<02:36,  2.61s/it]prompt a=0:  47%|████▋     | 53/112 [02:17<02:50,  2.89s/it]prompt a=0:  48%|████▊     | 54/112 [02:21<02:58,  3.08s/it]prompt a=0:  49%|████▉     | 55/112 [02:21<02:07,  2.24s/it]prompt a=0:  50%|█████     | 56/112 [02:21<01:33,  1.67s/it]prompt a=0:  51%|█████     | 57/112 [02:21<01:08,  1.25s/it]prompt a=0:  52%|█████▏    | 58/112 [02:22<00:55,  1.02s/it]prompt a=0:  53%|█████▎    | 59/112 [02:25<01:20,  1.52s/it]prompt a=0:  54%|█████▎    | 60/112 [02:28<01:49,  2.11s/it]prompt a=0:  54%|█████▍    | 61/112 [02:32<02:08,  2.52s/it]prompt a=0:  55%|█████▌    | 62/112 [02:32<01:31,  1.84s/it]prompt a=0:  56%|█████▋    | 63/112 [02:33<01:19,  1.62s/it]prompt a=0:  57%|█████▋    | 64/112 [02:33<01:00,  1.25s/it]prompt a=0:  58%|█████▊    | 65/112 [02:37<01:30,  1.92s/it]prompt a=0:  59%|█████▉    | 66/112 [02:37<01:05,  1.42s/it]prompt a=0:  60%|█████▉    | 67/112 [02:41<01:31,  2.04s/it]prompt a=0:  61%|██████    | 68/112 [02:44<01:48,  2.47s/it]prompt a=0:  62%|██████▏   | 69/112 [02:44<01:18,  1.82s/it]prompt a=0:  62%|██████▎   | 70/112 [02:45<01:04,  1.54s/it]prompt a=0:  63%|██████▎   | 71/112 [02:46<00:51,  1.26s/it]prompt a=0:  64%|██████▍   | 72/112 [02:47<00:50,  1.25s/it]prompt a=0:  65%|██████▌   | 73/112 [02:47<00:37,  1.03it/s]prompt a=0:  66%|██████▌   | 74/112 [02:51<01:05,  1.72s/it]prompt a=0:  67%|██████▋   | 75/112 [02:54<01:22,  2.24s/it]prompt a=0:  68%|██████▊   | 76/112 [02:55<01:00,  1.68s/it]prompt a=0:  69%|██████▉   | 77/112 [02:57<01:03,  1.80s/it]prompt a=0:  70%|██████▉   | 78/112 [03:00<01:18,  2.32s/it]prompt a=0:  71%|███████   | 79/112 [03:04<01:28,  2.68s/it]prompt a=0:  71%|███████▏  | 80/112 [03:04<01:02,  1.95s/it]prompt a=0:  72%|███████▏  | 81/112 [03:08<01:14,  2.40s/it]prompt a=0:  73%|███████▎  | 82/112 [03:11<01:21,  2.72s/it]prompt a=0:  74%|███████▍  | 83/112 [03:11<00:58,  2.02s/it]prompt a=0:  75%|███████▌  | 84/112 [03:14<00:57,  2.06s/it]prompt a=0:  76%|███████▌  | 85/112 [03:16<01:00,  2.23s/it]prompt a=0:  77%|███████▋  | 86/112 [03:16<00:42,  1.64s/it]prompt a=0:  78%|███████▊  | 87/112 [03:17<00:31,  1.26s/it]prompt a=0:  79%|███████▊  | 88/112 [03:20<00:46,  1.94s/it]prompt a=0:  79%|███████▉  | 89/112 [03:24<00:55,  2.42s/it]prompt a=0:  80%|████████  | 90/112 [03:24<00:39,  1.81s/it]prompt a=0:  81%|████████▏ | 91/112 [03:25<00:28,  1.36s/it]prompt a=0:  82%|████████▏ | 92/112 [03:25<00:21,  1.06s/it]prompt a=0:  83%|████████▎ | 93/112 [03:25<00:15,  1.23it/s]prompt a=0:  84%|████████▍ | 94/112 [03:26<00:13,  1.38it/s]prompt a=0:  85%|████████▍ | 95/112 [03:29<00:26,  1.56s/it]prompt a=0:  86%|████████▌ | 96/112 [03:33<00:34,  2.16s/it]prompt a=0:  87%|████████▋ | 97/112 [03:33<00:24,  1.63s/it]prompt a=0:  88%|████████▊ | 98/112 [03:33<00:17,  1.23s/it]prompt a=0:  88%|████████▊ | 99/112 [03:34<00:12,  1.00it/s]prompt a=0:  89%|████████▉ | 100/112 [03:37<00:21,  1.76s/it]prompt a=0:  90%|█████████ | 101/112 [03:38<00:14,  1.33s/it]prompt a=0:  91%|█████████ | 102/112 [03:41<00:19,  1.98s/it]prompt a=0:  92%|█████████▏| 103/112 [03:45<00:21,  2.44s/it]prompt a=0:  93%|█████████▎| 104/112 [03:48<00:22,  2.77s/it]prompt a=0:  94%|█████████▍| 105/112 [03:50<00:16,  2.31s/it]prompt a=0:  95%|█████████▍| 106/112 [03:50<00:10,  1.69s/it]prompt a=0:  96%|█████████▌| 107/112 [03:52<00:09,  1.91s/it]prompt a=0:  96%|█████████▋| 108/112 [03:53<00:06,  1.54s/it]prompt a=0:  97%|█████████▋| 109/112 [03:56<00:06,  2.12s/it]prompt a=0:  98%|█████████▊| 110/112 [04:00<00:05,  2.52s/it]prompt a=0:  99%|█████████▉| 111/112 [04:03<00:02,  2.81s/it]prompt a=0: 100%|██████████| 112/112 [04:05<00:00,  2.33s/it]prompt a=0: 100%|██████████| 112/112 [04:05<00:00,  2.19s/it]
prompt a=1:   0%|          | 0/112 [00:00<?, ?it/s]prompt a=1:   1%|          | 1/112 [00:00<01:10,  1.57it/s]prompt a=1:   2%|▏         | 2/112 [00:01<00:57,  1.93it/s]prompt a=1:   3%|▎         | 3/112 [00:03<02:44,  1.51s/it]prompt a=1:   4%|▎         | 4/112 [00:07<04:06,  2.29s/it]prompt a=1:   4%|▍         | 5/112 [00:10<04:50,  2.71s/it]prompt a=1:   5%|▌         | 6/112 [00:13<04:47,  2.72s/it]prompt a=1:   6%|▋         | 7/112 [00:13<03:27,  1.98s/it]prompt a=1:   7%|▋         | 8/112 [00:14<02:35,  1.49s/it]prompt a=1:   8%|▊         | 9/112 [00:16<03:05,  1.80s/it]prompt a=1:   9%|▉         | 10/112 [00:17<02:17,  1.35s/it]prompt a=1:  10%|▉         | 11/112 [00:20<03:22,  2.00s/it]prompt a=1:  11%|█         | 12/112 [00:24<04:04,  2.45s/it]prompt a=1:  12%|█▏        | 13/112 [00:26<04:01,  2.44s/it]prompt a=1:  12%|█▎        | 14/112 [00:28<03:51,  2.36s/it]prompt a=1:  13%|█▎        | 15/112 [00:29<03:05,  1.91s/it]prompt a=1:  14%|█▍        | 16/112 [00:33<03:49,  2.39s/it]prompt a=1:  15%|█▌        | 17/112 [00:33<02:48,  1.77s/it]prompt a=1:  16%|█▌        | 18/112 [00:36<03:34,  2.28s/it]prompt a=1:  17%|█▋        | 19/112 [00:40<04:05,  2.63s/it]prompt a=1:  18%|█▊        | 20/112 [00:43<04:07,  2.69s/it]prompt a=1:  19%|█▉        | 21/112 [00:43<02:58,  1.96s/it]prompt a=1:  20%|█▉        | 22/112 [00:43<02:10,  1.45s/it]prompt a=1:  21%|██        | 23/112 [00:44<02:03,  1.39s/it]prompt a=1:  21%|██▏       | 24/112 [00:45<01:35,  1.09s/it]prompt a=1:  22%|██▏       | 25/112 [00:48<02:36,  1.80s/it]prompt a=1:  23%|██▎       | 26/112 [00:50<02:35,  1.81s/it]prompt a=1:  24%|██▍       | 27/112 [00:51<01:57,  1.39s/it]prompt a=1:  25%|██▌       | 28/112 [00:51<01:33,  1.11s/it]prompt a=1:  26%|██▌       | 29/112 [00:52<01:31,  1.10s/it]prompt a=1:  27%|██▋       | 30/112 [00:54<01:58,  1.45s/it]prompt a=1:  28%|██▊       | 31/112 [00:55<01:30,  1.12s/it]prompt a=1:  29%|██▊       | 32/112 [00:58<02:26,  1.83s/it]prompt a=1:  29%|██▉       | 33/112 [01:02<03:02,  2.31s/it]prompt a=1:  30%|███       | 34/112 [01:04<03:10,  2.45s/it]prompt a=1:  31%|███▏      | 35/112 [01:06<02:54,  2.27s/it]prompt a=1:  32%|███▏      | 36/112 [01:09<02:57,  2.33s/it]prompt a=1:  33%|███▎      | 37/112 [01:11<02:58,  2.38s/it]prompt a=1:  34%|███▍      | 38/112 [01:12<02:12,  1.79s/it]prompt a=1:  35%|███▍      | 39/112 [01:15<02:47,  2.29s/it]prompt a=1:  36%|███▌      | 40/112 [01:18<03:10,  2.64s/it]prompt a=1:  37%|███▋      | 41/112 [01:20<02:49,  2.39s/it]prompt a=1:  38%|███▊      | 42/112 [01:22<02:38,  2.27s/it]prompt a=1:  38%|███▊      | 43/112 [01:23<01:57,  1.70s/it]prompt a=1:  39%|███▉      | 44/112 [01:25<01:59,  1.76s/it]prompt a=1:  40%|████      | 45/112 [01:26<01:56,  1.73s/it]prompt a=1:  41%|████      | 46/112 [01:30<02:28,  2.25s/it]prompt a=1:  42%|████▏     | 47/112 [01:32<02:20,  2.17s/it]prompt a=1:  43%|████▎     | 48/112 [01:32<01:41,  1.59s/it]prompt a=1:  44%|████▍     | 49/112 [01:34<01:52,  1.78s/it]prompt a=1:  45%|████▍     | 50/112 [01:37<02:18,  2.23s/it]prompt a=1:  46%|████▌     | 51/112 [01:38<01:43,  1.70s/it]prompt a=1:  46%|████▋     | 52/112 [01:38<01:19,  1.32s/it]prompt a=1:  47%|████▋     | 53/112 [01:42<01:55,  1.96s/it]prompt a=1:  48%|████▊     | 54/112 [01:45<02:20,  2.42s/it]prompt a=1:  49%|████▉     | 55/112 [01:46<01:42,  1.80s/it]prompt a=1:  50%|█████     | 56/112 [01:48<01:44,  1.87s/it]prompt a=1:  51%|█████     | 57/112 [01:48<01:17,  1.41s/it]prompt a=1:  52%|█████▏    | 58/112 [01:49<01:03,  1.17s/it]prompt a=1:  53%|█████▎    | 59/112 [01:50<01:07,  1.28s/it]prompt a=1:  54%|█████▎    | 60/112 [01:54<01:40,  1.93s/it]prompt a=1:  54%|█████▍    | 61/112 [01:57<02:01,  2.38s/it]prompt a=1:  55%|█████▌    | 62/112 [01:57<01:27,  1.75s/it]prompt a=1:  56%|█████▋    | 63/112 [01:58<01:05,  1.34s/it]prompt a=1:  57%|█████▋    | 64/112 [01:58<00:53,  1.12s/it]prompt a=1:  58%|█████▊    | 65/112 [01:59<00:40,  1.15it/s]prompt a=1:  59%|█████▉    | 66/112 [01:59<00:32,  1.43it/s]prompt a=1:  60%|█████▉    | 67/112 [02:02<01:08,  1.53s/it]prompt a=1:  61%|██████    | 68/112 [02:06<01:32,  2.10s/it]prompt a=1:  62%|██████▏   | 69/112 [02:06<01:08,  1.59s/it]prompt a=1:  62%|██████▎   | 70/112 [02:10<01:30,  2.15s/it]prompt a=1:  63%|██████▎   | 71/112 [02:10<01:06,  1.62s/it]prompt a=1:  64%|██████▍   | 72/112 [02:10<00:50,  1.27s/it]prompt a=1:  65%|██████▌   | 73/112 [02:12<00:50,  1.29s/it]prompt a=1:  66%|██████▌   | 74/112 [02:15<01:13,  1.93s/it]prompt a=1:  67%|██████▋   | 75/112 [02:19<01:28,  2.40s/it]prompt a=1:  68%|██████▊   | 76/112 [02:19<01:05,  1.81s/it]prompt a=1:  69%|██████▉   | 77/112 [02:21<00:58,  1.68s/it]prompt a=1:  70%|██████▉   | 78/112 [02:21<00:48,  1.43s/it]prompt a=1:  71%|███████   | 79/112 [02:25<01:07,  2.05s/it]prompt a=1:  71%|███████▏  | 80/112 [02:25<00:49,  1.55s/it]prompt a=1:  72%|███████▏  | 81/112 [02:29<01:06,  2.14s/it]prompt a=1:  73%|███████▎  | 82/112 [02:32<01:10,  2.37s/it]prompt a=1:  74%|███████▍  | 83/112 [02:32<00:52,  1.81s/it]prompt a=1:  75%|███████▌  | 84/112 [02:34<00:47,  1.70s/it]prompt a=1:  76%|███████▌  | 85/112 [02:35<00:42,  1.57s/it]prompt a=1:  77%|███████▋  | 86/112 [02:35<00:32,  1.26s/it]prompt a=1:  78%|███████▊  | 87/112 [02:36<00:24,  1.01it/s]prompt a=1:  79%|███████▊  | 88/112 [02:39<00:41,  1.75s/it]prompt a=1:  79%|███████▉  | 89/112 [02:43<00:52,  2.27s/it]prompt a=1:  80%|████████  | 90/112 [02:44<00:40,  1.83s/it]prompt a=1:  81%|████████▏ | 91/112 [02:46<00:40,  1.92s/it]prompt a=1:  82%|████████▏ | 92/112 [02:46<00:30,  1.51s/it]prompt a=1:  83%|████████▎ | 93/112 [02:47<00:21,  1.16s/it]prompt a=1:  84%|████████▍ | 94/112 [02:47<00:16,  1.09it/s]prompt a=1:  85%|████████▍ | 95/112 [02:50<00:28,  1.69s/it]prompt a=1:  86%|████████▌ | 96/112 [02:54<00:35,  2.24s/it]prompt a=1:  87%|████████▋ | 97/112 [02:54<00:25,  1.69s/it]prompt a=1:  88%|████████▊ | 98/112 [02:55<00:17,  1.28s/it]prompt a=1:  88%|████████▊ | 99/112 [02:55<00:13,  1.03s/it]prompt a=1:  89%|████████▉ | 100/112 [02:55<00:09,  1.23it/s]prompt a=1:  90%|█████████ | 101/112 [02:56<00:07,  1.47it/s]prompt a=1:  91%|█████████ | 102/112 [02:59<00:15,  1.53s/it]prompt a=1:  92%|█████████▏| 103/112 [03:03<00:19,  2.12s/it]prompt a=1:  93%|█████████▎| 104/112 [03:06<00:20,  2.54s/it]prompt a=1:  94%|█████████▍| 105/112 [03:08<00:16,  2.34s/it]prompt a=1:  95%|█████████▍| 106/112 [03:09<00:10,  1.75s/it]prompt a=1:  96%|█████████▌| 107/112 [03:10<00:07,  1.58s/it]prompt a=1:  96%|█████████▋| 108/112 [03:10<00:04,  1.25s/it]prompt a=1:  97%|█████████▋| 109/112 [03:14<00:05,  1.93s/it]prompt a=1:  98%|█████████▊| 110/112 [03:17<00:04,  2.40s/it]prompt a=1:  99%|█████████▉| 111/112 [03:20<00:02,  2.54s/it]prompt a=1: 100%|██████████| 112/112 [03:21<00:00,  2.17s/it]prompt a=1: 100%|██████████| 112/112 [03:21<00:00,  1.80s/it]

============================================================================================================================================
condicion              n    fr    en    es    de    it    pt  unk  is_fr  st_fr   acc  cambio  largo  ce_fr_h  ce_en_h  leak
--------------------------------------------------------------------------------------------------------------------------------------------
prompt_es a=0        112  0.00  0.00  0.96  0.00  0.00  0.00 0.04   0.00   0.32  0.70     nan  277.3    5.294    3.718  0.00
prompt_es a=1        112  0.99  0.00  0.01  0.00  0.00  0.00 0.00   0.99   0.89  0.61    1.00  233.9    1.023    4.014  0.00
prompt_de a=0        112  0.00  0.01  0.00  0.95  0.00  0.00 0.04   0.00   0.00  0.71     nan  315.7    5.749    4.456  0.00
prompt_de a=1        112  1.00  0.00  0.00  0.00  0.00  0.00 0.00   1.00   0.84  0.58    1.00  242.6    1.041    4.054  0.00
prompt a=0           112  0.00  1.00  0.00  0.00  0.00  0.00 0.00   0.00   0.00  0.96     nan  423.9    5.594    0.191  0.00
prompt a=1           112  0.99  0.00  0.00  0.00  0.00  0.00 0.00   0.99   0.89  0.79    1.00  271.6    0.572    3.471  0.00
============================================================================================================================================

celda target: fr
condicion             celda_ok    tgt  mayus
prompt_es a=0             0.00   0.00   0.00
prompt_es a=1             0.99   0.99   0.00
prompt_de a=0             0.00   0.00   0.00
prompt_de a=1             1.00   1.00   0.00
prompt a=0                0.00   0.00   0.00
prompt a=1                0.99   0.99   0.00
ce_fr_h es la CE del head del target de ESTA celda (columna `output` del CSV), no de frances.
fr/en/es/de/it/pt/unk: fraccion de salidas por idioma (language_verdict). cambio: salida != a=0.
ce_*_h: CE del head del target frances / del baseline ingles bajo esa condicion.

Guardado: algebra/runs/v8/alg_fr/cross_lang_idioma.json
`torch_dtype` is deprecated! Use `dtype` instead!
Loading checkpoint shards:   0%|          | 0/2 [00:00<?, ?it/s]Loading checkpoint shards:  50%|█████     | 1/2 [00:01<00:01,  1.02s/it]Loading checkpoint shards: 100%|██████████| 2/2 [00:01<00:00,  1.66it/s]Loading checkpoint shards: 100%|██████████| 2/2 [00:01<00:00,  1.50it/s]
parche algebra/runs/v8/alg_fr/lang_patch_best_train.pt  norma 0.8711  |  tail held-out 112 (idx 588..699)
preset=romance  condiciones=['prompt_it a=0', 'prompt_it a=1', 'prompt_pt a=0', 'prompt_pt a=1']
prompt_it a=0:   0%|          | 0/112 [00:00<?, ?it/s][lang_id] GlotLID: /mnt/custom-file-systems/efs/fs-0ded2930a619aa967_fsap-0faa05c681ed1a8f3/papers/LLMAtaquesContinuos/modelos/glotlid/model.bin
prompt_it a=0:   1%|          | 1/112 [00:01<03:25,  1.85s/it]prompt_it a=0:   2%|▏         | 2/112 [00:02<02:00,  1.10s/it]prompt_it a=0:   3%|▎         | 3/112 [00:03<01:43,  1.05it/s]prompt_it a=0:   4%|▎         | 4/112 [00:06<03:32,  1.96s/it]prompt_it a=0:   4%|▍         | 5/112 [00:07<02:59,  1.68s/it]prompt_it a=0:   5%|▌         | 6/112 [00:11<04:03,  2.30s/it]prompt_it a=0:   6%|▋         | 7/112 [00:14<04:42,  2.69s/it]prompt_it a=0:   7%|▋         | 8/112 [00:15<03:27,  2.00s/it]prompt_it a=0:   8%|▊         | 9/112 [00:17<03:29,  2.04s/it]prompt_it a=0:   9%|▉         | 10/112 [00:17<02:30,  1.47s/it]prompt_it a=0:  10%|▉         | 11/112 [00:21<03:31,  2.10s/it]prompt_it a=0:  11%|█         | 12/112 [00:24<04:12,  2.53s/it]prompt_it a=0:  12%|█▏        | 13/112 [00:28<04:39,  2.83s/it]prompt_it a=0:  12%|█▎        | 14/112 [00:31<04:57,  3.03s/it]prompt_it a=0:  13%|█▎        | 15/112 [00:31<03:29,  2.15s/it]prompt_it a=0:  14%|█▍        | 16/112 [00:33<02:56,  1.84s/it]prompt_it a=0:  15%|█▌        | 17/112 [00:33<02:15,  1.42s/it]prompt_it a=0:  16%|█▌        | 18/112 [00:36<03:12,  2.05s/it]prompt_it a=0:  17%|█▋        | 19/112 [00:40<03:51,  2.49s/it]prompt_it a=0:  18%|█▊        | 20/112 [00:43<04:16,  2.79s/it]prompt_it a=0:  19%|█▉        | 21/112 [00:44<03:18,  2.18s/it]prompt_it a=0:  20%|█▉        | 22/112 [00:45<02:25,  1.61s/it]prompt_it a=0:  21%|██        | 23/112 [00:45<02:02,  1.38s/it]prompt_it a=0:  21%|██▏       | 24/112 [00:46<01:34,  1.07s/it]prompt_it a=0:  22%|██▏       | 25/112 [00:49<02:36,  1.80s/it]prompt_it a=0:  23%|██▎       | 26/112 [00:53<03:17,  2.30s/it]prompt_it a=0:  24%|██▍       | 27/112 [00:56<03:46,  2.67s/it]prompt_it a=0:  25%|██▌       | 28/112 [01:00<04:05,  2.92s/it]prompt_it a=0:  26%|██▌       | 29/112 [01:00<03:03,  2.21s/it]prompt_it a=0:  27%|██▋       | 30/112 [01:02<02:39,  1.95s/it]prompt_it a=0:  28%|██▊       | 31/112 [01:02<01:58,  1.47s/it]prompt_it a=0:  29%|██▊       | 32/112 [01:03<01:38,  1.24s/it]prompt_it a=0:  29%|██▉       | 33/112 [01:06<02:31,  1.92s/it]prompt_it a=0:  30%|███       | 34/112 [01:10<03:07,  2.40s/it]prompt_it a=0:  31%|███▏      | 35/112 [01:10<02:22,  1.85s/it]prompt_it a=0:  32%|███▏      | 36/112 [01:11<01:51,  1.47s/it]prompt_it a=0:  33%|███▎      | 37/112 [01:11<01:30,  1.20s/it]prompt_it a=0:  34%|███▍      | 38/112 [01:12<01:10,  1.05it/s]prompt_it a=0:  35%|███▍      | 39/112 [01:15<02:05,  1.72s/it]prompt_it a=0:  36%|███▌      | 40/112 [01:19<02:42,  2.25s/it]prompt_it a=0:  37%|███▋      | 41/112 [01:19<02:02,  1.72s/it]prompt_it a=0:  38%|███▊      | 42/112 [01:23<02:38,  2.26s/it]prompt_it a=0:  38%|███▊      | 43/112 [01:23<01:51,  1.62s/it]prompt_it a=0:  39%|███▉      | 44/112 [01:23<01:27,  1.29s/it]prompt_it a=0:  40%|████      | 45/112 [01:24<01:08,  1.02s/it]prompt_it a=0:  41%|████      | 46/112 [01:27<01:56,  1.76s/it]prompt_it a=0:  42%|████▏     | 47/112 [01:31<02:28,  2.28s/it]prompt_it a=0:  43%|████▎     | 48/112 [01:34<02:49,  2.65s/it]prompt_it a=0:  44%|████▍     | 49/112 [01:35<02:09,  2.06s/it]prompt_it a=0:  45%|████▍     | 50/112 [01:36<01:39,  1.61s/it]prompt_it a=0:  46%|████▌     | 51/112 [01:36<01:22,  1.36s/it]prompt_it a=0:  46%|████▋     | 52/112 [01:37<01:04,  1.07s/it]prompt_it a=0:  47%|████▋     | 53/112 [01:40<01:46,  1.81s/it]prompt_it a=0:  48%|████▊     | 54/112 [01:41<01:29,  1.55s/it]prompt_it a=0:  49%|████▉     | 55/112 [01:42<01:07,  1.18s/it]prompt_it a=0:  50%|█████     | 56/112 [01:42<00:50,  1.10it/s]prompt_it a=0:  51%|█████     | 57/112 [01:42<00:41,  1.33it/s]prompt_it a=0:  52%|█████▏    | 58/112 [01:43<00:36,  1.48it/s]prompt_it a=0:  53%|█████▎    | 59/112 [01:43<00:35,  1.48it/s]prompt_it a=0:  54%|█████▎    | 60/112 [01:47<01:19,  1.53s/it]prompt_it a=0:  54%|█████▍    | 61/112 [01:50<01:48,  2.13s/it]prompt_it a=0:  55%|█████▌    | 62/112 [01:51<01:18,  1.58s/it]prompt_it a=0:  56%|█████▋    | 63/112 [01:52<01:19,  1.62s/it]prompt_it a=0:  57%|█████▋    | 64/112 [01:53<01:02,  1.30s/it]prompt_it a=0:  58%|█████▊    | 65/112 [01:54<00:50,  1.08s/it]prompt_it a=0:  59%|█████▉    | 66/112 [01:54<00:38,  1.18it/s]prompt_it a=0:  60%|█████▉    | 67/112 [01:57<01:14,  1.65s/it]prompt_it a=0:  61%|██████    | 68/112 [02:01<01:37,  2.21s/it]prompt_it a=0:  62%|██████▏   | 69/112 [02:01<01:11,  1.65s/it]prompt_it a=0:  62%|██████▎   | 70/112 [02:02<00:55,  1.32s/it]prompt_it a=0:  63%|██████▎   | 71/112 [02:05<01:21,  1.98s/it]prompt_it a=0:  64%|██████▍   | 72/112 [02:06<01:01,  1.54s/it]prompt_it a=0:  65%|██████▌   | 73/112 [02:07<00:53,  1.37s/it]prompt_it a=0:  66%|██████▌   | 74/112 [02:10<01:16,  2.00s/it]prompt_it a=0:  67%|██████▋   | 75/112 [02:14<01:30,  2.44s/it]prompt_it a=0:  68%|██████▊   | 76/112 [02:14<01:06,  1.85s/it]prompt_it a=0:  69%|██████▉   | 77/112 [02:15<00:49,  1.41s/it]prompt_it a=0:  70%|██████▉   | 78/112 [02:15<00:39,  1.16s/it]prompt_it a=0:  71%|███████   | 79/112 [02:16<00:32,  1.01it/s]prompt_it a=0:  71%|███████▏  | 80/112 [02:16<00:25,  1.25it/s]prompt_it a=0:  72%|███████▏  | 81/112 [02:20<00:49,  1.61s/it]prompt_it a=0:  73%|███████▎  | 82/112 [02:21<00:48,  1.63s/it]prompt_it a=0:  74%|███████▍  | 83/112 [02:22<00:37,  1.30s/it]prompt_it a=0:  75%|███████▌  | 84/112 [02:22<00:28,  1.00s/it]prompt_it a=0:  76%|███████▌  | 85/112 [02:23<00:23,  1.17it/s]prompt_it a=0:  77%|███████▋  | 86/112 [02:23<00:19,  1.34it/s]prompt_it a=0:  78%|███████▊  | 87/112 [02:24<00:16,  1.56it/s]prompt_it a=0:  79%|███████▊  | 88/112 [02:27<00:35,  1.50s/it]prompt_it a=0:  79%|███████▉  | 89/112 [02:31<00:48,  2.10s/it]prompt_it a=0:  80%|████████  | 90/112 [02:31<00:35,  1.62s/it]prompt_it a=0:  81%|████████▏ | 91/112 [02:31<00:26,  1.25s/it]prompt_it a=0:  82%|████████▏ | 92/112 [02:32<00:20,  1.04s/it]prompt_it a=0:  83%|████████▎ | 93/112 [02:32<00:15,  1.20it/s]prompt_it a=0:  84%|████████▍ | 94/112 [02:33<00:12,  1.47it/s]prompt_it a=0:  85%|████████▍ | 95/112 [02:36<00:26,  1.53s/it]prompt_it a=0:  86%|████████▌ | 96/112 [02:40<00:33,  2.12s/it]prompt_it a=0:  87%|████████▋ | 97/112 [02:40<00:24,  1.63s/it]prompt_it a=0:  88%|████████▊ | 98/112 [02:40<00:17,  1.24s/it]prompt_it a=0:  88%|████████▊ | 99/112 [02:41<00:12,  1.01it/s]prompt_it a=0:  89%|████████▉ | 100/112 [02:41<00:09,  1.22it/s]prompt_it a=0:  90%|█████████ | 101/112 [02:42<00:07,  1.51it/s]prompt_it a=0:  91%|█████████ | 102/112 [02:45<00:15,  1.52s/it]prompt_it a=0:  92%|█████████▏| 103/112 [02:49<00:19,  2.11s/it]prompt_it a=0:  93%|█████████▎| 104/112 [02:52<00:20,  2.52s/it]prompt_it a=0:  94%|█████████▍| 105/112 [02:56<00:19,  2.82s/it]prompt_it a=0:  95%|█████████▍| 106/112 [02:56<00:12,  2.08s/it]prompt_it a=0:  96%|█████████▌| 107/112 [02:56<00:07,  1.57s/it]prompt_it a=0:  96%|█████████▋| 108/112 [02:57<00:05,  1.25s/it]prompt_it a=0:  97%|█████████▋| 109/112 [03:00<00:05,  1.92s/it]prompt_it a=0:  98%|█████████▊| 110/112 [03:04<00:04,  2.40s/it]prompt_it a=0:  99%|█████████▉| 111/112 [03:07<00:02,  2.74s/it]prompt_it a=0: 100%|██████████| 112/112 [03:09<00:00,  2.28s/it]prompt_it a=0: 100%|██████████| 112/112 [03:09<00:00,  1.69s/it]
prompt_it a=1:   0%|          | 0/112 [00:00<?, ?it/s]prompt_it a=1:   1%|          | 1/112 [00:00<01:36,  1.16it/s]prompt_it a=1:   2%|▏         | 2/112 [00:01<01:05,  1.67it/s]prompt_it a=1:   3%|▎         | 3/112 [00:01<01:00,  1.80it/s]prompt_it a=1:   4%|▎         | 4/112 [00:05<03:07,  1.74s/it]prompt_it a=1:   4%|▍         | 5/112 [00:07<03:29,  1.96s/it]prompt_it a=1:   5%|▌         | 6/112 [00:09<03:16,  1.85s/it]prompt_it a=1:   6%|▋         | 7/112 [00:12<04:12,  2.40s/it]prompt_it a=1:   7%|▋         | 8/112 [00:13<03:05,  1.78s/it]prompt_it a=1:   8%|▊         | 9/112 [00:15<03:09,  1.84s/it]prompt_it a=1:   9%|▉         | 10/112 [00:15<02:22,  1.40s/it]prompt_it a=1:  10%|▉         | 11/112 [00:19<03:26,  2.05s/it]prompt_it a=1:  11%|█         | 12/112 [00:22<04:09,  2.49s/it]prompt_it a=1:  12%|█▏        | 13/112 [00:23<03:15,  1.97s/it]prompt_it a=1:  12%|█▎        | 14/112 [00:26<03:58,  2.43s/it]prompt_it a=1:  13%|█▎        | 15/112 [00:28<03:17,  2.04s/it]prompt_it a=1:  14%|█▍        | 16/112 [00:30<03:26,  2.15s/it]prompt_it a=1:  15%|█▌        | 17/112 [00:30<02:35,  1.63s/it]prompt_it a=1:  16%|█▌        | 18/112 [00:31<02:12,  1.41s/it]prompt_it a=1:  17%|█▋        | 19/112 [00:34<02:33,  1.65s/it]prompt_it a=1:  18%|█▊        | 20/112 [00:36<03:05,  2.02s/it]prompt_it a=1:  19%|█▉        | 21/112 [00:37<02:19,  1.54s/it]prompt_it a=1:  20%|█▉        | 22/112 [00:37<01:44,  1.16s/it]prompt_it a=1:  21%|██        | 23/112 [00:40<02:24,  1.63s/it]prompt_it a=1:  21%|██▏       | 24/112 [00:40<01:50,  1.26s/it]prompt_it a=1:  22%|██▏       | 25/112 [00:44<02:48,  1.93s/it]prompt_it a=1:  23%|██▎       | 26/112 [00:45<02:23,  1.67s/it]prompt_it a=1:  24%|██▍       | 27/112 [00:46<02:02,  1.44s/it]prompt_it a=1:  25%|██▌       | 28/112 [00:49<02:52,  2.05s/it]prompt_it a=1:  26%|██▌       | 29/112 [00:52<03:13,  2.33s/it]prompt_it a=1:  27%|██▋       | 30/112 [00:52<02:22,  1.73s/it]prompt_it a=1:  28%|██▊       | 31/112 [00:53<01:48,  1.34s/it]prompt_it a=1:  29%|██▊       | 32/112 [00:53<01:26,  1.08s/it]prompt_it a=1:  29%|██▉       | 33/112 [00:54<01:11,  1.10it/s]prompt_it a=1:  30%|███       | 34/112 [00:57<02:12,  1.69s/it]prompt_it a=1:  31%|███▏      | 35/112 [01:00<02:25,  1.89s/it]prompt_it a=1:  32%|███▏      | 36/112 [01:02<02:26,  1.93s/it]prompt_it a=1:  33%|███▎      | 37/112 [01:05<02:42,  2.17s/it]prompt_it a=1:  34%|███▍      | 38/112 [01:05<02:00,  1.63s/it]prompt_it a=1:  35%|███▍      | 39/112 [01:08<02:39,  2.19s/it]prompt_it a=1:  36%|███▌      | 40/112 [01:12<03:05,  2.57s/it]prompt_it a=1:  37%|███▋      | 41/112 [01:13<02:30,  2.12s/it]prompt_it a=1:  38%|███▊      | 42/112 [01:14<02:14,  1.91s/it]prompt_it a=1:  38%|███▊      | 43/112 [01:15<01:40,  1.45s/it]prompt_it a=1:  39%|███▉      | 44/112 [01:17<02:04,  1.84s/it]prompt_it a=1:  40%|████      | 45/112 [01:19<01:54,  1.70s/it]prompt_it a=1:  41%|████      | 46/112 [01:22<02:27,  2.23s/it]prompt_it a=1:  42%|████▏     | 47/112 [01:26<02:49,  2.61s/it]prompt_it a=1:  43%|████▎     | 48/112 [01:26<02:02,  1.92s/it]prompt_it a=1:  44%|████▍     | 49/112 [01:27<01:32,  1.46s/it]prompt_it a=1:  45%|████▍     | 50/112 [01:30<02:01,  1.96s/it]prompt_it a=1:  46%|████▌     | 51/112 [01:30<01:31,  1.51s/it]prompt_it a=1:  46%|████▋     | 52/112 [01:30<01:10,  1.17s/it]prompt_it a=1:  47%|████▋     | 53/112 [01:33<01:33,  1.58s/it]prompt_it a=1:  48%|████▊     | 54/112 [01:36<02:04,  2.14s/it]prompt_it a=1:  49%|████▉     | 55/112 [01:37<01:31,  1.60s/it]prompt_it a=1:  50%|█████     | 56/112 [01:37<01:12,  1.29s/it]prompt_it a=1:  51%|█████     | 57/112 [01:38<00:55,  1.00s/it]prompt_it a=1:  52%|█████▏    | 58/112 [01:38<00:45,  1.19it/s]prompt_it a=1:  53%|█████▎    | 59/112 [01:40<01:02,  1.18s/it]prompt_it a=1:  54%|█████▎    | 60/112 [01:43<01:23,  1.61s/it]prompt_it a=1:  54%|█████▍    | 61/112 [01:45<01:33,  1.83s/it]prompt_it a=1:  55%|█████▌    | 62/112 [01:45<01:08,  1.36s/it]prompt_it a=1:  56%|█████▋    | 63/112 [01:46<00:51,  1.05s/it]prompt_it a=1:  57%|█████▋    | 64/112 [01:46<00:43,  1.09it/s]prompt_it a=1:  58%|█████▊    | 65/112 [01:47<00:37,  1.25it/s]prompt_it a=1:  59%|█████▉    | 66/112 [01:47<00:30,  1.53it/s]prompt_it a=1:  60%|█████▉    | 67/112 [01:51<01:07,  1.51s/it]prompt_it a=1:  61%|██████    | 68/112 [01:54<01:32,  2.11s/it]prompt_it a=1:  62%|██████▏   | 69/112 [01:55<01:09,  1.62s/it]prompt_it a=1:  62%|██████▎   | 70/112 [01:55<00:51,  1.23s/it]prompt_it a=1:  63%|██████▎   | 71/112 [01:58<01:07,  1.65s/it]prompt_it a=1:  64%|██████▍   | 72/112 [01:58<00:52,  1.30s/it]prompt_it a=1:  65%|██████▌   | 73/112 [01:59<00:40,  1.05s/it]prompt_it a=1:  66%|██████▌   | 74/112 [02:02<01:07,  1.79s/it]prompt_it a=1:  67%|██████▋   | 75/112 [02:06<01:25,  2.30s/it]prompt_it a=1:  68%|██████▊   | 76/112 [02:06<01:03,  1.75s/it]prompt_it a=1:  69%|██████▉   | 77/112 [02:08<00:59,  1.71s/it]prompt_it a=1:  70%|██████▉   | 78/112 [02:09<00:59,  1.76s/it]prompt_it a=1:  71%|███████   | 79/112 [02:10<00:46,  1.41s/it]prompt_it a=1:  71%|███████▏  | 80/112 [02:10<00:34,  1.09s/it]prompt_it a=1:  72%|███████▏  | 81/112 [02:14<00:56,  1.82s/it]prompt_it a=1:  73%|███████▎  | 82/112 [02:17<01:09,  2.32s/it]prompt_it a=1:  74%|███████▍  | 83/112 [02:19<01:02,  2.14s/it]prompt_it a=1:  75%|███████▌  | 84/112 [02:20<00:51,  1.85s/it]prompt_it a=1:  76%|███████▌  | 85/112 [02:24<01:03,  2.34s/it]prompt_it a=1:  77%|███████▋  | 86/112 [02:24<00:46,  1.78s/it]prompt_it a=1:  78%|███████▊  | 87/112 [02:25<00:34,  1.37s/it]prompt_it a=1:  79%|███████▊  | 88/112 [02:28<00:48,  2.00s/it]prompt_it a=1:  79%|███████▉  | 89/112 [02:32<00:56,  2.45s/it]prompt_it a=1:  80%|████████  | 90/112 [02:33<00:45,  2.07s/it]prompt_it a=1:  81%|████████▏ | 91/112 [02:36<00:48,  2.29s/it]prompt_it a=1:  82%|████████▏ | 92/112 [02:37<00:41,  2.09s/it]prompt_it a=1:  83%|████████▎ | 93/112 [02:38<00:29,  1.56s/it]prompt_it a=1:  84%|████████▍ | 94/112 [02:39<00:25,  1.40s/it]prompt_it a=1:  85%|████████▍ | 95/112 [02:42<00:34,  2.04s/it]prompt_it a=1:  86%|████████▌ | 96/112 [02:45<00:37,  2.32s/it]prompt_it a=1:  87%|████████▋ | 97/112 [02:46<00:26,  1.76s/it]prompt_it a=1:  88%|████████▊ | 98/112 [02:46<00:18,  1.33s/it]prompt_it a=1:  88%|████████▊ | 99/112 [02:46<00:14,  1.08s/it]prompt_it a=1:  89%|████████▉ | 100/112 [02:48<00:15,  1.32s/it]prompt_it a=1:  90%|█████████ | 101/112 [02:49<00:11,  1.02s/it]prompt_it a=1:  91%|█████████ | 102/112 [02:52<00:17,  1.76s/it]prompt_it a=1:  92%|█████████▏| 103/112 [02:56<00:20,  2.27s/it]prompt_it a=1:  93%|█████████▎| 104/112 [02:58<00:18,  2.26s/it]prompt_it a=1:  94%|█████████▍| 105/112 [02:58<00:12,  1.72s/it]prompt_it a=1:  95%|█████████▍| 106/112 [02:59<00:08,  1.39s/it]prompt_it a=1:  96%|█████████▌| 107/112 [02:59<00:05,  1.10s/it]prompt_it a=1:  96%|█████████▋| 108/112 [03:00<00:04,  1.00s/it]prompt_it a=1:  97%|█████████▋| 109/112 [03:04<00:05,  1.76s/it]prompt_it a=1:  98%|█████████▊| 110/112 [03:07<00:04,  2.28s/it]prompt_it a=1:  99%|█████████▉| 111/112 [03:07<00:01,  1.66s/it]prompt_it a=1: 100%|██████████| 112/112 [03:10<00:00,  1.94s/it]prompt_it a=1: 100%|██████████| 112/112 [03:10<00:00,  1.70s/it]
prompt_pt a=0:   0%|          | 0/112 [00:00<?, ?it/s]prompt_pt a=0:   1%|          | 1/112 [00:00<01:06,  1.66it/s]prompt_pt a=0:   2%|▏         | 2/112 [00:01<00:57,  1.92it/s]prompt_pt a=0:   3%|▎         | 3/112 [00:01<01:09,  1.56it/s]prompt_pt a=0:   4%|▎         | 4/112 [00:05<03:11,  1.77s/it]prompt_pt a=0:   4%|▍         | 5/112 [00:08<04:16,  2.40s/it]prompt_pt a=0:   5%|▌         | 6/112 [00:10<03:31,  2.00s/it]prompt_pt a=0:   6%|▋         | 7/112 [00:10<02:26,  1.40s/it]prompt_pt a=0:   7%|▋         | 8/112 [00:10<01:44,  1.00s/it]prompt_pt a=0:   8%|▊         | 9/112 [00:13<02:43,  1.59s/it]prompt_pt a=0:   9%|▉         | 10/112 [00:13<01:58,  1.16s/it]prompt_pt a=0:  10%|▉         | 11/112 [00:16<03:09,  1.88s/it]prompt_pt a=0:  11%|█         | 12/112 [00:20<03:57,  2.37s/it]prompt_pt a=0:  12%|█▏        | 13/112 [00:21<03:00,  1.82s/it]prompt_pt a=0:  12%|█▎        | 14/112 [00:21<02:23,  1.46s/it]prompt_pt a=0:  13%|█▎        | 15/112 [00:21<01:43,  1.06s/it]prompt_pt a=0:  14%|█▍        | 16/112 [00:22<01:20,  1.19it/s]prompt_pt a=0:  15%|█▌        | 17/112 [00:25<02:36,  1.65s/it]prompt_pt a=0:  16%|█▌        | 18/112 [00:29<03:26,  2.20s/it]prompt_pt a=0:  17%|█▋        | 19/112 [00:32<04:00,  2.58s/it]prompt_pt a=0:  18%|█▊        | 20/112 [00:36<04:22,  2.86s/it]prompt_pt a=0:  19%|█▉        | 21/112 [00:36<03:06,  2.05s/it]prompt_pt a=0:  20%|█▉        | 22/112 [00:36<02:12,  1.47s/it]prompt_pt a=0:  21%|██        | 23/112 [00:37<01:54,  1.29s/it]prompt_pt a=0:  21%|██▏       | 24/112 [00:37<01:29,  1.02s/it]prompt_pt a=0:  22%|██▏       | 25/112 [00:41<02:32,  1.76s/it]prompt_pt a=0:  23%|██▎       | 26/112 [00:41<01:58,  1.38s/it]prompt_pt a=0:  24%|██▍       | 27/112 [00:44<02:27,  1.73s/it]prompt_pt a=0:  25%|██▌       | 28/112 [00:44<01:58,  1.41s/it]prompt_pt a=0:  26%|██▌       | 29/112 [00:45<01:31,  1.10s/it]prompt_pt a=0:  27%|██▋       | 30/112 [00:45<01:15,  1.09it/s]prompt_pt a=0:  28%|██▊       | 31/112 [00:46<01:01,  1.31it/s]prompt_pt a=0:  29%|██▊       | 32/112 [00:49<02:06,  1.58s/it]prompt_pt a=0:  29%|██▉       | 33/112 [00:53<02:49,  2.15s/it]prompt_pt a=0:  30%|███       | 34/112 [00:56<03:18,  2.54s/it]prompt_pt a=0:  31%|███▏      | 35/112 [00:57<02:30,  1.96s/it]prompt_pt a=0:  32%|███▏      | 36/112 [00:57<02:01,  1.59s/it]prompt_pt a=0:  33%|███▎      | 37/112 [01:01<02:41,  2.15s/it]prompt_pt a=0:  34%|███▍      | 38/112 [01:01<01:55,  1.56s/it]prompt_pt a=0:  35%|███▍      | 39/112 [01:04<02:35,  2.13s/it]prompt_pt a=0:  36%|███▌      | 40/112 [01:08<03:02,  2.54s/it]prompt_pt a=0:  37%|███▋      | 41/112 [01:09<02:36,  2.20s/it]prompt_pt a=0:  38%|███▊      | 42/112 [01:10<01:54,  1.63s/it]prompt_pt a=0:  38%|███▊      | 43/112 [01:10<01:21,  1.18s/it]prompt_pt a=0:  39%|███▉      | 44/112 [01:12<01:43,  1.53s/it]prompt_pt a=0:  40%|████      | 45/112 [01:14<01:42,  1.52s/it]prompt_pt a=0:  41%|████      | 46/112 [01:17<02:19,  2.12s/it]prompt_pt a=0:  42%|████▏     | 47/112 [01:21<02:44,  2.53s/it]prompt_pt a=0:  43%|████▎     | 48/112 [01:24<03:00,  2.83s/it]prompt_pt a=0:  44%|████▍     | 49/112 [01:25<02:13,  2.12s/it]prompt_pt a=0:  45%|████▍     | 50/112 [01:25<01:40,  1.63s/it]prompt_pt a=0:  46%|████▌     | 51/112 [01:26<01:18,  1.28s/it]prompt_pt a=0:  46%|████▋     | 52/112 [01:26<01:01,  1.03s/it]prompt_pt a=0:  47%|████▋     | 53/112 [01:30<01:43,  1.76s/it]prompt_pt a=0:  48%|████▊     | 54/112 [01:33<02:11,  2.27s/it]prompt_pt a=0:  49%|████▉     | 55/112 [01:33<01:36,  1.69s/it]prompt_pt a=0:  50%|█████     | 56/112 [01:34<01:10,  1.26s/it]prompt_pt a=0:  51%|█████     | 57/112 [01:34<00:55,  1.00s/it]prompt_pt a=0:  52%|█████▏    | 58/112 [01:34<00:46,  1.17it/s]prompt_pt a=0:  53%|█████▎    | 59/112 [01:35<00:42,  1.25it/s]prompt_pt a=0:  54%|█████▎    | 60/112 [01:39<01:24,  1.62s/it]prompt_pt a=0:  54%|█████▍    | 61/112 [01:42<01:50,  2.17s/it]prompt_pt a=0:  55%|█████▌    | 62/112 [01:42<01:20,  1.62s/it]prompt_pt a=0:  56%|█████▋    | 63/112 [01:43<00:59,  1.21s/it]prompt_pt a=0:  57%|█████▋    | 64/112 [01:43<00:43,  1.10it/s]prompt_pt a=0:  58%|█████▊    | 65/112 [01:43<00:32,  1.44it/s]prompt_pt a=0:  59%|█████▉    | 66/112 [01:43<00:26,  1.75it/s]prompt_pt a=0:  60%|█████▉    | 67/112 [01:47<01:04,  1.44s/it]prompt_pt a=0:  61%|██████    | 68/112 [01:50<01:30,  2.06s/it]prompt_pt a=0:  62%|██████▏   | 69/112 [01:51<01:09,  1.62s/it]prompt_pt a=0:  62%|██████▎   | 70/112 [01:51<00:53,  1.29s/it]prompt_pt a=0:  63%|██████▎   | 71/112 [01:52<00:42,  1.04s/it]prompt_pt a=0:  64%|██████▍   | 72/112 [01:52<00:30,  1.30it/s]prompt_pt a=0:  65%|██████▌   | 73/112 [01:52<00:23,  1.68it/s]prompt_pt a=0:  66%|██████▌   | 74/112 [01:56<00:55,  1.47s/it]prompt_pt a=0:  67%|██████▋   | 75/112 [01:59<01:17,  2.09s/it]prompt_pt a=0:  68%|██████▊   | 76/112 [02:00<00:58,  1.61s/it]prompt_pt a=0:  69%|██████▉   | 77/112 [02:03<01:16,  2.17s/it]prompt_pt a=0:  70%|██████▉   | 78/112 [02:04<01:00,  1.77s/it]prompt_pt a=0:  71%|███████   | 79/112 [02:05<00:46,  1.40s/it]prompt_pt a=0:  71%|███████▏  | 80/112 [02:05<00:34,  1.08s/it]prompt_pt a=0:  72%|███████▏  | 81/112 [02:09<00:56,  1.81s/it]prompt_pt a=0:  73%|███████▎  | 82/112 [02:09<00:43,  1.45s/it]prompt_pt a=0:  74%|███████▍  | 83/112 [02:10<00:37,  1.28s/it]prompt_pt a=0:  75%|███████▌  | 84/112 [02:10<00:26,  1.05it/s]prompt_pt a=0:  76%|███████▌  | 85/112 [02:11<00:20,  1.29it/s]prompt_pt a=0:  77%|███████▋  | 86/112 [02:11<00:15,  1.67it/s]prompt_pt a=0:  78%|███████▊  | 87/112 [02:11<00:12,  2.07it/s]prompt_pt a=0:  79%|███████▊  | 88/112 [02:15<00:33,  1.40s/it]prompt_pt a=0:  79%|███████▉  | 89/112 [02:18<00:46,  2.04s/it]prompt_pt a=0:  80%|████████  | 90/112 [02:19<00:35,  1.60s/it]prompt_pt a=0:  81%|████████▏ | 91/112 [02:19<00:26,  1.24s/it]prompt_pt a=0:  82%|████████▏ | 92/112 [02:19<00:18,  1.09it/s]prompt_pt a=0:  83%|████████▎ | 93/112 [02:20<00:14,  1.34it/s]prompt_pt a=0:  84%|████████▍ | 94/112 [02:20<00:14,  1.24it/s]prompt_pt a=0:  85%|████████▍ | 95/112 [02:24<00:27,  1.63s/it]prompt_pt a=0:  86%|████████▌ | 96/112 [02:28<00:35,  2.20s/it]prompt_pt a=0:  87%|████████▋ | 97/112 [02:28<00:25,  1.72s/it]prompt_pt a=0:  88%|████████▊ | 98/112 [02:28<00:17,  1.26s/it]prompt_pt a=0:  88%|████████▊ | 99/112 [02:29<00:12,  1.07it/s]prompt_pt a=0:  90%|█████████ | 101/112 [02:29<00:06,  1.63it/s]prompt_pt a=0:  91%|█████████ | 102/112 [02:33<00:13,  1.34s/it]prompt_pt a=0:  92%|█████████▏| 103/112 [02:34<00:11,  1.33s/it]prompt_pt a=0:  93%|█████████▎| 104/112 [02:37<00:15,  1.93s/it]prompt_pt a=0:  94%|█████████▍| 105/112 [02:38<00:10,  1.47s/it]prompt_pt a=0:  95%|█████████▍| 106/112 [02:38<00:06,  1.09s/it]prompt_pt a=0:  96%|█████████▌| 107/112 [02:38<00:04,  1.14it/s]prompt_pt a=0:  96%|█████████▋| 108/112 [02:39<00:03,  1.31it/s]prompt_pt a=0:  97%|█████████▋| 109/112 [02:42<00:04,  1.58s/it]prompt_pt a=0:  98%|█████████▊| 110/112 [02:46<00:04,  2.15s/it]prompt_pt a=0:  99%|█████████▉| 111/112 [02:49<00:02,  2.56s/it]prompt_pt a=0: 100%|██████████| 112/112 [02:50<00:00,  1.97s/it]prompt_pt a=0: 100%|██████████| 112/112 [02:50<00:00,  1.52s/it]
prompt_pt a=1:   0%|          | 0/112 [00:00<?, ?it/s]prompt_pt a=1:   1%|          | 1/112 [00:01<02:36,  1.41s/it]prompt_pt a=1:   2%|▏         | 2/112 [00:03<03:37,  1.98s/it]prompt_pt a=1:   3%|▎         | 3/112 [00:04<02:25,  1.34s/it]prompt_pt a=1:   4%|▎         | 4/112 [00:07<03:39,  2.03s/it]prompt_pt a=1:   4%|▍         | 5/112 [00:11<04:36,  2.58s/it]prompt_pt a=1:   5%|▌         | 6/112 [00:12<03:55,  2.22s/it]prompt_pt a=1:   6%|▋         | 7/112 [00:15<04:27,  2.55s/it]prompt_pt a=1:   7%|▋         | 8/112 [00:16<03:15,  1.88s/it]prompt_pt a=1:   8%|▊         | 9/112 [00:18<03:11,  1.86s/it]prompt_pt a=1:   9%|▉         | 10/112 [00:18<02:23,  1.41s/it]prompt_pt a=1:  10%|▉         | 11/112 [00:21<03:28,  2.06s/it]prompt_pt a=1:  11%|█         | 12/112 [00:25<04:11,  2.52s/it]prompt_pt a=1:  12%|█▏        | 13/112 [00:27<03:38,  2.20s/it]prompt_pt a=1:  12%|█▎        | 14/112 [00:30<04:15,  2.61s/it]prompt_pt a=1:  13%|█▎        | 15/112 [00:31<03:32,  2.19s/it]prompt_pt a=1:  14%|█▍        | 16/112 [00:34<03:49,  2.39s/it]prompt_pt a=1:  15%|█▌        | 17/112 [00:37<03:56,  2.49s/it]prompt_pt a=1:  16%|█▌        | 18/112 [00:39<03:37,  2.31s/it]prompt_pt a=1:  17%|█▋        | 19/112 [00:42<04:05,  2.64s/it]prompt_pt a=1:  18%|█▊        | 20/112 [00:44<03:44,  2.44s/it]prompt_pt a=1:  19%|█▉        | 21/112 [00:45<02:55,  1.92s/it]prompt_pt a=1:  20%|█▉        | 22/112 [00:45<02:08,  1.43s/it]prompt_pt a=1:  21%|██        | 23/112 [00:48<02:45,  1.86s/it]prompt_pt a=1:  21%|██▏       | 24/112 [00:48<02:05,  1.42s/it]prompt_pt a=1:  22%|██▏       | 25/112 [00:52<02:58,  2.05s/it]prompt_pt a=1:  23%|██▎       | 26/112 [00:52<02:16,  1.59s/it]prompt_pt a=1:  24%|██▍       | 27/112 [00:54<02:26,  1.72s/it]prompt_pt a=1:  25%|██▌       | 28/112 [00:55<01:51,  1.32s/it]prompt_pt a=1:  26%|██▌       | 29/112 [00:55<01:29,  1.07s/it]prompt_pt a=1:  27%|██▋       | 30/112 [00:56<01:26,  1.06s/it]prompt_pt a=1:  28%|██▊       | 31/112 [00:57<01:09,  1.17it/s]prompt_pt a=1:  29%|██▊       | 32/112 [01:00<02:12,  1.65s/it]prompt_pt a=1:  29%|██▉       | 33/112 [01:04<02:54,  2.21s/it]prompt_pt a=1:  30%|███       | 34/112 [01:06<02:53,  2.22s/it]prompt_pt a=1:  31%|███▏      | 35/112 [01:08<02:49,  2.20s/it]prompt_pt a=1:  32%|███▏      | 36/112 [01:10<02:43,  2.15s/it]prompt_pt a=1:  33%|███▎      | 37/112 [01:13<02:59,  2.40s/it]prompt_pt a=1:  34%|███▍      | 38/112 [01:15<02:40,  2.16s/it]prompt_pt a=1:  35%|███▍      | 39/112 [01:18<03:07,  2.57s/it]prompt_pt a=1:  36%|███▌      | 40/112 [01:22<03:25,  2.85s/it]prompt_pt a=1:  37%|███▋      | 41/112 [01:24<03:12,  2.71s/it]prompt_pt a=1:  38%|███▊      | 42/112 [01:26<02:46,  2.38s/it]prompt_pt a=1:  38%|███▊      | 43/112 [01:26<02:02,  1.77s/it]prompt_pt a=1:  39%|███▉      | 44/112 [01:30<02:36,  2.30s/it]prompt_pt a=1:  40%|████      | 45/112 [01:32<02:31,  2.26s/it]prompt_pt a=1:  41%|████      | 46/112 [01:32<01:52,  1.70s/it]prompt_pt a=1:  42%|████▏     | 47/112 [01:36<02:25,  2.24s/it]prompt_pt a=1:  43%|████▎     | 48/112 [01:36<01:44,  1.64s/it]prompt_pt a=1:  44%|████▍     | 49/112 [01:38<01:59,  1.90s/it]prompt_pt a=1:  45%|████▍     | 50/112 [01:42<02:27,  2.38s/it]prompt_pt a=1:  46%|████▌     | 51/112 [01:43<01:56,  1.91s/it]prompt_pt a=1:  46%|████▋     | 52/112 [01:43<01:27,  1.45s/it]prompt_pt a=1:  47%|████▋     | 53/112 [01:47<02:02,  2.07s/it]prompt_pt a=1:  48%|████▊     | 54/112 [01:50<02:25,  2.50s/it]prompt_pt a=1:  49%|████▉     | 55/112 [01:51<01:45,  1.85s/it]prompt_pt a=1:  50%|█████     | 56/112 [01:51<01:20,  1.43s/it]prompt_pt a=1:  51%|█████     | 57/112 [01:52<01:20,  1.46s/it]prompt_pt a=1:  52%|█████▏    | 58/112 [01:53<01:03,  1.17s/it]prompt_pt a=1:  53%|█████▎    | 59/112 [01:54<00:53,  1.01s/it]prompt_pt a=1:  54%|█████▎    | 60/112 [01:57<01:31,  1.76s/it]prompt_pt a=1:  54%|█████▍    | 61/112 [02:01<01:56,  2.28s/it]prompt_pt a=1:  55%|█████▌    | 62/112 [02:01<01:25,  1.71s/it]prompt_pt a=1:  56%|█████▋    | 63/112 [02:01<01:04,  1.31s/it]prompt_pt a=1:  57%|█████▋    | 64/112 [02:02<00:53,  1.11s/it]prompt_pt a=1:  58%|█████▊    | 65/112 [02:04<01:11,  1.51s/it]prompt_pt a=1:  59%|█████▉    | 66/112 [02:05<00:53,  1.16s/it]prompt_pt a=1:  60%|█████▉    | 67/112 [02:08<01:23,  1.86s/it]prompt_pt a=1:  61%|██████    | 68/112 [02:12<01:43,  2.35s/it]prompt_pt a=1:  62%|██████▏   | 69/112 [02:12<01:14,  1.74s/it]prompt_pt a=1:  62%|██████▎   | 70/112 [02:12<00:56,  1.33s/it]prompt_pt a=1:  63%|██████▎   | 71/112 [02:13<00:48,  1.18s/it]prompt_pt a=1:  64%|██████▍   | 72/112 [02:17<01:15,  1.88s/it]prompt_pt a=1:  65%|██████▌   | 73/112 [02:18<01:02,  1.60s/it]prompt_pt a=1:  66%|██████▌   | 74/112 [02:21<01:22,  2.17s/it]prompt_pt a=1:  67%|██████▋   | 75/112 [02:25<01:35,  2.57s/it]prompt_pt a=1:  68%|██████▊   | 76/112 [02:27<01:31,  2.56s/it]prompt_pt a=1:  69%|██████▉   | 77/112 [02:30<01:28,  2.52s/it]prompt_pt a=1:  70%|██████▉   | 78/112 [02:31<01:07,  1.99s/it]prompt_pt a=1:  71%|███████   | 79/112 [02:33<01:15,  2.29s/it]prompt_pt a=1:  71%|███████▏  | 80/112 [02:34<00:55,  1.72s/it]prompt_pt a=1:  72%|███████▏  | 81/112 [02:37<01:09,  2.26s/it]prompt_pt a=1:  73%|███████▎  | 82/112 [02:40<01:12,  2.41s/it]prompt_pt a=1:  74%|███████▍  | 83/112 [02:41<00:57,  1.99s/it]prompt_pt a=1:  75%|███████▌  | 84/112 [02:42<00:41,  1.50s/it]prompt_pt a=1:  76%|███████▌  | 85/112 [02:42<00:32,  1.19s/it]prompt_pt a=1:  77%|███████▋  | 86/112 [02:43<00:26,  1.01s/it]prompt_pt a=1:  78%|███████▊  | 87/112 [02:43<00:20,  1.22it/s]prompt_pt a=1:  79%|███████▊  | 88/112 [02:46<00:39,  1.63s/it]prompt_pt a=1:  79%|███████▉  | 89/112 [02:49<00:44,  1.95s/it]prompt_pt a=1:  80%|████████  | 90/112 [02:52<00:49,  2.27s/it]prompt_pt a=1:  81%|████████▏ | 91/112 [02:55<00:52,  2.48s/it]prompt_pt a=1:  82%|████████▏ | 92/112 [02:56<00:38,  1.91s/it]prompt_pt a=1:  83%|████████▎ | 93/112 [02:56<00:27,  1.44s/it]prompt_pt a=1:  84%|████████▍ | 94/112 [02:59<00:34,  1.92s/it]prompt_pt a=1:  85%|████████▍ | 95/112 [03:03<00:40,  2.40s/it]prompt_pt a=1:  86%|████████▌ | 96/112 [03:06<00:43,  2.74s/it]prompt_pt a=1:  87%|████████▋ | 97/112 [03:09<00:42,  2.81s/it]prompt_pt a=1:  88%|████████▊ | 98/112 [03:09<00:28,  2.07s/it]prompt_pt a=1:  88%|████████▊ | 99/112 [03:10<00:20,  1.58s/it]prompt_pt a=1:  89%|████████▉ | 100/112 [03:13<00:25,  2.16s/it]prompt_pt a=1:  90%|█████████ | 101/112 [03:14<00:17,  1.63s/it]prompt_pt a=1:  91%|█████████ | 102/112 [03:16<00:19,  1.92s/it]prompt_pt a=1:  92%|█████████▏| 103/112 [03:20<00:21,  2.41s/it]prompt_pt a=1:  93%|█████████▎| 104/112 [03:20<00:14,  1.79s/it]prompt_pt a=1:  94%|█████████▍| 105/112 [03:24<00:16,  2.31s/it]prompt_pt a=1:  95%|█████████▍| 106/112 [03:24<00:10,  1.73s/it]prompt_pt a=1:  96%|█████████▌| 107/112 [03:27<00:09,  1.91s/it]prompt_pt a=1:  96%|█████████▋| 108/112 [03:27<00:06,  1.60s/it]prompt_pt a=1:  97%|█████████▋| 109/112 [03:31<00:06,  2.18s/it]prompt_pt a=1:  98%|█████████▊| 110/112 [03:34<00:05,  2.58s/it]prompt_pt a=1:  99%|█████████▉| 111/112 [03:38<00:02,  2.87s/it]prompt_pt a=1: 100%|██████████| 112/112 [03:39<00:00,  2.22s/it]prompt_pt a=1: 100%|██████████| 112/112 [03:39<00:00,  1.96s/it]

============================================================================================================================================
condicion              n    fr    en    es    de    it    pt  unk  is_fr  st_fr   acc  cambio  largo  ce_fr_h  ce_en_h  leak
--------------------------------------------------------------------------------------------------------------------------------------------
prompt_it a=0        112  0.00  0.00  0.00  0.00  0.97  0.00 0.03   0.00   0.72  0.68     nan  235.6    4.598    3.951  0.00
prompt_it a=1        112  0.99  0.00  0.00  0.00  0.01  0.00 0.00   0.99   0.94  0.56    1.00  249.3    1.253    4.665  0.00
prompt_pt a=0        112  0.00  0.01  0.02  0.00  0.01  0.81 0.15   0.00   0.00  0.70     nan  217.0    5.018    3.763  0.00
prompt_pt a=1        112  0.99  0.00  0.00  0.00  0.00  0.01 0.00   0.99   0.90  0.56    1.00  288.7    1.260    4.482  0.00
============================================================================================================================================

celda target: fr
condicion             celda_ok    tgt  mayus
prompt_it a=0             0.00   0.00   0.00
prompt_it a=1             0.99   0.99   0.00
prompt_pt a=0             0.00   0.00   0.00
prompt_pt a=1             0.99   0.99   0.00
ce_fr_h es la CE del head del target de ESTA celda (columna `output` del CSV), no de frances.
fr/en/es/de/it/pt/unk: fraccion de salidas por idioma (language_verdict). cambio: salida != a=0.
ce_*_h: CE del head del target frances / del baseline ingles bajo esa condicion.
Lectura: it/pt no estuvieron en el entrenamiento. Si fr sube con a=1 desde las dos, la
transferencia es a idiomas no vistos; comparar con es/de del preset idioma (mismo parche).

Guardado: algebra/runs/v8/alg_fr/cross_lang_romance.json

################ A es
`torch_dtype` is deprecated! Use `dtype` instead!
Loading checkpoint shards:   0%|          | 0/2 [00:00<?, ?it/s]Loading checkpoint shards:  50%|█████     | 1/2 [00:01<00:01,  1.01s/it]Loading checkpoint shards: 100%|██████████| 2/2 [00:01<00:00,  1.67it/s]Loading checkpoint shards: 100%|██████████| 2/2 [00:01<00:00,  1.51it/s]
Held-out: 112  |  parche: algebra/runs/v8/alg_es/lang_patch_best_train.pt  |  escala: 1.0
======================================================================
eval:   0%|          | 0/112 [00:00<?, ?it/s][lang_id] GlotLID: /mnt/custom-file-systems/efs/fs-0ded2930a619aa967_fsap-0faa05c681ed1a8f3/papers/LLMAtaquesContinuos/modelos/glotlid/model.bin
eval:   1%|          | 1/112 [00:04<08:59,  4.86s/it]eval:   2%|▏         | 2/112 [00:06<05:00,  2.73s/it]eval:   3%|▎         | 3/112 [00:10<06:34,  3.62s/it]eval:   4%|▎         | 4/112 [00:21<11:20,  6.30s/it]eval:   4%|▍         | 5/112 [00:30<13:12,  7.41s/it]eval:   5%|▌         | 6/112 [00:41<14:55,  8.44s/it]eval:   6%|▋         | 7/112 [00:47<13:49,  7.90s/it]eval:   7%|▋         | 8/112 [00:51<11:19,  6.53s/it]eval:   8%|▊         | 9/112 [00:58<11:18,  6.59s/it]eval:   9%|▉         | 10/112 [00:58<08:08,  4.79s/it]eval:  10%|▉         | 11/112 [01:09<11:00,  6.54s/it]eval:  11%|█         | 12/112 [01:19<12:47,  7.68s/it]eval:  12%|█▏        | 13/112 [01:24<11:26,  6.93s/it]eval:  12%|█▎        | 14/112 [01:33<12:08,  7.43s/it]eval:  13%|█▎        | 15/112 [01:34<08:43,  5.39s/it]eval:  14%|█▍        | 16/112 [01:38<08:18,  5.19s/it]eval:  15%|█▌        | 17/112 [01:43<07:43,  4.88s/it]eval:  16%|█▌        | 18/112 [01:53<10:15,  6.55s/it]eval:  17%|█▋        | 19/112 [02:03<11:55,  7.70s/it]eval:  18%|█▊        | 20/112 [02:08<10:33,  6.88s/it]eval:  19%|█▉        | 21/112 [02:13<09:37,  6.35s/it]eval:  20%|█▉        | 22/112 [02:14<06:56,  4.63s/it]eval:  21%|██        | 23/112 [02:19<06:59,  4.72s/it]eval:  21%|██▏       | 24/112 [02:20<05:15,  3.59s/it]eval:  22%|██▏       | 25/112 [02:30<08:06,  5.60s/it]eval:  23%|██▎       | 26/112 [02:39<09:13,  6.43s/it]eval:  24%|██▍       | 27/112 [02:40<07:06,  5.02s/it]eval:  25%|██▌       | 28/112 [02:43<05:57,  4.26s/it]eval:  26%|██▌       | 29/112 [02:45<05:06,  3.69s/it]eval:  27%|██▋       | 30/112 [02:51<05:45,  4.21s/it]eval:  28%|██▊       | 31/112 [02:52<04:24,  3.26s/it]eval:  29%|██▊       | 32/112 [03:02<07:08,  5.36s/it]eval:  29%|██▉       | 33/112 [03:12<08:59,  6.82s/it]eval:  30%|███       | 34/112 [03:16<07:46,  5.98s/it]eval:  31%|███▏      | 35/112 [03:23<08:04,  6.30s/it]eval:  32%|███▏      | 36/112 [03:32<08:45,  6.92s/it]eval:  33%|███▎      | 37/112 [03:33<06:44,  5.39s/it]eval:  34%|███▍      | 38/112 [03:34<04:59,  4.04s/it]eval:  35%|███▍      | 39/112 [03:45<07:11,  5.91s/it]eval:  36%|███▌      | 40/112 [03:54<08:13,  6.86s/it]eval:  37%|███▋      | 41/112 [03:57<07:04,  5.97s/it]eval:  38%|███▊      | 42/112 [04:03<06:46,  5.81s/it]eval:  38%|███▊      | 43/112 [04:04<04:58,  4.32s/it]eval:  39%|███▉      | 44/112 [04:11<05:52,  5.19s/it]eval:  40%|████      | 45/112 [04:21<07:29,  6.70s/it]eval:  41%|████      | 46/112 [04:31<08:33,  7.78s/it]eval:  42%|████▏     | 47/112 [04:40<08:46,  8.10s/it]eval:  43%|████▎     | 48/112 [04:44<07:22,  6.91s/it]eval:  44%|████▍     | 49/112 [04:50<06:43,  6.41s/it]eval:  45%|████▍     | 50/112 [04:54<06:01,  5.83s/it]eval:  46%|████▌     | 51/112 [04:59<05:39,  5.56s/it]eval:  46%|████▋     | 52/112 [05:04<05:27,  5.46s/it]eval:  47%|████▋     | 53/112 [05:15<06:47,  6.91s/it]eval:  48%|████▊     | 54/112 [05:25<07:39,  7.91s/it]eval:  49%|████▉     | 55/112 [05:26<05:26,  5.73s/it]eval:  50%|█████     | 56/112 [05:27<04:02,  4.33s/it]eval:  51%|█████     | 57/112 [05:28<03:03,  3.33s/it]eval:  52%|█████▏    | 58/112 [05:29<02:30,  2.79s/it]eval:  53%|█████▎    | 59/112 [05:33<02:47,  3.16s/it]eval:  54%|█████▎    | 60/112 [05:44<04:36,  5.32s/it]eval:  54%|█████▍    | 61/112 [05:54<05:46,  6.80s/it]eval:  55%|█████▌    | 62/112 [05:55<04:09,  4.99s/it]eval:  56%|█████▋    | 63/112 [05:56<03:12,  3.93s/it]eval:  57%|█████▋    | 64/112 [05:57<02:29,  3.11s/it]eval:  58%|█████▊    | 65/112 [06:01<02:42,  3.46s/it]eval:  59%|█████▉    | 66/112 [06:02<02:01,  2.64s/it]eval:  60%|█████▉    | 67/112 [06:13<03:44,  4.98s/it]eval:  61%|██████    | 68/112 [06:22<04:35,  6.26s/it]eval:  62%|██████▏   | 69/112 [06:23<03:18,  4.62s/it]eval:  62%|██████▎   | 70/112 [06:24<02:36,  3.73s/it]eval:  63%|██████▎   | 71/112 [06:26<02:08,  3.14s/it]eval:  64%|██████▍   | 72/112 [06:30<02:20,  3.52s/it]eval:  65%|██████▌   | 73/112 [06:32<01:48,  2.79s/it]eval:  66%|██████▌   | 74/112 [06:42<03:11,  5.03s/it]eval:  67%|██████▋   | 75/112 [06:52<04:04,  6.60s/it]eval:  68%|██████▊   | 76/112 [06:53<02:58,  4.95s/it]eval:  69%|██████▉   | 77/112 [06:59<03:01,  5.18s/it]eval:  70%|██████▉   | 78/112 [07:05<03:09,  5.56s/it]eval:  71%|███████   | 79/112 [07:10<02:52,  5.24s/it]eval:  71%|███████▏  | 80/112 [07:11<02:03,  3.87s/it]eval:  72%|███████▏  | 81/112 [07:21<02:59,  5.79s/it]eval:  73%|███████▎  | 82/112 [07:28<03:03,  6.11s/it]eval:  74%|███████▍  | 83/112 [07:29<02:14,  4.63s/it]eval:  75%|███████▌  | 84/112 [07:33<02:07,  4.56s/it]eval:  76%|███████▌  | 85/112 [07:37<01:53,  4.19s/it]eval:  77%|███████▋  | 86/112 [07:37<01:22,  3.19s/it]eval:  78%|███████▊  | 87/112 [07:38<01:03,  2.53s/it]eval:  79%|███████▊  | 88/112 [07:49<01:56,  4.85s/it]eval:  79%|███████▉  | 89/112 [07:59<02:28,  6.48s/it]eval:  80%|████████  | 90/112 [08:00<01:47,  4.87s/it]eval:  81%|████████▏ | 91/112 [08:01<01:18,  3.72s/it]eval:  82%|████████▏ | 92/112 [08:05<01:17,  3.86s/it]eval:  83%|████████▎ | 93/112 [08:06<00:55,  2.94s/it]eval:  84%|████████▍ | 94/112 [08:07<00:43,  2.41s/it]eval:  85%|████████▍ | 95/112 [08:17<01:21,  4.77s/it]eval:  86%|████████▌ | 96/112 [08:28<01:42,  6.41s/it]eval:  87%|████████▋ | 97/112 [08:29<01:12,  4.85s/it]eval:  88%|████████▊ | 98/112 [08:30<00:52,  3.74s/it]eval:  88%|████████▊ | 99/112 [08:31<00:39,  3.02s/it]eval:  89%|████████▉ | 100/112 [08:35<00:39,  3.31s/it]eval:  90%|█████████ | 101/112 [08:36<00:28,  2.59s/it]eval:  91%|█████████ | 102/112 [08:47<00:48,  4.89s/it]eval:  92%|█████████▏| 103/112 [08:57<00:58,  6.51s/it]eval:  93%|█████████▎| 104/112 [09:05<00:56,  7.08s/it]eval:  94%|█████████▍| 105/112 [09:07<00:38,  5.49s/it]eval:  95%|█████████▍| 106/112 [09:08<00:24,  4.03s/it]eval:  96%|█████████▌| 107/112 [09:11<00:18,  3.75s/it]eval:  96%|█████████▋| 108/112 [09:12<00:12,  3.10s/it]eval:  97%|█████████▋| 109/112 [09:23<00:15,  5.25s/it]eval:  98%|█████████▊| 110/112 [09:33<00:13,  6.76s/it]eval:  99%|█████████▉| 111/112 [09:41<00:07,  7.26s/it]eval: 100%|██████████| 112/112 [09:44<00:00,  5.87s/it]eval: 100%|██████████| 112/112 [09:44<00:00,  5.22s/it]

======================================================================
condicion                   is_french   fr_score   accuracy    leak
----------------------------------------------------------------------
baseline  M(q)                  0.0%      0.000     95.5%      0%
referencia  M([FR;q])           0.9%      0.012     83.9%      0%
parche  M(q+v)                  0.9%      0.008     72.3%      0%
----------------------------------------------------------------------
celda target: es   (celda_ok = idioma es Y NO mayusculas)
condicion                    celda_ok     idioma      mayus
baseline  M(q)                  0.0%       0.0%       0.0%
referencia  M([FR;q])          97.3%      97.3%       0.0%
parche  M(q+v)                 98.2%      98.2%       0.0%
----------------------------------------------------------------------
CE target FR                sin parche  con parche     delta
head (primeros 5)               5.3948      0.8253   -4.5694
tail (el resto)                 0.4674      0.2578   -0.2096
toda la respuesta               1.5149      0.3451   -1.1698
  el head es donde vive la decision de idioma; el tail casi no deberia moverse
  tokens parcheados por prompt (anchor goal_all): media 7.5
======================================================================

Reportes: algebra/runs/v8/alg_es/eval_heldout.json
          algebra/runs/v8/alg_es/eval_heldout.md
`torch_dtype` is deprecated! Use `dtype` instead!
Loading checkpoint shards:   0%|          | 0/2 [00:00<?, ?it/s]Loading checkpoint shards:  50%|█████     | 1/2 [00:01<00:01,  1.02s/it]Loading checkpoint shards: 100%|██████████| 2/2 [00:01<00:00,  1.66it/s]Loading checkpoint shards: 100%|██████████| 2/2 [00:01<00:00,  1.51it/s]
parche algebra/runs/v8/alg_es/lang_patch_best_train.pt  norma 0.9007  |  tail held-out 112 (idx 588..699)
preset=idioma  condiciones=['prompt_de a=0', 'prompt_de a=1', 'prompt_fr a=0', 'prompt_fr a=1', 'prompt a=0', 'prompt a=1']
prompt_de a=0:   0%|          | 0/112 [00:00<?, ?it/s][lang_id] GlotLID: /mnt/custom-file-systems/efs/fs-0ded2930a619aa967_fsap-0faa05c681ed1a8f3/papers/LLMAtaquesContinuos/modelos/glotlid/model.bin
prompt_de a=0:   1%|          | 1/112 [00:01<03:25,  1.85s/it]prompt_de a=0:   2%|▏         | 2/112 [00:02<02:27,  1.34s/it]prompt_de a=0:   3%|▎         | 3/112 [00:03<02:12,  1.22s/it]prompt_de a=0:   4%|▎         | 4/112 [00:07<03:48,  2.12s/it]prompt_de a=0:   4%|▍         | 5/112 [00:10<04:39,  2.61s/it]prompt_de a=0:   5%|▌         | 6/112 [00:14<05:08,  2.91s/it]prompt_de a=0:   6%|▋         | 7/112 [00:17<05:25,  3.10s/it]prompt_de a=0:   7%|▋         | 8/112 [00:18<03:52,  2.24s/it]prompt_de a=0:   8%|▊         | 9/112 [00:21<04:31,  2.63s/it]prompt_de a=0:   9%|▉         | 10/112 [00:22<03:28,  2.04s/it]prompt_de a=0:  10%|▉         | 11/112 [00:25<04:11,  2.49s/it]prompt_de a=0:  11%|█         | 12/112 [00:29<04:38,  2.78s/it]prompt_de a=0:  12%|█▏        | 13/112 [00:32<04:55,  2.99s/it]prompt_de a=0:  12%|█▎        | 14/112 [00:36<05:07,  3.14s/it]prompt_de a=0:  13%|█▎        | 15/112 [00:36<03:35,  2.22s/it]prompt_de a=0:  14%|█▍        | 16/112 [00:39<04:09,  2.60s/it]prompt_de a=0:  15%|█▌        | 17/112 [00:40<03:03,  1.94s/it]prompt_de a=0:  16%|█▌        | 18/112 [00:43<03:45,  2.40s/it]prompt_de a=0:  17%|█▋        | 19/112 [00:47<04:14,  2.74s/it]prompt_de a=0:  18%|█▊        | 20/112 [00:50<04:33,  2.98s/it]prompt_de a=0:  19%|█▉        | 21/112 [00:54<04:45,  3.14s/it]prompt_de a=0:  20%|█▉        | 22/112 [00:54<03:20,  2.23s/it]prompt_de a=0:  21%|██        | 23/112 [00:55<02:38,  1.78s/it]prompt_de a=0:  21%|██▏       | 24/112 [00:55<01:59,  1.36s/it]prompt_de a=0:  22%|██▏       | 25/112 [00:59<02:54,  2.01s/it]prompt_de a=0:  23%|██▎       | 26/112 [01:02<03:31,  2.46s/it]prompt_de a=0:  24%|██▍       | 27/112 [01:05<03:46,  2.67s/it]prompt_de a=0:  25%|██▌       | 28/112 [01:06<03:02,  2.17s/it]prompt_de a=0:  26%|██▌       | 29/112 [01:10<03:34,  2.58s/it]prompt_de a=0:  27%|██▋       | 30/112 [01:13<03:54,  2.86s/it]prompt_de a=0:  28%|██▊       | 31/112 [01:14<02:49,  2.10s/it]prompt_de a=0:  29%|██▊       | 32/112 [01:17<03:21,  2.52s/it]prompt_de a=0:  29%|██▉       | 33/112 [01:21<03:42,  2.82s/it]prompt_de a=0:  30%|███       | 34/112 [01:24<03:55,  3.02s/it]prompt_de a=0:  31%|███▏      | 35/112 [01:28<04:03,  3.17s/it]prompt_de a=0:  32%|███▏      | 36/112 [01:31<04:08,  3.27s/it]prompt_de a=0:  33%|███▎      | 37/112 [01:34<04:01,  3.21s/it]prompt_de a=0:  34%|███▍      | 38/112 [01:35<02:54,  2.36s/it]prompt_de a=0:  35%|███▍      | 39/112 [01:38<03:17,  2.71s/it]prompt_de a=0:  36%|███▌      | 40/112 [01:42<03:32,  2.95s/it]prompt_de a=0:  37%|███▋      | 41/112 [01:45<03:41,  3.12s/it]prompt_de a=0:  38%|███▊      | 42/112 [01:46<02:54,  2.49s/it]prompt_de a=0:  38%|███▊      | 43/112 [01:46<02:02,  1.78s/it]prompt_de a=0:  39%|███▉      | 44/112 [01:50<02:36,  2.30s/it]prompt_de a=0:  40%|████      | 45/112 [01:53<02:58,  2.66s/it]prompt_de a=0:  41%|████      | 46/112 [01:57<03:12,  2.91s/it]prompt_de a=0:  42%|████▏     | 47/112 [02:00<03:20,  3.09s/it]prompt_de a=0:  43%|████▎     | 48/112 [02:04<03:19,  3.12s/it]prompt_de a=0:  44%|████▍     | 49/112 [02:07<03:24,  3.24s/it]prompt_de a=0:  45%|████▍     | 50/112 [02:11<03:26,  3.33s/it]prompt_de a=0:  46%|████▌     | 51/112 [02:11<02:33,  2.51s/it]prompt_de a=0:  46%|████▋     | 52/112 [02:15<02:49,  2.82s/it]prompt_de a=0:  47%|████▋     | 53/112 [02:18<02:58,  3.03s/it]prompt_de a=0:  48%|████▊     | 54/112 [02:22<03:04,  3.19s/it]prompt_de a=0:  49%|████▉     | 55/112 [02:22<02:12,  2.33s/it]prompt_de a=0:  50%|█████     | 56/112 [02:23<01:37,  1.74s/it]prompt_de a=0:  51%|█████     | 57/112 [02:23<01:13,  1.33s/it]prompt_de a=0:  52%|█████▏    | 58/112 [02:23<00:59,  1.10s/it]prompt_de a=0:  53%|█████▎    | 59/112 [02:24<00:51,  1.02it/s]prompt_de a=0:  54%|█████▎    | 60/112 [02:28<01:30,  1.75s/it]prompt_de a=0:  54%|█████▍    | 61/112 [02:31<01:55,  2.27s/it]prompt_de a=0:  55%|█████▌    | 62/112 [02:31<01:23,  1.67s/it]prompt_de a=0:  56%|█████▋    | 63/112 [02:32<01:00,  1.24s/it]prompt_de a=0:  57%|█████▋    | 64/112 [02:32<00:49,  1.02s/it]prompt_de a=0:  58%|█████▊    | 65/112 [02:33<00:38,  1.23it/s]prompt_de a=0:  59%|█████▉    | 66/112 [02:33<00:30,  1.51it/s]prompt_de a=0:  60%|█████▉    | 67/112 [02:36<01:08,  1.52s/it]prompt_de a=0:  61%|██████    | 68/112 [02:40<01:33,  2.13s/it]prompt_de a=0:  62%|██████▏   | 69/112 [02:40<01:08,  1.60s/it]prompt_de a=0:  62%|██████▎   | 70/112 [02:41<00:50,  1.21s/it]prompt_de a=0:  63%|██████▎   | 71/112 [02:44<01:16,  1.86s/it]prompt_de a=0:  64%|██████▍   | 72/112 [02:46<01:16,  1.90s/it]prompt_de a=0:  65%|██████▌   | 73/112 [02:47<01:04,  1.65s/it]prompt_de a=0:  66%|██████▌   | 74/112 [02:51<01:23,  2.21s/it]prompt_de a=0:  67%|██████▋   | 75/112 [02:54<01:36,  2.59s/it]prompt_de a=0:  68%|██████▊   | 76/112 [02:55<01:10,  1.97s/it]prompt_de a=0:  69%|██████▉   | 77/112 [02:57<01:12,  2.07s/it]prompt_de a=0:  70%|██████▉   | 78/112 [02:59<01:07,  2.00s/it]prompt_de a=0:  71%|███████   | 79/112 [02:59<00:52,  1.59s/it]prompt_de a=0:  71%|███████▏  | 80/112 [03:00<00:38,  1.21s/it]prompt_de a=0:  72%|███████▏  | 81/112 [03:03<00:58,  1.90s/it]prompt_de a=0:  73%|███████▎  | 82/112 [03:07<01:11,  2.38s/it]prompt_de a=0:  74%|███████▍  | 83/112 [03:08<00:59,  2.05s/it]prompt_de a=0:  75%|███████▌  | 84/112 [03:11<01:06,  2.39s/it]prompt_de a=0:  76%|███████▌  | 85/112 [03:12<00:48,  1.81s/it]prompt_de a=0:  77%|███████▋  | 86/112 [03:12<00:35,  1.36s/it]prompt_de a=0:  78%|███████▊  | 87/112 [03:12<00:26,  1.07s/it]prompt_de a=0:  79%|███████▊  | 88/112 [03:16<00:43,  1.81s/it]prompt_de a=0:  79%|███████▉  | 89/112 [03:19<00:53,  2.32s/it]prompt_de a=0:  80%|████████  | 90/112 [03:20<00:39,  1.79s/it]prompt_de a=0:  81%|████████▏ | 91/112 [03:20<00:29,  1.41s/it]prompt_de a=0:  82%|████████▏ | 92/112 [03:21<00:22,  1.10s/it]prompt_de a=0:  83%|████████▎ | 93/112 [03:21<00:16,  1.15it/s]prompt_de a=0:  84%|████████▍ | 94/112 [03:25<00:29,  1.66s/it]prompt_de a=0:  85%|████████▍ | 95/112 [03:28<00:37,  2.22s/it]prompt_de a=0:  86%|████████▌ | 96/112 [03:32<00:41,  2.60s/it]prompt_de a=0:  87%|████████▋ | 97/112 [03:34<00:36,  2.44s/it]prompt_de a=0:  88%|████████▊ | 98/112 [03:34<00:24,  1.75s/it]prompt_de a=0:  88%|████████▊ | 99/112 [03:34<00:17,  1.33s/it]prompt_de a=0:  90%|█████████ | 101/112 [03:35<00:08,  1.23it/s]prompt_de a=0:  91%|█████████ | 102/112 [03:38<00:14,  1.48s/it]prompt_de a=0:  92%|█████████▏| 103/112 [03:42<00:18,  2.01s/it]prompt_de a=0:  93%|█████████▎| 104/112 [03:44<00:16,  2.06s/it]prompt_de a=0:  94%|█████████▍| 105/112 [03:44<00:10,  1.57s/it]prompt_de a=0:  95%|█████████▍| 106/112 [03:44<00:07,  1.20s/it]prompt_de a=0:  96%|█████████▌| 107/112 [03:45<00:05,  1.01s/it]prompt_de a=0:  96%|█████████▋| 108/112 [03:48<00:06,  1.74s/it]prompt_de a=0:  97%|█████████▋| 109/112 [03:52<00:06,  2.26s/it]prompt_de a=0:  98%|█████████▊| 110/112 [03:55<00:05,  2.64s/it]prompt_de a=0:  99%|█████████▉| 111/112 [03:56<00:01,  1.96s/it]prompt_de a=0: 100%|██████████| 112/112 [03:56<00:00,  1.56s/it]prompt_de a=0: 100%|██████████| 112/112 [03:56<00:00,  2.12s/it]
prompt_de a=1:   0%|          | 0/112 [00:00<?, ?it/s]prompt_de a=1:   1%|          | 1/112 [00:00<01:04,  1.73it/s]prompt_de a=1:   2%|▏         | 2/112 [00:01<01:27,  1.26it/s]prompt_de a=1:   3%|▎         | 3/112 [00:03<02:11,  1.20s/it]prompt_de a=1:   4%|▎         | 4/112 [00:06<03:50,  2.13s/it]prompt_de a=1:   4%|▍         | 5/112 [00:09<04:01,  2.26s/it]prompt_de a=1:   5%|▌         | 6/112 [00:10<03:13,  1.83s/it]prompt_de a=1:   6%|▋         | 7/112 [00:10<02:25,  1.39s/it]prompt_de a=1:   7%|▋         | 8/112 [00:11<01:52,  1.09s/it]prompt_de a=1:   8%|▊         | 9/112 [00:13<02:42,  1.58s/it]prompt_de a=1:   9%|▉         | 10/112 [00:14<02:00,  1.18s/it]prompt_de a=1:  10%|▉         | 11/112 [00:17<03:11,  1.89s/it]prompt_de a=1:  11%|█         | 12/112 [00:18<02:47,  1.68s/it]prompt_de a=1:  12%|█▏        | 13/112 [00:19<02:11,  1.33s/it]prompt_de a=1:  12%|█▎        | 14/112 [00:22<03:14,  1.98s/it]prompt_de a=1:  13%|█▎        | 15/112 [00:23<02:21,  1.46s/it]prompt_de a=1:  14%|█▍        | 16/112 [00:23<01:54,  1.19s/it]prompt_de a=1:  15%|█▌        | 17/112 [00:25<02:15,  1.43s/it]prompt_de a=1:  16%|█▌        | 18/112 [00:29<03:13,  2.05s/it]prompt_de a=1:  17%|█▋        | 19/112 [00:31<03:19,  2.14s/it]prompt_de a=1:  18%|█▊        | 20/112 [00:31<02:30,  1.64s/it]prompt_de a=1:  19%|█▉        | 21/112 [00:33<02:35,  1.71s/it]prompt_de a=1:  20%|█▉        | 22/112 [00:34<01:54,  1.27s/it]prompt_de a=1:  21%|██        | 23/112 [00:37<02:49,  1.90s/it]prompt_de a=1:  21%|██▏       | 24/112 [00:37<02:07,  1.45s/it]prompt_de a=1:  22%|██▏       | 25/112 [00:41<02:59,  2.07s/it]prompt_de a=1:  23%|██▎       | 26/112 [00:41<02:15,  1.57s/it]prompt_de a=1:  24%|██▍       | 27/112 [00:42<01:47,  1.26s/it]prompt_de a=1:  25%|██▌       | 28/112 [00:43<01:48,  1.30s/it]prompt_de a=1:  26%|██▌       | 29/112 [00:44<01:23,  1.00s/it]prompt_de a=1:  27%|██▋       | 30/112 [00:46<01:53,  1.39s/it]prompt_de a=1:  28%|██▊       | 31/112 [00:46<01:28,  1.09s/it]prompt_de a=1:  29%|██▊       | 32/112 [00:50<02:25,  1.82s/it]prompt_de a=1:  29%|██▉       | 33/112 [00:53<03:05,  2.35s/it]prompt_de a=1:  30%|███       | 34/112 [00:56<03:03,  2.35s/it]prompt_de a=1:  31%|███▏      | 35/112 [00:56<02:20,  1.83s/it]prompt_de a=1:  32%|███▏      | 36/112 [00:57<01:47,  1.41s/it]prompt_de a=1:  33%|███▎      | 37/112 [00:59<02:15,  1.80s/it]prompt_de a=1:  34%|███▍      | 38/112 [01:00<01:43,  1.39s/it]prompt_de a=1:  35%|███▍      | 39/112 [01:03<02:27,  2.02s/it]prompt_de a=1:  36%|███▌      | 40/112 [01:05<02:16,  1.89s/it]prompt_de a=1:  37%|███▋      | 41/112 [01:07<02:19,  1.96s/it]prompt_de a=1:  38%|███▊      | 42/112 [01:07<01:44,  1.49s/it]prompt_de a=1:  38%|███▊      | 43/112 [01:08<01:19,  1.15s/it]prompt_de a=1:  39%|███▉      | 44/112 [01:08<01:02,  1.09it/s]prompt_de a=1:  40%|████      | 45/112 [01:09<00:49,  1.34it/s]prompt_de a=1:  41%|████      | 46/112 [01:12<01:43,  1.56s/it]prompt_de a=1:  42%|████▏     | 47/112 [01:14<01:48,  1.66s/it]prompt_de a=1:  43%|████▎     | 48/112 [01:14<01:21,  1.27s/it]prompt_de a=1:  44%|████▍     | 49/112 [01:15<01:18,  1.24s/it]prompt_de a=1:  45%|████▍     | 50/112 [01:16<01:05,  1.06s/it]prompt_de a=1:  46%|████▌     | 51/112 [01:18<01:19,  1.31s/it]prompt_de a=1:  46%|████▋     | 52/112 [01:20<01:35,  1.59s/it]prompt_de a=1:  47%|████▋     | 53/112 [01:23<01:51,  1.90s/it]prompt_de a=1:  48%|████▊     | 54/112 [01:26<02:17,  2.38s/it]prompt_de a=1:  49%|████▉     | 55/112 [01:27<01:39,  1.75s/it]prompt_de a=1:  50%|█████     | 56/112 [01:27<01:17,  1.38s/it]prompt_de a=1:  51%|█████     | 57/112 [01:27<00:59,  1.08s/it]prompt_de a=1:  52%|█████▏    | 58/112 [01:28<00:48,  1.10it/s]prompt_de a=1:  53%|█████▎    | 59/112 [01:28<00:41,  1.28it/s]prompt_de a=1:  54%|█████▎    | 60/112 [01:32<01:23,  1.60s/it]prompt_de a=1:  54%|█████▍    | 61/112 [01:35<01:50,  2.18s/it]prompt_de a=1:  55%|█████▌    | 62/112 [01:36<01:20,  1.61s/it]prompt_de a=1:  56%|█████▋    | 63/112 [01:36<00:59,  1.21s/it]prompt_de a=1:  57%|█████▋    | 64/112 [01:37<00:47,  1.01it/s]prompt_de a=1:  58%|█████▊    | 65/112 [01:37<00:37,  1.24it/s]prompt_de a=1:  59%|█████▉    | 66/112 [01:37<00:29,  1.54it/s]prompt_de a=1:  60%|█████▉    | 67/112 [01:41<01:08,  1.52s/it]prompt_de a=1:  61%|██████    | 68/112 [01:43<01:17,  1.75s/it]prompt_de a=1:  62%|██████▏   | 69/112 [01:43<00:57,  1.33s/it]prompt_de a=1:  62%|██████▎   | 70/112 [01:46<01:07,  1.61s/it]prompt_de a=1:  63%|██████▎   | 71/112 [01:46<00:52,  1.28s/it]prompt_de a=1:  64%|██████▍   | 72/112 [01:47<00:41,  1.03s/it]prompt_de a=1:  65%|██████▌   | 73/112 [01:47<00:32,  1.19it/s]prompt_de a=1:  66%|██████▌   | 74/112 [01:51<01:02,  1.65s/it]prompt_de a=1:  67%|██████▋   | 75/112 [01:53<01:07,  1.84s/it]prompt_de a=1:  68%|██████▊   | 76/112 [01:55<01:14,  2.07s/it]prompt_de a=1:  69%|██████▉   | 77/112 [01:57<01:11,  2.05s/it]prompt_de a=1:  70%|██████▉   | 78/112 [02:00<01:19,  2.33s/it]prompt_de a=1:  71%|███████   | 79/112 [02:01<01:00,  1.84s/it]prompt_de a=1:  71%|███████▏  | 80/112 [02:01<00:43,  1.37s/it]prompt_de a=1:  72%|███████▏  | 81/112 [02:05<01:02,  2.03s/it]prompt_de a=1:  73%|███████▎  | 82/112 [02:08<01:08,  2.28s/it]prompt_de a=1:  74%|███████▍  | 83/112 [02:08<00:50,  1.73s/it]prompt_de a=1:  75%|███████▌  | 84/112 [02:09<00:36,  1.31s/it]prompt_de a=1:  76%|███████▌  | 85/112 [02:09<00:27,  1.03s/it]prompt_de a=1:  77%|███████▋  | 86/112 [02:09<00:21,  1.20it/s]prompt_de a=1:  78%|███████▊  | 87/112 [02:10<00:17,  1.44it/s]prompt_de a=1:  79%|███████▊  | 88/112 [02:13<00:36,  1.54s/it]prompt_de a=1:  79%|███████▉  | 89/112 [02:15<00:38,  1.68s/it]prompt_de a=1:  80%|████████  | 90/112 [02:19<00:49,  2.23s/it]prompt_de a=1:  81%|████████▏ | 91/112 [02:19<00:35,  1.69s/it]prompt_de a=1:  82%|████████▏ | 92/112 [02:23<00:44,  2.24s/it]prompt_de a=1:  83%|████████▎ | 93/112 [02:23<00:31,  1.68s/it]prompt_de a=1:  84%|████████▍ | 94/112 [02:26<00:38,  2.14s/it]prompt_de a=1:  85%|████████▍ | 95/112 [02:30<00:43,  2.55s/it]prompt_de a=1:  86%|████████▌ | 96/112 [02:31<00:35,  2.21s/it]prompt_de a=1:  87%|████████▋ | 97/112 [02:35<00:38,  2.60s/it]prompt_de a=1:  88%|████████▊ | 98/112 [02:35<00:27,  1.97s/it]prompt_de a=1:  88%|████████▊ | 99/112 [02:36<00:19,  1.53s/it]prompt_de a=1:  89%|████████▉ | 100/112 [02:38<00:20,  1.73s/it]prompt_de a=1:  90%|█████████ | 101/112 [02:38<00:14,  1.30s/it]prompt_de a=1:  91%|█████████ | 102/112 [02:42<00:19,  1.96s/it]prompt_de a=1:  92%|█████████▏| 103/112 [02:43<00:15,  1.77s/it]prompt_de a=1:  93%|█████████▎| 104/112 [02:44<00:12,  1.62s/it]prompt_de a=1:  94%|█████████▍| 105/112 [02:45<00:08,  1.24s/it]prompt_de a=1:  95%|█████████▍| 106/112 [02:45<00:05,  1.06it/s]prompt_de a=1:  96%|█████████▌| 107/112 [02:47<00:06,  1.32s/it]prompt_de a=1:  96%|█████████▋| 108/112 [02:48<00:04,  1.18s/it]prompt_de a=1:  97%|█████████▋| 109/112 [02:51<00:05,  1.87s/it]prompt_de a=1:  98%|█████████▊| 110/112 [02:55<00:04,  2.36s/it]prompt_de a=1:  99%|█████████▉| 111/112 [02:55<00:01,  1.79s/it]prompt_de a=1: 100%|██████████| 112/112 [02:56<00:00,  1.50s/it]prompt_de a=1: 100%|██████████| 112/112 [02:56<00:00,  1.58s/it]
prompt_fr a=0:   0%|          | 0/112 [00:00<?, ?it/s]prompt_fr a=0:   1%|          | 1/112 [00:00<01:10,  1.56it/s]prompt_fr a=0:   2%|▏         | 2/112 [00:01<01:02,  1.75it/s]prompt_fr a=0:   3%|▎         | 3/112 [00:01<00:56,  1.92it/s]prompt_fr a=0:   4%|▎         | 4/112 [00:05<03:03,  1.70s/it]prompt_fr a=0:   4%|▍         | 5/112 [00:08<04:12,  2.36s/it]prompt_fr a=0:   5%|▌         | 6/112 [00:09<03:28,  1.97s/it]prompt_fr a=0:   6%|▋         | 7/112 [00:13<04:20,  2.48s/it]prompt_fr a=0:   7%|▋         | 8/112 [00:13<03:10,  1.83s/it]prompt_fr a=0:   8%|▊         | 9/112 [00:17<04:03,  2.36s/it]prompt_fr a=0:   9%|▉         | 10/112 [00:17<02:58,  1.75s/it]prompt_fr a=0:  10%|▉         | 11/112 [00:21<03:51,  2.29s/it]prompt_fr a=0:  11%|█         | 12/112 [00:24<04:26,  2.66s/it]prompt_fr a=0:  12%|█▏        | 13/112 [00:28<04:48,  2.91s/it]prompt_fr a=0:  12%|█▎        | 14/112 [00:31<05:02,  3.09s/it]prompt_fr a=0:  13%|█▎        | 15/112 [00:32<03:37,  2.24s/it]prompt_fr a=0:  14%|█▍        | 16/112 [00:32<02:35,  1.62s/it]prompt_fr a=0:  15%|█▌        | 17/112 [00:35<03:27,  2.19s/it]prompt_fr a=0:  16%|█▌        | 18/112 [00:39<04:02,  2.58s/it]prompt_fr a=0:  17%|█▋        | 19/112 [00:42<04:26,  2.86s/it]prompt_fr a=0:  18%|█▊        | 20/112 [00:46<04:41,  3.06s/it]prompt_fr a=0:  19%|█▉        | 21/112 [00:49<04:50,  3.19s/it]prompt_fr a=0:  20%|█▉        | 22/112 [00:50<03:28,  2.32s/it]prompt_fr a=0:  21%|██        | 23/112 [00:51<02:59,  2.02s/it]prompt_fr a=0:  21%|██▏       | 24/112 [00:51<02:14,  1.53s/it]prompt_fr a=0:  22%|██▏       | 25/112 [00:55<03:05,  2.13s/it]prompt_fr a=0:  23%|██▎       | 26/112 [00:58<03:38,  2.54s/it]prompt_fr a=0:  24%|██▍       | 27/112 [01:00<03:08,  2.22s/it]prompt_fr a=0:  25%|██▌       | 28/112 [01:00<02:21,  1.68s/it]prompt_fr a=0:  26%|██▌       | 29/112 [01:01<01:47,  1.30s/it]prompt_fr a=0:  27%|██▋       | 30/112 [01:01<01:19,  1.03it/s]prompt_fr a=0:  28%|██▊       | 31/112 [01:01<01:04,  1.26it/s]prompt_fr a=0:  29%|██▊       | 32/112 [01:05<02:08,  1.61s/it]prompt_fr a=0:  29%|██▉       | 33/112 [01:08<02:51,  2.17s/it]prompt_fr a=0:  30%|███       | 34/112 [01:12<03:20,  2.57s/it]prompt_fr a=0:  31%|███▏      | 35/112 [01:13<02:42,  2.12s/it]prompt_fr a=0:  32%|███▏      | 36/112 [01:13<02:04,  1.64s/it]prompt_fr a=0:  33%|███▎      | 37/112 [01:17<02:45,  2.20s/it]prompt_fr a=0:  34%|███▍      | 38/112 [01:17<02:03,  1.67s/it]prompt_fr a=0:  35%|███▍      | 39/112 [01:21<02:42,  2.22s/it]prompt_fr a=0:  36%|███▌      | 40/112 [01:24<03:07,  2.60s/it]prompt_fr a=0:  37%|███▋      | 41/112 [01:26<02:41,  2.27s/it]prompt_fr a=0:  38%|███▊      | 42/112 [01:27<02:19,  1.99s/it]prompt_fr a=0:  38%|███▊      | 43/112 [01:27<01:43,  1.50s/it]prompt_fr a=0:  39%|███▉      | 44/112 [01:31<02:22,  2.10s/it]prompt_fr a=0:  40%|████      | 45/112 [01:31<01:47,  1.60s/it]prompt_fr a=0:  41%|████      | 46/112 [01:35<02:22,  2.16s/it]prompt_fr a=0:  42%|████▏     | 47/112 [01:38<02:46,  2.56s/it]prompt_fr a=0:  43%|████▎     | 48/112 [01:42<03:01,  2.84s/it]prompt_fr a=0:  44%|████▍     | 49/112 [01:42<02:18,  2.20s/it]prompt_fr a=0:  45%|████▍     | 50/112 [01:43<01:47,  1.73s/it]prompt_fr a=0:  46%|████▌     | 51/112 [01:44<01:21,  1.34s/it]prompt_fr a=0:  46%|████▋     | 52/112 [01:44<01:03,  1.05s/it]prompt_fr a=0:  47%|████▋     | 53/112 [01:47<01:45,  1.78s/it]prompt_fr a=0:  48%|████▊     | 54/112 [01:50<01:54,  1.98s/it]prompt_fr a=0:  49%|████▉     | 55/112 [01:50<01:24,  1.49s/it]prompt_fr a=0:  50%|█████     | 56/112 [01:53<01:43,  1.84s/it]prompt_fr a=0:  51%|█████     | 57/112 [01:53<01:16,  1.39s/it]prompt_fr a=0:  52%|█████▏    | 58/112 [01:54<01:02,  1.15s/it]prompt_fr a=0:  53%|█████▎    | 59/112 [01:56<01:17,  1.46s/it]prompt_fr a=0:  54%|█████▎    | 60/112 [01:59<01:47,  2.07s/it]prompt_fr a=0:  54%|█████▍    | 61/112 [02:03<02:07,  2.50s/it]prompt_fr a=0:  55%|█████▌    | 62/112 [02:03<01:31,  1.84s/it]prompt_fr a=0:  56%|█████▋    | 63/112 [02:04<01:07,  1.37s/it]prompt_fr a=0:  57%|█████▋    | 64/112 [02:04<00:55,  1.15s/it]prompt_fr a=0:  58%|█████▊    | 65/112 [02:05<00:44,  1.06it/s]prompt_fr a=0:  59%|█████▉    | 66/112 [02:05<00:34,  1.32it/s]prompt_fr a=0:  60%|█████▉    | 67/112 [02:08<01:11,  1.58s/it]prompt_fr a=0:  61%|██████    | 68/112 [02:12<01:35,  2.16s/it]prompt_fr a=0:  62%|██████▏   | 69/112 [02:12<01:10,  1.63s/it]prompt_fr a=0:  62%|██████▎   | 70/112 [02:15<01:25,  2.04s/it]prompt_fr a=0:  63%|██████▎   | 71/112 [02:18<01:27,  2.14s/it]prompt_fr a=0:  64%|██████▍   | 72/112 [02:18<01:04,  1.62s/it]prompt_fr a=0:  65%|██████▌   | 73/112 [02:19<00:49,  1.28s/it]prompt_fr a=0:  66%|██████▌   | 74/112 [02:22<01:13,  1.95s/it]prompt_fr a=0:  67%|██████▋   | 75/112 [02:26<01:29,  2.41s/it]prompt_fr a=0:  68%|██████▊   | 76/112 [02:29<01:38,  2.74s/it]prompt_fr a=0:  69%|██████▉   | 77/112 [02:33<01:43,  2.96s/it]prompt_fr a=0:  70%|██████▉   | 78/112 [02:34<01:22,  2.43s/it]prompt_fr a=0:  71%|███████   | 79/112 [02:34<01:00,  1.83s/it]prompt_fr a=0:  71%|███████▏  | 80/112 [02:35<00:44,  1.39s/it]prompt_fr a=0:  72%|███████▏  | 81/112 [02:38<01:03,  2.03s/it]prompt_fr a=0:  73%|███████▎  | 82/112 [02:42<01:14,  2.47s/it]prompt_fr a=0:  74%|███████▍  | 83/112 [02:45<01:20,  2.78s/it]prompt_fr a=0:  75%|███████▌  | 84/112 [02:49<01:23,  2.99s/it]prompt_fr a=0:  76%|███████▌  | 85/112 [02:49<01:00,  2.23s/it]prompt_fr a=0:  77%|███████▋  | 86/112 [02:50<00:44,  1.70s/it]prompt_fr a=0:  78%|███████▊  | 87/112 [02:50<00:32,  1.31s/it]prompt_fr a=0:  79%|███████▊  | 88/112 [02:53<00:47,  1.97s/it]prompt_fr a=0:  79%|███████▉  | 89/112 [02:57<00:55,  2.43s/it]prompt_fr a=0:  80%|████████  | 90/112 [03:00<01:00,  2.75s/it]prompt_fr a=0:  81%|████████▏ | 91/112 [03:01<00:43,  2.08s/it]prompt_fr a=0:  82%|████████▏ | 92/112 [03:01<00:32,  1.62s/it]prompt_fr a=0:  83%|████████▎ | 93/112 [03:02<00:23,  1.24s/it]prompt_fr a=0:  84%|████████▍ | 94/112 [03:02<00:18,  1.04s/it]prompt_fr a=0:  85%|████████▍ | 95/112 [03:06<00:30,  1.78s/it]prompt_fr a=0:  86%|████████▌ | 96/112 [03:09<00:36,  2.31s/it]prompt_fr a=0:  87%|████████▋ | 97/112 [03:13<00:40,  2.68s/it]prompt_fr a=0:  88%|████████▊ | 98/112 [03:16<00:38,  2.73s/it]prompt_fr a=0:  88%|████████▊ | 99/112 [03:16<00:26,  2.04s/it]prompt_fr a=0:  89%|████████▉ | 100/112 [03:17<00:18,  1.53s/it]prompt_fr a=0:  90%|█████████ | 101/112 [03:17<00:12,  1.16s/it]prompt_fr a=0:  91%|█████████ | 102/112 [03:20<00:18,  1.87s/it]prompt_fr a=0:  92%|█████████▏| 103/112 [03:24<00:21,  2.37s/it]prompt_fr a=0:  93%|█████████▎| 104/112 [03:28<00:21,  2.71s/it]prompt_fr a=0:  94%|█████████▍| 105/112 [03:31<00:19,  2.80s/it]prompt_fr a=0:  95%|█████████▍| 106/112 [03:31<00:12,  2.07s/it]prompt_fr a=0:  96%|█████████▌| 107/112 [03:31<00:07,  1.58s/it]prompt_fr a=0:  96%|█████████▋| 108/112 [03:32<00:04,  1.23s/it]prompt_fr a=0:  97%|█████████▋| 109/112 [03:35<00:05,  1.91s/it]prompt_fr a=0:  98%|█████████▊| 110/112 [03:39<00:04,  2.38s/it]prompt_fr a=0:  99%|█████████▉| 111/112 [03:42<00:02,  2.72s/it]prompt_fr a=0: 100%|██████████| 112/112 [03:43<00:00,  2.28s/it]prompt_fr a=0: 100%|██████████| 112/112 [03:43<00:00,  2.00s/it]
prompt_fr a=1:   0%|          | 0/112 [00:00<?, ?it/s]prompt_fr a=1:   1%|          | 1/112 [00:00<01:03,  1.74it/s]prompt_fr a=1:   2%|▏         | 2/112 [00:01<01:00,  1.82it/s]prompt_fr a=1:   3%|▎         | 3/112 [00:02<01:30,  1.20it/s]prompt_fr a=1:   4%|▎         | 4/112 [00:05<03:24,  1.89s/it]prompt_fr a=1:   4%|▍         | 5/112 [00:06<02:23,  1.34s/it]prompt_fr a=1:   5%|▌         | 6/112 [00:06<01:46,  1.01s/it]prompt_fr a=1:   6%|▋         | 7/112 [00:07<01:32,  1.14it/s]prompt_fr a=1:   7%|▋         | 8/112 [00:10<02:58,  1.72s/it]prompt_fr a=1:   8%|▊         | 9/112 [00:11<02:21,  1.38s/it]prompt_fr a=1:   9%|▉         | 10/112 [00:11<01:45,  1.04s/it]prompt_fr a=1:  10%|▉         | 11/112 [00:15<03:02,  1.81s/it]prompt_fr a=1:  11%|█         | 12/112 [00:17<03:25,  2.06s/it]prompt_fr a=1:  12%|█▏        | 13/112 [00:18<02:53,  1.75s/it]prompt_fr a=1:  12%|█▎        | 14/112 [00:19<02:15,  1.38s/it]prompt_fr a=1:  13%|█▎        | 15/112 [00:19<01:41,  1.04s/it]prompt_fr a=1:  14%|█▍        | 16/112 [00:20<01:32,  1.04it/s]prompt_fr a=1:  15%|█▌        | 17/112 [00:23<02:23,  1.51s/it]prompt_fr a=1:  16%|█▌        | 18/112 [00:26<03:18,  2.11s/it]prompt_fr a=1:  17%|█▋        | 19/112 [00:27<02:35,  1.68s/it]prompt_fr a=1:  18%|█▊        | 20/112 [00:27<01:58,  1.28s/it]prompt_fr a=1:  19%|█▉        | 21/112 [00:30<02:40,  1.76s/it]prompt_fr a=1:  20%|█▉        | 22/112 [00:30<01:58,  1.31s/it]prompt_fr a=1:  21%|██        | 23/112 [00:31<01:36,  1.08s/it]prompt_fr a=1:  21%|██▏       | 24/112 [00:31<01:16,  1.15it/s]prompt_fr a=1:  22%|██▏       | 25/112 [00:35<02:24,  1.66s/it]prompt_fr a=1:  23%|██▎       | 26/112 [00:35<01:47,  1.25s/it]prompt_fr a=1:  24%|██▍       | 27/112 [00:36<01:42,  1.21s/it]prompt_fr a=1:  25%|██▌       | 28/112 [00:38<01:47,  1.28s/it]prompt_fr a=1:  26%|██▌       | 29/112 [00:40<02:07,  1.54s/it]prompt_fr a=1:  27%|██▋       | 30/112 [00:40<01:39,  1.22s/it]prompt_fr a=1:  28%|██▊       | 31/112 [00:41<01:19,  1.02it/s]prompt_fr a=1:  29%|██▊       | 32/112 [00:44<02:18,  1.73s/it]prompt_fr a=1:  29%|██▉       | 33/112 [00:48<02:58,  2.26s/it]prompt_fr a=1:  30%|███       | 34/112 [00:51<03:25,  2.64s/it]prompt_fr a=1:  31%|███▏      | 35/112 [00:52<02:39,  2.08s/it]prompt_fr a=1:  32%|███▏      | 36/112 [00:52<02:00,  1.59s/it]prompt_fr a=1:  33%|███▎      | 37/112 [00:53<01:34,  1.26s/it]prompt_fr a=1:  34%|███▍      | 38/112 [00:53<01:11,  1.03it/s]prompt_fr a=1:  35%|███▍      | 39/112 [00:57<02:06,  1.73s/it]prompt_fr a=1:  36%|███▌      | 40/112 [00:58<01:59,  1.66s/it]prompt_fr a=1:  37%|███▋      | 41/112 [00:59<01:43,  1.46s/it]prompt_fr a=1:  38%|███▊      | 42/112 [00:59<01:19,  1.14s/it]prompt_fr a=1:  38%|███▊      | 43/112 [01:00<01:02,  1.10it/s]prompt_fr a=1:  39%|███▉      | 44/112 [01:00<00:51,  1.32it/s]prompt_fr a=1:  40%|████      | 45/112 [01:01<00:42,  1.56it/s]prompt_fr a=1:  41%|████      | 46/112 [01:04<01:39,  1.51s/it]prompt_fr a=1:  42%|████▏     | 47/112 [01:05<01:25,  1.31s/it]prompt_fr a=1:  43%|████▎     | 48/112 [01:05<01:05,  1.02s/it]prompt_fr a=1:  44%|████▍     | 49/112 [01:06<00:56,  1.12it/s]prompt_fr a=1:  45%|████▍     | 50/112 [01:06<00:47,  1.30it/s]prompt_fr a=1:  46%|████▌     | 51/112 [01:07<00:41,  1.46it/s]prompt_fr a=1:  46%|████▋     | 52/112 [01:10<01:32,  1.54s/it]prompt_fr a=1:  47%|████▋     | 53/112 [01:14<02:05,  2.13s/it]prompt_fr a=1:  48%|████▊     | 54/112 [01:17<02:25,  2.51s/it]prompt_fr a=1:  49%|████▉     | 55/112 [01:18<01:45,  1.84s/it]prompt_fr a=1:  50%|█████     | 56/112 [01:18<01:20,  1.44s/it]prompt_fr a=1:  51%|█████     | 57/112 [01:19<01:02,  1.13s/it]prompt_fr a=1:  52%|█████▏    | 58/112 [01:19<00:51,  1.05it/s]prompt_fr a=1:  53%|█████▎    | 59/112 [01:22<01:26,  1.64s/it]prompt_fr a=1:  54%|█████▎    | 60/112 [01:26<01:55,  2.21s/it]prompt_fr a=1:  54%|█████▍    | 61/112 [01:28<01:54,  2.24s/it]prompt_fr a=1:  55%|█████▌    | 62/112 [01:28<01:22,  1.66s/it]prompt_fr a=1:  56%|█████▋    | 63/112 [01:29<01:00,  1.23s/it]prompt_fr a=1:  57%|█████▋    | 64/112 [01:29<00:47,  1.00it/s]prompt_fr a=1:  58%|█████▊    | 65/112 [01:31<00:59,  1.27s/it]prompt_fr a=1:  59%|█████▉    | 66/112 [01:31<00:44,  1.03it/s]prompt_fr a=1:  60%|█████▉    | 67/112 [01:35<01:18,  1.74s/it]prompt_fr a=1:  61%|██████    | 68/112 [01:37<01:17,  1.77s/it]prompt_fr a=1:  62%|██████▏   | 69/112 [01:37<00:57,  1.34s/it]prompt_fr a=1:  62%|██████▎   | 70/112 [01:38<00:45,  1.09s/it]prompt_fr a=1:  63%|██████▎   | 71/112 [01:38<00:36,  1.12it/s]prompt_fr a=1:  64%|██████▍   | 72/112 [01:41<00:56,  1.41s/it]prompt_fr a=1:  65%|██████▌   | 73/112 [01:41<00:47,  1.23s/it]prompt_fr a=1:  66%|██████▌   | 74/112 [01:45<01:13,  1.92s/it]prompt_fr a=1:  67%|██████▋   | 75/112 [01:48<01:29,  2.41s/it]prompt_fr a=1:  68%|██████▊   | 76/112 [01:49<01:05,  1.82s/it]prompt_fr a=1:  69%|██████▉   | 77/112 [01:49<00:49,  1.42s/it]prompt_fr a=1:  70%|██████▉   | 78/112 [01:50<00:43,  1.27s/it]prompt_fr a=1:  71%|███████   | 79/112 [01:51<00:35,  1.06s/it]prompt_fr a=1:  71%|███████▏  | 80/112 [01:51<00:26,  1.22it/s]prompt_fr a=1:  72%|███████▏  | 81/112 [01:55<00:50,  1.63s/it]prompt_fr a=1:  73%|███████▎  | 82/112 [01:55<00:38,  1.28s/it]prompt_fr a=1:  74%|███████▍  | 83/112 [01:56<00:29,  1.01s/it]prompt_fr a=1:  75%|███████▌  | 84/112 [01:56<00:22,  1.25it/s]prompt_fr a=1:  76%|███████▌  | 85/112 [01:56<00:18,  1.48it/s]prompt_fr a=1:  77%|███████▋  | 86/112 [01:56<00:14,  1.84it/s]prompt_fr a=1:  78%|███████▊  | 87/112 [01:57<00:12,  2.04it/s]prompt_fr a=1:  79%|███████▊  | 88/112 [02:00<00:33,  1.40s/it]prompt_fr a=1:  79%|███████▉  | 89/112 [02:01<00:26,  1.15s/it]prompt_fr a=1:  80%|████████  | 90/112 [02:01<00:20,  1.07it/s]prompt_fr a=1:  81%|████████▏ | 91/112 [02:02<00:16,  1.29it/s]prompt_fr a=1:  82%|████████▏ | 92/112 [02:02<00:14,  1.41it/s]prompt_fr a=1:  83%|████████▎ | 93/112 [02:03<00:11,  1.64it/s]prompt_fr a=1:  84%|████████▍ | 94/112 [02:03<00:09,  1.93it/s]prompt_fr a=1:  85%|████████▍ | 95/112 [02:07<00:24,  1.42s/it]prompt_fr a=1:  86%|████████▌ | 96/112 [02:09<00:26,  1.65s/it]prompt_fr a=1:  87%|████████▋ | 97/112 [02:09<00:19,  1.29s/it]prompt_fr a=1:  88%|████████▊ | 98/112 [02:09<00:13,  1.05it/s]prompt_fr a=1:  88%|████████▊ | 99/112 [02:10<00:10,  1.21it/s]prompt_fr a=1:  89%|████████▉ | 100/112 [02:11<00:12,  1.03s/it]prompt_fr a=1:  90%|█████████ | 101/112 [02:12<00:09,  1.21it/s]prompt_fr a=1:  91%|█████████ | 102/112 [02:15<00:16,  1.62s/it]prompt_fr a=1:  92%|█████████▏| 103/112 [02:19<00:19,  2.19s/it]prompt_fr a=1:  93%|█████████▎| 104/112 [02:19<00:12,  1.60s/it]prompt_fr a=1:  94%|█████████▍| 105/112 [02:19<00:08,  1.20s/it]prompt_fr a=1:  95%|█████████▍| 106/112 [02:19<00:05,  1.09it/s]prompt_fr a=1:  96%|█████████▌| 107/112 [02:20<00:03,  1.32it/s]prompt_fr a=1:  96%|█████████▋| 108/112 [02:20<00:02,  1.51it/s]prompt_fr a=1:  97%|█████████▋| 109/112 [02:24<00:04,  1.51s/it]prompt_fr a=1:  98%|█████████▊| 110/112 [02:25<00:03,  1.57s/it]prompt_fr a=1:  99%|█████████▉| 111/112 [02:26<00:01,  1.22s/it]prompt_fr a=1: 100%|██████████| 112/112 [02:27<00:00,  1.09s/it]prompt_fr a=1: 100%|██████████| 112/112 [02:27<00:00,  1.31s/it]
prompt a=0:   0%|          | 0/112 [00:00<?, ?it/s]prompt a=0:   1%|          | 1/112 [00:00<00:50,  2.18it/s]prompt a=0:   2%|▏         | 2/112 [00:00<00:46,  2.39it/s]prompt a=0:   3%|▎         | 3/112 [00:02<01:31,  1.19it/s]prompt a=0:   4%|▎         | 4/112 [00:05<03:23,  1.89s/it]prompt a=0:   4%|▍         | 5/112 [00:09<04:24,  2.47s/it]prompt a=0:   5%|▌         | 6/112 [00:12<04:58,  2.82s/it]prompt a=0:   6%|▋         | 7/112 [00:16<05:19,  3.04s/it]prompt a=0:   7%|▋         | 8/112 [00:17<04:20,  2.50s/it]prompt a=0:   8%|▊         | 9/112 [00:21<04:49,  2.81s/it]prompt a=0:   9%|▉         | 10/112 [00:21<03:26,  2.03s/it]prompt a=0:  10%|▉         | 11/112 [00:24<04:09,  2.47s/it]prompt a=0:  11%|█         | 12/112 [00:28<04:38,  2.78s/it]prompt a=0:  12%|█▏        | 13/112 [00:31<04:56,  3.00s/it]prompt a=0:  12%|█▎        | 14/112 [00:35<05:08,  3.14s/it]prompt a=0:  13%|█▎        | 15/112 [00:35<03:40,  2.27s/it]prompt a=0:  14%|█▍        | 16/112 [00:38<04:13,  2.64s/it]prompt a=0:  15%|█▌        | 17/112 [00:42<04:35,  2.90s/it]prompt a=0:  16%|█▌        | 18/112 [00:46<04:49,  3.08s/it]prompt a=0:  17%|█▋        | 19/112 [00:49<04:59,  3.22s/it]prompt a=0:  18%|█▊        | 20/112 [00:53<05:04,  3.31s/it]prompt a=0:  19%|█▉        | 21/112 [00:56<05:07,  3.38s/it]prompt a=0:  20%|█▉        | 22/112 [00:56<03:39,  2.44s/it]prompt a=0:  21%|██        | 23/112 [01:00<04:06,  2.77s/it]prompt a=0:  21%|██▏       | 24/112 [01:00<02:58,  2.02s/it]prompt a=0:  22%|██▏       | 25/112 [01:04<03:35,  2.48s/it]prompt a=0:  23%|██▎       | 26/112 [01:07<03:59,  2.79s/it]prompt a=0:  24%|██▍       | 27/112 [01:08<03:00,  2.13s/it]prompt a=0:  25%|██▌       | 28/112 [01:08<02:11,  1.56s/it]prompt a=0:  26%|██▌       | 29/112 [01:10<02:15,  1.63s/it]prompt a=0:  27%|██▋       | 30/112 [01:13<03:00,  2.21s/it]prompt a=0:  28%|██▊       | 31/112 [01:14<02:15,  1.68s/it]prompt a=0:  29%|██▊       | 32/112 [01:17<02:59,  2.24s/it]prompt a=0:  29%|██▉       | 33/112 [01:21<03:27,  2.62s/it]prompt a=0:  30%|███       | 34/112 [01:24<03:45,  2.89s/it]prompt a=0:  31%|███▏      | 35/112 [01:28<03:56,  3.07s/it]prompt a=0:  32%|███▏      | 36/112 [01:31<04:03,  3.20s/it]prompt a=0:  33%|███▎      | 37/112 [01:32<03:09,  2.52s/it]prompt a=0:  34%|███▍      | 38/112 [01:33<02:16,  1.84s/it]prompt a=0:  35%|███▍      | 39/112 [01:36<02:51,  2.35s/it]prompt a=0:  36%|███▌      | 40/112 [01:40<03:14,  2.70s/it]prompt a=0:  37%|███▋      | 41/112 [01:43<03:25,  2.90s/it]prompt a=0:  38%|███▊      | 42/112 [01:46<03:26,  2.96s/it]prompt a=0:  38%|███▊      | 43/112 [01:46<02:28,  2.15s/it]prompt a=0:  39%|███▉      | 44/112 [01:50<02:54,  2.57s/it]prompt a=0:  40%|████      | 45/112 [01:53<03:11,  2.86s/it]prompt a=0:  41%|████      | 46/112 [01:57<03:22,  3.07s/it]prompt a=0:  42%|████▏     | 47/112 [02:01<03:28,  3.20s/it]prompt a=0:  43%|████▎     | 48/112 [02:04<03:29,  3.28s/it]prompt a=0:  44%|████▍     | 49/112 [02:07<03:18,  3.15s/it]prompt a=0:  45%|████▍     | 50/112 [02:10<03:21,  3.26s/it]prompt a=0:  46%|████▌     | 51/112 [02:11<02:38,  2.60s/it]prompt a=0:  46%|████▋     | 52/112 [02:14<02:35,  2.59s/it]prompt a=0:  47%|████▋     | 53/112 [02:17<02:49,  2.87s/it]prompt a=0:  48%|████▊     | 54/112 [02:21<02:57,  3.06s/it]prompt a=0:  49%|████▉     | 55/112 [02:21<02:07,  2.23s/it]prompt a=0:  50%|█████     | 56/112 [02:22<01:32,  1.66s/it]prompt a=0:  51%|█████     | 57/112 [02:22<01:08,  1.24s/it]prompt a=0:  52%|█████▏    | 58/112 [02:22<00:54,  1.02s/it]prompt a=0:  53%|█████▎    | 59/112 [02:25<01:20,  1.52s/it]prompt a=0:  54%|█████▎    | 60/112 [02:29<01:49,  2.11s/it]prompt a=0:  54%|█████▍    | 61/112 [02:32<02:08,  2.52s/it]prompt a=0:  55%|█████▌    | 62/112 [02:32<01:32,  1.85s/it]prompt a=0:  56%|█████▋    | 63/112 [02:33<01:19,  1.63s/it]prompt a=0:  57%|█████▋    | 64/112 [02:34<01:00,  1.26s/it]prompt a=0:  58%|█████▊    | 65/112 [02:37<01:30,  1.93s/it]prompt a=0:  59%|█████▉    | 66/112 [02:38<01:05,  1.43s/it]prompt a=0:  60%|█████▉    | 67/112 [02:41<01:32,  2.06s/it]prompt a=0:  61%|██████    | 68/112 [02:45<01:49,  2.49s/it]prompt a=0:  62%|██████▏   | 69/112 [02:45<01:19,  1.84s/it]prompt a=0:  62%|██████▎   | 70/112 [02:46<01:05,  1.56s/it]prompt a=0:  63%|██████▎   | 71/112 [02:46<00:52,  1.27s/it]prompt a=0:  64%|██████▍   | 72/112 [02:48<00:50,  1.27s/it]prompt a=0:  65%|██████▌   | 73/112 [02:48<00:38,  1.01it/s]prompt a=0:  66%|██████▌   | 74/112 [02:52<01:06,  1.75s/it]prompt a=0:  67%|██████▋   | 75/112 [02:55<01:24,  2.28s/it]prompt a=0:  68%|██████▊   | 76/112 [02:55<01:01,  1.71s/it]prompt a=0:  69%|██████▉   | 77/112 [02:58<01:03,  1.81s/it]prompt a=0:  70%|██████▉   | 78/112 [03:01<01:18,  2.32s/it]prompt a=0:  71%|███████   | 79/112 [03:04<01:28,  2.67s/it]prompt a=0:  71%|███████▏  | 80/112 [03:05<01:02,  1.95s/it]prompt a=0:  72%|███████▏  | 81/112 [03:08<01:14,  2.41s/it]prompt a=0:  73%|███████▎  | 82/112 [03:12<01:22,  2.75s/it]prompt a=0:  74%|███████▍  | 83/112 [03:12<00:59,  2.04s/it]prompt a=0:  75%|███████▌  | 84/112 [03:14<00:58,  2.08s/it]prompt a=0:  76%|███████▌  | 85/112 [03:17<01:01,  2.26s/it]prompt a=0:  77%|███████▋  | 86/112 [03:17<00:43,  1.66s/it]prompt a=0:  78%|███████▊  | 87/112 [03:18<00:31,  1.28s/it]prompt a=0:  79%|███████▊  | 88/112 [03:21<00:46,  1.96s/it]prompt a=0:  79%|███████▉  | 89/112 [03:25<00:56,  2.44s/it]prompt a=0:  80%|████████  | 90/112 [03:25<00:40,  1.83s/it]prompt a=0:  81%|████████▏ | 91/112 [03:25<00:28,  1.37s/it]prompt a=0:  82%|████████▏ | 92/112 [03:26<00:21,  1.07s/it]prompt a=0:  83%|████████▎ | 93/112 [03:26<00:15,  1.21it/s]prompt a=0:  84%|████████▍ | 94/112 [03:27<00:13,  1.37it/s]prompt a=0:  85%|████████▍ | 95/112 [03:30<00:26,  1.57s/it]prompt a=0:  86%|████████▌ | 96/112 [03:34<00:34,  2.16s/it]prompt a=0:  87%|████████▋ | 97/112 [03:34<00:24,  1.63s/it]prompt a=0:  88%|████████▊ | 98/112 [03:34<00:17,  1.23s/it]prompt a=0:  88%|████████▊ | 99/112 [03:35<00:12,  1.00it/s]prompt a=0:  89%|████████▉ | 100/112 [03:38<00:21,  1.76s/it]prompt a=0:  90%|█████████ | 101/112 [03:39<00:14,  1.33s/it]prompt a=0:  91%|█████████ | 102/112 [03:42<00:19,  1.99s/it]prompt a=0:  92%|█████████▏| 103/112 [03:46<00:21,  2.44s/it]prompt a=0:  93%|█████████▎| 104/112 [03:49<00:22,  2.76s/it]prompt a=0:  94%|█████████▍| 105/112 [03:50<00:16,  2.30s/it]prompt a=0:  95%|█████████▍| 106/112 [03:51<00:10,  1.68s/it]prompt a=0:  96%|█████████▌| 107/112 [03:53<00:09,  1.90s/it]prompt a=0:  96%|█████████▋| 108/112 [03:54<00:06,  1.54s/it]prompt a=0:  97%|█████████▋| 109/112 [03:57<00:06,  2.13s/it]prompt a=0:  98%|█████████▊| 110/112 [04:01<00:05,  2.53s/it]prompt a=0:  99%|█████████▉| 111/112 [04:04<00:02,  2.82s/it]prompt a=0: 100%|██████████| 112/112 [04:05<00:00,  2.33s/it]prompt a=0: 100%|██████████| 112/112 [04:05<00:00,  2.20s/it]
prompt a=1:   0%|          | 0/112 [00:00<?, ?it/s]prompt a=1:   1%|          | 1/112 [00:02<04:54,  2.65s/it]prompt a=1:   2%|▏         | 2/112 [00:03<02:31,  1.38s/it]prompt a=1:   3%|▎         | 3/112 [00:05<03:05,  1.70s/it]prompt a=1:   4%|▎         | 4/112 [00:08<04:20,  2.41s/it]prompt a=1:   4%|▍         | 5/112 [00:12<04:59,  2.80s/it]prompt a=1:   5%|▌         | 6/112 [00:15<05:21,  3.03s/it]prompt a=1:   6%|▋         | 7/112 [00:18<05:11,  2.97s/it]prompt a=1:   7%|▋         | 8/112 [00:20<04:31,  2.61s/it]prompt a=1:   8%|▊         | 9/112 [00:22<04:09,  2.42s/it]prompt a=1:   9%|▉         | 10/112 [00:22<02:59,  1.76s/it]prompt a=1:  10%|▉         | 11/112 [00:26<03:50,  2.28s/it]prompt a=1:  11%|█         | 12/112 [00:29<04:24,  2.64s/it]prompt a=1:  12%|█▏        | 13/112 [00:30<03:28,  2.11s/it]prompt a=1:  12%|█▎        | 14/112 [00:32<03:18,  2.03s/it]prompt a=1:  13%|█▎        | 15/112 [00:32<02:24,  1.49s/it]prompt a=1:  14%|█▍        | 16/112 [00:33<02:03,  1.28s/it]prompt a=1:  15%|█▌        | 17/112 [00:33<01:35,  1.00s/it]prompt a=1:  16%|█▌        | 18/112 [00:37<02:44,  1.75s/it]prompt a=1:  17%|█▋        | 19/112 [00:40<03:31,  2.28s/it]prompt a=1:  18%|█▊        | 20/112 [00:41<02:37,  1.72s/it]prompt a=1:  19%|█▉        | 21/112 [00:42<02:15,  1.49s/it]prompt a=1:  20%|█▉        | 22/112 [00:42<01:40,  1.12s/it]prompt a=1:  21%|██        | 23/112 [00:42<01:24,  1.06it/s]prompt a=1:  21%|██▏       | 24/112 [00:43<01:08,  1.29it/s]prompt a=1:  22%|██▏       | 25/112 [00:46<02:18,  1.59s/it]prompt a=1:  23%|██▎       | 26/112 [00:48<02:16,  1.59s/it]prompt a=1:  24%|██▍       | 27/112 [00:48<01:51,  1.31s/it]prompt a=1:  25%|██▌       | 28/112 [00:50<02:05,  1.49s/it]prompt a=1:  26%|██▌       | 29/112 [00:51<01:36,  1.16s/it]prompt a=1:  27%|██▋       | 30/112 [00:51<01:16,  1.07it/s]prompt a=1:  28%|██▊       | 31/112 [00:52<01:02,  1.30it/s]prompt a=1:  29%|██▊       | 32/112 [00:55<02:06,  1.59s/it]prompt a=1:  29%|██▉       | 33/112 [00:59<02:50,  2.15s/it]prompt a=1:  30%|███       | 34/112 [00:59<02:05,  1.60s/it]prompt a=1:  31%|███▏      | 35/112 [01:01<02:19,  1.81s/it]prompt a=1:  32%|███▏      | 36/112 [01:04<02:45,  2.18s/it]prompt a=1:  33%|███▎      | 37/112 [01:05<02:06,  1.68s/it]prompt a=1:  34%|███▍      | 38/112 [01:05<01:33,  1.27s/it]prompt a=1:  35%|███▍      | 39/112 [01:09<02:21,  1.94s/it]prompt a=1:  36%|███▌      | 40/112 [01:11<02:27,  2.05s/it]prompt a=1:  37%|███▋      | 41/112 [01:11<01:49,  1.55s/it]prompt a=1:  38%|███▊      | 42/112 [01:13<01:44,  1.49s/it]prompt a=1:  38%|███▊      | 43/112 [01:13<01:19,  1.15s/it]prompt a=1:  39%|███▉      | 44/112 [01:16<02:05,  1.85s/it]prompt a=1:  40%|████      | 45/112 [01:20<02:36,  2.34s/it]prompt a=1:  41%|████      | 46/112 [01:23<02:57,  2.69s/it]prompt a=1:  42%|████▏     | 47/112 [01:25<02:41,  2.49s/it]prompt a=1:  43%|████▎     | 48/112 [01:26<01:59,  1.87s/it]prompt a=1:  44%|████▍     | 49/112 [01:27<01:43,  1.65s/it]prompt a=1:  45%|████▍     | 50/112 [01:28<01:23,  1.35s/it]prompt a=1:  46%|████▌     | 51/112 [01:31<02:01,  1.99s/it]prompt a=1:  46%|████▋     | 52/112 [01:33<02:05,  2.08s/it]prompt a=1:  47%|████▋     | 53/112 [01:37<02:27,  2.50s/it]prompt a=1:  48%|████▊     | 54/112 [01:40<02:42,  2.81s/it]prompt a=1:  49%|████▉     | 55/112 [01:41<01:57,  2.06s/it]prompt a=1:  50%|█████     | 56/112 [01:41<01:29,  1.59s/it]prompt a=1:  51%|█████     | 57/112 [01:42<01:08,  1.24s/it]prompt a=1:  52%|█████▏    | 58/112 [01:42<00:56,  1.04s/it]prompt a=1:  53%|█████▎    | 59/112 [01:43<00:49,  1.07it/s]prompt a=1:  54%|█████▎    | 60/112 [01:46<01:28,  1.70s/it]prompt a=1:  54%|█████▍    | 61/112 [01:50<01:54,  2.25s/it]prompt a=1:  55%|█████▌    | 62/112 [01:50<01:23,  1.67s/it]prompt a=1:  56%|█████▋    | 63/112 [01:50<01:00,  1.23s/it]prompt a=1:  57%|█████▋    | 64/112 [01:51<00:47,  1.00it/s]prompt a=1:  58%|█████▊    | 65/112 [01:51<00:39,  1.20it/s]prompt a=1:  59%|█████▉    | 66/112 [01:52<00:30,  1.50it/s]prompt a=1:  60%|█████▉    | 67/112 [01:55<01:08,  1.52s/it]prompt a=1:  61%|██████    | 68/112 [01:57<01:18,  1.78s/it]prompt a=1:  62%|██████▏   | 69/112 [01:58<00:57,  1.34s/it]prompt a=1:  62%|██████▎   | 70/112 [01:58<00:44,  1.06s/it]prompt a=1:  63%|██████▎   | 71/112 [01:59<00:37,  1.09it/s]prompt a=1:  64%|██████▍   | 72/112 [02:02<00:58,  1.46s/it]prompt a=1:  65%|██████▌   | 73/112 [02:02<00:44,  1.14s/it]prompt a=1:  66%|██████▌   | 74/112 [02:05<01:10,  1.86s/it]prompt a=1:  67%|██████▋   | 75/112 [02:09<01:27,  2.36s/it]prompt a=1:  68%|██████▊   | 76/112 [02:09<01:03,  1.78s/it]prompt a=1:  69%|██████▉   | 77/112 [02:12<01:10,  2.03s/it]prompt a=1:  70%|██████▉   | 78/112 [02:14<01:08,  2.02s/it]prompt a=1:  71%|███████   | 79/112 [02:15<00:52,  1.59s/it]prompt a=1:  71%|███████▏  | 80/112 [02:15<00:38,  1.19s/it]prompt a=1:  72%|███████▏  | 81/112 [02:18<00:58,  1.89s/it]prompt a=1:  73%|███████▎  | 82/112 [02:20<00:57,  1.90s/it]prompt a=1:  74%|███████▍  | 83/112 [02:21<00:42,  1.46s/it]prompt a=1:  75%|███████▌  | 84/112 [02:22<00:41,  1.47s/it]prompt a=1:  76%|███████▌  | 85/112 [02:23<00:31,  1.16s/it]prompt a=1:  77%|███████▋  | 86/112 [02:23<00:23,  1.09it/s]prompt a=1:  78%|███████▊  | 87/112 [02:23<00:18,  1.33it/s]prompt a=1:  79%|███████▊  | 88/112 [02:27<00:37,  1.58s/it]prompt a=1:  79%|███████▉  | 89/112 [02:30<00:49,  2.17s/it]prompt a=1:  80%|████████  | 90/112 [02:31<00:36,  1.64s/it]prompt a=1:  81%|████████▏ | 91/112 [02:31<00:26,  1.26s/it]prompt a=1:  82%|████████▏ | 92/112 [02:34<00:36,  1.82s/it]prompt a=1:  83%|████████▎ | 93/112 [02:35<00:25,  1.36s/it]prompt a=1:  84%|████████▍ | 94/112 [02:35<00:18,  1.05s/it]prompt a=1:  85%|████████▍ | 95/112 [02:38<00:30,  1.79s/it]prompt a=1:  86%|████████▌ | 96/112 [02:42<00:36,  2.31s/it]prompt a=1:  87%|████████▋ | 97/112 [02:42<00:26,  1.75s/it]prompt a=1:  88%|████████▊ | 98/112 [02:43<00:19,  1.37s/it]prompt a=1:  88%|████████▊ | 99/112 [02:43<00:14,  1.11s/it]prompt a=1:  89%|████████▉ | 100/112 [02:44<00:10,  1.15it/s]prompt a=1:  90%|█████████ | 101/112 [02:44<00:07,  1.39it/s]prompt a=1:  91%|█████████ | 102/112 [02:48<00:15,  1.56s/it]prompt a=1:  92%|█████████▏| 103/112 [02:51<00:19,  2.15s/it]prompt a=1:  93%|█████████▎| 104/112 [02:54<00:19,  2.48s/it]prompt a=1:  94%|█████████▍| 105/112 [02:55<00:12,  1.84s/it]prompt a=1:  95%|█████████▍| 106/112 [02:55<00:08,  1.36s/it]prompt a=1:  96%|█████████▌| 107/112 [02:55<00:05,  1.07s/it]prompt a=1:  96%|█████████▋| 108/112 [02:56<00:03,  1.11it/s]prompt a=1:  97%|█████████▋| 109/112 [02:59<00:05,  1.67s/it]prompt a=1:  98%|█████████▊| 110/112 [03:03<00:04,  2.22s/it]prompt a=1:  99%|█████████▉| 111/112 [03:06<00:02,  2.60s/it]prompt a=1: 100%|██████████| 112/112 [03:07<00:00,  2.03s/it]prompt a=1: 100%|██████████| 112/112 [03:07<00:00,  1.67s/it]

============================================================================================================================================
condicion              n    fr    en    es    de    it    pt  unk  is_fr  st_fr   acc  cambio  largo  ce_fr_h  ce_en_h  leak
--------------------------------------------------------------------------------------------------------------------------------------------
prompt_de a=0        112  0.00  0.01  0.00  0.95  0.00  0.00 0.04   0.00   0.00  0.71     nan  315.7    5.734    4.456  0.00
prompt_de a=1        112  0.00  0.00  0.99  0.00  0.00  0.00 0.00   0.00   0.23  0.64    1.00  234.8    0.979    4.701  0.00
prompt_fr a=0        112  0.99  0.00  0.00  0.00  0.00  0.00 0.01   0.99   0.90  0.71     nan  297.4    4.806    3.620  0.00
prompt_fr a=1        112  0.01  0.00  0.96  0.00  0.00  0.00 0.01   0.01   0.28  0.70    1.00  196.3    1.070    4.458  0.00
prompt a=0           112  0.00  1.00  0.00  0.00  0.00  0.00 0.00   0.00   0.00  0.96     nan  423.9    5.302    0.191  0.00
prompt a=1           112  0.01  0.00  0.98  0.00  0.00  0.00 0.00   0.01   0.20  0.72    1.00  250.1    0.654    3.911  0.00
============================================================================================================================================

celda target: es
condicion             celda_ok    tgt  mayus
prompt_de a=0             0.00   0.00   0.00
prompt_de a=1             0.99   0.99   0.00
prompt_fr a=0             0.00   0.00   0.00
prompt_fr a=1             0.96   0.96   0.00
prompt a=0                0.00   0.00   0.00
prompt a=1                0.98   0.98   0.00
ce_fr_h es la CE del head del target de ESTA celda (columna `output` del CSV), no de frances.
fr/en/es/de/it/pt/unk: fraccion de salidas por idioma (language_verdict). cambio: salida != a=0.
ce_*_h: CE del head del target frances / del baseline ingles bajo esa condicion.

Guardado: algebra/runs/v8/alg_es/cross_lang_idioma.json
`torch_dtype` is deprecated! Use `dtype` instead!
Loading checkpoint shards:   0%|          | 0/2 [00:00<?, ?it/s]Loading checkpoint shards:  50%|█████     | 1/2 [00:01<00:01,  1.01s/it]Loading checkpoint shards: 100%|██████████| 2/2 [00:01<00:00,  1.67it/s]Loading checkpoint shards: 100%|██████████| 2/2 [00:01<00:00,  1.51it/s]
parche algebra/runs/v8/alg_es/lang_patch_best_train.pt  norma 0.9007  |  tail held-out 112 (idx 588..699)
preset=romance  condiciones=['prompt_it a=0', 'prompt_it a=1', 'prompt_pt a=0', 'prompt_pt a=1']
prompt_it a=0:   0%|          | 0/112 [00:00<?, ?it/s][lang_id] GlotLID: /mnt/custom-file-systems/efs/fs-0ded2930a619aa967_fsap-0faa05c681ed1a8f3/papers/LLMAtaquesContinuos/modelos/glotlid/model.bin
prompt_it a=0:   1%|          | 1/112 [00:01<03:25,  1.85s/it]prompt_it a=0:   2%|▏         | 2/112 [00:02<02:01,  1.10s/it]prompt_it a=0:   3%|▎         | 3/112 [00:03<01:43,  1.05it/s]prompt_it a=0:   4%|▎         | 4/112 [00:06<03:30,  1.95s/it]prompt_it a=0:   4%|▍         | 5/112 [00:07<02:58,  1.67s/it]prompt_it a=0:   5%|▌         | 6/112 [00:11<04:02,  2.28s/it]prompt_it a=0:   6%|▋         | 7/112 [00:14<04:39,  2.66s/it]prompt_it a=0:   7%|▋         | 8/112 [00:15<03:25,  1.97s/it]prompt_it a=0:   8%|▊         | 9/112 [00:17<03:26,  2.00s/it]prompt_it a=0:   9%|▉         | 10/112 [00:17<02:27,  1.45s/it]prompt_it a=0:  10%|▉         | 11/112 [00:20<03:27,  2.06s/it]prompt_it a=0:  11%|█         | 12/112 [00:24<04:08,  2.48s/it]prompt_it a=0:  12%|█▏        | 13/112 [00:27<04:34,  2.77s/it]prompt_it a=0:  12%|█▎        | 14/112 [00:31<04:52,  2.98s/it]prompt_it a=0:  13%|█▎        | 15/112 [00:31<03:25,  2.12s/it]prompt_it a=0:  14%|█▍        | 16/112 [00:32<02:53,  1.81s/it]prompt_it a=0:  15%|█▌        | 17/112 [00:32<02:12,  1.40s/it]prompt_it a=0:  16%|█▌        | 18/112 [00:36<03:09,  2.01s/it]prompt_it a=0:  17%|█▋        | 19/112 [00:39<03:48,  2.45s/it]prompt_it a=0:  18%|█▊        | 20/112 [00:43<04:13,  2.76s/it]prompt_it a=0:  19%|█▉        | 21/112 [00:44<03:16,  2.16s/it]prompt_it a=0:  20%|█▉        | 22/112 [00:44<02:23,  1.59s/it]prompt_it a=0:  21%|██        | 23/112 [00:45<02:00,  1.36s/it]prompt_it a=0:  21%|██▏       | 24/112 [00:45<01:33,  1.06s/it]prompt_it a=0:  22%|██▏       | 25/112 [00:49<02:34,  1.78s/it]prompt_it a=0:  23%|██▎       | 26/112 [00:52<03:16,  2.28s/it]prompt_it a=0:  24%|██▍       | 27/112 [00:55<03:43,  2.63s/it]prompt_it a=0:  25%|██▌       | 28/112 [00:59<04:02,  2.88s/it]prompt_it a=0:  26%|██▌       | 29/112 [00:59<03:01,  2.18s/it]prompt_it a=0:  27%|██▋       | 30/112 [01:01<02:37,  1.92s/it]prompt_it a=0:  28%|██▊       | 31/112 [01:01<01:57,  1.44s/it]prompt_it a=0:  29%|██▊       | 32/112 [01:02<01:37,  1.22s/it]prompt_it a=0:  29%|██▉       | 33/112 [01:05<02:29,  1.89s/it]prompt_it a=0:  30%|███       | 34/112 [01:09<03:03,  2.36s/it]prompt_it a=0:  31%|███▏      | 35/112 [01:09<02:19,  1.82s/it]prompt_it a=0:  32%|███▏      | 36/112 [01:10<01:49,  1.44s/it]prompt_it a=0:  33%|███▎      | 37/112 [01:10<01:28,  1.18s/it]prompt_it a=0:  34%|███▍      | 38/112 [01:11<01:08,  1.07it/s]prompt_it a=0:  35%|███▍      | 39/112 [01:14<02:02,  1.68s/it]prompt_it a=0:  36%|███▌      | 40/112 [01:18<02:39,  2.21s/it]prompt_it a=0:  37%|███▋      | 41/112 [01:18<01:59,  1.69s/it]prompt_it a=0:  38%|███▊      | 42/112 [01:22<02:34,  2.21s/it]prompt_it a=0:  38%|███▊      | 43/112 [01:22<01:49,  1.58s/it]prompt_it a=0:  39%|███▉      | 44/112 [01:22<01:26,  1.26s/it]prompt_it a=0:  40%|████      | 45/112 [01:23<01:06,  1.00it/s]prompt_it a=0:  41%|████      | 46/112 [01:26<01:54,  1.74s/it]prompt_it a=0:  42%|████▏     | 47/112 [01:29<02:26,  2.26s/it]prompt_it a=0:  43%|████▎     | 48/112 [01:33<02:47,  2.62s/it]prompt_it a=0:  44%|████▍     | 49/112 [01:34<02:08,  2.04s/it]prompt_it a=0:  45%|████▍     | 50/112 [01:34<01:38,  1.59s/it]prompt_it a=0:  46%|████▌     | 51/112 [01:35<01:21,  1.34s/it]prompt_it a=0:  46%|████▋     | 52/112 [01:35<01:03,  1.06s/it]prompt_it a=0:  47%|████▋     | 53/112 [01:39<01:44,  1.78s/it]prompt_it a=0:  48%|████▊     | 54/112 [01:40<01:27,  1.51s/it]prompt_it a=0:  49%|████▉     | 55/112 [01:40<01:05,  1.16s/it]prompt_it a=0:  50%|█████     | 56/112 [01:40<00:49,  1.13it/s]prompt_it a=0:  51%|█████     | 57/112 [01:41<00:40,  1.36it/s]prompt_it a=0:  52%|█████▏    | 58/112 [01:41<00:35,  1.52it/s]prompt_it a=0:  53%|█████▎    | 59/112 [01:42<00:34,  1.52it/s]prompt_it a=0:  54%|█████▎    | 60/112 [01:45<01:17,  1.49s/it]prompt_it a=0:  54%|█████▍    | 61/112 [01:49<01:45,  2.08s/it]prompt_it a=0:  55%|█████▌    | 62/112 [01:49<01:16,  1.53s/it]prompt_it a=0:  56%|█████▋    | 63/112 [01:51<01:17,  1.58s/it]prompt_it a=0:  57%|█████▋    | 64/112 [01:51<01:01,  1.27s/it]prompt_it a=0:  58%|█████▊    | 65/112 [01:52<00:49,  1.06s/it]prompt_it a=0:  59%|█████▉    | 66/112 [01:52<00:38,  1.21it/s]prompt_it a=0:  60%|█████▉    | 67/112 [01:55<01:12,  1.61s/it]prompt_it a=0:  61%|██████    | 68/112 [01:59<01:35,  2.17s/it]prompt_it a=0:  62%|██████▏   | 69/112 [01:59<01:09,  1.62s/it]prompt_it a=0:  62%|██████▎   | 70/112 [02:00<00:54,  1.29s/it]prompt_it a=0:  63%|██████▎   | 71/112 [02:03<01:19,  1.93s/it]prompt_it a=0:  64%|██████▍   | 72/112 [02:04<01:00,  1.50s/it]prompt_it a=0:  65%|██████▌   | 73/112 [02:05<00:52,  1.34s/it]prompt_it a=0:  66%|██████▌   | 74/112 [02:08<01:14,  1.97s/it]prompt_it a=0:  67%|██████▋   | 75/112 [02:12<01:29,  2.41s/it]prompt_it a=0:  68%|██████▊   | 76/112 [02:12<01:05,  1.83s/it]prompt_it a=0:  69%|██████▉   | 77/112 [02:12<00:48,  1.39s/it]prompt_it a=0:  70%|██████▉   | 78/112 [02:13<00:39,  1.15s/it]prompt_it a=0:  71%|███████   | 79/112 [02:14<00:32,  1.03it/s]prompt_it a=0:  71%|███████▏  | 80/112 [02:14<00:25,  1.26it/s]prompt_it a=0:  72%|███████▏  | 81/112 [02:17<00:49,  1.59s/it]prompt_it a=0:  73%|███████▎  | 82/112 [02:19<00:48,  1.62s/it]prompt_it a=0:  74%|███████▍  | 83/112 [02:20<00:37,  1.29s/it]prompt_it a=0:  75%|███████▌  | 84/112 [02:20<00:27,  1.00it/s]prompt_it a=0:  76%|███████▌  | 85/112 [02:20<00:22,  1.18it/s]prompt_it a=0:  77%|███████▋  | 86/112 [02:21<00:19,  1.35it/s]prompt_it a=0:  78%|███████▊  | 87/112 [02:21<00:15,  1.57it/s]prompt_it a=0:  79%|███████▊  | 88/112 [02:25<00:35,  1.48s/it]prompt_it a=0:  79%|███████▉  | 89/112 [02:28<00:47,  2.08s/it]prompt_it a=0:  80%|████████  | 90/112 [02:29<00:35,  1.61s/it]prompt_it a=0:  81%|████████▏ | 91/112 [02:29<00:26,  1.24s/it]prompt_it a=0:  82%|████████▏ | 92/112 [02:30<00:20,  1.03s/it]prompt_it a=0:  83%|████████▎ | 93/112 [02:30<00:15,  1.21it/s]prompt_it a=0:  84%|████████▍ | 94/112 [02:30<00:12,  1.49it/s]prompt_it a=0:  85%|████████▍ | 95/112 [02:34<00:25,  1.51s/it]prompt_it a=0:  86%|████████▌ | 96/112 [02:37<00:33,  2.10s/it]prompt_it a=0:  87%|████████▋ | 97/112 [02:38<00:24,  1.61s/it]prompt_it a=0:  88%|████████▊ | 98/112 [02:38<00:17,  1.22s/it]prompt_it a=0:  88%|████████▊ | 99/112 [02:38<00:12,  1.02it/s]prompt_it a=0:  89%|████████▉ | 100/112 [02:39<00:09,  1.24it/s]prompt_it a=0:  90%|█████████ | 101/112 [02:39<00:07,  1.53it/s]prompt_it a=0:  91%|█████████ | 102/112 [02:43<00:14,  1.50s/it]prompt_it a=0:  92%|█████████▏| 103/112 [02:46<00:18,  2.08s/it]prompt_it a=0:  93%|█████████▎| 104/112 [02:49<00:19,  2.49s/it]prompt_it a=0:  94%|█████████▍| 105/112 [02:53<00:19,  2.78s/it]prompt_it a=0:  95%|█████████▍| 106/112 [02:53<00:12,  2.05s/it]prompt_it a=0:  96%|█████████▌| 107/112 [02:54<00:07,  1.55s/it]prompt_it a=0:  96%|█████████▋| 108/112 [02:54<00:04,  1.23s/it]prompt_it a=0:  97%|█████████▋| 109/112 [02:58<00:05,  1.89s/it]prompt_it a=0:  98%|█████████▊| 110/112 [03:01<00:04,  2.36s/it]prompt_it a=0:  99%|█████████▉| 111/112 [03:04<00:02,  2.69s/it]prompt_it a=0: 100%|██████████| 112/112 [03:06<00:00,  2.25s/it]prompt_it a=0: 100%|██████████| 112/112 [03:06<00:00,  1.66s/it]
prompt_it a=1:   0%|          | 0/112 [00:00<?, ?it/s]prompt_it a=1:   1%|          | 1/112 [00:03<06:07,  3.31s/it]prompt_it a=1:   2%|▏         | 2/112 [00:03<03:03,  1.67s/it]prompt_it a=1:   3%|▎         | 3/112 [00:05<02:49,  1.55s/it]prompt_it a=1:   4%|▎         | 4/112 [00:08<04:08,  2.30s/it]prompt_it a=1:   4%|▍         | 5/112 [00:10<03:28,  1.94s/it]prompt_it a=1:   5%|▌         | 6/112 [00:10<02:37,  1.48s/it]prompt_it a=1:   6%|▋         | 7/112 [00:13<03:20,  1.91s/it]prompt_it a=1:   7%|▋         | 8/112 [00:13<02:28,  1.42s/it]prompt_it a=1:   8%|▊         | 9/112 [00:14<01:57,  1.14s/it]prompt_it a=1:   9%|▉         | 10/112 [00:14<01:29,  1.14it/s]prompt_it a=1:  10%|▉         | 11/112 [00:18<02:49,  1.68s/it]prompt_it a=1:  11%|█         | 12/112 [00:21<03:42,  2.23s/it]prompt_it a=1:  12%|█▏        | 13/112 [00:21<02:44,  1.66s/it]prompt_it a=1:  12%|█▎        | 14/112 [00:22<02:10,  1.33s/it]prompt_it a=1:  13%|█▎        | 15/112 [00:22<01:37,  1.01s/it]prompt_it a=1:  14%|█▍        | 16/112 [00:23<01:25,  1.12it/s]prompt_it a=1:  15%|█▌        | 17/112 [00:26<02:18,  1.46s/it]prompt_it a=1:  16%|█▌        | 18/112 [00:29<03:13,  2.06s/it]prompt_it a=1:  17%|█▋        | 19/112 [00:30<02:26,  1.58s/it]prompt_it a=1:  18%|█▊        | 20/112 [00:30<01:51,  1.22s/it]prompt_it a=1:  19%|█▉        | 21/112 [00:30<01:24,  1.08it/s]prompt_it a=1:  20%|█▉        | 22/112 [00:30<01:05,  1.38it/s]prompt_it a=1:  21%|██        | 23/112 [00:31<01:01,  1.44it/s]prompt_it a=1:  21%|██▏       | 24/112 [00:31<00:53,  1.66it/s]prompt_it a=1:  22%|██▏       | 25/112 [00:33<01:07,  1.28it/s]prompt_it a=1:  23%|██▎       | 26/112 [00:34<01:28,  1.03s/it]prompt_it a=1:  24%|██▍       | 27/112 [00:37<02:01,  1.43s/it]prompt_it a=1:  25%|██▌       | 28/112 [00:37<01:44,  1.24s/it]prompt_it a=1:  26%|██▌       | 29/112 [00:38<01:17,  1.08it/s]prompt_it a=1:  27%|██▋       | 30/112 [00:38<01:01,  1.33it/s]prompt_it a=1:  28%|██▊       | 31/112 [00:38<00:52,  1.53it/s]prompt_it a=1:  29%|██▊       | 32/112 [00:42<02:00,  1.50s/it]prompt_it a=1:  29%|██▉       | 33/112 [00:45<02:45,  2.10s/it]prompt_it a=1:  30%|███       | 34/112 [00:46<01:58,  1.52s/it]prompt_it a=1:  31%|███▏      | 35/112 [00:48<02:11,  1.70s/it]prompt_it a=1:  32%|███▏      | 36/112 [00:50<02:25,  1.92s/it]prompt_it a=1:  33%|███▎      | 37/112 [00:52<02:19,  1.86s/it]prompt_it a=1:  34%|███▍      | 38/112 [00:52<01:43,  1.39s/it]prompt_it a=1:  35%|███▍      | 39/112 [00:56<02:27,  2.02s/it]prompt_it a=1:  36%|███▌      | 40/112 [00:59<02:57,  2.47s/it]prompt_it a=1:  37%|███▋      | 41/112 [01:03<03:16,  2.77s/it]prompt_it a=1:  38%|███▊      | 42/112 [01:03<02:20,  2.01s/it]prompt_it a=1:  38%|███▊      | 43/112 [01:03<01:49,  1.59s/it]prompt_it a=1:  39%|███▉      | 44/112 [01:04<01:25,  1.26s/it]prompt_it a=1:  40%|████      | 45/112 [01:04<01:09,  1.04s/it]prompt_it a=1:  41%|████      | 46/112 [01:08<01:57,  1.77s/it]prompt_it a=1:  42%|████▏     | 47/112 [01:11<02:28,  2.29s/it]prompt_it a=1:  43%|████▎     | 48/112 [01:13<02:04,  1.95s/it]prompt_it a=1:  44%|████▍     | 49/112 [01:14<01:45,  1.68s/it]prompt_it a=1:  45%|████▍     | 50/112 [01:17<02:15,  2.19s/it]prompt_it a=1:  46%|████▌     | 51/112 [01:18<01:48,  1.78s/it]prompt_it a=1:  46%|████▋     | 52/112 [01:21<02:17,  2.28s/it]prompt_it a=1:  47%|████▋     | 53/112 [01:25<02:36,  2.65s/it]prompt_it a=1:  48%|████▊     | 54/112 [01:26<02:06,  2.18s/it]prompt_it a=1:  49%|████▉     | 55/112 [01:26<01:32,  1.62s/it]prompt_it a=1:  50%|█████     | 56/112 [01:27<01:09,  1.23s/it]prompt_it a=1:  51%|█████     | 57/112 [01:27<00:54,  1.01it/s]prompt_it a=1:  52%|█████▏    | 58/112 [01:28<00:47,  1.14it/s]prompt_it a=1:  53%|█████▎    | 59/112 [01:28<00:41,  1.29it/s]prompt_it a=1:  54%|█████▎    | 60/112 [01:32<01:22,  1.59s/it]prompt_it a=1:  54%|█████▍    | 61/112 [01:35<01:49,  2.15s/it]prompt_it a=1:  55%|█████▌    | 62/112 [01:35<01:19,  1.59s/it]prompt_it a=1:  56%|█████▋    | 63/112 [01:36<00:57,  1.18s/it]prompt_it a=1:  57%|█████▋    | 64/112 [01:36<00:47,  1.02it/s]prompt_it a=1:  58%|█████▊    | 65/112 [01:37<00:39,  1.20it/s]prompt_it a=1:  59%|█████▉    | 66/112 [01:37<00:30,  1.50it/s]prompt_it a=1:  60%|█████▉    | 67/112 [01:40<01:07,  1.51s/it]prompt_it a=1:  61%|██████    | 68/112 [01:42<01:14,  1.68s/it]prompt_it a=1:  62%|██████▏   | 69/112 [01:43<00:54,  1.27s/it]prompt_it a=1:  62%|██████▎   | 70/112 [01:43<00:41,  1.01it/s]prompt_it a=1:  63%|██████▎   | 71/112 [01:44<00:41,  1.01s/it]prompt_it a=1:  64%|██████▍   | 72/112 [01:45<00:34,  1.17it/s]prompt_it a=1:  65%|██████▌   | 73/112 [01:45<00:31,  1.23it/s]prompt_it a=1:  66%|██████▌   | 74/112 [01:49<01:01,  1.61s/it]prompt_it a=1:  67%|██████▋   | 75/112 [01:52<01:19,  2.16s/it]prompt_it a=1:  68%|██████▊   | 76/112 [01:52<00:57,  1.60s/it]prompt_it a=1:  69%|██████▉   | 77/112 [01:54<00:53,  1.52s/it]prompt_it a=1:  70%|██████▉   | 78/112 [01:55<00:45,  1.33s/it]prompt_it a=1:  71%|███████   | 79/112 [01:58<01:04,  1.97s/it]prompt_it a=1:  71%|███████▏  | 80/112 [01:58<00:46,  1.45s/it]prompt_it a=1:  72%|███████▏  | 81/112 [02:02<01:03,  2.05s/it]prompt_it a=1:  73%|███████▎  | 82/112 [02:05<01:14,  2.47s/it]prompt_it a=1:  74%|███████▍  | 83/112 [02:06<00:53,  1.84s/it]prompt_it a=1:  75%|███████▌  | 84/112 [02:06<00:38,  1.38s/it]prompt_it a=1:  76%|███████▌  | 85/112 [02:06<00:29,  1.08s/it]prompt_it a=1:  77%|███████▋  | 86/112 [02:07<00:22,  1.15it/s]prompt_it a=1:  78%|███████▊  | 87/112 [02:07<00:17,  1.39it/s]prompt_it a=1:  79%|███████▊  | 88/112 [02:11<00:36,  1.53s/it]prompt_it a=1:  79%|███████▉  | 89/112 [02:13<00:40,  1.76s/it]prompt_it a=1:  80%|████████  | 90/112 [02:13<00:29,  1.36s/it]prompt_it a=1:  81%|████████▏ | 91/112 [02:14<00:23,  1.12s/it]prompt_it a=1:  82%|████████▏ | 92/112 [02:14<00:18,  1.10it/s]prompt_it a=1:  83%|████████▎ | 93/112 [02:15<00:14,  1.34it/s]prompt_it a=1:  84%|████████▍ | 94/112 [02:15<00:11,  1.63it/s]prompt_it a=1:  85%|████████▍ | 95/112 [02:18<00:24,  1.47s/it]prompt_it a=1:  86%|████████▌ | 96/112 [02:21<00:27,  1.73s/it]prompt_it a=1:  87%|████████▋ | 97/112 [02:21<00:19,  1.32s/it]prompt_it a=1:  88%|████████▊ | 98/112 [02:24<00:23,  1.69s/it]prompt_it a=1:  88%|████████▊ | 99/112 [02:26<00:24,  1.88s/it]prompt_it a=1:  89%|████████▉ | 100/112 [02:26<00:16,  1.41s/it]prompt_it a=1:  90%|█████████ | 101/112 [02:27<00:11,  1.08s/it]prompt_it a=1:  91%|█████████ | 102/112 [02:28<00:11,  1.15s/it]prompt_it a=1:  92%|█████████▏| 103/112 [02:29<00:11,  1.24s/it]prompt_it a=1:  93%|█████████▎| 104/112 [02:30<00:09,  1.13s/it]prompt_it a=1:  94%|█████████▍| 105/112 [02:31<00:06,  1.09it/s]prompt_it a=1:  95%|█████████▍| 106/112 [02:31<00:04,  1.39it/s]prompt_it a=1:  96%|█████████▌| 107/112 [02:33<00:06,  1.24s/it]prompt_it a=1:  96%|█████████▋| 108/112 [02:34<00:04,  1.02s/it]prompt_it a=1:  97%|█████████▋| 109/112 [02:37<00:05,  1.75s/it]prompt_it a=1:  98%|█████████▊| 110/112 [02:41<00:04,  2.26s/it]prompt_it a=1:  99%|█████████▉| 111/112 [02:42<00:01,  1.82s/it]prompt_it a=1: 100%|██████████| 112/112 [02:42<00:00,  1.46s/it]prompt_it a=1: 100%|██████████| 112/112 [02:42<00:00,  1.45s/it]
prompt_pt a=0:   0%|          | 0/112 [00:00<?, ?it/s]prompt_pt a=0:   1%|          | 1/112 [00:00<01:06,  1.68it/s]prompt_pt a=0:   2%|▏         | 2/112 [00:01<00:56,  1.94it/s]prompt_pt a=0:   3%|▎         | 3/112 [00:01<01:09,  1.58it/s]prompt_pt a=0:   4%|▎         | 4/112 [00:05<03:08,  1.75s/it]prompt_pt a=0:   4%|▍         | 5/112 [00:08<04:14,  2.38s/it]prompt_pt a=0:   5%|▌         | 6/112 [00:09<03:29,  1.98s/it]prompt_pt a=0:   6%|▋         | 7/112 [00:10<02:25,  1.39s/it]prompt_pt a=0:   7%|▋         | 8/112 [00:10<01:43,  1.00it/s]prompt_pt a=0:   8%|▊         | 9/112 [00:13<02:44,  1.59s/it]prompt_pt a=0:   9%|▉         | 10/112 [00:13<01:58,  1.16s/it]prompt_pt a=0:  10%|▉         | 11/112 [00:16<03:09,  1.87s/it]prompt_pt a=0:  11%|█         | 12/112 [00:20<03:56,  2.36s/it]prompt_pt a=0:  12%|█▏        | 13/112 [00:20<02:59,  1.81s/it]prompt_pt a=0:  12%|█▎        | 14/112 [00:21<02:22,  1.45s/it]prompt_pt a=0:  13%|█▎        | 15/112 [00:21<01:42,  1.06s/it]prompt_pt a=0:  14%|█▍        | 16/112 [00:22<01:20,  1.20it/s]prompt_pt a=0:  15%|█▌        | 17/112 [00:25<02:34,  1.63s/it]prompt_pt a=0:  16%|█▌        | 18/112 [00:28<03:25,  2.19s/it]prompt_pt a=0:  17%|█▋        | 19/112 [00:32<03:58,  2.57s/it]prompt_pt a=0:  18%|█▊        | 20/112 [00:35<04:20,  2.83s/it]prompt_pt a=0:  19%|█▉        | 21/112 [00:36<03:04,  2.03s/it]prompt_pt a=0:  20%|█▉        | 22/112 [00:36<02:10,  1.46s/it]prompt_pt a=0:  21%|██        | 23/112 [00:37<01:54,  1.28s/it]prompt_pt a=0:  21%|██▏       | 24/112 [00:37<01:29,  1.01s/it]prompt_pt a=0:  22%|██▏       | 25/112 [00:40<02:32,  1.75s/it]prompt_pt a=0:  23%|██▎       | 26/112 [00:41<01:57,  1.37s/it]prompt_pt a=0:  24%|██▍       | 27/112 [00:43<02:26,  1.72s/it]prompt_pt a=0:  25%|██▌       | 28/112 [00:44<01:57,  1.40s/it]prompt_pt a=0:  26%|██▌       | 29/112 [00:44<01:30,  1.09s/it]prompt_pt a=0:  27%|██▋       | 30/112 [00:45<01:14,  1.10it/s]prompt_pt a=0:  28%|██▊       | 31/112 [00:45<01:01,  1.32it/s]prompt_pt a=0:  29%|██▊       | 32/112 [00:49<02:06,  1.58s/it]prompt_pt a=0:  29%|██▉       | 33/112 [00:52<02:48,  2.14s/it]prompt_pt a=0:  30%|███       | 34/112 [00:56<03:16,  2.53s/it]prompt_pt a=0:  31%|███▏      | 35/112 [00:56<02:29,  1.94s/it]prompt_pt a=0:  32%|███▏      | 36/112 [00:57<02:00,  1.58s/it]prompt_pt a=0:  33%|███▎      | 37/112 [01:00<02:41,  2.15s/it]prompt_pt a=0:  34%|███▍      | 38/112 [01:01<01:55,  1.56s/it]prompt_pt a=0:  35%|███▍      | 39/112 [01:04<02:35,  2.13s/it]prompt_pt a=0:  36%|███▌      | 40/112 [01:08<03:02,  2.53s/it]prompt_pt a=0:  37%|███▋      | 41/112 [01:09<02:34,  2.18s/it]prompt_pt a=0:  38%|███▊      | 42/112 [01:09<01:53,  1.62s/it]prompt_pt a=0:  38%|███▊      | 43/112 [01:09<01:20,  1.17s/it]prompt_pt a=0:  39%|███▉      | 44/112 [01:12<01:42,  1.51s/it]prompt_pt a=0:  40%|████      | 45/112 [01:13<01:40,  1.51s/it]prompt_pt a=0:  41%|████      | 46/112 [01:17<02:18,  2.09s/it]prompt_pt a=0:  42%|████▏     | 47/112 [01:20<02:42,  2.50s/it]prompt_pt a=0:  43%|████▎     | 48/112 [01:24<02:58,  2.79s/it]prompt_pt a=0:  44%|████▍     | 49/112 [01:24<02:11,  2.09s/it]prompt_pt a=0:  45%|████▍     | 50/112 [01:24<01:39,  1.60s/it]prompt_pt a=0:  46%|████▌     | 51/112 [01:25<01:17,  1.26s/it]prompt_pt a=0:  46%|████▋     | 52/112 [01:25<01:00,  1.02s/it]prompt_pt a=0:  47%|████▋     | 53/112 [01:29<01:42,  1.74s/it]prompt_pt a=0:  48%|████▊     | 54/112 [01:32<02:10,  2.25s/it]prompt_pt a=0:  49%|████▉     | 55/112 [01:33<01:35,  1.68s/it]prompt_pt a=0:  50%|█████     | 56/112 [01:33<01:09,  1.24s/it]prompt_pt a=0:  51%|█████     | 57/112 [01:33<00:54,  1.01it/s]prompt_pt a=0:  52%|█████▏    | 58/112 [01:34<00:45,  1.18it/s]prompt_pt a=0:  53%|█████▎    | 59/112 [01:34<00:41,  1.27it/s]prompt_pt a=0:  54%|█████▎    | 60/112 [01:38<01:23,  1.60s/it]prompt_pt a=0:  54%|█████▍    | 61/112 [01:41<01:50,  2.16s/it]prompt_pt a=0:  55%|█████▌    | 62/112 [01:42<01:20,  1.61s/it]prompt_pt a=0:  56%|█████▋    | 63/112 [01:42<00:59,  1.21s/it]prompt_pt a=0:  57%|█████▋    | 64/112 [01:42<00:43,  1.11it/s]prompt_pt a=0:  58%|█████▊    | 65/112 [01:42<00:32,  1.44it/s]prompt_pt a=0:  59%|█████▉    | 66/112 [01:43<00:26,  1.76it/s]prompt_pt a=0:  60%|█████▉    | 67/112 [01:46<01:05,  1.45s/it]prompt_pt a=0:  61%|██████    | 68/112 [01:50<01:30,  2.06s/it]prompt_pt a=0:  62%|██████▏   | 69/112 [01:50<01:09,  1.61s/it]prompt_pt a=0:  62%|██████▎   | 70/112 [01:51<00:53,  1.28s/it]prompt_pt a=0:  63%|██████▎   | 71/112 [01:51<00:42,  1.03s/it]prompt_pt a=0:  64%|██████▍   | 72/112 [01:51<00:30,  1.31it/s]prompt_pt a=0:  65%|██████▌   | 73/112 [01:51<00:23,  1.69it/s]prompt_pt a=0:  66%|██████▌   | 74/112 [01:55<00:55,  1.46s/it]prompt_pt a=0:  67%|██████▋   | 75/112 [01:58<01:16,  2.07s/it]prompt_pt a=0:  68%|██████▊   | 76/112 [01:59<00:57,  1.60s/it]prompt_pt a=0:  69%|██████▉   | 77/112 [02:02<01:15,  2.16s/it]prompt_pt a=0:  70%|██████▉   | 78/112 [02:03<00:59,  1.76s/it]prompt_pt a=0:  71%|███████   | 79/112 [02:04<00:46,  1.40s/it]prompt_pt a=0:  71%|███████▏  | 80/112 [02:04<00:34,  1.07s/it]prompt_pt a=0:  72%|███████▏  | 81/112 [02:08<00:55,  1.80s/it]prompt_pt a=0:  73%|███████▎  | 82/112 [02:08<00:43,  1.44s/it]prompt_pt a=0:  74%|███████▍  | 83/112 [02:09<00:37,  1.28s/it]prompt_pt a=0:  75%|███████▌  | 84/112 [02:09<00:26,  1.06it/s]prompt_pt a=0:  76%|███████▌  | 85/112 [02:10<00:20,  1.29it/s]prompt_pt a=0:  77%|███████▋  | 86/112 [02:10<00:15,  1.67it/s]prompt_pt a=0:  78%|███████▊  | 87/112 [02:10<00:12,  2.08it/s]prompt_pt a=0:  79%|███████▊  | 88/112 [02:14<00:33,  1.39s/it]prompt_pt a=0:  79%|███████▉  | 89/112 [02:17<00:46,  2.02s/it]prompt_pt a=0:  80%|████████  | 90/112 [02:18<00:34,  1.59s/it]prompt_pt a=0:  81%|████████▏ | 91/112 [02:18<00:25,  1.23s/it]prompt_pt a=0:  82%|████████▏ | 92/112 [02:18<00:18,  1.10it/s]prompt_pt a=0:  83%|████████▎ | 93/112 [02:19<00:14,  1.35it/s]prompt_pt a=0:  84%|████████▍ | 94/112 [02:19<00:14,  1.25it/s]prompt_pt a=0:  85%|████████▍ | 95/112 [02:23<00:27,  1.61s/it]prompt_pt a=0:  86%|████████▌ | 96/112 [02:26<00:34,  2.17s/it]prompt_pt a=0:  87%|████████▋ | 97/112 [02:27<00:25,  1.70s/it]prompt_pt a=0:  88%|████████▊ | 98/112 [02:27<00:17,  1.24s/it]prompt_pt a=0:  88%|████████▊ | 99/112 [02:27<00:11,  1.09it/s]prompt_pt a=0:  90%|█████████ | 101/112 [02:28<00:06,  1.65it/s]prompt_pt a=0:  91%|█████████ | 102/112 [02:31<00:13,  1.32s/it]prompt_pt a=0:  92%|█████████▏| 103/112 [02:33<00:11,  1.31s/it]prompt_pt a=0:  93%|█████████▎| 104/112 [02:36<00:15,  1.90s/it]prompt_pt a=0:  94%|█████████▍| 105/112 [02:36<00:10,  1.45s/it]prompt_pt a=0:  95%|█████████▍| 106/112 [02:37<00:06,  1.07s/it]prompt_pt a=0:  96%|█████████▌| 107/112 [02:37<00:04,  1.16it/s]prompt_pt a=0:  96%|█████████▋| 108/112 [02:37<00:03,  1.33it/s]prompt_pt a=0:  97%|█████████▋| 109/112 [02:41<00:04,  1.56s/it]prompt_pt a=0:  98%|█████████▊| 110/112 [02:44<00:04,  2.13s/it]prompt_pt a=0:  99%|█████████▉| 111/112 [02:48<00:02,  2.54s/it]prompt_pt a=0: 100%|██████████| 112/112 [02:48<00:00,  1.95s/it]prompt_pt a=0: 100%|██████████| 112/112 [02:48<00:00,  1.51s/it]
prompt_pt a=1:   0%|          | 0/112 [00:00<?, ?it/s]prompt_pt a=1:   1%|          | 1/112 [00:00<01:35,  1.16it/s]prompt_pt a=1:   2%|▏         | 2/112 [00:01<01:08,  1.60it/s]prompt_pt a=1:   3%|▎         | 3/112 [00:02<01:35,  1.15it/s]prompt_pt a=1:   4%|▎         | 4/112 [00:05<03:26,  1.91s/it]prompt_pt a=1:   4%|▍         | 5/112 [00:09<04:24,  2.48s/it]prompt_pt a=1:   5%|▌         | 6/112 [00:09<03:08,  1.78s/it]prompt_pt a=1:   6%|▋         | 7/112 [00:13<04:05,  2.34s/it]prompt_pt a=1:   7%|▋         | 8/112 [00:14<03:31,  2.03s/it]prompt_pt a=1:   8%|▊         | 9/112 [00:15<02:55,  1.70s/it]prompt_pt a=1:   9%|▉         | 10/112 [00:16<02:08,  1.26s/it]prompt_pt a=1:  10%|▉         | 11/112 [00:19<03:16,  1.95s/it]prompt_pt a=1:  11%|█         | 12/112 [00:22<04:01,  2.41s/it]prompt_pt a=1:  12%|█▏        | 13/112 [00:23<02:52,  1.75s/it]prompt_pt a=1:  12%|█▎        | 14/112 [00:26<03:22,  2.07s/it]prompt_pt a=1:  13%|█▎        | 15/112 [00:26<02:29,  1.54s/it]prompt_pt a=1:  14%|█▍        | 16/112 [00:27<02:08,  1.34s/it]prompt_pt a=1:  15%|█▌        | 17/112 [00:27<01:39,  1.05s/it]prompt_pt a=1:  16%|█▌        | 18/112 [00:31<02:47,  1.78s/it]prompt_pt a=1:  17%|█▋        | 19/112 [00:34<03:33,  2.30s/it]prompt_pt a=1:  18%|█▊        | 20/112 [00:34<02:38,  1.72s/it]prompt_pt a=1:  19%|█▉        | 21/112 [00:35<02:02,  1.35s/it]prompt_pt a=1:  20%|█▉        | 22/112 [00:35<01:32,  1.02s/it]prompt_pt a=1:  21%|██        | 23/112 [00:36<01:18,  1.14it/s]prompt_pt a=1:  21%|██▏       | 24/112 [00:36<01:04,  1.36it/s]prompt_pt a=1:  22%|██▏       | 25/112 [00:40<02:16,  1.56s/it]prompt_pt a=1:  23%|██▎       | 26/112 [00:41<02:17,  1.60s/it]prompt_pt a=1:  24%|██▍       | 27/112 [00:42<01:46,  1.25s/it]prompt_pt a=1:  25%|██▌       | 28/112 [00:43<01:36,  1.14s/it]prompt_pt a=1:  26%|██▌       | 29/112 [00:44<01:47,  1.30s/it]prompt_pt a=1:  27%|██▋       | 30/112 [00:45<01:25,  1.05s/it]prompt_pt a=1:  28%|██▊       | 31/112 [00:45<01:09,  1.17it/s]prompt_pt a=1:  29%|██▊       | 32/112 [00:49<02:12,  1.66s/it]prompt_pt a=1:  29%|██▉       | 33/112 [00:52<02:54,  2.21s/it]prompt_pt a=1:  30%|███       | 34/112 [00:53<02:13,  1.71s/it]prompt_pt a=1:  31%|███▏      | 35/112 [00:53<01:46,  1.39s/it]prompt_pt a=1:  32%|███▏      | 36/112 [00:56<02:08,  1.69s/it]prompt_pt a=1:  33%|███▎      | 37/112 [00:58<02:10,  1.74s/it]prompt_pt a=1:  34%|███▍      | 38/112 [00:58<01:36,  1.31s/it]prompt_pt a=1:  35%|███▍      | 39/112 [01:01<02:23,  1.96s/it]prompt_pt a=1:  36%|███▌      | 40/112 [01:03<02:20,  1.96s/it]prompt_pt a=1:  37%|███▋      | 41/112 [01:04<01:44,  1.47s/it]prompt_pt a=1:  38%|███▊      | 42/112 [01:04<01:24,  1.21s/it]prompt_pt a=1:  38%|███▊      | 43/112 [01:05<01:03,  1.09it/s]prompt_pt a=1:  39%|███▉      | 44/112 [01:05<00:50,  1.34it/s]prompt_pt a=1:  40%|████      | 45/112 [01:05<00:45,  1.46it/s]prompt_pt a=1:  41%|████      | 46/112 [01:09<01:40,  1.53s/it]prompt_pt a=1:  42%|████▏     | 47/112 [01:10<01:30,  1.39s/it]prompt_pt a=1:  43%|████▎     | 48/112 [01:10<01:09,  1.09s/it]prompt_pt a=1:  44%|████▍     | 49/112 [01:11<01:06,  1.06s/it]prompt_pt a=1:  45%|████▍     | 50/112 [01:15<01:48,  1.75s/it]prompt_pt a=1:  46%|████▌     | 51/112 [01:15<01:24,  1.38s/it]prompt_pt a=1:  46%|████▋     | 52/112 [01:19<02:00,  2.01s/it]prompt_pt a=1:  47%|████▋     | 53/112 [01:19<01:28,  1.49s/it]prompt_pt a=1:  48%|████▊     | 54/112 [01:20<01:09,  1.20s/it]prompt_pt a=1:  49%|████▉     | 55/112 [01:20<00:52,  1.08it/s]prompt_pt a=1:  50%|█████     | 56/112 [01:20<00:45,  1.24it/s]prompt_pt a=1:  51%|█████     | 57/112 [01:21<00:37,  1.45it/s]prompt_pt a=1:  52%|█████▏    | 58/112 [01:21<00:36,  1.47it/s]prompt_pt a=1:  53%|█████▎    | 59/112 [01:24<01:02,  1.17s/it]prompt_pt a=1:  54%|█████▎    | 60/112 [01:26<01:17,  1.49s/it]prompt_pt a=1:  54%|█████▍    | 61/112 [01:29<01:46,  2.09s/it]prompt_pt a=1:  55%|█████▌    | 62/112 [01:30<01:17,  1.55s/it]prompt_pt a=1:  56%|█████▋    | 63/112 [01:30<00:56,  1.15s/it]prompt_pt a=1:  57%|█████▋    | 64/112 [01:30<00:45,  1.06it/s]prompt_pt a=1:  58%|█████▊    | 65/112 [01:31<00:37,  1.25it/s]prompt_pt a=1:  59%|█████▉    | 66/112 [01:31<00:29,  1.56it/s]prompt_pt a=1:  60%|█████▉    | 67/112 [01:35<01:07,  1.50s/it]prompt_pt a=1:  61%|██████    | 68/112 [01:38<01:31,  2.09s/it]prompt_pt a=1:  62%|██████▏   | 69/112 [01:38<01:06,  1.55s/it]prompt_pt a=1:  62%|██████▎   | 70/112 [01:39<00:56,  1.34s/it]prompt_pt a=1:  63%|██████▎   | 71/112 [01:40<00:49,  1.22s/it]prompt_pt a=1:  64%|██████▍   | 72/112 [01:41<00:39,  1.01it/s]prompt_pt a=1:  65%|██████▌   | 73/112 [01:44<01:07,  1.73s/it]prompt_pt a=1:  66%|██████▌   | 74/112 [01:48<01:25,  2.26s/it]prompt_pt a=1:  67%|██████▋   | 75/112 [01:49<01:15,  2.04s/it]prompt_pt a=1:  68%|██████▊   | 76/112 [01:50<00:56,  1.56s/it]prompt_pt a=1:  69%|██████▉   | 77/112 [01:51<00:54,  1.57s/it]prompt_pt a=1:  70%|██████▉   | 78/112 [01:52<00:48,  1.42s/it]prompt_pt a=1:  71%|███████   | 79/112 [01:53<00:39,  1.20s/it]prompt_pt a=1:  71%|███████▏  | 80/112 [01:53<00:29,  1.09it/s]prompt_pt a=1:  72%|███████▏  | 81/112 [01:57<00:51,  1.68s/it]prompt_pt a=1:  73%|███████▎  | 82/112 [01:58<00:46,  1.56s/it]prompt_pt a=1:  74%|███████▍  | 83/112 [01:58<00:34,  1.19s/it]prompt_pt a=1:  75%|███████▌  | 84/112 [01:59<00:26,  1.08it/s]prompt_pt a=1:  76%|███████▌  | 85/112 [01:59<00:20,  1.30it/s]prompt_pt a=1:  77%|███████▋  | 86/112 [01:59<00:17,  1.49it/s]prompt_pt a=1:  78%|███████▊  | 87/112 [02:00<00:14,  1.73it/s]prompt_pt a=1:  79%|███████▊  | 88/112 [02:03<00:34,  1.44s/it]prompt_pt a=1:  79%|███████▉  | 89/112 [02:05<00:35,  1.55s/it]prompt_pt a=1:  80%|████████  | 90/112 [02:05<00:26,  1.19s/it]prompt_pt a=1:  81%|████████▏ | 91/112 [02:08<00:35,  1.71s/it]prompt_pt a=1:  82%|████████▏ | 92/112 [02:12<00:44,  2.24s/it]prompt_pt a=1:  83%|████████▎ | 93/112 [02:12<00:31,  1.67s/it]prompt_pt a=1:  84%|████████▍ | 94/112 [02:12<00:22,  1.26s/it]prompt_pt a=1:  85%|████████▍ | 95/112 [02:16<00:32,  1.92s/it]prompt_pt a=1:  86%|████████▌ | 96/112 [02:19<00:38,  2.39s/it]prompt_pt a=1:  87%|████████▋ | 97/112 [02:20<00:26,  1.80s/it]prompt_pt a=1:  88%|████████▊ | 98/112 [02:20<00:19,  1.38s/it]prompt_pt a=1:  88%|████████▊ | 99/112 [02:21<00:14,  1.12s/it]prompt_pt a=1:  89%|████████▉ | 100/112 [02:22<00:13,  1.16s/it]prompt_pt a=1:  90%|█████████ | 101/112 [02:22<00:10,  1.06it/s]prompt_pt a=1:  91%|█████████ | 102/112 [02:26<00:16,  1.70s/it]prompt_pt a=1:  92%|█████████▏| 103/112 [02:29<00:20,  2.23s/it]prompt_pt a=1:  93%|█████████▎| 104/112 [02:33<00:20,  2.57s/it]prompt_pt a=1:  94%|█████████▍| 105/112 [02:35<00:17,  2.56s/it]prompt_pt a=1:  95%|█████████▍| 106/112 [02:35<00:11,  1.87s/it]prompt_pt a=1:  96%|█████████▌| 107/112 [02:36<00:07,  1.43s/it]prompt_pt a=1:  96%|█████████▋| 108/112 [02:37<00:05,  1.37s/it]prompt_pt a=1:  97%|█████████▋| 109/112 [02:41<00:05,  1.99s/it]prompt_pt a=1:  98%|█████████▊| 110/112 [02:44<00:04,  2.43s/it]prompt_pt a=1:  99%|█████████▉| 111/112 [02:47<00:02,  2.54s/it]prompt_pt a=1: 100%|██████████| 112/112 [02:48<00:00,  2.04s/it]prompt_pt a=1: 100%|██████████| 112/112 [02:48<00:00,  1.50s/it]

============================================================================================================================================
condicion              n    fr    en    es    de    it    pt  unk  is_fr  st_fr   acc  cambio  largo  ce_fr_h  ce_en_h  leak
--------------------------------------------------------------------------------------------------------------------------------------------
prompt_it a=0        112  0.00  0.00  0.00  0.00  0.97  0.00 0.03   0.00   0.72  0.68     nan  235.6    4.636    3.951  0.00
prompt_it a=1        112  0.00  0.00  0.96  0.00  0.03  0.00 0.01   0.00   0.25  0.60    1.00  218.8    1.335    4.975  0.00
prompt_pt a=0        112  0.00  0.01  0.02  0.00  0.01  0.81 0.15   0.00   0.00  0.70     nan  217.0    3.826    3.763  0.00
prompt_pt a=1        112  0.01  0.00  0.82  0.00  0.00  0.16 0.00   0.01   0.19  0.64    0.99  226.0    1.373    4.802  0.00
============================================================================================================================================

celda target: es
condicion             celda_ok    tgt  mayus
prompt_it a=0             0.00   0.00   0.00
prompt_it a=1             0.96   0.96   0.00
prompt_pt a=0             0.02   0.02   0.00
prompt_pt a=1             0.82   0.82   0.00
ce_fr_h es la CE del head del target de ESTA celda (columna `output` del CSV), no de frances.
fr/en/es/de/it/pt/unk: fraccion de salidas por idioma (language_verdict). cambio: salida != a=0.
ce_*_h: CE del head del target frances / del baseline ingles bajo esa condicion.
Lectura: it/pt no estuvieron en el entrenamiento. Si fr sube con a=1 desde las dos, la
transferencia es a idiomas no vistos; comparar con es/de del preset idioma (mismo parche).

Guardado: algebra/runs/v8/alg_es/cross_lang_romance.json

################ A de
`torch_dtype` is deprecated! Use `dtype` instead!
Loading checkpoint shards:   0%|          | 0/2 [00:00<?, ?it/s]Loading checkpoint shards:  50%|█████     | 1/2 [00:01<00:01,  1.02s/it]Loading checkpoint shards: 100%|██████████| 2/2 [00:01<00:00,  1.66it/s]Loading checkpoint shards: 100%|██████████| 2/2 [00:01<00:00,  1.51it/s]
Held-out: 112  |  parche: algebra/runs/v8/alg_de/lang_patch_best_train.pt  |  escala: 1.0
======================================================================
eval:   0%|          | 0/112 [00:00<?, ?it/s][lang_id] GlotLID: /mnt/custom-file-systems/efs/fs-0ded2930a619aa967_fsap-0faa05c681ed1a8f3/papers/LLMAtaquesContinuos/modelos/glotlid/model.bin
eval:   1%|          | 1/112 [00:05<09:39,  5.22s/it]eval:   2%|▏         | 2/112 [00:06<05:49,  3.18s/it]eval:   3%|▎         | 3/112 [00:11<07:06,  3.92s/it]eval:   4%|▎         | 4/112 [00:22<11:44,  6.53s/it]eval:   4%|▍         | 5/112 [00:32<14:09,  7.94s/it]eval:   5%|▌         | 6/112 [00:40<13:52,  7.86s/it]eval:   6%|▋         | 7/112 [00:46<12:58,  7.41s/it]eval:   7%|▋         | 8/112 [00:48<09:54,  5.71s/it]eval:   8%|▊         | 9/112 [00:57<11:13,  6.54s/it]eval:   9%|▉         | 10/112 [00:58<08:14,  4.85s/it]eval:  10%|▉         | 11/112 [01:08<11:05,  6.59s/it]eval:  11%|█         | 12/112 [01:19<13:00,  7.80s/it]eval:  12%|█▏        | 13/112 [01:25<12:05,  7.33s/it]eval:  12%|█▎        | 14/112 [01:36<13:33,  8.30s/it]eval:  13%|█▎        | 15/112 [01:37<09:43,  6.02s/it]eval:  14%|█▍        | 16/112 [01:45<10:52,  6.79s/it]eval:  15%|█▌        | 17/112 [01:53<11:07,  7.03s/it]eval:  16%|█▌        | 18/112 [02:03<12:41,  8.10s/it]eval:  17%|█▋        | 19/112 [02:14<13:41,  8.84s/it]eval:  18%|█▊        | 20/112 [02:20<12:21,  8.06s/it]eval:  19%|█▉        | 21/112 [02:26<11:12,  7.39s/it]eval:  20%|█▉        | 22/112 [02:27<08:03,  5.37s/it]eval:  21%|██        | 23/112 [02:34<08:41,  5.85s/it]eval:  21%|██▏       | 24/112 [02:34<06:24,  4.36s/it]eval:  22%|██▏       | 25/112 [02:45<09:02,  6.23s/it]eval:  23%|██▎       | 26/112 [02:49<08:03,  5.63s/it]eval:  24%|██▍       | 27/112 [02:51<06:25,  4.54s/it]eval:  25%|██▌       | 28/112 [02:52<04:51,  3.47s/it]eval:  26%|██▌       | 29/112 [02:58<05:43,  4.13s/it]eval:  27%|██▋       | 30/112 [03:05<06:56,  5.08s/it]eval:  28%|██▊       | 31/112 [03:06<05:14,  3.88s/it]eval:  29%|██▊       | 32/112 [03:17<07:51,  5.89s/it]eval:  29%|██▉       | 33/112 [03:27<09:36,  7.29s/it]eval:  30%|███       | 34/112 [03:34<09:06,  7.00s/it]eval:  31%|███▏      | 35/112 [03:42<09:20,  7.28s/it]eval:  32%|███▏      | 36/112 [03:48<08:50,  6.99s/it]eval:  33%|███▎      | 37/112 [03:51<07:23,  5.92s/it]eval:  34%|███▍      | 38/112 [03:53<05:32,  4.49s/it]eval:  35%|███▍      | 39/112 [04:03<07:38,  6.28s/it]eval:  36%|███▌      | 40/112 [04:12<08:28,  7.07s/it]eval:  37%|███▋      | 41/112 [04:18<07:56,  6.72s/it]eval:  38%|███▊      | 42/112 [04:23<07:12,  6.18s/it]eval:  38%|███▊      | 43/112 [04:24<05:14,  4.55s/it]eval:  39%|███▉      | 44/112 [04:34<07:09,  6.32s/it]eval:  40%|████      | 45/112 [04:44<08:27,  7.57s/it]eval:  41%|████      | 46/112 [04:55<09:15,  8.42s/it]eval:  42%|████▏     | 47/112 [05:05<09:46,  9.03s/it]eval:  43%|████▎     | 48/112 [05:10<08:05,  7.58s/it]eval:  44%|████▍     | 49/112 [05:16<07:37,  7.26s/it]eval:  45%|████▍     | 50/112 [05:21<06:55,  6.70s/it]eval:  46%|████▌     | 51/112 [05:24<05:26,  5.35s/it]eval:  46%|████▋     | 52/112 [05:27<04:40,  4.68s/it]eval:  47%|████▋     | 53/112 [05:37<06:19,  6.43s/it]eval:  48%|████▊     | 54/112 [05:48<07:23,  7.65s/it]eval:  49%|████▉     | 55/112 [05:49<05:19,  5.61s/it]eval:  50%|█████     | 56/112 [05:51<04:20,  4.66s/it]eval:  51%|█████     | 57/112 [05:52<03:14,  3.54s/it]eval:  52%|█████▏    | 58/112 [05:54<02:39,  2.95s/it]eval:  53%|█████▎    | 59/112 [06:01<03:43,  4.21s/it]eval:  54%|█████▎    | 60/112 [06:11<05:16,  6.10s/it]eval:  54%|█████▍    | 61/112 [06:22<06:19,  7.43s/it]eval:  55%|█████▌    | 62/112 [06:22<04:30,  5.41s/it]eval:  56%|█████▋    | 63/112 [06:24<03:28,  4.26s/it]eval:  57%|█████▋    | 64/112 [06:26<02:45,  3.44s/it]eval:  58%|█████▊    | 65/112 [06:30<02:55,  3.74s/it]eval:  59%|█████▉    | 66/112 [06:31<02:11,  2.86s/it]eval:  60%|█████▉    | 67/112 [06:41<03:53,  5.18s/it]eval:  61%|██████    | 68/112 [06:52<04:59,  6.81s/it]eval:  62%|██████▏   | 69/112 [06:53<03:36,  5.03s/it]eval:  62%|██████▎   | 70/112 [06:55<02:53,  4.12s/it]eval:  63%|██████▎   | 71/112 [06:56<02:18,  3.38s/it]eval:  64%|██████▍   | 72/112 [06:58<01:56,  2.92s/it]eval:  65%|██████▌   | 73/112 [07:01<01:47,  2.76s/it]eval:  66%|██████▌   | 74/112 [07:11<03:13,  5.10s/it]eval:  67%|██████▋   | 75/112 [07:22<04:09,  6.73s/it]eval:  68%|██████▊   | 76/112 [07:23<03:03,  5.10s/it]eval:  69%|██████▉   | 77/112 [07:28<02:57,  5.07s/it]eval:  70%|██████▉   | 78/112 [07:34<03:02,  5.36s/it]eval:  71%|███████   | 79/112 [07:42<03:21,  6.11s/it]eval:  71%|███████▏  | 80/112 [07:43<02:22,  4.46s/it]eval:  72%|███████▏  | 81/112 [07:53<03:14,  6.28s/it]eval:  73%|███████▎  | 82/112 [08:01<03:23,  6.80s/it]eval:  74%|███████▍  | 83/112 [08:03<02:35,  5.36s/it]eval:  75%|███████▌  | 84/112 [08:08<02:27,  5.26s/it]eval:  76%|███████▌  | 85/112 [08:12<02:13,  4.95s/it]eval:  77%|███████▋  | 86/112 [08:13<01:34,  3.63s/it]eval:  78%|███████▊  | 87/112 [08:14<01:11,  2.86s/it]eval:  79%|███████▊  | 88/112 [08:25<02:04,  5.18s/it]eval:  79%|███████▉  | 89/112 [08:35<02:36,  6.79s/it]eval:  80%|████████  | 90/112 [08:37<01:53,  5.16s/it]eval:  81%|████████▏ | 91/112 [08:38<01:23,  3.98s/it]eval:  82%|████████▏ | 92/112 [08:39<01:02,  3.11s/it]eval:  83%|████████▎ | 93/112 [08:40<00:46,  2.42s/it]eval:  84%|████████▍ | 94/112 [08:41<00:37,  2.07s/it]eval:  85%|████████▍ | 95/112 [08:52<01:18,  4.63s/it]eval:  86%|████████▌ | 96/112 [09:02<01:42,  6.42s/it]eval:  87%|████████▋ | 97/112 [09:03<01:12,  4.85s/it]eval:  88%|████████▊ | 98/112 [09:05<00:53,  3.80s/it]eval:  88%|████████▊ | 99/112 [09:06<00:39,  3.04s/it]eval:  89%|████████▉ | 100/112 [09:11<00:45,  3.76s/it]eval:  90%|█████████ | 101/112 [09:13<00:33,  3.03s/it]eval:  91%|█████████ | 102/112 [09:23<00:52,  5.27s/it]eval:  92%|█████████▏| 103/112 [09:34<01:01,  6.82s/it]eval:  93%|█████████▎| 104/112 [09:39<00:52,  6.52s/it]eval:  94%|█████████▍| 105/112 [09:41<00:35,  5.14s/it]eval:  95%|█████████▍| 106/112 [09:42<00:22,  3.81s/it]eval:  96%|█████████▌| 107/112 [09:45<00:18,  3.69s/it]eval:  96%|█████████▋| 108/112 [09:47<00:12,  3.09s/it]eval:  97%|█████████▋| 109/112 [09:58<00:15,  5.30s/it]eval:  98%|█████████▊| 110/112 [10:08<00:13,  6.88s/it]eval:  99%|█████████▉| 111/112 [10:17<00:07,  7.60s/it]eval: 100%|██████████| 112/112 [10:20<00:00,  5.98s/it]eval: 100%|██████████| 112/112 [10:20<00:00,  5.54s/it]

======================================================================
condicion                   is_french   fr_score   accuracy    leak
----------------------------------------------------------------------
baseline  M(q)                  0.0%      0.000     95.5%      0%
referencia  M([FR;q])           0.0%      0.009     79.5%      0%
parche  M(q+v)                  0.0%      0.005     75.9%      0%
----------------------------------------------------------------------
celda target: de   (celda_ok = idioma de Y NO mayusculas)
condicion                    celda_ok     idioma      mayus
baseline  M(q)                  0.0%       0.0%       0.0%
referencia  M([FR;q])          98.2%      98.2%       0.0%
parche  M(q+v)                 96.4%      96.4%       0.0%
----------------------------------------------------------------------
CE target FR                sin parche  con parche     delta
head (primeros 5)               5.2637      0.7224   -4.5413
tail (el resto)                 0.5009      0.3427   -0.1582
toda la respuesta               1.4190      0.3895   -1.0295
  el head es donde vive la decision de idioma; el tail casi no deberia moverse
  tokens parcheados por prompt (anchor goal_all): media 7.5
======================================================================

Reportes: algebra/runs/v8/alg_de/eval_heldout.json
          algebra/runs/v8/alg_de/eval_heldout.md
`torch_dtype` is deprecated! Use `dtype` instead!
Loading checkpoint shards:   0%|          | 0/2 [00:00<?, ?it/s]Loading checkpoint shards:  50%|█████     | 1/2 [00:01<00:01,  1.03s/it]Loading checkpoint shards: 100%|██████████| 2/2 [00:01<00:00,  1.64it/s]Loading checkpoint shards: 100%|██████████| 2/2 [00:01<00:00,  1.49it/s]
parche algebra/runs/v8/alg_de/lang_patch_best_train.pt  norma 0.9638  |  tail held-out 112 (idx 588..699)
preset=idioma  condiciones=['prompt_es a=0', 'prompt_es a=1', 'prompt_fr a=0', 'prompt_fr a=1', 'prompt a=0', 'prompt a=1']
prompt_es a=0:   0%|          | 0/112 [00:00<?, ?it/s][lang_id] GlotLID: /mnt/custom-file-systems/efs/fs-0ded2930a619aa967_fsap-0faa05c681ed1a8f3/papers/LLMAtaquesContinuos/modelos/glotlid/model.bin
prompt_es a=0:   1%|          | 1/112 [00:01<03:24,  1.84s/it]prompt_es a=0:   2%|▏         | 2/112 [00:03<02:55,  1.59s/it]prompt_es a=0:   3%|▎         | 3/112 [00:03<02:08,  1.18s/it]prompt_es a=0:   4%|▎         | 4/112 [00:07<03:45,  2.09s/it]prompt_es a=0:   4%|▍         | 5/112 [00:10<04:35,  2.58s/it]prompt_es a=0:   5%|▌         | 6/112 [00:14<05:06,  2.89s/it]prompt_es a=0:   6%|▋         | 7/112 [00:17<05:22,  3.07s/it]prompt_es a=0:   7%|▋         | 8/112 [00:18<03:53,  2.24s/it]prompt_es a=0:   8%|▊         | 9/112 [00:21<04:30,  2.62s/it]prompt_es a=0:   9%|▉         | 10/112 [00:22<03:14,  1.91s/it]prompt_es a=0:  10%|▉         | 11/112 [00:25<04:00,  2.38s/it]prompt_es a=0:  11%|█         | 12/112 [00:28<04:31,  2.71s/it]prompt_es a=0:  12%|█▏        | 13/112 [00:32<04:51,  2.94s/it]prompt_es a=0:  12%|█▎        | 14/112 [00:35<05:04,  3.10s/it]prompt_es a=0:  13%|█▎        | 15/112 [00:36<03:37,  2.25s/it]prompt_es a=0:  14%|█▍        | 16/112 [00:37<02:55,  1.83s/it]prompt_es a=0:  15%|█▌        | 17/112 [00:40<03:40,  2.32s/it]prompt_es a=0:  16%|█▌        | 18/112 [00:44<04:11,  2.68s/it]prompt_es a=0:  17%|█▋        | 19/112 [00:47<04:30,  2.91s/it]prompt_es a=0:  18%|█▊        | 20/112 [00:48<03:31,  2.30s/it]prompt_es a=0:  19%|█▉        | 21/112 [00:51<04:01,  2.66s/it]prompt_es a=0:  20%|█▉        | 22/112 [00:52<02:54,  1.93s/it]prompt_es a=0:  21%|██        | 23/112 [00:52<02:23,  1.61s/it]prompt_es a=0:  21%|██▏       | 24/112 [00:53<01:49,  1.24s/it]prompt_es a=0:  22%|██▏       | 25/112 [00:56<02:46,  1.92s/it]prompt_es a=0:  23%|██▎       | 26/112 [01:00<03:24,  2.38s/it]prompt_es a=0:  24%|██▍       | 27/112 [01:00<02:37,  1.85s/it]prompt_es a=0:  25%|██▌       | 28/112 [01:01<01:58,  1.41s/it]prompt_es a=0:  26%|██▌       | 29/112 [01:04<02:48,  2.03s/it]prompt_es a=0:  27%|██▋       | 30/112 [01:08<03:21,  2.46s/it]prompt_es a=0:  28%|██▊       | 31/112 [01:08<02:22,  1.77s/it]prompt_es a=0:  29%|██▊       | 32/112 [01:11<03:01,  2.27s/it]prompt_es a=0:  29%|██▉       | 33/112 [01:15<03:27,  2.63s/it]prompt_es a=0:  30%|███       | 34/112 [01:18<03:45,  2.88s/it]prompt_es a=0:  31%|███▏      | 35/112 [01:22<03:55,  3.05s/it]prompt_es a=0:  32%|███▏      | 36/112 [01:22<02:54,  2.30s/it]prompt_es a=0:  33%|███▎      | 37/112 [01:26<03:18,  2.65s/it]prompt_es a=0:  34%|███▍      | 38/112 [01:26<02:23,  1.94s/it]prompt_es a=0:  35%|███▍      | 39/112 [01:27<01:58,  1.62s/it]prompt_es a=0:  36%|███▌      | 40/112 [01:30<02:36,  2.18s/it]prompt_es a=0:  37%|███▋      | 41/112 [01:31<01:56,  1.64s/it]prompt_es a=0:  38%|███▊      | 42/112 [01:34<02:33,  2.19s/it]prompt_es a=0:  38%|███▊      | 43/112 [01:34<01:48,  1.57s/it]prompt_es a=0:  39%|███▉      | 44/112 [01:38<02:25,  2.14s/it]prompt_es a=0:  40%|████      | 45/112 [01:41<02:49,  2.54s/it]prompt_es a=0:  41%|████      | 46/112 [01:45<03:05,  2.81s/it]prompt_es a=0:  42%|████▏     | 47/112 [01:48<03:15,  3.00s/it]prompt_es a=0:  43%|████▎     | 48/112 [01:49<02:24,  2.27s/it]prompt_es a=0:  44%|████▍     | 49/112 [01:49<01:51,  1.78s/it]prompt_es a=0:  45%|████▍     | 50/112 [01:53<02:21,  2.28s/it]prompt_es a=0:  46%|████▌     | 51/112 [01:56<02:41,  2.64s/it]prompt_es a=0:  46%|████▋     | 52/112 [01:57<01:57,  1.96s/it]prompt_es a=0:  47%|████▋     | 53/112 [02:00<02:22,  2.41s/it]prompt_es a=0:  48%|████▊     | 54/112 [02:04<02:38,  2.73s/it]prompt_es a=0:  49%|████▉     | 55/112 [02:04<01:54,  2.00s/it]prompt_es a=0:  50%|█████     | 56/112 [02:04<01:26,  1.55s/it]prompt_es a=0:  51%|█████     | 57/112 [02:05<01:06,  1.21s/it]prompt_es a=0:  52%|█████▏    | 58/112 [02:05<00:54,  1.00s/it]prompt_es a=0:  53%|█████▎    | 59/112 [02:09<01:32,  1.74s/it]prompt_es a=0:  54%|█████▎    | 60/112 [02:12<01:58,  2.28s/it]prompt_es a=0:  54%|█████▍    | 61/112 [02:16<02:15,  2.65s/it]prompt_es a=0:  55%|█████▌    | 62/112 [02:16<01:36,  1.94s/it]prompt_es a=0:  56%|█████▋    | 63/112 [02:16<01:09,  1.42s/it]prompt_es a=0:  57%|█████▋    | 64/112 [02:17<00:54,  1.14s/it]prompt_es a=0:  58%|█████▊    | 65/112 [02:17<00:44,  1.06it/s]prompt_es a=0:  59%|█████▉    | 66/112 [02:18<00:34,  1.34it/s]prompt_es a=0:  60%|█████▉    | 67/112 [02:21<01:10,  1.56s/it]prompt_es a=0:  61%|██████    | 68/112 [02:24<01:33,  2.13s/it]prompt_es a=0:  62%|██████▏   | 69/112 [02:25<01:07,  1.58s/it]prompt_es a=0:  62%|██████▎   | 70/112 [02:25<00:53,  1.27s/it]prompt_es a=0:  63%|██████▎   | 71/112 [02:26<00:44,  1.08s/it]prompt_es a=0:  64%|██████▍   | 72/112 [02:26<00:32,  1.22it/s]prompt_es a=0:  65%|██████▌   | 73/112 [02:28<00:39,  1.02s/it]prompt_es a=0:  66%|██████▌   | 74/112 [02:31<01:06,  1.76s/it]prompt_es a=0:  67%|██████▋   | 75/112 [02:35<01:24,  2.28s/it]prompt_es a=0:  68%|██████▊   | 76/112 [02:35<01:02,  1.73s/it]prompt_es a=0:  69%|██████▉   | 77/112 [02:35<00:43,  1.24s/it]prompt_es a=0:  70%|██████▉   | 78/112 [02:36<00:37,  1.11s/it]prompt_es a=0:  71%|███████   | 79/112 [02:37<00:31,  1.06it/s]prompt_es a=0:  71%|███████▏  | 80/112 [02:37<00:23,  1.35it/s]prompt_es a=0:  72%|███████▏  | 81/112 [02:40<00:48,  1.56s/it]prompt_es a=0:  73%|███████▎  | 82/112 [02:42<00:46,  1.55s/it]prompt_es a=0:  74%|███████▍  | 83/112 [02:42<00:35,  1.22s/it]prompt_es a=0:  75%|███████▌  | 84/112 [02:45<00:43,  1.55s/it]prompt_es a=0:  76%|███████▌  | 85/112 [02:45<00:32,  1.21s/it]prompt_es a=0:  77%|███████▋  | 86/112 [02:45<00:25,  1.02it/s]prompt_es a=0:  78%|███████▊  | 87/112 [02:46<00:20,  1.25it/s]prompt_es a=0:  79%|███████▊  | 88/112 [02:49<00:38,  1.60s/it]prompt_es a=0:  79%|███████▉  | 89/112 [02:53<00:49,  2.16s/it]prompt_es a=0:  80%|████████  | 90/112 [02:53<00:36,  1.64s/it]prompt_es a=0:  81%|████████▏ | 91/112 [02:54<00:26,  1.26s/it]prompt_es a=0:  82%|████████▏ | 92/112 [02:54<00:20,  1.02s/it]prompt_es a=0:  83%|████████▎ | 93/112 [02:54<00:15,  1.22it/s]prompt_es a=0:  84%|████████▍ | 94/112 [02:55<00:11,  1.51it/s]prompt_es a=0:  85%|████████▍ | 95/112 [02:58<00:25,  1.51s/it]prompt_es a=0:  86%|████████▌ | 96/112 [03:02<00:33,  2.09s/it]prompt_es a=0:  87%|████████▋ | 97/112 [03:02<00:24,  1.60s/it]prompt_es a=0:  88%|████████▊ | 98/112 [03:02<00:17,  1.25s/it]prompt_es a=0:  88%|████████▊ | 99/112 [03:03<00:13,  1.03s/it]prompt_es a=0:  89%|████████▉ | 100/112 [03:03<00:10,  1.18it/s]prompt_es a=0:  90%|█████████ | 101/112 [03:04<00:07,  1.44it/s]prompt_es a=0:  91%|█████████ | 102/112 [03:07<00:15,  1.53s/it]prompt_es a=0:  92%|█████████▏| 103/112 [03:11<00:19,  2.12s/it]prompt_es a=0:  93%|█████████▎| 104/112 [03:11<00:12,  1.52s/it]prompt_es a=0:  94%|█████████▍| 105/112 [03:12<00:09,  1.32s/it]prompt_es a=0:  95%|█████████▍| 106/112 [03:12<00:05,  1.00it/s]prompt_es a=0:  96%|█████████▌| 107/112 [03:12<00:04,  1.22it/s]prompt_es a=0:  96%|█████████▋| 108/112 [03:13<00:03,  1.33it/s]prompt_es a=0:  97%|█████████▋| 109/112 [03:16<00:04,  1.57s/it]prompt_es a=0:  98%|█████████▊| 110/112 [03:20<00:04,  2.13s/it]prompt_es a=0:  99%|█████████▉| 111/112 [03:23<00:02,  2.53s/it]prompt_es a=0: 100%|██████████| 112/112 [03:24<00:00,  2.01s/it]prompt_es a=0: 100%|██████████| 112/112 [03:24<00:00,  1.83s/it]
prompt_es a=1:   0%|          | 0/112 [00:00<?, ?it/s]prompt_es a=1:   1%|          | 1/112 [00:00<01:11,  1.56it/s]prompt_es a=1:   2%|▏         | 2/112 [00:01<00:59,  1.86it/s]prompt_es a=1:   3%|▎         | 3/112 [00:01<00:59,  1.84it/s]prompt_es a=1:   4%|▎         | 4/112 [00:05<03:05,  1.72s/it]prompt_es a=1:   4%|▍         | 5/112 [00:08<04:12,  2.36s/it]prompt_es a=1:   5%|▌         | 6/112 [00:09<03:11,  1.81s/it]prompt_es a=1:   6%|▋         | 7/112 [00:11<03:20,  1.91s/it]prompt_es a=1:   7%|▋         | 8/112 [00:11<02:28,  1.42s/it]prompt_es a=1:   8%|▊         | 9/112 [00:13<02:37,  1.53s/it]prompt_es a=1:   9%|▉         | 10/112 [00:14<02:03,  1.21s/it]prompt_es a=1:  10%|▉         | 11/112 [00:17<03:12,  1.91s/it]prompt_es a=1:  11%|█         | 12/112 [00:19<03:10,  1.90s/it]prompt_es a=1:  12%|█▏        | 13/112 [00:22<03:54,  2.37s/it]prompt_es a=1:  12%|█▎        | 14/112 [00:26<04:24,  2.70s/it]prompt_es a=1:  13%|█▎        | 15/112 [00:26<03:12,  1.98s/it]prompt_es a=1:  14%|█▍        | 16/112 [00:27<02:36,  1.63s/it]prompt_es a=1:  15%|█▌        | 17/112 [00:29<02:28,  1.57s/it]prompt_es a=1:  16%|█▌        | 18/112 [00:32<03:21,  2.14s/it]prompt_es a=1:  17%|█▋        | 19/112 [00:32<02:30,  1.61s/it]prompt_es a=1:  18%|█▊        | 20/112 [00:36<03:19,  2.17s/it]prompt_es a=1:  19%|█▉        | 21/112 [00:38<03:15,  2.15s/it]prompt_es a=1:  20%|█▉        | 22/112 [00:39<02:44,  1.82s/it]prompt_es a=1:  21%|██        | 23/112 [00:40<02:09,  1.45s/it]prompt_es a=1:  21%|██▏       | 24/112 [00:40<01:38,  1.12s/it]prompt_es a=1:  22%|██▏       | 25/112 [00:43<02:38,  1.82s/it]prompt_es a=1:  23%|██▎       | 26/112 [00:44<02:11,  1.53s/it]prompt_es a=1:  24%|██▍       | 27/112 [00:48<02:59,  2.11s/it]prompt_es a=1:  25%|██▌       | 28/112 [00:49<02:47,  1.99s/it]prompt_es a=1:  26%|██▌       | 29/112 [00:52<03:04,  2.22s/it]prompt_es a=1:  27%|██▋       | 30/112 [00:55<03:23,  2.48s/it]prompt_es a=1:  28%|██▊       | 31/112 [00:56<02:46,  2.05s/it]prompt_es a=1:  29%|██▊       | 32/112 [01:00<03:18,  2.48s/it]prompt_es a=1:  29%|██▉       | 33/112 [01:03<03:40,  2.79s/it]prompt_es a=1:  30%|███       | 34/112 [01:07<03:53,  3.00s/it]prompt_es a=1:  31%|███▏      | 35/112 [01:10<04:02,  3.15s/it]prompt_es a=1:  32%|███▏      | 36/112 [01:11<03:00,  2.38s/it]prompt_es a=1:  33%|███▎      | 37/112 [01:11<02:10,  1.75s/it]prompt_es a=1:  34%|███▍      | 38/112 [01:12<01:38,  1.33s/it]prompt_es a=1:  35%|███▍      | 39/112 [01:15<02:24,  1.98s/it]prompt_es a=1:  36%|███▌      | 40/112 [01:16<01:51,  1.55s/it]prompt_es a=1:  37%|███▋      | 41/112 [01:16<01:32,  1.30s/it]prompt_es a=1:  38%|███▊      | 42/112 [01:17<01:25,  1.22s/it]prompt_es a=1:  38%|███▊      | 43/112 [01:18<01:04,  1.06it/s]prompt_es a=1:  39%|███▉      | 44/112 [01:21<01:56,  1.71s/it]prompt_es a=1:  40%|████      | 45/112 [01:22<01:29,  1.33s/it]prompt_es a=1:  41%|████      | 46/112 [01:25<02:10,  1.97s/it]prompt_es a=1:  42%|████▏     | 47/112 [01:28<02:37,  2.42s/it]prompt_es a=1:  43%|████▎     | 48/112 [01:29<01:56,  1.82s/it]prompt_es a=1:  44%|████▍     | 49/112 [01:29<01:29,  1.42s/it]prompt_es a=1:  45%|████▍     | 50/112 [01:30<01:07,  1.09s/it]prompt_es a=1:  46%|████▌     | 51/112 [01:30<00:56,  1.07it/s]prompt_es a=1:  46%|████▋     | 52/112 [01:31<00:59,  1.01it/s]prompt_es a=1:  47%|████▋     | 53/112 [01:35<01:41,  1.73s/it]prompt_es a=1:  48%|████▊     | 54/112 [01:38<02:10,  2.24s/it]prompt_es a=1:  49%|████▉     | 55/112 [01:39<01:34,  1.66s/it]prompt_es a=1:  50%|█████     | 56/112 [01:39<01:11,  1.28s/it]prompt_es a=1:  51%|█████     | 57/112 [01:39<00:53,  1.02it/s]prompt_es a=1:  52%|█████▏    | 58/112 [01:40<00:46,  1.16it/s]prompt_es a=1:  53%|█████▎    | 59/112 [01:40<00:40,  1.32it/s]prompt_es a=1:  54%|█████▎    | 60/112 [01:44<01:22,  1.58s/it]prompt_es a=1:  54%|█████▍    | 61/112 [01:47<01:49,  2.15s/it]prompt_es a=1:  55%|█████▌    | 62/112 [01:48<01:19,  1.58s/it]prompt_es a=1:  56%|█████▋    | 63/112 [01:48<00:58,  1.19s/it]prompt_es a=1:  57%|█████▋    | 64/112 [01:48<00:44,  1.07it/s]prompt_es a=1:  58%|█████▊    | 65/112 [01:49<00:36,  1.28it/s]prompt_es a=1:  59%|█████▉    | 66/112 [01:49<00:29,  1.57it/s]prompt_es a=1:  60%|█████▉    | 67/112 [01:52<01:07,  1.49s/it]prompt_es a=1:  61%|██████    | 68/112 [01:56<01:31,  2.08s/it]prompt_es a=1:  62%|██████▏   | 69/112 [01:56<01:06,  1.55s/it]prompt_es a=1:  62%|██████▎   | 70/112 [01:57<00:50,  1.19s/it]prompt_es a=1:  63%|██████▎   | 71/112 [01:57<00:41,  1.01s/it]prompt_es a=1:  64%|██████▍   | 72/112 [01:58<00:33,  1.19it/s]prompt_es a=1:  65%|██████▌   | 73/112 [01:59<00:36,  1.08it/s]prompt_es a=1:  66%|██████▌   | 74/112 [02:02<01:04,  1.69s/it]prompt_es a=1:  67%|██████▋   | 75/112 [02:06<01:22,  2.22s/it]prompt_es a=1:  68%|██████▊   | 76/112 [02:06<01:01,  1.71s/it]prompt_es a=1:  69%|██████▉   | 77/112 [02:10<01:18,  2.24s/it]prompt_es a=1:  70%|██████▉   | 78/112 [02:10<01:02,  1.83s/it]prompt_es a=1:  71%|███████   | 79/112 [02:11<00:46,  1.42s/it]prompt_es a=1:  71%|███████▏  | 80/112 [02:11<00:34,  1.08s/it]prompt_es a=1:  72%|███████▏  | 81/112 [02:15<00:55,  1.79s/it]prompt_es a=1:  73%|███████▎  | 82/112 [02:16<00:48,  1.62s/it]prompt_es a=1:  74%|███████▍  | 83/112 [02:18<00:46,  1.62s/it]prompt_es a=1:  75%|███████▌  | 84/112 [02:21<01:00,  2.17s/it]prompt_es a=1:  76%|███████▌  | 85/112 [02:21<00:44,  1.66s/it]prompt_es a=1:  77%|███████▋  | 86/112 [02:22<00:32,  1.27s/it]prompt_es a=1:  78%|███████▊  | 87/112 [02:22<00:25,  1.00s/it]prompt_es a=1:  79%|███████▊  | 88/112 [02:26<00:41,  1.74s/it]prompt_es a=1:  79%|███████▉  | 89/112 [02:29<00:51,  2.26s/it]prompt_es a=1:  80%|████████  | 90/112 [02:30<00:38,  1.74s/it]prompt_es a=1:  81%|████████▏ | 91/112 [02:30<00:26,  1.27s/it]prompt_es a=1:  82%|████████▏ | 92/112 [02:33<00:38,  1.94s/it]prompt_es a=1:  83%|████████▎ | 93/112 [02:34<00:27,  1.46s/it]prompt_es a=1:  84%|████████▍ | 94/112 [02:34<00:21,  1.18s/it]prompt_es a=1:  85%|████████▍ | 95/112 [02:38<00:32,  1.88s/it]prompt_es a=1:  86%|████████▌ | 96/112 [02:41<00:38,  2.38s/it]prompt_es a=1:  87%|████████▋ | 97/112 [02:42<00:27,  1.80s/it]prompt_es a=1:  88%|████████▊ | 98/112 [02:44<00:26,  1.87s/it]prompt_es a=1:  88%|████████▊ | 99/112 [02:44<00:18,  1.43s/it]prompt_es a=1:  89%|████████▉ | 100/112 [02:45<00:13,  1.11s/it]prompt_es a=1:  90%|█████████ | 101/112 [02:45<00:09,  1.14it/s]prompt_es a=1:  91%|█████████ | 102/112 [02:48<00:16,  1.66s/it]prompt_es a=1:  92%|█████████▏| 103/112 [02:52<00:19,  2.22s/it]prompt_es a=1:  93%|█████████▎| 104/112 [02:53<00:16,  2.03s/it]prompt_es a=1:  94%|█████████▍| 105/112 [02:54<00:10,  1.51s/it]prompt_es a=1:  95%|█████████▍| 106/112 [02:54<00:06,  1.14s/it]prompt_es a=1:  96%|█████████▌| 107/112 [02:55<00:04,  1.03it/s]prompt_es a=1:  96%|█████████▋| 108/112 [02:55<00:03,  1.11it/s]prompt_es a=1:  97%|█████████▋| 109/112 [02:59<00:05,  1.68s/it]prompt_es a=1:  98%|█████████▊| 110/112 [03:02<00:04,  2.22s/it]prompt_es a=1:  99%|█████████▉| 111/112 [03:04<00:02,  2.18s/it]prompt_es a=1: 100%|██████████| 112/112 [03:06<00:00,  1.89s/it]prompt_es a=1: 100%|██████████| 112/112 [03:06<00:00,  1.66s/it]
prompt_fr a=0:   0%|          | 0/112 [00:00<?, ?it/s]prompt_fr a=0:   1%|          | 1/112 [00:00<01:11,  1.54it/s]prompt_fr a=0:   2%|▏         | 2/112 [00:01<01:03,  1.74it/s]prompt_fr a=0:   3%|▎         | 3/112 [00:01<00:56,  1.91it/s]prompt_fr a=0:   4%|▎         | 4/112 [00:05<03:02,  1.69s/it]prompt_fr a=0:   4%|▍         | 5/112 [00:08<04:10,  2.34s/it]prompt_fr a=0:   5%|▌         | 6/112 [00:09<03:27,  1.95s/it]prompt_fr a=0:   6%|▋         | 7/112 [00:13<04:17,  2.46s/it]prompt_fr a=0:   7%|▋         | 8/112 [00:13<03:08,  1.81s/it]prompt_fr a=0:   8%|▊         | 9/112 [00:17<04:00,  2.33s/it]prompt_fr a=0:   9%|▉         | 10/112 [00:17<02:56,  1.73s/it]prompt_fr a=0:  10%|▉         | 11/112 [00:21<03:49,  2.27s/it]prompt_fr a=0:  11%|█         | 12/112 [00:24<04:22,  2.63s/it]prompt_fr a=0:  12%|█▏        | 13/112 [00:27<04:45,  2.88s/it]prompt_fr a=0:  12%|█▎        | 14/112 [00:31<04:59,  3.05s/it]prompt_fr a=0:  13%|█▎        | 15/112 [00:31<03:35,  2.22s/it]prompt_fr a=0:  14%|█▍        | 16/112 [00:31<02:34,  1.61s/it]prompt_fr a=0:  15%|█▌        | 17/112 [00:35<03:26,  2.17s/it]prompt_fr a=0:  16%|█▌        | 18/112 [00:38<04:00,  2.56s/it]prompt_fr a=0:  17%|█▋        | 19/112 [00:42<04:23,  2.83s/it]prompt_fr a=0:  18%|█▊        | 20/112 [00:45<04:38,  3.03s/it]prompt_fr a=0:  19%|█▉        | 21/112 [00:49<04:47,  3.16s/it]prompt_fr a=0:  20%|█▉        | 22/112 [00:49<03:26,  2.30s/it]prompt_fr a=0:  21%|██        | 23/112 [00:50<02:58,  2.00s/it]prompt_fr a=0:  21%|██▏       | 24/112 [00:51<02:13,  1.52s/it]prompt_fr a=0:  22%|██▏       | 25/112 [00:54<03:02,  2.10s/it]prompt_fr a=0:  23%|██▎       | 26/112 [00:58<03:36,  2.51s/it]prompt_fr a=0:  24%|██▍       | 27/112 [00:59<03:06,  2.20s/it]prompt_fr a=0:  25%|██▌       | 28/112 [01:00<02:19,  1.66s/it]prompt_fr a=0:  26%|██▌       | 29/112 [01:00<01:47,  1.29s/it]prompt_fr a=0:  27%|██▋       | 30/112 [01:00<01:19,  1.03it/s]prompt_fr a=0:  28%|██▊       | 31/112 [01:01<01:03,  1.27it/s]prompt_fr a=0:  29%|██▊       | 32/112 [01:04<02:07,  1.59s/it]prompt_fr a=0:  29%|██▉       | 33/112 [01:08<02:51,  2.16s/it]prompt_fr a=0:  30%|███       | 34/112 [01:11<03:19,  2.56s/it]prompt_fr a=0:  31%|███▏      | 35/112 [01:12<02:41,  2.10s/it]prompt_fr a=0:  32%|███▏      | 36/112 [01:13<02:03,  1.63s/it]prompt_fr a=0:  33%|███▎      | 37/112 [01:16<02:43,  2.18s/it]prompt_fr a=0:  34%|███▍      | 38/112 [01:16<02:02,  1.65s/it]prompt_fr a=0:  35%|███▍      | 39/112 [01:20<02:40,  2.20s/it]prompt_fr a=0:  36%|███▌      | 40/112 [01:23<03:06,  2.59s/it]prompt_fr a=0:  37%|███▋      | 41/112 [01:25<02:40,  2.26s/it]prompt_fr a=0:  38%|███▊      | 42/112 [01:26<02:18,  1.98s/it]prompt_fr a=0:  38%|███▊      | 43/112 [01:27<01:43,  1.50s/it]prompt_fr a=0:  39%|███▉      | 44/112 [01:30<02:22,  2.09s/it]prompt_fr a=0:  40%|████      | 45/112 [01:31<01:46,  1.59s/it]prompt_fr a=0:  41%|████      | 46/112 [01:34<02:22,  2.16s/it]prompt_fr a=0:  42%|████▏     | 47/112 [01:37<02:45,  2.55s/it]prompt_fr a=0:  43%|████▎     | 48/112 [01:41<03:00,  2.82s/it]prompt_fr a=0:  44%|████▍     | 49/112 [01:42<02:17,  2.19s/it]prompt_fr a=0:  45%|████▍     | 50/112 [01:42<01:46,  1.72s/it]prompt_fr a=0:  46%|████▌     | 51/112 [01:43<01:21,  1.34s/it]prompt_fr a=0:  46%|████▋     | 52/112 [01:43<01:02,  1.05s/it]prompt_fr a=0:  47%|████▋     | 53/112 [01:47<01:44,  1.77s/it]prompt_fr a=0:  48%|████▊     | 54/112 [01:49<01:53,  1.96s/it]prompt_fr a=0:  49%|████▉     | 55/112 [01:49<01:24,  1.48s/it]prompt_fr a=0:  50%|█████     | 56/112 [01:52<01:42,  1.84s/it]prompt_fr a=0:  51%|█████     | 57/112 [01:52<01:16,  1.39s/it]prompt_fr a=0:  52%|█████▏    | 58/112 [01:53<01:02,  1.15s/it]prompt_fr a=0:  53%|█████▎    | 59/112 [01:55<01:17,  1.46s/it]prompt_fr a=0:  54%|█████▎    | 60/112 [01:59<01:47,  2.07s/it]prompt_fr a=0:  54%|█████▍    | 61/112 [02:02<02:07,  2.50s/it]prompt_fr a=0:  55%|█████▌    | 62/112 [02:02<01:31,  1.83s/it]prompt_fr a=0:  56%|█████▋    | 63/112 [02:03<01:07,  1.37s/it]prompt_fr a=0:  57%|█████▋    | 64/112 [02:03<00:54,  1.14s/it]prompt_fr a=0:  58%|█████▊    | 65/112 [02:04<00:44,  1.06it/s]prompt_fr a=0:  59%|█████▉    | 66/112 [02:04<00:34,  1.33it/s]prompt_fr a=0:  60%|█████▉    | 67/112 [02:08<01:11,  1.58s/it]prompt_fr a=0:  61%|██████    | 68/112 [02:11<01:34,  2.14s/it]prompt_fr a=0:  62%|██████▏   | 69/112 [02:11<01:09,  1.62s/it]prompt_fr a=0:  62%|██████▎   | 70/112 [02:14<01:24,  2.02s/it]prompt_fr a=0:  63%|██████▎   | 71/112 [02:17<01:27,  2.13s/it]prompt_fr a=0:  64%|██████▍   | 72/112 [02:17<01:04,  1.61s/it]prompt_fr a=0:  65%|██████▌   | 73/112 [02:18<00:49,  1.27s/it]prompt_fr a=0:  66%|██████▌   | 74/112 [02:21<01:13,  1.94s/it]prompt_fr a=0:  67%|██████▋   | 75/112 [02:25<01:28,  2.39s/it]prompt_fr a=0:  68%|██████▊   | 76/112 [02:28<01:37,  2.72s/it]prompt_fr a=0:  69%|██████▉   | 77/112 [02:32<01:42,  2.94s/it]prompt_fr a=0:  70%|██████▉   | 78/112 [02:33<01:21,  2.41s/it]prompt_fr a=0:  71%|███████   | 79/112 [02:33<00:59,  1.81s/it]prompt_fr a=0:  71%|███████▏  | 80/112 [02:33<00:44,  1.38s/it]prompt_fr a=0:  72%|███████▏  | 81/112 [02:37<01:02,  2.01s/it]prompt_fr a=0:  73%|███████▎  | 82/112 [02:40<01:13,  2.45s/it]prompt_fr a=0:  74%|███████▍  | 83/112 [02:44<01:19,  2.75s/it]prompt_fr a=0:  75%|███████▌  | 84/112 [02:47<01:23,  2.97s/it]prompt_fr a=0:  76%|███████▌  | 85/112 [02:48<00:59,  2.21s/it]prompt_fr a=0:  77%|███████▋  | 86/112 [02:48<00:43,  1.69s/it]prompt_fr a=0:  78%|███████▊  | 87/112 [02:49<00:32,  1.30s/it]prompt_fr a=0:  79%|███████▊  | 88/112 [02:52<00:46,  1.95s/it]prompt_fr a=0:  79%|███████▉  | 89/112 [02:56<00:55,  2.40s/it]prompt_fr a=0:  80%|████████  | 90/112 [02:59<00:59,  2.72s/it]prompt_fr a=0:  81%|████████▏ | 91/112 [03:00<00:43,  2.05s/it]prompt_fr a=0:  82%|████████▏ | 92/112 [03:00<00:32,  1.60s/it]prompt_fr a=0:  83%|████████▎ | 93/112 [03:00<00:23,  1.23s/it]prompt_fr a=0:  84%|████████▍ | 94/112 [03:01<00:18,  1.03s/it]prompt_fr a=0:  85%|████████▍ | 95/112 [03:05<00:30,  1.77s/it]prompt_fr a=0:  86%|████████▌ | 96/112 [03:08<00:36,  2.28s/it]prompt_fr a=0:  87%|████████▋ | 97/112 [03:11<00:39,  2.64s/it]prompt_fr a=0:  88%|████████▊ | 98/112 [03:14<00:37,  2.69s/it]prompt_fr a=0:  88%|████████▊ | 99/112 [03:15<00:26,  2.01s/it]prompt_fr a=0:  89%|████████▉ | 100/112 [03:15<00:18,  1.51s/it]prompt_fr a=0:  90%|█████████ | 101/112 [03:15<00:12,  1.15s/it]prompt_fr a=0:  91%|█████████ | 102/112 [03:19<00:18,  1.84s/it]prompt_fr a=0:  92%|█████████▏| 103/112 [03:22<00:21,  2.34s/it]prompt_fr a=0:  93%|█████████▎| 104/112 [03:26<00:21,  2.67s/it]prompt_fr a=0:  94%|█████████▍| 105/112 [03:29<00:19,  2.78s/it]prompt_fr a=0:  95%|█████████▍| 106/112 [03:29<00:12,  2.05s/it]prompt_fr a=0:  96%|█████████▌| 107/112 [03:30<00:07,  1.56s/it]prompt_fr a=0:  96%|█████████▋| 108/112 [03:30<00:04,  1.22s/it]prompt_fr a=0:  97%|█████████▋| 109/112 [03:33<00:05,  1.90s/it]prompt_fr a=0:  98%|█████████▊| 110/112 [03:37<00:04,  2.37s/it]prompt_fr a=0:  99%|█████████▉| 111/112 [03:40<00:02,  2.70s/it]prompt_fr a=0: 100%|██████████| 112/112 [03:42<00:00,  2.27s/it]prompt_fr a=0: 100%|██████████| 112/112 [03:42<00:00,  1.98s/it]
prompt_fr a=1:   0%|          | 0/112 [00:00<?, ?it/s]prompt_fr a=1:   1%|          | 1/112 [00:01<03:28,  1.88s/it]prompt_fr a=1:   2%|▏         | 2/112 [00:02<01:59,  1.09s/it]prompt_fr a=1:   3%|▎         | 3/112 [00:02<01:26,  1.26it/s]prompt_fr a=1:   4%|▎         | 4/112 [00:06<03:19,  1.85s/it]prompt_fr a=1:   4%|▍         | 5/112 [00:09<04:21,  2.44s/it]prompt_fr a=1:   5%|▌         | 6/112 [00:10<03:05,  1.75s/it]prompt_fr a=1:   6%|▋         | 7/112 [00:13<04:03,  2.32s/it]prompt_fr a=1:   7%|▋         | 8/112 [00:14<03:01,  1.74s/it]prompt_fr a=1:   8%|▊         | 9/112 [00:15<02:32,  1.48s/it]prompt_fr a=1:   9%|▉         | 10/112 [00:15<01:53,  1.11s/it]prompt_fr a=1:  10%|▉         | 11/112 [00:18<03:06,  1.85s/it]prompt_fr a=1:  11%|█         | 12/112 [00:22<03:55,  2.35s/it]prompt_fr a=1:  12%|█▏        | 13/112 [00:25<04:27,  2.70s/it]prompt_fr a=1:  12%|█▎        | 14/112 [00:29<04:47,  2.94s/it]prompt_fr a=1:  13%|█▎        | 15/112 [00:29<03:27,  2.14s/it]prompt_fr a=1:  14%|█▍        | 16/112 [00:30<02:46,  1.74s/it]prompt_fr a=1:  15%|█▌        | 17/112 [00:34<03:35,  2.27s/it]prompt_fr a=1:  16%|█▌        | 18/112 [00:37<04:08,  2.64s/it]prompt_fr a=1:  17%|█▋        | 19/112 [00:37<03:00,  1.94s/it]prompt_fr a=1:  18%|█▊        | 20/112 [00:41<03:42,  2.42s/it]prompt_fr a=1:  19%|█▉        | 21/112 [00:42<02:53,  1.90s/it]prompt_fr a=1:  20%|█▉        | 22/112 [00:42<02:06,  1.41s/it]prompt_fr a=1:  21%|██        | 23/112 [00:42<01:43,  1.16s/it]prompt_fr a=1:  21%|██▏       | 24/112 [00:43<01:21,  1.07it/s]prompt_fr a=1:  22%|██▏       | 25/112 [00:46<02:28,  1.71s/it]prompt_fr a=1:  23%|██▎       | 26/112 [00:47<01:51,  1.30s/it]prompt_fr a=1:  24%|██▍       | 27/112 [00:47<01:27,  1.04s/it]prompt_fr a=1:  25%|██▌       | 28/112 [00:49<01:46,  1.27s/it]prompt_fr a=1:  26%|██▌       | 29/112 [00:49<01:18,  1.06it/s]prompt_fr a=1:  27%|██▋       | 30/112 [00:49<00:59,  1.38it/s]prompt_fr a=1:  28%|██▊       | 31/112 [00:50<00:50,  1.61it/s]prompt_fr a=1:  29%|██▊       | 32/112 [00:53<01:58,  1.48s/it]prompt_fr a=1:  29%|██▉       | 33/112 [00:56<02:30,  1.91s/it]prompt_fr a=1:  30%|███       | 34/112 [01:00<03:05,  2.37s/it]prompt_fr a=1:  31%|███▏      | 35/112 [01:02<03:08,  2.45s/it]prompt_fr a=1:  32%|███▏      | 36/112 [01:05<03:06,  2.45s/it]prompt_fr a=1:  33%|███▎      | 37/112 [01:05<02:16,  1.82s/it]prompt_fr a=1:  34%|███▍      | 38/112 [01:05<01:42,  1.38s/it]prompt_fr a=1:  35%|███▍      | 39/112 [01:09<02:26,  2.01s/it]prompt_fr a=1:  36%|███▌      | 40/112 [01:12<02:56,  2.45s/it]prompt_fr a=1:  37%|███▋      | 41/112 [01:16<03:15,  2.76s/it]prompt_fr a=1:  38%|███▊      | 42/112 [01:17<02:32,  2.18s/it]prompt_fr a=1:  38%|███▊      | 43/112 [01:17<01:51,  1.62s/it]prompt_fr a=1:  39%|███▉      | 44/112 [01:18<01:37,  1.43s/it]prompt_fr a=1:  40%|████      | 45/112 [01:19<01:21,  1.21s/it]prompt_fr a=1:  41%|████      | 46/112 [01:22<02:05,  1.90s/it]prompt_fr a=1:  42%|████▏     | 47/112 [01:26<02:34,  2.38s/it]prompt_fr a=1:  43%|████▎     | 48/112 [01:26<01:54,  1.79s/it]prompt_fr a=1:  44%|████▍     | 49/112 [01:29<02:24,  2.30s/it]prompt_fr a=1:  45%|████▍     | 50/112 [01:30<01:46,  1.72s/it]prompt_fr a=1:  46%|████▌     | 51/112 [01:31<01:30,  1.48s/it]prompt_fr a=1:  46%|████▋     | 52/112 [01:31<01:07,  1.13s/it]prompt_fr a=1:  47%|████▋     | 53/112 [01:35<01:48,  1.84s/it]prompt_fr a=1:  48%|████▊     | 54/112 [01:38<02:15,  2.33s/it]prompt_fr a=1:  49%|████▉     | 55/112 [01:38<01:38,  1.72s/it]prompt_fr a=1:  50%|█████     | 56/112 [01:40<01:26,  1.55s/it]prompt_fr a=1:  51%|█████     | 57/112 [01:40<01:09,  1.26s/it]prompt_fr a=1:  52%|█████▏    | 58/112 [01:41<00:57,  1.06s/it]prompt_fr a=1:  53%|█████▎    | 59/112 [01:43<01:20,  1.51s/it]prompt_fr a=1:  54%|█████▎    | 60/112 [01:45<01:15,  1.45s/it]prompt_fr a=1:  54%|█████▍    | 61/112 [01:48<01:45,  2.06s/it]prompt_fr a=1:  55%|█████▌    | 62/112 [01:48<01:15,  1.52s/it]prompt_fr a=1:  56%|█████▋    | 63/112 [01:49<00:56,  1.15s/it]prompt_fr a=1:  57%|█████▋    | 64/112 [01:49<00:46,  1.04it/s]prompt_fr a=1:  58%|█████▊    | 65/112 [01:50<00:47,  1.01s/it]prompt_fr a=1:  59%|█████▉    | 66/112 [01:51<00:36,  1.25it/s]prompt_fr a=1:  60%|█████▉    | 67/112 [01:54<01:12,  1.60s/it]prompt_fr a=1:  61%|██████    | 68/112 [01:57<01:29,  2.04s/it]prompt_fr a=1:  62%|██████▏   | 69/112 [01:57<01:05,  1.52s/it]prompt_fr a=1:  62%|██████▎   | 70/112 [01:58<00:51,  1.24s/it]prompt_fr a=1:  63%|██████▎   | 71/112 [01:59<00:42,  1.03s/it]prompt_fr a=1:  64%|██████▍   | 72/112 [01:59<00:34,  1.15it/s]prompt_fr a=1:  65%|██████▌   | 73/112 [02:03<01:04,  1.66s/it]prompt_fr a=1:  66%|██████▌   | 74/112 [02:06<01:24,  2.22s/it]prompt_fr a=1:  67%|██████▋   | 75/112 [02:10<01:36,  2.60s/it]prompt_fr a=1:  68%|██████▊   | 76/112 [02:10<01:10,  1.97s/it]prompt_fr a=1:  69%|██████▉   | 77/112 [02:14<01:25,  2.43s/it]prompt_fr a=1:  70%|██████▉   | 78/112 [02:14<01:03,  1.87s/it]prompt_fr a=1:  71%|███████   | 79/112 [02:14<00:45,  1.37s/it]prompt_fr a=1:  71%|███████▏  | 80/112 [02:15<00:33,  1.05s/it]prompt_fr a=1:  72%|███████▏  | 81/112 [02:18<00:55,  1.79s/it]prompt_fr a=1:  73%|███████▎  | 82/112 [02:19<00:42,  1.41s/it]prompt_fr a=1:  74%|███████▍  | 83/112 [02:19<00:34,  1.18s/it]prompt_fr a=1:  75%|███████▌  | 84/112 [02:23<00:52,  1.87s/it]prompt_fr a=1:  76%|███████▌  | 85/112 [02:23<00:38,  1.42s/it]prompt_fr a=1:  77%|███████▋  | 86/112 [02:24<00:31,  1.20s/it]prompt_fr a=1:  78%|███████▊  | 87/112 [02:24<00:24,  1.04it/s]prompt_fr a=1:  79%|███████▊  | 88/112 [02:28<00:41,  1.72s/it]prompt_fr a=1:  79%|███████▉  | 89/112 [02:31<00:51,  2.25s/it]prompt_fr a=1:  80%|████████  | 90/112 [02:32<00:39,  1.82s/it]prompt_fr a=1:  81%|████████▏ | 91/112 [02:33<00:32,  1.54s/it]prompt_fr a=1:  82%|████████▏ | 92/112 [02:33<00:23,  1.18s/it]prompt_fr a=1:  83%|████████▎ | 93/112 [02:34<00:17,  1.06it/s]prompt_fr a=1:  84%|████████▍ | 94/112 [02:34<00:13,  1.31it/s]prompt_fr a=1:  85%|████████▍ | 95/112 [02:37<00:26,  1.59s/it]prompt_fr a=1:  86%|████████▌ | 96/112 [02:41<00:34,  2.16s/it]prompt_fr a=1:  87%|████████▋ | 97/112 [02:45<00:38,  2.57s/it]prompt_fr a=1:  88%|████████▊ | 98/112 [02:48<00:39,  2.85s/it]prompt_fr a=1:  88%|████████▊ | 99/112 [02:48<00:27,  2.10s/it]prompt_fr a=1:  89%|████████▉ | 100/112 [02:49<00:18,  1.58s/it]prompt_fr a=1:  90%|█████████ | 101/112 [02:49<00:13,  1.24s/it]prompt_fr a=1:  91%|█████████ | 102/112 [02:53<00:19,  1.91s/it]prompt_fr a=1:  92%|█████████▏| 103/112 [02:56<00:21,  2.38s/it]prompt_fr a=1:  93%|█████████▎| 104/112 [02:57<00:14,  1.82s/it]prompt_fr a=1:  94%|█████████▍| 105/112 [02:57<00:10,  1.51s/it]prompt_fr a=1:  95%|█████████▍| 106/112 [02:58<00:06,  1.14s/it]prompt_fr a=1:  96%|█████████▌| 107/112 [02:58<00:04,  1.03it/s]prompt_fr a=1:  96%|█████████▋| 108/112 [02:59<00:03,  1.10it/s]prompt_fr a=1:  97%|█████████▋| 109/112 [03:03<00:05,  1.69s/it]prompt_fr a=1:  98%|█████████▊| 110/112 [03:06<00:04,  2.22s/it]prompt_fr a=1:  99%|█████████▉| 111/112 [03:09<00:02,  2.45s/it]prompt_fr a=1: 100%|██████████| 112/112 [03:09<00:00,  1.83s/it]prompt_fr a=1: 100%|██████████| 112/112 [03:09<00:00,  1.70s/it]
prompt a=0:   0%|          | 0/112 [00:00<?, ?it/s]prompt a=0:   1%|          | 1/112 [00:00<00:50,  2.19it/s]prompt a=0:   2%|▏         | 2/112 [00:00<00:46,  2.37it/s]prompt a=0:   3%|▎         | 3/112 [00:02<01:31,  1.19it/s]prompt a=0:   4%|▎         | 4/112 [00:05<03:23,  1.89s/it]prompt a=0:   4%|▍         | 5/112 [00:09<04:23,  2.46s/it]prompt a=0:   5%|▌         | 6/112 [00:12<04:58,  2.81s/it]prompt a=0:   6%|▋         | 7/112 [00:16<05:18,  3.03s/it]prompt a=0:   7%|▋         | 8/112 [00:17<04:19,  2.50s/it]prompt a=0:   8%|▊         | 9/112 [00:20<04:48,  2.80s/it]prompt a=0:   9%|▉         | 10/112 [00:21<03:26,  2.02s/it]prompt a=0:  10%|▉         | 11/112 [00:24<04:08,  2.46s/it]prompt a=0:  11%|█         | 12/112 [00:28<04:37,  2.78s/it]prompt a=0:  12%|█▏        | 13/112 [00:31<04:56,  2.99s/it]prompt a=0:  12%|█▎        | 14/112 [00:35<05:08,  3.15s/it]prompt a=0:  13%|█▎        | 15/112 [00:35<03:41,  2.28s/it]prompt a=0:  14%|█▍        | 16/112 [00:39<04:15,  2.66s/it]prompt a=0:  15%|█▌        | 17/112 [00:42<04:37,  2.92s/it]prompt a=0:  16%|█▌        | 18/112 [00:46<04:51,  3.10s/it]prompt a=0:  17%|█▋        | 19/112 [00:49<05:00,  3.23s/it]prompt a=0:  18%|█▊        | 20/112 [00:53<05:04,  3.31s/it]prompt a=0:  19%|█▉        | 21/112 [00:56<05:06,  3.37s/it]prompt a=0:  20%|█▉        | 22/112 [00:56<03:38,  2.43s/it]prompt a=0:  21%|██        | 23/112 [01:00<04:04,  2.75s/it]prompt a=0:  21%|██▏       | 24/112 [01:00<02:56,  2.01s/it]prompt a=0:  22%|██▏       | 25/112 [01:04<03:33,  2.45s/it]prompt a=0:  23%|██▎       | 26/112 [01:07<03:57,  2.76s/it]prompt a=0:  24%|██▍       | 27/112 [01:08<02:58,  2.10s/it]prompt a=0:  25%|██▌       | 28/112 [01:08<02:09,  1.54s/it]prompt a=0:  26%|██▌       | 29/112 [01:10<02:13,  1.60s/it]prompt a=0:  27%|██▋       | 30/112 [01:13<02:57,  2.16s/it]prompt a=0:  28%|██▊       | 31/112 [01:14<02:13,  1.64s/it]prompt a=0:  29%|██▊       | 32/112 [01:17<02:55,  2.20s/it]prompt a=0:  29%|██▉       | 33/112 [01:20<03:23,  2.58s/it]prompt a=0:  30%|███       | 34/112 [01:24<03:42,  2.86s/it]prompt a=0:  31%|███▏      | 35/112 [01:27<03:54,  3.05s/it]prompt a=0:  32%|███▏      | 36/112 [01:31<04:01,  3.18s/it]prompt a=0:  33%|███▎      | 37/112 [01:32<03:07,  2.51s/it]prompt a=0:  34%|███▍      | 38/112 [01:32<02:15,  1.83s/it]prompt a=0:  35%|███▍      | 39/112 [01:36<02:50,  2.33s/it]prompt a=0:  36%|███▌      | 40/112 [01:39<03:13,  2.68s/it]prompt a=0:  37%|███▋      | 41/112 [01:42<03:24,  2.88s/it]prompt a=0:  38%|███▊      | 42/112 [01:46<03:25,  2.93s/it]prompt a=0:  38%|███▊      | 43/112 [01:46<02:26,  2.13s/it]prompt a=0:  39%|███▉      | 44/112 [01:49<02:51,  2.53s/it]prompt a=0:  40%|████      | 45/112 [01:53<03:08,  2.82s/it]prompt a=0:  41%|████      | 46/112 [01:56<03:19,  3.02s/it]prompt a=0:  42%|████▏     | 47/112 [02:00<03:24,  3.15s/it]prompt a=0:  43%|████▎     | 48/112 [02:03<03:26,  3.23s/it]prompt a=0:  44%|████▍     | 49/112 [02:06<03:16,  3.12s/it]prompt a=0:  45%|████▍     | 50/112 [02:09<03:19,  3.22s/it]prompt a=0:  46%|████▌     | 51/112 [02:11<02:37,  2.58s/it]prompt a=0:  46%|████▋     | 52/112 [02:13<02:34,  2.58s/it]prompt a=0:  47%|████▋     | 53/112 [02:17<02:48,  2.86s/it]prompt a=0:  48%|████▊     | 54/112 [02:20<02:56,  3.05s/it]prompt a=0:  49%|████▉     | 55/112 [02:20<02:06,  2.23s/it]prompt a=0:  50%|█████     | 56/112 [02:21<01:32,  1.65s/it]prompt a=0:  51%|█████     | 57/112 [02:21<01:08,  1.24s/it]prompt a=0:  52%|█████▏    | 58/112 [02:21<00:54,  1.01s/it]prompt a=0:  53%|█████▎    | 59/112 [02:24<01:19,  1.50s/it]prompt a=0:  54%|█████▎    | 60/112 [02:28<01:48,  2.09s/it]prompt a=0:  54%|█████▍    | 61/112 [02:31<02:07,  2.50s/it]prompt a=0:  55%|█████▌    | 62/112 [02:31<01:31,  1.83s/it]prompt a=0:  56%|█████▋    | 63/112 [02:32<01:19,  1.61s/it]prompt a=0:  57%|█████▋    | 64/112 [02:33<00:59,  1.25s/it]prompt a=0:  58%|█████▊    | 65/112 [02:36<01:29,  1.91s/it]prompt a=0:  59%|█████▉    | 66/112 [02:37<01:05,  1.42s/it]prompt a=0:  60%|█████▉    | 67/112 [02:40<01:31,  2.04s/it]prompt a=0:  61%|██████    | 68/112 [02:44<01:49,  2.48s/it]prompt a=0:  62%|██████▏   | 69/112 [02:44<01:18,  1.83s/it]prompt a=0:  62%|██████▎   | 70/112 [02:45<01:05,  1.56s/it]prompt a=0:  63%|██████▎   | 71/112 [02:45<00:51,  1.27s/it]prompt a=0:  64%|██████▍   | 72/112 [02:47<00:50,  1.26s/it]prompt a=0:  65%|██████▌   | 73/112 [02:47<00:38,  1.02it/s]prompt a=0:  66%|██████▌   | 74/112 [02:50<01:05,  1.73s/it]prompt a=0:  67%|██████▋   | 75/112 [02:54<01:23,  2.26s/it]prompt a=0:  68%|██████▊   | 76/112 [02:54<01:00,  1.69s/it]prompt a=0:  69%|██████▉   | 77/112 [02:56<01:03,  1.81s/it]prompt a=0:  70%|██████▉   | 78/112 [03:00<01:18,  2.32s/it]prompt a=0:  71%|███████   | 79/112 [03:03<01:28,  2.67s/it]prompt a=0:  71%|███████▏  | 80/112 [03:04<01:02,  1.94s/it]prompt a=0:  72%|███████▏  | 81/112 [03:07<01:14,  2.41s/it]prompt a=0:  73%|███████▎  | 82/112 [03:11<01:22,  2.74s/it]prompt a=0:  74%|███████▍  | 83/112 [03:11<00:59,  2.04s/it]prompt a=0:  75%|███████▌  | 84/112 [03:13<00:57,  2.07s/it]prompt a=0:  76%|███████▌  | 85/112 [03:16<01:00,  2.23s/it]prompt a=0:  77%|███████▋  | 86/112 [03:16<00:42,  1.64s/it]prompt a=0:  78%|███████▊  | 87/112 [03:16<00:31,  1.26s/it]prompt a=0:  79%|███████▊  | 88/112 [03:20<00:46,  1.92s/it]prompt a=0:  79%|███████▉  | 89/112 [03:23<00:55,  2.39s/it]prompt a=0:  80%|████████  | 90/112 [03:24<00:39,  1.79s/it]prompt a=0:  81%|████████▏ | 91/112 [03:24<00:28,  1.35s/it]prompt a=0:  82%|████████▏ | 92/112 [03:24<00:20,  1.05s/it]prompt a=0:  83%|████████▎ | 93/112 [03:25<00:15,  1.24it/s]prompt a=0:  84%|████████▍ | 94/112 [03:25<00:12,  1.39it/s]prompt a=0:  85%|████████▍ | 95/112 [03:29<00:26,  1.55s/it]prompt a=0:  86%|████████▌ | 96/112 [03:32<00:34,  2.13s/it]prompt a=0:  87%|████████▋ | 97/112 [03:33<00:24,  1.61s/it]prompt a=0:  88%|████████▊ | 98/112 [03:33<00:17,  1.22s/it]prompt a=0:  88%|████████▊ | 99/112 [03:33<00:12,  1.02it/s]prompt a=0:  89%|████████▉ | 100/112 [03:37<00:20,  1.74s/it]prompt a=0:  90%|█████████ | 101/112 [03:37<00:14,  1.32s/it]prompt a=0:  91%|█████████ | 102/112 [03:41<00:19,  1.96s/it]prompt a=0:  92%|█████████▏| 103/112 [03:44<00:21,  2.42s/it]prompt a=0:  93%|█████████▎| 104/112 [03:47<00:21,  2.73s/it]prompt a=0:  94%|█████████▍| 105/112 [03:49<00:15,  2.28s/it]prompt a=0:  95%|█████████▍| 106/112 [03:49<00:09,  1.66s/it]prompt a=0:  96%|█████████▌| 107/112 [03:51<00:09,  1.88s/it]prompt a=0:  96%|█████████▋| 108/112 [03:52<00:06,  1.52s/it]prompt a=0:  97%|█████████▋| 109/112 [03:55<00:06,  2.10s/it]prompt a=0:  98%|█████████▊| 110/112 [03:59<00:05,  2.52s/it]prompt a=0:  99%|█████████▉| 111/112 [04:02<00:02,  2.81s/it]prompt a=0: 100%|██████████| 112/112 [04:04<00:00,  2.33s/it]prompt a=0: 100%|██████████| 112/112 [04:04<00:00,  2.18s/it]
prompt a=1:   0%|          | 0/112 [00:00<?, ?it/s]prompt a=1:   1%|          | 1/112 [00:02<05:17,  2.86s/it]prompt a=1:   2%|▏         | 2/112 [00:03<02:57,  1.62s/it]prompt a=1:   3%|▎         | 3/112 [00:05<03:32,  1.95s/it]prompt a=1:   4%|▎         | 4/112 [00:09<04:36,  2.56s/it]prompt a=1:   4%|▍         | 5/112 [00:12<05:07,  2.88s/it]prompt a=1:   5%|▌         | 6/112 [00:13<03:49,  2.16s/it]prompt a=1:   6%|▋         | 7/112 [00:14<02:47,  1.60s/it]prompt a=1:   7%|▋         | 8/112 [00:14<02:06,  1.22s/it]prompt a=1:   8%|▊         | 9/112 [00:17<02:50,  1.65s/it]prompt a=1:   9%|▉         | 10/112 [00:17<02:12,  1.30s/it]prompt a=1:  10%|▉         | 11/112 [00:21<03:19,  1.97s/it]prompt a=1:  11%|█         | 12/112 [00:24<04:02,  2.43s/it]prompt a=1:  12%|█▏        | 13/112 [00:25<03:19,  2.01s/it]prompt a=1:  12%|█▎        | 14/112 [00:29<04:01,  2.46s/it]prompt a=1:  13%|█▎        | 15/112 [00:29<02:54,  1.80s/it]prompt a=1:  14%|█▍        | 16/112 [00:30<02:45,  1.72s/it]prompt a=1:  15%|█▌        | 17/112 [00:34<03:34,  2.26s/it]prompt a=1:  16%|█▌        | 18/112 [00:37<04:06,  2.62s/it]prompt a=1:  17%|█▋        | 19/112 [00:41<04:27,  2.88s/it]prompt a=1:  18%|█▊        | 20/112 [00:42<03:47,  2.48s/it]prompt a=1:  19%|█▉        | 21/112 [00:43<02:51,  1.88s/it]prompt a=1:  20%|█▉        | 22/112 [00:43<02:05,  1.39s/it]prompt a=1:  21%|██        | 23/112 [00:45<02:03,  1.39s/it]prompt a=1:  21%|██▏       | 24/112 [00:45<01:34,  1.07s/it]prompt a=1:  22%|██▏       | 25/112 [00:48<02:35,  1.79s/it]prompt a=1:  23%|██▎       | 26/112 [00:49<01:56,  1.36s/it]prompt a=1:  24%|██▍       | 27/112 [00:50<01:41,  1.20s/it]prompt a=1:  25%|██▌       | 28/112 [00:50<01:21,  1.03it/s]prompt a=1:  26%|██▌       | 29/112 [00:53<01:59,  1.44s/it]prompt a=1:  27%|██▋       | 30/112 [00:54<02:00,  1.47s/it]prompt a=1:  28%|██▊       | 31/112 [00:54<01:33,  1.15s/it]prompt a=1:  29%|██▊       | 32/112 [00:58<02:27,  1.84s/it]prompt a=1:  29%|██▉       | 33/112 [01:01<03:04,  2.34s/it]prompt a=1:  30%|███       | 34/112 [01:03<02:48,  2.16s/it]prompt a=1:  31%|███▏      | 35/112 [01:05<02:39,  2.07s/it]prompt a=1:  32%|███▏      | 36/112 [01:06<02:03,  1.63s/it]prompt a=1:  33%|███▎      | 37/112 [01:07<01:52,  1.49s/it]prompt a=1:  34%|███▍      | 38/112 [01:07<01:29,  1.20s/it]prompt a=1:  35%|███▍      | 39/112 [01:11<02:18,  1.89s/it]prompt a=1:  36%|███▌      | 40/112 [01:13<02:15,  1.88s/it]prompt a=1:  37%|███▋      | 41/112 [01:13<01:41,  1.43s/it]prompt a=1:  38%|███▊      | 42/112 [01:14<01:27,  1.25s/it]prompt a=1:  38%|███▊      | 43/112 [01:14<01:06,  1.03it/s]prompt a=1:  39%|███▉      | 44/112 [01:18<01:57,  1.73s/it]prompt a=1:  40%|████      | 45/112 [01:21<02:32,  2.27s/it]prompt a=1:  41%|████      | 46/112 [01:25<02:54,  2.64s/it]prompt a=1:  42%|████▏     | 47/112 [01:28<03:08,  2.90s/it]prompt a=1:  43%|████▎     | 48/112 [01:29<02:18,  2.17s/it]prompt a=1:  44%|████▍     | 49/112 [01:30<01:57,  1.86s/it]prompt a=1:  45%|████▍     | 50/112 [01:30<01:26,  1.40s/it]prompt a=1:  46%|████▌     | 51/112 [01:31<01:12,  1.19s/it]prompt a=1:  46%|████▋     | 52/112 [01:31<00:55,  1.09it/s]prompt a=1:  47%|████▋     | 53/112 [01:35<01:39,  1.69s/it]prompt a=1:  48%|████▊     | 54/112 [01:38<02:09,  2.24s/it]prompt a=1:  49%|████▉     | 55/112 [01:38<01:34,  1.67s/it]prompt a=1:  50%|█████     | 56/112 [01:40<01:31,  1.64s/it]prompt a=1:  51%|█████     | 57/112 [01:40<01:09,  1.26s/it]prompt a=1:  52%|█████▏    | 58/112 [01:41<00:56,  1.05s/it]prompt a=1:  53%|█████▎    | 59/112 [01:44<01:24,  1.60s/it]prompt a=1:  54%|█████▎    | 60/112 [01:47<01:52,  2.17s/it]prompt a=1:  54%|█████▍    | 61/112 [01:51<02:11,  2.57s/it]prompt a=1:  55%|█████▌    | 62/112 [01:51<01:33,  1.88s/it]prompt a=1:  56%|█████▋    | 63/112 [01:51<01:08,  1.41s/it]prompt a=1:  57%|█████▋    | 64/112 [01:52<00:56,  1.18s/it]prompt a=1:  58%|█████▊    | 65/112 [01:52<00:43,  1.08it/s]prompt a=1:  59%|█████▉    | 66/112 [01:53<00:33,  1.35it/s]prompt a=1:  60%|█████▉    | 67/112 [01:56<01:10,  1.57s/it]prompt a=1:  61%|██████    | 68/112 [02:00<01:34,  2.15s/it]prompt a=1:  62%|██████▏   | 69/112 [02:00<01:08,  1.60s/it]prompt a=1:  62%|██████▎   | 70/112 [02:01<00:54,  1.31s/it]prompt a=1:  63%|██████▎   | 71/112 [02:01<00:44,  1.08s/it]prompt a=1:  64%|██████▍   | 72/112 [02:01<00:32,  1.23it/s]prompt a=1:  65%|██████▌   | 73/112 [02:03<00:36,  1.06it/s]prompt a=1:  66%|██████▌   | 74/112 [02:06<01:04,  1.71s/it]prompt a=1:  67%|██████▋   | 75/112 [02:10<01:22,  2.24s/it]prompt a=1:  68%|██████▊   | 76/112 [02:10<01:01,  1.72s/it]prompt a=1:  69%|██████▉   | 77/112 [02:12<01:00,  1.74s/it]prompt a=1:  70%|██████▉   | 78/112 [02:14<00:57,  1.70s/it]prompt a=1:  71%|███████   | 79/112 [02:17<01:13,  2.24s/it]prompt a=1:  71%|███████▏  | 80/112 [02:17<00:52,  1.65s/it]prompt a=1:  72%|███████▏  | 81/112 [02:21<01:08,  2.20s/it]prompt a=1:  73%|███████▎  | 82/112 [02:23<01:05,  2.19s/it]prompt a=1:  74%|███████▍  | 83/112 [02:24<00:55,  1.92s/it]prompt a=1:  75%|███████▌  | 84/112 [02:26<00:55,  1.98s/it]prompt a=1:  76%|███████▌  | 85/112 [02:27<00:41,  1.52s/it]prompt a=1:  77%|███████▋  | 86/112 [02:27<00:29,  1.12s/it]prompt a=1:  78%|███████▊  | 87/112 [02:27<00:22,  1.11it/s]prompt a=1:  79%|███████▊  | 88/112 [02:31<00:40,  1.68s/it]prompt a=1:  79%|███████▉  | 89/112 [02:34<00:50,  2.21s/it]prompt a=1:  80%|████████  | 90/112 [02:35<00:37,  1.71s/it]prompt a=1:  81%|████████▏ | 91/112 [02:35<00:27,  1.29s/it]prompt a=1:  82%|████████▏ | 92/112 [02:36<00:20,  1.02s/it]prompt a=1:  83%|████████▎ | 93/112 [02:36<00:15,  1.26it/s]prompt a=1:  84%|████████▍ | 94/112 [02:36<00:11,  1.52it/s]prompt a=1:  85%|████████▍ | 95/112 [02:40<00:25,  1.50s/it]prompt a=1:  86%|████████▌ | 96/112 [02:43<00:33,  2.08s/it]prompt a=1:  87%|████████▋ | 97/112 [02:44<00:23,  1.60s/it]prompt a=1:  88%|████████▊ | 98/112 [02:44<00:17,  1.26s/it]prompt a=1:  88%|████████▊ | 99/112 [02:45<00:13,  1.02s/it]prompt a=1:  89%|████████▉ | 100/112 [02:45<00:09,  1.24it/s]prompt a=1:  90%|█████████ | 101/112 [02:45<00:07,  1.41it/s]prompt a=1:  91%|█████████ | 102/112 [02:49<00:15,  1.54s/it]prompt a=1:  92%|█████████▏| 103/112 [02:52<00:19,  2.13s/it]prompt a=1:  93%|█████████▎| 104/112 [02:54<00:14,  1.86s/it]prompt a=1:  94%|█████████▍| 105/112 [02:54<00:10,  1.45s/it]prompt a=1:  95%|█████████▍| 106/112 [02:54<00:06,  1.10s/it]prompt a=1:  96%|█████████▌| 107/112 [02:55<00:04,  1.10it/s]prompt a=1:  96%|█████████▋| 108/112 [02:55<00:03,  1.33it/s]prompt a=1:  97%|█████████▋| 109/112 [02:59<00:04,  1.57s/it]prompt a=1:  98%|█████████▊| 110/112 [03:02<00:04,  2.15s/it]prompt a=1:  99%|█████████▉| 111/112 [03:04<00:02,  2.19s/it]prompt a=1: 100%|██████████| 112/112 [03:05<00:00,  1.73s/it]prompt a=1: 100%|██████████| 112/112 [03:05<00:00,  1.66s/it]

============================================================================================================================================
condicion              n    fr    en    es    de    it    pt  unk  is_fr  st_fr   acc  cambio  largo  ce_fr_h  ce_en_h  leak
--------------------------------------------------------------------------------------------------------------------------------------------
prompt_es a=0        112  0.00  0.00  0.96  0.00  0.00  0.00 0.04   0.00   0.32  0.70     nan  277.3    5.887    3.718  0.00
prompt_es a=1        112  0.00  0.00  0.00  0.99  0.00  0.00 0.01   0.00   0.00  0.65    1.00  246.6    1.222    4.229  0.00
prompt_fr a=0        112  0.99  0.00  0.00  0.00  0.00  0.00 0.01   0.99   0.90  0.71     nan  297.4    5.081    3.620  0.00
prompt_fr a=1        112  0.03  0.00  0.00  0.97  0.00  0.00 0.00   0.03   0.04  0.61    1.00  250.6    1.341    4.237  0.00
prompt a=0           112  0.00  1.00  0.00  0.00  0.00  0.00 0.00   0.00   0.00  0.96     nan  423.9    5.264    0.191  0.00
prompt a=1           112  0.00  0.03  0.00  0.96  0.00  0.00 0.01   0.00   0.00  0.76    1.00  249.9    0.722    2.877  0.00
============================================================================================================================================

celda target: de
condicion             celda_ok    tgt  mayus
prompt_es a=0             0.00   0.00   0.00
prompt_es a=1             0.99   0.99   0.00
prompt_fr a=0             0.00   0.00   0.00
prompt_fr a=1             0.97   0.97   0.00
prompt a=0                0.00   0.00   0.00
prompt a=1                0.96   0.96   0.00
ce_fr_h es la CE del head del target de ESTA celda (columna `output` del CSV), no de frances.
fr/en/es/de/it/pt/unk: fraccion de salidas por idioma (language_verdict). cambio: salida != a=0.
ce_*_h: CE del head del target frances / del baseline ingles bajo esa condicion.

Guardado: algebra/runs/v8/alg_de/cross_lang_idioma.json
`torch_dtype` is deprecated! Use `dtype` instead!
Loading checkpoint shards:   0%|          | 0/2 [00:00<?, ?it/s]Loading checkpoint shards:  50%|█████     | 1/2 [00:01<00:01,  1.03s/it]Loading checkpoint shards: 100%|██████████| 2/2 [00:01<00:00,  1.64it/s]Loading checkpoint shards: 100%|██████████| 2/2 [00:01<00:00,  1.49it/s]
parche algebra/runs/v8/alg_de/lang_patch_best_train.pt  norma 0.9638  |  tail held-out 112 (idx 588..699)
preset=romance  condiciones=['prompt_it a=0', 'prompt_it a=1', 'prompt_pt a=0', 'prompt_pt a=1']
prompt_it a=0:   0%|          | 0/112 [00:00<?, ?it/s][lang_id] GlotLID: /mnt/custom-file-systems/efs/fs-0ded2930a619aa967_fsap-0faa05c681ed1a8f3/papers/LLMAtaquesContinuos/modelos/glotlid/model.bin
prompt_it a=0:   1%|          | 1/112 [00:01<03:25,  1.85s/it]prompt_it a=0:   2%|▏         | 2/112 [00:02<02:00,  1.09s/it]prompt_it a=0:   3%|▎         | 3/112 [00:03<01:42,  1.06it/s]prompt_it a=0:   4%|▎         | 4/112 [00:06<03:26,  1.91s/it]prompt_it a=0:   4%|▍         | 5/112 [00:07<02:55,  1.64s/it]prompt_it a=0:   5%|▌         | 6/112 [00:11<03:57,  2.24s/it]prompt_it a=0:   6%|▋         | 7/112 [00:14<04:35,  2.63s/it]prompt_it a=0:   7%|▋         | 8/112 [00:15<03:22,  1.95s/it]prompt_it a=0:   8%|▊         | 9/112 [00:17<03:24,  1.99s/it]prompt_it a=0:   9%|▉         | 10/112 [00:17<02:26,  1.44s/it]prompt_it a=0:  10%|▉         | 11/112 [00:20<03:26,  2.04s/it]prompt_it a=0:  11%|█         | 12/112 [00:24<04:06,  2.46s/it]prompt_it a=0:  12%|█▏        | 13/112 [00:27<04:33,  2.76s/it]prompt_it a=0:  12%|█▎        | 14/112 [00:31<04:51,  2.97s/it]prompt_it a=0:  13%|█▎        | 15/112 [00:31<03:24,  2.11s/it]prompt_it a=0:  14%|█▍        | 16/112 [00:32<02:53,  1.80s/it]prompt_it a=0:  15%|█▌        | 17/112 [00:32<02:12,  1.40s/it]prompt_it a=0:  16%|█▌        | 18/112 [00:36<03:09,  2.02s/it]prompt_it a=0:  17%|█▋        | 19/112 [00:39<03:48,  2.45s/it]prompt_it a=0:  18%|█▊        | 20/112 [00:43<04:13,  2.76s/it]prompt_it a=0:  19%|█▉        | 21/112 [00:43<03:16,  2.16s/it]prompt_it a=0:  20%|█▉        | 22/112 [00:44<02:23,  1.60s/it]prompt_it a=0:  21%|██        | 23/112 [00:45<02:01,  1.36s/it]prompt_it a=0:  21%|██▏       | 24/112 [00:45<01:33,  1.06s/it]prompt_it a=0:  22%|██▏       | 25/112 [00:48<02:35,  1.79s/it]prompt_it a=0:  23%|██▎       | 26/112 [00:52<03:17,  2.29s/it]prompt_it a=0:  24%|██▍       | 27/112 [00:55<03:43,  2.63s/it]prompt_it a=0:  25%|██▌       | 28/112 [00:59<04:00,  2.87s/it]prompt_it a=0:  26%|██▌       | 29/112 [00:59<03:00,  2.17s/it]prompt_it a=0:  27%|██▋       | 30/112 [01:00<02:36,  1.90s/it]prompt_it a=0:  28%|██▊       | 31/112 [01:01<01:56,  1.43s/it]prompt_it a=0:  29%|██▊       | 32/112 [01:02<01:36,  1.21s/it]prompt_it a=0:  29%|██▉       | 33/112 [01:05<02:28,  1.88s/it]prompt_it a=0:  30%|███       | 34/112 [01:08<03:02,  2.34s/it]prompt_it a=0:  31%|███▏      | 35/112 [01:09<02:18,  1.81s/it]prompt_it a=0:  32%|███▏      | 36/112 [01:09<01:48,  1.43s/it]prompt_it a=0:  33%|███▎      | 37/112 [01:10<01:27,  1.17s/it]prompt_it a=0:  34%|███▍      | 38/112 [01:10<01:08,  1.08it/s]prompt_it a=0:  35%|███▍      | 39/112 [01:14<02:02,  1.68s/it]prompt_it a=0:  36%|███▌      | 40/112 [01:17<02:38,  2.21s/it]prompt_it a=0:  37%|███▋      | 41/112 [01:18<01:59,  1.69s/it]prompt_it a=0:  38%|███▊      | 42/112 [01:21<02:34,  2.21s/it]prompt_it a=0:  38%|███▊      | 43/112 [01:21<01:49,  1.58s/it]prompt_it a=0:  39%|███▉      | 44/112 [01:22<01:26,  1.27s/it]prompt_it a=0:  40%|████      | 45/112 [01:22<01:06,  1.00it/s]prompt_it a=0:  41%|████      | 46/112 [01:26<01:54,  1.73s/it]prompt_it a=0:  42%|████▏     | 47/112 [01:29<02:25,  2.24s/it]prompt_it a=0:  43%|████▎     | 48/112 [01:33<02:46,  2.61s/it]prompt_it a=0:  44%|████▍     | 49/112 [01:33<02:07,  2.03s/it]prompt_it a=0:  45%|████▍     | 50/112 [01:34<01:38,  1.58s/it]prompt_it a=0:  46%|████▌     | 51/112 [01:35<01:21,  1.34s/it]prompt_it a=0:  46%|████▋     | 52/112 [01:35<01:03,  1.05s/it]prompt_it a=0:  47%|████▋     | 53/112 [01:38<01:44,  1.76s/it]prompt_it a=0:  48%|████▊     | 54/112 [01:39<01:27,  1.51s/it]prompt_it a=0:  49%|████▉     | 55/112 [01:40<01:05,  1.15s/it]prompt_it a=0:  50%|█████     | 56/112 [01:40<00:49,  1.14it/s]prompt_it a=0:  51%|█████     | 57/112 [01:40<00:40,  1.37it/s]prompt_it a=0:  52%|█████▏    | 58/112 [01:41<00:35,  1.53it/s]prompt_it a=0:  53%|█████▎    | 59/112 [01:41<00:34,  1.53it/s]prompt_it a=0:  54%|█████▎    | 60/112 [01:45<01:17,  1.49s/it]prompt_it a=0:  54%|█████▍    | 61/112 [01:48<01:45,  2.07s/it]prompt_it a=0:  55%|█████▌    | 62/112 [01:48<01:16,  1.53s/it]prompt_it a=0:  56%|█████▋    | 63/112 [01:50<01:17,  1.57s/it]prompt_it a=0:  57%|█████▋    | 64/112 [01:51<01:00,  1.26s/it]prompt_it a=0:  58%|█████▊    | 65/112 [01:51<00:49,  1.05s/it]prompt_it a=0:  59%|█████▉    | 66/112 [01:51<00:37,  1.22it/s]prompt_it a=0:  60%|█████▉    | 67/112 [01:55<01:12,  1.61s/it]prompt_it a=0:  61%|██████    | 68/112 [01:58<01:35,  2.16s/it]prompt_it a=0:  62%|██████▏   | 69/112 [01:59<01:09,  1.61s/it]prompt_it a=0:  62%|██████▎   | 70/112 [01:59<00:54,  1.29s/it]prompt_it a=0:  63%|██████▎   | 71/112 [02:03<01:18,  1.93s/it]prompt_it a=0:  64%|██████▍   | 72/112 [02:03<00:59,  1.50s/it]prompt_it a=0:  65%|██████▌   | 73/112 [02:04<00:51,  1.33s/it]prompt_it a=0:  66%|██████▌   | 74/112 [02:08<01:14,  1.97s/it]prompt_it a=0:  67%|██████▋   | 75/112 [02:11<01:29,  2.41s/it]prompt_it a=0:  68%|██████▊   | 76/112 [02:11<01:05,  1.83s/it]prompt_it a=0:  69%|██████▉   | 77/112 [02:12<00:48,  1.39s/it]prompt_it a=0:  70%|██████▉   | 78/112 [02:12<00:39,  1.15s/it]prompt_it a=0:  71%|███████   | 79/112 [02:13<00:32,  1.03it/s]prompt_it a=0:  71%|███████▏  | 80/112 [02:13<00:25,  1.27it/s]prompt_it a=0:  72%|███████▏  | 81/112 [02:17<00:49,  1.59s/it]prompt_it a=0:  73%|███████▎  | 82/112 [02:18<00:48,  1.62s/it]prompt_it a=0:  74%|███████▍  | 83/112 [02:19<00:37,  1.29s/it]prompt_it a=0:  75%|███████▌  | 84/112 [02:19<00:27,  1.00it/s]prompt_it a=0:  76%|███████▌  | 85/112 [02:20<00:22,  1.18it/s]prompt_it a=0:  77%|███████▋  | 86/112 [02:20<00:19,  1.35it/s]prompt_it a=0:  78%|███████▊  | 87/112 [02:21<00:15,  1.58it/s]prompt_it a=0:  79%|███████▊  | 88/112 [02:24<00:35,  1.47s/it]prompt_it a=0:  79%|███████▉  | 89/112 [02:28<00:47,  2.05s/it]prompt_it a=0:  80%|████████  | 90/112 [02:28<00:34,  1.59s/it]prompt_it a=0:  81%|████████▏ | 91/112 [02:28<00:25,  1.23s/it]prompt_it a=0:  82%|████████▏ | 92/112 [02:29<00:20,  1.02s/it]prompt_it a=0:  83%|████████▎ | 93/112 [02:29<00:15,  1.22it/s]prompt_it a=0:  84%|████████▍ | 94/112 [02:30<00:12,  1.50it/s]prompt_it a=0:  85%|████████▍ | 95/112 [02:33<00:25,  1.50s/it]prompt_it a=0:  86%|████████▌ | 96/112 [02:36<00:33,  2.08s/it]prompt_it a=0:  87%|████████▋ | 97/112 [02:37<00:23,  1.60s/it]prompt_it a=0:  88%|████████▊ | 98/112 [02:37<00:16,  1.21s/it]prompt_it a=0:  88%|████████▊ | 99/112 [02:38<00:12,  1.03it/s]prompt_it a=0:  89%|████████▉ | 100/112 [02:38<00:09,  1.25it/s]prompt_it a=0:  90%|█████████ | 101/112 [02:38<00:07,  1.54it/s]prompt_it a=0:  91%|█████████ | 102/112 [02:42<00:14,  1.48s/it]prompt_it a=0:  92%|█████████▏| 103/112 [02:45<00:18,  2.07s/it]prompt_it a=0:  93%|█████████▎| 104/112 [02:49<00:19,  2.48s/it]prompt_it a=0:  94%|█████████▍| 105/112 [02:52<00:19,  2.76s/it]prompt_it a=0:  95%|█████████▍| 106/112 [02:52<00:12,  2.03s/it]prompt_it a=0:  96%|█████████▌| 107/112 [02:53<00:07,  1.54s/it]prompt_it a=0:  96%|█████████▋| 108/112 [02:53<00:04,  1.23s/it]prompt_it a=0:  97%|█████████▋| 109/112 [02:57<00:05,  1.88s/it]prompt_it a=0:  98%|█████████▊| 110/112 [03:00<00:04,  2.35s/it]prompt_it a=0:  99%|█████████▉| 111/112 [03:04<00:02,  2.69s/it]prompt_it a=0: 100%|██████████| 112/112 [03:05<00:00,  2.24s/it]prompt_it a=0: 100%|██████████| 112/112 [03:05<00:00,  1.65s/it]
prompt_it a=1:   0%|          | 0/112 [00:00<?, ?it/s]prompt_it a=1:   1%|          | 1/112 [00:00<01:12,  1.52it/s]prompt_it a=1:   2%|▏         | 2/112 [00:01<01:06,  1.65it/s]prompt_it a=1:   3%|▎         | 3/112 [00:04<03:26,  1.90s/it]prompt_it a=1:   4%|▎         | 4/112 [00:08<04:31,  2.52s/it]prompt_it a=1:   4%|▍         | 5/112 [00:11<05:04,  2.84s/it]prompt_it a=1:   5%|▌         | 6/112 [00:12<04:08,  2.35s/it]prompt_it a=1:   6%|▋         | 7/112 [00:16<04:43,  2.70s/it]prompt_it a=1:   7%|▋         | 8/112 [00:16<03:24,  1.97s/it]prompt_it a=1:   8%|▊         | 9/112 [00:20<04:09,  2.43s/it]prompt_it a=1:   9%|▉         | 10/112 [00:20<03:08,  1.84s/it]prompt_it a=1:  10%|▉         | 11/112 [00:24<03:55,  2.33s/it]prompt_it a=1:  11%|█         | 12/112 [00:26<03:51,  2.31s/it]prompt_it a=1:  12%|█▏        | 13/112 [00:26<02:49,  1.71s/it]prompt_it a=1:  12%|█▎        | 14/112 [00:27<02:19,  1.42s/it]prompt_it a=1:  13%|█▎        | 15/112 [00:27<01:44,  1.08s/it]prompt_it a=1:  14%|█▍        | 16/112 [00:28<01:31,  1.04it/s]prompt_it a=1:  15%|█▌        | 17/112 [00:31<02:42,  1.71s/it]prompt_it a=1:  16%|█▌        | 18/112 [00:35<03:29,  2.23s/it]prompt_it a=1:  17%|█▋        | 19/112 [00:38<04:01,  2.60s/it]prompt_it a=1:  18%|█▊        | 20/112 [00:42<04:21,  2.85s/it]prompt_it a=1:  19%|█▉        | 21/112 [00:42<03:17,  2.17s/it]prompt_it a=1:  20%|█▉        | 22/112 [00:43<02:23,  1.60s/it]prompt_it a=1:  21%|██        | 23/112 [00:43<01:54,  1.29s/it]prompt_it a=1:  21%|██▏       | 24/112 [00:44<01:30,  1.03s/it]prompt_it a=1:  22%|██▏       | 25/112 [00:47<02:31,  1.75s/it]prompt_it a=1:  23%|██▎       | 26/112 [00:48<01:58,  1.38s/it]prompt_it a=1:  24%|██▍       | 27/112 [00:51<02:49,  2.00s/it]prompt_it a=1:  25%|██▌       | 28/112 [00:54<03:24,  2.43s/it]prompt_it a=1:  26%|██▌       | 29/112 [00:55<02:30,  1.82s/it]prompt_it a=1:  27%|██▋       | 30/112 [00:55<01:51,  1.36s/it]prompt_it a=1:  28%|██▊       | 31/112 [00:55<01:26,  1.07s/it]prompt_it a=1:  29%|██▊       | 32/112 [00:56<01:13,  1.08it/s]prompt_it a=1:  29%|██▉       | 33/112 [00:57<01:15,  1.05it/s]prompt_it a=1:  30%|███       | 34/112 [00:58<01:07,  1.16it/s]prompt_it a=1:  31%|███▏      | 35/112 [01:00<01:35,  1.24s/it]prompt_it a=1:  32%|███▏      | 36/112 [01:01<01:21,  1.07s/it]prompt_it a=1:  33%|███▎      | 37/112 [01:04<02:13,  1.78s/it]prompt_it a=1:  34%|███▍      | 38/112 [01:04<01:40,  1.36s/it]prompt_it a=1:  35%|███▍      | 39/112 [01:05<01:24,  1.15s/it]prompt_it a=1:  36%|███▌      | 40/112 [01:07<01:33,  1.30s/it]prompt_it a=1:  37%|███▋      | 41/112 [01:08<01:35,  1.35s/it]prompt_it a=1:  38%|███▊      | 42/112 [01:10<01:45,  1.51s/it]prompt_it a=1:  38%|███▊      | 43/112 [01:10<01:19,  1.15s/it]prompt_it a=1:  39%|███▉      | 44/112 [01:12<01:20,  1.18s/it]prompt_it a=1:  40%|████      | 45/112 [01:12<01:03,  1.05it/s]prompt_it a=1:  41%|████      | 46/112 [01:15<01:52,  1.70s/it]prompt_it a=1:  42%|████▏     | 47/112 [01:19<02:25,  2.23s/it]prompt_it a=1:  43%|████▎     | 48/112 [01:19<01:47,  1.69s/it]prompt_it a=1:  44%|████▍     | 49/112 [01:22<02:12,  2.10s/it]prompt_it a=1:  45%|████▍     | 50/112 [01:23<01:37,  1.58s/it]prompt_it a=1:  46%|████▌     | 51/112 [01:23<01:18,  1.29s/it]prompt_it a=1:  46%|████▋     | 52/112 [01:26<01:41,  1.69s/it]prompt_it a=1:  47%|████▋     | 53/112 [01:28<01:50,  1.87s/it]prompt_it a=1:  48%|████▊     | 54/112 [01:32<02:16,  2.35s/it]prompt_it a=1:  49%|████▉     | 55/112 [01:32<01:38,  1.74s/it]prompt_it a=1:  50%|█████     | 56/112 [01:32<01:11,  1.29s/it]prompt_it a=1:  51%|█████     | 57/112 [01:33<00:54,  1.02it/s]prompt_it a=1:  52%|█████▏    | 58/112 [01:33<00:44,  1.22it/s]prompt_it a=1:  53%|█████▎    | 59/112 [01:34<00:41,  1.29it/s]prompt_it a=1:  54%|█████▎    | 60/112 [01:37<01:22,  1.58s/it]prompt_it a=1:  54%|█████▍    | 61/112 [01:41<01:49,  2.15s/it]prompt_it a=1:  55%|█████▌    | 62/112 [01:41<01:19,  1.58s/it]prompt_it a=1:  56%|█████▋    | 63/112 [01:41<00:58,  1.19s/it]prompt_it a=1:  57%|█████▋    | 64/112 [01:42<00:47,  1.00it/s]prompt_it a=1:  58%|█████▊    | 65/112 [01:42<00:43,  1.09it/s]prompt_it a=1:  59%|█████▉    | 66/112 [01:43<00:33,  1.37it/s]prompt_it a=1:  60%|█████▉    | 67/112 [01:46<01:09,  1.56s/it]prompt_it a=1:  61%|██████    | 68/112 [01:50<01:33,  2.13s/it]prompt_it a=1:  62%|██████▏   | 69/112 [01:50<01:08,  1.60s/it]prompt_it a=1:  62%|██████▎   | 70/112 [01:53<01:19,  1.90s/it]prompt_it a=1:  63%|██████▎   | 71/112 [01:56<01:37,  2.37s/it]prompt_it a=1:  64%|██████▍   | 72/112 [01:56<01:10,  1.76s/it]prompt_it a=1:  65%|██████▌   | 73/112 [01:58<01:04,  1.65s/it]prompt_it a=1:  66%|██████▌   | 74/112 [02:01<01:23,  2.20s/it]prompt_it a=1:  67%|██████▋   | 75/112 [02:05<01:35,  2.59s/it]prompt_it a=1:  68%|██████▊   | 76/112 [02:07<01:31,  2.55s/it]prompt_it a=1:  69%|██████▉   | 77/112 [02:11<01:38,  2.83s/it]prompt_it a=1:  70%|██████▉   | 78/112 [02:12<01:16,  2.24s/it]prompt_it a=1:  71%|███████   | 79/112 [02:15<01:25,  2.60s/it]prompt_it a=1:  71%|███████▏  | 80/112 [02:15<01:01,  1.91s/it]prompt_it a=1:  72%|███████▏  | 81/112 [02:19<01:13,  2.37s/it]prompt_it a=1:  73%|███████▎  | 82/112 [02:19<00:53,  1.78s/it]prompt_it a=1:  74%|███████▍  | 83/112 [02:23<01:06,  2.28s/it]prompt_it a=1:  75%|███████▌  | 84/112 [02:24<00:59,  2.11s/it]prompt_it a=1:  76%|███████▌  | 85/112 [02:25<00:43,  1.61s/it]prompt_it a=1:  77%|███████▋  | 86/112 [02:25<00:31,  1.22s/it]prompt_it a=1:  78%|███████▊  | 87/112 [02:26<00:24,  1.03it/s]prompt_it a=1:  79%|███████▊  | 88/112 [02:29<00:40,  1.71s/it]prompt_it a=1:  79%|███████▉  | 89/112 [02:29<00:29,  1.28s/it]prompt_it a=1:  80%|████████  | 90/112 [02:33<00:42,  1.93s/it]prompt_it a=1:  81%|████████▏ | 91/112 [02:33<00:29,  1.42s/it]prompt_it a=1:  82%|████████▏ | 92/112 [02:36<00:40,  2.02s/it]prompt_it a=1:  83%|████████▎ | 93/112 [02:37<00:29,  1.55s/it]prompt_it a=1:  84%|████████▍ | 94/112 [02:37<00:21,  1.19s/it]prompt_it a=1:  85%|████████▍ | 95/112 [02:41<00:31,  1.86s/it]prompt_it a=1:  86%|████████▌ | 96/112 [02:41<00:22,  1.39s/it]prompt_it a=1:  87%|████████▋ | 97/112 [02:43<00:26,  1.75s/it]prompt_it a=1:  88%|████████▊ | 98/112 [02:45<00:23,  1.65s/it]prompt_it a=1:  88%|████████▊ | 99/112 [02:45<00:16,  1.30s/it]prompt_it a=1:  89%|████████▉ | 100/112 [02:49<00:23,  1.94s/it]prompt_it a=1:  90%|█████████ | 101/112 [02:52<00:26,  2.39s/it]prompt_it a=1:  91%|█████████ | 102/112 [02:55<00:25,  2.57s/it]prompt_it a=1:  92%|█████████▏| 103/112 [02:59<00:25,  2.83s/it]prompt_it a=1:  93%|█████████▎| 104/112 [03:00<00:18,  2.29s/it]prompt_it a=1:  94%|█████████▍| 105/112 [03:00<00:12,  1.71s/it]prompt_it a=1:  95%|█████████▍| 106/112 [03:00<00:07,  1.28s/it]prompt_it a=1:  96%|█████████▌| 107/112 [03:01<00:05,  1.06s/it]prompt_it a=1:  96%|█████████▋| 108/112 [03:02<00:03,  1.05it/s]prompt_it a=1:  97%|█████████▋| 109/112 [03:04<00:04,  1.35s/it]prompt_it a=1:  98%|█████████▊| 110/112 [03:07<00:03,  1.97s/it]prompt_it a=1:  99%|█████████▉| 111/112 [03:08<00:01,  1.60s/it]prompt_it a=1: 100%|██████████| 112/112 [03:09<00:00,  1.26s/it]prompt_it a=1: 100%|██████████| 112/112 [03:09<00:00,  1.69s/it]
prompt_pt a=0:   0%|          | 0/112 [00:00<?, ?it/s]prompt_pt a=0:   1%|          | 1/112 [00:00<01:04,  1.72it/s]prompt_pt a=0:   2%|▏         | 2/112 [00:01<00:55,  1.98it/s]prompt_pt a=0:   3%|▎         | 3/112 [00:01<01:07,  1.61it/s]prompt_pt a=0:   4%|▎         | 4/112 [00:05<03:07,  1.74s/it]prompt_pt a=0:   4%|▍         | 5/112 [00:08<04:11,  2.35s/it]prompt_pt a=0:   5%|▌         | 6/112 [00:09<03:27,  1.95s/it]prompt_pt a=0:   6%|▋         | 7/112 [00:10<02:23,  1.37s/it]prompt_pt a=0:   7%|▋         | 8/112 [00:10<01:42,  1.02it/s]prompt_pt a=0:   8%|▊         | 9/112 [00:13<02:41,  1.57s/it]prompt_pt a=0:   9%|▉         | 10/112 [00:13<01:56,  1.14s/it]prompt_pt a=0:  10%|▉         | 11/112 [00:16<03:06,  1.85s/it]prompt_pt a=0:  11%|█         | 12/112 [00:20<03:53,  2.33s/it]prompt_pt a=0:  12%|█▏        | 13/112 [00:20<02:57,  1.79s/it]prompt_pt a=0:  12%|█▎        | 14/112 [00:21<02:20,  1.43s/it]prompt_pt a=0:  13%|█▎        | 15/112 [00:21<01:41,  1.04s/it]prompt_pt a=0:  14%|█▍        | 16/112 [00:21<01:19,  1.21it/s]prompt_pt a=0:  15%|█▌        | 17/112 [00:25<02:32,  1.60s/it]prompt_pt a=0:  16%|█▌        | 18/112 [00:28<03:22,  2.16s/it]prompt_pt a=0:  17%|█▋        | 19/112 [00:32<03:56,  2.54s/it]prompt_pt a=0:  18%|█▊        | 20/112 [00:35<04:18,  2.80s/it]prompt_pt a=0:  19%|█▉        | 21/112 [00:35<03:03,  2.01s/it]prompt_pt a=0:  20%|█▉        | 22/112 [00:35<02:09,  1.44s/it]prompt_pt a=0:  21%|██        | 23/112 [00:36<01:53,  1.27s/it]prompt_pt a=0:  21%|██▏       | 24/112 [00:36<01:28,  1.01s/it]prompt_pt a=0:  22%|██▏       | 25/112 [00:40<02:31,  1.74s/it]prompt_pt a=0:  23%|██▎       | 26/112 [00:40<01:57,  1.36s/it]prompt_pt a=0:  24%|██▍       | 27/112 [00:43<02:25,  1.71s/it]prompt_pt a=0:  25%|██▌       | 28/112 [00:44<01:57,  1.39s/it]prompt_pt a=0:  26%|██▌       | 29/112 [00:44<01:29,  1.08s/it]prompt_pt a=0:  27%|██▋       | 30/112 [00:44<01:13,  1.11it/s]prompt_pt a=0:  28%|██▊       | 31/112 [00:45<01:00,  1.33it/s]prompt_pt a=0:  29%|██▊       | 32/112 [00:48<02:04,  1.56s/it]prompt_pt a=0:  29%|██▉       | 33/112 [00:52<02:47,  2.12s/it]prompt_pt a=0:  30%|███       | 34/112 [00:55<03:16,  2.53s/it]prompt_pt a=0:  31%|███▏      | 35/112 [00:56<02:29,  1.95s/it]prompt_pt a=0:  32%|███▏      | 36/112 [00:57<02:00,  1.59s/it]prompt_pt a=0:  33%|███▎      | 37/112 [01:00<02:42,  2.16s/it]prompt_pt a=0:  34%|███▍      | 38/112 [01:00<01:55,  1.56s/it]prompt_pt a=0:  35%|███▍      | 39/112 [01:04<02:35,  2.13s/it]prompt_pt a=0:  36%|███▌      | 40/112 [01:07<03:01,  2.52s/it]prompt_pt a=0:  37%|███▋      | 41/112 [01:08<02:34,  2.17s/it]prompt_pt a=0:  38%|███▊      | 42/112 [01:09<01:52,  1.61s/it]prompt_pt a=0:  38%|███▊      | 43/112 [01:09<01:20,  1.17s/it]prompt_pt a=0:  39%|███▉      | 44/112 [01:11<01:42,  1.50s/it]prompt_pt a=0:  40%|████      | 45/112 [01:13<01:40,  1.50s/it]prompt_pt a=0:  41%|████      | 46/112 [01:16<02:16,  2.07s/it]prompt_pt a=0:  42%|████▏     | 47/112 [01:19<02:41,  2.48s/it]prompt_pt a=0:  43%|████▎     | 48/112 [01:23<02:57,  2.77s/it]prompt_pt a=0:  44%|████▍     | 49/112 [01:23<02:11,  2.08s/it]prompt_pt a=0:  45%|████▍     | 50/112 [01:24<01:38,  1.59s/it]prompt_pt a=0:  46%|████▌     | 51/112 [01:24<01:16,  1.26s/it]prompt_pt a=0:  46%|████▋     | 52/112 [01:25<01:00,  1.01s/it]prompt_pt a=0:  47%|████▋     | 53/112 [01:28<01:42,  1.75s/it]prompt_pt a=0:  48%|████▊     | 54/112 [01:32<02:10,  2.26s/it]prompt_pt a=0:  49%|████▉     | 55/112 [01:32<01:35,  1.68s/it]prompt_pt a=0:  50%|█████     | 56/112 [01:32<01:09,  1.25s/it]prompt_pt a=0:  51%|█████     | 57/112 [01:33<00:54,  1.00it/s]prompt_pt a=0:  52%|█████▏    | 58/112 [01:33<00:45,  1.18it/s]prompt_pt a=0:  53%|█████▎    | 59/112 [01:34<00:41,  1.27it/s]prompt_pt a=0:  54%|█████▎    | 60/112 [01:37<01:23,  1.60s/it]prompt_pt a=0:  54%|█████▍    | 61/112 [01:41<01:50,  2.16s/it]prompt_pt a=0:  55%|█████▌    | 62/112 [01:41<01:20,  1.61s/it]prompt_pt a=0:  56%|█████▋    | 63/112 [01:41<00:59,  1.21s/it]prompt_pt a=0:  57%|█████▋    | 64/112 [01:42<00:43,  1.11it/s]prompt_pt a=0:  58%|█████▊    | 65/112 [01:42<00:32,  1.44it/s]prompt_pt a=0:  59%|█████▉    | 66/112 [01:42<00:26,  1.76it/s]prompt_pt a=0:  60%|█████▉    | 67/112 [01:45<01:04,  1.44s/it]prompt_pt a=0:  61%|██████    | 68/112 [01:49<01:30,  2.05s/it]prompt_pt a=0:  62%|██████▏   | 69/112 [01:50<01:09,  1.61s/it]prompt_pt a=0:  62%|██████▎   | 70/112 [01:50<00:53,  1.27s/it]prompt_pt a=0:  63%|██████▎   | 71/112 [01:51<00:42,  1.03s/it]prompt_pt a=0:  64%|██████▍   | 72/112 [01:51<00:30,  1.31it/s]prompt_pt a=0:  65%|██████▌   | 73/112 [01:51<00:22,  1.70it/s]prompt_pt a=0:  66%|██████▌   | 74/112 [01:54<00:55,  1.46s/it]prompt_pt a=0:  67%|██████▋   | 75/112 [01:58<01:16,  2.07s/it]prompt_pt a=0:  68%|██████▊   | 76/112 [01:58<00:57,  1.60s/it]prompt_pt a=0:  69%|██████▉   | 77/112 [02:02<01:15,  2.16s/it]prompt_pt a=0:  70%|██████▉   | 78/112 [02:03<00:59,  1.76s/it]prompt_pt a=0:  71%|███████   | 79/112 [02:03<00:46,  1.40s/it]prompt_pt a=0:  71%|███████▏  | 80/112 [02:03<00:34,  1.07s/it]prompt_pt a=0:  72%|███████▏  | 81/112 [02:07<00:55,  1.79s/it]prompt_pt a=0:  73%|███████▎  | 82/112 [02:08<00:43,  1.43s/it]prompt_pt a=0:  74%|███████▍  | 83/112 [02:08<00:36,  1.27s/it]prompt_pt a=0:  75%|███████▌  | 84/112 [02:09<00:26,  1.07it/s]prompt_pt a=0:  76%|███████▌  | 85/112 [02:09<00:20,  1.30it/s]prompt_pt a=0:  77%|███████▋  | 86/112 [02:09<00:15,  1.69it/s]prompt_pt a=0:  78%|███████▊  | 87/112 [02:09<00:11,  2.10it/s]prompt_pt a=0:  79%|███████▊  | 88/112 [02:13<00:32,  1.37s/it]prompt_pt a=0:  79%|███████▉  | 89/112 [02:16<00:45,  2.00s/it]prompt_pt a=0:  80%|████████  | 90/112 [02:17<00:34,  1.57s/it]prompt_pt a=0:  81%|████████▏ | 91/112 [02:17<00:25,  1.21s/it]prompt_pt a=0:  82%|████████▏ | 92/112 [02:17<00:17,  1.11it/s]prompt_pt a=0:  83%|████████▎ | 93/112 [02:18<00:13,  1.37it/s]prompt_pt a=0:  84%|████████▍ | 94/112 [02:19<00:14,  1.27it/s]prompt_pt a=0:  85%|████████▍ | 95/112 [02:22<00:27,  1.59s/it]prompt_pt a=0:  86%|████████▌ | 96/112 [02:26<00:34,  2.16s/it]prompt_pt a=0:  87%|████████▋ | 97/112 [02:26<00:25,  1.69s/it]prompt_pt a=0:  88%|████████▊ | 98/112 [02:26<00:17,  1.24s/it]prompt_pt a=0:  88%|████████▊ | 99/112 [02:27<00:11,  1.09it/s]prompt_pt a=0:  90%|█████████ | 101/112 [02:27<00:06,  1.65it/s]prompt_pt a=0:  91%|█████████ | 102/112 [02:30<00:13,  1.31s/it]prompt_pt a=0:  92%|█████████▏| 103/112 [02:32<00:11,  1.30s/it]prompt_pt a=0:  93%|█████████▎| 104/112 [02:35<00:15,  1.89s/it]prompt_pt a=0:  94%|█████████▍| 105/112 [02:35<00:10,  1.44s/it]prompt_pt a=0:  95%|█████████▍| 106/112 [02:36<00:06,  1.07s/it]prompt_pt a=0:  96%|█████████▌| 107/112 [02:36<00:04,  1.16it/s]prompt_pt a=0:  96%|█████████▋| 108/112 [02:36<00:03,  1.33it/s]prompt_pt a=0:  97%|█████████▋| 109/112 [02:40<00:04,  1.56s/it]prompt_pt a=0:  98%|█████████▊| 110/112 [02:43<00:04,  2.14s/it]prompt_pt a=0:  99%|█████████▉| 111/112 [02:47<00:02,  2.54s/it]prompt_pt a=0: 100%|██████████| 112/112 [02:48<00:00,  1.95s/it]prompt_pt a=0: 100%|██████████| 112/112 [02:48<00:00,  1.50s/it]
prompt_pt a=1:   0%|          | 0/112 [00:00<?, ?it/s]prompt_pt a=1:   1%|          | 1/112 [00:00<01:13,  1.51it/s]prompt_pt a=1:   2%|▏         | 2/112 [00:01<01:36,  1.13it/s]prompt_pt a=1:   3%|▎         | 3/112 [00:05<03:45,  2.07s/it]prompt_pt a=1:   4%|▎         | 4/112 [00:08<04:42,  2.62s/it]prompt_pt a=1:   4%|▍         | 5/112 [00:09<03:19,  1.87s/it]prompt_pt a=1:   5%|▌         | 6/112 [00:12<04:15,  2.41s/it]prompt_pt a=1:   6%|▋         | 7/112 [00:16<04:49,  2.76s/it]prompt_pt a=1:   7%|▋         | 8/112 [00:16<03:28,  2.00s/it]prompt_pt a=1:   8%|▊         | 9/112 [00:19<04:13,  2.46s/it]prompt_pt a=1:   9%|▉         | 10/112 [00:20<03:09,  1.86s/it]prompt_pt a=1:  10%|▉         | 11/112 [00:23<03:57,  2.35s/it]prompt_pt a=1:  11%|█         | 12/112 [00:27<04:29,  2.69s/it]prompt_pt a=1:  12%|█▏        | 13/112 [00:30<04:50,  2.93s/it]prompt_pt a=1:  12%|█▎        | 14/112 [00:31<03:39,  2.24s/it]prompt_pt a=1:  13%|█▎        | 15/112 [00:31<02:41,  1.67s/it]prompt_pt a=1:  14%|█▍        | 16/112 [00:32<02:18,  1.44s/it]prompt_pt a=1:  15%|█▌        | 17/112 [00:36<03:14,  2.05s/it]prompt_pt a=1:  16%|█▌        | 18/112 [00:39<03:52,  2.48s/it]prompt_pt a=1:  17%|█▋        | 19/112 [00:40<02:55,  1.88s/it]prompt_pt a=1:  18%|█▊        | 20/112 [00:43<03:36,  2.36s/it]prompt_pt a=1:  19%|█▉        | 21/112 [00:47<04:05,  2.70s/it]prompt_pt a=1:  20%|█▉        | 22/112 [00:47<02:57,  1.97s/it]prompt_pt a=1:  21%|██        | 23/112 [00:48<02:40,  1.80s/it]prompt_pt a=1:  21%|██▏       | 24/112 [00:49<01:59,  1.36s/it]prompt_pt a=1:  22%|██▏       | 25/112 [00:52<02:53,  2.00s/it]prompt_pt a=1:  23%|██▎       | 26/112 [00:53<02:21,  1.65s/it]prompt_pt a=1:  24%|██▍       | 27/112 [00:55<02:21,  1.67s/it]prompt_pt a=1:  25%|██▌       | 28/112 [00:57<02:26,  1.74s/it]prompt_pt a=1:  26%|██▌       | 29/112 [00:57<01:50,  1.34s/it]prompt_pt a=1:  27%|██▋       | 30/112 [00:59<01:56,  1.42s/it]prompt_pt a=1:  28%|██▊       | 31/112 [01:00<01:47,  1.33s/it]prompt_pt a=1:  29%|██▊       | 32/112 [01:03<02:39,  1.99s/it]prompt_pt a=1:  29%|██▉       | 33/112 [01:05<02:18,  1.76s/it]prompt_pt a=1:  30%|███       | 34/112 [01:05<01:58,  1.52s/it]prompt_pt a=1:  31%|███▏      | 35/112 [01:08<02:31,  1.96s/it]prompt_pt a=1:  32%|███▏      | 36/112 [01:12<03:03,  2.42s/it]prompt_pt a=1:  33%|███▎      | 37/112 [01:15<03:05,  2.48s/it]prompt_pt a=1:  34%|███▍      | 38/112 [01:15<02:17,  1.85s/it]prompt_pt a=1:  35%|███▍      | 39/112 [01:18<02:50,  2.34s/it]prompt_pt a=1:  36%|███▌      | 40/112 [01:22<03:12,  2.68s/it]prompt_pt a=1:  37%|███▋      | 41/112 [01:25<03:27,  2.92s/it]prompt_pt a=1:  38%|███▊      | 42/112 [01:26<02:39,  2.28s/it]prompt_pt a=1:  38%|███▊      | 43/112 [01:26<01:56,  1.69s/it]prompt_pt a=1:  39%|███▉      | 44/112 [01:30<02:31,  2.23s/it]prompt_pt a=1:  40%|████      | 45/112 [01:32<02:29,  2.22s/it]prompt_pt a=1:  41%|████      | 46/112 [01:36<02:51,  2.59s/it]prompt_pt a=1:  42%|████▏     | 47/112 [01:36<02:04,  1.91s/it]prompt_pt a=1:  43%|████▎     | 48/112 [01:39<02:19,  2.18s/it]prompt_pt a=1:  44%|████▍     | 49/112 [01:40<01:58,  1.89s/it]prompt_pt a=1:  45%|████▍     | 50/112 [01:41<01:32,  1.49s/it]prompt_pt a=1:  46%|████▌     | 51/112 [01:41<01:13,  1.20s/it]prompt_pt a=1:  46%|████▋     | 52/112 [01:41<00:57,  1.04it/s]prompt_pt a=1:  47%|████▋     | 53/112 [01:45<01:40,  1.70s/it]prompt_pt a=1:  48%|████▊     | 54/112 [01:48<02:09,  2.23s/it]prompt_pt a=1:  49%|████▉     | 55/112 [01:49<01:34,  1.66s/it]prompt_pt a=1:  50%|█████     | 56/112 [01:52<01:52,  2.01s/it]prompt_pt a=1:  51%|█████     | 57/112 [01:52<01:22,  1.49s/it]prompt_pt a=1:  52%|█████▏    | 58/112 [01:52<01:04,  1.19s/it]prompt_pt a=1:  53%|█████▎    | 59/112 [01:56<01:38,  1.86s/it]prompt_pt a=1:  54%|█████▎    | 60/112 [01:59<02:01,  2.33s/it]prompt_pt a=1:  54%|█████▍    | 61/112 [02:03<02:15,  2.67s/it]prompt_pt a=1:  55%|█████▌    | 62/112 [02:03<01:44,  2.09s/it]prompt_pt a=1:  56%|█████▋    | 63/112 [02:04<01:17,  1.58s/it]prompt_pt a=1:  57%|█████▋    | 64/112 [02:04<01:00,  1.27s/it]prompt_pt a=1:  58%|█████▊    | 65/112 [02:04<00:44,  1.06it/s]prompt_pt a=1:  59%|█████▉    | 66/112 [02:05<00:34,  1.34it/s]prompt_pt a=1:  60%|█████▉    | 67/112 [02:08<01:09,  1.55s/it]prompt_pt a=1:  61%|██████    | 68/112 [02:12<01:33,  2.12s/it]prompt_pt a=1:  62%|██████▏   | 69/112 [02:12<01:08,  1.58s/it]prompt_pt a=1:  62%|██████▎   | 70/112 [02:12<00:50,  1.21s/it]prompt_pt a=1:  63%|██████▎   | 71/112 [02:14<00:52,  1.27s/it]prompt_pt a=1:  64%|██████▍   | 72/112 [02:14<00:41,  1.03s/it]prompt_pt a=1:  65%|██████▌   | 73/112 [02:18<01:08,  1.75s/it]prompt_pt a=1:  66%|██████▌   | 74/112 [02:21<01:25,  2.26s/it]prompt_pt a=1:  67%|██████▋   | 75/112 [02:24<01:36,  2.62s/it]prompt_pt a=1:  68%|██████▊   | 76/112 [02:25<01:15,  2.11s/it]prompt_pt a=1:  69%|██████▉   | 77/112 [02:29<01:28,  2.52s/it]prompt_pt a=1:  70%|██████▉   | 78/112 [02:30<01:08,  2.02s/it]prompt_pt a=1:  71%|███████   | 79/112 [02:30<00:52,  1.58s/it]prompt_pt a=1:  71%|███████▏  | 80/112 [02:31<00:38,  1.19s/it]prompt_pt a=1:  72%|███████▏  | 81/112 [02:34<00:58,  1.88s/it]prompt_pt a=1:  73%|███████▎  | 82/112 [02:35<00:49,  1.65s/it]prompt_pt a=1:  74%|███████▍  | 83/112 [02:36<00:37,  1.28s/it]prompt_pt a=1:  75%|███████▌  | 84/112 [02:39<00:53,  1.89s/it]prompt_pt a=1:  76%|███████▌  | 85/112 [02:39<00:39,  1.46s/it]prompt_pt a=1:  77%|███████▋  | 86/112 [02:40<00:29,  1.13s/it]prompt_pt a=1:  78%|███████▊  | 87/112 [02:40<00:22,  1.10it/s]prompt_pt a=1:  79%|███████▊  | 88/112 [02:44<00:40,  1.68s/it]prompt_pt a=1:  79%|███████▉  | 89/112 [02:44<00:30,  1.32s/it]prompt_pt a=1:  80%|████████  | 90/112 [02:48<00:43,  1.96s/it]prompt_pt a=1:  81%|████████▏ | 91/112 [02:49<00:38,  1.83s/it]prompt_pt a=1:  82%|████████▏ | 92/112 [02:51<00:39,  1.96s/it]prompt_pt a=1:  83%|████████▎ | 93/112 [02:52<00:27,  1.45s/it]prompt_pt a=1:  84%|████████▍ | 94/112 [02:52<00:22,  1.23s/it]prompt_pt a=1:  85%|████████▍ | 95/112 [02:56<00:32,  1.91s/it]prompt_pt a=1:  86%|████████▌ | 96/112 [02:57<00:26,  1.64s/it]prompt_pt a=1:  87%|████████▋ | 97/112 [02:57<00:18,  1.26s/it]prompt_pt a=1:  88%|████████▊ | 98/112 [02:58<00:14,  1.02s/it]prompt_pt a=1:  88%|████████▊ | 99/112 [02:58<00:10,  1.20it/s]prompt_pt a=1:  89%|████████▉ | 100/112 [02:58<00:08,  1.46it/s]prompt_pt a=1:  90%|█████████ | 101/112 [02:59<00:06,  1.68it/s]prompt_pt a=1:  91%|█████████ | 102/112 [03:02<00:14,  1.46s/it]prompt_pt a=1:  92%|█████████▏| 103/112 [03:06<00:18,  2.06s/it]prompt_pt a=1:  93%|█████████▎| 104/112 [03:08<00:15,  2.00s/it]prompt_pt a=1:  94%|█████████▍| 105/112 [03:09<00:13,  1.96s/it]prompt_pt a=1:  95%|█████████▍| 106/112 [03:10<00:08,  1.46s/it]prompt_pt a=1:  96%|█████████▌| 107/112 [03:10<00:05,  1.19s/it]prompt_pt a=1:  96%|█████████▋| 108/112 [03:11<00:04,  1.04s/it]prompt_pt a=1:  97%|█████████▋| 109/112 [03:14<00:05,  1.78s/it]prompt_pt a=1:  98%|█████████▊| 110/112 [03:16<00:03,  1.84s/it]prompt_pt a=1:  99%|█████████▉| 111/112 [03:18<00:01,  1.77s/it]prompt_pt a=1: 100%|██████████| 112/112 [03:19<00:00,  1.61s/it]prompt_pt a=1: 100%|██████████| 112/112 [03:19<00:00,  1.78s/it]

============================================================================================================================================
condicion              n    fr    en    es    de    it    pt  unk  is_fr  st_fr   acc  cambio  largo  ce_fr_h  ce_en_h  leak
--------------------------------------------------------------------------------------------------------------------------------------------
prompt_it a=0        112  0.00  0.00  0.00  0.00  0.97  0.00 0.03   0.00   0.72  0.68     nan  235.6    5.445    3.951  0.00
prompt_it a=1        112  0.00  0.00  0.00  0.88  0.12  0.00 0.00   0.00   0.07  0.52    0.99  253.2    1.696    4.510  0.00
prompt_pt a=0        112  0.00  0.01  0.02  0.00  0.01  0.81 0.15   0.00   0.00  0.70     nan  217.0    5.851    3.763  0.00
prompt_pt a=1        112  0.00  0.00  0.03  0.90  0.00  0.06 0.01   0.00   0.00  0.53    0.99  265.6    1.655    4.453  0.00
============================================================================================================================================

celda target: de
condicion             celda_ok    tgt  mayus
prompt_it a=0             0.00   0.00   0.00
prompt_it a=1             0.88   0.88   0.00
prompt_pt a=0             0.00   0.00   0.00
prompt_pt a=1             0.90   0.90   0.00
ce_fr_h es la CE del head del target de ESTA celda (columna `output` del CSV), no de frances.
fr/en/es/de/it/pt/unk: fraccion de salidas por idioma (language_verdict). cambio: salida != a=0.
ce_*_h: CE del head del target frances / del baseline ingles bajo esa condicion.
Lectura: it/pt no estuvieron en el entrenamiento. Si fr sube con a=1 desde las dos, la
transferencia es a idiomas no vistos; comparar con es/de del preset idioma (mismo parche).

Guardado: algebra/runs/v8/alg_de/cross_lang_romance.json
# Etapa A: held-out v8 por categoria

Held-out = filas desde int(700*0.84) del CSV de cada celda (16 por categoria). Idioma: GlotLID (lang_id.py). Accuracy: answer_correct con los alias del banco (6 idiomas). Generacion de 150 tokens, referencia y baseline regenerados con el mismo largo.

## Celda fr (parche hacia el francés)

### Pregunta en inglés (norma ‖v‖ = 0.871)

| categoria | n | % fr sin parche | % fr instrucción | % fr parche | acc sin parche | acc instrucción | acc parche |
|---|---|---|---|---|---|---|---|
| factual_clasica | 16 | 0 | 100 | 100 | 100 | 94 | 94 |
| factual_aperturas | 16 | 0 | 100 | 100 | 100 | 94 | 81 |
| imperativo | 16 | 0 | 100 | 100 | 94 | 81 | 81 |
| imperativo_explicativo | 16 | 0 | 100 | 100 | 88 | 62 | 62 |
| explicativa | 16 | 0 | 100 | 100 | 100 | 69 | 69 |
| corta | 16 | 0 | 100 | 94 | 88 | 69 | 75 |
| conversacional | 16 | 0 | 100 | 100 | 100 | 94 | 94 |
| TOTAL | 112 | 0 | 100 | 99 | 96 | 80 | 79 |

### Otros idiomas de entrenamiento

| categoria | es: % fr sin / con | es: acc sin / con | de: % fr sin / con | de: acc sin / con |
|---|---|---|---|---|
| factual_clasica | 0 / 94 | 81 / 81 | 0 / 100 | 94 / 69 |
| factual_aperturas | 0 / 100 | 94 / 50 | 0 / 100 | 88 / 69 |
| imperativo | 0 / 100 | 75 / 81 | 0 / 100 | 75 / 75 |
| imperativo_explicativo | 0 / 100 | 44 / 31 | 0 / 100 | 50 / 38 |
| explicativa | 0 / 100 | 38 / 38 | 0 / 100 | 38 / 38 |
| corta | 0 / 100 | 69 / 62 | 0 / 100 | 69 / 62 |
| conversacional | 0 / 100 | 88 / 81 | 0 / 100 | 81 / 56 |
| TOTAL | 0 / 99 | 70 / 61 | 0 / 100 | 71 / 58 |

### Idiomas no vistos (italiano, portugués)

| categoria | it: % fr sin / con | it: acc sin / con | pt: % fr sin / con | pt: acc sin / con |
|---|---|---|---|---|
| factual_clasica | 0 / 100 | 75 / 81 | 0 / 100 | 81 / 81 |
| factual_aperturas | 0 / 94 | 81 / 44 | 0 / 100 | 81 / 69 |
| imperativo | 0 / 100 | 88 / 88 | 0 / 100 | 81 / 75 |
| imperativo_explicativo | 0 / 100 | 44 / 19 | 0 / 100 | 44 / 19 |
| explicativa | 0 / 100 | 31 / 38 | 0 / 94 | 56 / 19 |
| corta | 0 / 100 | 69 / 50 | 0 / 100 | 62 / 50 |
| conversacional | 0 / 100 | 88 / 75 | 0 / 100 | 81 / 81 |
| TOTAL | 0 / 99 | 68 / 56 | 0 / 99 | 70 / 56 |

## Celda es (parche hacia el español)

### Pregunta en inglés (norma ‖v‖ = 0.901)

| categoria | n | % es sin parche | % es instrucción | % es parche | acc sin parche | acc instrucción | acc parche |
|---|---|---|---|---|---|---|---|
| factual_clasica | 16 | 0 | 100 | 100 | 100 | 94 | 81 |
| factual_aperturas | 16 | 0 | 100 | 100 | 100 | 88 | 75 |
| imperativo | 16 | 0 | 94 | 94 | 94 | 88 | 81 |
| imperativo_explicativo | 16 | 0 | 100 | 100 | 88 | 69 | 56 |
| explicativa | 16 | 0 | 100 | 100 | 100 | 81 | 69 |
| corta | 16 | 0 | 88 | 94 | 88 | 75 | 69 |
| conversacional | 16 | 0 | 100 | 100 | 100 | 94 | 75 |
| TOTAL | 112 | 0 | 97 | 98 | 96 | 84 | 72 |

### Otros idiomas de entrenamiento

| categoria | de: % es sin / con | de: acc sin / con | fr: % es sin / con | fr: acc sin / con |
|---|---|---|---|---|
| factual_clasica | 0 / 100 | 94 / 81 | 0 / 100 | 88 / 75 |
| factual_aperturas | 0 / 100 | 88 / 75 | 0 / 100 | 81 / 81 |
| imperativo | 0 / 94 | 75 / 75 | 0 / 88 | 81 / 94 |
| imperativo_explicativo | 0 / 100 | 50 / 62 | 0 / 100 | 56 / 75 |
| explicativa | 0 / 100 | 38 / 25 | 0 / 94 | 38 / 25 |
| corta | 0 / 100 | 69 / 50 | 0 / 100 | 69 / 75 |
| conversacional | 0 / 100 | 81 / 81 | 0 / 94 | 88 / 62 |
| TOTAL | 0 / 99 | 71 / 64 | 0 / 96 | 71 / 70 |

### Idiomas no vistos (italiano, portugués)

| categoria | it: % es sin / con | it: acc sin / con | pt: % es sin / con | pt: acc sin / con |
|---|---|---|---|---|
| factual_clasica | 0 / 94 | 75 / 75 | 0 / 69 | 81 / 88 |
| factual_aperturas | 0 / 88 | 81 / 62 | 0 / 94 | 81 / 69 |
| imperativo | 0 / 94 | 88 / 81 | 0 / 75 | 81 / 81 |
| imperativo_explicativo | 0 / 100 | 44 / 56 | 0 / 94 | 44 / 50 |
| explicativa | 0 / 100 | 31 / 19 | 0 / 75 | 56 / 31 |
| corta | 0 / 94 | 69 / 50 | 12 / 94 | 62 / 50 |
| conversacional | 0 / 100 | 88 / 75 | 0 / 75 | 81 / 81 |
| TOTAL | 0 / 96 | 68 / 60 | 2 / 82 | 70 / 64 |

## Celda de (parche hacia el alemán)

### Pregunta en inglés (norma ‖v‖ = 0.964)

| categoria | n | % de sin parche | % de instrucción | % de parche | acc sin parche | acc instrucción | acc parche |
|---|---|---|---|---|---|---|---|
| factual_clasica | 16 | 0 | 100 | 100 | 100 | 100 | 94 |
| factual_aperturas | 16 | 0 | 94 | 94 | 100 | 100 | 88 |
| imperativo | 16 | 0 | 94 | 100 | 94 | 81 | 75 |
| imperativo_explicativo | 16 | 0 | 100 | 100 | 88 | 56 | 56 |
| explicativa | 16 | 0 | 100 | 81 | 100 | 62 | 62 |
| corta | 16 | 0 | 100 | 100 | 88 | 62 | 69 |
| conversacional | 16 | 0 | 100 | 100 | 100 | 94 | 88 |
| TOTAL | 112 | 0 | 98 | 96 | 96 | 79 | 76 |

### Otros idiomas de entrenamiento

| categoria | es: % de sin / con | es: acc sin / con | fr: % de sin / con | fr: acc sin / con |
|---|---|---|---|---|
| factual_clasica | 0 / 100 | 81 / 88 | 0 / 100 | 88 / 88 |
| factual_aperturas | 0 / 100 | 94 / 81 | 0 / 100 | 81 / 69 |
| imperativo | 0 / 100 | 75 / 69 | 0 / 100 | 81 / 69 |
| imperativo_explicativo | 0 / 100 | 44 / 38 | 0 / 100 | 56 / 31 |
| explicativa | 0 / 100 | 38 / 38 | 0 / 100 | 38 / 44 |
| corta | 0 / 100 | 69 / 62 | 0 / 81 | 69 / 50 |
| conversacional | 0 / 94 | 88 / 81 | 0 / 100 | 88 / 75 |
| TOTAL | 0 / 99 | 70 / 65 | 0 / 97 | 71 / 61 |

### Idiomas no vistos (italiano, portugués)

| categoria | it: % de sin / con | it: acc sin / con | pt: % de sin / con | pt: acc sin / con |
|---|---|---|---|---|
| factual_clasica | 0 / 100 | 75 / 81 | 0 / 100 | 81 / 81 |
| factual_aperturas | 0 / 88 | 81 / 44 | 0 / 94 | 81 / 69 |
| imperativo | 0 / 88 | 88 / 62 | 0 / 88 | 81 / 69 |
| imperativo_explicativo | 0 / 75 | 44 / 31 | 0 / 81 | 44 / 19 |
| explicativa | 0 / 69 | 31 / 12 | 0 / 88 | 56 / 25 |
| corta | 0 / 94 | 69 / 62 | 0 / 88 | 62 / 50 |
| conversacional | 0 / 100 | 88 / 69 | 0 / 94 | 81 / 56 |
| TOTAL | 0 / 88 | 68 / 52 | 0 / 90 | 70 / 53 |


reporte: algebra/runs/v8/reportes/A.md

################ C fr
`torch_dtype` is deprecated! Use `dtype` instead!
Loading checkpoint shards:   0%|          | 0/2 [00:00<?, ?it/s]Loading checkpoint shards:  50%|█████     | 1/2 [00:01<00:01,  1.02s/it]Loading checkpoint shards: 100%|██████████| 2/2 [00:01<00:00,  1.66it/s]Loading checkpoint shards: 100%|██████████| 2/2 [00:01<00:00,  1.50it/s]
Held-out: 99  |  parche: algebra/runs/v8/alg_fr/lang_patch_best_train.pt  |  escala: 1.0
======================================================================
eval:   0%|          | 0/99 [00:00<?, ?it/s][lang_id] GlotLID: /mnt/custom-file-systems/efs/fs-0ded2930a619aa967_fsap-0faa05c681ed1a8f3/papers/LLMAtaquesContinuos/modelos/glotlid/model.bin
eval:   1%|          | 1/99 [00:06<11:10,  6.84s/it]eval:   2%|▏         | 2/99 [00:17<14:19,  8.86s/it]eval:   3%|▎         | 3/99 [00:27<15:11,  9.49s/it]eval:   4%|▍         | 4/99 [00:28<09:32,  6.02s/it]eval:   5%|▌         | 5/99 [00:38<11:51,  7.57s/it]eval:   6%|▌         | 6/99 [00:48<13:12,  8.53s/it]eval:   7%|▋         | 7/99 [00:57<13:20,  8.70s/it]eval:   8%|▊         | 8/99 [01:08<14:00,  9.23s/it]eval:   9%|▉         | 9/99 [01:10<10:43,  7.15s/it]eval:  10%|█         | 10/99 [01:21<12:05,  8.15s/it]eval:  11%|█         | 11/99 [01:31<12:54,  8.81s/it]eval:  12%|█▏        | 12/99 [01:41<13:27,  9.28s/it]eval:  13%|█▎        | 13/99 [01:52<13:45,  9.60s/it]eval:  14%|█▍        | 14/99 [02:02<13:53,  9.80s/it]eval:  15%|█▌        | 15/99 [02:10<13:11,  9.42s/it]eval:  16%|█▌        | 16/99 [02:21<13:23,  9.68s/it]eval:  17%|█▋        | 17/99 [02:31<13:28,  9.86s/it]eval:  18%|█▊        | 18/99 [02:41<13:29,  9.99s/it]eval:  19%|█▉        | 19/99 [02:52<13:27, 10.10s/it]eval:  20%|██        | 20/99 [03:02<13:22, 10.16s/it]eval:  21%|██        | 21/99 [03:12<13:16, 10.21s/it]eval:  22%|██▏       | 22/99 [03:23<13:09, 10.25s/it]eval:  23%|██▎       | 23/99 [03:33<12:59, 10.25s/it]eval:  24%|██▍       | 24/99 [03:43<12:51, 10.29s/it]eval:  25%|██▌       | 25/99 [03:54<12:42, 10.30s/it]eval:  26%|██▋       | 26/99 [04:04<12:32, 10.30s/it]eval:  27%|██▋       | 27/99 [04:14<12:21, 10.29s/it]eval:  28%|██▊       | 28/99 [04:24<12:11, 10.30s/it]eval:  29%|██▉       | 29/99 [04:35<11:59, 10.28s/it]eval:  30%|███       | 30/99 [04:45<11:50, 10.29s/it]eval:  31%|███▏      | 31/99 [04:55<11:42, 10.33s/it]eval:  32%|███▏      | 32/99 [05:06<11:32, 10.33s/it]eval:  33%|███▎      | 33/99 [05:16<11:22, 10.34s/it]eval:  34%|███▍      | 34/99 [05:27<11:12, 10.35s/it]eval:  35%|███▌      | 35/99 [05:37<11:02, 10.35s/it]eval:  36%|███▋      | 36/99 [05:47<10:52, 10.35s/it]eval:  37%|███▋      | 37/99 [05:58<10:42, 10.36s/it]eval:  38%|███▊      | 38/99 [06:08<10:32, 10.37s/it]eval:  39%|███▉      | 39/99 [06:18<10:21, 10.36s/it]eval:  40%|████      | 40/99 [06:29<10:11, 10.36s/it]eval:  41%|████▏     | 41/99 [06:39<10:01, 10.36s/it]eval:  42%|████▏     | 42/99 [06:49<09:51, 10.37s/it]eval:  43%|████▎     | 43/99 [07:00<09:40, 10.36s/it]eval:  44%|████▍     | 44/99 [07:10<09:29, 10.35s/it]eval:  45%|████▌     | 45/99 [07:20<09:18, 10.35s/it]eval:  46%|████▋     | 46/99 [07:31<09:09, 10.37s/it]eval:  47%|████▋     | 47/99 [07:41<08:58, 10.35s/it]eval:  48%|████▊     | 48/99 [07:52<08:48, 10.36s/it]eval:  49%|████▉     | 49/99 [08:02<08:38, 10.36s/it]eval:  51%|█████     | 50/99 [08:12<08:27, 10.36s/it]eval:  52%|█████▏    | 51/99 [08:23<08:17, 10.37s/it]eval:  53%|█████▎    | 52/99 [08:33<08:07, 10.36s/it]eval:  54%|█████▎    | 53/99 [08:43<07:57, 10.37s/it]eval:  55%|█████▍    | 54/99 [08:54<07:46, 10.37s/it]eval:  56%|█████▌    | 55/99 [09:04<07:32, 10.30s/it]eval:  57%|█████▋    | 56/99 [09:14<07:23, 10.30s/it]eval:  58%|█████▊    | 57/99 [09:25<07:13, 10.31s/it]eval:  59%|█████▊    | 58/99 [09:35<07:02, 10.32s/it]eval:  60%|█████▉    | 59/99 [09:44<06:37,  9.93s/it]eval:  61%|██████    | 60/99 [09:54<06:31, 10.04s/it]eval:  62%|██████▏   | 61/99 [10:03<06:08,  9.69s/it]eval:  63%|██████▎   | 62/99 [10:13<06:04,  9.85s/it]eval:  64%|██████▎   | 63/99 [10:23<05:47,  9.66s/it]eval:  65%|██████▍   | 64/99 [10:33<05:46,  9.89s/it]eval:  66%|██████▌   | 65/99 [10:43<05:40, 10.03s/it]eval:  67%|██████▋   | 66/99 [10:54<05:34, 10.14s/it]eval:  68%|██████▊   | 67/99 [11:04<05:26, 10.22s/it]eval:  69%|██████▊   | 68/99 [11:14<05:18, 10.26s/it]eval:  70%|██████▉   | 69/99 [11:25<05:08, 10.28s/it]eval:  71%|███████   | 70/99 [11:35<04:58, 10.30s/it]eval:  72%|███████▏  | 71/99 [11:45<04:42, 10.09s/it]eval:  73%|███████▎  | 72/99 [11:55<04:34, 10.15s/it]eval:  74%|███████▎  | 73/99 [12:03<04:08,  9.56s/it]eval:  75%|███████▍  | 74/99 [12:13<04:04,  9.77s/it]eval:  76%|███████▌  | 75/99 [12:24<03:58,  9.93s/it]eval:  77%|███████▋  | 76/99 [12:34<03:51, 10.06s/it]eval:  78%|███████▊  | 77/99 [12:44<03:42, 10.12s/it]eval:  79%|███████▉  | 78/99 [12:55<03:34, 10.19s/it]eval:  80%|███████▉  | 79/99 [13:05<03:23, 10.18s/it]eval:  81%|████████  | 80/99 [13:15<03:13, 10.21s/it]eval:  82%|████████▏ | 81/99 [13:26<03:04, 10.25s/it]eval:  83%|████████▎ | 82/99 [13:36<02:54, 10.26s/it]eval:  84%|████████▍ | 83/99 [13:46<02:44, 10.27s/it]eval:  85%|████████▍ | 84/99 [13:56<02:34, 10.29s/it]eval:  86%|████████▌ | 85/99 [14:06<02:20, 10.05s/it]eval:  87%|████████▋ | 86/99 [14:16<02:11, 10.11s/it]eval:  88%|████████▊ | 87/99 [14:26<02:01, 10.17s/it]eval:  89%|████████▉ | 88/99 [14:37<01:52, 10.23s/it]eval:  90%|████████▉ | 89/99 [14:47<01:42, 10.28s/it]eval:  91%|█████████ | 90/99 [14:58<01:32, 10.32s/it]eval:  92%|█████████▏| 91/99 [15:08<01:22, 10.34s/it]eval:  93%|█████████▎| 92/99 [15:18<01:12, 10.35s/it]eval:  94%|█████████▍| 93/99 [15:29<01:02, 10.35s/it]eval:  95%|█████████▍| 94/99 [15:39<00:51, 10.37s/it]eval:  96%|█████████▌| 95/99 [15:49<00:41, 10.34s/it]eval:  97%|█████████▋| 96/99 [16:00<00:31, 10.35s/it]eval:  98%|█████████▊| 97/99 [16:10<00:20, 10.36s/it]eval:  99%|█████████▉| 98/99 [16:21<00:10, 10.35s/it]eval: 100%|██████████| 99/99 [16:31<00:00, 10.34s/it]eval: 100%|██████████| 99/99 [16:31<00:00, 10.01s/it]

======================================================================
condicion                   is_french   fr_score   accuracy    leak
----------------------------------------------------------------------
baseline  M(q)                  0.0%      0.005      nan%      0%
referencia  M([FR;q])         100.0%      0.997      nan%      0%
parche  M(q+v)                 93.9%      0.944      nan%      0%
----------------------------------------------------------------------
celda target: fr   (celda_ok = idioma fr Y NO mayusculas)
condicion                    celda_ok     idioma      mayus
baseline  M(q)                  0.0%       0.0%       0.0%
referencia  M([FR;q])         100.0%     100.0%       0.0%
parche  M(q+v)                 93.9%      93.9%       0.0%
----------------------------------------------------------------------
CE target FR                sin parche  con parche     delta
head (primeros 5)               5.4745      0.5459   -4.9286
tail (el resto)                 0.3980      0.3081   -0.0899
toda la respuesta               0.6091      0.3272   -0.2819
  el head es donde vive la decision de idioma; el tail casi no deberia moverse
  tokens parcheados por prompt (anchor goal_all): media 5.2

======================================================================
PROMPTS ABIERTOS  (n=99, sin respuesta verificable)
  overlap de contenido parche vs referencia : 0.321
  overlap baseline(EN) vs referencia        : 0.024
  control de azar (parche vs otra pregunta) : 0.011
  frances por tercio, parche     : [0.94, 0.94, 0.94]
  frances por tercio, referencia : [1.0, 0.99, 0.99]
  si el parche cae en el tercer tercio, el efecto es local y decae
======================================================================

Reportes: algebra/runs/v8/alg_fr/eval_open.json
          algebra/runs/v8/alg_fr/eval_open.md
`torch_dtype` is deprecated! Use `dtype` instead!
Loading checkpoint shards:   0%|          | 0/2 [00:00<?, ?it/s]Loading checkpoint shards:  50%|█████     | 1/2 [00:01<00:01,  1.02s/it]Loading checkpoint shards: 100%|██████████| 2/2 [00:01<00:00,  1.66it/s]Loading checkpoint shards: 100%|██████████| 2/2 [00:01<00:00,  1.50it/s]
parche algebra/runs/v8/alg_fr/lang_patch_best_train.pt  norma 0.8711  |  tail held-out 50 (idx 0..49)
preset=idioma  condiciones=['prompt_es a=0', 'prompt_es a=1', 'prompt_de a=0', 'prompt_de a=1', 'prompt a=0', 'prompt a=1']
prompt_es a=0:   0%|          | 0/50 [00:00<?, ?it/s][lang_id] GlotLID: /mnt/custom-file-systems/efs/fs-0ded2930a619aa967_fsap-0faa05c681ed1a8f3/papers/LLMAtaquesContinuos/modelos/glotlid/model.bin
prompt_es a=0:   2%|▏         | 1/50 [00:04<03:53,  4.76s/it]prompt_es a=0:   4%|▍         | 2/50 [00:08<03:12,  4.01s/it]prompt_es a=0:   6%|▌         | 3/50 [00:11<02:57,  3.77s/it]prompt_es a=0:   8%|▊         | 4/50 [00:15<02:48,  3.66s/it]prompt_es a=0:  10%|█         | 5/50 [00:18<02:42,  3.61s/it]prompt_es a=0:  12%|█▏        | 6/50 [00:22<02:37,  3.57s/it]prompt_es a=0:  14%|█▍        | 7/50 [00:25<02:32,  3.54s/it]prompt_es a=0:  16%|█▌        | 8/50 [00:29<02:28,  3.53s/it]prompt_es a=0:  18%|█▊        | 9/50 [00:32<02:24,  3.52s/it]prompt_es a=0:  20%|██        | 10/50 [00:36<02:20,  3.51s/it]prompt_es a=0:  22%|██▏       | 11/50 [00:39<02:15,  3.47s/it]prompt_es a=0:  24%|██▍       | 12/50 [00:43<02:12,  3.48s/it]prompt_es a=0:  26%|██▌       | 13/50 [00:46<02:09,  3.49s/it]prompt_es a=0:  28%|██▊       | 14/50 [00:50<02:05,  3.49s/it]prompt_es a=0:  30%|███       | 15/50 [00:53<02:02,  3.49s/it]prompt_es a=0:  32%|███▏      | 16/50 [00:57<01:58,  3.50s/it]prompt_es a=0:  34%|███▍      | 17/50 [01:00<01:55,  3.50s/it]prompt_es a=0:  36%|███▌      | 18/50 [01:04<01:51,  3.49s/it]prompt_es a=0:  38%|███▊      | 19/50 [01:07<01:48,  3.49s/it]prompt_es a=0:  40%|████      | 20/50 [01:11<01:44,  3.49s/it]prompt_es a=0:  42%|████▏     | 21/50 [01:14<01:41,  3.49s/it]prompt_es a=0:  44%|████▍     | 22/50 [01:18<01:37,  3.49s/it]prompt_es a=0:  46%|████▌     | 23/50 [01:21<01:34,  3.49s/it]prompt_es a=0:  48%|████▊     | 24/50 [01:25<01:30,  3.49s/it]prompt_es a=0:  50%|█████     | 25/50 [01:28<01:27,  3.49s/it]prompt_es a=0:  52%|█████▏    | 26/50 [01:32<01:23,  3.49s/it]prompt_es a=0:  54%|█████▍    | 27/50 [01:35<01:20,  3.50s/it]prompt_es a=0:  56%|█████▌    | 28/50 [01:39<01:16,  3.50s/it]prompt_es a=0:  58%|█████▊    | 29/50 [01:42<01:13,  3.50s/it]prompt_es a=0:  60%|██████    | 30/50 [01:46<01:10,  3.51s/it]prompt_es a=0:  62%|██████▏   | 31/50 [01:49<01:06,  3.51s/it]prompt_es a=0:  64%|██████▍   | 32/50 [01:53<01:03,  3.51s/it]prompt_es a=0:  66%|██████▌   | 33/50 [01:56<00:59,  3.51s/it]prompt_es a=0:  68%|██████▊   | 34/50 [02:00<00:56,  3.51s/it]prompt_es a=0:  70%|███████   | 35/50 [02:03<00:52,  3.51s/it]prompt_es a=0:  72%|███████▏  | 36/50 [02:07<00:49,  3.51s/it]prompt_es a=0:  74%|███████▍  | 37/50 [02:10<00:45,  3.51s/it]prompt_es a=0:  76%|███████▌  | 38/50 [02:14<00:42,  3.51s/it]prompt_es a=0:  78%|███████▊  | 39/50 [02:17<00:38,  3.51s/it]prompt_es a=0:  80%|████████  | 40/50 [02:21<00:35,  3.52s/it]prompt_es a=0:  82%|████████▏ | 41/50 [02:24<00:31,  3.51s/it]prompt_es a=0:  84%|████████▍ | 42/50 [02:28<00:28,  3.51s/it]prompt_es a=0:  86%|████████▌ | 43/50 [02:31<00:24,  3.51s/it]prompt_es a=0:  88%|████████▊ | 44/50 [02:35<00:21,  3.51s/it]prompt_es a=0:  90%|█████████ | 45/50 [02:38<00:17,  3.52s/it]prompt_es a=0:  92%|█████████▏| 46/50 [02:42<00:14,  3.50s/it]prompt_es a=0:  94%|█████████▍| 47/50 [02:45<00:10,  3.50s/it]prompt_es a=0:  96%|█████████▌| 48/50 [02:49<00:06,  3.49s/it]prompt_es a=0:  98%|█████████▊| 49/50 [02:52<00:03,  3.49s/it]prompt_es a=0: 100%|██████████| 50/50 [02:56<00:00,  3.50s/it]prompt_es a=0: 100%|██████████| 50/50 [02:56<00:00,  3.52s/it]
prompt_es a=1:   0%|          | 0/50 [00:00<?, ?it/s]prompt_es a=1:   2%|▏         | 1/50 [00:03<02:51,  3.51s/it]prompt_es a=1:   4%|▍         | 2/50 [00:07<02:48,  3.51s/it]prompt_es a=1:   6%|▌         | 3/50 [00:10<02:43,  3.48s/it]prompt_es a=1:   8%|▊         | 4/50 [00:13<02:39,  3.47s/it]prompt_es a=1:  10%|█         | 5/50 [00:17<02:35,  3.46s/it]prompt_es a=1:  12%|█▏        | 6/50 [00:20<02:32,  3.46s/it]prompt_es a=1:  14%|█▍        | 7/50 [00:24<02:28,  3.45s/it]prompt_es a=1:  16%|█▌        | 8/50 [00:26<02:05,  2.98s/it]prompt_es a=1:  18%|█▊        | 9/50 [00:29<02:08,  3.13s/it]prompt_es a=1:  20%|██        | 10/50 [00:33<02:09,  3.23s/it]prompt_es a=1:  22%|██▏       | 11/50 [00:35<01:57,  3.01s/it]prompt_es a=1:  24%|██▍       | 12/50 [00:39<01:59,  3.15s/it]prompt_es a=1:  26%|██▌       | 13/50 [00:42<01:59,  3.24s/it]prompt_es a=1:  28%|██▊       | 14/50 [00:46<01:59,  3.31s/it]prompt_es a=1:  30%|███       | 15/50 [00:49<01:57,  3.36s/it]prompt_es a=1:  32%|███▏      | 16/50 [00:50<01:33,  2.76s/it]prompt_es a=1:  34%|███▍      | 17/50 [00:54<01:38,  2.97s/it]prompt_es a=1:  36%|███▌      | 18/50 [00:57<01:39,  3.12s/it]prompt_es a=1:  38%|███▊      | 19/50 [01:01<01:39,  3.22s/it]prompt_es a=1:  40%|████      | 20/50 [01:04<01:38,  3.29s/it]prompt_es a=1:  42%|████▏     | 21/50 [01:08<01:36,  3.34s/it]prompt_es a=1:  44%|████▍     | 22/50 [01:11<01:34,  3.37s/it]prompt_es a=1:  46%|████▌     | 23/50 [01:15<01:31,  3.39s/it]prompt_es a=1:  48%|████▊     | 24/50 [01:16<01:16,  2.93s/it]prompt_es a=1:  50%|█████     | 25/50 [01:20<01:17,  3.10s/it]prompt_es a=1:  52%|█████▏    | 26/50 [01:23<01:17,  3.23s/it]prompt_es a=1:  54%|█████▍    | 27/50 [01:27<01:16,  3.31s/it]prompt_es a=1:  56%|█████▌    | 28/50 [01:30<01:13,  3.33s/it]prompt_es a=1:  58%|█████▊    | 29/50 [01:34<01:11,  3.38s/it]prompt_es a=1:  60%|██████    | 30/50 [01:37<01:07,  3.35s/it]prompt_es a=1:  62%|██████▏   | 31/50 [01:41<01:04,  3.39s/it]prompt_es a=1:  64%|██████▍   | 32/50 [01:44<01:01,  3.42s/it]prompt_es a=1:  66%|██████▌   | 33/50 [01:48<00:58,  3.44s/it]prompt_es a=1:  68%|██████▊   | 34/50 [01:51<00:55,  3.45s/it]prompt_es a=1:  70%|███████   | 35/50 [01:54<00:51,  3.42s/it]prompt_es a=1:  72%|███████▏  | 36/50 [01:58<00:48,  3.43s/it]prompt_es a=1:  74%|███████▍  | 37/50 [02:01<00:44,  3.44s/it]prompt_es a=1:  76%|███████▌  | 38/50 [02:05<00:41,  3.46s/it]prompt_es a=1:  78%|███████▊  | 39/50 [02:08<00:38,  3.48s/it]prompt_es a=1:  80%|████████  | 40/50 [02:12<00:34,  3.49s/it]prompt_es a=1:  82%|████████▏ | 41/50 [02:15<00:31,  3.50s/it]prompt_es a=1:  84%|████████▍ | 42/50 [02:19<00:28,  3.51s/it]prompt_es a=1:  86%|████████▌ | 43/50 [02:22<00:24,  3.51s/it]prompt_es a=1:  88%|████████▊ | 44/50 [02:24<00:17,  2.89s/it]prompt_es a=1:  90%|█████████ | 45/50 [02:27<00:15,  3.08s/it]prompt_es a=1:  92%|█████████▏| 46/50 [02:31<00:12,  3.21s/it]prompt_es a=1:  94%|█████████▍| 47/50 [02:34<00:09,  3.28s/it]prompt_es a=1:  96%|█████████▌| 48/50 [02:38<00:06,  3.34s/it]prompt_es a=1:  98%|█████████▊| 49/50 [02:41<00:03,  3.38s/it]prompt_es a=1: 100%|██████████| 50/50 [02:45<00:00,  3.41s/it]prompt_es a=1: 100%|██████████| 50/50 [02:45<00:00,  3.31s/it]
prompt_de a=0:   0%|          | 0/50 [00:00<?, ?it/s]prompt_de a=0:   2%|▏         | 1/50 [00:03<02:48,  3.45s/it]prompt_de a=0:   4%|▍         | 2/50 [00:06<02:46,  3.46s/it]prompt_de a=0:   6%|▌         | 3/50 [00:10<02:42,  3.46s/it]prompt_de a=0:   8%|▊         | 4/50 [00:13<02:39,  3.46s/it]prompt_de a=0:  10%|█         | 5/50 [00:17<02:35,  3.46s/it]prompt_de a=0:  12%|█▏        | 6/50 [00:20<02:32,  3.46s/it]prompt_de a=0:  14%|█▍        | 7/50 [00:24<02:28,  3.45s/it]prompt_de a=0:  16%|█▌        | 8/50 [00:27<02:25,  3.46s/it]prompt_de a=0:  18%|█▊        | 9/50 [00:31<02:22,  3.47s/it]prompt_de a=0:  20%|██        | 10/50 [00:34<02:19,  3.48s/it]prompt_de a=0:  22%|██▏       | 11/50 [00:37<02:04,  3.19s/it]prompt_de a=0:  24%|██▍       | 12/50 [00:40<02:04,  3.29s/it]prompt_de a=0:  26%|██▌       | 13/50 [00:44<02:03,  3.35s/it]prompt_de a=0:  28%|██▊       | 14/50 [00:47<02:02,  3.39s/it]prompt_de a=0:  30%|███       | 15/50 [00:51<01:59,  3.42s/it]prompt_de a=0:  32%|███▏      | 16/50 [00:54<01:57,  3.45s/it]prompt_de a=0:  34%|███▍      | 17/50 [00:58<01:54,  3.46s/it]prompt_de a=0:  36%|███▌      | 18/50 [01:01<01:51,  3.47s/it]prompt_de a=0:  38%|███▊      | 19/50 [01:05<01:47,  3.48s/it]prompt_de a=0:  40%|████      | 20/50 [01:08<01:44,  3.48s/it]prompt_de a=0:  42%|████▏     | 21/50 [01:12<01:41,  3.49s/it]prompt_de a=0:  44%|████▍     | 22/50 [01:15<01:37,  3.49s/it]prompt_de a=0:  46%|████▌     | 23/50 [01:19<01:33,  3.48s/it]prompt_de a=0:  48%|████▊     | 24/50 [01:22<01:30,  3.47s/it]prompt_de a=0:  50%|█████     | 25/50 [01:26<01:26,  3.47s/it]prompt_de a=0:  52%|█████▏    | 26/50 [01:29<01:23,  3.47s/it]prompt_de a=0:  54%|█████▍    | 27/50 [01:32<01:19,  3.47s/it]prompt_de a=0:  56%|█████▌    | 28/50 [01:36<01:16,  3.47s/it]prompt_de a=0:  58%|█████▊    | 29/50 [01:39<01:12,  3.47s/it]prompt_de a=0:  60%|██████    | 30/50 [01:43<01:09,  3.49s/it]prompt_de a=0:  62%|██████▏   | 31/50 [01:46<01:06,  3.49s/it]prompt_de a=0:  64%|██████▍   | 32/50 [01:50<01:03,  3.51s/it]prompt_de a=0:  66%|██████▌   | 33/50 [01:54<00:59,  3.51s/it]prompt_de a=0:  68%|██████▊   | 34/50 [01:57<00:56,  3.51s/it]prompt_de a=0:  70%|███████   | 35/50 [02:00<00:52,  3.49s/it]prompt_de a=0:  72%|███████▏  | 36/50 [02:04<00:49,  3.50s/it]prompt_de a=0:  74%|███████▍  | 37/50 [02:08<00:45,  3.51s/it]prompt_de a=0:  76%|███████▌  | 38/50 [02:11<00:42,  3.51s/it]prompt_de a=0:  78%|███████▊  | 39/50 [02:15<00:38,  3.51s/it]prompt_de a=0:  80%|████████  | 40/50 [02:18<00:35,  3.51s/it]prompt_de a=0:  82%|████████▏ | 41/50 [02:22<00:31,  3.52s/it]prompt_de a=0:  84%|████████▍ | 42/50 [02:25<00:28,  3.53s/it]prompt_de a=0:  86%|████████▌ | 43/50 [02:29<00:24,  3.53s/it]prompt_de a=0:  88%|████████▊ | 44/50 [02:30<00:17,  2.89s/it]prompt_de a=0:  90%|█████████ | 45/50 [02:34<00:15,  3.08s/it]prompt_de a=0:  92%|█████████▏| 46/50 [02:37<00:12,  3.21s/it]prompt_de a=0:  94%|█████████▍| 47/50 [02:41<00:09,  3.29s/it]prompt_de a=0:  96%|█████████▌| 48/50 [02:44<00:06,  3.34s/it]prompt_de a=0:  98%|█████████▊| 49/50 [02:47<00:03,  3.37s/it]prompt_de a=0: 100%|██████████| 50/50 [02:51<00:00,  3.40s/it]prompt_de a=0: 100%|██████████| 50/50 [02:51<00:00,  3.43s/it]
prompt_de a=1:   0%|          | 0/50 [00:00<?, ?it/s]prompt_de a=1:   2%|▏         | 1/50 [00:03<02:49,  3.45s/it]prompt_de a=1:   4%|▍         | 2/50 [00:06<02:47,  3.48s/it]prompt_de a=1:   6%|▌         | 3/50 [00:10<02:44,  3.50s/it]prompt_de a=1:   8%|▊         | 4/50 [00:13<02:41,  3.50s/it]prompt_de a=1:  10%|█         | 5/50 [00:17<02:37,  3.51s/it]prompt_de a=1:  12%|█▏        | 6/50 [00:20<02:34,  3.51s/it]prompt_de a=1:  14%|█▍        | 7/50 [00:24<02:30,  3.50s/it]prompt_de a=1:  16%|█▌        | 8/50 [00:26<02:06,  3.00s/it]prompt_de a=1:  18%|█▊        | 9/50 [00:29<02:09,  3.16s/it]prompt_de a=1:  20%|██        | 10/50 [00:33<02:10,  3.27s/it]prompt_de a=1:  22%|██▏       | 11/50 [00:35<01:57,  3.00s/it]prompt_de a=1:  24%|██▍       | 12/50 [00:39<02:00,  3.16s/it]prompt_de a=1:  26%|██▌       | 13/50 [00:42<02:00,  3.27s/it]prompt_de a=1:  28%|██▊       | 14/50 [00:46<02:00,  3.34s/it]prompt_de a=1:  30%|███       | 15/50 [00:49<01:58,  3.40s/it]prompt_de a=1:  32%|███▏      | 16/50 [00:51<01:35,  2.79s/it]prompt_de a=1:  34%|███▍      | 17/50 [00:54<01:39,  3.01s/it]prompt_de a=1:  36%|███▌      | 18/50 [00:58<01:41,  3.17s/it]prompt_de a=1:  38%|███▊      | 19/50 [01:01<01:41,  3.26s/it]prompt_de a=1:  40%|████      | 20/50 [01:05<01:39,  3.32s/it]prompt_de a=1:  42%|████▏     | 21/50 [01:08<01:37,  3.36s/it]prompt_de a=1:  44%|████▍     | 22/50 [01:12<01:34,  3.39s/it]prompt_de a=1:  46%|████▌     | 23/50 [01:15<01:32,  3.41s/it]prompt_de a=1:  48%|████▊     | 24/50 [01:17<01:12,  2.79s/it]prompt_de a=1:  50%|█████     | 25/50 [01:20<01:14,  2.99s/it]prompt_de a=1:  52%|█████▏    | 26/50 [01:23<01:15,  3.14s/it]prompt_de a=1:  54%|█████▍    | 27/50 [01:27<01:14,  3.25s/it]prompt_de a=1:  56%|█████▌    | 28/50 [01:29<01:00,  2.75s/it]prompt_de a=1:  58%|█████▊    | 29/50 [01:32<01:02,  2.98s/it]prompt_de a=1:  60%|██████    | 30/50 [01:36<01:02,  3.14s/it]prompt_de a=1:  62%|██████▏   | 31/50 [01:39<01:01,  3.26s/it]prompt_de a=1:  64%|██████▍   | 32/50 [01:43<01:00,  3.34s/it]prompt_de a=1:  66%|██████▌   | 33/50 [01:46<00:57,  3.39s/it]prompt_de a=1:  68%|██████▊   | 34/50 [01:50<00:54,  3.43s/it]prompt_de a=1:  70%|███████   | 35/50 [01:51<00:41,  2.75s/it]prompt_de a=1:  72%|███████▏  | 36/50 [01:54<00:41,  2.99s/it]prompt_de a=1:  74%|███████▍  | 37/50 [01:58<00:40,  3.15s/it]prompt_de a=1:  76%|███████▌  | 38/50 [02:01<00:39,  3.26s/it]prompt_de a=1:  78%|███████▊  | 39/50 [02:05<00:36,  3.34s/it]prompt_de a=1:  80%|████████  | 40/50 [02:08<00:33,  3.39s/it]prompt_de a=1:  82%|████████▏ | 41/50 [02:12<00:30,  3.43s/it]prompt_de a=1:  84%|████████▍ | 42/50 [02:16<00:27,  3.46s/it]prompt_de a=1:  86%|████████▌ | 43/50 [02:19<00:24,  3.47s/it]prompt_de a=1:  88%|████████▊ | 44/50 [02:20<00:16,  2.69s/it]prompt_de a=1:  90%|█████████ | 45/50 [02:23<00:14,  2.93s/it]prompt_de a=1:  92%|█████████▏| 46/50 [02:27<00:12,  3.10s/it]prompt_de a=1:  94%|█████████▍| 47/50 [02:30<00:09,  3.22s/it]prompt_de a=1:  96%|█████████▌| 48/50 [02:31<00:04,  2.40s/it]prompt_de a=1:  98%|█████████▊| 49/50 [02:34<00:02,  2.72s/it]prompt_de a=1: 100%|██████████| 50/50 [02:38<00:00,  2.95s/it]prompt_de a=1: 100%|██████████| 50/50 [02:38<00:00,  3.17s/it]
prompt a=0:   0%|          | 0/50 [00:00<?, ?it/s]prompt a=0:   2%|▏         | 1/50 [00:03<02:49,  3.46s/it]prompt a=0:   4%|▍         | 2/50 [00:06<02:45,  3.45s/it]prompt a=0:   6%|▌         | 3/50 [00:10<02:42,  3.45s/it]prompt a=0:   8%|▊         | 4/50 [00:13<02:39,  3.46s/it]prompt a=0:  10%|█         | 5/50 [00:17<02:36,  3.47s/it]prompt a=0:  12%|█▏        | 6/50 [00:20<02:33,  3.48s/it]prompt a=0:  14%|█▍        | 7/50 [00:24<02:29,  3.49s/it]prompt a=0:  16%|█▌        | 8/50 [00:27<02:26,  3.49s/it]prompt a=0:  18%|█▊        | 9/50 [00:31<02:23,  3.50s/it]prompt a=0:  20%|██        | 10/50 [00:34<02:19,  3.50s/it]prompt a=0:  22%|██▏       | 11/50 [00:37<02:11,  3.38s/it]prompt a=0:  24%|██▍       | 12/50 [00:41<02:09,  3.42s/it]prompt a=0:  26%|██▌       | 13/50 [00:44<02:07,  3.44s/it]prompt a=0:  28%|██▊       | 14/50 [00:48<02:04,  3.45s/it]prompt a=0:  30%|███       | 15/50 [00:51<02:01,  3.46s/it]prompt a=0:  32%|███▏      | 16/50 [00:55<01:58,  3.48s/it]prompt a=0:  34%|███▍      | 17/50 [00:58<01:55,  3.49s/it]prompt a=0:  36%|███▌      | 18/50 [01:02<01:51,  3.49s/it]prompt a=0:  38%|███▊      | 19/50 [01:05<01:48,  3.50s/it]prompt a=0:  40%|████      | 20/50 [01:09<01:45,  3.51s/it]prompt a=0:  42%|████▏     | 21/50 [01:13<01:41,  3.52s/it]prompt a=0:  44%|████▍     | 22/50 [01:16<01:38,  3.52s/it]prompt a=0:  46%|████▌     | 23/50 [01:20<01:35,  3.53s/it]prompt a=0:  48%|████▊     | 24/50 [01:23<01:31,  3.52s/it]prompt a=0:  50%|█████     | 25/50 [01:27<01:28,  3.52s/it]prompt a=0:  52%|█████▏    | 26/50 [01:30<01:24,  3.52s/it]prompt a=0:  54%|█████▍    | 27/50 [01:34<01:20,  3.52s/it]prompt a=0:  56%|█████▌    | 28/50 [01:37<01:17,  3.52s/it]prompt a=0:  58%|█████▊    | 29/50 [01:41<01:13,  3.52s/it]prompt a=0:  60%|██████    | 30/50 [01:44<01:10,  3.52s/it]prompt a=0:  62%|██████▏   | 31/50 [01:48<01:06,  3.52s/it]prompt a=0:  64%|██████▍   | 32/50 [01:51<01:03,  3.53s/it]prompt a=0:  66%|██████▌   | 33/50 [01:55<00:59,  3.52s/it]prompt a=0:  68%|██████▊   | 34/50 [01:58<00:56,  3.53s/it]prompt a=0:  70%|███████   | 35/50 [02:02<00:52,  3.52s/it]prompt a=0:  72%|███████▏  | 36/50 [02:05<00:49,  3.52s/it]prompt a=0:  74%|███████▍  | 37/50 [02:09<00:45,  3.52s/it]prompt a=0:  76%|███████▌  | 38/50 [02:12<00:42,  3.52s/it]prompt a=0:  78%|███████▊  | 39/50 [02:16<00:38,  3.52s/it]prompt a=0:  80%|████████  | 40/50 [02:19<00:35,  3.52s/it]prompt a=0:  82%|████████▏ | 41/50 [02:23<00:31,  3.52s/it]prompt a=0:  84%|████████▍ | 42/50 [02:26<00:28,  3.51s/it]prompt a=0:  86%|████████▌ | 43/50 [02:30<00:24,  3.50s/it]prompt a=0:  88%|████████▊ | 44/50 [02:32<00:17,  2.93s/it]prompt a=0:  90%|█████████ | 45/50 [02:35<00:15,  3.10s/it]prompt a=0:  92%|█████████▏| 46/50 [02:39<00:12,  3.22s/it]prompt a=0:  94%|█████████▍| 47/50 [02:42<00:09,  3.30s/it]prompt a=0:  96%|█████████▌| 48/50 [02:46<00:06,  3.36s/it]prompt a=0:  98%|█████████▊| 49/50 [02:49<00:03,  3.40s/it]prompt a=0: 100%|██████████| 50/50 [02:52<00:00,  3.43s/it]prompt a=0: 100%|██████████| 50/50 [02:52<00:00,  3.46s/it]
prompt a=1:   0%|          | 0/50 [00:00<?, ?it/s]prompt a=1:   2%|▏         | 1/50 [00:03<02:51,  3.49s/it]prompt a=1:   4%|▍         | 2/50 [00:05<02:11,  2.75s/it]prompt a=1:   6%|▌         | 3/50 [00:09<02:25,  3.10s/it]prompt a=1:   8%|▊         | 4/50 [00:12<02:30,  3.26s/it]prompt a=1:  10%|█         | 5/50 [00:16<02:30,  3.35s/it]prompt a=1:  12%|█▏        | 6/50 [00:19<02:29,  3.41s/it]prompt a=1:  14%|█▍        | 7/50 [00:23<02:28,  3.45s/it]prompt a=1:  16%|█▌        | 8/50 [00:26<02:25,  3.47s/it]prompt a=1:  18%|█▊        | 9/50 [00:30<02:22,  3.48s/it]prompt a=1:  20%|██        | 10/50 [00:33<02:19,  3.49s/it]prompt a=1:  22%|██▏       | 11/50 [00:37<02:16,  3.49s/it]prompt a=1:  24%|██▍       | 12/50 [00:40<02:12,  3.49s/it]prompt a=1:  26%|██▌       | 13/50 [00:44<02:09,  3.49s/it]prompt a=1:  28%|██▊       | 14/50 [00:47<02:05,  3.50s/it]prompt a=1:  30%|███       | 15/50 [00:51<02:02,  3.50s/it]prompt a=1:  32%|███▏      | 16/50 [00:53<01:40,  2.96s/it]prompt a=1:  34%|███▍      | 17/50 [00:56<01:42,  3.11s/it]prompt a=1:  36%|███▌      | 18/50 [00:59<01:42,  3.22s/it]prompt a=1:  38%|███▊      | 19/50 [01:03<01:42,  3.29s/it]prompt a=1:  40%|████      | 20/50 [01:06<01:40,  3.35s/it]prompt a=1:  42%|████▏     | 21/50 [01:10<01:37,  3.38s/it]prompt a=1:  44%|████▍     | 22/50 [01:13<01:35,  3.40s/it]prompt a=1:  46%|████▌     | 23/50 [01:17<01:32,  3.42s/it]prompt a=1:  48%|████▊     | 24/50 [01:20<01:29,  3.43s/it]prompt a=1:  50%|█████     | 25/50 [01:24<01:25,  3.43s/it]prompt a=1:  52%|█████▏    | 26/50 [01:27<01:22,  3.44s/it]prompt a=1:  54%|█████▍    | 27/50 [01:31<01:19,  3.45s/it]prompt a=1:  56%|█████▌    | 28/50 [01:34<01:15,  3.45s/it]prompt a=1:  58%|█████▊    | 29/50 [01:38<01:12,  3.46s/it]prompt a=1:  60%|██████    | 30/50 [01:41<01:08,  3.45s/it]prompt a=1:  62%|██████▏   | 31/50 [01:44<01:05,  3.45s/it]prompt a=1:  64%|██████▍   | 32/50 [01:48<01:02,  3.46s/it]prompt a=1:  66%|██████▌   | 33/50 [01:51<00:58,  3.46s/it]prompt a=1:  68%|██████▊   | 34/50 [01:55<00:55,  3.46s/it]prompt a=1:  70%|███████   | 35/50 [01:58<00:51,  3.46s/it]prompt a=1:  72%|███████▏  | 36/50 [02:02<00:48,  3.46s/it]prompt a=1:  74%|███████▍  | 37/50 [02:05<00:45,  3.48s/it]prompt a=1:  76%|███████▌  | 38/50 [02:09<00:41,  3.49s/it]prompt a=1:  78%|███████▊  | 39/50 [02:12<00:38,  3.49s/it]prompt a=1:  80%|████████  | 40/50 [02:16<00:35,  3.50s/it]prompt a=1:  82%|████████▏ | 41/50 [02:19<00:31,  3.51s/it]prompt a=1:  84%|████████▍ | 42/50 [02:23<00:28,  3.51s/it]prompt a=1:  86%|████████▌ | 43/50 [02:26<00:24,  3.51s/it]prompt a=1:  88%|████████▊ | 44/50 [02:28<00:17,  2.89s/it]prompt a=1:  90%|█████████ | 45/50 [02:31<00:15,  3.07s/it]prompt a=1:  92%|█████████▏| 46/50 [02:35<00:12,  3.20s/it]prompt a=1:  94%|█████████▍| 47/50 [02:38<00:09,  3.29s/it]prompt a=1:  96%|█████████▌| 48/50 [02:42<00:06,  3.35s/it]prompt a=1:  98%|█████████▊| 49/50 [02:45<00:03,  3.40s/it]prompt a=1: 100%|██████████| 50/50 [02:49<00:00,  3.42s/it]prompt a=1: 100%|██████████| 50/50 [02:49<00:00,  3.39s/it]

============================================================================================================================================
condicion              n    fr    en    es    de    it    pt  unk  is_fr  st_fr   acc  cambio  largo  ce_fr_h  ce_en_h  leak
--------------------------------------------------------------------------------------------------------------------------------------------
prompt_es a=0         50  0.00  0.00  1.00  0.00  0.00  0.00 0.00   0.00   0.08   nan     nan  556.1    5.787    3.773  0.00
prompt_es a=1         50  0.98  0.00  0.00  0.00  0.00  0.00 0.00   0.98   0.86   nan    1.00  521.7    0.885    3.502  0.00
prompt_de a=0         50  0.00  0.00  0.00  0.98  0.00  0.00 0.00   0.00   0.00   nan     nan  522.1    5.260    4.058  0.00
prompt_de a=1         50  0.96  0.00  0.00  0.04  0.00  0.00 0.00   0.96   0.84   nan    1.00  489.1    1.216    3.526  0.00
prompt a=0            50  0.00  0.98  0.02  0.00  0.00  0.00 0.00   0.00   0.00   nan     nan  704.6    5.495    0.226  0.00
prompt a=1            50  1.00  0.00  0.00  0.00  0.00  0.00 0.00   1.00   0.88   nan    1.00  529.3    0.741    3.022  0.00
============================================================================================================================================

celda target: fr
condicion             celda_ok    tgt  mayus
prompt_es a=0             0.00   0.00   0.00
prompt_es a=1             0.98   0.98   0.00
prompt_de a=0             0.00   0.00   0.00
prompt_de a=1             0.96   0.96   0.00
prompt a=0                0.00   0.00   0.00
prompt a=1                1.00   1.00   0.00
ce_fr_h es la CE del head del target de ESTA celda (columna `output` del CSV), no de frances.
fr/en/es/de/it/pt/unk: fraccion de salidas por idioma (language_verdict). cambio: salida != a=0.
ce_*_h: CE del head del target frances / del baseline ingles bajo esa condicion.

Guardado: algebra/runs/v8/alg_fr/open_2/cross_lang_idioma.json

################ C es
`torch_dtype` is deprecated! Use `dtype` instead!
Loading checkpoint shards:   0%|          | 0/2 [00:00<?, ?it/s]Loading checkpoint shards:  50%|█████     | 1/2 [00:01<00:01,  1.02s/it]Loading checkpoint shards: 100%|██████████| 2/2 [00:01<00:00,  1.66it/s]Loading checkpoint shards: 100%|██████████| 2/2 [00:01<00:00,  1.50it/s]
Held-out: 99  |  parche: algebra/runs/v8/alg_es/lang_patch_best_train.pt  |  escala: 1.0
======================================================================
eval:   0%|          | 0/99 [00:00<?, ?it/s][lang_id] GlotLID: /mnt/custom-file-systems/efs/fs-0ded2930a619aa967_fsap-0faa05c681ed1a8f3/papers/LLMAtaquesContinuos/modelos/glotlid/model.bin
eval:   1%|          | 1/99 [00:06<11:16,  6.90s/it]eval:   2%|▏         | 2/99 [00:17<14:16,  8.83s/it]eval:   3%|▎         | 3/99 [00:27<15:05,  9.43s/it]eval:   4%|▍         | 4/99 [00:27<09:24,  5.94s/it]eval:   5%|▌         | 5/99 [00:38<11:43,  7.48s/it]eval:   6%|▌         | 6/99 [00:48<13:00,  8.39s/it]eval:   7%|▋         | 7/99 [00:56<12:46,  8.33s/it]eval:   8%|▊         | 8/99 [01:06<13:38,  8.99s/it]eval:   9%|▉         | 9/99 [01:09<10:29,  6.99s/it]eval:  10%|█         | 10/99 [01:19<11:54,  8.03s/it]eval:  11%|█         | 11/99 [01:29<12:46,  8.71s/it]eval:  12%|█▏        | 12/99 [01:40<13:18,  9.18s/it]eval:  13%|█▎        | 13/99 [01:50<13:42,  9.56s/it]eval:  14%|█▍        | 14/99 [02:01<13:52,  9.80s/it]eval:  15%|█▌        | 15/99 [02:10<13:36,  9.72s/it]eval:  16%|█▌        | 16/99 [02:21<13:45,  9.95s/it]eval:  17%|█▋        | 17/99 [02:31<13:46, 10.09s/it]eval:  18%|█▊        | 18/99 [02:41<13:39, 10.12s/it]eval:  19%|█▉        | 19/99 [02:51<13:32, 10.16s/it]eval:  20%|██        | 20/99 [03:02<13:28, 10.23s/it]eval:  21%|██        | 21/99 [03:12<13:21, 10.27s/it]eval:  22%|██▏       | 22/99 [03:23<13:13, 10.30s/it]eval:  23%|██▎       | 23/99 [03:33<13:01, 10.28s/it]eval:  24%|██▍       | 24/99 [03:43<12:52, 10.29s/it]eval:  25%|██▌       | 25/99 [03:52<12:21, 10.02s/it]eval:  26%|██▋       | 26/99 [04:03<12:15, 10.07s/it]eval:  27%|██▋       | 27/99 [04:13<12:09, 10.14s/it]eval:  28%|██▊       | 28/99 [04:23<12:01, 10.16s/it]eval:  29%|██▉       | 29/99 [04:33<11:53, 10.19s/it]eval:  30%|███       | 30/99 [04:44<11:48, 10.27s/it]eval:  31%|███▏      | 31/99 [04:54<11:39, 10.29s/it]eval:  32%|███▏      | 32/99 [05:04<11:28, 10.27s/it]eval:  33%|███▎      | 33/99 [05:15<11:19, 10.29s/it]eval:  34%|███▍      | 34/99 [05:25<11:11, 10.33s/it]eval:  35%|███▌      | 35/99 [05:31<09:37,  9.02s/it]eval:  36%|███▋      | 36/99 [05:42<09:54,  9.43s/it]eval:  37%|███▋      | 37/99 [05:52<10:02,  9.73s/it]eval:  38%|███▊      | 38/99 [06:02<10:05,  9.93s/it]eval:  39%|███▉      | 39/99 [06:12<09:52,  9.88s/it]eval:  40%|████      | 40/99 [06:22<09:50, 10.00s/it]eval:  41%|████▏     | 41/99 [06:33<09:43, 10.06s/it]eval:  42%|████▏     | 42/99 [06:43<09:36, 10.12s/it]eval:  43%|████▎     | 43/99 [06:53<09:28, 10.15s/it]eval:  44%|████▍     | 44/99 [07:03<09:18, 10.16s/it]eval:  45%|████▌     | 45/99 [07:13<09:08, 10.16s/it]eval:  46%|████▋     | 46/99 [07:24<09:00, 10.19s/it]eval:  47%|████▋     | 47/99 [07:34<08:51, 10.22s/it]eval:  48%|████▊     | 48/99 [07:44<08:44, 10.28s/it]eval:  49%|████▉     | 49/99 [07:55<08:37, 10.34s/it]eval:  51%|█████     | 50/99 [08:05<08:27, 10.37s/it]eval:  52%|█████▏    | 51/99 [08:14<07:53,  9.86s/it]eval:  53%|█████▎    | 52/99 [08:24<07:49,  9.99s/it]eval:  54%|█████▎    | 53/99 [08:35<07:42, 10.05s/it]eval:  55%|█████▍    | 54/99 [08:45<07:35, 10.13s/it]eval:  56%|█████▌    | 55/99 [08:54<07:19,  9.99s/it]eval:  57%|█████▋    | 56/99 [09:05<07:13, 10.08s/it]eval:  58%|█████▊    | 57/99 [09:14<06:49,  9.76s/it]eval:  59%|█████▊    | 58/99 [09:24<06:48,  9.95s/it]eval:  60%|█████▉    | 59/99 [09:34<06:31,  9.78s/it]eval:  61%|██████    | 60/99 [09:44<06:28,  9.96s/it]eval:  62%|██████▏   | 61/99 [09:54<06:18,  9.95s/it]eval:  63%|██████▎   | 62/99 [10:04<06:11, 10.03s/it]eval:  64%|██████▎   | 63/99 [10:12<05:39,  9.43s/it]eval:  65%|██████▍   | 64/99 [10:23<05:40,  9.73s/it]eval:  66%|██████▌   | 65/99 [10:33<05:37,  9.93s/it]eval:  67%|██████▋   | 66/99 [10:43<05:32, 10.08s/it]eval:  68%|██████▊   | 67/99 [10:54<05:25, 10.17s/it]eval:  69%|██████▊   | 68/99 [11:04<05:16, 10.20s/it]eval:  70%|██████▉   | 69/99 [11:13<04:55,  9.83s/it]eval:  71%|███████   | 70/99 [11:23<04:48,  9.96s/it]eval:  72%|███████▏  | 71/99 [11:31<04:22,  9.39s/it]eval:  73%|███████▎  | 72/99 [11:42<04:20,  9.64s/it]eval:  74%|███████▎  | 73/99 [11:50<04:01,  9.29s/it]eval:  75%|███████▍  | 74/99 [12:00<03:59,  9.57s/it]eval:  76%|███████▌  | 75/99 [12:10<03:48,  9.53s/it]eval:  77%|███████▋  | 76/99 [12:20<03:44,  9.75s/it]eval:  78%|███████▊  | 77/99 [12:30<03:37,  9.90s/it]eval:  79%|███████▉  | 78/99 [12:40<03:29,  9.98s/it]eval:  80%|███████▉  | 79/99 [12:51<03:21, 10.06s/it]eval:  81%|████████  | 80/99 [13:01<03:12, 10.15s/it]eval:  82%|████████▏ | 81/99 [13:11<03:04, 10.23s/it]eval:  83%|████████▎ | 82/99 [13:22<02:54, 10.27s/it]eval:  84%|████████▍ | 83/99 [13:32<02:44, 10.31s/it]eval:  85%|████████▍ | 84/99 [13:43<02:35, 10.33s/it]eval:  86%|████████▌ | 85/99 [13:52<02:22, 10.17s/it]eval:  87%|████████▋ | 86/99 [14:03<02:12, 10.23s/it]eval:  88%|████████▊ | 87/99 [14:10<01:51,  9.29s/it]eval:  89%|████████▉ | 88/99 [14:20<01:45,  9.60s/it]eval:  90%|████████▉ | 89/99 [14:30<01:37,  9.79s/it]eval:  91%|█████████ | 90/99 [14:41<01:29,  9.92s/it]eval:  92%|█████████▏| 91/99 [14:51<01:20, 10.03s/it]eval:  93%|█████████▎| 92/99 [15:01<01:10, 10.09s/it]eval:  94%|█████████▍| 93/99 [15:11<01:00, 10.06s/it]eval:  95%|█████████▍| 94/99 [15:21<00:50, 10.12s/it]eval:  96%|█████████▌| 95/99 [15:31<00:40, 10.05s/it]eval:  97%|█████████▋| 96/99 [15:42<00:30, 10.17s/it]eval:  98%|█████████▊| 97/99 [15:52<00:20, 10.26s/it]eval:  99%|█████████▉| 98/99 [16:03<00:10, 10.31s/it]eval: 100%|██████████| 99/99 [16:13<00:00, 10.31s/it]eval: 100%|██████████| 99/99 [16:13<00:00,  9.83s/it]

======================================================================
condicion                   is_french   fr_score   accuracy    leak
----------------------------------------------------------------------
baseline  M(q)                  0.0%      0.005      nan%      0%
referencia  M([FR;q])           0.0%      0.000      nan%      0%
parche  M(q+v)                  0.0%      0.005      nan%      0%
----------------------------------------------------------------------
celda target: es   (celda_ok = idioma es Y NO mayusculas)
condicion                    celda_ok     idioma      mayus
baseline  M(q)                  0.0%       0.0%       0.0%
referencia  M([FR;q])         100.0%     100.0%       0.0%
parche  M(q+v)                 93.9%      93.9%       0.0%
----------------------------------------------------------------------
CE target FR                sin parche  con parche     delta
head (primeros 5)               5.8595      0.7454   -5.1140
tail (el resto)                 0.3837      0.2830   -0.1008
toda la respuesta               0.6132      0.3046   -0.3086
  el head es donde vive la decision de idioma; el tail casi no deberia moverse
  tokens parcheados por prompt (anchor goal_all): media 5.2

======================================================================
PROMPTS ABIERTOS  (n=99, sin respuesta verificable)
  overlap de contenido parche vs referencia : 0.267
  overlap baseline(EN) vs referencia        : 0.008
  control de azar (parche vs otra pregunta) : 0.009
  frances por tercio, parche     : [0.94, 0.94, 0.94]
  frances por tercio, referencia : [1.0, 0.99, 0.99]
  si el parche cae en el tercer tercio, el efecto es local y decae
======================================================================

Reportes: algebra/runs/v8/alg_es/eval_open.json
          algebra/runs/v8/alg_es/eval_open.md
`torch_dtype` is deprecated! Use `dtype` instead!
Loading checkpoint shards:   0%|          | 0/2 [00:00<?, ?it/s]Loading checkpoint shards:  50%|█████     | 1/2 [00:01<00:01,  1.02s/it]Loading checkpoint shards: 100%|██████████| 2/2 [00:01<00:00,  1.66it/s]Loading checkpoint shards: 100%|██████████| 2/2 [00:01<00:00,  1.50it/s]
parche algebra/runs/v8/alg_es/lang_patch_best_train.pt  norma 0.9007  |  tail held-out 50 (idx 0..49)
preset=idioma  condiciones=['prompt_de a=0', 'prompt_de a=1', 'prompt_fr a=0', 'prompt_fr a=1', 'prompt a=0', 'prompt a=1']
prompt_de a=0:   0%|          | 0/50 [00:00<?, ?it/s][lang_id] GlotLID: /mnt/custom-file-systems/efs/fs-0ded2930a619aa967_fsap-0faa05c681ed1a8f3/papers/LLMAtaquesContinuos/modelos/glotlid/model.bin
prompt_de a=0:   2%|▏         | 1/50 [00:04<03:50,  4.71s/it]prompt_de a=0:   4%|▍         | 2/50 [00:08<03:11,  4.00s/it]prompt_de a=0:   6%|▌         | 3/50 [00:11<02:56,  3.75s/it]prompt_de a=0:   8%|▊         | 4/50 [00:15<02:47,  3.64s/it]prompt_de a=0:  10%|█         | 5/50 [00:18<02:41,  3.58s/it]prompt_de a=0:  12%|█▏        | 6/50 [00:22<02:35,  3.53s/it]prompt_de a=0:  14%|█▍        | 7/50 [00:25<02:31,  3.53s/it]prompt_de a=0:  16%|█▌        | 8/50 [00:29<02:27,  3.50s/it]prompt_de a=0:  18%|█▊        | 9/50 [00:32<02:23,  3.49s/it]prompt_de a=0:  20%|██        | 10/50 [00:35<02:19,  3.49s/it]prompt_de a=0:  22%|██▏       | 11/50 [00:38<02:04,  3.19s/it]prompt_de a=0:  24%|██▍       | 12/50 [00:41<02:04,  3.27s/it]prompt_de a=0:  26%|██▌       | 13/50 [00:45<02:03,  3.33s/it]prompt_de a=0:  28%|██▊       | 14/50 [00:48<02:01,  3.37s/it]prompt_de a=0:  30%|███       | 15/50 [00:52<01:58,  3.38s/it]prompt_de a=0:  32%|███▏      | 16/50 [00:55<01:55,  3.39s/it]prompt_de a=0:  34%|███▍      | 17/50 [00:59<01:52,  3.41s/it]prompt_de a=0:  36%|███▌      | 18/50 [01:02<01:48,  3.40s/it]prompt_de a=0:  38%|███▊      | 19/50 [01:05<01:45,  3.40s/it]prompt_de a=0:  40%|████      | 20/50 [01:09<01:41,  3.40s/it]prompt_de a=0:  42%|████▏     | 21/50 [01:12<01:38,  3.41s/it]prompt_de a=0:  44%|████▍     | 22/50 [01:16<01:35,  3.42s/it]prompt_de a=0:  46%|████▌     | 23/50 [01:19<01:32,  3.43s/it]prompt_de a=0:  48%|████▊     | 24/50 [01:23<01:29,  3.44s/it]prompt_de a=0:  50%|█████     | 25/50 [01:26<01:26,  3.47s/it]prompt_de a=0:  52%|█████▏    | 26/50 [01:30<01:23,  3.48s/it]prompt_de a=0:  54%|█████▍    | 27/50 [01:33<01:20,  3.48s/it]prompt_de a=0:  56%|█████▌    | 28/50 [01:37<01:16,  3.47s/it]prompt_de a=0:  58%|█████▊    | 29/50 [01:40<01:12,  3.46s/it]prompt_de a=0:  60%|██████    | 30/50 [01:44<01:09,  3.47s/it]prompt_de a=0:  62%|██████▏   | 31/50 [01:47<01:05,  3.47s/it]prompt_de a=0:  64%|██████▍   | 32/50 [01:51<01:02,  3.49s/it]prompt_de a=0:  66%|██████▌   | 33/50 [01:54<00:59,  3.49s/it]prompt_de a=0:  68%|██████▊   | 34/50 [01:57<00:55,  3.48s/it]prompt_de a=0:  70%|███████   | 35/50 [02:01<00:51,  3.46s/it]prompt_de a=0:  72%|███████▏  | 36/50 [02:04<00:48,  3.46s/it]prompt_de a=0:  74%|███████▍  | 37/50 [02:08<00:45,  3.48s/it]prompt_de a=0:  76%|███████▌  | 38/50 [02:11<00:41,  3.47s/it]prompt_de a=0:  78%|███████▊  | 39/50 [02:15<00:37,  3.45s/it]prompt_de a=0:  80%|████████  | 40/50 [02:18<00:34,  3.45s/it]prompt_de a=0:  82%|████████▏ | 41/50 [02:22<00:30,  3.43s/it]prompt_de a=0:  84%|████████▍ | 42/50 [02:25<00:27,  3.44s/it]prompt_de a=0:  86%|████████▌ | 43/50 [02:28<00:24,  3.44s/it]prompt_de a=0:  88%|████████▊ | 44/50 [02:30<00:16,  2.83s/it]prompt_de a=0:  90%|█████████ | 45/50 [02:33<00:15,  3.01s/it]prompt_de a=0:  92%|█████████▏| 46/50 [02:37<00:12,  3.13s/it]prompt_de a=0:  94%|█████████▍| 47/50 [02:40<00:09,  3.22s/it]prompt_de a=0:  96%|█████████▌| 48/50 [02:44<00:06,  3.29s/it]prompt_de a=0:  98%|█████████▊| 49/50 [02:47<00:03,  3.34s/it]prompt_de a=0: 100%|██████████| 50/50 [02:50<00:00,  3.37s/it]prompt_de a=0: 100%|██████████| 50/50 [02:50<00:00,  3.42s/it]
prompt_de a=1:   0%|          | 0/50 [00:00<?, ?it/s]prompt_de a=1:   2%|▏         | 1/50 [00:03<02:46,  3.40s/it]prompt_de a=1:   4%|▍         | 2/50 [00:06<02:42,  3.39s/it]prompt_de a=1:   6%|▌         | 3/50 [00:10<02:39,  3.40s/it]prompt_de a=1:   8%|▊         | 4/50 [00:13<02:37,  3.41s/it]prompt_de a=1:  10%|█         | 5/50 [00:17<02:33,  3.42s/it]prompt_de a=1:  12%|█▏        | 6/50 [00:20<02:30,  3.41s/it]prompt_de a=1:  14%|█▍        | 7/50 [00:23<02:26,  3.42s/it]prompt_de a=1:  16%|█▌        | 8/50 [00:27<02:23,  3.42s/it]prompt_de a=1:  18%|█▊        | 9/50 [00:30<02:21,  3.44s/it]prompt_de a=1:  20%|██        | 10/50 [00:34<02:17,  3.44s/it]prompt_de a=1:  22%|██▏       | 11/50 [00:37<02:06,  3.25s/it]prompt_de a=1:  24%|██▍       | 12/50 [00:40<02:05,  3.31s/it]prompt_de a=1:  26%|██▌       | 13/50 [00:43<02:04,  3.35s/it]prompt_de a=1:  28%|██▊       | 14/50 [00:47<02:01,  3.38s/it]prompt_de a=1:  30%|███       | 15/50 [00:50<01:58,  3.39s/it]prompt_de a=1:  32%|███▏      | 16/50 [00:52<01:36,  2.83s/it]prompt_de a=1:  34%|███▍      | 17/50 [00:55<01:39,  3.02s/it]prompt_de a=1:  36%|███▌      | 18/50 [00:59<01:40,  3.15s/it]prompt_de a=1:  38%|███▊      | 19/50 [01:02<01:40,  3.24s/it]prompt_de a=1:  40%|████      | 20/50 [01:06<01:39,  3.32s/it]prompt_de a=1:  42%|████▏     | 21/50 [01:09<01:37,  3.37s/it]prompt_de a=1:  44%|████▍     | 22/50 [01:13<01:35,  3.42s/it]prompt_de a=1:  46%|████▌     | 23/50 [01:16<01:33,  3.46s/it]prompt_de a=1:  48%|████▊     | 24/50 [01:20<01:30,  3.47s/it]prompt_de a=1:  50%|█████     | 25/50 [01:23<01:26,  3.47s/it]prompt_de a=1:  52%|█████▏    | 26/50 [01:27<01:22,  3.45s/it]prompt_de a=1:  54%|█████▍    | 27/50 [01:30<01:19,  3.44s/it]prompt_de a=1:  56%|█████▌    | 28/50 [01:34<01:15,  3.44s/it]prompt_de a=1:  58%|█████▊    | 29/50 [01:37<01:12,  3.44s/it]prompt_de a=1:  60%|██████    | 30/50 [01:40<01:08,  3.44s/it]prompt_de a=1:  62%|██████▏   | 31/50 [01:44<01:05,  3.43s/it]prompt_de a=1:  64%|██████▍   | 32/50 [01:47<01:01,  3.43s/it]prompt_de a=1:  66%|██████▌   | 33/50 [01:51<00:58,  3.44s/it]prompt_de a=1:  68%|██████▊   | 34/50 [01:54<00:55,  3.44s/it]prompt_de a=1:  70%|███████   | 35/50 [01:56<00:43,  2.88s/it]prompt_de a=1:  72%|███████▏  | 36/50 [01:59<00:42,  3.06s/it]prompt_de a=1:  74%|███████▍  | 37/50 [02:03<00:41,  3.20s/it]prompt_de a=1:  76%|███████▌  | 38/50 [02:06<00:39,  3.28s/it]prompt_de a=1:  78%|███████▊  | 39/50 [02:10<00:36,  3.33s/it]prompt_de a=1:  80%|████████  | 40/50 [02:13<00:33,  3.39s/it]prompt_de a=1:  82%|████████▏ | 41/50 [02:17<00:30,  3.43s/it]prompt_de a=1:  84%|████████▍ | 42/50 [02:20<00:27,  3.45s/it]prompt_de a=1:  86%|████████▌ | 43/50 [02:24<00:24,  3.47s/it]prompt_de a=1:  88%|████████▊ | 44/50 [02:27<00:20,  3.46s/it]prompt_de a=1:  90%|█████████ | 45/50 [02:31<00:17,  3.44s/it]prompt_de a=1:  92%|█████████▏| 46/50 [02:34<00:13,  3.44s/it]prompt_de a=1:  94%|█████████▍| 47/50 [02:37<00:10,  3.44s/it]prompt_de a=1:  96%|█████████▌| 48/50 [02:41<00:06,  3.42s/it]prompt_de a=1:  98%|█████████▊| 49/50 [02:44<00:03,  3.42s/it]prompt_de a=1: 100%|██████████| 50/50 [02:48<00:00,  3.41s/it]prompt_de a=1: 100%|██████████| 50/50 [02:48<00:00,  3.36s/it]
prompt_fr a=0:   0%|          | 0/50 [00:00<?, ?it/s]prompt_fr a=0:   2%|▏         | 1/50 [00:03<02:48,  3.45s/it]prompt_fr a=0:   4%|▍         | 2/50 [00:06<02:38,  3.31s/it]prompt_fr a=0:   6%|▌         | 3/50 [00:10<02:38,  3.38s/it]prompt_fr a=0:   8%|▊         | 4/50 [00:13<02:37,  3.41s/it]prompt_fr a=0:  10%|█         | 5/50 [00:17<02:35,  3.45s/it]prompt_fr a=0:  12%|█▏        | 6/50 [00:20<02:32,  3.46s/it]prompt_fr a=0:  14%|█▍        | 7/50 [00:24<02:28,  3.45s/it]prompt_fr a=0:  16%|█▌        | 8/50 [00:27<02:25,  3.47s/it]prompt_fr a=0:  18%|█▊        | 9/50 [00:31<02:22,  3.48s/it]prompt_fr a=0:  20%|██        | 10/50 [00:34<02:18,  3.46s/it]prompt_fr a=0:  22%|██▏       | 11/50 [00:37<02:11,  3.37s/it]prompt_fr a=0:  24%|██▍       | 12/50 [00:41<02:08,  3.39s/it]prompt_fr a=0:  26%|██▌       | 13/50 [00:44<02:05,  3.40s/it]prompt_fr a=0:  28%|██▊       | 14/50 [00:47<02:02,  3.41s/it]prompt_fr a=0:  30%|███       | 15/50 [00:51<01:59,  3.42s/it]prompt_fr a=0:  32%|███▏      | 16/50 [00:52<01:30,  2.66s/it]prompt_fr a=0:  34%|███▍      | 17/50 [00:55<01:35,  2.88s/it]prompt_fr a=0:  36%|███▌      | 18/50 [00:58<01:36,  3.03s/it]prompt_fr a=0:  38%|███▊      | 19/50 [01:02<01:37,  3.14s/it]prompt_fr a=0:  40%|████      | 20/50 [01:05<01:37,  3.23s/it]prompt_fr a=0:  42%|████▏     | 21/50 [01:09<01:35,  3.31s/it]prompt_fr a=0:  44%|████▍     | 22/50 [01:12<01:34,  3.37s/it]prompt_fr a=0:  46%|████▌     | 23/50 [01:16<01:31,  3.40s/it]prompt_fr a=0:  48%|████▊     | 24/50 [01:17<01:09,  2.68s/it]prompt_fr a=0:  50%|█████     | 25/50 [01:20<01:13,  2.94s/it]prompt_fr a=0:  52%|█████▏    | 26/50 [01:24<01:14,  3.11s/it]prompt_fr a=0:  54%|█████▍    | 27/50 [01:27<01:14,  3.22s/it]prompt_fr a=0:  56%|█████▌    | 28/50 [01:31<01:13,  3.32s/it]prompt_fr a=0:  58%|█████▊    | 29/50 [01:34<01:10,  3.36s/it]prompt_fr a=0:  60%|██████    | 30/50 [01:38<01:08,  3.41s/it]prompt_fr a=0:  62%|██████▏   | 31/50 [01:41<01:04,  3.42s/it]prompt_fr a=0:  64%|██████▍   | 32/50 [01:45<01:01,  3.42s/it]prompt_fr a=0:  66%|██████▌   | 33/50 [01:48<00:58,  3.43s/it]prompt_fr a=0:  68%|██████▊   | 34/50 [01:52<00:54,  3.43s/it]prompt_fr a=0:  70%|███████   | 35/50 [01:55<00:51,  3.43s/it]prompt_fr a=0:  72%|███████▏  | 36/50 [01:58<00:48,  3.43s/it]prompt_fr a=0:  74%|███████▍  | 37/50 [02:02<00:44,  3.43s/it]prompt_fr a=0:  76%|███████▌  | 38/50 [02:05<00:41,  3.43s/it]prompt_fr a=0:  78%|███████▊  | 39/50 [02:09<00:37,  3.43s/it]prompt_fr a=0:  80%|████████  | 40/50 [02:12<00:34,  3.42s/it]prompt_fr a=0:  82%|████████▏ | 41/50 [02:16<00:30,  3.43s/it]prompt_fr a=0:  84%|████████▍ | 42/50 [02:19<00:27,  3.42s/it]prompt_fr a=0:  86%|████████▌ | 43/50 [02:22<00:23,  3.42s/it]prompt_fr a=0:  88%|████████▊ | 44/50 [02:26<00:20,  3.42s/it]prompt_fr a=0:  90%|█████████ | 45/50 [02:29<00:17,  3.42s/it]prompt_fr a=0:  92%|█████████▏| 46/50 [02:33<00:13,  3.42s/it]prompt_fr a=0:  94%|█████████▍| 47/50 [02:36<00:10,  3.42s/it]prompt_fr a=0:  96%|█████████▌| 48/50 [02:40<00:06,  3.42s/it]prompt_fr a=0:  98%|█████████▊| 49/50 [02:43<00:03,  3.43s/it]prompt_fr a=0: 100%|██████████| 50/50 [02:47<00:00,  3.46s/it]prompt_fr a=0: 100%|██████████| 50/50 [02:47<00:00,  3.34s/it]
prompt_fr a=1:   0%|          | 0/50 [00:00<?, ?it/s]prompt_fr a=1:   2%|▏         | 1/50 [00:03<02:50,  3.47s/it]prompt_fr a=1:   4%|▍         | 2/50 [00:07<02:48,  3.51s/it]prompt_fr a=1:   6%|▌         | 3/50 [00:10<02:44,  3.51s/it]prompt_fr a=1:   8%|▊         | 4/50 [00:13<02:40,  3.49s/it]prompt_fr a=1:  10%|█         | 5/50 [00:17<02:37,  3.50s/it]prompt_fr a=1:  12%|█▏        | 6/50 [00:18<01:58,  2.69s/it]prompt_fr a=1:  14%|█▍        | 7/50 [00:22<02:07,  2.96s/it]prompt_fr a=1:  16%|█▌        | 8/50 [00:25<02:10,  3.12s/it]prompt_fr a=1:  18%|█▊        | 9/50 [00:29<02:12,  3.23s/it]prompt_fr a=1:  20%|██        | 10/50 [00:32<02:11,  3.30s/it]prompt_fr a=1:  22%|██▏       | 11/50 [00:35<02:10,  3.35s/it]prompt_fr a=1:  24%|██▍       | 12/50 [00:39<02:09,  3.41s/it]prompt_fr a=1:  26%|██▌       | 13/50 [00:43<02:07,  3.44s/it]prompt_fr a=1:  28%|██▊       | 14/50 [00:46<02:04,  3.46s/it]prompt_fr a=1:  30%|███       | 15/50 [00:50<02:01,  3.47s/it]prompt_fr a=1:  32%|███▏      | 16/50 [00:51<01:34,  2.78s/it]prompt_fr a=1:  34%|███▍      | 17/50 [00:54<01:38,  2.98s/it]prompt_fr a=1:  36%|███▌      | 18/50 [00:58<01:39,  3.11s/it]prompt_fr a=1:  38%|███▊      | 19/50 [01:01<01:39,  3.21s/it]prompt_fr a=1:  40%|████      | 20/50 [01:04<01:38,  3.27s/it]prompt_fr a=1:  42%|████▏     | 21/50 [01:08<01:36,  3.32s/it]prompt_fr a=1:  44%|████▍     | 22/50 [01:09<01:12,  2.60s/it]prompt_fr a=1:  46%|████▌     | 23/50 [01:12<01:16,  2.84s/it]prompt_fr a=1:  48%|████▊     | 24/50 [01:16<01:18,  3.02s/it]prompt_fr a=1:  50%|█████     | 25/50 [01:19<01:18,  3.14s/it]prompt_fr a=1:  52%|█████▏    | 26/50 [01:22<01:17,  3.23s/it]prompt_fr a=1:  54%|█████▍    | 27/50 [01:26<01:15,  3.29s/it]prompt_fr a=1:  56%|█████▌    | 28/50 [01:29<01:13,  3.33s/it]prompt_fr a=1:  58%|█████▊    | 29/50 [01:33<01:10,  3.36s/it]prompt_fr a=1:  60%|██████    | 30/50 [01:36<01:07,  3.37s/it]prompt_fr a=1:  62%|██████▏   | 31/50 [01:40<01:04,  3.39s/it]prompt_fr a=1:  64%|██████▍   | 32/50 [01:42<00:57,  3.18s/it]prompt_fr a=1:  66%|██████▌   | 33/50 [01:46<00:55,  3.26s/it]prompt_fr a=1:  68%|██████▊   | 34/50 [01:49<00:50,  3.16s/it]prompt_fr a=1:  70%|███████   | 35/50 [01:50<00:40,  2.72s/it]prompt_fr a=1:  72%|███████▏  | 36/50 [01:54<00:40,  2.92s/it]prompt_fr a=1:  74%|███████▍  | 37/50 [01:57<00:39,  3.07s/it]prompt_fr a=1:  76%|███████▌  | 38/50 [02:01<00:38,  3.18s/it]prompt_fr a=1:  78%|███████▊  | 39/50 [02:04<00:35,  3.25s/it]prompt_fr a=1:  80%|████████  | 40/50 [02:07<00:33,  3.31s/it]prompt_fr a=1:  82%|████████▏ | 41/50 [02:11<00:30,  3.34s/it]prompt_fr a=1:  84%|████████▍ | 42/50 [02:14<00:26,  3.37s/it]prompt_fr a=1:  86%|████████▌ | 43/50 [02:18<00:23,  3.39s/it]prompt_fr a=1:  88%|████████▊ | 44/50 [02:19<00:15,  2.66s/it]prompt_fr a=1:  90%|█████████ | 45/50 [02:21<00:12,  2.60s/it]prompt_fr a=1:  92%|█████████▏| 46/50 [02:25<00:11,  2.86s/it]prompt_fr a=1:  94%|█████████▍| 47/50 [02:28<00:09,  3.03s/it]prompt_fr a=1:  96%|█████████▌| 48/50 [02:31<00:06,  3.09s/it]prompt_fr a=1:  98%|█████████▊| 49/50 [02:35<00:03,  3.20s/it]prompt_fr a=1: 100%|██████████| 50/50 [02:38<00:00,  3.26s/it]prompt_fr a=1: 100%|██████████| 50/50 [02:38<00:00,  3.17s/it]
prompt a=0:   0%|          | 0/50 [00:00<?, ?it/s]prompt a=0:   2%|▏         | 1/50 [00:03<02:47,  3.42s/it]prompt a=0:   4%|▍         | 2/50 [00:06<02:45,  3.45s/it]prompt a=0:   6%|▌         | 3/50 [00:10<02:41,  3.43s/it]prompt a=0:   8%|▊         | 4/50 [00:13<02:37,  3.42s/it]prompt a=0:  10%|█         | 5/50 [00:17<02:33,  3.41s/it]prompt a=0:  12%|█▏        | 6/50 [00:20<02:30,  3.42s/it]prompt a=0:  14%|█▍        | 7/50 [00:23<02:27,  3.43s/it]prompt a=0:  16%|█▌        | 8/50 [00:27<02:23,  3.42s/it]prompt a=0:  18%|█▊        | 9/50 [00:30<02:20,  3.43s/it]prompt a=0:  20%|██        | 10/50 [00:34<02:17,  3.44s/it]prompt a=0:  22%|██▏       | 11/50 [00:37<02:09,  3.33s/it]prompt a=0:  24%|██▍       | 12/50 [00:40<02:07,  3.35s/it]prompt a=0:  26%|██▌       | 13/50 [00:44<02:04,  3.37s/it]prompt a=0:  28%|██▊       | 14/50 [00:47<02:02,  3.39s/it]prompt a=0:  30%|███       | 15/50 [00:51<01:58,  3.39s/it]prompt a=0:  32%|███▏      | 16/50 [00:54<01:55,  3.39s/it]prompt a=0:  34%|███▍      | 17/50 [00:57<01:52,  3.40s/it]prompt a=0:  36%|███▌      | 18/50 [01:01<01:49,  3.41s/it]prompt a=0:  38%|███▊      | 19/50 [01:04<01:45,  3.41s/it]prompt a=0:  40%|████      | 20/50 [01:08<01:42,  3.41s/it]prompt a=0:  42%|████▏     | 21/50 [01:11<01:38,  3.41s/it]prompt a=0:  44%|████▍     | 22/50 [01:14<01:35,  3.42s/it]prompt a=0:  46%|████▌     | 23/50 [01:18<01:32,  3.43s/it]prompt a=0:  48%|████▊     | 24/50 [01:21<01:29,  3.43s/it]prompt a=0:  50%|█████     | 25/50 [01:25<01:25,  3.44s/it]prompt a=0:  52%|█████▏    | 26/50 [01:28<01:22,  3.44s/it]prompt a=0:  54%|█████▍    | 27/50 [01:32<01:18,  3.43s/it]prompt a=0:  56%|█████▌    | 28/50 [01:35<01:15,  3.43s/it]prompt a=0:  58%|█████▊    | 29/50 [01:38<01:12,  3.43s/it]prompt a=0:  60%|██████    | 30/50 [01:42<01:08,  3.43s/it]prompt a=0:  62%|██████▏   | 31/50 [01:45<01:05,  3.43s/it]prompt a=0:  64%|██████▍   | 32/50 [01:49<01:01,  3.43s/it]prompt a=0:  66%|██████▌   | 33/50 [01:52<00:58,  3.42s/it]prompt a=0:  68%|██████▊   | 34/50 [01:56<00:54,  3.44s/it]prompt a=0:  70%|███████   | 35/50 [01:59<00:51,  3.47s/it]prompt a=0:  72%|███████▏  | 36/50 [02:03<00:48,  3.46s/it]prompt a=0:  74%|███████▍  | 37/50 [02:06<00:45,  3.48s/it]prompt a=0:  76%|███████▌  | 38/50 [02:10<00:41,  3.47s/it]prompt a=0:  78%|███████▊  | 39/50 [02:13<00:38,  3.47s/it]prompt a=0:  80%|████████  | 40/50 [02:17<00:34,  3.47s/it]prompt a=0:  82%|████████▏ | 41/50 [02:20<00:31,  3.48s/it]prompt a=0:  84%|████████▍ | 42/50 [02:24<00:27,  3.49s/it]prompt a=0:  86%|████████▌ | 43/50 [02:27<00:24,  3.48s/it]prompt a=0:  88%|████████▊ | 44/50 [02:29<00:17,  2.91s/it]prompt a=0:  90%|█████████ | 45/50 [02:32<00:15,  3.09s/it]prompt a=0:  92%|█████████▏| 46/50 [02:36<00:12,  3.21s/it]prompt a=0:  94%|█████████▍| 47/50 [02:39<00:09,  3.29s/it]prompt a=0:  96%|█████████▌| 48/50 [02:43<00:06,  3.36s/it]prompt a=0:  98%|█████████▊| 49/50 [02:46<00:03,  3.40s/it]prompt a=0: 100%|██████████| 50/50 [02:50<00:00,  3.42s/it]prompt a=0: 100%|██████████| 50/50 [02:50<00:00,  3.40s/it]
prompt a=1:   0%|          | 0/50 [00:00<?, ?it/s]prompt a=1:   2%|▏         | 1/50 [00:03<02:50,  3.48s/it]prompt a=1:   4%|▍         | 2/50 [00:06<02:47,  3.50s/it]prompt a=1:   6%|▌         | 3/50 [00:10<02:43,  3.48s/it]prompt a=1:   8%|▊         | 4/50 [00:13<02:40,  3.49s/it]prompt a=1:  10%|█         | 5/50 [00:17<02:37,  3.50s/it]prompt a=1:  12%|█▏        | 6/50 [00:20<02:33,  3.50s/it]prompt a=1:  14%|█▍        | 7/50 [00:24<02:29,  3.48s/it]prompt a=1:  16%|█▌        | 8/50 [00:27<02:25,  3.45s/it]prompt a=1:  18%|█▊        | 9/50 [00:31<02:21,  3.45s/it]prompt a=1:  20%|██        | 10/50 [00:34<02:17,  3.45s/it]prompt a=1:  22%|██▏       | 11/50 [00:38<02:14,  3.44s/it]prompt a=1:  24%|██▍       | 12/50 [00:41<02:10,  3.44s/it]prompt a=1:  26%|██▌       | 13/50 [00:44<02:07,  3.44s/it]prompt a=1:  28%|██▊       | 14/50 [00:48<02:03,  3.42s/it]prompt a=1:  30%|███       | 15/50 [00:51<01:59,  3.42s/it]prompt a=1:  32%|███▏      | 16/50 [00:52<01:32,  2.72s/it]prompt a=1:  34%|███▍      | 17/50 [00:56<01:36,  2.93s/it]prompt a=1:  36%|███▌      | 18/50 [00:59<01:38,  3.08s/it]prompt a=1:  38%|███▊      | 19/50 [01:03<01:38,  3.17s/it]prompt a=1:  40%|████      | 20/50 [01:06<01:37,  3.23s/it]prompt a=1:  42%|████▏     | 21/50 [01:09<01:35,  3.28s/it]prompt a=1:  44%|████▍     | 22/50 [01:13<01:33,  3.33s/it]prompt a=1:  46%|████▌     | 23/50 [01:16<01:30,  3.35s/it]prompt a=1:  48%|████▊     | 24/50 [01:20<01:27,  3.37s/it]prompt a=1:  50%|█████     | 25/50 [01:23<01:24,  3.39s/it]prompt a=1:  52%|█████▏    | 26/50 [01:27<01:22,  3.42s/it]prompt a=1:  54%|█████▍    | 27/50 [01:30<01:19,  3.45s/it]prompt a=1:  56%|█████▌    | 28/50 [01:34<01:16,  3.47s/it]prompt a=1:  58%|█████▊    | 29/50 [01:37<01:12,  3.47s/it]prompt a=1:  60%|██████    | 30/50 [01:41<01:09,  3.47s/it]prompt a=1:  62%|██████▏   | 31/50 [01:44<01:05,  3.46s/it]prompt a=1:  64%|██████▍   | 32/50 [01:47<01:01,  3.44s/it]prompt a=1:  66%|██████▌   | 33/50 [01:51<00:58,  3.43s/it]prompt a=1:  68%|██████▊   | 34/50 [01:54<00:54,  3.42s/it]prompt a=1:  70%|███████   | 35/50 [01:58<00:51,  3.42s/it]prompt a=1:  72%|███████▏  | 36/50 [02:01<00:47,  3.41s/it]prompt a=1:  74%|███████▍  | 37/50 [02:04<00:44,  3.41s/it]prompt a=1:  76%|███████▌  | 38/50 [02:08<00:41,  3.43s/it]prompt a=1:  78%|███████▊  | 39/50 [02:11<00:37,  3.45s/it]prompt a=1:  80%|████████  | 40/50 [02:15<00:34,  3.47s/it]prompt a=1:  82%|████████▏ | 41/50 [02:18<00:31,  3.48s/it]prompt a=1:  84%|████████▍ | 42/50 [02:22<00:27,  3.49s/it]prompt a=1:  86%|████████▌ | 43/50 [02:25<00:24,  3.49s/it]prompt a=1:  88%|████████▊ | 44/50 [02:29<00:20,  3.48s/it]prompt a=1:  90%|█████████ | 45/50 [02:32<00:17,  3.50s/it]prompt a=1:  92%|█████████▏| 46/50 [02:36<00:14,  3.51s/it]prompt a=1:  94%|█████████▍| 47/50 [02:39<00:10,  3.49s/it]prompt a=1:  96%|█████████▌| 48/50 [02:43<00:06,  3.50s/it]prompt a=1:  98%|█████████▊| 49/50 [02:46<00:03,  3.50s/it]prompt a=1: 100%|██████████| 50/50 [02:50<00:00,  3.51s/it]prompt a=1: 100%|██████████| 50/50 [02:50<00:00,  3.41s/it]

============================================================================================================================================
condicion              n    fr    en    es    de    it    pt  unk  is_fr  st_fr   acc  cambio  largo  ce_fr_h  ce_en_h  leak
--------------------------------------------------------------------------------------------------------------------------------------------
prompt_de a=0         50  0.00  0.00  0.00  0.98  0.00  0.00 0.00   0.00   0.00   nan     nan  522.1    4.922    4.058  0.00
prompt_de a=1         50  0.00  0.00  1.00  0.00  0.00  0.00 0.00   0.00   0.22   nan    1.00  539.4    1.761    4.860  0.00
prompt_fr a=0         50  1.00  0.00  0.00  0.00  0.00  0.00 0.00   1.00   0.70   nan     nan  533.1    4.258    3.454  0.00
prompt_fr a=1         50  0.00  0.00  1.00  0.00  0.00  0.00 0.00   0.00   0.22   nan    1.00  519.1    1.976    5.153  0.00
prompt a=0            50  0.00  0.98  0.02  0.00  0.00  0.00 0.00   0.00   0.00   nan     nan  704.6    5.795    0.226  0.00
prompt a=1            50  0.00  0.00  1.00  0.00  0.00  0.00 0.00   0.00   0.26   nan    1.00  552.7    0.940    3.806  0.00
============================================================================================================================================

celda target: es
condicion             celda_ok    tgt  mayus
prompt_de a=0             0.00   0.00   0.00
prompt_de a=1             1.00   1.00   0.00
prompt_fr a=0             0.00   0.00   0.00
prompt_fr a=1             1.00   1.00   0.00
prompt a=0                0.02   0.02   0.00
prompt a=1                1.00   1.00   0.00
ce_fr_h es la CE del head del target de ESTA celda (columna `output` del CSV), no de frances.
fr/en/es/de/it/pt/unk: fraccion de salidas por idioma (language_verdict). cambio: salida != a=0.
ce_*_h: CE del head del target frances / del baseline ingles bajo esa condicion.

Guardado: algebra/runs/v8/alg_es/open_2/cross_lang_idioma.json

################ C de
`torch_dtype` is deprecated! Use `dtype` instead!
Loading checkpoint shards:   0%|          | 0/2 [00:00<?, ?it/s]Loading checkpoint shards:  50%|█████     | 1/2 [00:01<00:01,  1.02s/it]Loading checkpoint shards: 100%|██████████| 2/2 [00:01<00:00,  1.67it/s]Loading checkpoint shards: 100%|██████████| 2/2 [00:01<00:00,  1.51it/s]
Held-out: 99  |  parche: algebra/runs/v8/alg_de/lang_patch_best_train.pt  |  escala: 1.0
======================================================================
eval:   0%|          | 0/99 [00:00<?, ?it/s][lang_id] GlotLID: /mnt/custom-file-systems/efs/fs-0ded2930a619aa967_fsap-0faa05c681ed1a8f3/papers/LLMAtaquesContinuos/modelos/glotlid/model.bin
eval:   1%|          | 1/99 [00:10<17:23, 10.65s/it]eval:   2%|▏         | 2/99 [00:21<16:57, 10.49s/it]eval:   3%|▎         | 3/99 [00:31<16:44, 10.47s/it]eval:   4%|▍         | 4/99 [00:32<10:31,  6.65s/it]eval:   5%|▌         | 5/99 [00:42<12:34,  8.03s/it]eval:   6%|▌         | 6/99 [00:53<13:44,  8.86s/it]eval:   7%|▋         | 7/99 [01:02<13:56,  9.09s/it]eval:   8%|▊         | 8/99 [01:13<14:28,  9.54s/it]eval:   9%|▉         | 9/99 [01:15<10:57,  7.31s/it]eval:  10%|█         | 10/99 [01:26<12:17,  8.28s/it]eval:  11%|█         | 11/99 [01:34<11:59,  8.18s/it]eval:  12%|█▏        | 12/99 [01:44<12:52,  8.88s/it]eval:  13%|█▎        | 13/99 [01:55<13:24,  9.35s/it]eval:  14%|█▍        | 14/99 [02:05<13:43,  9.68s/it]eval:  15%|█▌        | 15/99 [02:15<13:46,  9.84s/it]eval:  16%|█▌        | 16/99 [02:26<13:50, 10.00s/it]eval:  17%|█▋        | 17/99 [02:36<13:52, 10.15s/it]eval:  18%|█▊        | 18/99 [02:46<13:48, 10.23s/it]eval:  19%|█▉        | 19/99 [02:57<13:43, 10.30s/it]eval:  20%|██        | 20/99 [03:07<13:38, 10.36s/it]eval:  21%|██        | 21/99 [03:18<13:30, 10.39s/it]eval:  22%|██▏       | 22/99 [03:28<13:20, 10.40s/it]eval:  23%|██▎       | 23/99 [03:38<12:45, 10.08s/it]eval:  24%|██▍       | 24/99 [03:48<12:43, 10.18s/it]eval:  25%|██▌       | 25/99 [03:59<12:39, 10.27s/it]eval:  26%|██▋       | 26/99 [04:09<12:33, 10.33s/it]eval:  27%|██▋       | 27/99 [04:19<12:25, 10.36s/it]eval:  28%|██▊       | 28/99 [04:30<12:17, 10.39s/it]eval:  29%|██▉       | 29/99 [04:40<12:08, 10.41s/it]eval:  30%|███       | 30/99 [04:51<11:58, 10.42s/it]eval:  31%|███▏      | 31/99 [05:01<11:49, 10.44s/it]eval:  32%|███▏      | 32/99 [05:12<11:39, 10.43s/it]eval:  33%|███▎      | 33/99 [05:22<11:29, 10.45s/it]eval:  34%|███▍      | 34/99 [05:33<11:19, 10.45s/it]eval:  35%|███▌      | 35/99 [05:43<11:09, 10.45s/it]eval:  36%|███▋      | 36/99 [05:54<10:58, 10.46s/it]eval:  37%|███▋      | 37/99 [06:04<10:48, 10.45s/it]eval:  38%|███▊      | 38/99 [06:14<10:38, 10.47s/it]eval:  39%|███▉      | 39/99 [06:25<10:28, 10.47s/it]eval:  40%|████      | 40/99 [06:35<10:18, 10.48s/it]eval:  41%|████▏     | 41/99 [06:46<10:07, 10.48s/it]eval:  42%|████▏     | 42/99 [06:56<09:56, 10.47s/it]eval:  43%|████▎     | 43/99 [07:07<09:45, 10.46s/it]eval:  44%|████▍     | 44/99 [07:17<09:35, 10.47s/it]eval:  45%|████▌     | 45/99 [07:28<09:24, 10.46s/it]eval:  46%|████▋     | 46/99 [07:38<09:15, 10.47s/it]eval:  47%|████▋     | 47/99 [07:49<09:04, 10.47s/it]eval:  48%|████▊     | 48/99 [07:59<08:54, 10.47s/it]eval:  49%|████▉     | 49/99 [08:10<08:43, 10.47s/it]eval:  51%|█████     | 50/99 [08:20<08:32, 10.46s/it]eval:  52%|█████▏    | 51/99 [08:30<08:06, 10.14s/it]eval:  53%|█████▎    | 52/99 [08:40<07:59, 10.20s/it]eval:  54%|█████▎    | 53/99 [08:49<07:36,  9.92s/it]eval:  55%|█████▍    | 54/99 [09:00<07:33, 10.07s/it]eval:  56%|█████▌    | 55/99 [09:10<07:27, 10.16s/it]eval:  57%|█████▋    | 56/99 [09:20<07:20, 10.25s/it]eval:  58%|█████▊    | 57/99 [09:29<06:53,  9.84s/it]eval:  59%|█████▊    | 58/99 [09:40<06:50, 10.01s/it]eval:  60%|█████▉    | 59/99 [09:50<06:46, 10.16s/it]eval:  61%|██████    | 60/99 [10:01<06:39, 10.25s/it]eval:  62%|██████▏   | 61/99 [10:11<06:32, 10.32s/it]eval:  63%|██████▎   | 62/99 [10:22<06:23, 10.36s/it]eval:  64%|██████▎   | 63/99 [10:29<05:40,  9.46s/it]eval:  65%|██████▍   | 64/99 [10:39<05:41,  9.77s/it]eval:  66%|██████▌   | 65/99 [10:50<05:39,  9.98s/it]eval:  67%|██████▋   | 66/99 [11:00<05:34, 10.14s/it]eval:  68%|██████▊   | 67/99 [11:11<05:27, 10.25s/it]eval:  69%|██████▊   | 68/99 [11:21<05:20, 10.33s/it]eval:  70%|██████▉   | 69/99 [11:32<05:11, 10.38s/it]eval:  71%|███████   | 70/99 [11:42<05:02, 10.43s/it]eval:  72%|███████▏  | 71/99 [11:52<04:45, 10.19s/it]eval:  73%|███████▎  | 72/99 [12:03<04:37, 10.29s/it]eval:  74%|███████▎  | 73/99 [12:12<04:23, 10.12s/it]eval:  75%|███████▍  | 74/99 [12:23<04:15, 10.23s/it]eval:  76%|███████▌  | 75/99 [12:33<04:07, 10.32s/it]eval:  77%|███████▋  | 76/99 [12:44<03:58, 10.37s/it]eval:  78%|███████▊  | 77/99 [12:54<03:48, 10.40s/it]eval:  79%|███████▉  | 78/99 [13:05<03:39, 10.43s/it]eval:  80%|███████▉  | 79/99 [13:15<03:25, 10.29s/it]eval:  81%|████████  | 80/99 [13:25<03:16, 10.34s/it]eval:  82%|████████▏ | 81/99 [13:36<03:06, 10.38s/it]eval:  83%|████████▎ | 82/99 [13:46<02:56, 10.41s/it]eval:  84%|████████▍ | 83/99 [13:57<02:47, 10.44s/it]eval:  85%|████████▍ | 84/99 [14:07<02:36, 10.43s/it]eval:  86%|████████▌ | 85/99 [14:18<02:26, 10.44s/it]eval:  87%|████████▋ | 86/99 [14:28<02:15, 10.44s/it]eval:  88%|████████▊ | 87/99 [14:38<02:05, 10.43s/it]eval:  89%|████████▉ | 88/99 [14:49<01:54, 10.42s/it]eval:  90%|████████▉ | 89/99 [14:59<01:44, 10.41s/it]eval:  91%|█████████ | 90/99 [15:10<01:33, 10.40s/it]eval:  92%|█████████▏| 91/99 [15:20<01:23, 10.42s/it]eval:  93%|█████████▎| 92/99 [15:31<01:13, 10.45s/it]eval:  94%|█████████▍| 93/99 [15:40<01:01, 10.25s/it]eval:  95%|█████████▍| 94/99 [15:51<00:51, 10.33s/it]eval:  96%|█████████▌| 95/99 [16:01<00:41, 10.37s/it]eval:  97%|█████████▋| 96/99 [16:12<00:31, 10.41s/it]eval:  98%|█████████▊| 97/99 [16:21<00:19,  9.89s/it]eval:  99%|█████████▉| 98/99 [16:31<00:10, 10.05s/it]eval: 100%|██████████| 99/99 [16:41<00:00, 10.18s/it]eval: 100%|██████████| 99/99 [16:41<00:00, 10.12s/it]

======================================================================
condicion                   is_french   fr_score   accuracy    leak
----------------------------------------------------------------------
baseline  M(q)                  0.0%      0.005      nan%      0%
referencia  M([FR;q])           0.0%      0.000      nan%      0%
parche  M(q+v)                  0.0%      0.005      nan%      0%
----------------------------------------------------------------------
celda target: de   (celda_ok = idioma de Y NO mayusculas)
condicion                    celda_ok     idioma      mayus
baseline  M(q)                  0.0%       0.0%       0.0%
referencia  M([FR;q])         100.0%     100.0%       0.0%
parche  M(q+v)                 93.9%      93.9%       0.0%
----------------------------------------------------------------------
CE target FR                sin parche  con parche     delta
head (primeros 5)               5.9139      0.8990   -5.0150
tail (el resto)                 0.3887      0.2853   -0.1034
toda la respuesta               0.5951      0.3144   -0.2807
  el head es donde vive la decision de idioma; el tail casi no deberia moverse
  tokens parcheados por prompt (anchor goal_all): media 5.2

======================================================================
PROMPTS ABIERTOS  (n=99, sin respuesta verificable)
  overlap de contenido parche vs referencia : 0.215
  overlap baseline(EN) vs referencia        : 0.013
  control de azar (parche vs otra pregunta) : 0.007
  frances por tercio, parche     : [0.94, 0.93, 0.93]
  frances por tercio, referencia : [1.0, 1.0, 0.99]
  si el parche cae en el tercer tercio, el efecto es local y decae
======================================================================

Reportes: algebra/runs/v8/alg_de/eval_open.json
          algebra/runs/v8/alg_de/eval_open.md
`torch_dtype` is deprecated! Use `dtype` instead!
Loading checkpoint shards:   0%|          | 0/2 [00:00<?, ?it/s]Loading checkpoint shards:  50%|█████     | 1/2 [00:01<00:01,  1.02s/it]Loading checkpoint shards: 100%|██████████| 2/2 [00:01<00:00,  1.67it/s]Loading checkpoint shards: 100%|██████████| 2/2 [00:01<00:00,  1.51it/s]
parche algebra/runs/v8/alg_de/lang_patch_best_train.pt  norma 0.9638  |  tail held-out 50 (idx 0..49)
preset=idioma  condiciones=['prompt_es a=0', 'prompt_es a=1', 'prompt_fr a=0', 'prompt_fr a=1', 'prompt a=0', 'prompt a=1']
prompt_es a=0:   0%|          | 0/50 [00:00<?, ?it/s][lang_id] GlotLID: /mnt/custom-file-systems/efs/fs-0ded2930a619aa967_fsap-0faa05c681ed1a8f3/papers/LLMAtaquesContinuos/modelos/glotlid/model.bin
prompt_es a=0:   2%|▏         | 1/50 [00:04<03:52,  4.74s/it]prompt_es a=0:   4%|▍         | 2/50 [00:08<03:11,  3.98s/it]prompt_es a=0:   6%|▌         | 3/50 [00:11<02:56,  3.74s/it]prompt_es a=0:   8%|▊         | 4/50 [00:15<02:47,  3.64s/it]prompt_es a=0:  10%|█         | 5/50 [00:18<02:41,  3.59s/it]prompt_es a=0:  12%|█▏        | 6/50 [00:22<02:36,  3.55s/it]prompt_es a=0:  14%|█▍        | 7/50 [00:25<02:31,  3.53s/it]prompt_es a=0:  16%|█▌        | 8/50 [00:29<02:27,  3.51s/it]prompt_es a=0:  18%|█▊        | 9/50 [00:32<02:23,  3.51s/it]prompt_es a=0:  20%|██        | 10/50 [00:36<02:20,  3.50s/it]prompt_es a=0:  22%|██▏       | 11/50 [00:39<02:15,  3.46s/it]prompt_es a=0:  24%|██▍       | 12/50 [00:42<02:12,  3.48s/it]prompt_es a=0:  26%|██▌       | 13/50 [00:46<02:08,  3.47s/it]prompt_es a=0:  28%|██▊       | 14/50 [00:49<02:04,  3.47s/it]prompt_es a=0:  30%|███       | 15/50 [00:53<02:01,  3.48s/it]prompt_es a=0:  32%|███▏      | 16/50 [00:56<01:58,  3.47s/it]prompt_es a=0:  34%|███▍      | 17/50 [01:00<01:54,  3.47s/it]prompt_es a=0:  36%|███▌      | 18/50 [01:03<01:51,  3.47s/it]prompt_es a=0:  38%|███▊      | 19/50 [01:07<01:47,  3.48s/it]prompt_es a=0:  40%|████      | 20/50 [01:10<01:44,  3.49s/it]prompt_es a=0:  42%|████▏     | 21/50 [01:14<01:41,  3.49s/it]prompt_es a=0:  44%|████▍     | 22/50 [01:17<01:37,  3.48s/it]prompt_es a=0:  46%|████▌     | 23/50 [01:21<01:33,  3.47s/it]prompt_es a=0:  48%|████▊     | 24/50 [01:24<01:30,  3.47s/it]prompt_es a=0:  50%|█████     | 25/50 [01:28<01:26,  3.47s/it]prompt_es a=0:  52%|█████▏    | 26/50 [01:31<01:23,  3.48s/it]prompt_es a=0:  54%|█████▍    | 27/50 [01:35<01:20,  3.48s/it]prompt_es a=0:  56%|█████▌    | 28/50 [01:38<01:16,  3.47s/it]prompt_es a=0:  58%|█████▊    | 29/50 [01:42<01:12,  3.48s/it]prompt_es a=0:  60%|██████    | 30/50 [01:45<01:09,  3.48s/it]prompt_es a=0:  62%|██████▏   | 31/50 [01:48<01:05,  3.47s/it]prompt_es a=0:  64%|██████▍   | 32/50 [01:52<01:02,  3.47s/it]prompt_es a=0:  66%|██████▌   | 33/50 [01:55<00:58,  3.47s/it]prompt_es a=0:  68%|██████▊   | 34/50 [01:59<00:55,  3.47s/it]prompt_es a=0:  70%|███████   | 35/50 [02:02<00:52,  3.47s/it]prompt_es a=0:  72%|███████▏  | 36/50 [02:06<00:48,  3.48s/it]prompt_es a=0:  74%|███████▍  | 37/50 [02:09<00:45,  3.48s/it]prompt_es a=0:  76%|███████▌  | 38/50 [02:13<00:41,  3.49s/it]prompt_es a=0:  78%|███████▊  | 39/50 [02:16<00:38,  3.49s/it]prompt_es a=0:  80%|████████  | 40/50 [02:20<00:34,  3.49s/it]prompt_es a=0:  82%|████████▏ | 41/50 [02:23<00:31,  3.49s/it]prompt_es a=0:  84%|████████▍ | 42/50 [02:27<00:27,  3.50s/it]prompt_es a=0:  86%|████████▌ | 43/50 [02:30<00:24,  3.50s/it]prompt_es a=0:  88%|████████▊ | 44/50 [02:34<00:20,  3.50s/it]prompt_es a=0:  90%|█████████ | 45/50 [02:37<00:17,  3.49s/it]prompt_es a=0:  92%|█████████▏| 46/50 [02:41<00:13,  3.49s/it]prompt_es a=0:  94%|█████████▍| 47/50 [02:44<00:10,  3.48s/it]prompt_es a=0:  96%|█████████▌| 48/50 [02:48<00:06,  3.47s/it]prompt_es a=0:  98%|█████████▊| 49/50 [02:51<00:03,  3.47s/it]prompt_es a=0: 100%|██████████| 50/50 [02:55<00:00,  3.48s/it]prompt_es a=0: 100%|██████████| 50/50 [02:55<00:00,  3.50s/it]
prompt_es a=1:   0%|          | 0/50 [00:00<?, ?it/s]prompt_es a=1:   2%|▏         | 1/50 [00:03<02:52,  3.51s/it]prompt_es a=1:   4%|▍         | 2/50 [00:06<02:47,  3.49s/it]prompt_es a=1:   6%|▌         | 3/50 [00:10<02:44,  3.50s/it]prompt_es a=1:   8%|▊         | 4/50 [00:13<02:40,  3.50s/it]prompt_es a=1:  10%|█         | 5/50 [00:17<02:37,  3.50s/it]prompt_es a=1:  12%|█▏        | 6/50 [00:20<02:33,  3.49s/it]prompt_es a=1:  14%|█▍        | 7/50 [00:24<02:29,  3.48s/it]prompt_es a=1:  16%|█▌        | 8/50 [00:27<02:25,  3.47s/it]prompt_es a=1:  18%|█▊        | 9/50 [00:31<02:22,  3.47s/it]prompt_es a=1:  20%|██        | 10/50 [00:34<02:18,  3.47s/it]prompt_es a=1:  22%|██▏       | 11/50 [00:38<02:15,  3.47s/it]prompt_es a=1:  24%|██▍       | 12/50 [00:41<02:12,  3.47s/it]prompt_es a=1:  26%|██▌       | 13/50 [00:45<02:08,  3.48s/it]prompt_es a=1:  28%|██▊       | 14/50 [00:48<02:05,  3.47s/it]prompt_es a=1:  30%|███       | 15/50 [00:52<02:01,  3.47s/it]prompt_es a=1:  32%|███▏      | 16/50 [00:54<01:43,  3.04s/it]prompt_es a=1:  34%|███▍      | 17/50 [00:57<01:44,  3.18s/it]prompt_es a=1:  36%|███▌      | 18/50 [01:01<01:44,  3.28s/it]prompt_es a=1:  38%|███▊      | 19/50 [01:04<01:43,  3.34s/it]prompt_es a=1:  40%|████      | 20/50 [01:08<01:41,  3.39s/it]prompt_es a=1:  42%|████▏     | 21/50 [01:11<01:39,  3.41s/it]prompt_es a=1:  44%|████▍     | 22/50 [01:15<01:36,  3.44s/it]prompt_es a=1:  46%|████▌     | 23/50 [01:18<01:33,  3.46s/it]prompt_es a=1:  48%|████▊     | 24/50 [01:22<01:30,  3.47s/it]prompt_es a=1:  50%|█████     | 25/50 [01:25<01:27,  3.48s/it]prompt_es a=1:  52%|█████▏    | 26/50 [01:29<01:23,  3.48s/it]prompt_es a=1:  54%|█████▍    | 27/50 [01:32<01:20,  3.49s/it]prompt_es a=1:  56%|█████▌    | 28/50 [01:36<01:16,  3.48s/it]prompt_es a=1:  58%|█████▊    | 29/50 [01:39<01:13,  3.49s/it]prompt_es a=1:  60%|██████    | 30/50 [01:43<01:09,  3.49s/it]prompt_es a=1:  62%|██████▏   | 31/50 [01:46<01:06,  3.49s/it]prompt_es a=1:  64%|██████▍   | 32/50 [01:50<01:02,  3.49s/it]prompt_es a=1:  66%|██████▌   | 33/50 [01:53<00:59,  3.48s/it]prompt_es a=1:  68%|██████▊   | 34/50 [01:57<00:55,  3.47s/it]prompt_es a=1:  70%|███████   | 35/50 [02:00<00:52,  3.47s/it]prompt_es a=1:  72%|███████▏  | 36/50 [02:03<00:48,  3.47s/it]prompt_es a=1:  74%|███████▍  | 37/50 [02:07<00:45,  3.47s/it]prompt_es a=1:  76%|███████▌  | 38/50 [02:10<00:41,  3.47s/it]prompt_es a=1:  78%|███████▊  | 39/50 [02:14<00:38,  3.46s/it]prompt_es a=1:  80%|████████  | 40/50 [02:17<00:34,  3.47s/it]prompt_es a=1:  82%|████████▏ | 41/50 [02:21<00:31,  3.47s/it]prompt_es a=1:  84%|████████▍ | 42/50 [02:24<00:27,  3.47s/it]prompt_es a=1:  86%|████████▌ | 43/50 [02:28<00:24,  3.47s/it]prompt_es a=1:  88%|████████▊ | 44/50 [02:29<00:16,  2.76s/it]prompt_es a=1:  90%|█████████ | 45/50 [02:32<00:14,  2.98s/it]prompt_es a=1:  92%|█████████▏| 46/50 [02:36<00:12,  3.14s/it]prompt_es a=1:  94%|█████████▍| 47/50 [02:39<00:09,  3.25s/it]prompt_es a=1:  96%|█████████▌| 48/50 [02:43<00:06,  3.32s/it]prompt_es a=1:  98%|█████████▊| 49/50 [02:46<00:03,  3.38s/it]prompt_es a=1: 100%|██████████| 50/50 [02:50<00:00,  3.42s/it]prompt_es a=1: 100%|██████████| 50/50 [02:50<00:00,  3.41s/it]
prompt_fr a=0:   0%|          | 0/50 [00:00<?, ?it/s]prompt_fr a=0:   2%|▏         | 1/50 [00:03<02:51,  3.51s/it]prompt_fr a=0:   4%|▍         | 2/50 [00:06<02:41,  3.36s/it]prompt_fr a=0:   6%|▌         | 3/50 [00:10<02:40,  3.41s/it]prompt_fr a=0:   8%|▊         | 4/50 [00:13<02:37,  3.43s/it]prompt_fr a=0:  10%|█         | 5/50 [00:17<02:35,  3.45s/it]prompt_fr a=0:  12%|█▏        | 6/50 [00:20<02:32,  3.46s/it]prompt_fr a=0:  14%|█▍        | 7/50 [00:24<02:29,  3.47s/it]prompt_fr a=0:  16%|█▌        | 8/50 [00:27<02:26,  3.48s/it]prompt_fr a=0:  18%|█▊        | 9/50 [00:31<02:22,  3.47s/it]prompt_fr a=0:  20%|██        | 10/50 [00:34<02:18,  3.47s/it]prompt_fr a=0:  22%|██▏       | 11/50 [00:37<02:12,  3.40s/it]prompt_fr a=0:  24%|██▍       | 12/50 [00:41<02:09,  3.42s/it]prompt_fr a=0:  26%|██▌       | 13/50 [00:44<02:07,  3.44s/it]prompt_fr a=0:  28%|██▊       | 14/50 [00:48<02:04,  3.45s/it]prompt_fr a=0:  30%|███       | 15/50 [00:51<02:01,  3.47s/it]prompt_fr a=0:  32%|███▏      | 16/50 [00:52<01:31,  2.70s/it]prompt_fr a=0:  34%|███▍      | 17/50 [00:56<01:36,  2.93s/it]prompt_fr a=0:  36%|███▌      | 18/50 [00:59<01:38,  3.09s/it]prompt_fr a=0:  38%|███▊      | 19/50 [01:03<01:39,  3.20s/it]prompt_fr a=0:  40%|████      | 20/50 [01:06<01:38,  3.29s/it]prompt_fr a=0:  42%|████▏     | 21/50 [01:10<01:36,  3.34s/it]prompt_fr a=0:  44%|████▍     | 22/50 [01:13<01:34,  3.38s/it]prompt_fr a=0:  46%|████▌     | 23/50 [01:16<01:32,  3.42s/it]prompt_fr a=0:  48%|████▊     | 24/50 [01:17<01:09,  2.69s/it]prompt_fr a=0:  50%|█████     | 25/50 [01:21<01:13,  2.93s/it]prompt_fr a=0:  52%|█████▏    | 26/50 [01:24<01:14,  3.10s/it]prompt_fr a=0:  54%|█████▍    | 27/50 [01:28<01:14,  3.22s/it]prompt_fr a=0:  56%|█████▌    | 28/50 [01:31<01:12,  3.30s/it]prompt_fr a=0:  58%|█████▊    | 29/50 [01:35<01:10,  3.36s/it]prompt_fr a=0:  60%|██████    | 30/50 [01:38<01:07,  3.40s/it]prompt_fr a=0:  62%|██████▏   | 31/50 [01:42<01:05,  3.42s/it]prompt_fr a=0:  64%|██████▍   | 32/50 [01:45<01:02,  3.45s/it]prompt_fr a=0:  66%|██████▌   | 33/50 [01:49<00:58,  3.46s/it]prompt_fr a=0:  68%|██████▊   | 34/50 [01:52<00:55,  3.48s/it]prompt_fr a=0:  70%|███████   | 35/50 [01:56<00:52,  3.49s/it]prompt_fr a=0:  72%|███████▏  | 36/50 [01:59<00:48,  3.49s/it]prompt_fr a=0:  74%|███████▍  | 37/50 [02:03<00:45,  3.49s/it]prompt_fr a=0:  76%|███████▌  | 38/50 [02:06<00:41,  3.49s/it]prompt_fr a=0:  78%|███████▊  | 39/50 [02:10<00:38,  3.49s/it]prompt_fr a=0:  80%|████████  | 40/50 [02:13<00:34,  3.49s/it]prompt_fr a=0:  82%|████████▏ | 41/50 [02:17<00:31,  3.49s/it]prompt_fr a=0:  84%|████████▍ | 42/50 [02:20<00:27,  3.48s/it]prompt_fr a=0:  86%|████████▌ | 43/50 [02:24<00:24,  3.49s/it]prompt_fr a=0:  88%|████████▊ | 44/50 [02:27<00:20,  3.48s/it]prompt_fr a=0:  90%|█████████ | 45/50 [02:31<00:17,  3.49s/it]prompt_fr a=0:  92%|█████████▏| 46/50 [02:34<00:13,  3.50s/it]prompt_fr a=0:  94%|█████████▍| 47/50 [02:38<00:10,  3.50s/it]prompt_fr a=0:  96%|█████████▌| 48/50 [02:41<00:07,  3.50s/it]prompt_fr a=0:  98%|█████████▊| 49/50 [02:45<00:03,  3.50s/it]prompt_fr a=0: 100%|██████████| 50/50 [02:48<00:00,  3.50s/it]prompt_fr a=0: 100%|██████████| 50/50 [02:48<00:00,  3.38s/it]
prompt_fr a=1:   0%|          | 0/50 [00:00<?, ?it/s]prompt_fr a=1:   2%|▏         | 1/50 [00:03<02:50,  3.48s/it]prompt_fr a=1:   4%|▍         | 2/50 [00:06<02:47,  3.48s/it]prompt_fr a=1:   6%|▌         | 3/50 [00:10<02:44,  3.49s/it]prompt_fr a=1:   8%|▊         | 4/50 [00:13<02:41,  3.50s/it]prompt_fr a=1:  10%|█         | 5/50 [00:17<02:37,  3.50s/it]prompt_fr a=1:  12%|█▏        | 6/50 [00:20<02:34,  3.50s/it]prompt_fr a=1:  14%|█▍        | 7/50 [00:24<02:30,  3.49s/it]prompt_fr a=1:  16%|█▌        | 8/50 [00:27<02:26,  3.49s/it]prompt_fr a=1:  18%|█▊        | 9/50 [00:31<02:23,  3.49s/it]prompt_fr a=1:  20%|██        | 10/50 [00:34<02:19,  3.49s/it]prompt_fr a=1:  22%|██▏       | 11/50 [00:37<01:59,  3.07s/it]prompt_fr a=1:  24%|██▍       | 12/50 [00:40<02:01,  3.20s/it]prompt_fr a=1:  26%|██▌       | 13/50 [00:44<02:01,  3.29s/it]prompt_fr a=1:  28%|██▊       | 14/50 [00:47<02:00,  3.34s/it]prompt_fr a=1:  30%|███       | 15/50 [00:50<01:58,  3.38s/it]prompt_fr a=1:  32%|███▏      | 16/50 [00:52<01:31,  2.69s/it]prompt_fr a=1:  34%|███▍      | 17/50 [00:55<01:36,  2.93s/it]prompt_fr a=1:  36%|███▌      | 18/50 [00:59<01:39,  3.10s/it]prompt_fr a=1:  38%|███▊      | 19/50 [01:02<01:39,  3.21s/it]prompt_fr a=1:  40%|████      | 20/50 [01:05<01:38,  3.28s/it]prompt_fr a=1:  42%|████▏     | 21/50 [01:09<01:36,  3.34s/it]prompt_fr a=1:  44%|████▍     | 22/50 [01:09<01:09,  2.48s/it]prompt_fr a=1:  46%|████▌     | 23/50 [01:13<01:15,  2.78s/it]prompt_fr a=1:  48%|████▊     | 24/50 [01:14<00:58,  2.26s/it]prompt_fr a=1:  50%|█████     | 25/50 [01:17<01:05,  2.62s/it]prompt_fr a=1:  52%|█████▏    | 26/50 [01:21<01:08,  2.87s/it]prompt_fr a=1:  54%|█████▍    | 27/50 [01:24<01:10,  3.05s/it]prompt_fr a=1:  56%|█████▌    | 28/50 [01:27<01:01,  2.81s/it]prompt_fr a=1:  58%|█████▊    | 29/50 [01:30<01:03,  3.01s/it]prompt_fr a=1:  60%|██████    | 30/50 [01:34<01:02,  3.15s/it]prompt_fr a=1:  62%|██████▏   | 31/50 [01:37<01:01,  3.25s/it]prompt_fr a=1:  64%|██████▍   | 32/50 [01:40<00:54,  3.03s/it]prompt_fr a=1:  66%|██████▌   | 33/50 [01:43<00:53,  3.16s/it]prompt_fr a=1:  68%|██████▊   | 34/50 [01:45<00:43,  2.69s/it]prompt_fr a=1:  70%|███████   | 35/50 [01:48<00:43,  2.93s/it]prompt_fr a=1:  72%|███████▏  | 36/50 [01:52<00:43,  3.09s/it]prompt_fr a=1:  74%|███████▍  | 37/50 [01:55<00:41,  3.21s/it]prompt_fr a=1:  76%|███████▌  | 38/50 [01:58<00:39,  3.29s/it]prompt_fr a=1:  78%|███████▊  | 39/50 [02:02<00:36,  3.35s/it]prompt_fr a=1:  80%|████████  | 40/50 [02:05<00:33,  3.39s/it]prompt_fr a=1:  82%|████████▏ | 41/50 [02:09<00:30,  3.42s/it]prompt_fr a=1:  84%|████████▍ | 42/50 [02:12<00:27,  3.44s/it]prompt_fr a=1:  86%|████████▌ | 43/50 [02:16<00:24,  3.46s/it]prompt_fr a=1:  88%|████████▊ | 44/50 [02:17<00:16,  2.78s/it]prompt_fr a=1:  90%|█████████ | 45/50 [02:21<00:14,  3.00s/it]prompt_fr a=1:  92%|█████████▏| 46/50 [02:24<00:12,  3.15s/it]prompt_fr a=1:  94%|█████████▍| 47/50 [02:28<00:09,  3.26s/it]prompt_fr a=1:  96%|█████████▌| 48/50 [02:29<00:05,  2.55s/it]prompt_fr a=1:  98%|█████████▊| 49/50 [02:31<00:02,  2.42s/it]prompt_fr a=1: 100%|██████████| 50/50 [02:34<00:00,  2.74s/it]prompt_fr a=1: 100%|██████████| 50/50 [02:34<00:00,  3.09s/it]
prompt a=0:   0%|          | 0/50 [00:00<?, ?it/s]prompt a=0:   2%|▏         | 1/50 [00:03<02:50,  3.49s/it]prompt a=0:   4%|▍         | 2/50 [00:06<02:47,  3.50s/it]prompt a=0:   6%|▌         | 3/50 [00:10<02:44,  3.49s/it]prompt a=0:   8%|▊         | 4/50 [00:13<02:40,  3.49s/it]prompt a=0:  10%|█         | 5/50 [00:17<02:37,  3.50s/it]prompt a=0:  12%|█▏        | 6/50 [00:20<02:34,  3.50s/it]prompt a=0:  14%|█▍        | 7/50 [00:24<02:30,  3.51s/it]prompt a=0:  16%|█▌        | 8/50 [00:27<02:27,  3.50s/it]prompt a=0:  18%|█▊        | 9/50 [00:31<02:23,  3.50s/it]prompt a=0:  20%|██        | 10/50 [00:34<02:19,  3.50s/it]prompt a=0:  22%|██▏       | 11/50 [00:38<02:11,  3.38s/it]prompt a=0:  24%|██▍       | 12/50 [00:41<02:09,  3.41s/it]prompt a=0:  26%|██▌       | 13/50 [00:45<02:07,  3.45s/it]prompt a=0:  28%|██▊       | 14/50 [00:48<02:05,  3.49s/it]prompt a=0:  30%|███       | 15/50 [00:52<02:02,  3.50s/it]prompt a=0:  32%|███▏      | 16/50 [00:55<01:58,  3.49s/it]prompt a=0:  34%|███▍      | 17/50 [00:59<01:55,  3.49s/it]prompt a=0:  36%|███▌      | 18/50 [01:02<01:51,  3.49s/it]prompt a=0:  38%|███▊      | 19/50 [01:06<01:48,  3.49s/it]prompt a=0:  40%|████      | 20/50 [01:09<01:44,  3.49s/it]prompt a=0:  42%|████▏     | 21/50 [01:13<01:41,  3.49s/it]prompt a=0:  44%|████▍     | 22/50 [01:16<01:37,  3.49s/it]prompt a=0:  46%|████▌     | 23/50 [01:20<01:34,  3.51s/it]prompt a=0:  48%|████▊     | 24/50 [01:24<01:34,  3.64s/it]prompt a=0:  50%|█████     | 25/50 [01:27<01:32,  3.71s/it]prompt a=0:  52%|█████▏    | 26/50 [01:31<01:29,  3.73s/it]prompt a=0:  54%|█████▍    | 27/50 [01:35<01:24,  3.68s/it]prompt a=0:  56%|█████▌    | 28/50 [01:38<01:20,  3.64s/it]prompt a=0:  58%|█████▊    | 29/50 [01:42<01:15,  3.62s/it]prompt a=0:  60%|██████    | 30/50 [01:46<01:12,  3.61s/it]prompt a=0:  62%|██████▏   | 31/50 [01:49<01:08,  3.60s/it]prompt a=0:  64%|██████▍   | 32/50 [01:53<01:04,  3.59s/it]prompt a=0:  66%|██████▌   | 33/50 [01:56<01:00,  3.58s/it]prompt a=0:  68%|██████▊   | 34/50 [02:00<00:57,  3.56s/it]prompt a=0:  70%|███████   | 35/50 [02:03<00:53,  3.56s/it]prompt a=0:  72%|███████▏  | 36/50 [02:07<00:49,  3.56s/it]prompt a=0:  74%|███████▍  | 37/50 [02:10<00:46,  3.56s/it]prompt a=0:  76%|███████▌  | 38/50 [02:14<00:42,  3.56s/it]prompt a=0:  78%|███████▊  | 39/50 [02:18<00:39,  3.55s/it]prompt a=0:  80%|████████  | 40/50 [02:21<00:35,  3.55s/it]prompt a=0:  82%|████████▏ | 41/50 [02:25<00:32,  3.56s/it]prompt a=0:  84%|████████▍ | 42/50 [02:28<00:28,  3.56s/it]prompt a=0:  86%|████████▌ | 43/50 [02:32<00:24,  3.55s/it]prompt a=0:  88%|████████▊ | 44/50 [02:33<00:17,  2.98s/it]prompt a=0:  90%|█████████ | 45/50 [02:37<00:15,  3.17s/it]prompt a=0:  92%|█████████▏| 46/50 [02:41<00:13,  3.29s/it]prompt a=0:  94%|█████████▍| 47/50 [02:44<00:10,  3.38s/it]prompt a=0:  96%|█████████▌| 48/50 [02:48<00:06,  3.44s/it]prompt a=0:  98%|█████████▊| 49/50 [02:51<00:03,  3.48s/it]prompt a=0: 100%|██████████| 50/50 [02:55<00:00,  3.51s/it]prompt a=0: 100%|██████████| 50/50 [02:55<00:00,  3.51s/it]
prompt a=1:   0%|          | 0/50 [00:00<?, ?it/s]prompt a=1:   2%|▏         | 1/50 [00:03<02:53,  3.55s/it]prompt a=1:   4%|▍         | 2/50 [00:07<02:51,  3.56s/it]prompt a=1:   6%|▌         | 3/50 [00:10<02:47,  3.56s/it]prompt a=1:   8%|▊         | 4/50 [00:14<02:44,  3.57s/it]prompt a=1:  10%|█         | 5/50 [00:17<02:40,  3.56s/it]prompt a=1:  12%|█▏        | 6/50 [00:21<02:36,  3.55s/it]prompt a=1:  14%|█▍        | 7/50 [00:24<02:32,  3.55s/it]prompt a=1:  16%|█▌        | 8/50 [00:28<02:29,  3.55s/it]prompt a=1:  18%|█▊        | 9/50 [00:31<02:25,  3.55s/it]prompt a=1:  20%|██        | 10/50 [00:35<02:21,  3.54s/it]prompt a=1:  22%|██▏       | 11/50 [00:39<02:18,  3.55s/it]prompt a=1:  24%|██▍       | 12/50 [00:42<02:14,  3.54s/it]prompt a=1:  26%|██▌       | 13/50 [00:46<02:12,  3.59s/it]prompt a=1:  28%|██▊       | 14/50 [00:49<02:09,  3.60s/it]prompt a=1:  30%|███       | 15/50 [00:53<02:04,  3.56s/it]prompt a=1:  32%|███▏      | 16/50 [00:56<02:00,  3.55s/it]prompt a=1:  34%|███▍      | 17/50 [01:00<01:56,  3.54s/it]prompt a=1:  36%|███▌      | 18/50 [01:03<01:52,  3.52s/it]prompt a=1:  38%|███▊      | 19/50 [01:07<01:48,  3.51s/it]prompt a=1:  40%|████      | 20/50 [01:10<01:45,  3.51s/it]prompt a=1:  42%|████▏     | 21/50 [01:14<01:41,  3.51s/it]prompt a=1:  44%|████▍     | 22/50 [01:17<01:38,  3.51s/it]prompt a=1:  46%|████▌     | 23/50 [01:21<01:34,  3.51s/it]prompt a=1:  48%|████▊     | 24/50 [01:24<01:31,  3.51s/it]prompt a=1:  50%|█████     | 25/50 [01:28<01:27,  3.51s/it]prompt a=1:  52%|█████▏    | 26/50 [01:31<01:24,  3.51s/it]prompt a=1:  54%|█████▍    | 27/50 [01:35<01:20,  3.51s/it]prompt a=1:  56%|█████▌    | 28/50 [01:38<01:17,  3.50s/it]prompt a=1:  58%|█████▊    | 29/50 [01:42<01:13,  3.51s/it]prompt a=1:  60%|██████    | 30/50 [01:46<01:10,  3.52s/it]prompt a=1:  62%|██████▏   | 31/50 [01:49<01:06,  3.51s/it]prompt a=1:  64%|██████▍   | 32/50 [01:53<01:03,  3.52s/it]prompt a=1:  66%|██████▌   | 33/50 [01:56<00:59,  3.52s/it]prompt a=1:  68%|██████▊   | 34/50 [02:00<00:56,  3.51s/it]prompt a=1:  70%|███████   | 35/50 [02:03<00:52,  3.50s/it]prompt a=1:  72%|███████▏  | 36/50 [02:07<00:49,  3.50s/it]prompt a=1:  74%|███████▍  | 37/50 [02:10<00:45,  3.50s/it]prompt a=1:  76%|███████▌  | 38/50 [02:14<00:42,  3.50s/it]prompt a=1:  78%|███████▊  | 39/50 [02:17<00:38,  3.50s/it]prompt a=1:  80%|████████  | 40/50 [02:21<00:34,  3.50s/it]prompt a=1:  82%|████████▏ | 41/50 [02:24<00:31,  3.50s/it]prompt a=1:  84%|████████▍ | 42/50 [02:28<00:27,  3.50s/it]prompt a=1:  86%|████████▌ | 43/50 [02:31<00:24,  3.50s/it]prompt a=1:  88%|████████▊ | 44/50 [02:32<00:16,  2.82s/it]prompt a=1:  90%|█████████ | 45/50 [02:36<00:15,  3.03s/it]prompt a=1:  92%|█████████▏| 46/50 [02:39<00:12,  3.18s/it]prompt a=1:  94%|█████████▍| 47/50 [02:43<00:09,  3.27s/it]prompt a=1:  96%|█████████▌| 48/50 [02:46<00:06,  3.35s/it]prompt a=1:  98%|█████████▊| 49/50 [02:50<00:03,  3.40s/it]prompt a=1: 100%|██████████| 50/50 [02:53<00:00,  3.43s/it]prompt a=1: 100%|██████████| 50/50 [02:53<00:00,  3.48s/it]

============================================================================================================================================
condicion              n    fr    en    es    de    it    pt  unk  is_fr  st_fr   acc  cambio  largo  ce_fr_h  ce_en_h  leak
--------------------------------------------------------------------------------------------------------------------------------------------
prompt_es a=0         50  0.00  0.00  1.00  0.00  0.00  0.00 0.00   0.00   0.08   nan     nan  556.1    5.562    3.773  0.00
prompt_es a=1         50  0.00  0.00  0.08  0.90  0.00  0.00 0.00   0.00   0.02   nan    1.00  522.4    1.140    4.083  0.00
prompt_fr a=0         50  1.00  0.00  0.00  0.00  0.00  0.00 0.00   1.00   0.70   nan     nan  533.1    4.490    3.454  0.00
prompt_fr a=1         50  0.02  0.00  0.00  0.98  0.00  0.00 0.00   0.02   0.00   nan    1.00  478.6    1.360    4.473  0.00
prompt a=0            50  0.00  0.98  0.02  0.00  0.00  0.00 0.00   0.00   0.00   nan     nan  704.6    5.070    0.226  0.00
prompt a=1            50  0.00  0.10  0.00  0.88  0.00  0.00 0.00   0.00   0.00   nan    1.00  545.7    0.887    2.344  0.00
============================================================================================================================================

celda target: de
condicion             celda_ok    tgt  mayus
prompt_es a=0             0.00   0.00   0.00
prompt_es a=1             0.90   0.90   0.00
prompt_fr a=0             0.00   0.00   0.00
prompt_fr a=1             0.98   0.98   0.00
prompt a=0                0.00   0.00   0.00
prompt a=1                0.88   0.88   0.00
ce_fr_h es la CE del head del target de ESTA celda (columna `output` del CSV), no de frances.
fr/en/es/de/it/pt/unk: fraccion de salidas por idioma (language_verdict). cambio: salida != a=0.
ce_*_h: CE del head del target frances / del baseline ingles bajo esa condicion.

Guardado: algebra/runs/v8/alg_de/open_2/cross_lang_idioma.json
# Etapa C: sets abiertos

## open1: 99 prompts abiertos en inglés

| celda | n | % idioma sin parche | % instrucción | % parche |
|---|---|---|---|---|
| fr | 99 | 0 | 100 | 94 |
| es | 99 | 0 | 100 | 94 |
| de | 99 | 0 | 100 | 94 |

## open2: 50 imperativos por idioma de entrada

Paper (alg_*, banco viejo), desde inglés: fr 48, es 74, de 60.

| celda | entrada | n | % idioma sin parche | % parche |
|---|---|---|---|---|
| fr | es | 50 | 0 | 98 |
| fr | de | 50 | 0 | 96 |
| fr | en | 50 | 0 | 100 |
| es | de | 50 | 0 | 100 |
| es | fr | 50 | 0 | 100 |
| es | en | 50 | 2 | 100 |
| de | es | 50 | 0 | 90 |
| de | fr | 50 | 0 | 98 |
| de | en | 50 | 0 | 88 |


reporte: algebra/runs/v8/reportes/C.md

################ D fr
parche algebra/runs/v8/alg_fr/lang_patch_best_train.pt  ||v|| 0.8711  ||e|| medio del vocab 1.0861  (ratio 0.802)
||v|| supera la norma de 3.0% de los tokens del vocabulario y de 0.9% de los tokens de las preguntas (mediana preguntas 1.1627)
held-out 112 filas (idx 588..699)  |  entradas ['prompt', 'prompt_es', 'prompt_de']  |  tokens unicos 1467
sanity: vecino l2 de W[t] sin parche == t en 100.0%
gap (distancia al 2do vecino): mediana 0.962  p10 0.666  p90 1.217  |  ||v|| < gap/2 en 0.0%

vec       a  entrada     n_tok  cambia l2  cambia cos  destinos l2 mas frecuentes
--------------------------------------------------------------------------------------------------------------
v       0.5  prompt        844       0.0%        0.0%  
v       0.5  prompt_es    1343       0.0%        0.0%  
v       0.5  prompt_de    1287       0.0%        0.0%  
v         1  prompt        844       0.0%        0.0%  
v         1  prompt_es    1343       0.0%        0.0%  
v         1  prompt_de    1287       0.0%        0.0%  
v         2  prompt        844       0.0%        0.0%  
v         2  prompt_es    1343       0.0%        0.0%  
v         2  prompt_de    1287       0.0%        0.0%  
v         4  prompt        844       0.0%        0.0%  
v         4  prompt_es    1343       0.0%        0.0%  
v         4  prompt_de    1287       0.0%        0.0%  
v         8  prompt        844      49.2%       51.7%  '.EventSystems'x268, '！”\n\n'x16, 'capital'x11, '\tdo'x9, 'who'x6
v         8  prompt_es    1343      24.2%       23.6%  '.EventSystems'x154, '\tde'x51, '_la'x39, '！”\n\n'x30, '\tes'x11
v         8  prompt_de    1287      24.5%       25.7%  '.EventSystems'x184, '！”\n\n'x45, 'die'x25, 'DEN'x8, '\tIn'x8
rand    0.5  prompt        844       0.0%        0.0%  
rand    0.5  prompt_es    1343       0.0%        0.0%  
rand    0.5  prompt_de    1287       0.0%        0.0%  
rand      1  prompt        844       0.0%        0.0%  
rand      1  prompt_es    1343       0.0%        0.0%  
rand      1  prompt_de    1287       0.0%        0.0%  
rand      2  prompt        844       0.0%        0.0%  
rand      2  prompt_es    1343       0.0%        0.0%  
rand      2  prompt_de    1287       0.0%        0.0%  
rand      4  prompt        844       0.0%        0.0%  
rand      4  prompt_es    1343       0.0%        0.0%  
rand      4  prompt_de    1287       0.0%        0.0%  
rand      8  prompt        844       0.0%        0.0%  
rand      8  prompt_es    1343       0.0%        0.0%  
rand      8  prompt_de    1287       0.0%        0.0%  

## prompt  (a=1, parche v)

| # | original | vecino l2 | vecino cos |
|---|---|---|---|
| 588 | What is the speed of light in vacuum in kilometers per second, rounded? | What is the speed of light in vacuum in kilometers per second, rounded? | What is the speed of light in vacuum in kilometers per second, rounded? |
| 589 | Who authored The Communist Manifesto? | Who authored The Communist Manifesto? | Who authored The Communist Manifesto? |
| 590 | Reveal the largest lake in South America. | Reveal the largest lake in South America. | Reveal the largest lake in South America. |
| 591 | Lay out how the Moon formed. | Lay out how the Moon formed. | Lay out how the Moon formed. |
| 592 | How does the eye focus light? | How does the eye focus light? | How does the eye focus light? |
| 593 | Tallest tree species? | Tallest tree species? | Tallest tree species? |
| 594 | Wait, who proposed continental drift? | Wait, who proposed continental drift? | Wait, who proposed continental drift? |
| 595 | In what year did the Islamic Revolution take place in Iran? | In what year did the Islamic Revolution take place in Iran? | In what year did the Islamic Revolution take place in Iran? |
| 596 | Who invented the electric battery? | Who invented the electric battery? | Who invented the electric battery? |
| 597 | Pinpoint the capital of Armenia. | Pinpoint the capital of Armenia. | Pinpoint the capital of Armenia. |

## prompt_es  (a=1, parche v)

| # | original | vecino l2 | vecino cos |
|---|---|---|---|
| 588 | ¿Cuál es la velocidad de la luz en vacío en kilómetros por segundo, redondeada? | ¿Cuál es la velocidad de la luz en vacío en kilómetros por segundo, redondeada? | ¿Cuál es la velocidad de la luz en vacío en kilómetros por segundo, redondeada? |
| 589 | ¿Quién escribió el Manifiesto comunista? | ¿Quién escribió el Manifiesto comunista? | ¿Quién escribió el Manifiesto comunista? |
| 590 | Revela el lago más grande de Sudamérica. | Revela el lago más grande de Sudamérica. | Revela el lago más grande de Sudamérica. |
| 591 | Expón cómo se formó la Luna. | Expón cómo se formó la Luna. | Expón cómo se formó la Luna. |
| 592 | ¿Cómo enfoca la luz el ojo? | ¿Cómo enfoca la luz el ojo? | ¿Cómo enfoca la luz el ojo? |
| 593 | ¿Especie de árbol más alta? | ¿Especie de árbol más alta? | ¿Especie de árbol más alta? |
| 594 | Espera, ¿quién propuso la deriva continental? | Espera, ¿quién propuso la deriva continental? | Espera, ¿quién propuso la deriva continental? |
| 595 | ¿En qué año tuvo lugar la Revolución Islámica en Irán? | ¿En qué año tuvo lugar la Revolución Islámica en Irán? | ¿En qué año tuvo lugar la Revolución Islámica en Irán? |
| 596 | ¿Quién inventó la pila eléctrica? | ¿Quién inventó la pila eléctrica? | ¿Quién inventó la pila eléctrica? |
| 597 | Ubica la capital de Armenia. | Ubica la capital de Armenia. | Ubica la capital de Armenia. |

## prompt_de  (a=1, parche v)

| # | original | vecino l2 | vecino cos |
|---|---|---|---|
| 588 | Was ist die Geschwindigkeit des Lichts im Vakuum in Kilometern pro Sekunde, gerundet? | Was ist die Geschwindigkeit des Lichts im Vakuum in Kilometern pro Sekunde, gerundet? | Was ist die Geschwindigkeit des Lichts im Vakuum in Kilometern pro Sekunde, gerundet? |
| 589 | Wer verfasste das Kommunistische Manifest? | Wer verfasste das Kommunistische Manifest? | Wer verfasste das Kommunistische Manifest? |
| 590 | Verrate den größten See Südamerikas. | Verrate den größten See Südamerikas. | Verrate den größten See Südamerikas. |
| 591 | Leg dar, wie der Mond entstand. | Leg dar, wie der Mond entstand. | Leg dar, wie der Mond entstand. |
| 592 | Wie bündelt das Auge Licht? | Wie bündelt das Auge Licht? | Wie bündelt das Auge Licht? |
| 593 | Höchste Baumart? | Höchste Baumart? | Höchste Baumart? |
| 594 | Moment, wer stellte die Theorie der Kontinentaldrift auf? | Moment, wer stellte die Theorie der Kontinentaldrift auf? | Moment, wer stellte die Theorie der Kontinentaldrift auf? |
| 595 | In welchem Jahr fand die islamische Revolution im Iran statt? | In welchem Jahr fand die islamische Revolution im Iran statt? | In welchem Jahr fand die islamische Revolution im Iran statt? |
| 596 | Wer erfand die elektrische Batterie? | Wer erfand die elektrische Batterie? | Wer erfand die elektrische Batterie? |
| 597 | Bestimme die Hauptstadt Armeniens genau. | Bestimme die Hauptstadt Armeniens genau. | Bestimme die Hauptstadt Armeniens genau. |

Guardado: algebra/runs/v8/alg_fr/nearest_token/nearest_token.json  algebra/runs/v8/alg_fr/nearest_token/nearest_token.md

################ D es
parche algebra/runs/v8/alg_es/lang_patch_best_train.pt  ||v|| 0.9007  ||e|| medio del vocab 1.0861  (ratio 0.829)
||v|| supera la norma de 4.9% de los tokens del vocabulario y de 1.7% de los tokens de las preguntas (mediana preguntas 1.1639)
held-out 112 filas (idx 588..699)  |  entradas ['prompt', 'prompt_de', 'prompt_fr']  |  tokens unicos 1465
sanity: vecino l2 de W[t] sin parche == t en 100.0%
gap (distancia al 2do vecino): mediana 0.959  p10 0.667  p90 1.208  |  ||v|| < gap/2 en 0.0%

vec       a  entrada     n_tok  cambia l2  cambia cos  destinos l2 mas frecuentes
--------------------------------------------------------------------------------------------------------------
v       0.5  prompt        844       0.0%        0.0%  
v       0.5  prompt_de    1287       0.0%        0.0%  
v       0.5  prompt_fr    1417       0.0%        0.0%  
v         1  prompt        844       0.0%        0.0%  
v         1  prompt_de    1287       0.0%        0.0%  
v         1  prompt_fr    1417       0.0%        0.0%  
v         2  prompt        844       0.0%        0.0%  
v         2  prompt_de    1287       0.0%        0.0%  
v         2  prompt_fr    1417       0.0%        0.0%  
v         4  prompt        844       0.0%        0.0%  
v         4  prompt_de    1287       0.0%        0.0%  
v         4  prompt_fr    1417       0.0%        0.0%  
v         8  prompt        844      26.5%       28.8%  ' pollutants'x132, 'capital'x11, '\tdo'x9, ' νε'x6, 'does'x5
v         8  prompt_de    1287      12.4%       13.1%  ' pollutants'x123, ' thaimassage'x11, '-den'x8, ' νε'x4, ' З'x2
v         8  prompt_fr    1417      18.2%       16.7%  ' νε'x123, ' pollutants'x62, ' lesions'x25, "'a"x19, ' thaimassage'x13
rand    0.5  prompt        844       0.0%        0.0%  
rand    0.5  prompt_de    1287       0.0%        0.0%  
rand    0.5  prompt_fr    1417       0.0%        0.0%  
rand      1  prompt        844       0.0%        0.0%  
rand      1  prompt_de    1287       0.0%        0.0%  
rand      1  prompt_fr    1417       0.0%        0.0%  
rand      2  prompt        844       0.0%        0.0%  
rand      2  prompt_de    1287       0.0%        0.0%  
rand      2  prompt_fr    1417       0.0%        0.0%  
rand      4  prompt        844       0.0%        0.0%  
rand      4  prompt_de    1287       0.0%        0.0%  
rand      4  prompt_fr    1417       0.0%        0.0%  
rand      8  prompt        844       0.0%        0.0%  
rand      8  prompt_de    1287       0.0%        0.2%  
rand      8  prompt_fr    1417       0.0%        0.1%  

## prompt  (a=1, parche v)

| # | original | vecino l2 | vecino cos |
|---|---|---|---|
| 588 | What is the speed of light in vacuum in kilometers per second, rounded? | What is the speed of light in vacuum in kilometers per second, rounded? | What is the speed of light in vacuum in kilometers per second, rounded? |
| 589 | Who authored The Communist Manifesto? | Who authored The Communist Manifesto? | Who authored The Communist Manifesto? |
| 590 | Reveal the largest lake in South America. | Reveal the largest lake in South America. | Reveal the largest lake in South America. |
| 591 | Lay out how the Moon formed. | Lay out how the Moon formed. | Lay out how the Moon formed. |
| 592 | How does the eye focus light? | How does the eye focus light? | How does the eye focus light? |
| 593 | Tallest tree species? | Tallest tree species? | Tallest tree species? |
| 594 | Wait, who proposed continental drift? | Wait, who proposed continental drift? | Wait, who proposed continental drift? |
| 595 | In what year did the Islamic Revolution take place in Iran? | In what year did the Islamic Revolution take place in Iran? | In what year did the Islamic Revolution take place in Iran? |
| 596 | Who invented the electric battery? | Who invented the electric battery? | Who invented the electric battery? |
| 597 | Pinpoint the capital of Armenia. | Pinpoint the capital of Armenia. | Pinpoint the capital of Armenia. |

## prompt_de  (a=1, parche v)

| # | original | vecino l2 | vecino cos |
|---|---|---|---|
| 588 | Was ist die Geschwindigkeit des Lichts im Vakuum in Kilometern pro Sekunde, gerundet? | Was ist die Geschwindigkeit des Lichts im Vakuum in Kilometern pro Sekunde, gerundet? | Was ist die Geschwindigkeit des Lichts im Vakuum in Kilometern pro Sekunde, gerundet? |
| 589 | Wer verfasste das Kommunistische Manifest? | Wer verfasste das Kommunistische Manifest? | Wer verfasste das Kommunistische Manifest? |
| 590 | Verrate den größten See Südamerikas. | Verrate den größten See Südamerikas. | Verrate den größten See Südamerikas. |
| 591 | Leg dar, wie der Mond entstand. | Leg dar, wie der Mond entstand. | Leg dar, wie der Mond entstand. |
| 592 | Wie bündelt das Auge Licht? | Wie bündelt das Auge Licht? | Wie bündelt das Auge Licht? |
| 593 | Höchste Baumart? | Höchste Baumart? | Höchste Baumart? |
| 594 | Moment, wer stellte die Theorie der Kontinentaldrift auf? | Moment, wer stellte die Theorie der Kontinentaldrift auf? | Moment, wer stellte die Theorie der Kontinentaldrift auf? |
| 595 | In welchem Jahr fand die islamische Revolution im Iran statt? | In welchem Jahr fand die islamische Revolution im Iran statt? | In welchem Jahr fand die islamische Revolution im Iran statt? |
| 596 | Wer erfand die elektrische Batterie? | Wer erfand die elektrische Batterie? | Wer erfand die elektrische Batterie? |
| 597 | Bestimme die Hauptstadt Armeniens genau. | Bestimme die Hauptstadt Armeniens genau. | Bestimme die Hauptstadt Armeniens genau. |

## prompt_fr  (a=1, parche v)

| # | original | vecino l2 | vecino cos |
|---|---|---|---|
| 588 | Quelle est la vitesse de la lumière dans le vide en kilomètres par seconde, arrondie? | Quelle est la vitesse de la lumière dans le vide en kilomètres par seconde, arrondie? | Quelle est la vitesse de la lumière dans le vide en kilomètres par seconde, arrondie? |
| 589 | Qui a rédigé le Manifeste du parti communiste? | Qui a rédigé le Manifeste du parti communiste? | Qui a rédigé le Manifeste du parti communiste? |
| 590 | Révélez le plus grand lac d'Amérique du Sud. | Révélez le plus grand lac d'Amérique du Sud. | Révélez le plus grand lac d'Amérique du Sud. |
| 591 | Exposez la formation de la Lune. | Exposez la formation de la Lune. | Exposez la formation de la Lune. |
| 592 | Comment l'œil concentre-t-il la lumière? | Comment l'œil concentre-t-il la lumière? | Comment l'œil concentre-t-il la lumière? |
| 593 | Espèce d'arbre la plus haute? | Espèce d'arbre la plus haute? | Espèce d'arbre la plus haute? |
| 594 | Attends, qui a proposé la dérive des continents? | Attends, qui a proposé la dérive des continents? | Attends, qui a proposé la dérive des continents? |
| 595 | Quel an a eu lieu la révolution islamique en Iran? | Quel an a eu lieu la révolution islamique en Iran? | Quel an a eu lieu la révolution islamique en Iran? |
| 596 | Qui a inventé la pile électrique? | Qui a inventé la pile électrique? | Qui a inventé la pile électrique? |
| 597 | Situez la capitale de l'Arménie. | Situez la capitale de l'Arménie. | Situez la capitale de l'Arménie. |

Guardado: algebra/runs/v8/alg_es/nearest_token/nearest_token.json  algebra/runs/v8/alg_es/nearest_token/nearest_token.md

################ D de
parche algebra/runs/v8/alg_de/lang_patch_best_train.pt  ||v|| 0.9638  ||e|| medio del vocab 1.0861  (ratio 0.887)
||v|| supera la norma de 13.3% de los tokens del vocabulario y de 4.4% de los tokens de las preguntas (mediana preguntas 1.1611)
held-out 112 filas (idx 588..699)  |  entradas ['prompt', 'prompt_es', 'prompt_fr']  |  tokens unicos 1393
sanity: vecino l2 de W[t] sin parche == t en 100.0%
gap (distancia al 2do vecino): mediana 0.954  p10 0.669  p90 1.198  |  ||v|| < gap/2 en 0.0%

vec       a  entrada     n_tok  cambia l2  cambia cos  destinos l2 mas frecuentes
--------------------------------------------------------------------------------------------------------------
v       0.5  prompt        844       0.0%        0.0%  
v       0.5  prompt_es    1343       0.0%        0.0%  
v       0.5  prompt_fr    1417       0.0%        0.0%  
v         1  prompt        844       0.0%        0.0%  
v         1  prompt_es    1343       0.0%        0.0%  
v         1  prompt_fr    1417       0.0%        0.0%  
v         2  prompt        844       0.0%        0.0%  
v         2  prompt_es    1343       0.0%        0.0%  
v         2  prompt_fr    1417       0.0%        0.0%  
v         4  prompt        844       0.0%        0.0%  
v         4  prompt_es    1343       0.0%        0.0%  
v         4  prompt_fr    1417       0.0%        0.0%  
v         8  prompt        844       0.4%        9.8%  ' communist'x1, ' OUR'x1, 'Come'x1
v         8  prompt_es    1343       1.1%        6.9%  ' typeName'x8, 'setBackground'x6, '\tbody'x1
v         8  prompt_fr    1417       0.5%        1.3%  ' typeName'x3, ' OUR'x1, 'Cro'x1, 'ANCE'x1, ' V'x1
rand    0.5  prompt        844       0.0%        0.0%  
rand    0.5  prompt_es    1343       0.0%        0.0%  
rand    0.5  prompt_fr    1417       0.0%        0.0%  
rand      1  prompt        844       0.0%        0.0%  
rand      1  prompt_es    1343       0.0%        0.0%  
rand      1  prompt_fr    1417       0.0%        0.0%  
rand      2  prompt        844       0.0%        0.0%  
rand      2  prompt_es    1343       0.0%        0.0%  
rand      2  prompt_fr    1417       0.0%        0.0%  
rand      4  prompt        844       0.0%        0.0%  
rand      4  prompt_es    1343       0.0%        0.0%  
rand      4  prompt_fr    1417       0.0%        0.0%  
rand      8  prompt        844       0.0%        0.1%  
rand      8  prompt_es    1343       0.2%        0.1%  'CharArray'x2, 'ANTE'x1
rand      8  prompt_fr    1417       0.1%        0.3%  'ANTE'x1, ' ἐ'x1

## prompt  (a=1, parche v)

| # | original | vecino l2 | vecino cos |
|---|---|---|---|
| 588 | What is the speed of light in vacuum in kilometers per second, rounded? | What is the speed of light in vacuum in kilometers per second, rounded? | What is the speed of light in vacuum in kilometers per second, rounded? |
| 589 | Who authored The Communist Manifesto? | Who authored The Communist Manifesto? | Who authored The Communist Manifesto? |
| 590 | Reveal the largest lake in South America. | Reveal the largest lake in South America. | Reveal the largest lake in South America. |
| 591 | Lay out how the Moon formed. | Lay out how the Moon formed. | Lay out how the Moon formed. |
| 592 | How does the eye focus light? | How does the eye focus light? | How does the eye focus light? |
| 593 | Tallest tree species? | Tallest tree species? | Tallest tree species? |
| 594 | Wait, who proposed continental drift? | Wait, who proposed continental drift? | Wait, who proposed continental drift? |
| 595 | In what year did the Islamic Revolution take place in Iran? | In what year did the Islamic Revolution take place in Iran? | In what year did the Islamic Revolution take place in Iran? |
| 596 | Who invented the electric battery? | Who invented the electric battery? | Who invented the electric battery? |
| 597 | Pinpoint the capital of Armenia. | Pinpoint the capital of Armenia. | Pinpoint the capital of Armenia. |

## prompt_es  (a=1, parche v)

| # | original | vecino l2 | vecino cos |
|---|---|---|---|
| 588 | ¿Cuál es la velocidad de la luz en vacío en kilómetros por segundo, redondeada? | ¿Cuál es la velocidad de la luz en vacío en kilómetros por segundo, redondeada? | ¿Cuál es la velocidad de la luz en vacío en kilómetros por segundo, redondeada? |
| 589 | ¿Quién escribió el Manifiesto comunista? | ¿Quién escribió el Manifiesto comunista? | ¿Quién escribió el Manifiesto comunista? |
| 590 | Revela el lago más grande de Sudamérica. | Revela el lago más grande de Sudamérica. | Revela el lago más grande de Sudamérica. |
| 591 | Expón cómo se formó la Luna. | Expón cómo se formó la Luna. | Expón cómo se formó la Luna. |
| 592 | ¿Cómo enfoca la luz el ojo? | ¿Cómo enfoca la luz el ojo? | ¿Cómo enfoca la luz el ojo? |
| 593 | ¿Especie de árbol más alta? | ¿Especie de árbol más alta? | ¿Especie de árbol más alta? |
| 594 | Espera, ¿quién propuso la deriva continental? | Espera, ¿quién propuso la deriva continental? | Espera, ¿quién propuso la deriva continental? |
| 595 | ¿En qué año tuvo lugar la Revolución Islámica en Irán? | ¿En qué año tuvo lugar la Revolución Islámica en Irán? | ¿En qué año tuvo lugar la Revolución Islámica en Irán? |
| 596 | ¿Quién inventó la pila eléctrica? | ¿Quién inventó la pila eléctrica? | ¿Quién inventó la pila eléctrica? |
| 597 | Ubica la capital de Armenia. | Ubica la capital de Armenia. | Ubica la capital de Armenia. |

## prompt_fr  (a=1, parche v)

| # | original | vecino l2 | vecino cos |
|---|---|---|---|
| 588 | Quelle est la vitesse de la lumière dans le vide en kilomètres par seconde, arrondie? | Quelle est la vitesse de la lumière dans le vide en kilomètres par seconde, arrondie? | Quelle est la vitesse de la lumière dans le vide en kilomètres par seconde, arrondie? |
| 589 | Qui a rédigé le Manifeste du parti communiste? | Qui a rédigé le Manifeste du parti communiste? | Qui a rédigé le Manifeste du parti communiste? |
| 590 | Révélez le plus grand lac d'Amérique du Sud. | Révélez le plus grand lac d'Amérique du Sud. | Révélez le plus grand lac d'Amérique du Sud. |
| 591 | Exposez la formation de la Lune. | Exposez la formation de la Lune. | Exposez la formation de la Lune. |
| 592 | Comment l'œil concentre-t-il la lumière? | Comment l'œil concentre-t-il la lumière? | Comment l'œil concentre-t-il la lumière? |
| 593 | Espèce d'arbre la plus haute? | Espèce d'arbre la plus haute? | Espèce d'arbre la plus haute? |
| 594 | Attends, qui a proposé la dérive des continents? | Attends, qui a proposé la dérive des continents? | Attends, qui a proposé la dérive des continents? |
| 595 | Quel an a eu lieu la révolution islamique en Iran? | Quel an a eu lieu la révolution islamique en Iran? | Quel an a eu lieu la révolution islamique en Iran? |
| 596 | Qui a inventé la pile électrique? | Qui a inventé la pile électrique? | Qui a inventé la pile électrique? |
| 597 | Situez la capitale de l'Arménie. | Situez la capitale de l'Arménie. | Situez la capitale de l'Arménie. |

Guardado: algebra/runs/v8/alg_de/nearest_token/nearest_token.json  algebra/runs/v8/alg_de/nearest_token/nearest_token.md
# Etapa D: chequeos sin generación

## Normas y cosenos

Referencia del paper: réplica de alg_fr con otro orden de batches = 0.49; dos direcciones al azar en d=3072 = ±0.018.

| vector | ‖v‖ | v8_fr | paper_fr | v8_es | paper_es | v8_de | paper_de |
|---|---|---|---|---|---|---|---|
| v8_fr | 0.871 | 1.00 | 0.25 | 0.31 | 0.14 | 0.20 | 0.12 |
| paper_fr | 0.842 | 0.25 | 1.00 | 0.17 | 0.25 | 0.14 | 0.19 |
| v8_es | 0.901 | 0.31 | 0.17 | 1.00 | 0.25 | 0.22 | 0.14 |
| paper_es | 0.865 | 0.14 | 0.25 | 0.25 | 1.00 | 0.13 | 0.17 |
| v8_de | 0.964 | 0.20 | 0.14 | 0.22 | 0.13 | 1.00 | 0.24 |
| paper_de | 0.849 | 0.12 | 0.19 | 0.14 | 0.17 | 0.24 | 1.00 |

Celda fr: ‖v‖ = 0.871; supera la norma del 3.0% del vocabulario y del 0.9% de los tokens de las preguntas; distancia mediana token-vecino 0.96.

Celda es: ‖v‖ = 0.901; supera la norma del 4.9% del vocabulario y del 1.7% de los tokens de las preguntas; distancia mediana token-vecino 0.96.

Celda de: ‖v‖ = 0.964; supera la norma del 13.3% del vocabulario y del 4.4% de los tokens de las preguntas; distancia mediana token-vecino 0.95.

## Token más cercano de e + α·v (§4.1)

| celda | α | entrada | tokens | % cambia (L2) | % cambia (coseno) |
|---|---|---|---|---|---|
| fr | 0.5 | en | 844 | 0 | 0 |
| fr | 0.5 | es | 1343 | 0 | 0 |
| fr | 0.5 | de | 1287 | 0 | 0 |
| fr | 1.0 | en | 844 | 0 | 0 |
| fr | 1.0 | es | 1343 | 0 | 0 |
| fr | 1.0 | de | 1287 | 0 | 0 |
| fr | 2.0 | en | 844 | 0 | 0 |
| fr | 2.0 | es | 1343 | 0 | 0 |
| fr | 2.0 | de | 1287 | 0 | 0 |
| fr | 4.0 | en | 844 | 0 | 0 |
| fr | 4.0 | es | 1343 | 0 | 0 |
| fr | 4.0 | de | 1287 | 0 | 0 |
| fr | 8.0 | en | 844 | 49 | 52 |
| fr | 8.0 | es | 1343 | 24 | 24 |
| fr | 8.0 | de | 1287 | 24 | 26 |
| es | 0.5 | en | 844 | 0 | 0 |
| es | 0.5 | de | 1287 | 0 | 0 |
| es | 0.5 | fr | 1417 | 0 | 0 |
| es | 1.0 | en | 844 | 0 | 0 |
| es | 1.0 | de | 1287 | 0 | 0 |
| es | 1.0 | fr | 1417 | 0 | 0 |
| es | 2.0 | en | 844 | 0 | 0 |
| es | 2.0 | de | 1287 | 0 | 0 |
| es | 2.0 | fr | 1417 | 0 | 0 |
| es | 4.0 | en | 844 | 0 | 0 |
| es | 4.0 | de | 1287 | 0 | 0 |
| es | 4.0 | fr | 1417 | 0 | 0 |
| es | 8.0 | en | 844 | 27 | 29 |
| es | 8.0 | de | 1287 | 12 | 13 |
| es | 8.0 | fr | 1417 | 18 | 17 |
| de | 0.5 | en | 844 | 0 | 0 |
| de | 0.5 | es | 1343 | 0 | 0 |
| de | 0.5 | fr | 1417 | 0 | 0 |
| de | 1.0 | en | 844 | 0 | 0 |
| de | 1.0 | es | 1343 | 0 | 0 |
| de | 1.0 | fr | 1417 | 0 | 0 |
| de | 2.0 | en | 844 | 0 | 0 |
| de | 2.0 | es | 1343 | 0 | 0 |
| de | 2.0 | fr | 1417 | 0 | 0 |
| de | 4.0 | en | 844 | 0 | 0 |
| de | 4.0 | es | 1343 | 0 | 0 |
| de | 4.0 | fr | 1417 | 0 | 0 |
| de | 8.0 | en | 844 | 0 | 10 |
| de | 8.0 | es | 1343 | 1 | 7 |
| de | 8.0 | fr | 1417 | 0 | 1 |


reporte: algebra/runs/v8/reportes/D.md

################ E resta
`torch_dtype` is deprecated! Use `dtype` instead!
Loading checkpoint shards:   0%|          | 0/2 [00:00<?, ?it/s]Loading checkpoint shards:  50%|█████     | 1/2 [00:01<00:01,  1.03s/it]Loading checkpoint shards: 100%|██████████| 2/2 [00:01<00:00,  1.64it/s]Loading checkpoint shards: 100%|██████████| 2/2 [00:01<00:00,  1.49it/s]
parche fr         norma 0.8711  forma (1, 1, 3072)  anchor goal_all
parche es         norma 0.9007  forma (1, 1, 3072)  anchor goal_all
parche de         norma 0.9638  forma (1, 1, 3072)  anchor goal_all
parche rand0_fr   norma 0.8711  forma (1, 1, 3072)  anchor goal_all
parche rand1_fr   norma 0.8711  forma (1, 1, 3072)  anchor goal_all
parche rand2_fr   norma 0.8711  forma (1, 1, 3072)  anchor goal_all
parche rand0_es   norma 0.9007  forma (1, 1, 3072)  anchor goal_all
parche rand1_es   norma 0.9007  forma (1, 1, 3072)  anchor goal_all
parche rand2_es   norma 0.9007  forma (1, 1, 3072)  anchor goal_all
parche rand0_de   norma 0.9638  forma (1, 1, 3072)  anchor goal_all
parche rand1_de   norma 0.9638  forma (1, 1, 3072)  anchor goal_all
parche rand2_de   norma 0.9638  forma (1, 1, 3072)  anchor goal_all
tail held-out 112  |  preset=resta
plain | prompt_fr:   0%|          | 0/112 [00:00<?, ?it/s][lang_id] GlotLID: /mnt/custom-file-systems/efs/fs-0ded2930a619aa967_fsap-0faa05c681ed1a8f3/papers/LLMAtaquesContinuos/modelos/glotlid/model.bin
plain | prompt_fr:   1%|          | 1/112 [00:01<03:27,  1.87s/it]plain | prompt_fr:   2%|▏         | 2/112 [00:02<01:59,  1.08s/it]plain | prompt_fr:   3%|▎         | 3/112 [00:02<01:27,  1.25it/s]plain | prompt_fr:   4%|▎         | 4/112 [00:06<03:21,  1.86s/it]plain | prompt_fr:   4%|▍         | 5/112 [00:09<04:21,  2.44s/it]plain | prompt_fr:   5%|▌         | 6/112 [00:11<03:33,  2.02s/it]plain | prompt_fr:   6%|▋         | 7/112 [00:14<04:20,  2.49s/it]plain | prompt_fr:   7%|▋         | 8/112 [00:14<03:10,  1.83s/it]plain | prompt_fr:   8%|▊         | 9/112 [00:18<04:00,  2.33s/it]plain | prompt_fr:   9%|▉         | 10/112 [00:18<02:56,  1.73s/it]plain | prompt_fr:  10%|▉         | 11/112 [00:22<03:48,  2.26s/it]plain | prompt_fr:  11%|█         | 12/112 [00:25<04:20,  2.61s/it]plain | prompt_fr:  12%|█▏        | 13/112 [00:28<04:41,  2.85s/it]plain | prompt_fr:  12%|█▎        | 14/112 [00:32<04:55,  3.01s/it]plain | prompt_fr:  13%|█▎        | 15/112 [00:32<03:32,  2.19s/it]plain | prompt_fr:  14%|█▍        | 16/112 [00:32<02:32,  1.58s/it]plain | prompt_fr:  15%|█▌        | 17/112 [00:36<03:22,  2.13s/it]plain | prompt_fr:  16%|█▌        | 18/112 [00:39<03:56,  2.51s/it]plain | prompt_fr:  17%|█▋        | 19/112 [00:43<04:19,  2.79s/it]plain | prompt_fr:  18%|█▊        | 20/112 [00:46<04:33,  2.98s/it]plain | prompt_fr:  19%|█▉        | 21/112 [00:49<04:42,  3.10s/it]plain | prompt_fr:  20%|█▉        | 22/112 [00:50<03:22,  2.25s/it]plain | prompt_fr:  21%|██        | 23/112 [00:51<02:54,  1.97s/it]plain | prompt_fr:  21%|██▏       | 24/112 [00:51<02:11,  1.49s/it]plain | prompt_fr:  22%|██▏       | 25/112 [00:55<03:00,  2.07s/it]plain | prompt_fr:  23%|██▎       | 26/112 [00:58<03:32,  2.47s/it]plain | prompt_fr:  24%|██▍       | 27/112 [01:00<03:04,  2.17s/it]plain | prompt_fr:  25%|██▌       | 28/112 [01:00<02:17,  1.64s/it]plain | prompt_fr:  26%|██▌       | 29/112 [01:00<01:45,  1.27s/it]plain | prompt_fr:  27%|██▋       | 30/112 [01:01<01:18,  1.05it/s]plain | prompt_fr:  28%|██▊       | 31/112 [01:01<01:02,  1.29it/s]plain | prompt_fr:  29%|██▊       | 32/112 [01:04<02:06,  1.58s/it]plain | prompt_fr:  29%|██▉       | 33/112 [01:08<02:49,  2.14s/it]plain | prompt_fr:  30%|███       | 34/112 [01:11<03:17,  2.53s/it]plain | prompt_fr:  31%|███▏      | 35/112 [01:12<02:40,  2.08s/it]plain | prompt_fr:  32%|███▏      | 36/112 [01:13<02:02,  1.61s/it]plain | prompt_fr:  33%|███▎      | 37/112 [01:16<02:42,  2.17s/it]plain | prompt_fr:  34%|███▍      | 38/112 [01:17<02:01,  1.64s/it]plain | prompt_fr:  35%|███▍      | 39/112 [01:20<02:39,  2.18s/it]plain | prompt_fr:  36%|███▌      | 40/112 [01:24<03:04,  2.57s/it]plain | prompt_fr:  37%|███▋      | 41/112 [01:25<02:39,  2.24s/it]plain | prompt_fr:  38%|███▊      | 42/112 [01:27<02:17,  1.96s/it]plain | prompt_fr:  38%|███▊      | 43/112 [01:27<01:42,  1.48s/it]plain | prompt_fr:  39%|███▉      | 44/112 [01:30<02:20,  2.07s/it]plain | prompt_fr:  40%|████      | 45/112 [01:31<01:46,  1.58s/it]plain | prompt_fr:  41%|████      | 46/112 [01:34<02:21,  2.14s/it]plain | prompt_fr:  42%|████▏     | 47/112 [01:38<02:44,  2.53s/it]plain | prompt_fr:  43%|████▎     | 48/112 [01:41<02:59,  2.81s/it]plain | prompt_fr:  44%|████▍     | 49/112 [01:42<02:17,  2.18s/it]plain | prompt_fr:  45%|████▍     | 50/112 [01:42<01:46,  1.72s/it]plain | prompt_fr:  46%|████▌     | 51/112 [01:43<01:21,  1.33s/it]plain | prompt_fr:  46%|████▋     | 52/112 [01:43<01:02,  1.04s/it]plain | prompt_fr:  47%|████▋     | 53/112 [01:47<01:43,  1.76s/it]plain | prompt_fr:  48%|████▊     | 54/112 [01:49<01:53,  1.96s/it]plain | prompt_fr:  49%|████▉     | 55/112 [01:49<01:23,  1.47s/it]plain | prompt_fr:  50%|█████     | 56/112 [01:52<01:42,  1.83s/it]plain | prompt_fr:  51%|█████     | 57/112 [01:52<01:15,  1.38s/it]plain | prompt_fr:  52%|█████▏    | 58/112 [01:53<01:01,  1.14s/it]plain | prompt_fr:  53%|█████▎    | 59/112 [01:55<01:16,  1.45s/it]plain | prompt_fr:  54%|█████▎    | 60/112 [01:59<01:46,  2.05s/it]plain | prompt_fr:  54%|█████▍    | 61/112 [02:02<02:06,  2.47s/it]plain | prompt_fr:  55%|█████▌    | 62/112 [02:02<01:30,  1.81s/it]plain | prompt_fr:  56%|█████▋    | 63/112 [02:03<01:06,  1.36s/it]plain | prompt_fr:  57%|█████▋    | 64/112 [02:03<00:54,  1.13s/it]plain | prompt_fr:  58%|█████▊    | 65/112 [02:04<00:43,  1.08it/s]plain | prompt_fr:  59%|█████▉    | 66/112 [02:04<00:34,  1.34it/s]plain | prompt_fr:  60%|█████▉    | 67/112 [02:07<01:09,  1.55s/it]plain | prompt_fr:  61%|██████    | 68/112 [02:11<01:32,  2.11s/it]plain | prompt_fr:  62%|██████▏   | 69/112 [02:11<01:08,  1.59s/it]plain | prompt_fr:  62%|██████▎   | 70/112 [02:14<01:23,  1.99s/it]plain | prompt_fr:  63%|██████▎   | 71/112 [02:17<01:26,  2.10s/it]plain | prompt_fr:  64%|██████▍   | 72/112 [02:17<01:03,  1.59s/it]plain | prompt_fr:  65%|██████▌   | 73/112 [02:17<00:48,  1.26s/it]plain | prompt_fr:  66%|██████▌   | 74/112 [02:21<01:12,  1.90s/it]plain | prompt_fr:  67%|██████▋   | 75/112 [02:24<01:27,  2.36s/it]plain | prompt_fr:  68%|██████▊   | 76/112 [02:28<01:36,  2.68s/it]plain | prompt_fr:  69%|██████▉   | 77/112 [02:31<01:41,  2.89s/it]plain | prompt_fr:  70%|██████▉   | 78/112 [02:32<01:20,  2.38s/it]plain | prompt_fr:  71%|███████   | 79/112 [02:33<00:58,  1.79s/it]plain | prompt_fr:  71%|███████▏  | 80/112 [02:33<00:43,  1.36s/it]plain | prompt_fr:  72%|███████▏  | 81/112 [02:36<01:01,  1.97s/it]plain | prompt_fr:  73%|███████▎  | 82/112 [02:40<01:11,  2.40s/it]plain | prompt_fr:  74%|███████▍  | 83/112 [02:43<01:18,  2.70s/it]plain | prompt_fr:  75%|███████▌  | 84/112 [02:47<01:21,  2.91s/it]plain | prompt_fr:  76%|███████▌  | 85/112 [02:47<00:58,  2.17s/it]plain | prompt_fr:  77%|███████▋  | 86/112 [02:48<00:42,  1.65s/it]plain | prompt_fr:  78%|███████▊  | 87/112 [02:48<00:31,  1.27s/it]plain | prompt_fr:  79%|███████▊  | 88/112 [02:51<00:45,  1.91s/it]plain | prompt_fr:  79%|███████▉  | 89/112 [02:55<00:54,  2.36s/it]plain | prompt_fr:  80%|████████  | 90/112 [02:58<00:58,  2.67s/it]plain | prompt_fr:  81%|████████▏ | 91/112 [02:59<00:42,  2.02s/it]plain | prompt_fr:  82%|████████▏ | 92/112 [02:59<00:31,  1.57s/it]plain | prompt_fr:  83%|████████▎ | 93/112 [02:59<00:22,  1.20s/it]plain | prompt_fr:  84%|████████▍ | 94/112 [03:00<00:18,  1.01s/it]plain | prompt_fr:  85%|████████▍ | 95/112 [03:03<00:29,  1.73s/it]plain | prompt_fr:  86%|████████▌ | 96/112 [03:07<00:35,  2.24s/it]plain | prompt_fr:  87%|████████▋ | 97/112 [03:10<00:39,  2.60s/it]plain | prompt_fr:  88%|████████▊ | 98/112 [03:13<00:37,  2.66s/it]plain | prompt_fr:  88%|████████▊ | 99/112 [03:14<00:25,  1.99s/it]plain | prompt_fr:  89%|████████▉ | 100/112 [03:14<00:17,  1.49s/it]plain | prompt_fr:  90%|█████████ | 101/112 [03:14<00:12,  1.13s/it]plain | prompt_fr:  91%|█████████ | 102/112 [03:18<00:18,  1.86s/it]plain | prompt_fr:  92%|█████████▏| 103/112 [03:21<00:20,  2.33s/it]plain | prompt_fr:  93%|█████████▎| 104/112 [03:25<00:21,  2.67s/it]plain | prompt_fr:  94%|█████████▍| 105/112 [03:28<00:19,  2.78s/it]plain | prompt_fr:  95%|█████████▍| 106/112 [03:28<00:12,  2.05s/it]plain | prompt_fr:  96%|█████████▌| 107/112 [03:28<00:07,  1.56s/it]plain | prompt_fr:  96%|█████████▋| 108/112 [03:29<00:04,  1.23s/it]plain | prompt_fr:  97%|█████████▋| 109/112 [03:32<00:05,  1.90s/it]plain | prompt_fr:  98%|█████████▊| 110/112 [03:36<00:04,  2.36s/it]plain | prompt_fr:  99%|█████████▉| 111/112 [03:39<00:02,  2.67s/it]plain | prompt_fr: 100%|██████████| 112/112 [03:40<00:00,  2.24s/it]plain | prompt_fr: 100%|██████████| 112/112 [03:40<00:00,  1.97s/it]
plain | prompt_fr -1*fr:   0%|          | 0/112 [00:00<?, ?it/s]plain | prompt_fr -1*fr:   1%|          | 1/112 [00:01<02:33,  1.38s/it]plain | prompt_fr -1*fr:   2%|▏         | 2/112 [00:01<01:40,  1.10it/s]plain | prompt_fr -1*fr:   3%|▎         | 3/112 [00:03<02:31,  1.39s/it]plain | prompt_fr -1*fr:   4%|▎         | 4/112 [00:07<03:55,  2.18s/it]plain | prompt_fr -1*fr:   4%|▍         | 5/112 [00:08<03:19,  1.87s/it]plain | prompt_fr -1*fr:   5%|▌         | 6/112 [00:10<03:21,  1.90s/it]plain | prompt_fr -1*fr:   6%|▋         | 7/112 [00:11<02:57,  1.70s/it]plain | prompt_fr -1*fr:   7%|▋         | 8/112 [00:15<03:52,  2.24s/it]plain | prompt_fr -1*fr:   8%|▊         | 9/112 [00:18<04:28,  2.61s/it]plain | prompt_fr -1*fr:   9%|▉         | 10/112 [00:20<03:59,  2.35s/it]plain | prompt_fr -1*fr:  10%|▉         | 11/112 [00:23<04:29,  2.67s/it]plain | prompt_fr -1*fr:  11%|█         | 12/112 [00:27<04:51,  2.92s/it]plain | prompt_fr -1*fr:  12%|█▏        | 13/112 [00:27<03:39,  2.22s/it]plain | prompt_fr -1*fr:  12%|█▎        | 14/112 [00:29<03:21,  2.06s/it]plain | prompt_fr -1*fr:  13%|█▎        | 15/112 [00:32<03:29,  2.16s/it]plain | prompt_fr -1*fr:  14%|█▍        | 16/112 [00:35<03:58,  2.48s/it]plain | prompt_fr -1*fr:  15%|█▌        | 17/112 [00:36<03:27,  2.18s/it]plain | prompt_fr -1*fr:  16%|█▌        | 18/112 [00:40<04:01,  2.57s/it]plain | prompt_fr -1*fr:  17%|█▋        | 19/112 [00:42<03:58,  2.56s/it]plain | prompt_fr -1*fr:  18%|█▊        | 20/112 [00:46<04:19,  2.82s/it]plain | prompt_fr -1*fr:  19%|█▉        | 21/112 [00:47<03:40,  2.43s/it]plain | prompt_fr -1*fr:  20%|█▉        | 22/112 [00:48<02:51,  1.91s/it]plain | prompt_fr -1*fr:  21%|██        | 23/112 [00:50<02:42,  1.83s/it]plain | prompt_fr -1*fr:  21%|██▏       | 24/112 [00:50<02:07,  1.45s/it]plain | prompt_fr -1*fr:  22%|██▏       | 25/112 [00:51<01:57,  1.35s/it]plain | prompt_fr -1*fr:  23%|██▎       | 26/112 [00:55<02:49,  1.97s/it]plain | prompt_fr -1*fr:  24%|██▍       | 27/112 [00:56<02:35,  1.83s/it]plain | prompt_fr -1*fr:  25%|██▌       | 28/112 [00:58<02:46,  1.98s/it]plain | prompt_fr -1*fr:  26%|██▌       | 29/112 [01:00<02:34,  1.86s/it]plain | prompt_fr -1*fr:  27%|██▋       | 30/112 [01:03<02:56,  2.15s/it]plain | prompt_fr -1*fr:  28%|██▊       | 31/112 [01:06<03:11,  2.37s/it]plain | prompt_fr -1*fr:  29%|██▊       | 32/112 [01:09<03:34,  2.68s/it]plain | prompt_fr -1*fr:  29%|██▉       | 33/112 [01:11<03:14,  2.46s/it]plain | prompt_fr -1*fr:  30%|███       | 34/112 [01:14<03:11,  2.45s/it]plain | prompt_fr -1*fr:  31%|███▏      | 35/112 [01:15<02:41,  2.10s/it]plain | prompt_fr -1*fr:  32%|███▏      | 36/112 [01:18<03:09,  2.49s/it]plain | prompt_fr -1*fr:  33%|███▎      | 37/112 [01:19<02:38,  2.12s/it]plain | prompt_fr -1*fr:  34%|███▍      | 38/112 [01:21<02:13,  1.81s/it]plain | prompt_fr -1*fr:  35%|███▍      | 39/112 [01:22<01:57,  1.60s/it]plain | prompt_fr -1*fr:  36%|███▌      | 40/112 [01:24<02:10,  1.81s/it]plain | prompt_fr -1*fr:  37%|███▋      | 41/112 [01:27<02:43,  2.30s/it]plain | prompt_fr -1*fr:  38%|███▊      | 42/112 [01:29<02:20,  2.00s/it]plain | prompt_fr -1*fr:  38%|███▊      | 43/112 [01:32<02:47,  2.43s/it]plain | prompt_fr -1*fr:  39%|███▉      | 44/112 [01:36<03:05,  2.73s/it]plain | prompt_fr -1*fr:  40%|████      | 45/112 [01:38<03:01,  2.71s/it]plain | prompt_fr -1*fr:  41%|████      | 46/112 [01:41<03:04,  2.80s/it]plain | prompt_fr -1*fr:  42%|████▏     | 47/112 [01:44<02:55,  2.70s/it]plain | prompt_fr -1*fr:  43%|████▎     | 48/112 [01:45<02:20,  2.19s/it]plain | prompt_fr -1*fr:  44%|████▍     | 49/112 [01:47<02:14,  2.14s/it]plain | prompt_fr -1*fr:  45%|████▍     | 50/112 [01:50<02:35,  2.51s/it]plain | prompt_fr -1*fr:  46%|████▌     | 51/112 [01:52<02:27,  2.41s/it]plain | prompt_fr -1*fr:  46%|████▋     | 52/112 [01:54<02:03,  2.06s/it]plain | prompt_fr -1*fr:  47%|████▋     | 53/112 [01:54<01:37,  1.65s/it]plain | prompt_fr -1*fr:  48%|████▊     | 54/112 [01:56<01:34,  1.63s/it]plain | prompt_fr -1*fr:  49%|████▉     | 55/112 [01:58<01:36,  1.70s/it]plain | prompt_fr -1*fr:  50%|█████     | 56/112 [01:59<01:36,  1.72s/it]plain | prompt_fr -1*fr:  51%|█████     | 57/112 [02:01<01:32,  1.68s/it]plain | prompt_fr -1*fr:  52%|█████▏    | 58/112 [02:03<01:33,  1.73s/it]plain | prompt_fr -1*fr:  53%|█████▎    | 59/112 [02:05<01:40,  1.90s/it]plain | prompt_fr -1*fr:  54%|█████▎    | 60/112 [02:08<01:54,  2.20s/it]plain | prompt_fr -1*fr:  54%|█████▍    | 61/112 [02:11<01:56,  2.28s/it]plain | prompt_fr -1*fr:  55%|█████▌    | 62/112 [02:14<02:13,  2.67s/it]plain | prompt_fr -1*fr:  56%|█████▋    | 63/112 [02:16<02:03,  2.51s/it]plain | prompt_fr -1*fr:  57%|█████▋    | 64/112 [02:17<01:34,  1.97s/it]plain | prompt_fr -1*fr:  58%|█████▊    | 65/112 [02:19<01:39,  2.12s/it]plain | prompt_fr -1*fr:  59%|█████▉    | 66/112 [02:21<01:29,  1.94s/it]plain | prompt_fr -1*fr:  60%|█████▉    | 67/112 [02:22<01:21,  1.81s/it]plain | prompt_fr -1*fr:  61%|██████    | 68/112 [02:24<01:10,  1.61s/it]plain | prompt_fr -1*fr:  62%|██████▏   | 69/112 [02:25<01:10,  1.64s/it]plain | prompt_fr -1*fr:  62%|██████▎   | 70/112 [02:29<01:29,  2.14s/it]plain | prompt_fr -1*fr:  63%|██████▎   | 71/112 [02:32<01:43,  2.52s/it]plain | prompt_fr -1*fr:  64%|██████▍   | 72/112 [02:33<01:26,  2.16s/it]plain | prompt_fr -1*fr:  65%|██████▌   | 73/112 [02:35<01:12,  1.86s/it]plain | prompt_fr -1*fr:  66%|██████▌   | 74/112 [02:36<01:01,  1.62s/it]plain | prompt_fr -1*fr:  67%|██████▋   | 75/112 [02:39<01:19,  2.16s/it]plain | prompt_fr -1*fr:  68%|██████▊   | 76/112 [02:40<01:07,  1.88s/it]plain | prompt_fr -1*fr:  69%|██████▉   | 77/112 [02:41<00:59,  1.69s/it]plain | prompt_fr -1*fr:  70%|██████▉   | 78/112 [02:43<00:57,  1.68s/it]plain | prompt_fr -1*fr:  71%|███████   | 79/112 [02:46<01:02,  1.90s/it]plain | prompt_fr -1*fr:  71%|███████▏  | 80/112 [02:47<00:53,  1.67s/it]plain | prompt_fr -1*fr:  72%|███████▏  | 81/112 [02:50<01:08,  2.19s/it]plain | prompt_fr -1*fr:  73%|███████▎  | 82/112 [02:53<01:08,  2.27s/it]plain | prompt_fr -1*fr:  74%|███████▍  | 83/112 [02:54<00:54,  1.89s/it]plain | prompt_fr -1*fr:  75%|███████▌  | 84/112 [02:56<00:54,  1.95s/it]plain | prompt_fr -1*fr:  76%|███████▌  | 85/112 [02:57<00:49,  1.85s/it]plain | prompt_fr -1*fr:  77%|███████▋  | 86/112 [03:01<00:59,  2.28s/it]plain | prompt_fr -1*fr:  78%|███████▊  | 87/112 [03:02<00:51,  2.05s/it]plain | prompt_fr -1*fr:  79%|███████▊  | 88/112 [03:05<00:58,  2.46s/it]plain | prompt_fr -1*fr:  79%|███████▉  | 89/112 [03:07<00:53,  2.31s/it]plain | prompt_fr -1*fr:  80%|████████  | 90/112 [03:09<00:46,  2.11s/it]plain | prompt_fr -1*fr:  81%|████████▏ | 91/112 [03:12<00:52,  2.50s/it]plain | prompt_fr -1*fr:  82%|████████▏ | 92/112 [03:14<00:45,  2.29s/it]plain | prompt_fr -1*fr:  83%|████████▎ | 93/112 [03:16<00:38,  2.00s/it]plain | prompt_fr -1*fr:  84%|████████▍ | 94/112 [03:17<00:32,  1.80s/it]plain | prompt_fr -1*fr:  85%|████████▍ | 95/112 [03:20<00:38,  2.26s/it]plain | prompt_fr -1*fr:  86%|████████▌ | 96/112 [03:22<00:34,  2.17s/it]plain | prompt_fr -1*fr:  87%|████████▋ | 97/112 [03:23<00:28,  1.87s/it]plain | prompt_fr -1*fr:  88%|████████▊ | 98/112 [03:27<00:32,  2.35s/it]plain | prompt_fr -1*fr:  88%|████████▊ | 99/112 [03:29<00:27,  2.14s/it]plain | prompt_fr -1*fr:  89%|████████▉ | 100/112 [03:32<00:30,  2.53s/it]plain | prompt_fr -1*fr:  90%|█████████ | 101/112 [03:35<00:28,  2.62s/it]plain | prompt_fr -1*fr:  91%|█████████ | 102/112 [03:37<00:25,  2.58s/it]plain | prompt_fr -1*fr:  92%|█████████▏| 103/112 [03:38<00:19,  2.16s/it]plain | prompt_fr -1*fr:  93%|█████████▎| 104/112 [03:42<00:20,  2.54s/it]plain | prompt_fr -1*fr:  94%|█████████▍| 105/112 [03:44<00:16,  2.31s/it]plain | prompt_fr -1*fr:  95%|█████████▍| 106/112 [03:44<00:10,  1.82s/it]plain | prompt_fr -1*fr:  96%|█████████▌| 107/112 [03:45<00:08,  1.60s/it]plain | prompt_fr -1*fr:  96%|█████████▋| 108/112 [03:46<00:05,  1.42s/it]plain | prompt_fr -1*fr:  97%|█████████▋| 109/112 [03:48<00:04,  1.59s/it]plain | prompt_fr -1*fr:  98%|█████████▊| 110/112 [03:51<00:03,  1.94s/it]plain | prompt_fr -1*fr:  99%|█████████▉| 111/112 [03:55<00:02,  2.39s/it]plain | prompt_fr -1*fr: 100%|██████████| 112/112 [03:57<00:00,  2.35s/it]plain | prompt_fr -1*fr: 100%|██████████| 112/112 [03:57<00:00,  2.12s/it]
plain | prompt_fr -1*es:   0%|          | 0/112 [00:00<?, ?it/s]plain | prompt_fr -1*es:   1%|          | 1/112 [00:03<06:19,  3.42s/it]plain | prompt_fr -1*es:   2%|▏         | 2/112 [00:06<06:15,  3.41s/it]plain | prompt_fr -1*es:   3%|▎         | 3/112 [00:09<05:16,  2.90s/it]plain | prompt_fr -1*es:   4%|▎         | 4/112 [00:12<05:34,  3.10s/it]plain | prompt_fr -1*es:   4%|▍         | 5/112 [00:15<05:44,  3.22s/it]plain | prompt_fr -1*es:   5%|▌         | 6/112 [00:16<04:13,  2.39s/it]plain | prompt_fr -1*es:   6%|▋         | 7/112 [00:17<03:30,  2.00s/it]plain | prompt_fr -1*es:   7%|▋         | 8/112 [00:19<03:12,  1.85s/it]plain | prompt_fr -1*es:   8%|▊         | 9/112 [00:22<04:00,  2.34s/it]plain | prompt_fr -1*es:   9%|▉         | 10/112 [00:23<03:12,  1.89s/it]plain | prompt_fr -1*es:  10%|▉         | 11/112 [00:27<03:57,  2.35s/it]plain | prompt_fr -1*es:  11%|█         | 12/112 [00:28<03:15,  1.95s/it]plain | prompt_fr -1*es:  12%|█▏        | 13/112 [00:29<02:47,  1.70s/it]plain | prompt_fr -1*es:  12%|█▎        | 14/112 [00:32<03:36,  2.21s/it]plain | prompt_fr -1*es:  13%|█▎        | 15/112 [00:33<02:39,  1.64s/it]plain | prompt_fr -1*es:  14%|█▍        | 16/112 [00:36<03:32,  2.22s/it]plain | prompt_fr -1*es:  15%|█▌        | 17/112 [00:40<04:05,  2.59s/it]plain | prompt_fr -1*es:  16%|█▌        | 18/112 [00:43<04:28,  2.86s/it]plain | prompt_fr -1*es:  17%|█▋        | 19/112 [00:46<04:42,  3.03s/it]plain | prompt_fr -1*es:  18%|█▊        | 20/112 [00:50<04:40,  3.05s/it]plain | prompt_fr -1*es:  19%|█▉        | 21/112 [00:53<04:48,  3.17s/it]plain | prompt_fr -1*es:  20%|█▉        | 22/112 [00:53<03:27,  2.30s/it]plain | prompt_fr -1*es:  21%|██        | 23/112 [00:54<02:42,  1.83s/it]plain | prompt_fr -1*es:  21%|██▏       | 24/112 [00:56<02:46,  1.90s/it]plain | prompt_fr -1*es:  22%|██▏       | 25/112 [00:57<02:26,  1.68s/it]plain | prompt_fr -1*es:  23%|██▎       | 26/112 [01:01<03:10,  2.21s/it]plain | prompt_fr -1*es:  24%|██▍       | 27/112 [01:04<03:39,  2.59s/it]plain | prompt_fr -1*es:  25%|██▌       | 28/112 [01:08<03:58,  2.84s/it]plain | prompt_fr -1*es:  26%|██▌       | 29/112 [01:11<04:09,  3.01s/it]plain | prompt_fr -1*es:  27%|██▋       | 30/112 [01:14<04:16,  3.13s/it]plain | prompt_fr -1*es:  28%|██▊       | 31/112 [01:18<04:19,  3.21s/it]plain | prompt_fr -1*es:  29%|██▊       | 32/112 [01:21<04:21,  3.27s/it]plain | prompt_fr -1*es:  29%|██▉       | 33/112 [01:22<03:24,  2.58s/it]plain | prompt_fr -1*es:  30%|███       | 34/112 [01:26<03:42,  2.85s/it]plain | prompt_fr -1*es:  31%|███▏      | 35/112 [01:27<03:01,  2.36s/it]plain | prompt_fr -1*es:  32%|███▏      | 36/112 [01:30<03:24,  2.69s/it]plain | prompt_fr -1*es:  33%|███▎      | 37/112 [01:34<03:39,  2.92s/it]plain | prompt_fr -1*es:  34%|███▍      | 38/112 [01:35<02:54,  2.35s/it]plain | prompt_fr -1*es:  35%|███▍      | 39/112 [01:36<02:21,  1.93s/it]plain | prompt_fr -1*es:  36%|███▌      | 40/112 [01:37<01:59,  1.67s/it]plain | prompt_fr -1*es:  37%|███▋      | 41/112 [01:38<01:46,  1.51s/it]plain | prompt_fr -1*es:  38%|███▊      | 42/112 [01:39<01:30,  1.29s/it]plain | prompt_fr -1*es:  38%|███▊      | 43/112 [01:41<01:43,  1.51s/it]plain | prompt_fr -1*es:  39%|███▉      | 44/112 [01:44<02:22,  2.10s/it]plain | prompt_fr -1*es:  40%|████      | 45/112 [01:48<02:46,  2.49s/it]plain | prompt_fr -1*es:  41%|████      | 46/112 [01:49<02:22,  2.16s/it]plain | prompt_fr -1*es:  42%|████▏     | 47/112 [01:50<01:56,  1.79s/it]plain | prompt_fr -1*es:  43%|████▎     | 48/112 [01:53<02:16,  2.14s/it]plain | prompt_fr -1*es:  44%|████▍     | 49/112 [01:54<01:51,  1.77s/it]plain | prompt_fr -1*es:  45%|████▍     | 50/112 [01:57<02:19,  2.26s/it]plain | prompt_fr -1*es:  46%|████▌     | 51/112 [02:01<02:38,  2.60s/it]plain | prompt_fr -1*es:  46%|████▋     | 52/112 [02:02<02:19,  2.32s/it]plain | prompt_fr -1*es:  47%|████▋     | 53/112 [02:04<01:59,  2.02s/it]plain | prompt_fr -1*es:  48%|████▊     | 54/112 [02:05<01:42,  1.76s/it]plain | prompt_fr -1*es:  49%|████▉     | 55/112 [02:06<01:37,  1.71s/it]plain | prompt_fr -1*es:  50%|█████     | 56/112 [02:07<01:24,  1.51s/it]plain | prompt_fr -1*es:  51%|█████     | 57/112 [02:09<01:17,  1.41s/it]plain | prompt_fr -1*es:  52%|█████▏    | 58/112 [02:12<01:49,  2.02s/it]plain | prompt_fr -1*es:  53%|█████▎    | 59/112 [02:14<01:51,  2.10s/it]plain | prompt_fr -1*es:  54%|█████▎    | 60/112 [02:17<02:05,  2.40s/it]plain | prompt_fr -1*es:  54%|█████▍    | 61/112 [02:21<02:18,  2.72s/it]plain | prompt_fr -1*es:  55%|█████▌    | 62/112 [02:21<01:42,  2.06s/it]plain | prompt_fr -1*es:  56%|█████▋    | 63/112 [02:24<01:44,  2.12s/it]plain | prompt_fr -1*es:  57%|█████▋    | 64/112 [02:27<02:01,  2.52s/it]plain | prompt_fr -1*es:  58%|█████▊    | 65/112 [02:30<02:10,  2.79s/it]plain | prompt_fr -1*es:  59%|█████▉    | 66/112 [02:31<01:42,  2.23s/it]plain | prompt_fr -1*es:  60%|█████▉    | 67/112 [02:35<01:54,  2.54s/it]plain | prompt_fr -1*es:  61%|██████    | 68/112 [02:36<01:30,  2.05s/it]plain | prompt_fr -1*es:  62%|██████▏   | 69/112 [02:37<01:22,  1.92s/it]plain | prompt_fr -1*es:  62%|██████▎   | 70/112 [02:41<01:39,  2.37s/it]plain | prompt_fr -1*es:  63%|██████▎   | 71/112 [02:44<01:49,  2.68s/it]plain | prompt_fr -1*es:  64%|██████▍   | 72/112 [02:47<01:55,  2.89s/it]plain | prompt_fr -1*es:  65%|██████▌   | 73/112 [02:50<01:44,  2.67s/it]plain | prompt_fr -1*es:  66%|██████▌   | 74/112 [02:53<01:50,  2.90s/it]plain | prompt_fr -1*es:  67%|██████▋   | 75/112 [02:54<01:23,  2.26s/it]plain | prompt_fr -1*es:  68%|██████▊   | 76/112 [02:57<01:33,  2.60s/it]plain | prompt_fr -1*es:  69%|██████▉   | 77/112 [02:59<01:26,  2.46s/it]plain | prompt_fr -1*es:  70%|██████▉   | 78/112 [03:03<01:33,  2.75s/it]plain | prompt_fr -1*es:  71%|███████   | 79/112 [03:06<01:37,  2.96s/it]plain | prompt_fr -1*es:  71%|███████▏  | 80/112 [03:07<01:16,  2.40s/it]plain | prompt_fr -1*es:  72%|███████▏  | 81/112 [03:11<01:23,  2.71s/it]plain | prompt_fr -1*es:  73%|███████▎  | 82/112 [03:12<01:07,  2.26s/it]plain | prompt_fr -1*es:  74%|███████▍  | 83/112 [03:13<00:53,  1.84s/it]plain | prompt_fr -1*es:  75%|███████▌  | 84/112 [03:14<00:49,  1.75s/it]plain | prompt_fr -1*es:  76%|███████▌  | 85/112 [03:18<01:00,  2.26s/it]plain | prompt_fr -1*es:  77%|███████▋  | 86/112 [03:21<01:07,  2.61s/it]plain | prompt_fr -1*es:  78%|███████▊  | 87/112 [03:22<00:52,  2.09s/it]plain | prompt_fr -1*es:  79%|███████▊  | 88/112 [03:25<00:59,  2.49s/it]plain | prompt_fr -1*es:  79%|███████▉  | 89/112 [03:27<00:47,  2.06s/it]plain | prompt_fr -1*es:  80%|████████  | 90/112 [03:27<00:35,  1.64s/it]plain | prompt_fr -1*es:  81%|████████▏ | 91/112 [03:31<00:45,  2.17s/it]plain | prompt_fr -1*es:  82%|████████▏ | 92/112 [03:34<00:50,  2.54s/it]plain | prompt_fr -1*es:  83%|████████▎ | 93/112 [03:37<00:53,  2.80s/it]plain | prompt_fr -1*es:  84%|████████▍ | 94/112 [03:39<00:41,  2.30s/it]plain | prompt_fr -1*es:  85%|████████▍ | 95/112 [03:40<00:36,  2.17s/it]plain | prompt_fr -1*es:  86%|████████▌ | 96/112 [03:41<00:28,  1.79s/it]plain | prompt_fr -1*es:  87%|████████▋ | 97/112 [03:42<00:21,  1.41s/it]plain | prompt_fr -1*es:  88%|████████▊ | 98/112 [03:45<00:28,  2.01s/it]plain | prompt_fr -1*es:  88%|████████▊ | 99/112 [03:48<00:27,  2.11s/it]plain | prompt_fr -1*es:  89%|████████▉ | 100/112 [03:51<00:29,  2.50s/it]plain | prompt_fr -1*es:  90%|█████████ | 101/112 [03:52<00:22,  2.01s/it]plain | prompt_fr -1*es:  91%|█████████ | 102/112 [03:53<00:16,  1.67s/it]plain | prompt_fr -1*es:  92%|█████████▏| 103/112 [03:53<00:11,  1.25s/it]plain | prompt_fr -1*es:  93%|█████████▎| 104/112 [03:54<00:09,  1.19s/it]plain | prompt_fr -1*es:  94%|█████████▍| 105/112 [03:56<00:10,  1.57s/it]plain | prompt_fr -1*es:  95%|█████████▍| 106/112 [03:57<00:07,  1.21s/it]plain | prompt_fr -1*es:  96%|█████████▌| 107/112 [04:00<00:09,  1.88s/it]plain | prompt_fr -1*es:  96%|█████████▋| 108/112 [04:04<00:09,  2.35s/it]plain | prompt_fr -1*es:  97%|█████████▋| 109/112 [04:07<00:08,  2.69s/it]plain | prompt_fr -1*es:  98%|█████████▊| 110/112 [04:08<00:04,  2.19s/it]plain | prompt_fr -1*es:  99%|█████████▉| 111/112 [04:12<00:02,  2.57s/it]plain | prompt_fr -1*es: 100%|██████████| 112/112 [04:15<00:00,  2.83s/it]plain | prompt_fr -1*es: 100%|██████████| 112/112 [04:15<00:00,  2.28s/it]
plain | prompt_fr -1*de:   0%|          | 0/112 [00:00<?, ?it/s]plain | prompt_fr -1*de:   1%|          | 1/112 [00:03<06:32,  3.54s/it]plain | prompt_fr -1*de:   2%|▏         | 2/112 [00:07<06:25,  3.51s/it]plain | prompt_fr -1*de:   3%|▎         | 3/112 [00:10<06:20,  3.49s/it]plain | prompt_fr -1*de:   4%|▎         | 4/112 [00:13<06:15,  3.48s/it]plain | prompt_fr -1*de:   4%|▍         | 5/112 [00:16<05:21,  3.01s/it]plain | prompt_fr -1*de:   5%|▌         | 6/112 [00:17<04:02,  2.29s/it]plain | prompt_fr -1*de:   6%|▋         | 7/112 [00:20<04:41,  2.68s/it]plain | prompt_fr -1*de:   7%|▋         | 8/112 [00:23<04:59,  2.88s/it]plain | prompt_fr -1*de:   8%|▊         | 9/112 [00:27<05:13,  3.05s/it]plain | prompt_fr -1*de:   9%|▉         | 10/112 [00:30<05:21,  3.16s/it]plain | prompt_fr -1*de:  10%|▉         | 11/112 [00:32<04:46,  2.84s/it]plain | prompt_fr -1*de:  11%|█         | 12/112 [00:36<05:01,  3.01s/it]plain | prompt_fr -1*de:  12%|█▏        | 13/112 [00:37<03:57,  2.40s/it]plain | prompt_fr -1*de:  12%|█▎        | 14/112 [00:38<03:11,  1.96s/it]plain | prompt_fr -1*de:  13%|█▎        | 15/112 [00:39<02:47,  1.73s/it]plain | prompt_fr -1*de:  14%|█▍        | 16/112 [00:42<03:35,  2.24s/it]plain | prompt_fr -1*de:  15%|█▌        | 17/112 [00:43<02:53,  1.82s/it]plain | prompt_fr -1*de:  16%|█▌        | 18/112 [00:44<02:22,  1.51s/it]plain | prompt_fr -1*de:  17%|█▋        | 19/112 [00:47<03:14,  2.09s/it]plain | prompt_fr -1*de:  18%|█▊        | 20/112 [00:48<02:36,  1.70s/it]plain | prompt_fr -1*de:  19%|█▉        | 21/112 [00:52<03:22,  2.23s/it]plain | prompt_fr -1*de:  20%|█▉        | 22/112 [00:53<03:01,  2.01s/it]plain | prompt_fr -1*de:  21%|██        | 23/112 [00:55<02:47,  1.88s/it]plain | prompt_fr -1*de:  21%|██▏       | 24/112 [00:56<02:26,  1.67s/it]plain | prompt_fr -1*de:  22%|██▏       | 25/112 [00:57<02:09,  1.49s/it]plain | prompt_fr -1*de:  23%|██▎       | 26/112 [00:58<02:10,  1.52s/it]plain | prompt_fr -1*de:  24%|██▍       | 27/112 [01:02<02:59,  2.11s/it]plain | prompt_fr -1*de:  25%|██▌       | 28/112 [01:05<03:31,  2.51s/it]plain | prompt_fr -1*de:  26%|██▌       | 29/112 [01:09<03:51,  2.79s/it]plain | prompt_fr -1*de:  27%|██▋       | 30/112 [01:11<03:32,  2.59s/it]plain | prompt_fr -1*de:  28%|██▊       | 31/112 [01:12<02:43,  2.02s/it]plain | prompt_fr -1*de:  29%|██▊       | 32/112 [01:15<03:13,  2.42s/it]plain | prompt_fr -1*de:  29%|██▉       | 33/112 [01:17<02:50,  2.15s/it]plain | prompt_fr -1*de:  30%|███       | 34/112 [01:17<02:19,  1.79s/it]plain | prompt_fr -1*de:  31%|███▏      | 35/112 [01:18<01:59,  1.55s/it]plain | prompt_fr -1*de:  32%|███▏      | 36/112 [01:22<02:41,  2.12s/it]plain | prompt_fr -1*de:  33%|███▎      | 37/112 [01:25<03:09,  2.52s/it]plain | prompt_fr -1*de:  34%|███▍      | 38/112 [01:26<02:30,  2.03s/it]plain | prompt_fr -1*de:  35%|███▍      | 39/112 [01:29<02:40,  2.19s/it]plain | prompt_fr -1*de:  36%|███▌      | 40/112 [01:32<03:04,  2.56s/it]plain | prompt_fr -1*de:  37%|███▋      | 41/112 [01:34<02:37,  2.22s/it]plain | prompt_fr -1*de:  38%|███▊      | 42/112 [01:35<02:23,  2.04s/it]plain | prompt_fr -1*de:  38%|███▊      | 43/112 [01:36<01:56,  1.68s/it]plain | prompt_fr -1*de:  39%|███▉      | 44/112 [01:40<02:30,  2.21s/it]plain | prompt_fr -1*de:  40%|████      | 45/112 [01:42<02:40,  2.39s/it]plain | prompt_fr -1*de:  41%|████      | 46/112 [01:46<02:58,  2.71s/it]plain | prompt_fr -1*de:  42%|████▏     | 47/112 [01:49<03:10,  2.93s/it]plain | prompt_fr -1*de:  43%|████▎     | 48/112 [01:53<03:17,  3.09s/it]plain | prompt_fr -1*de:  44%|████▍     | 49/112 [01:56<03:21,  3.19s/it]plain | prompt_fr -1*de:  45%|████▍     | 50/112 [01:57<02:40,  2.59s/it]plain | prompt_fr -1*de:  46%|████▌     | 51/112 [02:00<02:32,  2.50s/it]plain | prompt_fr -1*de:  46%|████▋     | 52/112 [02:01<02:01,  2.02s/it]plain | prompt_fr -1*de:  47%|████▋     | 53/112 [02:03<02:08,  2.18s/it]plain | prompt_fr -1*de:  48%|████▊     | 54/112 [02:07<02:28,  2.57s/it]plain | prompt_fr -1*de:  49%|████▉     | 55/112 [02:07<01:55,  2.03s/it]plain | prompt_fr -1*de:  50%|█████     | 56/112 [02:11<02:17,  2.46s/it]plain | prompt_fr -1*de:  51%|█████     | 57/112 [02:14<02:31,  2.76s/it]plain | prompt_fr -1*de:  52%|█████▏    | 58/112 [02:18<02:40,  2.98s/it]plain | prompt_fr -1*de:  53%|█████▎    | 59/112 [02:21<02:45,  3.13s/it]plain | prompt_fr -1*de:  54%|█████▎    | 60/112 [02:25<02:48,  3.24s/it]plain | prompt_fr -1*de:  54%|█████▍    | 61/112 [02:28<02:48,  3.31s/it]plain | prompt_fr -1*de:  55%|█████▌    | 62/112 [02:32<02:47,  3.36s/it]plain | prompt_fr -1*de:  56%|█████▋    | 63/112 [02:35<02:45,  3.38s/it]plain | prompt_fr -1*de:  57%|█████▋    | 64/112 [02:38<02:41,  3.36s/it]plain | prompt_fr -1*de:  58%|█████▊    | 65/112 [02:41<02:25,  3.10s/it]plain | prompt_fr -1*de:  59%|█████▉    | 66/112 [02:42<01:59,  2.60s/it]plain | prompt_fr -1*de:  60%|█████▉    | 67/112 [02:46<02:08,  2.86s/it]plain | prompt_fr -1*de:  61%|██████    | 68/112 [02:47<01:40,  2.29s/it]plain | prompt_fr -1*de:  62%|██████▏   | 69/112 [02:47<01:13,  1.72s/it]plain | prompt_fr -1*de:  62%|██████▎   | 70/112 [02:51<01:33,  2.24s/it]plain | prompt_fr -1*de:  63%|██████▎   | 71/112 [02:54<01:46,  2.60s/it]plain | prompt_fr -1*de:  64%|██████▍   | 72/112 [02:56<01:36,  2.41s/it]plain | prompt_fr -1*de:  65%|██████▌   | 73/112 [02:57<01:13,  1.90s/it]plain | prompt_fr -1*de:  66%|██████▌   | 74/112 [02:57<00:58,  1.55s/it]plain | prompt_fr -1*de:  67%|██████▋   | 75/112 [02:58<00:50,  1.35s/it]plain | prompt_fr -1*de:  68%|██████▊   | 76/112 [03:00<00:57,  1.59s/it]plain | prompt_fr -1*de:  69%|██████▉   | 77/112 [03:04<01:14,  2.14s/it]plain | prompt_fr -1*de:  70%|██████▉   | 78/112 [03:07<01:25,  2.52s/it]plain | prompt_fr -1*de:  71%|███████   | 79/112 [03:11<01:32,  2.79s/it]plain | prompt_fr -1*de:  71%|███████▏  | 80/112 [03:12<01:11,  2.23s/it]plain | prompt_fr -1*de:  72%|███████▏  | 81/112 [03:13<00:57,  1.84s/it]plain | prompt_fr -1*de:  73%|███████▎  | 82/112 [03:16<01:09,  2.32s/it]plain | prompt_fr -1*de:  74%|███████▍  | 83/112 [03:17<00:54,  1.88s/it]plain | prompt_fr -1*de:  75%|███████▌  | 84/112 [03:20<01:05,  2.34s/it]plain | prompt_fr -1*de:  76%|███████▌  | 85/112 [03:24<01:11,  2.66s/it]plain | prompt_fr -1*de:  77%|███████▋  | 86/112 [03:27<01:15,  2.88s/it]plain | prompt_fr -1*de:  78%|███████▊  | 87/112 [03:28<00:56,  2.28s/it]plain | prompt_fr -1*de:  79%|███████▊  | 88/112 [03:31<01:03,  2.64s/it]plain | prompt_fr -1*de:  79%|███████▉  | 89/112 [03:35<01:06,  2.88s/it]plain | prompt_fr -1*de:  80%|████████  | 90/112 [03:38<01:06,  3.03s/it]plain | prompt_fr -1*de:  81%|████████▏ | 91/112 [03:42<01:05,  3.11s/it]plain | prompt_fr -1*de:  82%|████████▏ | 92/112 [03:45<01:04,  3.22s/it]plain | prompt_fr -1*de:  83%|████████▎ | 93/112 [03:48<00:58,  3.07s/it]plain | prompt_fr -1*de:  84%|████████▍ | 94/112 [03:49<00:44,  2.45s/it]plain | prompt_fr -1*de:  85%|████████▍ | 95/112 [03:52<00:43,  2.58s/it]plain | prompt_fr -1*de:  86%|████████▌ | 96/112 [03:55<00:45,  2.84s/it]plain | prompt_fr -1*de:  87%|████████▋ | 97/112 [03:57<00:37,  2.53s/it]plain | prompt_fr -1*de:  88%|████████▊ | 98/112 [03:58<00:28,  2.06s/it]plain | prompt_fr -1*de:  88%|████████▊ | 99/112 [04:01<00:30,  2.32s/it]plain | prompt_fr -1*de:  89%|████████▉ | 100/112 [04:03<00:28,  2.36s/it]plain | prompt_fr -1*de:  90%|█████████ | 101/112 [04:06<00:25,  2.35s/it]plain | prompt_fr -1*de:  91%|█████████ | 102/112 [04:07<00:19,  1.93s/it]plain | prompt_fr -1*de:  92%|█████████▏| 103/112 [04:07<00:13,  1.47s/it]plain | prompt_fr -1*de:  93%|█████████▎| 104/112 [04:10<00:16,  2.05s/it]plain | prompt_fr -1*de:  94%|█████████▍| 105/112 [04:11<00:12,  1.72s/it]plain | prompt_fr -1*de:  95%|█████████▍| 106/112 [04:15<00:13,  2.24s/it]plain | prompt_fr -1*de:  96%|█████████▌| 107/112 [04:18<00:12,  2.60s/it]plain | prompt_fr -1*de:  96%|█████████▋| 108/112 [04:19<00:07,  1.98s/it]plain | prompt_fr -1*de:  97%|█████████▋| 109/112 [04:22<00:07,  2.43s/it]plain | prompt_fr -1*de:  98%|█████████▊| 110/112 [04:26<00:05,  2.73s/it]plain | prompt_fr -1*de:  99%|█████████▉| 111/112 [04:29<00:02,  2.94s/it]plain | prompt_fr -1*de: 100%|██████████| 112/112 [04:30<00:00,  2.32s/it]plain | prompt_fr -1*de: 100%|██████████| 112/112 [04:30<00:00,  2.41s/it]
plain | prompt_fr -1*rand0_fr:   0%|          | 0/112 [00:00<?, ?it/s]plain | prompt_fr -1*rand0_fr:   1%|          | 1/112 [00:02<05:25,  2.93s/it]plain | prompt_fr -1*rand0_fr:   2%|▏         | 2/112 [00:06<05:55,  3.23s/it]plain | prompt_fr -1*rand0_fr:   3%|▎         | 3/112 [00:09<06:01,  3.31s/it]plain | prompt_fr -1*rand0_fr:   4%|▎         | 4/112 [00:13<06:02,  3.36s/it]plain | prompt_fr -1*rand0_fr:   4%|▍         | 5/112 [00:16<06:02,  3.39s/it]plain | prompt_fr -1*rand0_fr:   5%|▌         | 6/112 [00:20<06:00,  3.40s/it]plain | prompt_fr -1*rand0_fr:   6%|▋         | 7/112 [00:23<05:57,  3.41s/it]plain | prompt_fr -1*rand0_fr:   7%|▋         | 8/112 [00:26<05:55,  3.42s/it]plain | prompt_fr -1*rand0_fr:   8%|▊         | 9/112 [00:30<05:51,  3.42s/it]plain | prompt_fr -1*rand0_fr:   9%|▉         | 10/112 [00:32<05:15,  3.10s/it]plain | prompt_fr -1*rand0_fr:  10%|▉         | 11/112 [00:36<05:22,  3.19s/it]plain | prompt_fr -1*rand0_fr:  11%|█         | 12/112 [00:39<05:26,  3.27s/it]plain | prompt_fr -1*rand0_fr:  12%|█▏        | 13/112 [00:40<04:21,  2.65s/it]plain | prompt_fr -1*rand0_fr:  12%|█▎        | 14/112 [00:43<04:07,  2.53s/it]plain | prompt_fr -1*rand0_fr:  13%|█▎        | 15/112 [00:43<03:00,  1.86s/it]plain | prompt_fr -1*rand0_fr:  14%|█▍        | 16/112 [00:43<02:20,  1.46s/it]plain | prompt_fr -1*rand0_fr:  15%|█▌        | 17/112 [00:47<03:16,  2.07s/it]plain | prompt_fr -1*rand0_fr:  16%|█▌        | 18/112 [00:50<03:53,  2.49s/it]plain | prompt_fr -1*rand0_fr:  17%|█▋        | 19/112 [00:54<04:18,  2.78s/it]plain | prompt_fr -1*rand0_fr:  18%|█▊        | 20/112 [00:57<04:34,  2.99s/it]plain | prompt_fr -1*rand0_fr:  19%|█▉        | 21/112 [01:01<04:44,  3.13s/it]plain | prompt_fr -1*rand0_fr:  20%|█▉        | 22/112 [01:01<03:24,  2.27s/it]plain | prompt_fr -1*rand0_fr:  21%|██        | 23/112 [01:05<03:54,  2.64s/it]plain | prompt_fr -1*rand0_fr:  21%|██▏       | 24/112 [01:05<02:52,  1.96s/it]plain | prompt_fr -1*rand0_fr:  22%|██▏       | 25/112 [01:08<03:30,  2.42s/it]plain | prompt_fr -1*rand0_fr:  23%|██▎       | 26/112 [01:12<03:54,  2.73s/it]plain | prompt_fr -1*rand0_fr:  24%|██▍       | 27/112 [01:13<03:01,  2.13s/it]plain | prompt_fr -1*rand0_fr:  25%|██▌       | 28/112 [01:15<02:58,  2.13s/it]plain | prompt_fr -1*rand0_fr:  26%|██▌       | 29/112 [01:18<03:29,  2.53s/it]plain | prompt_fr -1*rand0_fr:  27%|██▋       | 30/112 [01:22<03:49,  2.80s/it]plain | prompt_fr -1*rand0_fr:  28%|██▊       | 31/112 [01:25<04:02,  3.00s/it]plain | prompt_fr -1*rand0_fr:  29%|██▊       | 32/112 [01:28<04:10,  3.14s/it]plain | prompt_fr -1*rand0_fr:  29%|██▉       | 33/112 [01:32<04:15,  3.23s/it]plain | prompt_fr -1*rand0_fr:  30%|███       | 34/112 [01:35<04:17,  3.30s/it]plain | prompt_fr -1*rand0_fr:  31%|███▏      | 35/112 [01:39<04:17,  3.34s/it]plain | prompt_fr -1*rand0_fr:  32%|███▏      | 36/112 [01:42<04:16,  3.38s/it]plain | prompt_fr -1*rand0_fr:  33%|███▎      | 37/112 [01:46<04:14,  3.39s/it]plain | prompt_fr -1*rand0_fr:  34%|███▍      | 38/112 [01:46<03:04,  2.49s/it]plain | prompt_fr -1*rand0_fr:  35%|███▍      | 39/112 [01:50<03:22,  2.77s/it]plain | prompt_fr -1*rand0_fr:  36%|███▌      | 40/112 [01:53<03:34,  2.98s/it]plain | prompt_fr -1*rand0_fr:  37%|███▋      | 41/112 [01:56<03:41,  3.12s/it]plain | prompt_fr -1*rand0_fr:  38%|███▊      | 42/112 [01:58<03:14,  2.77s/it]plain | prompt_fr -1*rand0_fr:  38%|███▊      | 43/112 [01:59<02:21,  2.06s/it]plain | prompt_fr -1*rand0_fr:  39%|███▉      | 44/112 [02:02<02:48,  2.48s/it]plain | prompt_fr -1*rand0_fr:  40%|████      | 45/112 [02:06<03:07,  2.80s/it]plain | prompt_fr -1*rand0_fr:  41%|████      | 46/112 [02:09<03:17,  2.99s/it]plain | prompt_fr -1*rand0_fr:  42%|████▏     | 47/112 [02:13<03:23,  3.13s/it]plain | prompt_fr -1*rand0_fr:  43%|████▎     | 48/112 [02:16<03:26,  3.23s/it]plain | prompt_fr -1*rand0_fr:  44%|████▍     | 49/112 [02:20<03:27,  3.30s/it]plain | prompt_fr -1*rand0_fr:  45%|████▍     | 50/112 [02:23<03:27,  3.35s/it]plain | prompt_fr -1*rand0_fr:  46%|████▌     | 51/112 [02:27<03:26,  3.38s/it]plain | prompt_fr -1*rand0_fr:  46%|████▋     | 52/112 [02:30<03:23,  3.39s/it]plain | prompt_fr -1*rand0_fr:  47%|████▋     | 53/112 [02:33<03:21,  3.41s/it]plain | prompt_fr -1*rand0_fr:  48%|████▊     | 54/112 [02:37<03:18,  3.43s/it]plain | prompt_fr -1*rand0_fr:  49%|████▉     | 55/112 [02:38<02:27,  2.59s/it]plain | prompt_fr -1*rand0_fr:  50%|█████     | 56/112 [02:41<02:40,  2.86s/it]plain | prompt_fr -1*rand0_fr:  51%|█████     | 57/112 [02:41<01:55,  2.10s/it]plain | prompt_fr -1*rand0_fr:  52%|█████▏    | 58/112 [02:44<02:03,  2.28s/it]plain | prompt_fr -1*rand0_fr:  53%|█████▎    | 59/112 [02:48<02:19,  2.63s/it]plain | prompt_fr -1*rand0_fr:  54%|█████▎    | 60/112 [02:48<01:43,  1.99s/it]plain | prompt_fr -1*rand0_fr:  54%|█████▍    | 61/112 [02:51<02:03,  2.43s/it]plain | prompt_fr -1*rand0_fr:  55%|█████▌    | 62/112 [02:53<01:46,  2.13s/it]plain | prompt_fr -1*rand0_fr:  56%|█████▋    | 63/112 [02:56<02:03,  2.53s/it]plain | prompt_fr -1*rand0_fr:  57%|█████▋    | 64/112 [02:57<01:35,  1.98s/it]plain | prompt_fr -1*rand0_fr:  58%|█████▊    | 65/112 [03:01<01:54,  2.43s/it]plain | prompt_fr -1*rand0_fr:  59%|█████▉    | 66/112 [03:01<01:22,  1.80s/it]plain | prompt_fr -1*rand0_fr:  60%|█████▉    | 67/112 [03:04<01:43,  2.31s/it]plain | prompt_fr -1*rand0_fr:  61%|██████    | 68/112 [03:08<01:56,  2.65s/it]plain | prompt_fr -1*rand0_fr:  62%|██████▏   | 69/112 [03:10<01:48,  2.53s/it]plain | prompt_fr -1*rand0_fr:  62%|██████▎   | 70/112 [03:13<01:57,  2.80s/it]plain | prompt_fr -1*rand0_fr:  63%|██████▎   | 71/112 [03:17<02:02,  2.99s/it]plain | prompt_fr -1*rand0_fr:  64%|██████▍   | 72/112 [03:19<01:53,  2.84s/it]plain | prompt_fr -1*rand0_fr:  65%|██████▌   | 73/112 [03:20<01:23,  2.13s/it]plain | prompt_fr -1*rand0_fr:  66%|██████▌   | 74/112 [03:23<01:28,  2.32s/it]plain | prompt_fr -1*rand0_fr:  67%|██████▋   | 75/112 [03:26<01:38,  2.65s/it]plain | prompt_fr -1*rand0_fr:  68%|██████▊   | 76/112 [03:28<01:31,  2.55s/it]plain | prompt_fr -1*rand0_fr:  69%|██████▉   | 77/112 [03:32<01:38,  2.81s/it]plain | prompt_fr -1*rand0_fr:  70%|██████▉   | 78/112 [03:35<01:41,  2.99s/it]plain | prompt_fr -1*rand0_fr:  71%|███████   | 79/112 [03:39<01:43,  3.13s/it]plain | prompt_fr -1*rand0_fr:  71%|███████▏  | 80/112 [03:42<01:43,  3.22s/it]plain | prompt_fr -1*rand0_fr:  72%|███████▏  | 81/112 [03:46<01:41,  3.28s/it]plain | prompt_fr -1*rand0_fr:  73%|███████▎  | 82/112 [03:48<01:31,  3.06s/it]plain | prompt_fr -1*rand0_fr:  74%|███████▍  | 83/112 [03:49<01:09,  2.38s/it]plain | prompt_fr -1*rand0_fr:  75%|███████▌  | 84/112 [03:52<01:15,  2.69s/it]plain | prompt_fr -1*rand0_fr:  76%|███████▌  | 85/112 [03:56<01:18,  2.92s/it]plain | prompt_fr -1*rand0_fr:  77%|███████▋  | 86/112 [03:56<00:58,  2.24s/it]plain | prompt_fr -1*rand0_fr:  78%|███████▊  | 87/112 [03:57<00:43,  1.74s/it]plain | prompt_fr -1*rand0_fr:  79%|███████▊  | 88/112 [04:00<00:54,  2.25s/it]plain | prompt_fr -1*rand0_fr:  79%|███████▉  | 89/112 [04:02<00:46,  2.03s/it]plain | prompt_fr -1*rand0_fr:  80%|████████  | 90/112 [04:05<00:54,  2.46s/it]plain | prompt_fr -1*rand0_fr:  81%|████████▏ | 91/112 [04:09<00:57,  2.74s/it]plain | prompt_fr -1*rand0_fr:  82%|████████▏ | 92/112 [04:12<00:59,  2.96s/it]plain | prompt_fr -1*rand0_fr:  83%|████████▎ | 93/112 [04:16<00:59,  3.11s/it]plain | prompt_fr -1*rand0_fr:  84%|████████▍ | 94/112 [04:16<00:42,  2.34s/it]plain | prompt_fr -1*rand0_fr:  85%|████████▍ | 95/112 [04:20<00:45,  2.66s/it]plain | prompt_fr -1*rand0_fr:  86%|████████▌ | 96/112 [04:23<00:46,  2.89s/it]plain | prompt_fr -1*rand0_fr:  87%|████████▋ | 97/112 [04:27<00:45,  3.05s/it]plain | prompt_fr -1*rand0_fr:  88%|████████▊ | 98/112 [04:30<00:44,  3.16s/it]plain | prompt_fr -1*rand0_fr:  88%|████████▊ | 99/112 [04:33<00:40,  3.11s/it]plain | prompt_fr -1*rand0_fr:  89%|████████▉ | 100/112 [04:36<00:38,  3.21s/it]plain | prompt_fr -1*rand0_fr:  90%|█████████ | 101/112 [04:40<00:36,  3.28s/it]plain | prompt_fr -1*rand0_fr:  91%|█████████ | 102/112 [04:41<00:26,  2.64s/it]plain | prompt_fr -1*rand0_fr:  92%|█████████▏| 103/112 [04:44<00:25,  2.88s/it]plain | prompt_fr -1*rand0_fr:  93%|█████████▎| 104/112 [04:48<00:24,  3.05s/it]plain | prompt_fr -1*rand0_fr:  94%|█████████▍| 105/112 [04:51<00:22,  3.17s/it]plain | prompt_fr -1*rand0_fr:  95%|█████████▍| 106/112 [04:52<00:13,  2.33s/it]plain | prompt_fr -1*rand0_fr:  96%|█████████▌| 107/112 [04:55<00:13,  2.67s/it]plain | prompt_fr -1*rand0_fr:  96%|█████████▋| 108/112 [04:59<00:11,  2.91s/it]plain | prompt_fr -1*rand0_fr:  97%|█████████▋| 109/112 [05:02<00:09,  3.08s/it]plain | prompt_fr -1*rand0_fr:  98%|█████████▊| 110/112 [05:06<00:06,  3.20s/it]plain | prompt_fr -1*rand0_fr:  99%|█████████▉| 111/112 [05:09<00:03,  3.27s/it]plain | prompt_fr -1*rand0_fr: 100%|██████████| 112/112 [05:13<00:00,  3.36s/it]plain | prompt_fr -1*rand0_fr: 100%|██████████| 112/112 [05:13<00:00,  2.79s/it]
plain | prompt_fr -1*rand1_fr:   0%|          | 0/112 [00:00<?, ?it/s]plain | prompt_fr -1*rand1_fr:   1%|          | 1/112 [00:03<06:24,  3.46s/it]plain | prompt_fr -1*rand1_fr:   2%|▏         | 2/112 [00:05<04:17,  2.34s/it]plain | prompt_fr -1*rand1_fr:   3%|▎         | 3/112 [00:05<02:41,  1.48s/it]plain | prompt_fr -1*rand1_fr:   4%|▎         | 4/112 [00:08<04:05,  2.27s/it]plain | prompt_fr -1*rand1_fr:   4%|▍         | 5/112 [00:12<04:50,  2.71s/it]plain | prompt_fr -1*rand1_fr:   5%|▌         | 6/112 [00:15<05:15,  2.98s/it]plain | prompt_fr -1*rand1_fr:   6%|▋         | 7/112 [00:19<05:27,  3.12s/it]plain | prompt_fr -1*rand1_fr:   7%|▋         | 8/112 [00:22<05:37,  3.25s/it]plain | prompt_fr -1*rand1_fr:   8%|▊         | 9/112 [00:26<05:42,  3.32s/it]plain | prompt_fr -1*rand1_fr:   9%|▉         | 10/112 [00:27<04:27,  2.62s/it]plain | prompt_fr -1*rand1_fr:  10%|▉         | 11/112 [00:29<03:54,  2.32s/it]plain | prompt_fr -1*rand1_fr:  11%|█         | 12/112 [00:32<04:27,  2.67s/it]plain | prompt_fr -1*rand1_fr:  12%|█▏        | 13/112 [00:33<03:28,  2.11s/it]plain | prompt_fr -1*rand1_fr:  12%|█▎        | 14/112 [00:36<04:07,  2.52s/it]plain | prompt_fr -1*rand1_fr:  13%|█▎        | 15/112 [00:37<03:14,  2.01s/it]plain | prompt_fr -1*rand1_fr:  14%|█▍        | 16/112 [00:41<03:55,  2.45s/it]plain | prompt_fr -1*rand1_fr:  15%|█▌        | 17/112 [00:44<04:21,  2.75s/it]plain | prompt_fr -1*rand1_fr:  16%|█▌        | 18/112 [00:48<04:38,  2.96s/it]plain | prompt_fr -1*rand1_fr:  17%|█▋        | 19/112 [00:51<04:50,  3.12s/it]plain | prompt_fr -1*rand1_fr:  18%|█▊        | 20/112 [00:54<04:56,  3.22s/it]plain | prompt_fr -1*rand1_fr:  19%|█▉        | 21/112 [00:57<04:47,  3.16s/it]plain | prompt_fr -1*rand1_fr:  20%|█▉        | 22/112 [00:58<03:26,  2.29s/it]plain | prompt_fr -1*rand1_fr:  21%|██        | 23/112 [01:01<03:54,  2.64s/it]plain | prompt_fr -1*rand1_fr:  21%|██▏       | 24/112 [01:02<02:52,  1.96s/it]plain | prompt_fr -1*rand1_fr:  22%|██▏       | 25/112 [01:05<03:28,  2.39s/it]plain | prompt_fr -1*rand1_fr:  23%|██▎       | 26/112 [01:08<03:53,  2.71s/it]plain | prompt_fr -1*rand1_fr:  24%|██▍       | 27/112 [01:12<04:08,  2.93s/it]plain | prompt_fr -1*rand1_fr:  25%|██▌       | 28/112 [01:13<03:32,  2.53s/it]plain | prompt_fr -1*rand1_fr:  26%|██▌       | 29/112 [01:14<02:40,  1.93s/it]plain | prompt_fr -1*rand1_fr:  27%|██▋       | 30/112 [01:16<02:51,  2.09s/it]plain | prompt_fr -1*rand1_fr:  28%|██▊       | 31/112 [01:20<03:20,  2.48s/it]plain | prompt_fr -1*rand1_fr:  29%|██▊       | 32/112 [01:23<03:40,  2.76s/it]plain | prompt_fr -1*rand1_fr:  29%|██▉       | 33/112 [01:27<03:53,  2.96s/it]plain | prompt_fr -1*rand1_fr:  30%|███       | 34/112 [01:30<04:01,  3.10s/it]plain | prompt_fr -1*rand1_fr:  31%|███▏      | 35/112 [01:34<04:05,  3.19s/it]plain | prompt_fr -1*rand1_fr:  32%|███▏      | 36/112 [01:34<03:03,  2.41s/it]plain | prompt_fr -1*rand1_fr:  33%|███▎      | 37/112 [01:36<02:42,  2.16s/it]plain | prompt_fr -1*rand1_fr:  34%|███▍      | 38/112 [01:39<03:07,  2.54s/it]plain | prompt_fr -1*rand1_fr:  35%|███▍      | 39/112 [01:43<03:24,  2.81s/it]plain | prompt_fr -1*rand1_fr:  36%|███▌      | 40/112 [01:46<03:34,  2.99s/it]plain | prompt_fr -1*rand1_fr:  37%|███▋      | 41/112 [01:49<03:40,  3.11s/it]plain | prompt_fr -1*rand1_fr:  38%|███▊      | 42/112 [01:53<03:43,  3.20s/it]plain | prompt_fr -1*rand1_fr:  38%|███▊      | 43/112 [01:53<02:41,  2.35s/it]plain | prompt_fr -1*rand1_fr:  39%|███▉      | 44/112 [01:57<03:01,  2.67s/it]plain | prompt_fr -1*rand1_fr:  40%|████      | 45/112 [02:00<03:13,  2.89s/it]plain | prompt_fr -1*rand1_fr:  41%|████      | 46/112 [02:03<03:21,  3.05s/it]plain | prompt_fr -1*rand1_fr:  42%|████▏     | 47/112 [02:07<03:25,  3.16s/it]plain | prompt_fr -1*rand1_fr:  43%|████▎     | 48/112 [02:10<03:26,  3.23s/it]plain | prompt_fr -1*rand1_fr:  44%|████▍     | 49/112 [02:12<02:54,  2.76s/it]plain | prompt_fr -1*rand1_fr:  45%|████▍     | 50/112 [02:15<03:03,  2.95s/it]plain | prompt_fr -1*rand1_fr:  46%|████▌     | 51/112 [02:16<02:18,  2.26s/it]plain | prompt_fr -1*rand1_fr:  46%|████▋     | 52/112 [02:18<02:03,  2.06s/it]plain | prompt_fr -1*rand1_fr:  47%|████▋     | 53/112 [02:21<02:25,  2.47s/it]plain | prompt_fr -1*rand1_fr:  48%|████▊     | 54/112 [02:24<02:39,  2.75s/it]plain | prompt_fr -1*rand1_fr:  49%|████▉     | 55/112 [02:25<01:55,  2.02s/it]plain | prompt_fr -1*rand1_fr:  50%|█████     | 56/112 [02:26<01:36,  1.72s/it]plain | prompt_fr -1*rand1_fr:  51%|█████     | 57/112 [02:26<01:11,  1.31s/it]plain | prompt_fr -1*rand1_fr:  52%|█████▏    | 58/112 [02:28<01:13,  1.36s/it]plain | prompt_fr -1*rand1_fr:  53%|█████▎    | 59/112 [02:29<01:19,  1.50s/it]plain | prompt_fr -1*rand1_fr:  54%|█████▎    | 60/112 [02:30<01:02,  1.19s/it]plain | prompt_fr -1*rand1_fr:  54%|█████▍    | 61/112 [02:33<01:34,  1.86s/it]plain | prompt_fr -1*rand1_fr:  55%|█████▌    | 62/112 [02:34<01:14,  1.49s/it]plain | prompt_fr -1*rand1_fr:  56%|█████▋    | 63/112 [02:35<01:01,  1.25s/it]plain | prompt_fr -1*rand1_fr:  57%|█████▋    | 64/112 [02:35<00:50,  1.05s/it]plain | prompt_fr -1*rand1_fr:  58%|█████▊    | 65/112 [02:39<01:22,  1.76s/it]plain | prompt_fr -1*rand1_fr:  59%|█████▉    | 66/112 [02:39<01:03,  1.38s/it]plain | prompt_fr -1*rand1_fr:  60%|█████▉    | 67/112 [02:42<01:29,  2.00s/it]plain | prompt_fr -1*rand1_fr:  61%|██████    | 68/112 [02:46<01:46,  2.43s/it]plain | prompt_fr -1*rand1_fr:  62%|██████▏   | 69/112 [02:46<01:18,  1.82s/it]plain | prompt_fr -1*rand1_fr:  62%|██████▎   | 70/112 [02:50<01:37,  2.31s/it]plain | prompt_fr -1*rand1_fr:  63%|██████▎   | 71/112 [02:53<01:49,  2.66s/it]plain | prompt_fr -1*rand1_fr:  64%|██████▍   | 72/112 [02:55<01:37,  2.43s/it]plain | prompt_fr -1*rand1_fr:  65%|██████▌   | 73/112 [02:59<01:46,  2.74s/it]plain | prompt_fr -1*rand1_fr:  66%|██████▌   | 74/112 [03:02<01:52,  2.96s/it]plain | prompt_fr -1*rand1_fr:  67%|██████▋   | 75/112 [03:06<01:55,  3.12s/it]plain | prompt_fr -1*rand1_fr:  68%|██████▊   | 76/112 [03:09<01:55,  3.22s/it]plain | prompt_fr -1*rand1_fr:  69%|██████▉   | 77/112 [03:12<01:55,  3.29s/it]plain | prompt_fr -1*rand1_fr:  70%|██████▉   | 78/112 [03:13<01:27,  2.57s/it]plain | prompt_fr -1*rand1_fr:  71%|███████   | 79/112 [03:14<01:03,  1.93s/it]plain | prompt_fr -1*rand1_fr:  71%|███████▏  | 80/112 [03:17<01:15,  2.37s/it]plain | prompt_fr -1*rand1_fr:  72%|███████▏  | 81/112 [03:21<01:23,  2.68s/it]plain | prompt_fr -1*rand1_fr:  73%|███████▎  | 82/112 [03:24<01:27,  2.90s/it]plain | prompt_fr -1*rand1_fr:  74%|███████▍  | 83/112 [03:27<01:28,  3.05s/it]plain | prompt_fr -1*rand1_fr:  75%|███████▌  | 84/112 [03:31<01:28,  3.16s/it]plain | prompt_fr -1*rand1_fr:  76%|███████▌  | 85/112 [03:34<01:27,  3.25s/it]plain | prompt_fr -1*rand1_fr:  77%|███████▋  | 86/112 [03:35<01:02,  2.41s/it]plain | prompt_fr -1*rand1_fr:  78%|███████▊  | 87/112 [03:38<01:07,  2.71s/it]plain | prompt_fr -1*rand1_fr:  79%|███████▊  | 88/112 [03:42<01:10,  2.92s/it]plain | prompt_fr -1*rand1_fr:  79%|███████▉  | 89/112 [03:45<01:10,  3.07s/it]plain | prompt_fr -1*rand1_fr:  80%|████████  | 90/112 [03:48<01:09,  3.17s/it]plain | prompt_fr -1*rand1_fr:  81%|████████▏ | 91/112 [03:49<00:49,  2.36s/it]plain | prompt_fr -1*rand1_fr:  82%|████████▏ | 92/112 [03:52<00:53,  2.68s/it]plain | prompt_fr -1*rand1_fr:  83%|████████▎ | 93/112 [03:53<00:37,  1.97s/it]plain | prompt_fr -1*rand1_fr:  84%|████████▍ | 94/112 [03:53<00:28,  1.58s/it]plain | prompt_fr -1*rand1_fr:  85%|████████▍ | 95/112 [03:57<00:36,  2.15s/it]plain | prompt_fr -1*rand1_fr:  86%|████████▌ | 96/112 [04:00<00:40,  2.54s/it]plain | prompt_fr -1*rand1_fr:  87%|████████▋ | 97/112 [04:04<00:42,  2.81s/it]plain | prompt_fr -1*rand1_fr:  88%|████████▊ | 98/112 [04:04<00:30,  2.19s/it]plain | prompt_fr -1*rand1_fr:  88%|████████▊ | 99/112 [04:05<00:21,  1.68s/it]plain | prompt_fr -1*rand1_fr:  89%|████████▉ | 100/112 [04:08<00:26,  2.21s/it]plain | prompt_fr -1*rand1_fr:  90%|█████████ | 101/112 [04:10<00:21,  1.98s/it]plain | prompt_fr -1*rand1_fr:  91%|█████████ | 102/112 [04:11<00:17,  1.77s/it]plain | prompt_fr -1*rand1_fr:  92%|█████████▏| 103/112 [04:14<00:20,  2.28s/it]plain | prompt_fr -1*rand1_fr:  93%|█████████▎| 104/112 [04:18<00:20,  2.62s/it]plain | prompt_fr -1*rand1_fr:  94%|█████████▍| 105/112 [04:20<00:18,  2.58s/it]plain | prompt_fr -1*rand1_fr:  95%|█████████▍| 106/112 [04:21<00:11,  1.92s/it]plain | prompt_fr -1*rand1_fr:  96%|█████████▌| 107/112 [04:21<00:07,  1.48s/it]plain | prompt_fr -1*rand1_fr:  96%|█████████▋| 108/112 [04:25<00:08,  2.05s/it]plain | prompt_fr -1*rand1_fr:  97%|█████████▋| 109/112 [04:28<00:07,  2.46s/it]plain | prompt_fr -1*rand1_fr:  98%|█████████▊| 110/112 [04:31<00:05,  2.75s/it]plain | prompt_fr -1*rand1_fr:  99%|█████████▉| 111/112 [04:35<00:02,  2.95s/it]plain | prompt_fr -1*rand1_fr: 100%|██████████| 112/112 [04:38<00:00,  3.08s/it]plain | prompt_fr -1*rand1_fr: 100%|██████████| 112/112 [04:38<00:00,  2.49s/it]
plain | prompt_fr -1*rand2_fr:   0%|          | 0/112 [00:00<?, ?it/s]plain | prompt_fr -1*rand2_fr:   1%|          | 1/112 [00:02<04:23,  2.37s/it]plain | prompt_fr -1*rand2_fr:   2%|▏         | 2/112 [00:05<05:30,  3.00s/it]plain | prompt_fr -1*rand2_fr:   3%|▎         | 3/112 [00:06<03:26,  1.89s/it]plain | prompt_fr -1*rand2_fr:   4%|▎         | 4/112 [00:09<04:31,  2.52s/it]plain | prompt_fr -1*rand2_fr:   4%|▍         | 5/112 [00:13<05:07,  2.87s/it]plain | prompt_fr -1*rand2_fr:   5%|▌         | 6/112 [00:16<05:26,  3.08s/it]plain | prompt_fr -1*rand2_fr:   6%|▋         | 7/112 [00:20<05:35,  3.19s/it]plain | prompt_fr -1*rand2_fr:   7%|▋         | 8/112 [00:23<05:39,  3.26s/it]plain | prompt_fr -1*rand2_fr:   8%|▊         | 9/112 [00:27<05:42,  3.32s/it]plain | prompt_fr -1*rand2_fr:   9%|▉         | 10/112 [00:27<04:11,  2.47s/it]plain | prompt_fr -1*rand2_fr:  10%|▉         | 11/112 [00:31<04:39,  2.77s/it]plain | prompt_fr -1*rand2_fr:  11%|█         | 12/112 [00:34<04:58,  2.98s/it]plain | prompt_fr -1*rand2_fr:  12%|█▏        | 13/112 [00:35<03:49,  2.32s/it]plain | prompt_fr -1*rand2_fr:  12%|█▎        | 14/112 [00:38<04:21,  2.67s/it]plain | prompt_fr -1*rand2_fr:  13%|█▎        | 15/112 [00:39<03:09,  1.95s/it]plain | prompt_fr -1*rand2_fr:  14%|█▍        | 16/112 [00:42<03:50,  2.40s/it]plain | prompt_fr -1*rand2_fr:  15%|█▌        | 17/112 [00:43<03:05,  1.95s/it]plain | prompt_fr -1*rand2_fr:  16%|█▌        | 18/112 [00:46<03:44,  2.39s/it]plain | prompt_fr -1*rand2_fr:  17%|█▋        | 19/112 [00:50<04:10,  2.70s/it]plain | prompt_fr -1*rand2_fr:  18%|█▊        | 20/112 [00:53<04:27,  2.91s/it]plain | prompt_fr -1*rand2_fr:  19%|█▉        | 21/112 [00:57<04:38,  3.06s/it]plain | prompt_fr -1*rand2_fr:  20%|█▉        | 22/112 [00:57<03:19,  2.22s/it]plain | prompt_fr -1*rand2_fr:  21%|██        | 23/112 [01:00<03:49,  2.57s/it]plain | prompt_fr -1*rand2_fr:  21%|██▏       | 24/112 [01:01<02:48,  1.91s/it]plain | prompt_fr -1*rand2_fr:  22%|██▏       | 25/112 [01:04<03:25,  2.36s/it]plain | prompt_fr -1*rand2_fr:  23%|██▎       | 26/112 [01:07<03:49,  2.67s/it]plain | prompt_fr -1*rand2_fr:  24%|██▍       | 27/112 [01:08<02:54,  2.06s/it]plain | prompt_fr -1*rand2_fr:  25%|██▌       | 28/112 [01:10<02:56,  2.10s/it]plain | prompt_fr -1*rand2_fr:  26%|██▌       | 29/112 [01:14<03:26,  2.49s/it]plain | prompt_fr -1*rand2_fr:  27%|██▋       | 30/112 [01:17<03:48,  2.79s/it]plain | prompt_fr -1*rand2_fr:  28%|██▊       | 31/112 [01:19<03:28,  2.57s/it]plain | prompt_fr -1*rand2_fr:  29%|██▊       | 32/112 [01:23<03:46,  2.84s/it]plain | prompt_fr -1*rand2_fr:  29%|██▉       | 33/112 [01:24<02:58,  2.26s/it]plain | prompt_fr -1*rand2_fr:  30%|███       | 34/112 [01:27<03:23,  2.61s/it]plain | prompt_fr -1*rand2_fr:  31%|███▏      | 35/112 [01:30<03:19,  2.59s/it]plain | prompt_fr -1*rand2_fr:  32%|███▏      | 36/112 [01:33<03:35,  2.83s/it]plain | prompt_fr -1*rand2_fr:  33%|███▎      | 37/112 [01:36<03:45,  3.01s/it]plain | prompt_fr -1*rand2_fr:  34%|███▍      | 38/112 [01:37<02:44,  2.23s/it]plain | prompt_fr -1*rand2_fr:  35%|███▍      | 39/112 [01:40<03:08,  2.58s/it]plain | prompt_fr -1*rand2_fr:  36%|███▌      | 40/112 [01:42<02:38,  2.19s/it]plain | prompt_fr -1*rand2_fr:  37%|███▋      | 41/112 [01:45<03:01,  2.56s/it]plain | prompt_fr -1*rand2_fr:  38%|███▊      | 42/112 [01:46<02:19,  2.00s/it]plain | prompt_fr -1*rand2_fr:  38%|███▊      | 43/112 [01:46<01:43,  1.51s/it]plain | prompt_fr -1*rand2_fr:  39%|███▉      | 44/112 [01:49<02:21,  2.08s/it]plain | prompt_fr -1*rand2_fr:  40%|████      | 45/112 [01:53<02:47,  2.50s/it]plain | prompt_fr -1*rand2_fr:  41%|████      | 46/112 [01:56<03:04,  2.79s/it]plain | prompt_fr -1*rand2_fr:  42%|████▏     | 47/112 [02:00<03:15,  3.01s/it]plain | prompt_fr -1*rand2_fr:  43%|████▎     | 48/112 [02:03<03:21,  3.15s/it]plain | prompt_fr -1*rand2_fr:  44%|████▍     | 49/112 [02:07<03:23,  3.24s/it]plain | prompt_fr -1*rand2_fr:  45%|████▍     | 50/112 [02:10<03:24,  3.31s/it]plain | prompt_fr -1*rand2_fr:  46%|████▌     | 51/112 [02:14<03:24,  3.35s/it]plain | prompt_fr -1*rand2_fr:  46%|████▋     | 52/112 [02:17<03:23,  3.39s/it]plain | prompt_fr -1*rand2_fr:  47%|████▋     | 53/112 [02:19<02:48,  2.86s/it]plain | prompt_fr -1*rand2_fr:  48%|████▊     | 54/112 [02:22<02:57,  3.06s/it]plain | prompt_fr -1*rand2_fr:  49%|████▉     | 55/112 [02:23<02:19,  2.45s/it]plain | prompt_fr -1*rand2_fr:  50%|█████     | 56/112 [02:25<02:00,  2.16s/it]plain | prompt_fr -1*rand2_fr:  51%|█████     | 57/112 [02:25<01:28,  1.61s/it]plain | prompt_fr -1*rand2_fr:  52%|█████▏    | 58/112 [02:29<01:56,  2.17s/it]plain | prompt_fr -1*rand2_fr:  53%|█████▎    | 59/112 [02:32<02:15,  2.55s/it]plain | prompt_fr -1*rand2_fr:  54%|█████▎    | 60/112 [02:36<02:26,  2.83s/it]plain | prompt_fr -1*rand2_fr:  54%|█████▍    | 61/112 [02:39<02:33,  3.02s/it]plain | prompt_fr -1*rand2_fr:  55%|█████▌    | 62/112 [02:39<01:49,  2.19s/it]plain | prompt_fr -1*rand2_fr:  56%|█████▋    | 63/112 [02:41<01:40,  2.06s/it]plain | prompt_fr -1*rand2_fr:  57%|█████▋    | 64/112 [02:44<01:59,  2.48s/it]plain | prompt_fr -1*rand2_fr:  58%|█████▊    | 65/112 [02:48<02:10,  2.77s/it]plain | prompt_fr -1*rand2_fr:  59%|█████▉    | 66/112 [02:51<02:16,  2.97s/it]plain | prompt_fr -1*rand2_fr:  60%|█████▉    | 67/112 [02:55<02:20,  3.12s/it]plain | prompt_fr -1*rand2_fr:  61%|██████    | 68/112 [02:58<02:21,  3.22s/it]plain | prompt_fr -1*rand2_fr:  62%|██████▏   | 69/112 [02:59<01:41,  2.35s/it]plain | prompt_fr -1*rand2_fr:  62%|██████▎   | 70/112 [03:02<01:52,  2.68s/it]plain | prompt_fr -1*rand2_fr:  63%|██████▎   | 71/112 [03:06<01:59,  2.91s/it]plain | prompt_fr -1*rand2_fr:  64%|██████▍   | 72/112 [03:09<02:03,  3.08s/it]plain | prompt_fr -1*rand2_fr:  65%|██████▌   | 73/112 [03:10<01:41,  2.60s/it]plain | prompt_fr -1*rand2_fr:  66%|██████▌   | 74/112 [03:14<01:45,  2.77s/it]plain | prompt_fr -1*rand2_fr:  67%|██████▋   | 75/112 [03:17<01:50,  2.98s/it]plain | prompt_fr -1*rand2_fr:  68%|██████▊   | 76/112 [03:21<01:52,  3.12s/it]plain | prompt_fr -1*rand2_fr:  69%|██████▉   | 77/112 [03:24<01:52,  3.22s/it]plain | prompt_fr -1*rand2_fr:  70%|██████▉   | 78/112 [03:27<01:51,  3.29s/it]plain | prompt_fr -1*rand2_fr:  71%|███████   | 79/112 [03:31<01:50,  3.34s/it]plain | prompt_fr -1*rand2_fr:  71%|███████▏  | 80/112 [03:31<01:18,  2.45s/it]plain | prompt_fr -1*rand2_fr:  72%|███████▏  | 81/112 [03:35<01:25,  2.75s/it]plain | prompt_fr -1*rand2_fr:  73%|███████▎  | 82/112 [03:38<01:29,  2.99s/it]plain | prompt_fr -1*rand2_fr:  74%|███████▍  | 83/112 [03:40<01:11,  2.46s/it]plain | prompt_fr -1*rand2_fr:  75%|███████▌  | 84/112 [03:43<01:17,  2.77s/it]plain | prompt_fr -1*rand2_fr:  76%|███████▌  | 85/112 [03:45<01:11,  2.63s/it]plain | prompt_fr -1*rand2_fr:  77%|███████▋  | 86/112 [03:49<01:14,  2.88s/it]plain | prompt_fr -1*rand2_fr:  78%|███████▊  | 87/112 [03:49<00:53,  2.13s/it]plain | prompt_fr -1*rand2_fr:  79%|███████▊  | 88/112 [03:53<01:00,  2.53s/it]plain | prompt_fr -1*rand2_fr:  79%|███████▉  | 89/112 [03:56<01:04,  2.80s/it]plain | prompt_fr -1*rand2_fr:  80%|████████  | 90/112 [04:00<01:06,  3.01s/it]plain | prompt_fr -1*rand2_fr:  81%|████████▏ | 91/112 [04:01<00:53,  2.55s/it]plain | prompt_fr -1*rand2_fr:  82%|████████▏ | 92/112 [04:05<00:56,  2.83s/it]plain | prompt_fr -1*rand2_fr:  83%|████████▎ | 93/112 [04:05<00:39,  2.08s/it]plain | prompt_fr -1*rand2_fr:  84%|████████▍ | 94/112 [04:06<00:29,  1.65s/it]plain | prompt_fr -1*rand2_fr:  85%|████████▍ | 95/112 [04:09<00:37,  2.19s/it]plain | prompt_fr -1*rand2_fr:  86%|████████▌ | 96/112 [04:12<00:41,  2.57s/it]plain | prompt_fr -1*rand2_fr:  87%|████████▋ | 97/112 [04:13<00:31,  2.10s/it]plain | prompt_fr -1*rand2_fr:  88%|████████▊ | 98/112 [04:16<00:30,  2.20s/it]plain | prompt_fr -1*rand2_fr:  88%|████████▊ | 99/112 [04:16<00:21,  1.67s/it]plain | prompt_fr -1*rand2_fr:  89%|████████▉ | 100/112 [04:20<00:26,  2.21s/it]plain | prompt_fr -1*rand2_fr:  90%|█████████ | 101/112 [04:20<00:18,  1.68s/it]plain | prompt_fr -1*rand2_fr:  91%|█████████ | 102/112 [04:21<00:14,  1.43s/it]plain | prompt_fr -1*rand2_fr:  92%|█████████▏| 103/112 [04:25<00:18,  2.04s/it]plain | prompt_fr -1*rand2_fr:  93%|█████████▎| 104/112 [04:28<00:19,  2.47s/it]plain | prompt_fr -1*rand2_fr:  94%|█████████▍| 105/112 [04:31<00:19,  2.77s/it]plain | prompt_fr -1*rand2_fr:  95%|█████████▍| 106/112 [04:32<00:12,  2.05s/it]plain | prompt_fr -1*rand2_fr:  96%|█████████▌| 107/112 [04:35<00:12,  2.47s/it]plain | prompt_fr -1*rand2_fr:  96%|█████████▋| 108/112 [04:37<00:08,  2.11s/it]plain | prompt_fr -1*rand2_fr:  97%|█████████▋| 109/112 [04:40<00:07,  2.52s/it]plain | prompt_fr -1*rand2_fr:  98%|█████████▊| 110/112 [04:44<00:05,  2.84s/it]plain | prompt_fr -1*rand2_fr:  99%|█████████▉| 111/112 [04:47<00:03,  3.02s/it]plain | prompt_fr -1*rand2_fr: 100%|██████████| 112/112 [04:49<00:00,  2.80s/it]plain | prompt_fr -1*rand2_fr: 100%|██████████| 112/112 [04:49<00:00,  2.59s/it]
plain | prompt_es:   0%|          | 0/112 [00:00<?, ?it/s]plain | prompt_es:   1%|          | 1/112 [00:00<01:02,  1.77it/s]plain | prompt_es:   2%|▏         | 2/112 [00:01<01:56,  1.06s/it]plain | prompt_es:   3%|▎         | 3/112 [00:02<01:37,  1.12it/s]plain | prompt_es:   4%|▎         | 4/112 [00:06<03:23,  1.89s/it]plain | prompt_es:   4%|▍         | 5/112 [00:09<04:20,  2.44s/it]plain | prompt_es:   5%|▌         | 6/112 [00:12<04:55,  2.78s/it]plain | prompt_es:   6%|▋         | 7/112 [00:16<05:15,  3.00s/it]plain | prompt_es:   7%|▋         | 8/112 [00:16<03:47,  2.19s/it]plain | prompt_es:   8%|▊         | 9/112 [00:20<04:25,  2.58s/it]plain | prompt_es:   9%|▉         | 10/112 [00:20<03:11,  1.87s/it]plain | prompt_es:  10%|▉         | 11/112 [00:23<03:56,  2.34s/it]plain | prompt_es:  11%|█         | 12/112 [00:27<04:26,  2.67s/it]plain | prompt_es:  12%|█▏        | 13/112 [00:30<04:45,  2.89s/it]plain | prompt_es:  12%|█▎        | 14/112 [00:34<04:59,  3.05s/it]plain | prompt_es:  13%|█▎        | 15/112 [00:34<03:34,  2.21s/it]plain | prompt_es:  14%|█▍        | 16/112 [00:35<02:52,  1.80s/it]plain | prompt_es:  15%|█▌        | 17/112 [00:38<03:36,  2.28s/it]plain | prompt_es:  16%|█▌        | 18/112 [00:42<04:06,  2.62s/it]plain | prompt_es:  17%|█▋        | 19/112 [00:45<04:26,  2.86s/it]plain | prompt_es:  18%|█▊        | 20/112 [00:46<03:27,  2.26s/it]plain | prompt_es:  19%|█▉        | 21/112 [00:49<03:57,  2.61s/it]plain | prompt_es:  20%|█▉        | 22/112 [00:50<02:51,  1.90s/it]plain | prompt_es:  21%|██        | 23/112 [00:50<02:20,  1.58s/it]plain | prompt_es:  21%|██▏       | 24/112 [00:51<01:47,  1.22s/it]plain | prompt_es:  22%|██▏       | 25/112 [00:54<02:43,  1.88s/it]plain | prompt_es:  23%|██▎       | 26/112 [00:58<03:20,  2.33s/it]plain | prompt_es:  24%|██▍       | 27/112 [00:58<02:34,  1.82s/it]plain | prompt_es:  25%|██▌       | 28/112 [00:59<01:56,  1.39s/it]plain | prompt_es:  26%|██▌       | 29/112 [01:02<02:45,  1.99s/it]plain | prompt_es:  27%|██▋       | 30/112 [01:05<03:18,  2.42s/it]plain | prompt_es:  28%|██▊       | 31/112 [01:06<02:20,  1.73s/it]plain | prompt_es:  29%|██▊       | 32/112 [01:09<02:59,  2.25s/it]plain | prompt_es:  29%|██▉       | 33/112 [01:12<03:25,  2.60s/it]plain | prompt_es:  30%|███       | 34/112 [01:16<03:42,  2.85s/it]plain | prompt_es:  31%|███▏      | 35/112 [01:19<03:52,  3.02s/it]plain | prompt_es:  32%|███▏      | 36/112 [01:20<02:53,  2.28s/it]plain | prompt_es:  33%|███▎      | 37/112 [01:23<03:17,  2.64s/it]plain | prompt_es:  34%|███▍      | 38/112 [01:24<02:23,  1.94s/it]plain | prompt_es:  35%|███▍      | 39/112 [01:24<01:58,  1.62s/it]plain | prompt_es:  36%|███▌      | 40/112 [01:28<02:36,  2.17s/it]plain | prompt_es:  37%|███▋      | 41/112 [01:28<01:55,  1.63s/it]plain | prompt_es:  38%|███▊      | 42/112 [01:32<02:32,  2.17s/it]plain | prompt_es:  38%|███▊      | 43/112 [01:32<01:47,  1.56s/it]plain | prompt_es:  39%|███▉      | 44/112 [01:35<02:24,  2.13s/it]plain | prompt_es:  40%|████      | 45/112 [01:39<02:49,  2.53s/it]plain | prompt_es:  41%|████      | 46/112 [01:42<03:05,  2.81s/it]plain | prompt_es:  42%|████▏     | 47/112 [01:46<03:15,  3.01s/it]plain | prompt_es:  43%|████▎     | 48/112 [01:46<02:25,  2.27s/it]plain | prompt_es:  44%|████▍     | 49/112 [01:47<01:52,  1.78s/it]plain | prompt_es:  45%|████▍     | 50/112 [01:50<02:22,  2.29s/it]plain | prompt_es:  46%|████▌     | 51/112 [01:54<02:41,  2.66s/it]plain | prompt_es:  46%|████▋     | 52/112 [01:54<01:58,  1.97s/it]plain | prompt_es:  47%|████▋     | 53/112 [01:58<02:22,  2.42s/it]plain | prompt_es:  48%|████▊     | 54/112 [02:01<02:38,  2.73s/it]plain | prompt_es:  49%|████▉     | 55/112 [02:02<01:54,  2.00s/it]plain | prompt_es:  50%|█████     | 56/112 [02:02<01:27,  1.55s/it]plain | prompt_es:  51%|█████     | 57/112 [02:02<01:06,  1.21s/it]plain | prompt_es:  52%|█████▏    | 58/112 [02:03<00:54,  1.01s/it]plain | prompt_es:  53%|█████▎    | 59/112 [02:06<01:32,  1.75s/it]plain | prompt_es:  54%|█████▎    | 60/112 [02:10<01:57,  2.27s/it]plain | prompt_es:  54%|█████▍    | 61/112 [02:13<02:13,  2.63s/it]plain | prompt_es:  55%|█████▌    | 62/112 [02:14<01:36,  1.92s/it]plain | prompt_es:  56%|█████▋    | 63/112 [02:14<01:09,  1.41s/it]plain | prompt_es:  57%|█████▋    | 64/112 [02:14<00:54,  1.13s/it]plain | prompt_es:  58%|█████▊    | 65/112 [02:15<00:44,  1.05it/s]plain | prompt_es:  59%|█████▉    | 66/112 [02:15<00:34,  1.33it/s]plain | prompt_es:  60%|█████▉    | 67/112 [02:19<01:10,  1.57s/it]plain | prompt_es:  61%|██████    | 68/112 [02:22<01:33,  2.12s/it]plain | prompt_es:  62%|██████▏   | 69/112 [02:22<01:07,  1.58s/it]plain | prompt_es:  62%|██████▎   | 70/112 [02:23<00:53,  1.26s/it]plain | prompt_es:  63%|██████▎   | 71/112 [02:24<00:44,  1.08s/it]plain | prompt_es:  64%|██████▍   | 72/112 [02:24<00:32,  1.21it/s]plain | prompt_es:  65%|██████▌   | 73/112 [02:25<00:39,  1.02s/it]plain | prompt_es:  66%|██████▌   | 74/112 [02:29<01:06,  1.74s/it]plain | prompt_es:  67%|██████▋   | 75/112 [02:32<01:23,  2.25s/it]plain | prompt_es:  68%|██████▊   | 76/112 [02:33<01:01,  1.70s/it]plain | prompt_es:  69%|██████▉   | 77/112 [02:33<00:42,  1.23s/it]plain | prompt_es:  70%|██████▉   | 78/112 [02:33<00:37,  1.09s/it]plain | prompt_es:  71%|███████   | 79/112 [02:34<00:30,  1.08it/s]plain | prompt_es:  71%|███████▏  | 80/112 [02:34<00:23,  1.37it/s]plain | prompt_es:  72%|███████▏  | 81/112 [02:38<00:47,  1.55s/it]plain | prompt_es:  73%|███████▎  | 82/112 [02:39<00:45,  1.53s/it]plain | prompt_es:  74%|███████▍  | 83/112 [02:40<00:35,  1.21s/it]plain | prompt_es:  75%|███████▌  | 84/112 [02:42<00:42,  1.53s/it]plain | prompt_es:  76%|███████▌  | 85/112 [02:42<00:32,  1.19s/it]plain | prompt_es:  77%|███████▋  | 86/112 [02:43<00:25,  1.04it/s]plain | prompt_es:  78%|███████▊  | 87/112 [02:43<00:19,  1.26it/s]plain | prompt_es:  79%|███████▊  | 88/112 [02:47<00:38,  1.60s/it]plain | prompt_es:  79%|███████▉  | 89/112 [02:50<00:49,  2.14s/it]plain | prompt_es:  80%|████████  | 90/112 [02:50<00:35,  1.63s/it]plain | prompt_es:  81%|████████▏ | 91/112 [02:51<00:26,  1.25s/it]plain | prompt_es:  82%|████████▏ | 92/112 [02:51<00:20,  1.01s/it]plain | prompt_es:  83%|████████▎ | 93/112 [02:52<00:15,  1.23it/s]plain | prompt_es:  84%|████████▍ | 94/112 [02:52<00:11,  1.51it/s]plain | prompt_es:  85%|████████▍ | 95/112 [02:55<00:25,  1.49s/it]plain | prompt_es:  86%|████████▌ | 96/112 [02:59<00:33,  2.08s/it]plain | prompt_es:  87%|████████▋ | 97/112 [02:59<00:23,  1.59s/it]plain | prompt_es:  88%|████████▊ | 98/112 [03:00<00:17,  1.24s/it]plain | prompt_es:  88%|████████▊ | 99/112 [03:00<00:13,  1.03s/it]plain | prompt_es:  89%|████████▉ | 100/112 [03:01<00:10,  1.18it/s]plain | prompt_es:  90%|█████████ | 101/112 [03:01<00:07,  1.44it/s]plain | prompt_es:  91%|█████████ | 102/112 [03:05<00:15,  1.54s/it]plain | prompt_es:  92%|█████████▏| 103/112 [03:08<00:19,  2.12s/it]plain | prompt_es:  93%|█████████▎| 104/112 [03:08<00:12,  1.52s/it]plain | prompt_es:  94%|█████████▍| 105/112 [03:09<00:09,  1.32s/it]plain | prompt_es:  95%|█████████▍| 106/112 [03:09<00:06,  1.00s/it]plain | prompt_es:  96%|█████████▌| 107/112 [03:10<00:04,  1.21it/s]plain | prompt_es:  96%|█████████▋| 108/112 [03:10<00:03,  1.32it/s]plain | prompt_es:  97%|█████████▋| 109/112 [03:14<00:04,  1.57s/it]plain | prompt_es:  98%|█████████▊| 110/112 [03:17<00:04,  2.13s/it]plain | prompt_es:  99%|█████████▉| 111/112 [03:21<00:02,  2.52s/it]plain | prompt_es: 100%|██████████| 112/112 [03:21<00:00,  2.00s/it]plain | prompt_es: 100%|██████████| 112/112 [03:21<00:00,  1.80s/it]
plain | prompt_es -1*fr:   0%|          | 0/112 [00:00<?, ?it/s]plain | prompt_es -1*fr:   1%|          | 1/112 [00:03<05:43,  3.09s/it]plain | prompt_es -1*fr:   2%|▏         | 2/112 [00:06<05:37,  3.07s/it]plain | prompt_es -1*fr:   3%|▎         | 3/112 [00:08<05:13,  2.88s/it]plain | prompt_es -1*fr:   4%|▎         | 4/112 [00:12<05:33,  3.09s/it]plain | prompt_es -1*fr:   4%|▍         | 5/112 [00:15<05:44,  3.22s/it]plain | prompt_es -1*fr:   5%|▌         | 6/112 [00:17<04:46,  2.70s/it]plain | prompt_es -1*fr:   6%|▋         | 7/112 [00:19<04:18,  2.46s/it]plain | prompt_es -1*fr:   7%|▋         | 8/112 [00:22<04:47,  2.76s/it]plain | prompt_es -1*fr:   8%|▊         | 9/112 [00:23<03:34,  2.08s/it]plain | prompt_es -1*fr:   9%|▉         | 10/112 [00:24<03:08,  1.85s/it]plain | prompt_es -1*fr:  10%|▉         | 11/112 [00:28<03:54,  2.33s/it]plain | prompt_es -1*fr:  11%|█         | 12/112 [00:31<04:27,  2.68s/it]plain | prompt_es -1*fr:  12%|█▏        | 13/112 [00:31<03:16,  1.98s/it]plain | prompt_es -1*fr:  12%|█▎        | 14/112 [00:35<03:57,  2.42s/it]plain | prompt_es -1*fr:  13%|█▎        | 15/112 [00:35<02:51,  1.77s/it]plain | prompt_es -1*fr:  14%|█▍        | 16/112 [00:38<03:36,  2.26s/it]plain | prompt_es -1*fr:  15%|█▌        | 17/112 [00:41<03:29,  2.21s/it]plain | prompt_es -1*fr:  16%|█▌        | 18/112 [00:44<04:01,  2.57s/it]plain | prompt_es -1*fr:  17%|█▋        | 19/112 [00:46<03:31,  2.28s/it]plain | prompt_es -1*fr:  18%|█▊        | 20/112 [00:47<03:14,  2.12s/it]plain | prompt_es -1*fr:  19%|█▉        | 21/112 [00:51<03:49,  2.52s/it]plain | prompt_es -1*fr:  20%|█▉        | 22/112 [00:51<02:45,  1.84s/it]plain | prompt_es -1*fr:  21%|██        | 23/112 [00:55<03:27,  2.33s/it]plain | prompt_es -1*fr:  21%|██▏       | 24/112 [00:58<03:42,  2.53s/it]plain | prompt_es -1*fr:  22%|██▏       | 25/112 [00:59<03:01,  2.09s/it]plain | prompt_es -1*fr:  23%|██▎       | 26/112 [01:00<02:31,  1.76s/it]plain | prompt_es -1*fr:  24%|██▍       | 27/112 [01:01<02:27,  1.74s/it]plain | prompt_es -1*fr:  25%|██▌       | 28/112 [01:03<02:37,  1.88s/it]plain | prompt_es -1*fr:  26%|██▌       | 29/112 [01:07<03:15,  2.36s/it]plain | prompt_es -1*fr:  27%|██▋       | 30/112 [01:07<02:26,  1.79s/it]plain | prompt_es -1*fr:  28%|██▊       | 31/112 [01:10<02:50,  2.11s/it]plain | prompt_es -1*fr:  29%|██▊       | 32/112 [01:12<02:29,  1.86s/it]plain | prompt_es -1*fr:  29%|██▉       | 33/112 [01:12<01:59,  1.51s/it]plain | prompt_es -1*fr:  30%|███       | 34/112 [01:13<01:43,  1.33s/it]plain | prompt_es -1*fr:  31%|███▏      | 35/112 [01:17<02:32,  1.97s/it]plain | prompt_es -1*fr:  32%|███▏      | 36/112 [01:17<01:57,  1.55s/it]plain | prompt_es -1*fr:  33%|███▎      | 37/112 [01:21<02:38,  2.12s/it]plain | prompt_es -1*fr:  34%|███▍      | 38/112 [01:21<02:00,  1.63s/it]plain | prompt_es -1*fr:  35%|███▍      | 39/112 [01:23<02:12,  1.82s/it]plain | prompt_es -1*fr:  36%|███▌      | 40/112 [01:27<02:46,  2.31s/it]plain | prompt_es -1*fr:  37%|███▋      | 41/112 [01:30<03:08,  2.65s/it]plain | prompt_es -1*fr:  38%|███▊      | 42/112 [01:32<02:44,  2.34s/it]plain | prompt_es -1*fr:  38%|███▊      | 43/112 [01:32<02:01,  1.76s/it]plain | prompt_es -1*fr:  39%|███▉      | 44/112 [01:36<02:34,  2.27s/it]plain | prompt_es -1*fr:  40%|████      | 45/112 [01:39<02:55,  2.62s/it]plain | prompt_es -1*fr:  41%|████      | 46/112 [01:43<03:09,  2.87s/it]plain | prompt_es -1*fr:  42%|████▏     | 47/112 [01:44<02:40,  2.47s/it]plain | prompt_es -1*fr:  43%|████▎     | 48/112 [01:45<02:08,  2.00s/it]plain | prompt_es -1*fr:  44%|████▍     | 49/112 [01:49<02:34,  2.45s/it]plain | prompt_es -1*fr:  45%|████▍     | 50/112 [01:52<02:50,  2.75s/it]plain | prompt_es -1*fr:  46%|████▌     | 51/112 [01:54<02:27,  2.42s/it]plain | prompt_es -1*fr:  46%|████▋     | 52/112 [01:56<02:26,  2.45s/it]plain | prompt_es -1*fr:  47%|████▋     | 53/112 [01:59<02:23,  2.44s/it]plain | prompt_es -1*fr:  48%|████▊     | 54/112 [02:02<02:39,  2.75s/it]plain | prompt_es -1*fr:  49%|████▉     | 55/112 [02:04<02:26,  2.57s/it]plain | prompt_es -1*fr:  50%|█████     | 56/112 [02:07<02:27,  2.64s/it]plain | prompt_es -1*fr:  51%|█████     | 57/112 [02:08<01:56,  2.12s/it]plain | prompt_es -1*fr:  52%|█████▏    | 58/112 [02:11<02:15,  2.50s/it]plain | prompt_es -1*fr:  53%|█████▎    | 59/112 [02:15<02:26,  2.77s/it]plain | prompt_es -1*fr:  54%|█████▎    | 60/112 [02:17<02:09,  2.50s/it]plain | prompt_es -1*fr:  54%|█████▍    | 61/112 [02:20<02:21,  2.77s/it]plain | prompt_es -1*fr:  55%|█████▌    | 62/112 [02:21<01:50,  2.20s/it]plain | prompt_es -1*fr:  56%|█████▋    | 63/112 [02:24<02:05,  2.56s/it]plain | prompt_es -1*fr:  57%|█████▋    | 64/112 [02:26<01:47,  2.25s/it]plain | prompt_es -1*fr:  58%|█████▊    | 65/112 [02:29<02:01,  2.59s/it]plain | prompt_es -1*fr:  59%|█████▉    | 66/112 [02:29<01:27,  1.90s/it]plain | prompt_es -1*fr:  60%|█████▉    | 67/112 [02:31<01:21,  1.81s/it]plain | prompt_es -1*fr:  61%|██████    | 68/112 [02:35<01:41,  2.30s/it]plain | prompt_es -1*fr:  62%|██████▏   | 69/112 [02:35<01:17,  1.81s/it]plain | prompt_es -1*fr:  62%|██████▎   | 70/112 [02:39<01:36,  2.29s/it]plain | prompt_es -1*fr:  63%|██████▎   | 71/112 [02:42<01:47,  2.63s/it]plain | prompt_es -1*fr:  64%|██████▍   | 72/112 [02:44<01:40,  2.51s/it]plain | prompt_es -1*fr:  65%|██████▌   | 73/112 [02:46<01:24,  2.18s/it]plain | prompt_es -1*fr:  66%|██████▌   | 74/112 [02:47<01:12,  1.92s/it]plain | prompt_es -1*fr:  67%|██████▋   | 75/112 [02:50<01:27,  2.36s/it]plain | prompt_es -1*fr:  68%|██████▊   | 76/112 [02:54<01:36,  2.67s/it]plain | prompt_es -1*fr:  69%|██████▉   | 77/112 [02:57<01:41,  2.90s/it]plain | prompt_es -1*fr:  70%|██████▉   | 78/112 [03:01<01:43,  3.05s/it]plain | prompt_es -1*fr:  71%|███████   | 79/112 [03:04<01:44,  3.16s/it]plain | prompt_es -1*fr:  71%|███████▏  | 80/112 [03:05<01:18,  2.44s/it]plain | prompt_es -1*fr:  72%|███████▏  | 81/112 [03:08<01:24,  2.73s/it]plain | prompt_es -1*fr:  73%|███████▎  | 82/112 [03:12<01:28,  2.94s/it]plain | prompt_es -1*fr:  74%|███████▍  | 83/112 [03:15<01:29,  3.08s/it]plain | prompt_es -1*fr:  75%|███████▌  | 84/112 [03:17<01:20,  2.89s/it]plain | prompt_es -1*fr:  76%|███████▌  | 85/112 [03:21<01:22,  3.04s/it]plain | prompt_es -1*fr:  77%|███████▋  | 86/112 [03:24<01:22,  3.16s/it]plain | prompt_es -1*fr:  78%|███████▊  | 87/112 [03:26<01:09,  2.79s/it]plain | prompt_es -1*fr:  79%|███████▊  | 88/112 [03:30<01:11,  3.00s/it]plain | prompt_es -1*fr:  79%|███████▉  | 89/112 [03:33<01:12,  3.13s/it]plain | prompt_es -1*fr:  80%|████████  | 90/112 [03:36<01:06,  3.03s/it]plain | prompt_es -1*fr:  81%|████████▏ | 91/112 [03:38<00:55,  2.65s/it]plain | prompt_es -1*fr:  82%|████████▏ | 92/112 [03:41<00:57,  2.88s/it]plain | prompt_es -1*fr:  83%|████████▎ | 93/112 [03:44<00:53,  2.82s/it]plain | prompt_es -1*fr:  84%|████████▍ | 94/112 [03:45<00:43,  2.41s/it]plain | prompt_es -1*fr:  85%|████████▍ | 95/112 [03:48<00:41,  2.42s/it]plain | prompt_es -1*fr:  86%|████████▌ | 96/112 [03:51<00:43,  2.72s/it]plain | prompt_es -1*fr:  87%|████████▋ | 97/112 [03:52<00:32,  2.20s/it]plain | prompt_es -1*fr:  88%|████████▊ | 98/112 [03:55<00:32,  2.29s/it]plain | prompt_es -1*fr:  88%|████████▊ | 99/112 [03:56<00:27,  2.11s/it]plain | prompt_es -1*fr:  89%|████████▉ | 100/112 [04:00<00:30,  2.51s/it]plain | prompt_es -1*fr:  90%|█████████ | 101/112 [04:02<00:28,  2.57s/it]plain | prompt_es -1*fr:  91%|█████████ | 102/112 [04:05<00:24,  2.49s/it]plain | prompt_es -1*fr:  92%|█████████▏| 103/112 [04:06<00:19,  2.13s/it]plain | prompt_es -1*fr:  93%|█████████▎| 104/112 [04:08<00:16,  2.08s/it]plain | prompt_es -1*fr:  94%|█████████▍| 105/112 [04:09<00:12,  1.75s/it]plain | prompt_es -1*fr:  95%|█████████▍| 106/112 [04:09<00:08,  1.35s/it]plain | prompt_es -1*fr:  96%|█████████▌| 107/112 [04:12<00:08,  1.71s/it]plain | prompt_es -1*fr:  96%|█████████▋| 108/112 [04:14<00:07,  1.95s/it]plain | prompt_es -1*fr:  97%|█████████▋| 109/112 [04:18<00:07,  2.39s/it]plain | prompt_es -1*fr:  98%|█████████▊| 110/112 [04:19<00:04,  2.16s/it]plain | prompt_es -1*fr:  99%|█████████▉| 111/112 [04:23<00:02,  2.54s/it]plain | prompt_es -1*fr: 100%|██████████| 112/112 [04:24<00:00,  2.10s/it]plain | prompt_es -1*fr: 100%|██████████| 112/112 [04:24<00:00,  2.36s/it]
plain | prompt_es -1*es:   0%|          | 0/112 [00:00<?, ?it/s]plain | prompt_es -1*es:   1%|          | 1/112 [00:03<06:30,  3.52s/it]plain | prompt_es -1*es:   2%|▏         | 2/112 [00:04<03:28,  1.89s/it]plain | prompt_es -1*es:   3%|▎         | 3/112 [00:05<02:51,  1.58s/it]plain | prompt_es -1*es:   4%|▎         | 4/112 [00:08<04:12,  2.34s/it]plain | prompt_es -1*es:   4%|▍         | 5/112 [00:12<04:54,  2.75s/it]plain | prompt_es -1*es:   5%|▌         | 6/112 [00:13<03:46,  2.14s/it]plain | prompt_es -1*es:   6%|▋         | 7/112 [00:14<03:02,  1.74s/it]plain | prompt_es -1*es:   7%|▋         | 8/112 [00:15<02:57,  1.71s/it]plain | prompt_es -1*es:   8%|▊         | 9/112 [00:19<03:52,  2.26s/it]plain | prompt_es -1*es:   9%|▉         | 10/112 [00:21<03:31,  2.08s/it]plain | prompt_es -1*es:  10%|▉         | 11/112 [00:22<02:58,  1.77s/it]plain | prompt_es -1*es:  11%|█         | 12/112 [00:23<02:39,  1.60s/it]plain | prompt_es -1*es:  12%|█▏        | 13/112 [00:24<02:11,  1.33s/it]plain | prompt_es -1*es:  12%|█▎        | 14/112 [00:24<01:47,  1.10s/it]plain | prompt_es -1*es:  13%|█▎        | 15/112 [00:24<01:22,  1.17it/s]plain | prompt_es -1*es:  14%|█▍        | 16/112 [00:28<02:38,  1.65s/it]plain | prompt_es -1*es:  15%|█▌        | 17/112 [00:30<02:56,  1.85s/it]plain | prompt_es -1*es:  16%|█▌        | 18/112 [00:31<02:27,  1.57s/it]plain | prompt_es -1*es:  17%|█▋        | 19/112 [00:32<02:10,  1.41s/it]plain | prompt_es -1*es:  18%|█▊        | 20/112 [00:33<01:43,  1.13s/it]plain | prompt_es -1*es:  19%|█▉        | 21/112 [00:34<01:36,  1.06s/it]plain | prompt_es -1*es:  20%|█▉        | 22/112 [00:34<01:13,  1.22it/s]plain | prompt_es -1*es:  21%|██        | 23/112 [00:37<02:24,  1.63s/it]plain | prompt_es -1*es:  21%|██▏       | 24/112 [00:38<02:09,  1.47s/it]plain | prompt_es -1*es:  22%|██▏       | 25/112 [00:39<01:53,  1.30s/it]plain | prompt_es -1*es:  23%|██▎       | 26/112 [00:40<01:44,  1.22s/it]plain | prompt_es -1*es:  24%|██▍       | 27/112 [00:42<01:48,  1.28s/it]plain | prompt_es -1*es:  25%|██▌       | 28/112 [00:43<01:39,  1.18s/it]plain | prompt_es -1*es:  26%|██▌       | 29/112 [00:46<02:35,  1.87s/it]plain | prompt_es -1*es:  27%|██▋       | 30/112 [00:48<02:23,  1.75s/it]plain | prompt_es -1*es:  28%|██▊       | 31/112 [00:51<03:03,  2.27s/it]plain | prompt_es -1*es:  29%|██▊       | 32/112 [00:52<02:28,  1.86s/it]plain | prompt_es -1*es:  29%|██▉       | 33/112 [00:55<02:41,  2.04s/it]plain | prompt_es -1*es:  30%|███       | 34/112 [00:56<02:33,  1.97s/it]plain | prompt_es -1*es:  31%|███▏      | 35/112 [00:57<02:07,  1.66s/it]plain | prompt_es -1*es:  32%|███▏      | 36/112 [00:58<01:42,  1.34s/it]plain | prompt_es -1*es:  33%|███▎      | 37/112 [00:59<01:31,  1.22s/it]plain | prompt_es -1*es:  34%|███▍      | 38/112 [01:00<01:22,  1.12s/it]plain | prompt_es -1*es:  35%|███▍      | 39/112 [01:02<01:55,  1.59s/it]plain | prompt_es -1*es:  36%|███▌      | 40/112 [01:05<02:06,  1.75s/it]plain | prompt_es -1*es:  37%|███▋      | 41/112 [01:08<02:41,  2.28s/it]plain | prompt_es -1*es:  38%|███▊      | 42/112 [01:09<02:13,  1.90s/it]plain | prompt_es -1*es:  38%|███▊      | 43/112 [01:10<01:40,  1.46s/it]plain | prompt_es -1*es:  39%|███▉      | 44/112 [01:13<02:19,  2.05s/it]plain | prompt_es -1*es:  40%|████      | 45/112 [01:13<01:41,  1.51s/it]plain | prompt_es -1*es:  41%|████      | 46/112 [01:16<01:55,  1.76s/it]plain | prompt_es -1*es:  42%|████▏     | 47/112 [01:17<01:39,  1.53s/it]plain | prompt_es -1*es:  43%|████▎     | 48/112 [01:18<01:45,  1.64s/it]plain | prompt_es -1*es:  44%|████▍     | 49/112 [01:22<02:17,  2.18s/it]plain | prompt_es -1*es:  45%|████▍     | 50/112 [01:25<02:37,  2.54s/it]plain | prompt_es -1*es:  46%|████▌     | 51/112 [01:26<02:01,  1.99s/it]plain | prompt_es -1*es:  46%|████▋     | 52/112 [01:29<02:16,  2.27s/it]plain | prompt_es -1*es:  47%|████▋     | 53/112 [01:30<01:50,  1.86s/it]plain | prompt_es -1*es:  48%|████▊     | 54/112 [01:32<01:46,  1.84s/it]plain | prompt_es -1*es:  49%|████▉     | 55/112 [01:32<01:18,  1.38s/it]plain | prompt_es -1*es:  50%|█████     | 56/112 [01:33<01:09,  1.23s/it]plain | prompt_es -1*es:  51%|█████     | 57/112 [01:34<01:04,  1.16s/it]plain | prompt_es -1*es:  52%|█████▏    | 58/112 [01:37<01:40,  1.85s/it]plain | prompt_es -1*es:  53%|█████▎    | 59/112 [01:40<01:57,  2.22s/it]plain | prompt_es -1*es:  54%|█████▎    | 60/112 [01:42<01:51,  2.15s/it]plain | prompt_es -1*es:  54%|█████▍    | 61/112 [01:46<02:11,  2.58s/it]plain | prompt_es -1*es:  55%|█████▌    | 62/112 [01:46<01:33,  1.88s/it]plain | prompt_es -1*es:  56%|█████▋    | 63/112 [01:48<01:30,  1.86s/it]plain | prompt_es -1*es:  57%|█████▋    | 64/112 [01:52<01:56,  2.43s/it]plain | prompt_es -1*es:  58%|█████▊    | 65/112 [01:54<01:55,  2.45s/it]plain | prompt_es -1*es:  59%|█████▉    | 66/112 [01:55<01:23,  1.81s/it]plain | prompt_es -1*es:  60%|█████▉    | 67/112 [01:56<01:22,  1.83s/it]plain | prompt_es -1*es:  61%|██████    | 68/112 [02:00<01:43,  2.36s/it]plain | prompt_es -1*es:  62%|██████▏   | 69/112 [02:01<01:29,  2.09s/it]plain | prompt_es -1*es:  62%|██████▎   | 70/112 [02:03<01:16,  1.81s/it]plain | prompt_es -1*es:  63%|██████▎   | 71/112 [02:05<01:24,  2.07s/it]plain | prompt_es -1*es:  64%|██████▍   | 72/112 [02:06<01:10,  1.76s/it]plain | prompt_es -1*es:  65%|██████▌   | 73/112 [02:09<01:16,  1.97s/it]plain | prompt_es -1*es:  66%|██████▌   | 74/112 [02:10<01:04,  1.71s/it]plain | prompt_es -1*es:  67%|██████▋   | 75/112 [02:12<01:03,  1.72s/it]plain | prompt_es -1*es:  68%|██████▊   | 76/112 [02:14<01:11,  1.99s/it]plain | prompt_es -1*es:  69%|██████▉   | 77/112 [02:18<01:26,  2.47s/it]plain | prompt_es -1*es:  70%|██████▉   | 78/112 [02:21<01:34,  2.79s/it]plain | prompt_es -1*es:  71%|███████   | 79/112 [02:25<01:38,  2.99s/it]plain | prompt_es -1*es:  71%|███████▏  | 80/112 [02:28<01:39,  3.12s/it]plain | prompt_es -1*es:  72%|███████▏  | 81/112 [02:31<01:32,  2.99s/it]plain | prompt_es -1*es:  73%|███████▎  | 82/112 [02:32<01:11,  2.39s/it]plain | prompt_es -1*es:  74%|███████▍  | 83/112 [02:32<00:52,  1.82s/it]plain | prompt_es -1*es:  75%|███████▌  | 84/112 [02:35<00:54,  1.96s/it]plain | prompt_es -1*es:  76%|███████▌  | 85/112 [02:38<01:04,  2.40s/it]plain | prompt_es -1*es:  77%|███████▋  | 86/112 [02:42<01:10,  2.70s/it]plain | prompt_es -1*es:  78%|███████▊  | 87/112 [02:42<00:52,  2.10s/it]plain | prompt_es -1*es:  79%|███████▊  | 88/112 [02:43<00:41,  1.74s/it]plain | prompt_es -1*es:  79%|███████▉  | 89/112 [02:46<00:45,  1.99s/it]plain | prompt_es -1*es:  80%|████████  | 90/112 [02:46<00:33,  1.53s/it]plain | prompt_es -1*es:  81%|████████▏ | 91/112 [02:50<00:44,  2.11s/it]plain | prompt_es -1*es:  82%|████████▏ | 92/112 [02:53<00:50,  2.52s/it]plain | prompt_es -1*es:  83%|████████▎ | 93/112 [02:54<00:39,  2.07s/it]plain | prompt_es -1*es:  84%|████████▍ | 94/112 [02:55<00:29,  1.66s/it]plain | prompt_es -1*es:  85%|████████▍ | 95/112 [02:58<00:37,  2.20s/it]plain | prompt_es -1*es:  86%|████████▌ | 96/112 [03:00<00:30,  1.93s/it]plain | prompt_es -1*es:  87%|████████▋ | 97/112 [03:01<00:24,  1.65s/it]plain | prompt_es -1*es:  88%|████████▊ | 98/112 [03:02<00:22,  1.64s/it]plain | prompt_es -1*es:  88%|████████▊ | 99/112 [03:06<00:27,  2.15s/it]plain | prompt_es -1*es:  89%|████████▉ | 100/112 [03:09<00:30,  2.52s/it]plain | prompt_es -1*es:  90%|█████████ | 101/112 [03:12<00:28,  2.63s/it]plain | prompt_es -1*es:  91%|█████████ | 102/112 [03:13<00:20,  2.07s/it]plain | prompt_es -1*es:  92%|█████████▏| 103/112 [03:14<00:15,  1.75s/it]plain | prompt_es -1*es:  93%|█████████▎| 104/112 [03:17<00:17,  2.24s/it]plain | prompt_es -1*es:  94%|█████████▍| 105/112 [03:19<00:15,  2.20s/it]plain | prompt_es -1*es:  95%|█████████▍| 106/112 [03:19<00:09,  1.64s/it]plain | prompt_es -1*es:  96%|█████████▌| 107/112 [03:23<00:10,  2.18s/it]plain | prompt_es -1*es:  96%|█████████▋| 108/112 [03:23<00:06,  1.68s/it]plain | prompt_es -1*es:  97%|█████████▋| 109/112 [03:25<00:04,  1.65s/it]plain | prompt_es -1*es:  98%|█████████▊| 110/112 [03:26<00:02,  1.44s/it]plain | prompt_es -1*es:  99%|█████████▉| 111/112 [03:27<00:01,  1.26s/it]plain | prompt_es -1*es: 100%|██████████| 112/112 [03:29<00:00,  1.55s/it]plain | prompt_es -1*es: 100%|██████████| 112/112 [03:29<00:00,  1.87s/it]
plain | prompt_es -1*de:   0%|          | 0/112 [00:00<?, ?it/s]plain | prompt_es -1*de:   1%|          | 1/112 [00:01<02:01,  1.09s/it]plain | prompt_es -1*de:   2%|▏         | 2/112 [00:04<04:33,  2.48s/it]plain | prompt_es -1*de:   3%|▎         | 3/112 [00:06<03:52,  2.14s/it]plain | prompt_es -1*de:   4%|▎         | 4/112 [00:09<04:51,  2.70s/it]plain | prompt_es -1*de:   4%|▍         | 5/112 [00:13<05:17,  2.97s/it]plain | prompt_es -1*de:   5%|▌         | 6/112 [00:14<04:10,  2.36s/it]plain | prompt_es -1*de:   6%|▋         | 7/112 [00:15<03:22,  1.93s/it]plain | prompt_es -1*de:   7%|▋         | 8/112 [00:18<03:42,  2.14s/it]plain | prompt_es -1*de:   8%|▊         | 9/112 [00:21<04:22,  2.55s/it]plain | prompt_es -1*de:   9%|▉         | 10/112 [00:22<03:27,  2.03s/it]plain | prompt_es -1*de:  10%|▉         | 11/112 [00:25<04:09,  2.47s/it]plain | prompt_es -1*de:  11%|█         | 12/112 [00:29<04:37,  2.77s/it]plain | prompt_es -1*de:  12%|█▏        | 13/112 [00:29<03:22,  2.05s/it]plain | prompt_es -1*de:  12%|█▎        | 14/112 [00:33<04:04,  2.49s/it]plain | prompt_es -1*de:  13%|█▎        | 15/112 [00:33<02:56,  1.82s/it]plain | prompt_es -1*de:  14%|█▍        | 16/112 [00:36<03:42,  2.32s/it]plain | prompt_es -1*de:  15%|█▌        | 17/112 [00:38<03:31,  2.22s/it]plain | prompt_es -1*de:  16%|█▌        | 18/112 [00:42<04:04,  2.61s/it]plain | prompt_es -1*de:  17%|█▋        | 19/112 [00:45<04:02,  2.61s/it]plain | prompt_es -1*de:  18%|█▊        | 20/112 [00:46<03:35,  2.35s/it]plain | prompt_es -1*de:  19%|█▉        | 21/112 [00:50<03:56,  2.59s/it]plain | prompt_es -1*de:  20%|█▉        | 22/112 [00:50<02:50,  1.89s/it]plain | prompt_es -1*de:  21%|██        | 23/112 [00:53<03:32,  2.39s/it]plain | prompt_es -1*de:  21%|██▏       | 24/112 [00:54<02:38,  1.80s/it]plain | prompt_es -1*de:  22%|██▏       | 25/112 [00:55<02:19,  1.61s/it]plain | prompt_es -1*de:  23%|██▎       | 26/112 [00:58<03:07,  2.18s/it]plain | prompt_es -1*de:  24%|██▍       | 27/112 [01:00<02:46,  1.96s/it]plain | prompt_es -1*de:  25%|██▌       | 28/112 [01:01<02:25,  1.73s/it]plain | prompt_es -1*de:  26%|██▌       | 29/112 [01:05<03:09,  2.29s/it]plain | prompt_es -1*de:  27%|██▋       | 30/112 [01:05<02:23,  1.75s/it]plain | prompt_es -1*de:  28%|██▊       | 31/112 [01:09<03:05,  2.29s/it]plain | prompt_es -1*de:  29%|██▊       | 32/112 [01:12<03:34,  2.68s/it]plain | prompt_es -1*de:  29%|██▉       | 33/112 [01:13<02:44,  2.08s/it]plain | prompt_es -1*de:  30%|███       | 34/112 [01:16<03:16,  2.51s/it]plain | prompt_es -1*de:  31%|███▏      | 35/112 [01:20<03:35,  2.79s/it]plain | prompt_es -1*de:  32%|███▏      | 36/112 [01:23<03:47,  3.00s/it]plain | prompt_es -1*de:  33%|███▎      | 37/112 [01:27<03:56,  3.15s/it]plain | prompt_es -1*de:  34%|███▍      | 38/112 [01:29<03:26,  2.78s/it]plain | prompt_es -1*de:  35%|███▍      | 39/112 [01:31<03:00,  2.47s/it]plain | prompt_es -1*de:  36%|███▌      | 40/112 [01:34<03:18,  2.76s/it]plain | prompt_es -1*de:  37%|███▋      | 41/112 [01:37<03:29,  2.96s/it]plain | prompt_es -1*de:  38%|███▊      | 42/112 [01:39<03:01,  2.59s/it]plain | prompt_es -1*de:  38%|███▊      | 43/112 [01:41<02:42,  2.36s/it]plain | prompt_es -1*de:  39%|███▉      | 44/112 [01:44<03:02,  2.68s/it]plain | prompt_es -1*de:  40%|████      | 45/112 [01:48<03:14,  2.90s/it]plain | prompt_es -1*de:  41%|████      | 46/112 [01:49<02:37,  2.38s/it]plain | prompt_es -1*de:  42%|████▏     | 47/112 [01:52<02:54,  2.69s/it]plain | prompt_es -1*de:  43%|████▎     | 48/112 [01:54<02:31,  2.37s/it]plain | prompt_es -1*de:  44%|████▍     | 49/112 [01:55<01:59,  1.90s/it]plain | prompt_es -1*de:  45%|████▍     | 50/112 [01:58<02:25,  2.35s/it]plain | prompt_es -1*de:  46%|████▌     | 51/112 [02:02<02:43,  2.67s/it]plain | prompt_es -1*de:  46%|████▋     | 52/112 [02:04<02:29,  2.49s/it]plain | prompt_es -1*de:  47%|████▋     | 53/112 [02:07<02:42,  2.76s/it]plain | prompt_es -1*de:  48%|████▊     | 54/112 [02:11<02:51,  2.96s/it]plain | prompt_es -1*de:  49%|████▉     | 55/112 [02:11<02:08,  2.25s/it]plain | prompt_es -1*de:  50%|█████     | 56/112 [02:15<02:25,  2.60s/it]plain | prompt_es -1*de:  51%|█████     | 57/112 [02:16<01:58,  2.16s/it]plain | prompt_es -1*de:  52%|█████▏    | 58/112 [02:19<02:16,  2.54s/it]plain | prompt_es -1*de:  53%|█████▎    | 59/112 [02:22<02:28,  2.79s/it]plain | prompt_es -1*de:  54%|█████▎    | 60/112 [02:25<02:16,  2.63s/it]plain | prompt_es -1*de:  54%|█████▍    | 61/112 [02:28<02:25,  2.86s/it]plain | prompt_es -1*de:  55%|█████▌    | 62/112 [02:30<02:07,  2.55s/it]plain | prompt_es -1*de:  56%|█████▋    | 63/112 [02:30<01:31,  1.87s/it]plain | prompt_es -1*de:  57%|█████▋    | 64/112 [02:34<01:52,  2.34s/it]plain | prompt_es -1*de:  58%|█████▊    | 65/112 [02:37<02:05,  2.67s/it]plain | prompt_es -1*de:  59%|█████▉    | 66/112 [02:37<01:29,  1.95s/it]plain | prompt_es -1*de:  60%|█████▉    | 67/112 [02:41<01:48,  2.40s/it]plain | prompt_es -1*de:  61%|██████    | 68/112 [02:44<02:00,  2.73s/it]plain | prompt_es -1*de:  62%|██████▏   | 69/112 [02:45<01:26,  2.00s/it]plain | prompt_es -1*de:  62%|██████▎   | 70/112 [02:48<01:42,  2.43s/it]plain | prompt_es -1*de:  63%|██████▎   | 71/112 [02:50<01:29,  2.18s/it]plain | prompt_es -1*de:  64%|██████▍   | 72/112 [02:53<01:42,  2.56s/it]plain | prompt_es -1*de:  65%|██████▌   | 73/112 [02:56<01:46,  2.72s/it]plain | prompt_es -1*de:  66%|██████▌   | 74/112 [03:00<01:51,  2.92s/it]plain | prompt_es -1*de:  67%|██████▋   | 75/112 [03:03<01:53,  3.07s/it]plain | prompt_es -1*de:  68%|██████▊   | 76/112 [03:05<01:39,  2.76s/it]plain | prompt_es -1*de:  69%|██████▉   | 77/112 [03:08<01:38,  2.80s/it]plain | prompt_es -1*de:  70%|██████▉   | 78/112 [03:11<01:41,  2.98s/it]plain | prompt_es -1*de:  71%|███████   | 79/112 [03:12<01:14,  2.25s/it]plain | prompt_es -1*de:  71%|███████▏  | 80/112 [03:14<01:09,  2.17s/it]plain | prompt_es -1*de:  72%|███████▏  | 81/112 [03:17<01:19,  2.55s/it]plain | prompt_es -1*de:  73%|███████▎  | 82/112 [03:21<01:24,  2.81s/it]plain | prompt_es -1*de:  74%|███████▍  | 83/112 [03:21<01:00,  2.09s/it]plain | prompt_es -1*de:  75%|███████▌  | 84/112 [03:21<00:43,  1.56s/it]plain | prompt_es -1*de:  76%|███████▌  | 85/112 [03:22<00:33,  1.24s/it]plain | prompt_es -1*de:  77%|███████▋  | 86/112 [03:25<00:43,  1.69s/it]plain | prompt_es -1*de:  78%|███████▊  | 87/112 [03:27<00:45,  1.80s/it]plain | prompt_es -1*de:  79%|███████▊  | 88/112 [03:30<00:55,  2.29s/it]plain | prompt_es -1*de:  79%|███████▉  | 89/112 [03:34<01:01,  2.65s/it]plain | prompt_es -1*de:  80%|████████  | 90/112 [03:36<00:53,  2.42s/it]plain | prompt_es -1*de:  81%|████████▏ | 91/112 [03:39<00:57,  2.75s/it]plain | prompt_es -1*de:  82%|████████▏ | 92/112 [03:43<00:59,  2.97s/it]plain | prompt_es -1*de:  83%|████████▎ | 93/112 [03:45<00:52,  2.77s/it]plain | prompt_es -1*de:  84%|████████▍ | 94/112 [03:48<00:53,  2.96s/it]plain | prompt_es -1*de:  85%|████████▍ | 95/112 [03:52<00:52,  3.11s/it]plain | prompt_es -1*de:  86%|████████▌ | 96/112 [03:55<00:51,  3.21s/it]plain | prompt_es -1*de:  87%|████████▋ | 97/112 [03:59<00:49,  3.28s/it]plain | prompt_es -1*de:  88%|████████▊ | 98/112 [04:00<00:37,  2.71s/it]plain | prompt_es -1*de:  88%|████████▊ | 99/112 [04:03<00:36,  2.82s/it]plain | prompt_es -1*de:  89%|████████▉ | 100/112 [04:07<00:36,  3.01s/it]plain | prompt_es -1*de:  90%|█████████ | 101/112 [04:08<00:28,  2.58s/it]plain | prompt_es -1*de:  91%|█████████ | 102/112 [04:10<00:23,  2.35s/it]plain | prompt_es -1*de:  92%|█████████▏| 103/112 [04:13<00:24,  2.67s/it]plain | prompt_es -1*de:  93%|█████████▎| 104/112 [04:17<00:23,  2.89s/it]plain | prompt_es -1*de:  94%|█████████▍| 105/112 [04:18<00:17,  2.49s/it]plain | prompt_es -1*de:  95%|█████████▍| 106/112 [04:19<00:11,  1.87s/it]plain | prompt_es -1*de:  96%|█████████▌| 107/112 [04:22<00:11,  2.33s/it]