################ 0 validacion
[lang_id] GlotLID: /mnt/custom-file-systems/efs/fs-0ded2930a619aa967_fsap-0faa05c681ed1a8f3/papers/LLMAtaquesContinuos/modelos/glotlid/model.bin
GlotLID ok

################ train fr
Gate de calidad sobre train: 549/588 targets limpios
`torch_dtype` is deprecated! Use `dtype` instead!
Loading checkpoint shards:   0%|          | 0/2 [00:00<?, ?it/s]Loading checkpoint shards:  50%|█████     | 1/2 [00:01<00:01,  1.02s/it]Loading checkpoint shards: 100%|██████████| 2/2 [00:01<00:00,  1.66it/s]Loading checkpoint shards: 100%|██████████| 2/2 [00:01<00:00,  1.50it/s]

Train: 549  |  Held-out: 112  |  validacion: 20
L2: 0.0925  |  step_size: 0.00025 (cosine)  |  posiciones: 1  |  anchor: goal_all
  [prompt] parche sobre 15..24 (10 tokens) = ['On', ' which', ' continent', ' is', ' the', ' Amazon', ' rain', 'forest', ' located', '?']
        antes: ['<|end_header_id|>', '\n\n']   despues: ['<|eot_id|>', '<|start_header_id|>']
  [prompt_es] parche sobre 15..28 (14 tokens) = ['¿', 'En', ' qué', ' contin', 'ente', ' se', ' encuentra', ' la', ' sel', 'va', ' am', 'az', 'ónica', '?']
        antes: ['<|end_header_id|>', '\n\n']   despues: ['<|eot_id|>', '<|start_header_id|>']
  [prompt_de] parche sobre 15..28 (14 tokens) = ['Auf', ' wel', 'chem', ' Kont', 'inent', ' liegt', ' der', ' Amazon', 'as', '-', 'Reg', 'en', 'wald', '?']
        antes: ['<|end_header_id|>', '\n\n']   despues: ['<|eot_id|>', '<|start_header_id|>']
  largo del goal en train: media 10.2  min 4  max 25  (el mismo v se suma en cada posicion)
Loss: CE sobre los primeros 8 tokens  |  entradas: ['prompt', 'prompt_es', 'prompt_de']
  prompt: 549/549 filas de train usables
  prompt_es: 549/549 filas de train usables
  prompt_de: 549/549 filas de train usables
Epochs: 10  |  batch: 28 (20 batches/epoch)  |  steps/batch: 20
Checkpoint: mejor por CE held-out
======================================================================

######################################################################
EPOCH 1/10
######################################################################
  [batch 1/20] CE=3.3874  norma=0.206658  lr=2.50e-04
  [batch 2/20] CE=1.6851  norma=0.331780  lr=2.50e-04
  [batch 3/20] CE=0.8084  norma=0.382462  lr=2.50e-04
  [batch 4/20] CE=0.7457  norma=0.428546  lr=2.50e-04
  [batch 5/20] CE=0.7664  norma=0.481432  lr=2.50e-04
  [batch 6/20] CE=0.6919  norma=0.524245  lr=2.49e-04
  [batch 7/20] CE=0.7422  norma=0.560085  lr=2.49e-04
  [batch 8/20] CE=0.6674  norma=0.585027  lr=2.49e-04
  [batch 9/20] CE=0.6954  norma=0.625257  lr=2.49e-04
  [batch 10/20] CE=0.6321  norma=0.650776  lr=2.48e-04
  [batch 11/20] CE=0.8481  norma=0.664989  lr=2.48e-04
  [batch 12/20] CE=0.6346  norma=0.689035  lr=2.48e-04
  [batch 13/20] CE=0.7102  norma=0.703232  lr=2.47e-04
  [batch 14/20] CE=0.7924  norma=0.716940  lr=2.47e-04
  [batch 15/20] CE=0.6151  norma=0.742336  lr=2.47e-04
  [batch 16/20] CE=0.6098  norma=0.748124  lr=2.46e-04
  [batch 17/20] CE=0.7235  norma=0.760378  lr=2.46e-04
  [batch 18/20] CE=0.8031  norma=0.763516  lr=2.45e-04
  [batch 19/20] CE=0.7023  norma=0.765325  lr=2.45e-04
  [batch 20/20] CE=0.6900  norma=0.785125  lr=2.44e-04
  held-out head CE por entrada: prompt=0.6182  prompt_es=0.7652  prompt_de=1.1689

Epoch 1: CE train (trayectoria)=0.8976  norma=0.785125
  CE head del checkpoint:  train=0.9259   held-out=0.8508   brecha=-0.0751
  held-out CE  head(primeros 5): con parche=0.8508  sin parche=5.4208  delta=-4.5700
               toda la respuesta      : con parche=0.4480  sin parche=1.2734  delta=-0.8253
  * mejor HELD-OUT hasta ahora (head CE 0.8508)
  * mejor TRAIN hasta ahora (head CE 0.9259)
----------------------------------------------------------------------

######################################################################
EPOCH 2/10
######################################################################
  [batch 1/20] CE=0.5691  norma=0.789787  lr=2.43e-04
  [batch 2/20] CE=0.5526  norma=0.794303  lr=2.43e-04
  [batch 3/20] CE=0.5878  norma=0.791699  lr=2.42e-04
  [batch 4/20] CE=0.5305  norma=0.793526  lr=2.41e-04
  [batch 5/20] CE=0.5085  norma=0.802934  lr=2.41e-04
  [batch 6/20] CE=0.5365  norma=0.802582  lr=2.40e-04
  [batch 7/20] CE=0.5382  norma=0.812350  lr=2.39e-04
  [batch 8/20] CE=0.5196  norma=0.818351  lr=2.38e-04
  [batch 9/20] CE=0.5689  norma=0.825220  lr=2.37e-04
  [batch 10/20] CE=0.5214  norma=0.830079  lr=2.36e-04
  [batch 11/20] CE=0.6440  norma=0.836277  lr=2.36e-04
  [batch 12/20] CE=0.5098  norma=0.851200  lr=2.35e-04
  [batch 13/20] CE=0.5504  norma=0.850579  lr=2.34e-04
  [batch 14/20] CE=0.6715  norma=0.847671  lr=2.33e-04
  [batch 15/20] CE=0.4375  norma=0.848059  lr=2.32e-04
  [batch 16/20] CE=0.5017  norma=0.847708  lr=2.31e-04
  [batch 17/20] CE=0.6240  norma=0.843688  lr=2.30e-04
  [batch 18/20] CE=0.6278  norma=0.848930  lr=2.28e-04
  [batch 19/20] CE=0.5987  norma=0.846682  lr=2.27e-04
  [batch 20/20] CE=0.5022  norma=0.848449  lr=2.26e-04
  held-out head CE por entrada: prompt=0.5791  prompt_es=0.9352  prompt_de=1.2881

Epoch 2: CE train (trayectoria)=0.5550  norma=0.848449
  CE head del checkpoint:  train=0.8530   held-out=0.9341   brecha=+0.0811
  held-out CE  head(primeros 5): con parche=0.9341  sin parche=5.4208  delta=-4.4866
               toda la respuesta      : con parche=0.4567  sin parche=1.2734  delta=-0.8166
  * mejor TRAIN hasta ahora (head CE 0.8530)
----------------------------------------------------------------------

######################################################################
EPOCH 3/10
######################################################################
  [batch 1/20] CE=0.4675  norma=0.853196  lr=2.25e-04
  [batch 2/20] CE=0.4853  norma=0.852750  lr=2.24e-04
  [batch 3/20] CE=0.4431  norma=0.845121  lr=2.23e-04
  [batch 4/20] CE=0.4632  norma=0.843838  lr=2.21e-04
  [batch 5/20] CE=0.4166  norma=0.845886  lr=2.20e-04
  [batch 6/20] CE=0.4967  norma=0.845148  lr=2.19e-04
  [batch 7/20] CE=0.4628  norma=0.850919  lr=2.18e-04
  [batch 8/20] CE=0.4329  norma=0.857802  lr=2.16e-04
  [batch 9/20] CE=0.4453  norma=0.864681  lr=2.15e-04
  [batch 10/20] CE=0.4210  norma=0.867227  lr=2.13e-04
  [batch 11/20] CE=0.5057  norma=0.864148  lr=2.12e-04
  [batch 12/20] CE=0.3622  norma=0.859186  lr=2.11e-04
  [batch 13/20] CE=0.4608  norma=0.860676  lr=2.09e-04
  [batch 14/20] CE=0.5610  norma=0.857173  lr=2.08e-04
  [batch 15/20] CE=0.3663  norma=0.852148  lr=2.06e-04
  [batch 16/20] CE=0.4505  norma=0.852272  lr=2.05e-04
  [batch 17/20] CE=0.4988  norma=0.846779  lr=2.03e-04
  [batch 18/20] CE=0.6158  norma=0.849622  lr=2.02e-04
  [batch 19/20] CE=0.5374  norma=0.853822  lr=2.00e-04
  [batch 20/20] CE=0.4375  norma=0.856446  lr=1.99e-04
  held-out head CE por entrada: prompt=0.4594  prompt_es=1.0909  prompt_de=1.2324

Epoch 3: CE train (trayectoria)=0.4665  norma=0.856446
  CE head del checkpoint:  train=0.7255   held-out=0.9276   brecha=+0.2020
  held-out CE  head(primeros 5): con parche=0.9276  sin parche=5.4208  delta=-4.4932
               toda la respuesta      : con parche=0.4427  sin parche=1.2734  delta=-0.8307
  * mejor TRAIN hasta ahora (head CE 0.7255)
----------------------------------------------------------------------

######################################################################
EPOCH 4/10
######################################################################
  [batch 1/20] CE=0.4042  norma=0.859346  lr=1.97e-04
  [batch 2/20] CE=0.4472  norma=0.860828  lr=1.95e-04
  [batch 3/20] CE=0.3495  norma=0.860894  lr=1.94e-04
  [batch 4/20] CE=0.3818  norma=0.856167  lr=1.92e-04
  [batch 5/20] CE=0.3743  norma=0.854781  lr=1.90e-04
  [batch 6/20] CE=0.4455  norma=0.850056  lr=1.89e-04
  [batch 7/20] CE=0.3953  norma=0.849008  lr=1.87e-04
  [batch 8/20] CE=0.3793  norma=0.850247  lr=1.85e-04
  [batch 9/20] CE=0.4211  norma=0.853054  lr=1.84e-04
  [batch 10/20] CE=0.4134  norma=0.853428  lr=1.82e-04
  [batch 11/20] CE=0.4829  norma=0.856052  lr=1.80e-04
  [batch 12/20] CE=0.3348  norma=0.857980  lr=1.78e-04
  [batch 13/20] CE=0.4137  norma=0.857905  lr=1.76e-04
  [batch 14/20] CE=0.5268  norma=0.852711  lr=1.75e-04
  [batch 15/20] CE=0.3415  norma=0.850893  lr=1.73e-04
  [batch 16/20] CE=0.4035  norma=0.854817  lr=1.71e-04
  [batch 17/20] CE=0.5058  norma=0.848387  lr=1.69e-04
  [batch 18/20] CE=0.5271  norma=0.848970  lr=1.67e-04
  [batch 19/20] CE=0.4861  norma=0.848330  lr=1.66e-04
  [batch 20/20] CE=0.3596  norma=0.847144  lr=1.64e-04
  held-out head CE por entrada: prompt=0.3473  prompt_es=1.1051  prompt_de=1.1010

Epoch 4: CE train (trayectoria)=0.4197  norma=0.847144
  CE head del checkpoint:  train=0.6423   held-out=0.8511   brecha=+0.2088
  held-out CE  head(primeros 5): con parche=0.8511  sin parche=5.4208  delta=-4.5696
               toda la respuesta      : con parche=0.4408  sin parche=1.2734  delta=-0.8326
  * mejor TRAIN hasta ahora (head CE 0.6423)
----------------------------------------------------------------------

######################################################################
EPOCH 5/10
######################################################################
  [batch 1/20] CE=0.4056  norma=0.847838  lr=1.62e-04
  [batch 2/20] CE=0.4205  norma=0.850315  lr=1.60e-04
  [batch 3/20] CE=0.3278  norma=0.848342  lr=1.58e-04
  [batch 4/20] CE=0.3842  norma=0.847907  lr=1.56e-04
  [batch 5/20] CE=0.3561  norma=0.848161  lr=1.54e-04
  [batch 6/20] CE=0.4524  norma=0.847216  lr=1.52e-04
  [batch 7/20] CE=0.3857  norma=0.847768  lr=1.50e-04
  [batch 8/20] CE=0.3233  norma=0.849298  lr=1.48e-04
  [batch 9/20] CE=0.4080  norma=0.849064  lr=1.47e-04
  [batch 10/20] CE=0.3754  norma=0.850644  lr=1.45e-04
  [batch 11/20] CE=0.4441  norma=0.848859  lr=1.43e-04
  [batch 12/20] CE=0.3199  norma=0.851980  lr=1.41e-04
  [batch 13/20] CE=0.3926  norma=0.852149  lr=1.39e-04
  [batch 14/20] CE=0.4799  norma=0.847556  lr=1.37e-04
  [batch 15/20] CE=0.3472  norma=0.847608  lr=1.35e-04
  [batch 16/20] CE=0.4016  norma=0.849438  lr=1.33e-04
  [batch 17/20] CE=0.4611  norma=0.846222  lr=1.31e-04
  [batch 18/20] CE=0.5469  norma=0.847530  lr=1.29e-04
  [batch 19/20] CE=0.4660  norma=0.846546  lr=1.27e-04
  [batch 20/20] CE=0.3693  norma=0.849280  lr=1.25e-04
  held-out head CE por entrada: prompt=0.3300  prompt_es=0.8967  prompt_de=0.9219

Epoch 5: CE train (trayectoria)=0.4034  norma=0.849280
  CE head del checkpoint:  train=0.6701   held-out=0.7162   brecha=+0.0461
  held-out CE  head(primeros 5): con parche=0.7162  sin parche=5.4208  delta=-4.7046
               toda la respuesta      : con parche=0.4288  sin parche=1.2734  delta=-0.8446
  * mejor HELD-OUT hasta ahora (head CE 0.7162)
----------------------------------------------------------------------

######################################################################
EPOCH 6/10
######################################################################
  [batch 1/20] CE=0.3671  norma=0.848584  lr=1.23e-04
  [batch 2/20] CE=0.3747  norma=0.847326  lr=1.21e-04
  [batch 3/20] CE=0.3035  norma=0.845185  lr=1.19e-04
  [batch 4/20] CE=0.3643  norma=0.846009  lr=1.17e-04
  [batch 5/20] CE=0.3610  norma=0.844516  lr=1.15e-04
  [batch 6/20] CE=0.4416  norma=0.842598  lr=1.13e-04
  [batch 7/20] CE=0.3782  norma=0.843609  lr=1.11e-04
  [batch 8/20] CE=0.3086  norma=0.845199  lr=1.09e-04
  [batch 9/20] CE=0.3659  norma=0.845508  lr=1.07e-04
  [batch 10/20] CE=0.3900  norma=0.846417  lr=1.05e-04
  [batch 11/20] CE=0.4894  norma=0.848835  lr=1.04e-04
  [batch 12/20] CE=0.2912  norma=0.847156  lr=1.02e-04
  [batch 13/20] CE=0.4187  norma=0.849639  lr=9.97e-05
  [batch 14/20] CE=0.4866  norma=0.850198  lr=9.78e-05
  [batch 15/20] CE=0.3476  norma=0.847677  lr=9.59e-05
  [batch 16/20] CE=0.4063  norma=0.849634  lr=9.40e-05
  [batch 17/20] CE=0.5082  norma=0.847365  lr=9.21e-05
  [batch 18/20] CE=0.5405  norma=0.847930  lr=9.02e-05
  [batch 19/20] CE=0.4986  norma=0.846322  lr=8.83e-05
  [batch 20/20] CE=0.3711  norma=0.846322  lr=8.64e-05
  held-out head CE por entrada: prompt=0.4030  prompt_es=0.8855  prompt_de=0.9885

Epoch 6: CE train (trayectoria)=0.4007  norma=0.846322
  CE head del checkpoint:  train=0.6787   held-out=0.7590   brecha=+0.0803
  held-out CE  head(primeros 5): con parche=0.7590  sin parche=5.4208  delta=-4.6618
               toda la respuesta      : con parche=0.4723  sin parche=1.2734  delta=-0.8010
----------------------------------------------------------------------

######################################################################
EPOCH 7/10
######################################################################
  [batch 1/20] CE=0.3852  norma=0.847083  lr=8.45e-05
  [batch 2/20] CE=0.3778  norma=0.847150  lr=8.27e-05
  [batch 3/20] CE=0.3048  norma=0.846280  lr=8.09e-05
  [batch 4/20] CE=0.3639  norma=0.844936  lr=7.90e-05
  [batch 5/20] CE=0.3944  norma=0.843256  lr=7.72e-05
  [batch 6/20] CE=0.4771  norma=0.843476  lr=7.54e-05
  [batch 7/20] CE=0.3671  norma=0.844431  lr=7.36e-05
  [batch 8/20] CE=0.3022  norma=0.845642  lr=7.18e-05
  [batch 9/20] CE=0.3635  norma=0.846975  lr=7.00e-05
  [batch 10/20] CE=0.4049  norma=0.846345  lr=6.83e-05
  [batch 11/20] CE=0.4451  norma=0.845721  lr=6.65e-05
  [batch 12/20] CE=0.3097  norma=0.847427  lr=6.48e-05
  [batch 13/20] CE=0.4278  norma=0.848239  lr=6.31e-05
  [batch 14/20] CE=0.4818  norma=0.848577  lr=6.14e-05
  [batch 15/20] CE=0.3403  norma=0.846018  lr=5.97e-05
  [batch 16/20] CE=0.4267  norma=0.848286  lr=5.80e-05
  [batch 17/20] CE=0.5049  norma=0.847057  lr=5.64e-05
  [batch 18/20] CE=0.5565  norma=0.847284  lr=5.48e-05
  [batch 19/20] CE=0.5362  norma=0.847227  lr=5.31e-05
  [batch 20/20] CE=0.4045  norma=0.847854  lr=5.16e-05
  held-out head CE por entrada: prompt=0.3991  prompt_es=0.9631  prompt_de=0.9846

Epoch 7: CE train (trayectoria)=0.4087  norma=0.847854
  CE head del checkpoint:  train=0.4856   held-out=0.7823   brecha=+0.2966
  held-out CE  head(primeros 5): con parche=0.7823  sin parche=5.4208  delta=-4.6385
               toda la respuesta      : con parche=0.4377  sin parche=1.2734  delta=-0.8357
  * mejor TRAIN hasta ahora (head CE 0.4856)
----------------------------------------------------------------------

######################################################################
EPOCH 8/10
######################################################################
  [batch 1/20] CE=0.3518  norma=0.847297  lr=5.00e-05
  [batch 2/20] CE=0.3680  norma=0.847043  lr=4.84e-05
  [batch 3/20] CE=0.3255  norma=0.845562  lr=4.69e-05
  [batch 4/20] CE=0.3606  norma=0.843898  lr=4.53e-05
  [batch 5/20] CE=0.4179  norma=0.842965  lr=4.38e-05
  [batch 6/20] CE=0.5200  norma=0.842102  lr=4.24e-05
  [batch 7/20] CE=0.3865  norma=0.842456  lr=4.09e-05
  [batch 8/20] CE=0.3533  norma=0.843617  lr=3.95e-05
  [batch 9/20] CE=0.3655  norma=0.844334  lr=3.80e-05
  [batch 10/20] CE=0.4139  norma=0.843788  lr=3.66e-05
  [batch 11/20] CE=0.4488  norma=0.843790  lr=3.53e-05
  [batch 12/20] CE=0.2940  norma=0.845178  lr=3.39e-05
  [batch 13/20] CE=0.4285  norma=0.845677  lr=3.26e-05
  [batch 14/20] CE=0.5046  norma=0.846219  lr=3.13e-05
  [batch 15/20] CE=0.3472  norma=0.844786  lr=3.00e-05
  [batch 16/20] CE=0.4452  norma=0.845822  lr=2.87e-05
  [batch 17/20] CE=0.4815  norma=0.844945  lr=2.75e-05
  [batch 18/20] CE=0.5498  norma=0.844964  lr=2.62e-05
  [batch 19/20] CE=0.5278  norma=0.844697  lr=2.51e-05
  [batch 20/20] CE=0.4183  norma=0.844914  lr=2.39e-05
  held-out head CE por entrada: prompt=0.3274  prompt_es=0.9234  prompt_de=0.9053

Epoch 8: CE train (trayectoria)=0.4154  norma=0.844914
  CE head del checkpoint:  train=0.4104   held-out=0.7187   brecha=+0.3084
  held-out CE  head(primeros 5): con parche=0.7187  sin parche=5.4208  delta=-4.7021
               toda la respuesta      : con parche=0.4108  sin parche=1.2734  delta=-0.8626
  * mejor TRAIN hasta ahora (head CE 0.4104)
----------------------------------------------------------------------

######################################################################
EPOCH 9/10
######################################################################
  [batch 1/20] CE=0.3647  norma=0.844965  lr=2.27e-05
  [batch 2/20] CE=0.3628  norma=0.844528  lr=2.16e-05
  [batch 3/20] CE=0.3270  norma=0.844191  lr=2.05e-05
  [batch 4/20] CE=0.3486  norma=0.843864  lr=1.95e-05
  [batch 5/20] CE=0.3997  norma=0.844055  lr=1.84e-05
  [batch 6/20] CE=0.5276  norma=0.843133  lr=1.74e-05
  [batch 7/20] CE=0.4231  norma=0.842775  lr=1.64e-05
  [batch 8/20] CE=0.3611  norma=0.843275  lr=1.55e-05
  [batch 9/20] CE=0.4038  norma=0.843426  lr=1.45e-05
  [batch 10/20] CE=0.4200  norma=0.843010  lr=1.36e-05
  [batch 11/20] CE=0.4219  norma=0.843239  lr=1.28e-05
  [batch 12/20] CE=0.3208  norma=0.843964  lr=1.19e-05
  [batch 13/20] CE=0.4392  norma=0.843865  lr=1.11e-05
  [batch 14/20] CE=0.5128  norma=0.844134  lr=1.03e-05
  [batch 15/20] CE=0.3502  norma=0.843748  lr=9.52e-06
  [batch 16/20] CE=0.4921  norma=0.844109  lr=8.78e-06
  [batch 17/20] CE=0.4902  norma=0.843640  lr=8.07e-06
  [batch 18/20] CE=0.5549  norma=0.843907  lr=7.39e-06
  [batch 19/20] CE=0.5503  norma=0.843951  lr=6.74e-06
  [batch 20/20] CE=0.4423  norma=0.844319  lr=6.12e-06
  held-out head CE por entrada: prompt=0.3086  prompt_es=0.9184  prompt_de=0.9301

Epoch 9: CE train (trayectoria)=0.4257  norma=0.844319
  CE head del checkpoint:  train=0.3736   held-out=0.7191   brecha=+0.3454
  held-out CE  head(primeros 5): con parche=0.7191  sin parche=5.4208  delta=-4.7017
               toda la respuesta      : con parche=0.4090  sin parche=1.2734  delta=-0.8643
  * mejor TRAIN hasta ahora (head CE 0.3736)
----------------------------------------------------------------------

######################################################################
EPOCH 10/10
######################################################################
  [batch 1/20] CE=0.3783  norma=0.844294  lr=5.53e-06
  [batch 2/20] CE=0.3821  norma=0.844318  lr=4.97e-06
  [batch 3/20] CE=0.3401  norma=0.844254  lr=4.43e-06
  [batch 4/20] CE=0.3572  norma=0.844054  lr=3.93e-06
  [batch 5/20] CE=0.4155  norma=0.844005  lr=3.46e-06
  [batch 6/20] CE=0.5523  norma=0.843846  lr=3.01e-06
  [batch 7/20] CE=0.4361  norma=0.843660  lr=2.60e-06
  [batch 8/20] CE=0.3694  norma=0.843676  lr=2.22e-06
  [batch 9/20] CE=0.3934  norma=0.843706  lr=1.86e-06
  [batch 10/20] CE=0.4304  norma=0.843646  lr=1.54e-06
  [batch 11/20] CE=0.4269  norma=0.843703  lr=1.25e-06
  [batch 12/20] CE=0.3339  norma=0.843742  lr=9.86e-07
  [batch 13/20] CE=0.4489  norma=0.843715  lr=7.55e-07
  [batch 14/20] CE=0.5060  norma=0.843747  lr=5.55e-07
  [batch 15/20] CE=0.3581  norma=0.843737  lr=3.86e-07
  [batch 16/20] CE=0.5258  norma=0.843744  lr=2.47e-07
  [batch 17/20] CE=0.5125  norma=0.843729  lr=1.39e-07
  [batch 18/20] CE=0.5484  norma=0.843731  lr=6.17e-08
  [batch 19/20] CE=0.5516  norma=0.843732  lr=1.54e-08
  [batch 20/20] CE=0.4326  norma=0.843732  lr=0.00e+00
  held-out head CE por entrada: prompt=0.2953  prompt_es=0.8483  prompt_de=0.9922

Epoch 10: CE train (trayectoria)=0.4350  norma=0.843732
  CE head del checkpoint:  train=0.3078   held-out=0.7120   brecha=+0.4042
  held-out CE  head(primeros 5): con parche=0.7120  sin parche=5.4208  delta=-4.7088
               toda la respuesta      : con parche=0.4112  sin parche=1.2734  delta=-0.8622
  * mejor HELD-OUT hasta ahora (head CE 0.7120)
  * mejor TRAIN hasta ahora (head CE 0.3078)
----------------------------------------------------------------------

Guardando el parche de la epoch 10 (head CE 0.7120)

======================================================================
CURVA POR EPOCH (CE del head sobre el checkpoint de esa epoch)
 epoch     train   held-out    brecha     norma
-----------------------------------------------
     1    0.9259     0.8508   -0.0751    0.7851
     2    0.8530     0.9341   +0.0811    0.8484
     3    0.7255     0.9276   +0.2020    0.8564
     4    0.6423     0.8511   +0.2088    0.8471
     5    0.6701     0.7162   +0.0461    0.8493
     6    0.6787     0.7590   +0.0803    0.8463
     7    0.4856     0.7823   +0.2966    0.8479
     8    0.4104     0.7187   +0.3084    0.8449
     9    0.3736     0.7191   +0.3454    0.8443
    10    0.3078     0.7120   +0.4042    0.8437  <- mejor held-out  <- mejor train

  mejor por HELD-OUT: epoch 10 (CE 0.7120)  -> algebra/runs/v9/alg_fr/lang_patch_best_heldout.pt
  mejor por TRAIN   : epoch 10 (CE 0.3078)  -> algebra/runs/v9/alg_fr/lang_patch_best_train.pt

======================================================================
Norma final: 0.843732
  posicion 0: 0.843732

Guardado: algebra/runs/v9/alg_fr/lang_patch.pt
          algebra/runs/v9/alg_fr/lang_metadata.pt

################ train es
Gate de calidad sobre train: 549/588 targets limpios
`torch_dtype` is deprecated! Use `dtype` instead!
Loading checkpoint shards:   0%|          | 0/2 [00:00<?, ?it/s]Loading checkpoint shards:  50%|█████     | 1/2 [00:01<00:01,  1.02s/it]Loading checkpoint shards: 100%|██████████| 2/2 [00:01<00:00,  1.66it/s]Loading checkpoint shards: 100%|██████████| 2/2 [00:01<00:00,  1.50it/s]

Train: 549  |  Held-out: 112  |  validacion: 20
L2: 0.0925  |  step_size: 0.00025 (cosine)  |  posiciones: 1  |  anchor: goal_all
  [prompt] parche sobre 15..24 (10 tokens) = ['On', ' which', ' continent', ' is', ' the', ' Amazon', ' rain', 'forest', ' located', '?']
        antes: ['<|end_header_id|>', '\n\n']   despues: ['<|eot_id|>', '<|start_header_id|>']
  [prompt_de] parche sobre 15..28 (14 tokens) = ['Auf', ' wel', 'chem', ' Kont', 'inent', ' liegt', ' der', ' Amazon', 'as', '-', 'Reg', 'en', 'wald', '?']
        antes: ['<|end_header_id|>', '\n\n']   despues: ['<|eot_id|>', '<|start_header_id|>']
  [prompt_fr] parche sobre 15..25 (11 tokens) = ['Sur', ' quel', ' continent', ' se', ' trouve', ' la', ' for', 'êt', ' amazon', 'ienne', '?']
        antes: ['<|end_header_id|>', '\n\n']   despues: ['<|eot_id|>', '<|start_header_id|>']
  largo del goal en train: media 10.3  min 4  max 26  (el mismo v se suma en cada posicion)
Loss: CE sobre los primeros 8 tokens  |  entradas: ['prompt', 'prompt_de', 'prompt_fr']
  prompt: 549/549 filas de train usables
  prompt_de: 549/549 filas de train usables
  prompt_fr: 549/549 filas de train usables
Epochs: 10  |  batch: 28 (20 batches/epoch)  |  steps/batch: 20
Checkpoint: mejor por CE held-out
======================================================================

######################################################################
EPOCH 1/10
######################################################################
  [batch 1/20] CE=3.4885  norma=0.203336  lr=2.50e-04
  [batch 2/20] CE=1.8327  norma=0.331796  lr=2.50e-04
  [batch 3/20] CE=0.6642  norma=0.393317  lr=2.50e-04
  [batch 4/20] CE=0.7371  norma=0.430622  lr=2.50e-04
  [batch 5/20] CE=0.6334  norma=0.482450  lr=2.50e-04
  [batch 6/20] CE=0.6442  norma=0.513688  lr=2.49e-04
  [batch 7/20] CE=0.6140  norma=0.555591  lr=2.49e-04
  [batch 8/20] CE=0.7620  norma=0.586704  lr=2.49e-04
  [batch 9/20] CE=0.7645  norma=0.621075  lr=2.49e-04
  [batch 10/20] CE=0.7577  norma=0.636621  lr=2.48e-04
  [batch 11/20] CE=0.7856  norma=0.668323  lr=2.48e-04
  [batch 12/20] CE=0.5813  norma=0.677373  lr=2.48e-04
  [batch 13/20] CE=0.6760  norma=0.692714  lr=2.47e-04
  [batch 14/20] CE=0.7232  norma=0.690081  lr=2.47e-04
  [batch 15/20] CE=0.6410  norma=0.710243  lr=2.47e-04
  [batch 16/20] CE=0.8419  norma=0.727116  lr=2.46e-04
  [batch 17/20] CE=0.6734  norma=0.741442  lr=2.46e-04
  [batch 18/20] CE=0.7937  norma=0.758033  lr=2.45e-04
  [batch 19/20] CE=0.6427  norma=0.772444  lr=2.45e-04
  [batch 20/20] CE=0.7010  norma=0.785780  lr=2.44e-04
  held-out head CE por entrada: prompt=0.7534  prompt_de=1.0587  prompt_fr=1.2066

Epoch 1: CE train (trayectoria)=0.8979  norma=0.785780
  CE head del checkpoint:  train=0.7680   held-out=1.0062   brecha=+0.2382
  held-out CE  head(primeros 5): con parche=1.0062  sin parche=5.2026  delta=-4.1963
               toda la respuesta      : con parche=0.5308  sin parche=1.5987  delta=-1.0679
  * mejor HELD-OUT hasta ahora (head CE 1.0062)
  * mejor TRAIN hasta ahora (head CE 0.7680)
----------------------------------------------------------------------

######################################################################
EPOCH 2/10
######################################################################
  [batch 1/20] CE=0.5892  norma=0.780789  lr=2.43e-04
  [batch 2/20] CE=0.5875  norma=0.785856  lr=2.43e-04
  [batch 3/20] CE=0.4222  norma=0.792533  lr=2.42e-04
  [batch 4/20] CE=0.4932  norma=0.800387  lr=2.41e-04
  [batch 5/20] CE=0.5189  norma=0.796782  lr=2.41e-04
  [batch 6/20] CE=0.4566  norma=0.802095  lr=2.40e-04
  [batch 7/20] CE=0.4387  norma=0.808764  lr=2.39e-04
  [batch 8/20] CE=0.6133  norma=0.813883  lr=2.38e-04
  [batch 9/20] CE=0.5505  norma=0.830582  lr=2.37e-04
  [batch 10/20] CE=0.5975  norma=0.834118  lr=2.36e-04
  [batch 11/20] CE=0.6249  norma=0.826313  lr=2.36e-04
  [batch 12/20] CE=0.3864  norma=0.840691  lr=2.35e-04
  [batch 13/20] CE=0.5677  norma=0.842974  lr=2.34e-04
  [batch 14/20] CE=0.6271  norma=0.836997  lr=2.33e-04
  [batch 15/20] CE=0.4783  norma=0.837067  lr=2.32e-04
  [batch 16/20] CE=0.7185  norma=0.839093  lr=2.31e-04
  [batch 17/20] CE=0.5315  norma=0.845453  lr=2.30e-04
  [batch 18/20] CE=0.6745  norma=0.852864  lr=2.28e-04
  [batch 19/20] CE=0.5400  norma=0.852437  lr=2.27e-04
  [batch 20/20] CE=0.6056  norma=0.857735  lr=2.26e-04
  held-out head CE por entrada: prompt=0.6084  prompt_de=1.0402  prompt_fr=0.9892

Epoch 2: CE train (trayectoria)=0.5511  norma=0.857735
  CE head del checkpoint:  train=0.7963   held-out=0.8793   brecha=+0.0830
  held-out CE  head(primeros 5): con parche=0.8793  sin parche=5.2026  delta=-4.3233
               toda la respuesta      : con parche=0.4755  sin parche=1.5987  delta=-1.1231
  * mejor HELD-OUT hasta ahora (head CE 0.8793)
----------------------------------------------------------------------

######################################################################
EPOCH 3/10
######################################################################
  [batch 1/20] CE=0.4936  norma=0.850234  lr=2.25e-04
  [batch 2/20] CE=0.4830  norma=0.853875  lr=2.24e-04
  [batch 3/20] CE=0.3419  norma=0.851558  lr=2.23e-04
  [batch 4/20] CE=0.4146  norma=0.850791  lr=2.21e-04
  [batch 5/20] CE=0.4021  norma=0.847025  lr=2.20e-04
  [batch 6/20] CE=0.4180  norma=0.848930  lr=2.19e-04
  [batch 7/20] CE=0.3364  norma=0.854615  lr=2.18e-04
  [batch 8/20] CE=0.4695  norma=0.858334  lr=2.16e-04
  [batch 9/20] CE=0.4566  norma=0.863231  lr=2.15e-04
  [batch 10/20] CE=0.4707  norma=0.862740  lr=2.13e-04
  [batch 11/20] CE=0.4932  norma=0.862365  lr=2.12e-04
  [batch 12/20] CE=0.2819  norma=0.863608  lr=2.11e-04
  [batch 13/20] CE=0.4729  norma=0.861567  lr=2.09e-04
  [batch 14/20] CE=0.5499  norma=0.862354  lr=2.08e-04
  [batch 15/20] CE=0.4052  norma=0.861789  lr=2.06e-04
  [batch 16/20] CE=0.6145  norma=0.862612  lr=2.05e-04
  [batch 17/20] CE=0.4948  norma=0.862823  lr=2.03e-04
  [batch 18/20] CE=0.5556  norma=0.865183  lr=2.02e-04
  [batch 19/20] CE=0.4716  norma=0.863026  lr=2.00e-04
  [batch 20/20] CE=0.4911  norma=0.869242  lr=1.99e-04
  held-out head CE por entrada: prompt=0.7192  prompt_de=0.9527  prompt_fr=0.8957

Epoch 3: CE train (trayectoria)=0.4559  norma=0.869242
  CE head del checkpoint:  train=0.7017   held-out=0.8559   brecha=+0.1541
  held-out CE  head(primeros 5): con parche=0.8559  sin parche=5.2026  delta=-4.3467
               toda la respuesta      : con parche=0.4626  sin parche=1.5987  delta=-1.1360
  * mejor HELD-OUT hasta ahora (head CE 0.8559)
  * mejor TRAIN hasta ahora (head CE 0.7017)
----------------------------------------------------------------------

######################################################################
EPOCH 4/10
######################################################################
  [batch 1/20] CE=0.4575  norma=0.868795  lr=1.97e-04
  [batch 2/20] CE=0.4278  norma=0.868603  lr=1.95e-04
  [batch 3/20] CE=0.3143  norma=0.864465  lr=1.94e-04
  [batch 4/20] CE=0.3249  norma=0.870663  lr=1.92e-04
  [batch 5/20] CE=0.3490  norma=0.868398  lr=1.90e-04
  [batch 6/20] CE=0.3500  norma=0.864503  lr=1.89e-04
  [batch 7/20] CE=0.2657  norma=0.863177  lr=1.87e-04
  [batch 8/20] CE=0.4408  norma=0.868814  lr=1.85e-04
  [batch 9/20] CE=0.4370  norma=0.870166  lr=1.84e-04
  [batch 10/20] CE=0.4915  norma=0.867944  lr=1.82e-04
  [batch 11/20] CE=0.4789  norma=0.864540  lr=1.80e-04
  [batch 12/20] CE=0.2742  norma=0.866737  lr=1.78e-04
  [batch 13/20] CE=0.4405  norma=0.863791  lr=1.76e-04
  [batch 14/20] CE=0.4774  norma=0.866166  lr=1.75e-04
  [batch 15/20] CE=0.3983  norma=0.863663  lr=1.73e-04
  [batch 16/20] CE=0.5591  norma=0.864649  lr=1.71e-04
  [batch 17/20] CE=0.4466  norma=0.863904  lr=1.69e-04
  [batch 18/20] CE=0.5454  norma=0.861540  lr=1.67e-04
  [batch 19/20] CE=0.4451  norma=0.861170  lr=1.66e-04
  [batch 20/20] CE=0.4623  norma=0.863560  lr=1.64e-04
  held-out head CE por entrada: prompt=0.6008  prompt_de=0.8454  prompt_fr=1.0180

Epoch 4: CE train (trayectoria)=0.4193  norma=0.863560
  CE head del checkpoint:  train=0.6962   held-out=0.8214   brecha=+0.1252
  held-out CE  head(primeros 5): con parche=0.8214  sin parche=5.2026  delta=-4.3812
               toda la respuesta      : con parche=0.4778  sin parche=1.5987  delta=-1.1208
  * mejor HELD-OUT hasta ahora (head CE 0.8214)
  * mejor TRAIN hasta ahora (head CE 0.6962)
----------------------------------------------------------------------

######################################################################
EPOCH 5/10
######################################################################
  [batch 1/20] CE=0.4396  norma=0.863711  lr=1.62e-04
  [batch 2/20] CE=0.4405  norma=0.867388  lr=1.60e-04
  [batch 3/20] CE=0.2966  norma=0.864064  lr=1.58e-04
  [batch 4/20] CE=0.3188  norma=0.863930  lr=1.56e-04
  [batch 5/20] CE=0.3579  norma=0.862071  lr=1.54e-04
  [batch 6/20] CE=0.3394  norma=0.861993  lr=1.52e-04
  [batch 7/20] CE=0.2913  norma=0.863158  lr=1.50e-04
  [batch 8/20] CE=0.4114  norma=0.865865  lr=1.48e-04
  [batch 9/20] CE=0.4524  norma=0.865363  lr=1.47e-04
  [batch 10/20] CE=0.4238  norma=0.869207  lr=1.45e-04
  [batch 11/20] CE=0.4552  norma=0.869108  lr=1.43e-04
  [batch 12/20] CE=0.2378  norma=0.868885  lr=1.41e-04
  [batch 13/20] CE=0.4319  norma=0.867791  lr=1.39e-04
  [batch 14/20] CE=0.5022  norma=0.864400  lr=1.37e-04
  [batch 15/20] CE=0.3810  norma=0.865285  lr=1.35e-04
  [batch 16/20] CE=0.4951  norma=0.864471  lr=1.33e-04
  [batch 17/20] CE=0.4763  norma=0.862795  lr=1.31e-04
  [batch 18/20] CE=0.5138  norma=0.861390  lr=1.29e-04
  [batch 19/20] CE=0.4348  norma=0.859119  lr=1.27e-04
  [batch 20/20] CE=0.4394  norma=0.858813  lr=1.25e-04
  held-out head CE por entrada: prompt=0.5804  prompt_de=0.8707  prompt_fr=1.0655

Epoch 5: CE train (trayectoria)=0.4070  norma=0.858813
  CE head del checkpoint:  train=0.7140   held-out=0.8389   brecha=+0.1248
  held-out CE  head(primeros 5): con parche=0.8389  sin parche=5.2026  delta=-4.3637
               toda la respuesta      : con parche=0.4811  sin parche=1.5987  delta=-1.1176
----------------------------------------------------------------------

######################################################################
EPOCH 6/10
######################################################################
  [batch 1/20] CE=0.4403  norma=0.862374  lr=1.23e-04
  [batch 2/20] CE=0.4250  norma=0.861874  lr=1.21e-04
  [batch 3/20] CE=0.2840  norma=0.859802  lr=1.19e-04
  [batch 4/20] CE=0.3326  norma=0.863926  lr=1.17e-04
  [batch 5/20] CE=0.3375  norma=0.863083  lr=1.15e-04
  [batch 6/20] CE=0.3236  norma=0.865540  lr=1.13e-04
  [batch 7/20] CE=0.2797  norma=0.865289  lr=1.11e-04
  [batch 8/20] CE=0.3953  norma=0.863988  lr=1.09e-04
  [batch 9/20] CE=0.4992  norma=0.865964  lr=1.07e-04
  [batch 10/20] CE=0.4096  norma=0.867351  lr=1.05e-04
  [batch 11/20] CE=0.5096  norma=0.867295  lr=1.04e-04
  [batch 12/20] CE=0.2381  norma=0.866800  lr=1.02e-04
  [batch 13/20] CE=0.4164  norma=0.864164  lr=9.97e-05
  [batch 14/20] CE=0.5288  norma=0.863494  lr=9.78e-05
  [batch 15/20] CE=0.3626  norma=0.861798  lr=9.59e-05
  [batch 16/20] CE=0.5222  norma=0.862939  lr=9.40e-05
  [batch 17/20] CE=0.4174  norma=0.862960  lr=9.21e-05
  [batch 18/20] CE=0.5450  norma=0.861673  lr=9.02e-05
  [batch 19/20] CE=0.4297  norma=0.857471  lr=8.83e-05
  [batch 20/20] CE=0.4596  norma=0.857987  lr=8.64e-05
  held-out head CE por entrada: prompt=0.5707  prompt_de=0.7297  prompt_fr=1.0074

Epoch 6: CE train (trayectoria)=0.4078  norma=0.857987
  CE head del checkpoint:  train=0.6256   held-out=0.7693   brecha=+0.1436
  held-out CE  head(primeros 5): con parche=0.7693  sin parche=5.2026  delta=-4.4333
               toda la respuesta      : con parche=0.4333  sin parche=1.5987  delta=-1.1654
  * mejor HELD-OUT hasta ahora (head CE 0.7693)
  * mejor TRAIN hasta ahora (head CE 0.6256)
----------------------------------------------------------------------

######################################################################
EPOCH 7/10
######################################################################
  [batch 1/20] CE=0.4395  norma=0.860319  lr=8.45e-05
  [batch 2/20] CE=0.4259  norma=0.860701  lr=8.27e-05
  [batch 3/20] CE=0.3008  norma=0.859753  lr=8.09e-05
  [batch 4/20] CE=0.3528  norma=0.859780  lr=7.90e-05
  [batch 5/20] CE=0.3260  norma=0.858492  lr=7.72e-05
  [batch 6/20] CE=0.3374  norma=0.860227  lr=7.54e-05
  [batch 7/20] CE=0.2612  norma=0.862026  lr=7.36e-05
  [batch 8/20] CE=0.4273  norma=0.863490  lr=7.18e-05
  [batch 9/20] CE=0.5019  norma=0.864228  lr=7.00e-05
  [batch 10/20] CE=0.4481  norma=0.863142  lr=6.83e-05
  [batch 11/20] CE=0.5126  norma=0.860327  lr=6.65e-05
  [batch 12/20] CE=0.2562  norma=0.860379  lr=6.48e-05
  [batch 13/20] CE=0.4075  norma=0.859271  lr=6.31e-05
  [batch 14/20] CE=0.5333  norma=0.860857  lr=6.14e-05
  [batch 15/20] CE=0.3609  norma=0.859476  lr=5.97e-05
  [batch 16/20] CE=0.5508  norma=0.859757  lr=5.80e-05
  [batch 17/20] CE=0.4167  norma=0.859909  lr=5.64e-05
  [batch 18/20] CE=0.5409  norma=0.859233  lr=5.48e-05
  [batch 19/20] CE=0.4206  norma=0.857516  lr=5.31e-05
  [batch 20/20] CE=0.5209  norma=0.857290  lr=5.16e-05
  held-out head CE por entrada: prompt=0.5350  prompt_de=0.9093  prompt_fr=0.9679

Epoch 7: CE train (trayectoria)=0.4171  norma=0.857290
  CE head del checkpoint:  train=0.5540   held-out=0.8041   brecha=+0.2501
  held-out CE  head(primeros 5): con parche=0.8041  sin parche=5.2026  delta=-4.3985
               toda la respuesta      : con parche=0.4340  sin parche=1.5987  delta=-1.1646
  * mejor TRAIN hasta ahora (head CE 0.5540)
----------------------------------------------------------------------

######################################################################
EPOCH 8/10
######################################################################
  [batch 1/20] CE=0.4396  norma=0.859011  lr=5.00e-05
  [batch 2/20] CE=0.4164  norma=0.859948  lr=4.84e-05
  [batch 3/20] CE=0.3072  norma=0.858697  lr=4.69e-05
  [batch 4/20] CE=0.3446  norma=0.859592  lr=4.53e-05
  [batch 5/20] CE=0.3346  norma=0.859065  lr=4.38e-05
  [batch 6/20] CE=0.3460  norma=0.860284  lr=4.24e-05
  [batch 7/20] CE=0.2641  norma=0.860893  lr=4.09e-05
  [batch 8/20] CE=0.4312  norma=0.861214  lr=3.95e-05
  [batch 9/20] CE=0.4949  norma=0.861821  lr=3.80e-05
  [batch 10/20] CE=0.4452  norma=0.862066  lr=3.66e-05
  [batch 11/20] CE=0.5297  norma=0.861890  lr=3.53e-05
  [batch 12/20] CE=0.2764  norma=0.861973  lr=3.39e-05
  [batch 13/20] CE=0.4160  norma=0.861344  lr=3.26e-05
  [batch 14/20] CE=0.5338  norma=0.861995  lr=3.13e-05
  [batch 15/20] CE=0.3481  norma=0.862140  lr=3.00e-05
  [batch 16/20] CE=0.5727  norma=0.862201  lr=2.87e-05
  [batch 17/20] CE=0.4054  norma=0.862369  lr=2.75e-05
  [batch 18/20] CE=0.5328  norma=0.861084  lr=2.62e-05
  [batch 19/20] CE=0.4233  norma=0.859949  lr=2.51e-05
  [batch 20/20] CE=0.5165  norma=0.859800  lr=2.39e-05
  held-out head CE por entrada: prompt=0.5401  prompt_de=0.9050  prompt_fr=0.9490

Epoch 8: CE train (trayectoria)=0.4189  norma=0.859800
  CE head del checkpoint:  train=0.5123   held-out=0.7980   brecha=+0.2858
  held-out CE  head(primeros 5): con parche=0.7980  sin parche=5.2026  delta=-4.4045
               toda la respuesta      : con parche=0.4256  sin parche=1.5987  delta=-1.1730
  * mejor TRAIN hasta ahora (head CE 0.5123)
----------------------------------------------------------------------

######################################################################
EPOCH 9/10
######################################################################
  [batch 1/20] CE=0.4552  norma=0.861207  lr=2.27e-05
  [batch 2/20] CE=0.4272  norma=0.862194  lr=2.16e-05
  [batch 3/20] CE=0.3118  norma=0.861904  lr=2.05e-05
  [batch 4/20] CE=0.3581  norma=0.861702  lr=1.95e-05
  [batch 5/20] CE=0.3398  norma=0.861681  lr=1.84e-05
  [batch 6/20] CE=0.3569  norma=0.862420  lr=1.74e-05
  [batch 7/20] CE=0.2711  norma=0.862580  lr=1.64e-05
  [batch 8/20] CE=0.4474  norma=0.862496  lr=1.55e-05
  [batch 9/20] CE=0.5026  norma=0.862522  lr=1.45e-05
  [batch 10/20] CE=0.4449  norma=0.862547  lr=1.36e-05
  [batch 11/20] CE=0.5116  norma=0.862413  lr=1.28e-05
  [batch 12/20] CE=0.3033  norma=0.862645  lr=1.19e-05
  [batch 13/20] CE=0.4546  norma=0.862181  lr=1.11e-05
  [batch 14/20] CE=0.5778  norma=0.862384  lr=1.03e-05
  [batch 15/20] CE=0.3555  norma=0.862885  lr=9.52e-06
  [batch 16/20] CE=0.5692  norma=0.862897  lr=8.78e-06
  [batch 17/20] CE=0.4250  norma=0.863132  lr=8.07e-06
  [batch 18/20] CE=0.5397  norma=0.862678  lr=7.39e-06
  [batch 19/20] CE=0.4550  norma=0.862278  lr=6.74e-06
  [batch 20/20] CE=0.5132  norma=0.862336  lr=6.12e-06
  held-out head CE por entrada: prompt=0.5350  prompt_de=0.7866  prompt_fr=0.9866

Epoch 9: CE train (trayectoria)=0.4310  norma=0.862336
  CE head del checkpoint:  train=0.4389   held-out=0.7694   brecha=+0.3305
  held-out CE  head(primeros 5): con parche=0.7694  sin parche=5.2026  delta=-4.4332
               toda la respuesta      : con parche=0.4198  sin parche=1.5987  delta=-1.1789
  * mejor TRAIN hasta ahora (head CE 0.4389)
----------------------------------------------------------------------

######################################################################
EPOCH 10/10
######################################################################
  [batch 1/20] CE=0.4538  norma=0.862475  lr=5.53e-06
  [batch 2/20] CE=0.4481  norma=0.862893  lr=4.97e-06
  [batch 3/20] CE=0.3208  norma=0.863017  lr=4.43e-06
  [batch 4/20] CE=0.3715  norma=0.863112  lr=3.93e-06
  [batch 5/20] CE=0.3484  norma=0.863008  lr=3.46e-06
  [batch 6/20] CE=0.3523  norma=0.863140  lr=3.01e-06
  [batch 7/20] CE=0.2852  norma=0.863170  lr=2.60e-06
  [batch 8/20] CE=0.4786  norma=0.863231  lr=2.22e-06
  [batch 9/20] CE=0.5115  norma=0.863289  lr=1.86e-06
  [batch 10/20] CE=0.4529  norma=0.863279  lr=1.54e-06
  [batch 11/20] CE=0.5124  norma=0.863245  lr=1.25e-06
  [batch 12/20] CE=0.3085  norma=0.863266  lr=9.86e-07
  [batch 13/20] CE=0.4575  norma=0.863242  lr=7.55e-07
  [batch 14/20] CE=0.6109  norma=0.863233  lr=5.55e-07
  [batch 15/20] CE=0.3621  norma=0.863243  lr=3.86e-07
  [batch 16/20] CE=0.5643  norma=0.863231  lr=2.47e-07
  [batch 17/20] CE=0.4199  norma=0.863226  lr=1.39e-07
  [batch 18/20] CE=0.5384  norma=0.863219  lr=6.17e-08
  [batch 19/20] CE=0.4583  norma=0.863216  lr=1.54e-08
  [batch 20/20] CE=0.4965  norma=0.863216  lr=0.00e+00
  held-out head CE por entrada: prompt=0.5646  prompt_de=0.7895  prompt_fr=1.0050

Epoch 10: CE train (trayectoria)=0.4376  norma=0.863216
  CE head del checkpoint:  train=0.3995   held-out=0.7863   brecha=+0.3869
  held-out CE  head(primeros 5): con parche=0.7863  sin parche=5.2026  delta=-4.4162
               toda la respuesta      : con parche=0.4301  sin parche=1.5987  delta=-1.1685
  * mejor TRAIN hasta ahora (head CE 0.3995)
----------------------------------------------------------------------

Guardando el parche de la epoch 6 (head CE 0.7693)

======================================================================
CURVA POR EPOCH (CE del head sobre el checkpoint de esa epoch)
 epoch     train   held-out    brecha     norma
-----------------------------------------------
     1    0.7680     1.0062   +0.2382    0.7858
     2    0.7963     0.8793   +0.0830    0.8577
     3    0.7017     0.8559   +0.1541    0.8692
     4    0.6962     0.8214   +0.1252    0.8636
     5    0.7140     0.8389   +0.1248    0.8588
     6    0.6256     0.7693   +0.1436    0.8580  <- mejor held-out
     7    0.5540     0.8041   +0.2501    0.8573
     8    0.5123     0.7980   +0.2858    0.8598
     9    0.4389     0.7694   +0.3305    0.8623
    10    0.3995     0.7863   +0.3869    0.8632  <- mejor train

  mejor por HELD-OUT: epoch 6 (CE 0.7693)  -> algebra/runs/v9/alg_es/lang_patch_best_heldout.pt
  mejor por TRAIN   : epoch 10 (CE 0.3995)  -> algebra/runs/v9/alg_es/lang_patch_best_train.pt
  los dos criterios NO coinciden: compara los dos parches en el eval,
  la CE del head es un proxy y lo que decide es is_french sobre generacion.

======================================================================
Norma final: 0.857987
  posicion 0: 0.857987

Guardado: algebra/runs/v9/alg_es/lang_patch.pt
          algebra/runs/v9/alg_es/lang_metadata.pt

################ train de
Gate de calidad sobre train: 549/588 targets limpios
`torch_dtype` is deprecated! Use `dtype` instead!
Loading checkpoint shards:   0%|          | 0/2 [00:00<?, ?it/s]Loading checkpoint shards:  50%|█████     | 1/2 [00:01<00:01,  1.02s/it]Loading checkpoint shards: 100%|██████████| 2/2 [00:01<00:00,  1.64it/s]Loading checkpoint shards: 100%|██████████| 2/2 [00:01<00:00,  1.49it/s]

Train: 549  |  Held-out: 112  |  validacion: 20
L2: 0.0925  |  step_size: 0.00025 (cosine)  |  posiciones: 1  |  anchor: goal_all
  [prompt] parche sobre 15..24 (10 tokens) = ['On', ' which', ' continent', ' is', ' the', ' Amazon', ' rain', 'forest', ' located', '?']
        antes: ['<|end_header_id|>', '\n\n']   despues: ['<|eot_id|>', '<|start_header_id|>']
  [prompt_es] parche sobre 15..28 (14 tokens) = ['¿', 'En', ' qué', ' contin', 'ente', ' se', ' encuentra', ' la', ' sel', 'va', ' am', 'az', 'ónica', '?']
        antes: ['<|end_header_id|>', '\n\n']   despues: ['<|eot_id|>', '<|start_header_id|>']
  [prompt_fr] parche sobre 15..25 (11 tokens) = ['Sur', ' quel', ' continent', ' se', ' trouve', ' la', ' for', 'êt', ' amazon', 'ienne', '?']
        antes: ['<|end_header_id|>', '\n\n']   despues: ['<|eot_id|>', '<|start_header_id|>']
  largo del goal en train: media 10.6  min 4  max 26  (el mismo v se suma en cada posicion)
Loss: CE sobre los primeros 8 tokens  |  entradas: ['prompt', 'prompt_es', 'prompt_fr']
  prompt: 549/549 filas de train usables
  prompt_es: 549/549 filas de train usables
  prompt_fr: 549/549 filas de train usables
Epochs: 10  |  batch: 28 (20 batches/epoch)  |  steps/batch: 20
Checkpoint: mejor por CE held-out
======================================================================

######################################################################
EPOCH 1/10
######################################################################
  [batch 1/20] CE=3.2055  norma=0.218449  lr=2.50e-04
  [batch 2/20] CE=2.1621  norma=0.347458  lr=2.50e-04
  [batch 3/20] CE=0.7302  norma=0.388855  lr=2.50e-04
  [batch 4/20] CE=0.6754  norma=0.425935  lr=2.50e-04
  [batch 5/20] CE=0.5993  norma=0.465312  lr=2.50e-04
  [batch 6/20] CE=0.6953  norma=0.490233  lr=2.49e-04
  [batch 7/20] CE=0.7641  norma=0.521893  lr=2.49e-04
  [batch 8/20] CE=0.5454  norma=0.551233  lr=2.49e-04
  [batch 9/20] CE=0.6594  norma=0.580972  lr=2.49e-04
  [batch 10/20] CE=0.7968  norma=0.602714  lr=2.48e-04
  [batch 11/20] CE=0.7363  norma=0.623437  lr=2.48e-04
  [batch 12/20] CE=0.7368  norma=0.634541  lr=2.48e-04
  [batch 13/20] CE=0.5988  norma=0.649011  lr=2.47e-04
  [batch 14/20] CE=0.6656  norma=0.675149  lr=2.47e-04
  [batch 15/20] CE=0.6483  norma=0.689475  lr=2.47e-04
  [batch 16/20] CE=0.7573  norma=0.689313  lr=2.46e-04
  [batch 17/20] CE=0.6378  norma=0.700751  lr=2.46e-04
  [batch 18/20] CE=0.5922  norma=0.705989  lr=2.45e-04
  [batch 19/20] CE=0.6938  norma=0.720834  lr=2.45e-04
  [batch 20/20] CE=0.7105  norma=0.742682  lr=2.44e-04
  held-out head CE por entrada: prompt=0.7781  prompt_es=1.1603  prompt_fr=1.2104

Epoch 1: CE train (trayectoria)=0.8805  norma=0.742682
  CE head del checkpoint:  train=0.7256   held-out=1.0496   brecha=+0.3239
  held-out CE  head(primeros 5): con parche=1.0496  sin parche=5.7094  delta=-4.6598
               toda la respuesta      : con parche=0.5099  sin parche=1.2737  delta=-0.7638
  * mejor HELD-OUT hasta ahora (head CE 1.0496)
  * mejor TRAIN hasta ahora (head CE 0.7256)
----------------------------------------------------------------------

######################################################################
EPOCH 2/10
######################################################################
  [batch 1/20] CE=0.5085  norma=0.758747  lr=2.43e-04
  [batch 2/20] CE=0.5748  norma=0.780823  lr=2.43e-04
  [batch 3/20] CE=0.5179  norma=0.772707  lr=2.42e-04
  [batch 4/20] CE=0.4931  norma=0.767978  lr=2.41e-04
  [batch 5/20] CE=0.5043  norma=0.776907  lr=2.41e-04
  [batch 6/20] CE=0.5538  norma=0.784678  lr=2.40e-04
  [batch 7/20] CE=0.6226  norma=0.793959  lr=2.39e-04
  [batch 8/20] CE=0.4425  norma=0.800556  lr=2.38e-04
  [batch 9/20] CE=0.5551  norma=0.808228  lr=2.37e-04
  [batch 10/20] CE=0.6871  norma=0.805199  lr=2.36e-04
  [batch 11/20] CE=0.6291  norma=0.806005  lr=2.36e-04
  [batch 12/20] CE=0.6305  norma=0.812017  lr=2.35e-04
  [batch 13/20] CE=0.4886  norma=0.825322  lr=2.34e-04
  [batch 14/20] CE=0.6166  norma=0.825229  lr=2.33e-04
  [batch 15/20] CE=0.5862  norma=0.831531  lr=2.32e-04
  [batch 16/20] CE=0.6393  norma=0.823261  lr=2.31e-04
  [batch 17/20] CE=0.5776  norma=0.831197  lr=2.30e-04
  [batch 18/20] CE=0.5068  norma=0.826650  lr=2.28e-04
  [batch 19/20] CE=0.5782  norma=0.843602  lr=2.27e-04
  [batch 20/20] CE=0.6642  norma=0.849962  lr=2.26e-04
  held-out head CE por entrada: prompt=0.7996  prompt_es=1.1760  prompt_fr=1.3542

Epoch 2: CE train (trayectoria)=0.5688  norma=0.849962
  CE head del checkpoint:  train=0.5974   held-out=1.1099   brecha=+0.5125
  held-out CE  head(primeros 5): con parche=1.1099  sin parche=5.7094  delta=-4.5995
               toda la respuesta      : con parche=0.5175  sin parche=1.2737  delta=-0.7562
  * mejor TRAIN hasta ahora (head CE 0.5974)
----------------------------------------------------------------------

######################################################################
EPOCH 3/10
######################################################################
  [batch 1/20] CE=0.4521  norma=0.856979  lr=2.25e-04
  [batch 2/20] CE=0.5356  norma=0.864295  lr=2.24e-04
  [batch 3/20] CE=0.4897  norma=0.854867  lr=2.23e-04
  [batch 4/20] CE=0.4624  norma=0.853953  lr=2.21e-04
  [batch 5/20] CE=0.4437  norma=0.862254  lr=2.20e-04
  [batch 6/20] CE=0.5150  norma=0.862379  lr=2.19e-04
  [batch 7/20] CE=0.5974  norma=0.868617  lr=2.18e-04
  [batch 8/20] CE=0.4007  norma=0.871560  lr=2.16e-04
  [batch 9/20] CE=0.5177  norma=0.874273  lr=2.15e-04
  [batch 10/20] CE=0.6631  norma=0.869975  lr=2.13e-04
  [batch 11/20] CE=0.5897  norma=0.873474  lr=2.12e-04
  [batch 12/20] CE=0.5918  norma=0.878242  lr=2.11e-04
  [batch 13/20] CE=0.4598  norma=0.891873  lr=2.09e-04
  [batch 14/20] CE=0.6012  norma=0.896874  lr=2.08e-04
  [batch 15/20] CE=0.5519  norma=0.897046  lr=2.06e-04
  [batch 16/20] CE=0.6439  norma=0.889170  lr=2.05e-04
  [batch 17/20] CE=0.5973  norma=0.883890  lr=2.03e-04
  [batch 18/20] CE=0.4982  norma=0.876881  lr=2.02e-04
  [batch 19/20] CE=0.5399  norma=0.881157  lr=2.00e-04
  [batch 20/20] CE=0.5927  norma=0.885986  lr=1.99e-04
  held-out head CE por entrada: prompt=0.7585  prompt_es=1.1693  prompt_fr=1.4818

Epoch 3: CE train (trayectoria)=0.5372  norma=0.885986
  CE head del checkpoint:  train=0.6554   held-out=1.1366   brecha=+0.4811
  held-out CE  head(primeros 5): con parche=1.1366  sin parche=5.7094  delta=-4.5729
               toda la respuesta      : con parche=0.5161  sin parche=1.2737  delta=-0.7576
----------------------------------------------------------------------

######################################################################
EPOCH 4/10
######################################################################
  [batch 1/20] CE=0.4412  norma=0.890385  lr=1.97e-04
  [batch 2/20] CE=0.4921  norma=0.894762  lr=1.95e-04
  [batch 3/20] CE=0.4856  norma=0.882123  lr=1.94e-04
  [batch 4/20] CE=0.4154  norma=0.880993  lr=1.92e-04
  [batch 5/20] CE=0.4269  norma=0.886638  lr=1.90e-04
  [batch 6/20] CE=0.4921  norma=0.886804  lr=1.89e-04
  [batch 7/20] CE=0.5563  norma=0.893730  lr=1.87e-04
  [batch 8/20] CE=0.4039  norma=0.894795  lr=1.85e-04
  [batch 9/20] CE=0.5178  norma=0.899406  lr=1.84e-04
  [batch 10/20] CE=0.6290  norma=0.897027  lr=1.82e-04
  [batch 11/20] CE=0.5870  norma=0.901311  lr=1.80e-04
  [batch 12/20] CE=0.5746  norma=0.912339  lr=1.78e-04
  [batch 13/20] CE=0.4460  norma=0.917513  lr=1.76e-04
  [batch 14/20] CE=0.5305  norma=0.919673  lr=1.75e-04
  [batch 15/20] CE=0.5317  norma=0.919377  lr=1.73e-04
  [batch 16/20] CE=0.6124  norma=0.917086  lr=1.71e-04
  [batch 17/20] CE=0.6065  norma=0.911914  lr=1.69e-04
  [batch 18/20] CE=0.4979  norma=0.911483  lr=1.67e-04
  [batch 19/20] CE=0.5404  norma=0.913903  lr=1.66e-04
  [batch 20/20] CE=0.5819  norma=0.918001  lr=1.64e-04
  held-out head CE por entrada: prompt=0.7324  prompt_es=1.1127  prompt_fr=1.4978

Epoch 4: CE train (trayectoria)=0.5185  norma=0.918001
  CE head del checkpoint:  train=0.5575   held-out=1.1143   brecha=+0.5568
  held-out CE  head(primeros 5): con parche=1.1143  sin parche=5.7094  delta=-4.5951
               toda la respuesta      : con parche=0.5069  sin parche=1.2737  delta=-0.7668
  * mejor TRAIN hasta ahora (head CE 0.5575)
----------------------------------------------------------------------

######################################################################
EPOCH 5/10
######################################################################
  [batch 1/20] CE=0.4120  norma=0.928029  lr=1.62e-04
  [batch 2/20] CE=0.4956  norma=0.928640  lr=1.60e-04
  [batch 3/20] CE=0.4859  norma=0.914201  lr=1.58e-04
  [batch 4/20] CE=0.4276  norma=0.913155  lr=1.56e-04
  [batch 5/20] CE=0.4106  norma=0.915978  lr=1.54e-04
  [batch 6/20] CE=0.4731  norma=0.917233  lr=1.52e-04
  [batch 7/20] CE=0.5670  norma=0.920178  lr=1.50e-04
  [batch 8/20] CE=0.4103  norma=0.921076  lr=1.48e-04
  [batch 9/20] CE=0.5084  norma=0.923528  lr=1.47e-04
  [batch 10/20] CE=0.6422  norma=0.920020  lr=1.45e-04
  [batch 11/20] CE=0.5764  norma=0.924208  lr=1.43e-04
  [batch 12/20] CE=0.5744  norma=0.929031  lr=1.41e-04
  [batch 13/20] CE=0.4238  norma=0.929489  lr=1.39e-04
  [batch 14/20] CE=0.5373  norma=0.928304  lr=1.37e-04
  [batch 15/20] CE=0.5300  norma=0.927315  lr=1.35e-04
  [batch 16/20] CE=0.6513  norma=0.924734  lr=1.33e-04
  [batch 17/20] CE=0.5763  norma=0.919588  lr=1.31e-04
  [batch 18/20] CE=0.5232  norma=0.916146  lr=1.29e-04
  [batch 19/20] CE=0.5126  norma=0.917955  lr=1.27e-04
  [batch 20/20] CE=0.5462  norma=0.921542  lr=1.25e-04
  held-out head CE por entrada: prompt=0.7202  prompt_es=1.0562  prompt_fr=1.4603

Epoch 5: CE train (trayectoria)=0.5142  norma=0.921542
  CE head del checkpoint:  train=0.5081   held-out=1.0789   brecha=+0.5708
  held-out CE  head(primeros 5): con parche=1.0789  sin parche=5.7094  delta=-4.6305
               toda la respuesta      : con parche=0.4997  sin parche=1.2737  delta=-0.7740
  * mejor TRAIN hasta ahora (head CE 0.5081)
----------------------------------------------------------------------

######################################################################
EPOCH 6/10
######################################################################
  [batch 1/20] CE=0.4064  norma=0.925841  lr=1.23e-04
  [batch 2/20] CE=0.4881  norma=0.930385  lr=1.21e-04
  [batch 3/20] CE=0.4809  norma=0.919383  lr=1.19e-04
  [batch 4/20] CE=0.4270  norma=0.921381  lr=1.17e-04
  [batch 5/20] CE=0.4008  norma=0.924644  lr=1.15e-04
  [batch 6/20] CE=0.4812  norma=0.926112  lr=1.13e-04
  [batch 7/20] CE=0.5859  norma=0.928398  lr=1.11e-04
  [batch 8/20] CE=0.4019  norma=0.929309  lr=1.09e-04
  [batch 9/20] CE=0.4979  norma=0.930130  lr=1.07e-04
  [batch 10/20] CE=0.6386  norma=0.925921  lr=1.05e-04
  [batch 11/20] CE=0.5717  norma=0.928038  lr=1.04e-04
  [batch 12/20] CE=0.5587  norma=0.933339  lr=1.02e-04
  [batch 13/20] CE=0.4419  norma=0.933498  lr=9.97e-05
  [batch 14/20] CE=0.5430  norma=0.932463  lr=9.78e-05
  [batch 15/20] CE=0.5404  norma=0.934365  lr=9.59e-05
  [batch 16/20] CE=0.6552  norma=0.930607  lr=9.40e-05
  [batch 17/20] CE=0.5713  norma=0.929065  lr=9.21e-05
  [batch 18/20] CE=0.5152  norma=0.923723  lr=9.02e-05
  [batch 19/20] CE=0.5113  norma=0.924343  lr=8.83e-05
  [batch 20/20] CE=0.5578  norma=0.925938  lr=8.64e-05
  held-out head CE por entrada: prompt=0.6928  prompt_es=1.0148  prompt_fr=1.4561

Epoch 6: CE train (trayectoria)=0.5138  norma=0.925938
  CE head del checkpoint:  train=0.4899   held-out=1.0546   brecha=+0.5647
  held-out CE  head(primeros 5): con parche=1.0546  sin parche=5.7094  delta=-4.6548
               toda la respuesta      : con parche=0.4972  sin parche=1.2737  delta=-0.7765
  * mejor TRAIN hasta ahora (head CE 0.4899)
----------------------------------------------------------------------

######################################################################
EPOCH 7/10
######################################################################
  [batch 1/20] CE=0.4080  norma=0.930978  lr=8.45e-05
  [batch 2/20] CE=0.4810  norma=0.932859  lr=8.27e-05
  [batch 3/20] CE=0.4787  norma=0.925918  lr=8.09e-05
  [batch 4/20] CE=0.4305  norma=0.926328  lr=7.90e-05
  [batch 5/20] CE=0.3946  norma=0.928724  lr=7.72e-05
  [batch 6/20] CE=0.4832  norma=0.930952  lr=7.54e-05
  [batch 7/20] CE=0.5918  norma=0.932579  lr=7.36e-05
  [batch 8/20] CE=0.3999  norma=0.934710  lr=7.18e-05
  [batch 9/20] CE=0.4907  norma=0.936661  lr=7.00e-05
  [batch 10/20] CE=0.6340  norma=0.933669  lr=6.83e-05
  [batch 11/20] CE=0.5701  norma=0.935233  lr=6.65e-05
  [batch 12/20] CE=0.5577  norma=0.938473  lr=6.48e-05
  [batch 13/20] CE=0.4238  norma=0.940560  lr=6.31e-05
  [batch 14/20] CE=0.5470  norma=0.940195  lr=6.14e-05
  [batch 15/20] CE=0.5435  norma=0.941369  lr=5.97e-05
  [batch 16/20] CE=0.6512  norma=0.937668  lr=5.80e-05
  [batch 17/20] CE=0.5730  norma=0.937819  lr=5.64e-05
  [batch 18/20] CE=0.5153  norma=0.932495  lr=5.48e-05
  [batch 19/20] CE=0.5080  norma=0.933972  lr=5.31e-05
  [batch 20/20] CE=0.5693  norma=0.933604  lr=5.16e-05
  held-out head CE por entrada: prompt=0.6961  prompt_es=0.9762  prompt_fr=1.3919

Epoch 7: CE train (trayectoria)=0.5126  norma=0.933604
  CE head del checkpoint:  train=0.4791   held-out=1.0214   brecha=+0.5423
  held-out CE  head(primeros 5): con parche=1.0214  sin parche=5.7094  delta=-4.6880
               toda la respuesta      : con parche=0.4937  sin parche=1.2737  delta=-0.7800
  * mejor HELD-OUT hasta ahora (head CE 1.0214)
  * mejor TRAIN hasta ahora (head CE 0.4791)
----------------------------------------------------------------------

######################################################################
EPOCH 8/10
######################################################################
  [batch 1/20] CE=0.4221  norma=0.939173  lr=5.00e-05
  [batch 2/20] CE=0.4789  norma=0.941230  lr=4.84e-05
  [batch 3/20] CE=0.4888  norma=0.935903  lr=4.69e-05
  [batch 4/20] CE=0.4239  norma=0.934648  lr=4.53e-05
  [batch 5/20] CE=0.3950  norma=0.935538  lr=4.38e-05
  [batch 6/20] CE=0.4984  norma=0.936631  lr=4.24e-05
  [batch 7/20] CE=0.5902  norma=0.938098  lr=4.09e-05
  [batch 8/20] CE=0.4058  norma=0.940506  lr=3.95e-05
  [batch 9/20] CE=0.4831  norma=0.942069  lr=3.80e-05
  [batch 10/20] CE=0.6426  norma=0.940985  lr=3.66e-05
  [batch 11/20] CE=0.5587  norma=0.942059  lr=3.53e-05
  [batch 12/20] CE=0.5706  norma=0.942252  lr=3.39e-05
  [batch 13/20] CE=0.4120  norma=0.944177  lr=3.26e-05
  [batch 14/20] CE=0.5456  norma=0.943704  lr=3.13e-05
  [batch 15/20] CE=0.5405  norma=0.945391  lr=3.00e-05
  [batch 16/20] CE=0.6527  norma=0.942115  lr=2.87e-05
  [batch 17/20] CE=0.5684  norma=0.941143  lr=2.75e-05
  [batch 18/20] CE=0.5152  norma=0.937474  lr=2.62e-05
  [batch 19/20] CE=0.5085  norma=0.938078  lr=2.51e-05
  [batch 20/20] CE=0.5824  norma=0.937095  lr=2.39e-05
  held-out head CE por entrada: prompt=0.7036  prompt_es=0.9761  prompt_fr=1.4068

Epoch 8: CE train (trayectoria)=0.5142  norma=0.937095
  CE head del checkpoint:  train=0.4730   held-out=1.0288   brecha=+0.5558
  held-out CE  head(primeros 5): con parche=1.0288  sin parche=5.7094  delta=-4.6806
               toda la respuesta      : con parche=0.4975  sin parche=1.2737  delta=-0.7762
  * mejor TRAIN hasta ahora (head CE 0.4730)
----------------------------------------------------------------------

######################################################################
EPOCH 9/10
######################################################################
  [batch 1/20] CE=0.4465  norma=0.940819  lr=2.27e-05
  [batch 2/20] CE=0.4933  norma=0.943604  lr=2.16e-05
  [batch 3/20] CE=0.4885  norma=0.940765  lr=2.05e-05
  [batch 4/20] CE=0.4231  norma=0.939049  lr=1.95e-05
  [batch 5/20] CE=0.4034  norma=0.939334  lr=1.84e-05
  [batch 6/20] CE=0.5019  norma=0.939478  lr=1.74e-05
  [batch 7/20] CE=0.5873  norma=0.940252  lr=1.64e-05
  [batch 8/20] CE=0.4080  norma=0.941458  lr=1.55e-05
  [batch 9/20] CE=0.4857  norma=0.942280  lr=1.45e-05
  [batch 10/20] CE=0.6547  norma=0.942092  lr=1.36e-05
  [batch 11/20] CE=0.5568  norma=0.942505  lr=1.28e-05
  [batch 12/20] CE=0.5724  norma=0.942485  lr=1.19e-05
  [batch 13/20] CE=0.4176  norma=0.943108  lr=1.11e-05
  [batch 14/20] CE=0.5375  norma=0.943071  lr=1.03e-05
  [batch 15/20] CE=0.5436  norma=0.944143  lr=9.52e-06
  [batch 16/20] CE=0.6476  norma=0.942986  lr=8.78e-06
  [batch 17/20] CE=0.5624  norma=0.942206  lr=8.07e-06
  [batch 18/20] CE=0.5307  norma=0.940541  lr=7.39e-06
  [batch 19/20] CE=0.5121  norma=0.940369  lr=6.74e-06
  [batch 20/20] CE=0.5919  norma=0.939820  lr=6.12e-06
  held-out head CE por entrada: prompt=0.6994  prompt_es=0.9887  prompt_fr=1.4433

Epoch 9: CE train (trayectoria)=0.5183  norma=0.939820
  CE head del checkpoint:  train=0.4523   held-out=1.0438   brecha=+0.5915
  held-out CE  head(primeros 5): con parche=1.0438  sin parche=5.7094  delta=-4.6656
               toda la respuesta      : con parche=0.5018  sin parche=1.2737  delta=-0.7719
  * mejor TRAIN hasta ahora (head CE 0.4523)
----------------------------------------------------------------------

######################################################################
EPOCH 10/10
######################################################################
  [batch 1/20] CE=0.4517  norma=0.940722  lr=5.53e-06
  [batch 2/20] CE=0.5219  norma=0.941806  lr=4.97e-06
  [batch 3/20] CE=0.4836  norma=0.941620  lr=4.43e-06
  [batch 4/20] CE=0.4225  norma=0.941382  lr=3.93e-06
  [batch 5/20] CE=0.4117  norma=0.941303  lr=3.46e-06
  [batch 6/20] CE=0.4999  norma=0.941206  lr=3.01e-06
  [batch 7/20] CE=0.5874  norma=0.941363  lr=2.60e-06
  [batch 8/20] CE=0.4041  norma=0.941506  lr=2.22e-06
  [batch 9/20] CE=0.4844  norma=0.941671  lr=1.86e-06
  [batch 10/20] CE=0.6472  norma=0.941707  lr=1.54e-06
  [batch 11/20] CE=0.5482  norma=0.941784  lr=1.25e-06
  [batch 12/20] CE=0.5657  norma=0.941816  lr=9.86e-07
  [batch 13/20] CE=0.4203  norma=0.941880  lr=7.55e-07
  [batch 14/20] CE=0.5344  norma=0.941890  lr=5.55e-07
  [batch 15/20] CE=0.5480  norma=0.941954  lr=3.86e-07
  [batch 16/20] CE=0.6378  norma=0.941922  lr=2.47e-07
  [batch 17/20] CE=0.5618  norma=0.941909  lr=1.39e-07
  [batch 18/20] CE=0.5354  norma=0.941889  lr=6.17e-08
  [batch 19/20] CE=0.5158  norma=0.941886  lr=1.54e-08
  [batch 20/20] CE=0.5934  norma=0.941885  lr=0.00e+00
  held-out head CE por entrada: prompt=0.6967  prompt_es=0.9967  prompt_fr=1.4796

Epoch 10: CE train (trayectoria)=0.5187  norma=0.941885
  CE head del checkpoint:  train=0.4331   held-out=1.0577   brecha=+0.6245
  held-out CE  head(primeros 5): con parche=1.0577  sin parche=5.7094  delta=-4.6517
               toda la respuesta      : con parche=0.5037  sin parche=1.2737  delta=-0.7700
  * mejor TRAIN hasta ahora (head CE 0.4331)
----------------------------------------------------------------------

Guardando el parche de la epoch 7 (head CE 1.0214)

======================================================================
CURVA POR EPOCH (CE del head sobre el checkpoint de esa epoch)
 epoch     train   held-out    brecha     norma
-----------------------------------------------
     1    0.7256     1.0496   +0.3239    0.7427
     2    0.5974     1.1099   +0.5125    0.8500
     3    0.6554     1.1366   +0.4811    0.8860
     4    0.5575     1.1143   +0.5568    0.9180
     5    0.5081     1.0789   +0.5708    0.9215
     6    0.4899     1.0546   +0.5647    0.9259
     7    0.4791     1.0214   +0.5423    0.9336  <- mejor held-out
     8    0.4730     1.0288   +0.5558    0.9371
     9    0.4523     1.0438   +0.5915    0.9398
    10    0.4331     1.0577   +0.6245    0.9419  <- mejor train

  mejor por HELD-OUT: epoch 7 (CE 1.0214)  -> algebra/runs/v9/alg_de/lang_patch_best_heldout.pt
  mejor por TRAIN   : epoch 10 (CE 0.4331)  -> algebra/runs/v9/alg_de/lang_patch_best_train.pt
  los dos criterios NO coinciden: compara los dos parches en el eval,
  la CE del head es un proxy y lo que decide es is_french sobre generacion.

======================================================================
Norma final: 0.933604
  posicion 0: 0.933604

Guardado: algebra/runs/v9/alg_de/lang_patch.pt
          algebra/runs/v9/alg_de/lang_metadata.pt
# Etapa train

| celda | filas train | held-out | norma ‖v‖ | epoch elegida | CE head train |
|---|---|---|---|---|---|
| fr | 549 | 112 | 0.844 | 10 | 0.308 |
| es | 549 | 112 | 0.863 | 10 | 0.399 |
| de | 549 | 112 | 0.942 | 10 | 0.433 |

Curva fr (CE head, checkpoint de cada epoch): e1: train 0.926 / held-out 0.851 (norma 0.785), e2: train 0.853 / held-out 0.934 (norma 0.848), e3: train 0.726 / held-out 0.928 (norma 0.856), e4: train 0.642 / held-out 0.851 (norma 0.847), e5: train 0.670 / held-out 0.716 (norma 0.849), e6: train 0.679 / held-out 0.759 (norma 0.846), e7: train 0.486 / held-out 0.782 (norma 0.848), e8: train 0.410 / held-out 0.719 (norma 0.845), e9: train 0.374 / held-out 0.719 (norma 0.844), e10: train 0.308 / held-out 0.712 (norma 0.844)

Curva es (CE head, checkpoint de cada epoch): e1: train 0.768 / held-out 1.006 (norma 0.786), e2: train 0.796 / held-out 0.879 (norma 0.858), e3: train 0.702 / held-out 0.856 (norma 0.869), e4: train 0.696 / held-out 0.821 (norma 0.864), e5: train 0.714 / held-out 0.839 (norma 0.859), e6: train 0.626 / held-out 0.769 (norma 0.858), e7: train 0.554 / held-out 0.804 (norma 0.857), e8: train 0.512 / held-out 0.798 (norma 0.860), e9: train 0.439 / held-out 0.769 (norma 0.862), e10: train 0.399 / held-out 0.786 (norma 0.863)

Curva de (CE head, checkpoint de cada epoch): e1: train 0.726 / held-out 1.050 (norma 0.743), e2: train 0.597 / held-out 1.110 (norma 0.850), e3: train 0.655 / held-out 1.137 (norma 0.886), e4: train 0.558 / held-out 1.114 (norma 0.918), e5: train 0.508 / held-out 1.079 (norma 0.922), e6: train 0.490 / held-out 1.055 (norma 0.926), e7: train 0.479 / held-out 1.021 (norma 0.934), e8: train 0.473 / held-out 1.029 (norma 0.937), e9: train 0.452 / held-out 1.044 (norma 0.940), e10: train 0.433 / held-out 1.058 (norma 0.942)


reporte: algebra/runs/v9/reportes/train.md

################ A fr
`torch_dtype` is deprecated! Use `dtype` instead!
Loading checkpoint shards:   0%|          | 0/2 [00:00<?, ?it/s]Loading checkpoint shards:  50%|█████     | 1/2 [00:01<00:01,  1.02s/it]Loading checkpoint shards: 100%|██████████| 2/2 [00:01<00:00,  1.66it/s]Loading checkpoint shards: 100%|██████████| 2/2 [00:01<00:00,  1.51it/s]
Held-out: 112  |  parche: algebra/runs/v9/alg_fr/lang_patch_best_train.pt  |  escala: 1.0
======================================================================
eval:   0%|          | 0/112 [00:00<?, ?it/s][lang_id] GlotLID: /mnt/custom-file-systems/efs/fs-0ded2930a619aa967_fsap-0faa05c681ed1a8f3/papers/LLMAtaquesContinuos/modelos/glotlid/model.bin
eval:   1%|          | 1/112 [00:03<07:16,  3.93s/it]eval:   2%|▏         | 2/112 [00:04<03:30,  1.92s/it]eval:   3%|▎         | 3/112 [00:07<04:10,  2.30s/it]eval:   4%|▎         | 4/112 [00:10<05:01,  2.79s/it]eval:   4%|▍         | 5/112 [00:14<05:28,  3.07s/it]eval:   5%|▌         | 6/112 [00:17<05:41,  3.22s/it]eval:   6%|▋         | 7/112 [00:21<05:48,  3.32s/it]eval:   7%|▋         | 8/112 [00:21<04:12,  2.43s/it]eval:   8%|▊         | 9/112 [00:24<04:26,  2.59s/it]eval:   9%|▉         | 10/112 [00:25<03:15,  1.92s/it]eval:  10%|▉         | 11/112 [00:28<04:04,  2.42s/it]eval:  11%|█         | 12/112 [00:32<04:36,  2.76s/it]eval:  12%|█▏        | 13/112 [00:33<03:48,  2.30s/it]eval:  12%|█▎        | 14/112 [00:37<04:23,  2.69s/it]eval:  13%|█▎        | 15/112 [00:39<04:00,  2.48s/it]eval:  14%|█▍        | 16/112 [00:41<03:45,  2.35s/it]eval:  15%|█▌        | 17/112 [00:43<03:48,  2.40s/it]eval:  16%|█▌        | 18/112 [00:47<04:19,  2.76s/it]eval:  17%|█▋        | 19/112 [00:50<04:39,  3.01s/it]eval:  18%|█▊        | 20/112 [00:51<03:34,  2.33s/it]eval:  19%|█▉        | 21/112 [00:52<02:58,  1.96s/it]eval:  20%|█▉        | 22/112 [00:53<02:12,  1.47s/it]eval:  21%|██        | 23/112 [00:56<02:54,  1.96s/it]eval:  21%|██▏       | 24/112 [00:56<02:12,  1.50s/it]eval:  22%|██▏       | 25/112 [01:00<03:04,  2.12s/it]eval:  23%|██▎       | 26/112 [01:00<02:21,  1.64s/it]eval:  24%|██▍       | 27/112 [01:02<02:18,  1.64s/it]eval:  25%|██▌       | 28/112 [01:02<01:47,  1.28s/it]eval:  26%|██▌       | 29/112 [01:03<01:38,  1.19s/it]eval:  27%|██▋       | 30/112 [01:05<01:55,  1.41s/it]eval:  28%|██▊       | 31/112 [01:06<01:30,  1.12s/it]eval:  29%|██▊       | 32/112 [01:09<02:27,  1.84s/it]eval:  29%|██▉       | 33/112 [01:13<03:05,  2.35s/it]eval:  30%|███       | 34/112 [01:15<03:09,  2.43s/it]eval:  31%|███▏      | 35/112 [01:17<02:50,  2.21s/it]eval:  32%|███▏      | 36/112 [01:19<02:41,  2.13s/it]eval:  33%|███▎      | 37/112 [01:20<02:22,  1.90s/it]eval:  34%|███▍      | 38/112 [01:21<01:47,  1.45s/it]eval:  35%|███▍      | 39/112 [01:24<02:33,  2.10s/it]eval:  36%|███▌      | 40/112 [01:27<02:44,  2.29s/it]eval:  37%|███▋      | 41/112 [01:31<03:08,  2.66s/it]eval:  38%|███▊      | 42/112 [01:31<02:19,  2.00s/it]eval:  38%|███▊      | 43/112 [01:31<01:44,  1.52s/it]eval:  39%|███▉      | 44/112 [01:34<02:03,  1.82s/it]eval:  40%|████      | 45/112 [01:37<02:35,  2.31s/it]eval:  41%|████      | 46/112 [01:41<02:55,  2.67s/it]eval:  42%|████▏     | 47/112 [01:43<02:43,  2.51s/it]eval:  43%|████▎     | 48/112 [01:43<01:57,  1.84s/it]eval:  44%|████▍     | 49/112 [01:44<01:41,  1.62s/it]eval:  45%|████▍     | 50/112 [01:47<01:58,  1.91s/it]eval:  46%|████▌     | 51/112 [01:48<01:31,  1.49s/it]eval:  46%|████▋     | 52/112 [01:49<01:24,  1.41s/it]eval:  47%|████▋     | 53/112 [01:52<02:01,  2.06s/it]eval:  48%|████▊     | 54/112 [01:56<02:25,  2.51s/it]eval:  49%|████▉     | 55/112 [01:56<01:46,  1.86s/it]eval:  50%|█████     | 56/112 [01:57<01:21,  1.46s/it]eval:  51%|█████     | 57/112 [01:57<01:02,  1.14s/it]eval:  52%|█████▏    | 58/112 [01:58<00:52,  1.04it/s]eval:  53%|█████▎    | 59/112 [01:58<00:45,  1.16it/s]eval:  54%|█████▎    | 60/112 [02:02<01:26,  1.67s/it]eval:  54%|█████▍    | 61/112 [02:05<01:54,  2.24s/it]eval:  55%|█████▌    | 62/112 [02:06<01:23,  1.67s/it]eval:  56%|█████▋    | 63/112 [02:06<01:03,  1.30s/it]eval:  57%|█████▋    | 64/112 [02:07<00:53,  1.11s/it]eval:  58%|█████▊    | 65/112 [02:07<00:42,  1.09it/s]eval:  59%|█████▉    | 66/112 [02:08<00:34,  1.34it/s]eval:  60%|█████▉    | 67/112 [02:11<01:10,  1.58s/it]eval:  61%|██████    | 68/112 [02:15<01:34,  2.15s/it]eval:  62%|██████▏   | 69/112 [02:15<01:09,  1.62s/it]eval:  62%|██████▎   | 70/112 [02:15<00:52,  1.26s/it]eval:  63%|██████▎   | 71/112 [02:16<00:42,  1.04s/it]eval:  64%|██████▍   | 72/112 [02:17<00:34,  1.15it/s]eval:  65%|██████▌   | 73/112 [02:17<00:34,  1.12it/s]eval:  66%|██████▌   | 74/112 [02:21<01:04,  1.69s/it]eval:  67%|██████▋   | 75/112 [02:25<01:22,  2.24s/it]eval:  68%|██████▊   | 76/112 [02:26<01:15,  2.11s/it]eval:  69%|██████▉   | 77/112 [02:28<01:06,  1.90s/it]eval:  70%|██████▉   | 78/112 [02:29<00:58,  1.71s/it]eval:  71%|███████   | 79/112 [02:33<01:14,  2.25s/it]eval:  71%|███████▏  | 80/112 [02:33<00:54,  1.70s/it]eval:  72%|███████▏  | 81/112 [02:36<01:09,  2.25s/it]eval:  73%|███████▎  | 82/112 [02:39<01:09,  2.33s/it]eval:  74%|███████▍  | 83/112 [02:41<01:04,  2.23s/it]eval:  75%|███████▌  | 84/112 [02:43<01:00,  2.14s/it]eval:  76%|███████▌  | 85/112 [02:43<00:44,  1.66s/it]eval:  77%|███████▋  | 86/112 [02:44<00:35,  1.35s/it]eval:  78%|███████▊  | 87/112 [02:45<00:26,  1.07s/it]eval:  79%|███████▊  | 88/112 [02:48<00:43,  1.80s/it]eval:  79%|███████▉  | 89/112 [02:52<00:53,  2.32s/it]eval:  80%|████████  | 90/112 [02:52<00:40,  1.85s/it]eval:  81%|████████▏ | 91/112 [02:53<00:29,  1.40s/it]eval:  82%|████████▏ | 92/112 [02:53<00:22,  1.13s/it]eval:  83%|████████▎ | 93/112 [02:54<00:17,  1.10it/s]eval:  84%|████████▍ | 94/112 [02:54<00:13,  1.32it/s]eval:  85%|████████▍ | 95/112 [02:58<00:27,  1.61s/it]eval:  86%|████████▌ | 96/112 [03:01<00:35,  2.20s/it]eval:  87%|████████▋ | 97/112 [03:05<00:38,  2.60s/it]eval:  88%|████████▊ | 98/112 [03:05<00:27,  1.93s/it]eval:  88%|████████▊ | 99/112 [03:06<00:19,  1.50s/it]eval:  89%|████████▉ | 100/112 [03:06<00:13,  1.16s/it]eval:  90%|█████████ | 101/112 [03:06<00:10,  1.07it/s]eval:  91%|█████████ | 102/112 [03:10<00:17,  1.74s/it]eval:  92%|█████████▏| 103/112 [03:13<00:19,  2.21s/it]eval:  93%|█████████▎| 104/112 [03:17<00:20,  2.62s/it]eval:  94%|█████████▍| 105/112 [03:17<00:13,  1.95s/it]eval:  95%|█████████▍| 106/112 [03:18<00:08,  1.48s/it]eval:  96%|█████████▌| 107/112 [03:18<00:05,  1.10s/it]eval:  96%|█████████▋| 108/112 [03:18<00:03,  1.09it/s]eval:  97%|█████████▋| 109/112 [03:22<00:05,  1.70s/it]eval:  98%|█████████▊| 110/112 [03:25<00:04,  2.24s/it]eval:  99%|█████████▉| 111/112 [03:29<00:02,  2.62s/it]eval: 100%|██████████| 112/112 [03:31<00:00,  2.64s/it]eval: 100%|██████████| 112/112 [03:31<00:00,  1.89s/it]

======================================================================
condicion                   is_french   fr_score   accuracy    leak
----------------------------------------------------------------------
baseline  M(q)                  0.0%      0.000     95.5%      0%
referencia  M([FR;q])          99.1%      0.995     71.4%      0%
parche  M(q+v)                100.0%      0.995     75.9%      0%
----------------------------------------------------------------------
celda target: fr   (celda_ok = idioma fr Y NO mayusculas)
condicion                    celda_ok     idioma      mayus
baseline  M(q)                  0.0%       0.0%       0.0%
referencia  M([FR;q])          99.1%      99.1%       0.0%
parche  M(q+v)                100.0%     100.0%       0.0%
----------------------------------------------------------------------
CE target FR                sin parche  con parche     delta
head (primeros 5)               5.5941      0.5744   -5.0197
tail (el resto)                 0.5877      0.3096   -0.2781
toda la respuesta               1.6068      0.3503   -1.2565
  el head es donde vive la decision de idioma; el tail casi no deberia moverse
  tokens parcheados por prompt (anchor goal_all): media 7.5
======================================================================

Reportes: algebra/runs/v9/alg_fr/eval_heldout.json
          algebra/runs/v9/alg_fr/eval_heldout.md
[gen_cache] /home/sagemaker-user/user-default-efs/papers/LLMAtaquesContinuos/experimentos/idiomas/algebra/runs/v9/gen_cache: reusadas 224, generadas 112
`torch_dtype` is deprecated! Use `dtype` instead!
Loading checkpoint shards:   0%|          | 0/2 [00:00<?, ?it/s]Loading checkpoint shards:  50%|█████     | 1/2 [00:01<00:01,  1.01s/it]Loading checkpoint shards: 100%|██████████| 2/2 [00:01<00:00,  1.67it/s]Loading checkpoint shards: 100%|██████████| 2/2 [00:01<00:00,  1.51it/s]
parche algebra/runs/v9/alg_fr/lang_patch_best_train.pt  norma 0.8437  |  tail held-out 112 (idx 588..699)
preset=idioma  condiciones=['prompt_es a=0', 'prompt_es a=1', 'prompt_de a=0', 'prompt_de a=1', 'prompt a=0', 'prompt a=1']
prompt_es a=0:   0%|          | 0/112 [00:00<?, ?it/s][lang_id] GlotLID: /mnt/custom-file-systems/efs/fs-0ded2930a619aa967_fsap-0faa05c681ed1a8f3/papers/LLMAtaquesContinuos/modelos/glotlid/model.bin
prompt_es a=0:   1%|          | 1/112 [00:01<02:26,  1.32s/it]prompt_es a=0:   3%|▎         | 3/112 [00:01<00:42,  2.59it/s]prompt_es a=0:   4%|▍         | 5/112 [00:01<00:23,  4.47it/s]prompt_es a=0:   6%|▋         | 7/112 [00:01<00:16,  6.31it/s]prompt_es a=0:   8%|▊         | 9/112 [00:01<00:12,  8.21it/s]prompt_es a=0:  10%|▉         | 11/112 [00:01<00:10,  9.90it/s]prompt_es a=0:  12%|█▏        | 13/112 [00:02<00:08, 11.20it/s]prompt_es a=0:  13%|█▎        | 15/112 [00:02<00:07, 12.52it/s]prompt_es a=0:  15%|█▌        | 17/112 [00:02<00:06, 13.57it/s]prompt_es a=0:  17%|█▋        | 19/112 [00:02<00:06, 13.96it/s]prompt_es a=0:  19%|█▉        | 21/112 [00:02<00:06, 14.52it/s]prompt_es a=0:  21%|██        | 23/112 [00:02<00:05, 15.18it/s]prompt_es a=0:  22%|██▏       | 25/112 [00:02<00:05, 15.33it/s]prompt_es a=0:  24%|██▍       | 27/112 [00:02<00:05, 15.49it/s]prompt_es a=0:  26%|██▌       | 29/112 [00:03<00:05, 15.74it/s]prompt_es a=0:  28%|██▊       | 31/112 [00:03<00:05, 16.06it/s]prompt_es a=0:  29%|██▉       | 33/112 [00:03<00:05, 15.56it/s]prompt_es a=0:  31%|███▏      | 35/112 [00:03<00:05, 15.23it/s]prompt_es a=0:  33%|███▎      | 37/112 [00:03<00:04, 15.42it/s]prompt_es a=0:  35%|███▍      | 39/112 [00:03<00:04, 15.77it/s]prompt_es a=0:  37%|███▋      | 41/112 [00:03<00:04, 15.72it/s]prompt_es a=0:  38%|███▊      | 43/112 [00:03<00:04, 16.01it/s]prompt_es a=0:  40%|████      | 45/112 [00:04<00:04, 15.68it/s]prompt_es a=0:  42%|████▏     | 47/112 [00:04<00:04, 15.12it/s]prompt_es a=0:  44%|████▍     | 49/112 [00:04<00:03, 15.83it/s]prompt_es a=0:  46%|████▌     | 51/112 [00:04<00:03, 15.58it/s]prompt_es a=0:  47%|████▋     | 53/112 [00:04<00:03, 15.55it/s]prompt_es a=0:  49%|████▉     | 55/112 [00:04<00:03, 15.60it/s]prompt_es a=0:  51%|█████     | 57/112 [00:04<00:03, 16.30it/s]prompt_es a=0:  53%|█████▎    | 59/112 [00:04<00:03, 16.29it/s]prompt_es a=0:  54%|█████▍    | 61/112 [00:05<00:03, 15.51it/s]prompt_es a=0:  56%|█████▋    | 63/112 [00:05<00:03, 16.13it/s]prompt_es a=0:  58%|█████▊    | 65/112 [00:05<00:02, 16.53it/s]prompt_es a=0:  60%|█████▉    | 67/112 [00:05<00:02, 16.28it/s]prompt_es a=0:  62%|██████▏   | 69/112 [00:05<00:02, 16.09it/s]prompt_es a=0:  63%|██████▎   | 71/112 [00:05<00:02, 16.61it/s]prompt_es a=0:  65%|██████▌   | 73/112 [00:05<00:02, 16.85it/s]prompt_es a=0:  67%|██████▋   | 75/112 [00:05<00:02, 16.22it/s]prompt_es a=0:  69%|██████▉   | 77/112 [00:06<00:02, 16.78it/s]prompt_es a=0:  71%|███████   | 79/112 [00:06<00:01, 16.88it/s]prompt_es a=0:  72%|███████▏  | 81/112 [00:06<00:01, 16.68it/s]prompt_es a=0:  74%|███████▍  | 83/112 [00:06<00:01, 16.78it/s]prompt_es a=0:  76%|███████▌  | 85/112 [00:06<00:01, 16.78it/s]prompt_es a=0:  78%|███████▊  | 87/112 [00:06<00:01, 17.06it/s]prompt_es a=0:  79%|███████▉  | 89/112 [00:06<00:01, 16.17it/s]prompt_es a=0:  81%|████████▏ | 91/112 [00:06<00:01, 16.73it/s]prompt_es a=0:  83%|████████▎ | 93/112 [00:07<00:01, 17.14it/s]prompt_es a=0:  85%|████████▍ | 95/112 [00:07<00:01, 16.89it/s]prompt_es a=0:  87%|████████▋ | 97/112 [00:07<00:00, 16.55it/s]prompt_es a=0:  88%|████████▊ | 99/112 [00:07<00:00, 16.99it/s]prompt_es a=0:  90%|█████████ | 101/112 [00:07<00:00, 17.16it/s]prompt_es a=0:  92%|█████████▏| 103/112 [00:07<00:00, 16.11it/s]prompt_es a=0:  94%|█████████▍| 105/112 [00:07<00:00, 16.47it/s]prompt_es a=0:  96%|█████████▌| 107/112 [00:07<00:00, 16.74it/s]prompt_es a=0:  97%|█████████▋| 109/112 [00:08<00:00, 16.47it/s]prompt_es a=0:  99%|█████████▉| 111/112 [00:08<00:00, 15.99it/s]prompt_es a=0: 100%|██████████| 112/112 [00:08<00:00, 13.67it/s]
prompt_es a=1:   0%|          | 0/112 [00:00<?, ?it/s]prompt_es a=1:   1%|          | 1/112 [00:00<01:42,  1.09it/s]prompt_es a=1:   2%|▏         | 2/112 [00:01<01:10,  1.57it/s]prompt_es a=1:   3%|▎         | 3/112 [00:03<02:48,  1.54s/it]prompt_es a=1:   4%|▎         | 4/112 [00:07<04:11,  2.33s/it]prompt_es a=1:   4%|▍         | 5/112 [00:11<04:55,  2.76s/it]prompt_es a=1:   5%|▌         | 6/112 [00:14<05:02,  2.85s/it]prompt_es a=1:   6%|▋         | 7/112 [00:14<03:38,  2.08s/it]prompt_es a=1:   7%|▋         | 8/112 [00:15<02:42,  1.56s/it]prompt_es a=1:   8%|▊         | 9/112 [00:15<02:03,  1.20s/it]prompt_es a=1:   9%|▉         | 10/112 [00:15<01:37,  1.04it/s]prompt_es a=1:  10%|▉         | 11/112 [00:19<02:55,  1.74s/it]prompt_es a=1:  11%|█         | 12/112 [00:22<03:48,  2.28s/it]prompt_es a=1:  12%|█▏        | 13/112 [00:23<03:00,  1.83s/it]prompt_es a=1:  12%|█▎        | 14/112 [00:24<02:28,  1.52s/it]prompt_es a=1:  13%|█▎        | 15/112 [00:25<02:15,  1.40s/it]prompt_es a=1:  14%|█▍        | 16/112 [00:26<01:53,  1.19s/it]prompt_es a=1:  15%|█▌        | 17/112 [00:27<01:41,  1.07s/it]prompt_es a=1:  16%|█▌        | 18/112 [00:30<02:50,  1.82s/it]prompt_es a=1:  17%|█▋        | 19/112 [00:31<02:12,  1.43s/it]prompt_es a=1:  18%|█▊        | 20/112 [00:32<02:06,  1.38s/it]prompt_es a=1:  19%|█▉        | 21/112 [00:35<03:04,  2.03s/it]prompt_es a=1:  20%|█▉        | 22/112 [00:36<02:15,  1.51s/it]prompt_es a=1:  21%|██        | 23/112 [00:39<02:51,  1.92s/it]prompt_es a=1:  21%|██▏       | 24/112 [00:39<02:11,  1.49s/it]prompt_es a=1:  22%|██▏       | 25/112 [00:43<03:03,  2.10s/it]prompt_es a=1:  23%|██▎       | 26/112 [00:43<02:22,  1.65s/it]prompt_es a=1:  24%|██▍       | 27/112 [00:47<03:08,  2.22s/it]prompt_es a=1:  25%|██▌       | 28/112 [00:47<02:25,  1.73s/it]prompt_es a=1:  26%|██▌       | 29/112 [00:49<02:17,  1.66s/it]prompt_es a=1:  27%|██▋       | 30/112 [00:50<02:08,  1.56s/it]prompt_es a=1:  28%|██▊       | 31/112 [00:51<01:37,  1.21s/it]prompt_es a=1:  29%|██▊       | 32/112 [00:54<02:31,  1.89s/it]prompt_es a=1:  29%|██▉       | 33/112 [00:58<03:08,  2.38s/it]prompt_es a=1:  30%|███       | 34/112 [01:00<03:13,  2.48s/it]prompt_es a=1:  31%|███▏      | 35/112 [01:01<02:27,  1.91s/it]prompt_es a=1:  32%|███▏      | 36/112 [01:01<01:55,  1.52s/it]prompt_es a=1:  33%|███▎      | 37/112 [01:02<01:41,  1.35s/it]prompt_es a=1:  34%|███▍      | 38/112 [01:03<01:19,  1.08s/it]prompt_es a=1:  35%|███▍      | 39/112 [01:06<02:11,  1.80s/it]prompt_es a=1:  36%|███▌      | 40/112 [01:09<02:21,  1.96s/it]prompt_es a=1:  37%|███▋      | 41/112 [01:11<02:22,  2.01s/it]prompt_es a=1:  38%|███▊      | 42/112 [01:12<02:09,  1.85s/it]prompt_es a=1:  38%|███▊      | 43/112 [01:13<01:36,  1.40s/it]prompt_es a=1:  39%|███▉      | 44/112 [01:14<01:40,  1.48s/it]prompt_es a=1:  40%|████      | 45/112 [01:17<01:57,  1.75s/it]prompt_es a=1:  41%|████      | 46/112 [01:20<02:30,  2.27s/it]prompt_es a=1:  42%|████▏     | 47/112 [01:24<02:51,  2.64s/it]prompt_es a=1:  43%|████▎     | 48/112 [01:24<02:06,  1.98s/it]prompt_es a=1:  44%|████▍     | 49/112 [01:25<01:35,  1.51s/it]prompt_es a=1:  45%|████▍     | 50/112 [01:28<02:02,  1.98s/it]prompt_es a=1:  46%|████▌     | 51/112 [01:28<01:32,  1.52s/it]prompt_es a=1:  46%|████▋     | 52/112 [01:31<02:02,  2.04s/it]prompt_es a=1:  47%|████▋     | 53/112 [01:35<02:27,  2.49s/it]prompt_es a=1:  48%|████▊     | 54/112 [01:38<02:42,  2.81s/it]prompt_es a=1:  49%|████▉     | 55/112 [01:39<01:58,  2.08s/it]prompt_es a=1:  50%|█████     | 56/112 [01:39<01:30,  1.61s/it]prompt_es a=1:  51%|█████     | 57/112 [01:40<01:08,  1.24s/it]prompt_es a=1:  52%|█████▏    | 58/112 [01:40<00:57,  1.07s/it]prompt_es a=1:  53%|█████▎    | 59/112 [01:43<01:25,  1.60s/it]prompt_es a=1:  54%|█████▎    | 60/112 [01:47<01:53,  2.19s/it]prompt_es a=1:  54%|█████▍    | 61/112 [01:50<02:12,  2.60s/it]prompt_es a=1:  55%|█████▌    | 62/112 [01:51<01:35,  1.91s/it]prompt_es a=1:  56%|█████▋    | 63/112 [01:51<01:11,  1.46s/it]prompt_es a=1:  57%|█████▋    | 64/112 [01:52<00:58,  1.21s/it]prompt_es a=1:  58%|█████▊    | 65/112 [01:52<00:47,  1.01s/it]prompt_es a=1:  59%|█████▉    | 66/112 [01:53<00:37,  1.23it/s]prompt_es a=1:  60%|█████▉    | 67/112 [01:54<00:42,  1.07it/s]prompt_es a=1:  61%|██████    | 68/112 [01:57<01:15,  1.72s/it]prompt_es a=1:  62%|██████▏   | 69/112 [01:58<00:56,  1.32s/it]prompt_es a=1:  62%|██████▎   | 70/112 [02:00<01:08,  1.63s/it]prompt_es a=1:  63%|██████▎   | 71/112 [02:02<01:11,  1.74s/it]prompt_es a=1:  64%|██████▍   | 72/112 [02:03<00:54,  1.35s/it]prompt_es a=1:  65%|██████▌   | 73/112 [02:03<00:42,  1.08s/it]prompt_es a=1:  66%|██████▌   | 74/112 [02:06<01:08,  1.81s/it]prompt_es a=1:  67%|██████▋   | 75/112 [02:10<01:26,  2.33s/it]prompt_es a=1:  68%|██████▊   | 76/112 [02:11<01:03,  1.77s/it]prompt_es a=1:  69%|██████▉   | 77/112 [02:12<00:59,  1.70s/it]prompt_es a=1:  70%|██████▉   | 78/112 [02:14<00:57,  1.69s/it]prompt_es a=1:  71%|███████   | 79/112 [02:14<00:44,  1.35s/it]prompt_es a=1:  71%|███████▏  | 80/112 [02:15<00:33,  1.05s/it]prompt_es a=1:  72%|███████▏  | 81/112 [02:18<00:56,  1.81s/it]prompt_es a=1:  73%|███████▎  | 82/112 [02:21<01:04,  2.16s/it]prompt_es a=1:  74%|███████▍  | 83/112 [02:22<00:48,  1.68s/it]prompt_es a=1:  75%|███████▌  | 84/112 [02:24<00:52,  1.89s/it]prompt_es a=1:  76%|███████▌  | 85/112 [02:26<00:53,  1.97s/it]prompt_es a=1:  77%|███████▋  | 86/112 [02:27<00:39,  1.52s/it]prompt_es a=1:  78%|███████▊  | 87/112 [02:27<00:29,  1.19s/it]prompt_es a=1:  79%|███████▊  | 88/112 [02:31<00:45,  1.90s/it]prompt_es a=1:  79%|███████▉  | 89/112 [02:34<00:55,  2.40s/it]prompt_es a=1:  80%|████████  | 90/112 [02:35<00:40,  1.85s/it]prompt_es a=1:  81%|████████▏ | 91/112 [02:36<00:33,  1.60s/it]prompt_es a=1:  82%|████████▏ | 92/112 [02:36<00:23,  1.20s/it]prompt_es a=1:  83%|████████▎ | 93/112 [02:36<00:18,  1.05it/s]prompt_es a=1:  84%|████████▍ | 94/112 [02:37<00:14,  1.22it/s]prompt_es a=1:  85%|████████▍ | 95/112 [02:41<00:27,  1.64s/it]prompt_es a=1:  86%|████████▌ | 96/112 [02:44<00:35,  2.21s/it]prompt_es a=1:  87%|████████▋ | 97/112 [02:45<00:25,  1.68s/it]prompt_es a=1:  88%|████████▊ | 98/112 [02:45<00:18,  1.30s/it]prompt_es a=1:  88%|████████▊ | 99/112 [02:45<00:13,  1.03s/it]prompt_es a=1:  89%|████████▉ | 100/112 [02:46<00:10,  1.18it/s]prompt_es a=1:  90%|█████████ | 101/112 [02:46<00:07,  1.40it/s]prompt_es a=1:  91%|█████████ | 102/112 [02:50<00:15,  1.56s/it]prompt_es a=1:  92%|█████████▏| 103/112 [02:53<00:19,  2.15s/it]prompt_es a=1:  93%|█████████▎| 104/112 [02:54<00:12,  1.59s/it]prompt_es a=1:  94%|█████████▍| 105/112 [02:54<00:08,  1.24s/it]prompt_es a=1:  95%|█████████▍| 106/112 [02:54<00:05,  1.02it/s]prompt_es a=1:  96%|█████████▌| 107/112 [02:55<00:04,  1.22it/s]prompt_es a=1:  96%|█████████▋| 108/112 [02:56<00:03,  1.22it/s]prompt_es a=1:  97%|█████████▋| 109/112 [02:59<00:04,  1.64s/it]prompt_es a=1:  98%|█████████▊| 110/112 [03:01<00:03,  1.76s/it]prompt_es a=1:  99%|█████████▉| 111/112 [03:01<00:01,  1.32s/it]prompt_es a=1: 100%|██████████| 112/112 [03:02<00:00,  1.02s/it]prompt_es a=1: 100%|██████████| 112/112 [03:02<00:00,  1.63s/it]
prompt_de a=0:   0%|          | 0/112 [00:00<?, ?it/s]prompt_de a=0:   2%|▏         | 2/112 [00:00<00:06, 17.30it/s]prompt_de a=0:   4%|▎         | 4/112 [00:00<00:06, 16.53it/s]prompt_de a=0:   5%|▌         | 6/112 [00:00<00:06, 15.34it/s]prompt_de a=0:   7%|▋         | 8/112 [00:00<00:06, 15.77it/s]prompt_de a=0:   9%|▉         | 10/112 [00:00<00:06, 16.04it/s]prompt_de a=0:  11%|█         | 12/112 [00:00<00:06, 15.47it/s]prompt_de a=0:  12%|█▎        | 14/112 [00:00<00:06, 15.32it/s]prompt_de a=0:  14%|█▍        | 16/112 [00:01<00:06, 15.61it/s]prompt_de a=0:  16%|█▌        | 18/112 [00:01<00:06, 15.66it/s]prompt_de a=0:  18%|█▊        | 20/112 [00:01<00:05, 15.34it/s]prompt_de a=0:  20%|█▉        | 22/112 [00:01<00:05, 15.69it/s]prompt_de a=0:  21%|██▏       | 24/112 [00:01<00:05, 16.13it/s]prompt_de a=0:  23%|██▎       | 26/112 [00:01<00:05, 15.56it/s]prompt_de a=0:  25%|██▌       | 28/112 [00:01<00:05, 15.56it/s]prompt_de a=0:  27%|██▋       | 30/112 [00:01<00:05, 15.02it/s]prompt_de a=0:  29%|██▊       | 32/112 [00:02<00:05, 15.28it/s]prompt_de a=0:  30%|███       | 34/112 [00:02<00:05, 14.97it/s]prompt_de a=0:  32%|███▏      | 36/112 [00:02<00:05, 15.02it/s]prompt_de a=0:  34%|███▍      | 38/112 [00:02<00:04, 15.29it/s]prompt_de a=0:  36%|███▌      | 40/112 [00:02<00:04, 14.90it/s]prompt_de a=0:  38%|███▊      | 42/112 [00:02<00:04, 15.01it/s]prompt_de a=0:  39%|███▉      | 44/112 [00:02<00:04, 15.52it/s]prompt_de a=0:  41%|████      | 46/112 [00:02<00:04, 15.43it/s]prompt_de a=0:  43%|████▎     | 48/112 [00:03<00:04, 15.21it/s]prompt_de a=0:  45%|████▍     | 50/112 [00:03<00:04, 14.88it/s]prompt_de a=0:  46%|████▋     | 52/112 [00:03<00:03, 15.20it/s]prompt_de a=0:  48%|████▊     | 54/112 [00:03<00:03, 14.91it/s]prompt_de a=0:  50%|█████     | 56/112 [00:03<00:03, 15.65it/s]prompt_de a=0:  52%|█████▏    | 58/112 [00:03<00:03, 16.25it/s]prompt_de a=0:  54%|█████▎    | 60/112 [00:03<00:03, 16.09it/s]prompt_de a=0:  55%|█████▌    | 62/112 [00:03<00:03, 16.15it/s]prompt_de a=0:  57%|█████▋    | 64/112 [00:04<00:02, 16.72it/s]prompt_de a=0:  59%|█████▉    | 66/112 [00:04<00:02, 17.07it/s]prompt_de a=0:  61%|██████    | 68/112 [00:04<00:02, 16.34it/s]prompt_de a=0:  62%|██████▎   | 70/112 [00:04<00:02, 16.88it/s]prompt_de a=0:  64%|██████▍   | 72/112 [00:04<00:02, 16.50it/s]prompt_de a=0:  66%|██████▌   | 74/112 [00:04<00:02, 16.26it/s]prompt_de a=0:  68%|██████▊   | 76/112 [00:04<00:02, 16.05it/s]prompt_de a=0:  70%|██████▉   | 78/112 [00:04<00:02, 16.00it/s]prompt_de a=0:  71%|███████▏  | 80/112 [00:05<00:01, 16.62it/s]prompt_de a=0:  73%|███████▎  | 82/112 [00:05<00:01, 16.10it/s]prompt_de a=0:  75%|███████▌  | 84/112 [00:05<00:01, 16.01it/s]prompt_de a=0:  77%|███████▋  | 86/112 [00:05<00:01, 16.49it/s]prompt_de a=0:  79%|███████▊  | 88/112 [00:05<00:01, 16.48it/s]prompt_de a=0:  80%|████████  | 90/112 [00:05<00:01, 16.45it/s]prompt_de a=0:  82%|████████▏ | 92/112 [00:05<00:01, 16.82it/s]prompt_de a=0:  84%|████████▍ | 94/112 [00:05<00:01, 16.67it/s]prompt_de a=0:  86%|████████▌ | 96/112 [00:06<00:01, 15.94it/s]prompt_de a=0:  88%|████████▊ | 98/112 [00:06<00:00, 16.44it/s]prompt_de a=0:  89%|████████▉ | 100/112 [00:06<00:00, 17.01it/s]prompt_de a=0:  91%|█████████ | 102/112 [00:06<00:00, 16.76it/s]prompt_de a=0:  93%|█████████▎| 104/112 [00:06<00:00, 16.17it/s]prompt_de a=0:  95%|█████████▍| 106/112 [00:06<00:00, 16.72it/s]prompt_de a=0:  96%|█████████▋| 108/112 [00:06<00:00, 16.50it/s]prompt_de a=0:  98%|█████████▊| 110/112 [00:06<00:00, 15.76it/s]prompt_de a=0: 100%|██████████| 112/112 [00:07<00:00, 16.08it/s]prompt_de a=0: 100%|██████████| 112/112 [00:07<00:00, 15.91it/s]
prompt_de a=1:   0%|          | 0/112 [00:00<?, ?it/s]prompt_de a=1:   1%|          | 1/112 [00:00<01:08,  1.62it/s]prompt_de a=1:   2%|▏         | 2/112 [00:01<01:18,  1.40it/s]prompt_de a=1:   3%|▎         | 3/112 [00:03<02:30,  1.38s/it]prompt_de a=1:   4%|▎         | 4/112 [00:07<03:59,  2.22s/it]prompt_de a=1:   4%|▍         | 5/112 [00:10<04:46,  2.68s/it]prompt_de a=1:   5%|▌         | 6/112 [00:12<04:21,  2.47s/it]prompt_de a=1:   6%|▋         | 7/112 [00:13<03:11,  1.82s/it]prompt_de a=1:   7%|▋         | 8/112 [00:13<02:25,  1.40s/it]prompt_de a=1:   8%|▊         | 9/112 [00:16<02:56,  1.71s/it]prompt_de a=1:   9%|▉         | 10/112 [00:16<02:13,  1.31s/it]prompt_de a=1:  10%|▉         | 11/112 [00:19<03:21,  2.00s/it]prompt_de a=1:  11%|█         | 12/112 [00:23<04:07,  2.47s/it]prompt_de a=1:  12%|█▏        | 13/112 [00:24<03:10,  1.93s/it]prompt_de a=1:  12%|█▎        | 14/112 [00:26<03:23,  2.07s/it]prompt_de a=1:  13%|█▎        | 15/112 [00:26<02:29,  1.54s/it]prompt_de a=1:  14%|█▍        | 16/112 [00:29<03:09,  1.98s/it]prompt_de a=1:  15%|█▌        | 17/112 [00:30<02:29,  1.58s/it]prompt_de a=1:  16%|█▌        | 18/112 [00:34<03:23,  2.17s/it]prompt_de a=1:  17%|█▋        | 19/112 [00:37<03:45,  2.43s/it]prompt_de a=1:  18%|█▊        | 20/112 [00:37<02:48,  1.83s/it]prompt_de a=1:  19%|█▉        | 21/112 [00:37<02:06,  1.39s/it]prompt_de a=1:  20%|█▉        | 22/112 [00:38<01:36,  1.07s/it]prompt_de a=1:  21%|██        | 23/112 [00:40<02:07,  1.43s/it]prompt_de a=1:  21%|██▏       | 24/112 [00:41<01:40,  1.14s/it]prompt_de a=1:  22%|██▏       | 25/112 [00:44<02:42,  1.87s/it]prompt_de a=1:  23%|██▎       | 26/112 [00:45<02:17,  1.60s/it]prompt_de a=1:  24%|██▍       | 27/112 [00:46<01:48,  1.28s/it]prompt_de a=1:  25%|██▌       | 28/112 [00:47<01:40,  1.20s/it]prompt_de a=1:  26%|██▌       | 29/112 [00:49<02:01,  1.46s/it]prompt_de a=1:  27%|██▋       | 30/112 [00:49<01:33,  1.14s/it]prompt_de a=1:  28%|██▊       | 31/112 [00:49<01:15,  1.08it/s]prompt_de a=1:  29%|██▊       | 32/112 [00:53<02:16,  1.70s/it]prompt_de a=1:  29%|██▉       | 33/112 [00:55<02:18,  1.76s/it]prompt_de a=1:  30%|███       | 34/112 [00:55<01:45,  1.35s/it]prompt_de a=1:  31%|███▏      | 35/112 [00:58<02:07,  1.66s/it]prompt_de a=1:  32%|███▏      | 36/112 [00:58<01:38,  1.30s/it]prompt_de a=1:  33%|███▎      | 37/112 [00:59<01:17,  1.04s/it]prompt_de a=1:  34%|███▍      | 38/112 [00:59<01:03,  1.17it/s]prompt_de a=1:  35%|███▍      | 39/112 [01:02<02:00,  1.65s/it]prompt_de a=1:  36%|███▌      | 40/112 [01:05<02:21,  1.97s/it]prompt_de a=1:  37%|███▋      | 41/112 [01:06<01:48,  1.53s/it]prompt_de a=1:  38%|███▊      | 42/112 [01:07<01:34,  1.35s/it]prompt_de a=1:  38%|███▊      | 43/112 [01:07<01:13,  1.06s/it]prompt_de a=1:  39%|███▉      | 44/112 [01:08<01:14,  1.09s/it]prompt_de a=1:  40%|████      | 45/112 [01:09<01:01,  1.09it/s]prompt_de a=1:  41%|████      | 46/112 [01:12<01:51,  1.70s/it]prompt_de a=1:  42%|████▏     | 47/112 [01:12<01:23,  1.28s/it]prompt_de a=1:  43%|████▎     | 48/112 [01:13<01:06,  1.03s/it]prompt_de a=1:  44%|████▍     | 49/112 [01:14<00:57,  1.09it/s]prompt_de a=1:  45%|████▍     | 50/112 [01:17<01:38,  1.59s/it]prompt_de a=1:  46%|████▌     | 51/112 [01:17<01:15,  1.24s/it]prompt_de a=1:  46%|████▋     | 52/112 [01:18<00:58,  1.02it/s]prompt_de a=1:  47%|████▋     | 53/112 [01:21<01:42,  1.74s/it]prompt_de a=1:  48%|████▊     | 54/112 [01:22<01:31,  1.57s/it]prompt_de a=1:  49%|████▉     | 55/112 [01:23<01:08,  1.21s/it]prompt_de a=1:  50%|█████     | 56/112 [01:23<00:55,  1.02it/s]prompt_de a=1:  51%|█████     | 57/112 [01:23<00:44,  1.25it/s]prompt_de a=1:  52%|█████▏    | 58/112 [01:24<00:38,  1.39it/s]prompt_de a=1:  53%|█████▎    | 59/112 [01:27<01:22,  1.56s/it]prompt_de a=1:  54%|█████▎    | 60/112 [01:31<01:51,  2.15s/it]prompt_de a=1:  54%|█████▍    | 61/112 [01:35<02:11,  2.57s/it]prompt_de a=1:  55%|█████▌    | 62/112 [01:35<01:34,  1.89s/it]prompt_de a=1:  56%|█████▋    | 63/112 [01:35<01:09,  1.42s/it]prompt_de a=1:  57%|█████▋    | 64/112 [01:36<00:56,  1.17s/it]prompt_de a=1:  58%|█████▊    | 65/112 [01:36<00:45,  1.04it/s]prompt_de a=1:  59%|█████▉    | 66/112 [01:37<00:35,  1.29it/s]prompt_de a=1:  60%|█████▉    | 67/112 [01:40<01:12,  1.61s/it]prompt_de a=1:  61%|██████    | 68/112 [01:44<01:36,  2.18s/it]prompt_de a=1:  62%|██████▏   | 69/112 [01:44<01:11,  1.66s/it]prompt_de a=1:  62%|██████▎   | 70/112 [01:44<00:53,  1.26s/it]prompt_de a=1:  63%|██████▎   | 71/112 [01:45<00:42,  1.03s/it]prompt_de a=1:  64%|██████▍   | 72/112 [01:45<00:34,  1.16it/s]prompt_de a=1:  65%|██████▌   | 73/112 [01:49<01:04,  1.67s/it]prompt_de a=1:  66%|██████▌   | 74/112 [01:53<01:24,  2.24s/it]prompt_de a=1:  67%|██████▋   | 75/112 [01:56<01:37,  2.64s/it]prompt_de a=1:  68%|██████▊   | 76/112 [01:57<01:11,  1.99s/it]prompt_de a=1:  69%|██████▉   | 77/112 [01:59<01:11,  2.05s/it]prompt_de a=1:  70%|██████▉   | 78/112 [02:00<00:57,  1.68s/it]prompt_de a=1:  71%|███████   | 79/112 [02:00<00:44,  1.34s/it]prompt_de a=1:  71%|███████▏  | 80/112 [02:01<00:33,  1.06s/it]prompt_de a=1:  72%|███████▏  | 81/112 [02:04<00:55,  1.78s/it]prompt_de a=1:  73%|███████▎  | 82/112 [02:06<00:56,  1.87s/it]prompt_de a=1:  74%|███████▍  | 83/112 [02:08<00:50,  1.75s/it]prompt_de a=1:  75%|███████▌  | 84/112 [02:08<00:37,  1.35s/it]prompt_de a=1:  76%|███████▌  | 85/112 [02:08<00:29,  1.09s/it]prompt_de a=1:  77%|███████▋  | 86/112 [02:09<00:24,  1.06it/s]prompt_de a=1:  78%|███████▊  | 87/112 [02:09<00:19,  1.27it/s]prompt_de a=1:  79%|███████▊  | 88/112 [02:13<00:38,  1.61s/it]prompt_de a=1:  79%|███████▉  | 89/112 [02:17<00:50,  2.18s/it]prompt_de a=1:  80%|████████  | 90/112 [02:17<00:36,  1.68s/it]prompt_de a=1:  81%|████████▏ | 91/112 [02:17<00:26,  1.28s/it]prompt_de a=1:  82%|████████▏ | 92/112 [02:18<00:21,  1.07s/it]prompt_de a=1:  83%|████████▎ | 93/112 [02:18<00:16,  1.18it/s]prompt_de a=1:  84%|████████▍ | 94/112 [02:19<00:13,  1.29it/s]prompt_de a=1:  85%|████████▍ | 95/112 [02:22<00:27,  1.60s/it]prompt_de a=1:  86%|████████▌ | 96/112 [02:26<00:34,  2.18s/it]prompt_de a=1:  87%|████████▋ | 97/112 [02:29<00:37,  2.53s/it]prompt_de a=1:  88%|████████▊ | 98/112 [02:30<00:28,  2.06s/it]prompt_de a=1:  88%|████████▊ | 99/112 [02:31<00:20,  1.58s/it]prompt_de a=1:  89%|████████▉ | 100/112 [02:33<00:20,  1.74s/it]prompt_de a=1:  90%|█████████ | 101/112 [02:33<00:14,  1.31s/it]prompt_de a=1:  91%|█████████ | 102/112 [02:37<00:19,  1.98s/it]prompt_de a=1:  92%|█████████▏| 103/112 [02:40<00:21,  2.44s/it]prompt_de a=1:  93%|█████████▎| 104/112 [02:43<00:19,  2.49s/it]prompt_de a=1:  94%|█████████▍| 105/112 [02:43<00:13,  1.91s/it]prompt_de a=1:  95%|█████████▍| 106/112 [02:44<00:08,  1.45s/it]prompt_de a=1:  96%|█████████▌| 107/112 [02:44<00:05,  1.15s/it]prompt_de a=1:  96%|█████████▋| 108/112 [02:48<00:07,  1.87s/it]prompt_de a=1:  97%|█████████▋| 109/112 [02:51<00:07,  2.37s/it]prompt_de a=1:  98%|█████████▊| 110/112 [02:55<00:05,  2.71s/it]prompt_de a=1:  99%|█████████▉| 111/112 [02:57<00:02,  2.46s/it]prompt_de a=1: 100%|██████████| 112/112 [02:58<00:00,  2.01s/it]prompt_de a=1: 100%|██████████| 112/112 [02:58<00:00,  1.59s/it]
prompt a=0:   0%|          | 0/112 [00:00<?, ?it/s]prompt a=0:   2%|▏         | 2/112 [00:00<00:06, 17.40it/s]prompt a=0:   4%|▎         | 4/112 [00:00<00:06, 15.71it/s]prompt a=0:   5%|▌         | 6/112 [00:00<00:07, 14.87it/s]prompt a=0:   7%|▋         | 8/112 [00:00<00:06, 15.27it/s]prompt a=0:   9%|▉         | 10/112 [00:00<00:06, 15.74it/s]prompt a=0:  11%|█         | 12/112 [00:00<00:06, 14.95it/s]prompt a=0:  12%|█▎        | 14/112 [00:00<00:06, 14.62it/s]prompt a=0:  14%|█▍        | 16/112 [00:01<00:06, 15.08it/s]prompt a=0:  16%|█▌        | 18/112 [00:01<00:06, 14.85it/s]prompt a=0:  18%|█▊        | 20/112 [00:01<00:06, 14.72it/s]prompt a=0:  20%|█▉        | 22/112 [00:01<00:05, 15.19it/s]prompt a=0:  21%|██▏       | 24/112 [00:01<00:05, 15.28it/s]prompt a=0:  23%|██▎       | 26/112 [00:01<00:05, 14.82it/s]prompt a=0:  25%|██▌       | 28/112 [00:01<00:05, 15.79it/s]prompt a=0:  27%|██▋       | 30/112 [00:01<00:05, 15.45it/s]prompt a=0:  29%|██▊       | 32/112 [00:02<00:05, 15.53it/s]prompt a=0:  30%|███       | 34/112 [00:02<00:05, 15.24it/s]prompt a=0:  32%|███▏      | 36/112 [00:02<00:05, 15.09it/s]prompt a=0:  34%|███▍      | 38/112 [00:02<00:04, 15.69it/s]prompt a=0:  36%|███▌      | 40/112 [00:02<00:04, 15.05it/s]prompt a=0:  38%|███▊      | 42/112 [00:02<00:04, 14.92it/s]prompt a=0:  39%|███▉      | 44/112 [00:02<00:04, 15.36it/s]prompt a=0:  41%|████      | 46/112 [00:03<00:04, 14.75it/s]prompt a=0:  43%|████▎     | 48/112 [00:03<00:04, 14.59it/s]prompt a=0:  45%|████▍     | 50/112 [00:03<00:04, 14.46it/s]prompt a=0:  46%|████▋     | 52/112 [00:03<00:03, 15.05it/s]prompt a=0:  48%|████▊     | 54/112 [00:03<00:03, 14.60it/s]prompt a=0:  50%|█████     | 56/112 [00:03<00:03, 15.55it/s]prompt a=0:  52%|█████▏    | 58/112 [00:03<00:03, 16.41it/s]prompt a=0:  54%|█████▎    | 60/112 [00:03<00:03, 15.89it/s]prompt a=0:  55%|█████▌    | 62/112 [00:04<00:03, 15.73it/s]prompt a=0:  57%|█████▋    | 64/112 [00:04<00:02, 16.26it/s]prompt a=0:  59%|█████▉    | 66/112 [00:04<00:02, 16.32it/s]prompt a=0:  61%|██████    | 68/112 [00:04<00:02, 15.62it/s]prompt a=0:  62%|██████▎   | 70/112 [00:04<00:02, 16.25it/s]prompt a=0:  64%|██████▍   | 72/112 [00:04<00:02, 16.55it/s]prompt a=0:  66%|██████▌   | 74/112 [00:04<00:02, 16.27it/s]prompt a=0:  68%|██████▊   | 76/112 [00:04<00:02, 16.30it/s]prompt a=0:  70%|██████▉   | 78/112 [00:05<00:02, 15.80it/s]prompt a=0:  71%|███████▏  | 80/112 [00:05<00:02, 15.84it/s]prompt a=0:  73%|███████▎  | 82/112 [00:05<00:01, 15.28it/s]prompt a=0:  75%|███████▌  | 84/112 [00:05<00:01, 15.80it/s]prompt a=0:  77%|███████▋  | 86/112 [00:05<00:01, 15.79it/s]prompt a=0:  79%|███████▊  | 88/112 [00:05<00:01, 15.75it/s]prompt a=0:  80%|████████  | 90/112 [00:05<00:01, 15.67it/s]prompt a=0:  82%|████████▏ | 92/112 [00:05<00:01, 16.47it/s]prompt a=0:  84%|████████▍ | 94/112 [00:06<00:01, 17.01it/s]prompt a=0:  86%|████████▌ | 96/112 [00:06<00:00, 16.17it/s]prompt a=0:  88%|████████▊ | 98/112 [00:06<00:00, 16.73it/s]prompt a=0:  89%|████████▉ | 100/112 [00:06<00:00, 16.41it/s]prompt a=0:  91%|█████████ | 102/112 [00:06<00:00, 16.34it/s]prompt a=0:  93%|█████████▎| 104/112 [00:06<00:00, 15.47it/s]prompt a=0:  95%|█████████▍| 106/112 [00:06<00:00, 16.00it/s]prompt a=0:  96%|█████████▋| 108/112 [00:06<00:00, 16.44it/s]prompt a=0:  98%|█████████▊| 110/112 [00:07<00:00, 15.63it/s]prompt a=0: 100%|██████████| 112/112 [00:07<00:00, 15.54it/s]prompt a=0: 100%|██████████| 112/112 [00:07<00:00, 15.59it/s]
prompt a=1:   0%|          | 0/112 [00:00<?, ?it/s]prompt a=1:   2%|▏         | 2/112 [00:00<00:06, 15.82it/s]prompt a=1:   4%|▎         | 4/112 [00:00<00:07, 15.31it/s]prompt a=1:   5%|▌         | 6/112 [00:00<00:07, 14.88it/s]prompt a=1:   7%|▋         | 8/112 [00:00<00:06, 15.32it/s]prompt a=1:   9%|▉         | 10/112 [00:00<00:06, 15.80it/s]prompt a=1:  11%|█         | 12/112 [00:00<00:06, 15.35it/s]prompt a=1:  12%|█▎        | 14/112 [00:00<00:06, 15.32it/s]prompt a=1:  14%|█▍        | 16/112 [00:01<00:06, 15.36it/s]prompt a=1:  16%|█▌        | 18/112 [00:01<00:06, 15.06it/s]prompt a=1:  18%|█▊        | 20/112 [00:01<00:06, 15.26it/s]prompt a=1:  20%|█▉        | 22/112 [00:01<00:05, 15.78it/s]prompt a=1:  21%|██▏       | 24/112 [00:01<00:05, 16.02it/s]prompt a=1:  23%|██▎       | 26/112 [00:01<00:05, 15.81it/s]prompt a=1:  25%|██▌       | 28/112 [00:01<00:05, 16.07it/s]prompt a=1:  27%|██▋       | 30/112 [00:01<00:05, 16.07it/s]prompt a=1:  29%|██▊       | 32/112 [00:02<00:04, 16.15it/s]prompt a=1:  30%|███       | 34/112 [00:02<00:04, 15.76it/s]prompt a=1:  32%|███▏      | 36/112 [00:02<00:04, 15.76it/s]prompt a=1:  34%|███▍      | 38/112 [00:02<00:04, 16.11it/s]prompt a=1:  36%|███▌      | 40/112 [00:02<00:04, 15.50it/s]prompt a=1:  38%|███▊      | 42/112 [00:02<00:04, 15.41it/s]prompt a=1:  39%|███▉      | 44/112 [00:02<00:04, 15.74it/s]prompt a=1:  41%|████      | 46/112 [00:02<00:04, 15.35it/s]prompt a=1:  43%|████▎     | 48/112 [00:03<00:04, 15.65it/s]prompt a=1:  45%|████▍     | 50/112 [00:03<00:03, 15.77it/s]prompt a=1:  46%|████▋     | 52/112 [00:03<00:03, 16.03it/s]prompt a=1:  48%|████▊     | 54/112 [00:03<00:03, 15.18it/s]prompt a=1:  50%|█████     | 56/112 [00:03<00:03, 15.92it/s]prompt a=1:  52%|█████▏    | 58/112 [00:03<00:03, 16.35it/s]prompt a=1:  54%|█████▎    | 60/112 [00:03<00:03, 15.87it/s]prompt a=1:  55%|█████▌    | 62/112 [00:03<00:03, 15.74it/s]prompt a=1:  57%|█████▋    | 64/112 [00:04<00:02, 16.21it/s]prompt a=1:  59%|█████▉    | 66/112 [00:04<00:02, 16.64it/s]prompt a=1:  61%|██████    | 68/112 [00:04<00:02, 15.88it/s]prompt a=1:  62%|██████▎   | 70/112 [00:04<00:02, 16.37it/s]prompt a=1:  64%|██████▍   | 72/112 [00:04<00:02, 16.83it/s]prompt a=1:  66%|██████▌   | 74/112 [00:04<00:02, 16.20it/s]prompt a=1:  68%|██████▊   | 76/112 [00:04<00:02, 15.91it/s]prompt a=1:  70%|██████▉   | 78/112 [00:04<00:02, 15.95it/s]prompt a=1:  71%|███████▏  | 80/112 [00:05<00:02, 15.99it/s]prompt a=1:  73%|███████▎  | 82/112 [00:05<00:01, 15.55it/s]prompt a=1:  75%|███████▌  | 84/112 [00:05<00:01, 15.57it/s]prompt a=1:  77%|███████▋  | 86/112 [00:05<00:01, 16.14it/s]prompt a=1:  79%|███████▊  | 88/112 [00:05<00:01, 16.17it/s]prompt a=1:  80%|████████  | 90/112 [00:05<00:01, 16.03it/s]prompt a=1:  82%|████████▏ | 92/112 [00:05<00:01, 16.42it/s]prompt a=1:  84%|████████▍ | 94/112 [00:05<00:01, 16.80it/s]prompt a=1:  86%|████████▌ | 96/112 [00:06<00:01, 15.92it/s]prompt a=1:  88%|████████▊ | 98/112 [00:06<00:00, 16.00it/s]prompt a=1:  89%|████████▉ | 100/112 [00:06<00:00, 16.57it/s]prompt a=1:  91%|█████████ | 102/112 [00:06<00:00, 16.25it/s]prompt a=1:  93%|█████████▎| 104/112 [00:06<00:00, 15.85it/s]prompt a=1:  95%|█████████▍| 106/112 [00:06<00:00, 16.45it/s]prompt a=1:  96%|█████████▋| 108/112 [00:06<00:00, 16.86it/s]prompt a=1:  98%|█████████▊| 110/112 [00:06<00:00, 16.01it/s]prompt a=1: 100%|██████████| 112/112 [00:07<00:00, 15.76it/s]prompt a=1: 100%|██████████| 112/112 [00:07<00:00, 15.89it/s]

============================================================================================================================================
condicion              n    fr    en    es    de    it    pt  unk  is_fr  st_fr   acc  cambio  largo  ce_fr_h  ce_en_h  leak
--------------------------------------------------------------------------------------------------------------------------------------------
prompt_es a=0        112  0.00  0.00  0.96  0.00  0.00  0.00 0.04   0.00   0.32  0.70     nan  277.3    5.294    3.718  0.00
prompt_es a=1        112  0.98  0.00  0.01  0.00  0.00  0.00 0.00   0.98   0.83  0.62    1.00  237.3    1.089    4.277  0.00
prompt_de a=0        112  0.00  0.01  0.00  0.95  0.00  0.00 0.04   0.00   0.00  0.72     nan  315.7    5.749    4.456  0.00
prompt_de a=1        112  0.97  0.00  0.00  0.03  0.00  0.00 0.00   0.97   0.81  0.62    1.00  231.2    1.111    4.425  0.00
prompt a=0           112  0.00  1.00  0.00  0.00  0.00  0.00 0.00   0.00   0.00  0.96     nan  423.9    5.594    0.191  0.00
prompt a=1           112  1.00  0.00  0.00  0.00  0.00  0.00 0.00   1.00   0.90  0.76    1.00  271.1    0.574    3.661  0.00
============================================================================================================================================

celda target: fr
condicion             celda_ok    tgt  mayus
prompt_es a=0             0.00   0.00   0.00
prompt_es a=1             0.98   0.98   0.00
prompt_de a=0             0.00   0.00   0.00
prompt_de a=1             0.97   0.97   0.00
prompt a=0                0.00   0.00   0.00
prompt a=1                1.00   1.00   0.00
ce_fr_h es la CE del head del target de ESTA celda (columna `output` del CSV), no de frances.
fr/en/es/de/it/pt/unk: fraccion de salidas por idioma (language_verdict). cambio: salida != a=0.
ce_*_h: CE del head del target frances / del baseline ingles bajo esa condicion.

Guardado: algebra/runs/v9/alg_fr/cross_lang_idioma.json
[gen_cache] /home/sagemaker-user/user-default-efs/papers/LLMAtaquesContinuos/experimentos/idiomas/algebra/runs/v9/gen_cache: reusadas 448, generadas 224
`torch_dtype` is deprecated! Use `dtype` instead!
Loading checkpoint shards:   0%|          | 0/2 [00:00<?, ?it/s]Loading checkpoint shards:  50%|█████     | 1/2 [00:01<00:01,  1.01s/it]Loading checkpoint shards: 100%|██████████| 2/2 [00:01<00:00,  1.68it/s]Loading checkpoint shards: 100%|██████████| 2/2 [00:01<00:00,  1.52it/s]
parche algebra/runs/v9/alg_fr/lang_patch_best_train.pt  norma 0.8437  |  tail held-out 112 (idx 588..699)
preset=romance  condiciones=['prompt_it a=0', 'prompt_it a=1', 'prompt_pt a=0', 'prompt_pt a=1']
prompt_it a=0:   0%|          | 0/112 [00:00<?, ?it/s][lang_id] GlotLID: /mnt/custom-file-systems/efs/fs-0ded2930a619aa967_fsap-0faa05c681ed1a8f3/papers/LLMAtaquesContinuos/modelos/glotlid/model.bin
prompt_it a=0:   1%|          | 1/112 [00:01<02:22,  1.28s/it]prompt_it a=0:   3%|▎         | 3/112 [00:01<00:40,  2.69it/s]prompt_it a=0:   4%|▍         | 5/112 [00:01<00:22,  4.68it/s]prompt_it a=0:   6%|▋         | 7/112 [00:01<00:15,  6.58it/s]prompt_it a=0:   8%|▊         | 9/112 [00:01<00:12,  8.58it/s]prompt_it a=0:  10%|▉         | 11/112 [00:01<00:09, 10.23it/s]prompt_it a=0:  12%|█▏        | 13/112 [00:02<00:08, 11.46it/s]prompt_it a=0:  13%|█▎        | 15/112 [00:02<00:07, 12.77it/s]prompt_it a=0:  15%|█▌        | 17/112 [00:02<00:06, 13.95it/s]prompt_it a=0:  17%|█▋        | 19/112 [00:02<00:06, 14.09it/s]prompt_it a=0:  19%|█▉        | 21/112 [00:02<00:06, 14.78it/s]prompt_it a=0:  21%|██        | 23/112 [00:02<00:05, 15.68it/s]prompt_it a=0:  22%|██▏       | 25/112 [00:02<00:05, 15.91it/s]prompt_it a=0:  24%|██▍       | 27/112 [00:02<00:05, 15.63it/s]prompt_it a=0:  26%|██▌       | 29/112 [00:03<00:05, 16.07it/s]prompt_it a=0:  28%|██▊       | 31/112 [00:03<00:04, 16.35it/s]prompt_it a=0:  29%|██▉       | 33/112 [00:03<00:04, 16.18it/s]prompt_it a=0:  31%|███▏      | 35/112 [00:03<00:04, 16.27it/s]prompt_it a=0:  33%|███▎      | 37/112 [00:03<00:04, 16.83it/s]prompt_it a=0:  35%|███▍      | 39/112 [00:03<00:04, 16.64it/s]prompt_it a=0:  37%|███▋      | 41/112 [00:03<00:04, 16.54it/s]prompt_it a=0:  38%|███▊      | 43/112 [00:03<00:04, 16.67it/s]prompt_it a=0:  40%|████      | 45/112 [00:03<00:03, 16.95it/s]prompt_it a=0:  42%|████▏     | 47/112 [00:04<00:04, 16.25it/s]prompt_it a=0:  44%|████▍     | 49/112 [00:04<00:03, 16.52it/s]prompt_it a=0:  46%|████▌     | 51/112 [00:04<00:03, 16.75it/s]prompt_it a=0:  47%|████▋     | 53/112 [00:04<00:03, 16.71it/s]prompt_it a=0:  49%|████▉     | 55/112 [00:04<00:03, 16.78it/s]prompt_it a=0:  51%|█████     | 57/112 [00:04<00:03, 17.16it/s]prompt_it a=0:  53%|█████▎    | 59/112 [00:04<00:03, 17.45it/s]prompt_it a=0:  54%|█████▍    | 61/112 [00:04<00:03, 16.65it/s]prompt_it a=0:  56%|█████▋    | 63/112 [00:05<00:02, 16.75it/s]prompt_it a=0:  58%|█████▊    | 65/112 [00:05<00:02, 17.06it/s]prompt_it a=0:  60%|█████▉    | 67/112 [00:05<00:02, 16.92it/s]prompt_it a=0:  62%|██████▏   | 69/112 [00:05<00:02, 16.76it/s]prompt_it a=0:  63%|██████▎   | 71/112 [00:05<00:02, 16.65it/s]prompt_it a=0:  65%|██████▌   | 73/112 [00:05<00:02, 17.07it/s]prompt_it a=0:  67%|██████▋   | 75/112 [00:05<00:02, 16.58it/s]prompt_it a=0:  69%|██████▉   | 77/112 [00:05<00:02, 16.97it/s]prompt_it a=0:  71%|███████   | 79/112 [00:05<00:01, 17.26it/s]prompt_it a=0:  72%|███████▏  | 81/112 [00:06<00:01, 16.89it/s]prompt_it a=0:  74%|███████▍  | 83/112 [00:06<00:01, 16.90it/s]prompt_it a=0:  76%|███████▌  | 85/112 [00:06<00:01, 17.22it/s]prompt_it a=0:  78%|███████▊  | 87/112 [00:06<00:01, 17.35it/s]prompt_it a=0:  79%|███████▉  | 89/112 [00:06<00:01, 16.63it/s]prompt_it a=0:  81%|████████▏ | 91/112 [00:06<00:01, 17.13it/s]prompt_it a=0:  83%|████████▎ | 93/112 [00:06<00:01, 17.43it/s]prompt_it a=0:  85%|████████▍ | 95/112 [00:06<00:00, 17.08it/s]prompt_it a=0:  87%|████████▋ | 97/112 [00:07<00:00, 16.88it/s]prompt_it a=0:  88%|████████▊ | 99/112 [00:07<00:00, 17.28it/s]prompt_it a=0:  90%|█████████ | 101/112 [00:07<00:00, 17.38it/s]prompt_it a=0:  92%|█████████▏| 103/112 [00:07<00:00, 16.52it/s]prompt_it a=0:  94%|█████████▍| 105/112 [00:07<00:00, 16.25it/s]prompt_it a=0:  96%|█████████▌| 107/112 [00:07<00:00, 16.73it/s]prompt_it a=0:  97%|█████████▋| 109/112 [00:07<00:00, 16.39it/s]prompt_it a=0:  99%|█████████▉| 111/112 [00:07<00:00, 15.78it/s]prompt_it a=0: 100%|██████████| 112/112 [00:07<00:00, 14.09it/s]
prompt_it a=1:   0%|          | 0/112 [00:00<?, ?it/s]prompt_it a=1:   1%|          | 1/112 [00:01<02:25,  1.31s/it]prompt_it a=1:   2%|▏         | 2/112 [00:01<01:38,  1.12it/s]prompt_it a=1:   3%|▎         | 3/112 [00:04<03:06,  1.71s/it]prompt_it a=1:   4%|▎         | 4/112 [00:06<02:57,  1.64s/it]prompt_it a=1:   4%|▍         | 5/112 [00:09<04:07,  2.32s/it]prompt_it a=1:   5%|▌         | 6/112 [00:13<04:47,  2.71s/it]prompt_it a=1:   6%|▋         | 7/112 [00:15<04:47,  2.73s/it]prompt_it a=1:   7%|▋         | 8/112 [00:16<03:29,  2.01s/it]prompt_it a=1:   8%|▊         | 9/112 [00:19<03:56,  2.30s/it]prompt_it a=1:   9%|▉         | 10/112 [00:19<02:55,  1.72s/it]prompt_it a=1:  10%|▉         | 11/112 [00:23<03:48,  2.27s/it]prompt_it a=1:  11%|█         | 12/112 [00:26<04:25,  2.66s/it]prompt_it a=1:  12%|█▏        | 13/112 [00:28<03:51,  2.34s/it]prompt_it a=1:  12%|█▎        | 14/112 [00:30<03:56,  2.41s/it]prompt_it a=1:  13%|█▎        | 15/112 [00:32<03:17,  2.03s/it]prompt_it a=1:  14%|█▍        | 16/112 [00:34<03:17,  2.06s/it]prompt_it a=1:  15%|█▌        | 17/112 [00:37<03:57,  2.50s/it]prompt_it a=1:  16%|█▌        | 18/112 [00:41<04:23,  2.80s/it]prompt_it a=1:  17%|█▋        | 19/112 [00:44<04:23,  2.83s/it]prompt_it a=1:  18%|█▊        | 20/112 [00:47<04:39,  3.03s/it]prompt_it a=1:  19%|█▉        | 21/112 [00:50<04:31,  2.98s/it]prompt_it a=1:  20%|█▉        | 22/112 [00:50<03:15,  2.18s/it]prompt_it a=1:  21%|██        | 23/112 [00:53<03:35,  2.42s/it]prompt_it a=1:  21%|██▏       | 24/112 [00:54<02:41,  1.84s/it]prompt_it a=1:  22%|██▏       | 25/112 [00:57<03:24,  2.35s/it]prompt_it a=1:  23%|██▎       | 26/112 [00:59<02:59,  2.08s/it]prompt_it a=1:  24%|██▍       | 27/112 [00:59<02:17,  1.62s/it]prompt_it a=1:  25%|██▌       | 28/112 [01:01<02:25,  1.74s/it]prompt_it a=1:  26%|██▌       | 29/112 [01:02<02:07,  1.53s/it]prompt_it a=1:  27%|██▋       | 30/112 [01:04<02:05,  1.53s/it]prompt_it a=1:  28%|██▊       | 31/112 [01:04<01:37,  1.21s/it]prompt_it a=1:  29%|██▊       | 32/112 [01:08<02:31,  1.89s/it]prompt_it a=1:  29%|██▉       | 33/112 [01:10<02:41,  2.04s/it]prompt_it a=1:  30%|███       | 34/112 [01:13<02:48,  2.16s/it]prompt_it a=1:  31%|███▏      | 35/112 [01:15<02:38,  2.06s/it]prompt_it a=1:  32%|███▏      | 36/112 [01:15<02:04,  1.64s/it]prompt_it a=1:  33%|███▎      | 37/112 [01:16<01:35,  1.27s/it]prompt_it a=1:  34%|███▍      | 38/112 [01:16<01:15,  1.02s/it]prompt_it a=1:  35%|███▍      | 39/112 [01:20<02:09,  1.77s/it]prompt_it a=1:  36%|███▌      | 40/112 [01:23<02:34,  2.14s/it]prompt_it a=1:  37%|███▋      | 41/112 [01:24<02:26,  2.06s/it]prompt_it a=1:  38%|███▊      | 42/112 [01:25<02:00,  1.72s/it]prompt_it a=1:  38%|███▊      | 43/112 [01:26<01:31,  1.32s/it]prompt_it a=1:  39%|███▉      | 44/112 [01:28<01:50,  1.62s/it]prompt_it a=1:  40%|████      | 45/112 [01:31<02:07,  1.90s/it]prompt_it a=1:  41%|████      | 46/112 [01:34<02:36,  2.38s/it]prompt_it a=1:  42%|████▏     | 47/112 [01:38<02:58,  2.74s/it]prompt_it a=1:  43%|████▎     | 48/112 [01:38<02:11,  2.06s/it]prompt_it a=1:  44%|████▍     | 49/112 [01:40<02:09,  2.06s/it]prompt_it a=1:  45%|████▍     | 50/112 [01:43<02:16,  2.20s/it]prompt_it a=1:  46%|████▌     | 51/112 [01:43<01:40,  1.65s/it]prompt_it a=1:  46%|████▋     | 52/112 [01:44<01:16,  1.28s/it]prompt_it a=1:  47%|████▋     | 53/112 [01:47<01:55,  1.96s/it]prompt_it a=1:  48%|████▊     | 54/112 [01:50<02:03,  2.14s/it]prompt_it a=1:  49%|████▉     | 55/112 [01:50<01:31,  1.61s/it]prompt_it a=1:  50%|█████     | 56/112 [01:50<01:11,  1.28s/it]prompt_it a=1:  51%|█████     | 57/112 [01:51<00:55,  1.01s/it]prompt_it a=1:  52%|█████▏    | 58/112 [01:52<00:48,  1.11it/s]prompt_it a=1:  53%|█████▎    | 59/112 [01:54<01:15,  1.43s/it]prompt_it a=1:  54%|█████▎    | 60/112 [01:55<01:02,  1.20s/it]prompt_it a=1:  54%|█████▍    | 61/112 [01:58<01:36,  1.90s/it]prompt_it a=1:  55%|█████▌    | 62/112 [01:59<01:12,  1.45s/it]prompt_it a=1:  56%|█████▋    | 63/112 [01:59<00:54,  1.11s/it]prompt_it a=1:  57%|█████▋    | 64/112 [02:00<00:46,  1.04it/s]prompt_it a=1:  58%|█████▊    | 65/112 [02:00<00:38,  1.22it/s]prompt_it a=1:  59%|█████▉    | 66/112 [02:01<00:31,  1.48it/s]prompt_it a=1:  60%|█████▉    | 67/112 [02:04<01:08,  1.52s/it]prompt_it a=1:  61%|██████    | 68/112 [02:07<01:31,  2.08s/it]prompt_it a=1:  62%|██████▏   | 69/112 [02:08<01:08,  1.60s/it]prompt_it a=1:  62%|██████▎   | 70/112 [02:11<01:24,  2.01s/it]prompt_it a=1:  63%|██████▎   | 71/112 [02:14<01:30,  2.21s/it]prompt_it a=1:  64%|██████▍   | 72/112 [02:14<01:07,  1.68s/it]prompt_it a=1:  65%|██████▌   | 73/112 [02:15<00:56,  1.44s/it]prompt_it a=1:  66%|██████▌   | 74/112 [02:18<01:17,  2.05s/it]prompt_it a=1:  67%|██████▋   | 75/112 [02:22<01:31,  2.48s/it]prompt_it a=1:  68%|██████▊   | 76/112 [02:22<01:09,  1.94s/it]prompt_it a=1:  69%|██████▉   | 77/112 [02:25<01:13,  2.09s/it]prompt_it a=1:  70%|██████▉   | 78/112 [02:27<01:13,  2.16s/it]prompt_it a=1:  71%|███████   | 79/112 [02:29<01:09,  2.10s/it]prompt_it a=1:  71%|███████▏  | 80/112 [02:30<00:50,  1.59s/it]prompt_it a=1:  72%|███████▏  | 81/112 [02:33<01:07,  2.16s/it]prompt_it a=1:  73%|███████▎  | 82/112 [02:34<00:48,  1.63s/it]prompt_it a=1:  74%|███████▍  | 83/112 [02:37<01:03,  2.19s/it]prompt_it a=1:  75%|███████▌  | 84/112 [02:38<00:48,  1.73s/it]prompt_it a=1:  76%|███████▌  | 85/112 [02:40<00:50,  1.87s/it]prompt_it a=1:  77%|███████▋  | 86/112 [02:41<00:39,  1.51s/it]prompt_it a=1:  78%|███████▊  | 87/112 [02:41<00:29,  1.18s/it]prompt_it a=1:  79%|███████▊  | 88/112 [02:44<00:45,  1.88s/it]prompt_it a=1:  79%|███████▉  | 89/112 [02:47<00:46,  2.04s/it]prompt_it a=1:  80%|████████  | 90/112 [02:47<00:35,  1.60s/it]prompt_it a=1:  81%|████████▏ | 91/112 [02:48<00:25,  1.21s/it]prompt_it a=1:  82%|████████▏ | 92/112 [02:48<00:20,  1.02s/it]prompt_it a=1:  83%|████████▎ | 93/112 [02:49<00:15,  1.23it/s]prompt_it a=1:  84%|████████▍ | 94/112 [02:49<00:12,  1.47it/s]prompt_it a=1:  85%|████████▍ | 95/112 [02:53<00:26,  1.53s/it]prompt_it a=1:  86%|████████▌ | 96/112 [02:56<00:31,  1.99s/it]prompt_it a=1:  87%|████████▋ | 97/112 [02:59<00:36,  2.44s/it]prompt_it a=1:  88%|████████▊ | 98/112 [02:59<00:25,  1.82s/it]prompt_it a=1:  88%|████████▊ | 99/112 [03:00<00:18,  1.42s/it]prompt_it a=1:  89%|████████▉ | 100/112 [03:02<00:20,  1.69s/it]prompt_it a=1:  90%|█████████ | 101/112 [03:02<00:13,  1.26s/it]prompt_it a=1:  91%|█████████ | 102/112 [03:06<00:19,  1.93s/it]prompt_it a=1:  92%|█████████▏| 103/112 [03:09<00:21,  2.39s/it]prompt_it a=1:  93%|█████████▎| 104/112 [03:12<00:19,  2.47s/it]prompt_it a=1:  94%|█████████▍| 105/112 [03:12<00:12,  1.84s/it]prompt_it a=1:  95%|█████████▍| 106/112 [03:13<00:08,  1.40s/it]prompt_it a=1:  96%|█████████▌| 107/112 [03:15<00:07,  1.48s/it]prompt_it a=1:  96%|█████████▋| 108/112 [03:17<00:07,  1.82s/it]prompt_it a=1:  97%|█████████▋| 109/112 [03:21<00:06,  2.32s/it]prompt_it a=1:  98%|█████████▊| 110/112 [03:24<00:05,  2.67s/it]prompt_it a=1:  99%|█████████▉| 111/112 [03:27<00:02,  2.75s/it]prompt_it a=1: 100%|██████████| 112/112 [03:28<00:00,  2.20s/it]prompt_it a=1: 100%|██████████| 112/112 [03:28<00:00,  1.86s/it]
prompt_pt a=0:   0%|          | 0/112 [00:00<?, ?it/s]prompt_pt a=0:   2%|▏         | 2/112 [00:00<00:06, 17.41it/s]prompt_pt a=0:   4%|▎         | 4/112 [00:00<00:06, 16.60it/s]prompt_pt a=0:   5%|▌         | 6/112 [00:00<00:06, 15.95it/s]prompt_pt a=0:   7%|▋         | 8/112 [00:00<00:06, 16.91it/s]prompt_pt a=0:   9%|▉         | 10/112 [00:00<00:05, 17.03it/s]prompt_pt a=0:  11%|█         | 12/112 [00:00<00:06, 16.27it/s]prompt_pt a=0:  12%|█▎        | 14/112 [00:00<00:05, 16.65it/s]prompt_pt a=0:  14%|█▍        | 16/112 [00:00<00:05, 17.06it/s]prompt_pt a=0:  16%|█▌        | 18/112 [00:01<00:05, 16.32it/s]prompt_pt a=0:  18%|█▊        | 20/112 [00:01<00:05, 15.95it/s]prompt_pt a=0:  20%|█▉        | 22/112 [00:01<00:05, 16.73it/s]prompt_pt a=0:  21%|██▏       | 24/112 [00:01<00:05, 17.09it/s]prompt_pt a=0:  23%|██▎       | 26/112 [00:01<00:05, 16.63it/s]prompt_pt a=0:  25%|██▌       | 28/112 [00:01<00:05, 16.67it/s]prompt_pt a=0:  27%|██▋       | 30/112 [00:01<00:04, 16.81it/s]prompt_pt a=0:  29%|██▊       | 32/112 [00:01<00:04, 16.49it/s]prompt_pt a=0:  30%|███       | 34/112 [00:02<00:04, 16.00it/s]prompt_pt a=0:  32%|███▏      | 36/112 [00:02<00:04, 16.46it/s]prompt_pt a=0:  34%|███▍      | 38/112 [00:02<00:04, 16.65it/s]prompt_pt a=0:  36%|███▌      | 40/112 [00:02<00:04, 16.13it/s]prompt_pt a=0:  38%|███▊      | 42/112 [00:02<00:04, 16.46it/s]prompt_pt a=0:  39%|███▉      | 44/112 [00:02<00:04, 16.70it/s]prompt_pt a=0:  41%|████      | 46/112 [00:02<00:04, 16.39it/s]prompt_pt a=0:  43%|████▎     | 48/112 [00:02<00:04, 15.94it/s]prompt_pt a=0:  45%|████▍     | 50/112 [00:03<00:03, 16.38it/s]prompt_pt a=0:  46%|████▋     | 52/112 [00:03<00:03, 16.80it/s]prompt_pt a=0:  48%|████▊     | 54/112 [00:03<00:03, 16.12it/s]prompt_pt a=0:  50%|█████     | 56/112 [00:03<00:03, 16.72it/s]prompt_pt a=0:  52%|█████▏    | 58/112 [00:03<00:03, 17.12it/s]prompt_pt a=0:  54%|█████▎    | 60/112 [00:03<00:03, 16.66it/s]prompt_pt a=0:  55%|█████▌    | 62/112 [00:03<00:03, 16.61it/s]prompt_pt a=0:  57%|█████▋    | 64/112 [00:03<00:02, 17.22it/s]prompt_pt a=0:  59%|█████▉    | 66/112 [00:03<00:02, 17.41it/s]prompt_pt a=0:  61%|██████    | 68/112 [00:04<00:02, 16.23it/s]prompt_pt a=0:  62%|██████▎   | 70/112 [00:04<00:02, 16.58it/s]prompt_pt a=0:  64%|██████▍   | 72/112 [00:04<00:02, 17.15it/s]prompt_pt a=0:  66%|██████▌   | 74/112 [00:04<00:02, 16.90it/s]prompt_pt a=0:  68%|██████▊   | 76/112 [00:04<00:02, 16.73it/s]prompt_pt a=0:  70%|██████▉   | 78/112 [00:04<00:02, 16.50it/s]prompt_pt a=0:  71%|███████▏  | 80/112 [00:04<00:01, 16.89it/s]prompt_pt a=0:  73%|███████▎  | 82/112 [00:04<00:01, 16.65it/s]prompt_pt a=0:  75%|███████▌  | 84/112 [00:05<00:01, 17.27it/s]prompt_pt a=0:  77%|███████▋  | 86/112 [00:05<00:01, 17.55it/s]prompt_pt a=0:  79%|███████▊  | 88/112 [00:05<00:01, 17.18it/s]prompt_pt a=0:  80%|████████  | 90/112 [00:05<00:01, 16.84it/s]prompt_pt a=0:  82%|████████▏ | 92/112 [00:05<00:01, 17.34it/s]prompt_pt a=0:  84%|████████▍ | 94/112 [00:05<00:01, 17.27it/s]prompt_pt a=0:  86%|████████▌ | 96/112 [00:05<00:00, 16.30it/s]prompt_pt a=0:  88%|████████▊ | 98/112 [00:05<00:00, 16.70it/s]prompt_pt a=0:  89%|████████▉ | 100/112 [00:05<00:00, 17.25it/s]prompt_pt a=0:  91%|█████████ | 102/112 [00:06<00:00, 16.56it/s]prompt_pt a=0:  93%|█████████▎| 104/112 [00:06<00:00, 16.25it/s]prompt_pt a=0:  95%|█████████▍| 106/112 [00:06<00:00, 16.90it/s]prompt_pt a=0:  96%|█████████▋| 108/112 [00:06<00:00, 17.14it/s]prompt_pt a=0:  98%|█████████▊| 110/112 [00:06<00:00, 16.31it/s]prompt_pt a=0: 100%|██████████| 112/112 [00:06<00:00, 16.39it/s]prompt_pt a=0: 100%|██████████| 112/112 [00:06<00:00, 16.67it/s]
prompt_pt a=1:   0%|          | 0/112 [00:00<?, ?it/s]prompt_pt a=1:   1%|          | 1/112 [00:02<04:27,  2.41s/it]prompt_pt a=1:   2%|▏         | 2/112 [00:02<02:14,  1.23s/it]prompt_pt a=1:   3%|▎         | 3/112 [00:05<03:48,  2.09s/it]prompt_pt a=1:   4%|▎         | 4/112 [00:09<04:47,  2.66s/it]prompt_pt a=1:   4%|▍         | 5/112 [00:12<05:16,  2.96s/it]prompt_pt a=1:   5%|▌         | 6/112 [00:13<03:48,  2.15s/it]prompt_pt a=1:   6%|▋         | 7/112 [00:14<02:55,  1.67s/it]prompt_pt a=1:   7%|▋         | 8/112 [00:14<02:13,  1.29s/it]prompt_pt a=1:   8%|▊         | 9/112 [00:16<02:35,  1.51s/it]prompt_pt a=1:   9%|▉         | 10/112 [00:17<01:58,  1.16s/it]prompt_pt a=1:  10%|▉         | 11/112 [00:20<03:10,  1.89s/it]prompt_pt a=1:  11%|█         | 12/112 [00:24<03:58,  2.38s/it]prompt_pt a=1:  12%|█▏        | 13/112 [00:25<03:18,  2.01s/it]prompt_pt a=1:  12%|█▎        | 14/112 [00:28<03:39,  2.24s/it]prompt_pt a=1:  13%|█▎        | 15/112 [00:28<02:42,  1.68s/it]prompt_pt a=1:  14%|█▍        | 16/112 [00:30<02:42,  1.69s/it]prompt_pt a=1:  15%|█▌        | 17/112 [00:33<03:32,  2.23s/it]prompt_pt a=1:  16%|█▌        | 18/112 [00:37<04:06,  2.62s/it]prompt_pt a=1:  17%|█▋        | 19/112 [00:40<04:27,  2.87s/it]prompt_pt a=1:  18%|█▊        | 20/112 [00:41<03:22,  2.21s/it]prompt_pt a=1:  19%|█▉        | 21/112 [00:41<02:37,  1.73s/it]prompt_pt a=1:  20%|█▉        | 22/112 [00:42<01:56,  1.30s/it]prompt_pt a=1:  21%|██        | 23/112 [00:45<02:38,  1.78s/it]prompt_pt a=1:  21%|██▏       | 24/112 [00:45<02:00,  1.37s/it]prompt_pt a=1:  22%|██▏       | 25/112 [00:49<02:55,  2.02s/it]prompt_pt a=1:  23%|██▎       | 26/112 [00:49<02:09,  1.50s/it]prompt_pt a=1:  24%|██▍       | 27/112 [00:52<02:40,  1.89s/it]prompt_pt a=1:  25%|██▌       | 28/112 [00:53<02:19,  1.66s/it]prompt_pt a=1:  26%|██▌       | 29/112 [00:54<02:03,  1.49s/it]prompt_pt a=1:  27%|██▋       | 30/112 [00:56<02:16,  1.66s/it]prompt_pt a=1:  28%|██▊       | 31/112 [00:56<01:45,  1.30s/it]prompt_pt a=1:  29%|██▊       | 32/112 [01:00<02:37,  1.97s/it]prompt_pt a=1:  29%|██▉       | 33/112 [01:03<03:12,  2.43s/it]prompt_pt a=1:  30%|███       | 34/112 [01:06<03:05,  2.38s/it]prompt_pt a=1:  31%|███▏      | 35/112 [01:07<02:32,  1.98s/it]prompt_pt a=1:  32%|███▏      | 36/112 [01:07<01:55,  1.52s/it]prompt_pt a=1:  33%|███▎      | 37/112 [01:08<01:31,  1.22s/it]prompt_pt a=1:  34%|███▍      | 38/112 [01:08<01:12,  1.03it/s]prompt_pt a=1:  35%|███▍      | 39/112 [01:12<02:07,  1.75s/it]prompt_pt a=1:  36%|███▌      | 40/112 [01:13<02:06,  1.76s/it]prompt_pt a=1:  37%|███▋      | 41/112 [01:17<02:40,  2.26s/it]prompt_pt a=1:  38%|███▊      | 42/112 [01:17<01:55,  1.65s/it]prompt_pt a=1:  38%|███▊      | 43/112 [01:17<01:27,  1.27s/it]prompt_pt a=1:  39%|███▉      | 44/112 [01:20<01:47,  1.58s/it]prompt_pt a=1:  40%|████      | 45/112 [01:21<01:38,  1.46s/it]prompt_pt a=1:  41%|████      | 46/112 [01:24<02:17,  2.09s/it]prompt_pt a=1:  42%|████▏     | 47/112 [01:28<02:43,  2.52s/it]prompt_pt a=1:  43%|████▎     | 48/112 [01:28<01:59,  1.87s/it]prompt_pt a=1:  44%|████▍     | 49/112 [01:30<02:00,  1.92s/it]prompt_pt a=1:  45%|████▍     | 50/112 [01:33<02:11,  2.12s/it]prompt_pt a=1:  46%|████▌     | 51/112 [01:33<01:39,  1.64s/it]prompt_pt a=1:  46%|████▋     | 52/112 [01:36<01:46,  1.77s/it]prompt_pt a=1:  47%|████▋     | 53/112 [01:37<01:36,  1.63s/it]prompt_pt a=1:  48%|████▊     | 54/112 [01:40<02:07,  2.20s/it]prompt_pt a=1:  49%|████▉     | 55/112 [01:41<01:34,  1.65s/it]prompt_pt a=1:  50%|█████     | 56/112 [01:41<01:13,  1.31s/it]prompt_pt a=1:  51%|█████     | 57/112 [01:42<00:56,  1.03s/it]prompt_pt a=1:  52%|█████▏    | 58/112 [01:42<00:47,  1.13it/s]prompt_pt a=1:  53%|█████▎    | 59/112 [01:46<01:29,  1.68s/it]prompt_pt a=1:  54%|█████▎    | 60/112 [01:49<01:56,  2.24s/it]prompt_pt a=1:  54%|█████▍    | 61/112 [01:53<02:13,  2.63s/it]prompt_pt a=1:  55%|█████▌    | 62/112 [01:54<01:51,  2.22s/it]prompt_pt a=1:  56%|█████▋    | 63/112 [01:55<01:22,  1.68s/it]prompt_pt a=1:  57%|█████▋    | 64/112 [01:55<01:05,  1.37s/it]prompt_pt a=1:  58%|█████▊    | 65/112 [01:56<01:01,  1.31s/it]prompt_pt a=1:  59%|█████▉    | 66/112 [01:57<00:47,  1.02s/it]prompt_pt a=1:  60%|█████▉    | 67/112 [02:00<01:19,  1.77s/it]prompt_pt a=1:  61%|██████    | 68/112 [02:04<01:40,  2.29s/it]prompt_pt a=1:  62%|██████▏   | 69/112 [02:04<01:13,  1.71s/it]prompt_pt a=1:  62%|██████▎   | 70/112 [02:06<01:14,  1.78s/it]prompt_pt a=1:  63%|██████▎   | 71/112 [02:06<00:54,  1.34s/it]prompt_pt a=1:  64%|██████▍   | 72/112 [02:07<00:42,  1.06s/it]prompt_pt a=1:  65%|██████▌   | 73/112 [02:07<00:35,  1.11it/s]prompt_pt a=1:  66%|██████▌   | 74/112 [02:11<01:03,  1.68s/it]prompt_pt a=1:  67%|██████▋   | 75/112 [02:14<01:22,  2.22s/it]prompt_pt a=1:  68%|██████▊   | 76/112 [02:16<01:10,  1.97s/it]prompt_pt a=1:  69%|██████▉   | 77/112 [02:18<01:09,  1.98s/it]prompt_pt a=1:  70%|██████▉   | 78/112 [02:19<01:00,  1.78s/it]prompt_pt a=1:  71%|███████   | 79/112 [02:21<01:00,  1.82s/it]prompt_pt a=1:  71%|███████▏  | 80/112 [02:21<00:44,  1.39s/it]prompt_pt a=1:  72%|███████▏  | 81/112 [02:25<01:03,  2.04s/it]prompt_pt a=1:  73%|███████▎  | 82/112 [02:28<01:08,  2.27s/it]prompt_pt a=1:  74%|███████▍  | 83/112 [02:28<00:51,  1.77s/it]prompt_pt a=1:  75%|███████▌  | 84/112 [02:29<00:37,  1.35s/it]prompt_pt a=1:  76%|███████▌  | 85/112 [02:32<00:49,  1.84s/it]prompt_pt a=1:  77%|███████▋  | 86/112 [02:32<00:37,  1.43s/it]prompt_pt a=1:  78%|███████▊  | 87/112 [02:32<00:27,  1.12s/it]prompt_pt a=1:  79%|███████▊  | 88/112 [02:36<00:44,  1.84s/it]prompt_pt a=1:  79%|███████▉  | 89/112 [02:39<00:53,  2.35s/it]prompt_pt a=1:  80%|████████  | 90/112 [02:43<00:59,  2.70s/it]prompt_pt a=1:  81%|████████▏ | 91/112 [02:43<00:41,  1.96s/it]prompt_pt a=1:  82%|████████▏ | 92/112 [02:44<00:31,  1.59s/it]prompt_pt a=1:  83%|████████▎ | 93/112 [02:44<00:23,  1.21s/it]prompt_pt a=1:  84%|████████▍ | 94/112 [02:45<00:18,  1.00s/it]prompt_pt a=1:  85%|████████▍ | 95/112 [02:48<00:29,  1.75s/it]prompt_pt a=1:  86%|████████▌ | 96/112 [02:52<00:36,  2.27s/it]prompt_pt a=1:  87%|████████▋ | 97/112 [02:55<00:39,  2.64s/it]prompt_pt a=1:  88%|████████▊ | 98/112 [02:58<00:37,  2.70s/it]prompt_pt a=1:  88%|████████▊ | 99/112 [03:01<00:34,  2.62s/it]prompt_pt a=1:  89%|████████▉ | 100/112 [03:03<00:30,  2.54s/it]prompt_pt a=1:  90%|█████████ | 101/112 [03:03<00:20,  1.87s/it]prompt_pt a=1:  91%|█████████ | 102/112 [03:07<00:23,  2.36s/it]prompt_pt a=1:  92%|█████████▏| 103/112 [03:10<00:24,  2.71s/it]prompt_pt a=1:  93%|█████████▎| 104/112 [03:12<00:19,  2.41s/it]prompt_pt a=1:  94%|█████████▍| 105/112 [03:15<00:17,  2.46s/it]prompt_pt a=1:  95%|█████████▍| 106/112 [03:15<00:11,  1.84s/it]prompt_pt a=1:  96%|█████████▌| 107/112 [03:16<00:07,  1.57s/it]prompt_pt a=1:  96%|█████████▋| 108/112 [03:17<00:06,  1.51s/it]prompt_pt a=1:  97%|█████████▋| 109/112 [03:21<00:06,  2.11s/it]prompt_pt a=1:  98%|█████████▊| 110/112 [03:24<00:05,  2.54s/it]prompt_pt a=1:  99%|█████████▉| 111/112 [03:28<00:02,  2.83s/it]prompt_pt a=1: 100%|██████████| 112/112 [03:29<00:00,  2.39s/it]prompt_pt a=1: 100%|██████████| 112/112 [03:29<00:00,  1.87s/it]

============================================================================================================================================
condicion              n    fr    en    es    de    it    pt  unk  is_fr  st_fr   acc  cambio  largo  ce_fr_h  ce_en_h  leak
--------------------------------------------------------------------------------------------------------------------------------------------
prompt_it a=0        112  0.00  0.00  0.00  0.00  0.97  0.00 0.03   0.00   0.72  0.68     nan  235.6    4.598    3.951  0.00
prompt_it a=1        112  0.98  0.00  0.00  0.00  0.02  0.00 0.00   0.98   0.94  0.62    1.00  272.2    1.277    4.902  0.00
prompt_pt a=0        112  0.00  0.01  0.02  0.00  0.01  0.81 0.15   0.00   0.00  0.70     nan  217.0    5.018    3.763  0.00
prompt_pt a=1        112  1.00  0.00  0.00  0.00  0.00  0.00 0.00   1.00   0.91  0.67    1.00  276.2    1.270    4.550  0.00
============================================================================================================================================

celda target: fr
condicion             celda_ok    tgt  mayus
prompt_it a=0             0.00   0.00   0.00
prompt_it a=1             0.98   0.98   0.00
prompt_pt a=0             0.00   0.00   0.00
prompt_pt a=1             1.00   1.00   0.00
ce_fr_h es la CE del head del target de ESTA celda (columna `output` del CSV), no de frances.
fr/en/es/de/it/pt/unk: fraccion de salidas por idioma (language_verdict). cambio: salida != a=0.
ce_*_h: CE del head del target frances / del baseline ingles bajo esa condicion.
Lectura: it/pt no estuvieron en el entrenamiento. Si fr sube con a=1 desde las dos, la
transferencia es a idiomas no vistos; comparar con es/de del preset idioma (mismo parche).

Guardado: algebra/runs/v9/alg_fr/cross_lang_romance.json
[gen_cache] /home/sagemaker-user/user-default-efs/papers/LLMAtaquesContinuos/experimentos/idiomas/algebra/runs/v9/gen_cache: reusadas 224, generadas 224

################ A es
`torch_dtype` is deprecated! Use `dtype` instead!
Loading checkpoint shards:   0%|          | 0/2 [00:00<?, ?it/s]Loading checkpoint shards:  50%|█████     | 1/2 [00:01<00:01,  1.01s/it]Loading checkpoint shards: 100%|██████████| 2/2 [00:01<00:00,  1.67it/s]Loading checkpoint shards: 100%|██████████| 2/2 [00:01<00:00,  1.52it/s]
Held-out: 112  |  parche: algebra/runs/v9/alg_es/lang_patch_best_train.pt  |  escala: 1.0
======================================================================
eval:   0%|          | 0/112 [00:00<?, ?it/s][lang_id] GlotLID: /mnt/custom-file-systems/efs/fs-0ded2930a619aa967_fsap-0faa05c681ed1a8f3/papers/LLMAtaquesContinuos/modelos/glotlid/model.bin
eval:   1%|          | 1/112 [00:01<03:35,  1.94s/it]eval:   2%|▏         | 2/112 [00:02<02:02,  1.12s/it]eval:   3%|▎         | 3/112 [00:04<02:37,  1.45s/it]eval:   4%|▎         | 4/112 [00:07<04:08,  2.30s/it]eval:   4%|▍         | 5/112 [00:11<04:55,  2.76s/it]eval:   5%|▌         | 6/112 [00:12<03:50,  2.18s/it]eval:   6%|▋         | 7/112 [00:13<02:52,  1.64s/it]eval:   7%|▋         | 8/112 [00:13<02:13,  1.28s/it]eval:   8%|▊         | 9/112 [00:16<02:48,  1.64s/it]eval:   9%|▉         | 10/112 [00:17<02:34,  1.52s/it]eval:  10%|▉         | 11/112 [00:20<03:36,  2.15s/it]eval:  11%|█         | 12/112 [00:24<04:18,  2.58s/it]eval:  12%|█▏        | 13/112 [00:25<03:38,  2.21s/it]eval:  12%|█▎        | 14/112 [00:29<04:17,  2.62s/it]eval:  13%|█▎        | 15/112 [00:29<03:06,  1.92s/it]eval:  14%|█▍        | 16/112 [00:31<02:59,  1.87s/it]eval:  15%|█▌        | 17/112 [00:32<02:46,  1.75s/it]eval:  16%|█▌        | 18/112 [00:36<03:36,  2.30s/it]eval:  17%|█▋        | 19/112 [00:40<04:10,  2.70s/it]eval:  18%|█▊        | 20/112 [00:41<03:39,  2.38s/it]eval:  19%|█▉        | 21/112 [00:42<02:40,  1.76s/it]eval:  20%|█▉        | 22/112 [00:42<01:58,  1.32s/it]eval:  21%|██        | 23/112 [00:43<01:41,  1.14s/it]eval:  21%|██▏       | 24/112 [00:43<01:21,  1.07it/s]eval:  22%|██▏       | 25/112 [00:47<02:30,  1.72s/it]eval:  23%|██▎       | 26/112 [00:50<03:16,  2.28s/it]eval:  24%|██▍       | 27/112 [00:51<02:33,  1.80s/it]eval:  25%|██▌       | 28/112 [00:51<01:59,  1.43s/it]eval:  26%|██▌       | 29/112 [00:53<02:02,  1.48s/it]eval:  27%|██▋       | 30/112 [00:54<01:53,  1.39s/it]eval:  28%|██▊       | 31/112 [00:55<01:29,  1.10s/it]eval:  29%|██▊       | 32/112 [00:58<02:27,  1.84s/it]eval:  29%|██▉       | 33/112 [01:02<03:06,  2.36s/it]eval:  30%|███       | 34/112 [01:02<02:18,  1.77s/it]eval:  31%|███▏      | 35/112 [01:04<02:29,  1.94s/it]eval:  32%|███▏      | 36/112 [01:06<02:26,  1.92s/it]eval:  33%|███▎      | 37/112 [01:07<01:53,  1.51s/it]eval:  34%|███▍      | 38/112 [01:07<01:25,  1.16s/it]eval:  35%|███▍      | 39/112 [01:11<02:17,  1.89s/it]eval:  36%|███▌      | 40/112 [01:12<02:01,  1.69s/it]eval:  37%|███▋      | 41/112 [01:13<01:34,  1.33s/it]eval:  38%|███▊      | 42/112 [01:16<02:12,  1.89s/it]eval:  38%|███▊      | 43/112 [01:16<01:39,  1.44s/it]eval:  39%|███▉      | 44/112 [01:17<01:17,  1.14s/it]eval:  40%|████      | 45/112 [01:20<02:05,  1.88s/it]eval:  41%|████      | 46/112 [01:24<02:36,  2.38s/it]eval:  42%|████▏     | 47/112 [01:27<02:56,  2.71s/it]eval:  43%|████▎     | 48/112 [01:28<02:16,  2.14s/it]eval:  44%|████▍     | 49/112 [01:29<01:47,  1.71s/it]eval:  45%|████▍     | 50/112 [01:31<02:05,  2.02s/it]eval:  46%|████▌     | 51/112 [01:32<01:36,  1.58s/it]eval:  46%|████▋     | 52/112 [01:32<01:13,  1.23s/it]eval:  47%|████▋     | 53/112 [01:33<00:57,  1.03it/s]eval:  48%|████▊     | 54/112 [01:36<01:40,  1.74s/it]eval:  49%|████▉     | 55/112 [01:37<01:16,  1.33s/it]eval:  50%|█████     | 56/112 [01:37<01:00,  1.09s/it]eval:  51%|█████     | 57/112 [01:38<00:49,  1.12it/s]eval:  52%|█████▏    | 58/112 [01:38<00:42,  1.27it/s]eval:  53%|█████▎    | 59/112 [01:40<01:03,  1.19s/it]eval:  54%|█████▎    | 60/112 [01:44<01:38,  1.89s/it]eval:  54%|█████▍    | 61/112 [01:47<02:01,  2.38s/it]eval:  55%|█████▌    | 62/112 [01:48<01:28,  1.77s/it]eval:  56%|█████▋    | 63/112 [01:48<01:05,  1.33s/it]eval:  57%|█████▋    | 64/112 [01:48<00:51,  1.07s/it]eval:  58%|█████▊    | 65/112 [01:49<00:41,  1.12it/s]eval:  59%|█████▉    | 66/112 [01:49<00:33,  1.39it/s]eval:  60%|█████▉    | 67/112 [01:53<01:10,  1.56s/it]eval:  61%|██████    | 68/112 [01:56<01:34,  2.15s/it]eval:  62%|██████▏   | 69/112 [01:57<01:08,  1.60s/it]eval:  62%|██████▎   | 70/112 [01:57<00:51,  1.22s/it]eval:  63%|██████▎   | 71/112 [01:57<00:41,  1.01s/it]eval:  64%|██████▍   | 72/112 [01:58<00:34,  1.18it/s]eval:  65%|██████▌   | 73/112 [01:58<00:29,  1.34it/s]eval:  66%|██████▌   | 74/112 [02:02<01:00,  1.60s/it]eval:  67%|██████▋   | 75/112 [02:06<01:21,  2.20s/it]eval:  68%|██████▊   | 76/112 [02:06<01:00,  1.68s/it]eval:  69%|██████▉   | 77/112 [02:08<01:01,  1.76s/it]eval:  70%|██████▉   | 78/112 [02:09<00:53,  1.57s/it]eval:  71%|███████   | 79/112 [02:10<00:44,  1.34s/it]eval:  71%|███████▏  | 80/112 [02:10<00:32,  1.03s/it]eval:  72%|███████▏  | 81/112 [02:14<00:55,  1.79s/it]eval:  73%|███████▎  | 82/112 [02:16<01:00,  2.03s/it]eval:  74%|███████▍  | 83/112 [02:17<00:45,  1.57s/it]eval:  75%|███████▌  | 84/112 [02:18<00:39,  1.41s/it]eval:  76%|███████▌  | 85/112 [02:20<00:38,  1.44s/it]eval:  77%|███████▋  | 86/112 [02:20<00:29,  1.13s/it]eval:  78%|███████▊  | 87/112 [02:20<00:22,  1.09it/s]eval:  79%|███████▊  | 88/112 [02:24<00:41,  1.72s/it]eval:  79%|███████▉  | 89/112 [02:28<00:52,  2.29s/it]eval:  80%|████████  | 90/112 [02:28<00:38,  1.75s/it]eval:  81%|████████▏ | 91/112 [02:28<00:28,  1.35s/it]eval:  82%|████████▏ | 92/112 [02:29<00:23,  1.20s/it]eval:  83%|████████▎ | 93/112 [02:30<00:17,  1.06it/s]eval:  84%|████████▍ | 94/112 [02:30<00:13,  1.31it/s]eval:  85%|████████▍ | 95/112 [02:34<00:27,  1.59s/it]eval:  86%|████████▌ | 96/112 [02:37<00:34,  2.18s/it]eval:  87%|████████▋ | 97/112 [02:38<00:24,  1.66s/it]eval:  88%|████████▊ | 98/112 [02:38<00:18,  1.33s/it]eval:  88%|████████▊ | 99/112 [02:39<00:13,  1.08s/it]eval:  89%|████████▉ | 100/112 [02:41<00:16,  1.38s/it]eval:  90%|█████████ | 101/112 [02:41<00:11,  1.09s/it]eval:  91%|█████████ | 102/112 [02:45<00:18,  1.82s/it]eval:  92%|█████████▏| 103/112 [02:48<00:20,  2.33s/it]eval:  93%|█████████▎| 104/112 [02:48<00:13,  1.74s/it]eval:  94%|█████████▍| 105/112 [02:49<00:09,  1.33s/it]eval:  95%|█████████▍| 106/112 [02:49<00:06,  1.02s/it]eval:  96%|█████████▌| 107/112 [02:50<00:04,  1.18it/s]eval:  96%|█████████▋| 108/112 [02:50<00:02,  1.34it/s]eval:  97%|█████████▋| 109/112 [02:54<00:04,  1.58s/it]eval:  98%|█████████▊| 110/112 [02:57<00:04,  2.15s/it]eval:  99%|█████████▉| 111/112 [03:01<00:02,  2.57s/it]eval: 100%|██████████| 112/112 [03:01<00:00,  2.02s/it]eval: 100%|██████████| 112/112 [03:01<00:00,  1.62s/it]

======================================================================
condicion                   is_french   fr_score   accuracy    leak
----------------------------------------------------------------------
baseline  M(q)                  0.0%      0.000     95.5%      0%
referencia  M([FR;q])           0.0%      0.018     69.6%      0%
parche  M(q+v)                  0.0%      0.005     75.9%      0%
----------------------------------------------------------------------
celda target: es   (celda_ok = idioma es Y NO mayusculas)
condicion                    celda_ok     idioma      mayus
baseline  M(q)                  0.0%       0.0%       0.0%
referencia  M([FR;q])          95.5%      95.5%       0.0%
parche  M(q+v)                 97.3%      97.3%       0.0%
----------------------------------------------------------------------
CE target FR                sin parche  con parche     delta
head (primeros 5)               5.3015      0.5650   -4.7365
tail (el resto)                 0.4684      0.2701   -0.1984
toda la respuesta               1.5446      0.3266   -1.2180
  el head es donde vive la decision de idioma; el tail casi no deberia moverse
  tokens parcheados por prompt (anchor goal_all): media 7.5
======================================================================

Reportes: algebra/runs/v9/alg_es/eval_heldout.json
          algebra/runs/v9/alg_es/eval_heldout.md
[gen_cache] /home/sagemaker-user/user-default-efs/papers/LLMAtaquesContinuos/experimentos/idiomas/algebra/runs/v9/gen_cache: reusadas 224, generadas 112
`torch_dtype` is deprecated! Use `dtype` instead!
Loading checkpoint shards:   0%|          | 0/2 [00:00<?, ?it/s]Loading checkpoint shards:  50%|█████     | 1/2 [00:01<00:01,  1.01s/it]Loading checkpoint shards: 100%|██████████| 2/2 [00:01<00:00,  1.67it/s]Loading checkpoint shards: 100%|██████████| 2/2 [00:01<00:00,  1.52it/s]
parche algebra/runs/v9/alg_es/lang_patch_best_train.pt  norma 0.8632  |  tail held-out 112 (idx 588..699)
preset=idioma  condiciones=['prompt_de a=0', 'prompt_de a=1', 'prompt_fr a=0', 'prompt_fr a=1', 'prompt a=0', 'prompt a=1']
prompt_de a=0:   0%|          | 0/112 [00:00<?, ?it/s][lang_id] GlotLID: /mnt/custom-file-systems/efs/fs-0ded2930a619aa967_fsap-0faa05c681ed1a8f3/papers/LLMAtaquesContinuos/modelos/glotlid/model.bin
prompt_de a=0:   1%|          | 1/112 [00:01<02:29,  1.34s/it]prompt_de a=0:   3%|▎         | 3/112 [00:01<00:42,  2.55it/s]prompt_de a=0:   4%|▍         | 5/112 [00:01<00:24,  4.45it/s]prompt_de a=0:   6%|▋         | 7/112 [00:01<00:16,  6.33it/s]prompt_de a=0:   8%|▊         | 9/112 [00:01<00:12,  8.21it/s]prompt_de a=0:  10%|▉         | 11/112 [00:01<00:10,  9.92it/s]prompt_de a=0:  12%|█▏        | 13/112 [00:02<00:08, 11.14it/s]prompt_de a=0:  13%|█▎        | 15/112 [00:02<00:07, 12.43it/s]prompt_de a=0:  15%|█▌        | 17/112 [00:02<00:07, 13.38it/s]prompt_de a=0:  17%|█▋        | 19/112 [00:02<00:06, 13.62it/s]prompt_de a=0:  19%|█▉        | 21/112 [00:02<00:06, 14.01it/s]prompt_de a=0:  21%|██        | 23/112 [00:02<00:05, 15.06it/s]prompt_de a=0:  22%|██▏       | 25/112 [00:02<00:05, 15.38it/s]prompt_de a=0:  24%|██▍       | 27/112 [00:03<00:05, 15.00it/s]prompt_de a=0:  26%|██▌       | 29/112 [00:03<00:05, 15.05it/s]prompt_de a=0:  28%|██▊       | 31/112 [00:03<00:05, 15.20it/s]prompt_de a=0:  29%|██▉       | 33/112 [00:03<00:05, 14.94it/s]prompt_de a=0:  31%|███▏      | 35/112 [00:03<00:05, 15.00it/s]prompt_de a=0:  33%|███▎      | 37/112 [00:03<00:04, 15.03it/s]prompt_de a=0:  35%|███▍      | 39/112 [00:03<00:04, 15.15it/s]prompt_de a=0:  37%|███▋      | 41/112 [00:03<00:04, 15.19it/s]prompt_de a=0:  38%|███▊      | 43/112 [00:04<00:04, 15.79it/s]prompt_de a=0:  40%|████      | 45/112 [00:04<00:04, 15.66it/s]prompt_de a=0:  42%|████▏     | 47/112 [00:04<00:04, 15.51it/s]prompt_de a=0:  44%|████▍     | 49/112 [00:04<00:04, 15.26it/s]prompt_de a=0:  46%|████▌     | 51/112 [00:04<00:03, 15.50it/s]prompt_de a=0:  47%|████▋     | 53/112 [00:04<00:03, 15.03it/s]prompt_de a=0:  49%|████▉     | 55/112 [00:04<00:03, 15.44it/s]prompt_de a=0:  51%|█████     | 57/112 [00:04<00:03, 16.07it/s]prompt_de a=0:  53%|█████▎    | 59/112 [00:05<00:03, 16.55it/s]prompt_de a=0:  54%|█████▍    | 61/112 [00:05<00:03, 15.98it/s]prompt_de a=0:  56%|█████▋    | 63/112 [00:05<00:02, 16.34it/s]prompt_de a=0:  58%|█████▊    | 65/112 [00:05<00:02, 16.67it/s]prompt_de a=0:  60%|█████▉    | 67/112 [00:05<00:02, 16.44it/s]prompt_de a=0:  62%|██████▏   | 69/112 [00:05<00:02, 16.30it/s]prompt_de a=0:  63%|██████▎   | 71/112 [00:05<00:02, 16.27it/s]prompt_de a=0:  65%|██████▌   | 73/112 [00:05<00:02, 16.28it/s]prompt_de a=0:  67%|██████▋   | 75/112 [00:06<00:02, 15.63it/s]prompt_de a=0:  69%|██████▉   | 77/112 [00:06<00:02, 16.01it/s]prompt_de a=0:  71%|███████   | 79/112 [00:06<00:02, 16.19it/s]prompt_de a=0:  72%|███████▏  | 81/112 [00:06<00:01, 16.23it/s]prompt_de a=0:  74%|███████▍  | 83/112 [00:06<00:01, 16.15it/s]prompt_de a=0:  76%|███████▌  | 85/112 [00:06<00:01, 16.30it/s]prompt_de a=0:  78%|███████▊  | 87/112 [00:06<00:01, 16.86it/s]prompt_de a=0:  79%|███████▉  | 89/112 [00:06<00:01, 16.30it/s]prompt_de a=0:  81%|████████▏ | 91/112 [00:07<00:01, 16.89it/s]prompt_de a=0:  83%|████████▎ | 93/112 [00:07<00:01, 17.15it/s]prompt_de a=0:  85%|████████▍ | 95/112 [00:07<00:01, 16.36it/s]prompt_de a=0:  87%|████████▋ | 97/112 [00:07<00:00, 16.05it/s]prompt_de a=0:  88%|████████▊ | 99/112 [00:07<00:00, 16.69it/s]prompt_de a=0:  90%|█████████ | 101/112 [00:07<00:00, 17.11it/s]prompt_de a=0:  92%|█████████▏| 103/112 [00:07<00:00, 16.36it/s]prompt_de a=0:  94%|█████████▍| 105/112 [00:07<00:00, 16.36it/s]prompt_de a=0:  96%|█████████▌| 107/112 [00:07<00:00, 16.81it/s]prompt_de a=0:  97%|█████████▋| 109/112 [00:08<00:00, 16.02it/s]prompt_de a=0:  99%|█████████▉| 111/112 [00:08<00:00, 15.99it/s]prompt_de a=0: 100%|██████████| 112/112 [00:08<00:00, 13.49it/s]
prompt_de a=1:   0%|          | 0/112 [00:00<?, ?it/s]prompt_de a=1:   1%|          | 1/112 [00:00<00:51,  2.16it/s]prompt_de a=1:   2%|▏         | 2/112 [00:00<00:51,  2.14it/s]prompt_de a=1:   3%|▎         | 3/112 [00:03<02:32,  1.40s/it]prompt_de a=1:   4%|▎         | 4/112 [00:06<04:01,  2.23s/it]prompt_de a=1:   4%|▍         | 5/112 [00:09<04:16,  2.39s/it]prompt_de a=1:   5%|▌         | 6/112 [00:10<03:12,  1.82s/it]prompt_de a=1:   6%|▋         | 7/112 [00:13<04:09,  2.37s/it]prompt_de a=1:   7%|▋         | 8/112 [00:14<03:03,  1.76s/it]prompt_de a=1:   8%|▊         | 9/112 [00:14<02:19,  1.36s/it]prompt_de a=1:   9%|▉         | 10/112 [00:15<01:45,  1.04s/it]prompt_de a=1:  10%|▉         | 11/112 [00:18<03:00,  1.79s/it]prompt_de a=1:  11%|█         | 12/112 [00:19<02:41,  1.61s/it]prompt_de a=1:  12%|█▏        | 13/112 [00:20<02:12,  1.34s/it]prompt_de a=1:  12%|█▎        | 14/112 [00:23<02:57,  1.81s/it]prompt_de a=1:  13%|█▎        | 15/112 [00:23<02:10,  1.35s/it]prompt_de a=1:  14%|█▍        | 16/112 [00:24<01:52,  1.17s/it]prompt_de a=1:  15%|█▌        | 17/112 [00:24<01:27,  1.08it/s]prompt_de a=1:  16%|█▌        | 18/112 [00:28<02:39,  1.69s/it]prompt_de a=1:  17%|█▋        | 19/112 [00:30<02:51,  1.85s/it]prompt_de a=1:  18%|█▊        | 20/112 [00:30<02:09,  1.41s/it]prompt_de a=1:  19%|█▉        | 21/112 [00:31<01:47,  1.18s/it]prompt_de a=1:  20%|█▉        | 22/112 [00:31<01:21,  1.10it/s]prompt_de a=1:  21%|██        | 23/112 [00:33<01:37,  1.10s/it]prompt_de a=1:  21%|██▏       | 24/112 [00:33<01:17,  1.13it/s]prompt_de a=1:  22%|██▏       | 25/112 [00:37<02:24,  1.66s/it]prompt_de a=1:  23%|██▎       | 26/112 [00:37<01:48,  1.26s/it]prompt_de a=1:  24%|██▍       | 27/112 [00:38<01:31,  1.07s/it]prompt_de a=1:  25%|██▌       | 28/112 [00:38<01:21,  1.03it/s]prompt_de a=1:  26%|██▌       | 29/112 [00:39<01:24,  1.01s/it]prompt_de a=1:  27%|██▋       | 30/112 [00:41<01:36,  1.17s/it]prompt_de a=1:  28%|██▊       | 31/112 [00:41<01:16,  1.06it/s]prompt_de a=1:  29%|██▊       | 32/112 [00:45<02:18,  1.73s/it]prompt_de a=1:  29%|██▉       | 33/112 [00:48<02:57,  2.25s/it]prompt_de a=1:  30%|███       | 34/112 [00:49<02:09,  1.66s/it]prompt_de a=1:  31%|███▏      | 35/112 [00:50<02:07,  1.66s/it]prompt_de a=1:  32%|███▏      | 36/112 [00:51<01:38,  1.30s/it]prompt_de a=1:  33%|███▎      | 37/112 [00:53<01:57,  1.57s/it]prompt_de a=1:  34%|███▍      | 38/112 [00:53<01:28,  1.19s/it]prompt_de a=1:  35%|███▍      | 39/112 [00:57<02:17,  1.88s/it]prompt_de a=1:  36%|███▌      | 40/112 [00:58<01:49,  1.52s/it]prompt_de a=1:  37%|███▋      | 41/112 [00:58<01:24,  1.19s/it]prompt_de a=1:  38%|███▊      | 42/112 [01:01<01:54,  1.64s/it]prompt_de a=1:  38%|███▊      | 43/112 [01:01<01:26,  1.26s/it]prompt_de a=1:  39%|███▉      | 44/112 [01:02<01:28,  1.30s/it]prompt_de a=1:  40%|████      | 45/112 [01:03<01:08,  1.02s/it]prompt_de a=1:  41%|████      | 46/112 [01:06<01:56,  1.76s/it]prompt_de a=1:  42%|████▏     | 47/112 [01:07<01:38,  1.51s/it]prompt_de a=1:  43%|████▎     | 48/112 [01:08<01:19,  1.24s/it]prompt_de a=1:  44%|████▍     | 49/112 [01:09<01:20,  1.27s/it]prompt_de a=1:  45%|████▍     | 50/112 [01:10<01:02,  1.01s/it]prompt_de a=1:  46%|████▌     | 51/112 [01:10<00:50,  1.20it/s]prompt_de a=1:  46%|████▋     | 52/112 [01:10<00:42,  1.43it/s]prompt_de a=1:  47%|████▋     | 53/112 [01:12<00:59,  1.00s/it]prompt_de a=1:  48%|████▊     | 54/112 [01:14<01:16,  1.32s/it]prompt_de a=1:  49%|████▉     | 55/112 [01:14<00:58,  1.02s/it]prompt_de a=1:  50%|█████     | 56/112 [01:15<00:47,  1.19it/s]prompt_de a=1:  51%|█████     | 57/112 [01:15<00:39,  1.38it/s]prompt_de a=1:  52%|█████▏    | 58/112 [01:16<00:36,  1.46it/s]prompt_de a=1:  53%|█████▎    | 59/112 [01:18<01:05,  1.24s/it]prompt_de a=1:  54%|█████▎    | 60/112 [01:22<01:39,  1.90s/it]prompt_de a=1:  54%|█████▍    | 61/112 [01:23<01:17,  1.52s/it]prompt_de a=1:  55%|█████▌    | 62/112 [01:23<00:58,  1.16s/it]prompt_de a=1:  56%|█████▋    | 63/112 [01:23<00:43,  1.12it/s]prompt_de a=1:  57%|█████▋    | 64/112 [01:24<00:36,  1.31it/s]prompt_de a=1:  58%|█████▊    | 65/112 [01:26<01:04,  1.38s/it]prompt_de a=1:  59%|█████▉    | 66/112 [01:27<00:48,  1.05s/it]prompt_de a=1:  60%|█████▉    | 67/112 [01:30<01:20,  1.78s/it]prompt_de a=1:  61%|██████    | 68/112 [01:31<01:03,  1.44s/it]prompt_de a=1:  62%|██████▏   | 69/112 [01:31<00:47,  1.11s/it]prompt_de a=1:  62%|██████▎   | 70/112 [01:32<00:36,  1.14it/s]prompt_de a=1:  63%|██████▎   | 71/112 [01:33<00:41,  1.01s/it]prompt_de a=1:  64%|██████▍   | 72/112 [01:33<00:33,  1.18it/s]prompt_de a=1:  65%|██████▌   | 73/112 [01:34<00:28,  1.36it/s]prompt_de a=1:  66%|██████▌   | 74/112 [01:34<00:25,  1.49it/s]prompt_de a=1:  67%|██████▋   | 75/112 [01:36<00:36,  1.02it/s]prompt_de a=1:  68%|██████▊   | 76/112 [01:36<00:28,  1.25it/s]prompt_de a=1:  69%|██████▉   | 77/112 [01:39<00:48,  1.38s/it]prompt_de a=1:  70%|██████▉   | 78/112 [01:40<00:38,  1.12s/it]prompt_de a=1:  71%|███████   | 79/112 [01:40<00:32,  1.02it/s]prompt_de a=1:  71%|███████▏  | 80/112 [01:41<00:24,  1.30it/s]prompt_de a=1:  72%|███████▏  | 81/112 [01:44<00:49,  1.58s/it]prompt_de a=1:  73%|███████▎  | 82/112 [01:46<00:48,  1.62s/it]prompt_de a=1:  74%|███████▍  | 83/112 [01:46<00:36,  1.26s/it]prompt_de a=1:  75%|███████▌  | 84/112 [01:47<00:33,  1.20s/it]prompt_de a=1:  76%|███████▌  | 85/112 [01:48<00:25,  1.04it/s]prompt_de a=1:  77%|███████▋  | 86/112 [01:48<00:20,  1.25it/s]prompt_de a=1:  78%|███████▊  | 87/112 [01:48<00:17,  1.47it/s]prompt_de a=1:  79%|███████▊  | 88/112 [01:52<00:36,  1.53s/it]prompt_de a=1:  79%|███████▉  | 89/112 [01:54<00:35,  1.54s/it]prompt_de a=1:  80%|████████  | 90/112 [01:54<00:26,  1.22s/it]prompt_de a=1:  81%|████████▏ | 91/112 [01:54<00:20,  1.01it/s]prompt_de a=1:  82%|████████▏ | 92/112 [01:55<00:16,  1.18it/s]prompt_de a=1:  83%|████████▎ | 93/112 [01:55<00:13,  1.42it/s]prompt_de a=1:  84%|████████▍ | 94/112 [01:57<00:15,  1.14it/s]prompt_de a=1:  85%|████████▍ | 95/112 [02:00<00:28,  1.67s/it]prompt_de a=1:  86%|████████▌ | 96/112 [02:02<00:26,  1.65s/it]prompt_de a=1:  87%|████████▋ | 97/112 [02:02<00:19,  1.30s/it]prompt_de a=1:  88%|████████▊ | 98/112 [02:03<00:15,  1.10s/it]prompt_de a=1:  88%|████████▊ | 99/112 [02:03<00:11,  1.18it/s]prompt_de a=1:  89%|████████▉ | 100/112 [02:04<00:10,  1.11it/s]prompt_de a=1:  90%|█████████ | 101/112 [02:05<00:08,  1.33it/s]prompt_de a=1:  91%|█████████ | 102/112 [02:08<00:15,  1.56s/it]prompt_de a=1:  92%|█████████▏| 103/112 [02:09<00:12,  1.34s/it]prompt_de a=1:  93%|█████████▎| 104/112 [02:10<00:09,  1.19s/it]prompt_de a=1:  94%|█████████▍| 105/112 [02:10<00:06,  1.07it/s]prompt_de a=1:  95%|█████████▍| 106/112 [02:10<00:04,  1.35it/s]prompt_de a=1:  96%|█████████▌| 107/112 [02:11<00:03,  1.56it/s]prompt_de a=1:  96%|█████████▋| 108/112 [02:14<00:05,  1.49s/it]prompt_de a=1:  97%|█████████▋| 109/112 [02:18<00:06,  2.08s/it]prompt_de a=1:  98%|█████████▊| 110/112 [02:21<00:05,  2.51s/it]prompt_de a=1:  99%|█████████▉| 111/112 [02:21<00:01,  1.85s/it]prompt_de a=1: 100%|██████████| 112/112 [02:22<00:00,  1.57s/it]prompt_de a=1: 100%|██████████| 112/112 [02:22<00:00,  1.28s/it]
prompt_fr a=0:   0%|          | 0/112 [00:00<?, ?it/s]prompt_fr a=0:   2%|▏         | 2/112 [00:00<00:06, 17.60it/s]prompt_fr a=0:   4%|▎         | 4/112 [00:00<00:06, 16.42it/s]prompt_fr a=0:   5%|▌         | 6/112 [00:00<00:06, 15.71it/s]prompt_fr a=0:   7%|▋         | 8/112 [00:00<00:06, 15.96it/s]prompt_fr a=0:   9%|▉         | 10/112 [00:00<00:06, 16.04it/s]prompt_fr a=0:  11%|█         | 12/112 [00:00<00:06, 15.51it/s]prompt_fr a=0:  12%|█▎        | 14/112 [00:00<00:06, 15.25it/s]prompt_fr a=0:  14%|█▍        | 16/112 [00:01<00:06, 15.98it/s]prompt_fr a=0:  16%|█▌        | 18/112 [00:01<00:06, 15.64it/s]prompt_fr a=0:  18%|█▊        | 20/112 [00:01<00:06, 15.29it/s]prompt_fr a=0:  20%|█▉        | 22/112 [00:01<00:05, 15.58it/s]prompt_fr a=0:  21%|██▏       | 24/112 [00:01<00:05, 16.11it/s]prompt_fr a=0:  23%|██▎       | 26/112 [00:01<00:05, 15.35it/s]prompt_fr a=0:  25%|██▌       | 28/112 [00:01<00:05, 15.77it/s]prompt_fr a=0:  27%|██▋       | 30/112 [00:01<00:05, 16.20it/s]prompt_fr a=0:  29%|██▊       | 32/112 [00:02<00:04, 16.21it/s]prompt_fr a=0:  30%|███       | 34/112 [00:02<00:04, 15.74it/s]prompt_fr a=0:  32%|███▏      | 36/112 [00:02<00:04, 16.16it/s]prompt_fr a=0:  34%|███▍      | 38/112 [00:02<00:04, 16.33it/s]prompt_fr a=0:  36%|███▌      | 40/112 [00:02<00:04, 15.74it/s]prompt_fr a=0:  38%|███▊      | 42/112 [00:02<00:04, 15.92it/s]prompt_fr a=0:  39%|███▉      | 44/112 [00:02<00:04, 16.14it/s]prompt_fr a=0:  41%|████      | 46/112 [00:02<00:04, 16.03it/s]prompt_fr a=0:  43%|████▎     | 48/112 [00:03<00:04, 15.77it/s]prompt_fr a=0:  45%|████▍     | 50/112 [00:03<00:03, 16.38it/s]prompt_fr a=0:  46%|████▋     | 52/112 [00:03<00:03, 16.72it/s]prompt_fr a=0:  48%|████▊     | 54/112 [00:03<00:03, 16.29it/s]prompt_fr a=0:  50%|█████     | 56/112 [00:03<00:03, 16.25it/s]prompt_fr a=0:  52%|█████▏    | 58/112 [00:03<00:03, 16.49it/s]prompt_fr a=0:  54%|█████▎    | 60/112 [00:03<00:03, 16.08it/s]prompt_fr a=0:  55%|█████▌    | 62/112 [00:03<00:03, 16.09it/s]prompt_fr a=0:  57%|█████▋    | 64/112 [00:03<00:02, 16.58it/s]prompt_fr a=0:  59%|█████▉    | 66/112 [00:04<00:02, 16.90it/s]prompt_fr a=0:  61%|██████    | 68/112 [00:04<00:02, 15.96it/s]prompt_fr a=0:  62%|██████▎   | 70/112 [00:04<00:02, 16.13it/s]prompt_fr a=0:  64%|██████▍   | 72/112 [00:04<00:02, 16.28it/s]prompt_fr a=0:  66%|██████▌   | 74/112 [00:04<00:02, 16.43it/s]prompt_fr a=0:  68%|██████▊   | 76/112 [00:04<00:02, 15.73it/s]prompt_fr a=0:  70%|██████▉   | 78/112 [00:04<00:02, 15.69it/s]prompt_fr a=0:  71%|███████▏  | 80/112 [00:04<00:01, 16.43it/s]prompt_fr a=0:  73%|███████▎  | 82/112 [00:05<00:01, 15.75it/s]prompt_fr a=0:  75%|███████▌  | 84/112 [00:05<00:01, 15.86it/s]prompt_fr a=0:  77%|███████▋  | 86/112 [00:05<00:01, 16.47it/s]prompt_fr a=0:  79%|███████▊  | 88/112 [00:05<00:01, 16.49it/s]prompt_fr a=0:  80%|████████  | 90/112 [00:05<00:01, 15.84it/s]prompt_fr a=0:  82%|████████▏ | 92/112 [00:05<00:01, 16.39it/s]prompt_fr a=0:  84%|████████▍ | 94/112 [00:05<00:01, 16.77it/s]prompt_fr a=0:  86%|████████▌ | 96/112 [00:05<00:00, 16.24it/s]prompt_fr a=0:  88%|████████▊ | 98/112 [00:06<00:00, 15.80it/s]prompt_fr a=0:  89%|████████▉ | 100/112 [00:06<00:00, 16.43it/s]prompt_fr a=0:  91%|█████████ | 102/112 [00:06<00:00, 16.28it/s]prompt_fr a=0:  93%|█████████▎| 104/112 [00:06<00:00, 15.79it/s]prompt_fr a=0:  95%|█████████▍| 106/112 [00:06<00:00, 16.25it/s]prompt_fr a=0:  96%|█████████▋| 108/112 [00:06<00:00, 16.53it/s]prompt_fr a=0:  98%|█████████▊| 110/112 [00:06<00:00, 15.99it/s]prompt_fr a=0: 100%|██████████| 112/112 [00:06<00:00, 16.10it/s]prompt_fr a=0: 100%|██████████| 112/112 [00:06<00:00, 16.08it/s]
prompt_fr a=1:   0%|          | 0/112 [00:00<?, ?it/s]prompt_fr a=1:   1%|          | 1/112 [00:00<01:15,  1.47it/s]prompt_fr a=1:   2%|▏         | 2/112 [00:01<01:05,  1.67it/s]prompt_fr a=1:   3%|▎         | 3/112 [00:02<01:58,  1.08s/it]prompt_fr a=1:   4%|▎         | 4/112 [00:06<03:38,  2.02s/it]prompt_fr a=1:   4%|▍         | 5/112 [00:09<04:31,  2.54s/it]prompt_fr a=1:   5%|▌         | 6/112 [00:11<03:44,  2.11s/it]prompt_fr a=1:   6%|▋         | 7/112 [00:13<04:06,  2.35s/it]prompt_fr a=1:   7%|▋         | 8/112 [00:17<04:41,  2.71s/it]prompt_fr a=1:   8%|▊         | 9/112 [00:18<03:32,  2.06s/it]prompt_fr a=1:   9%|▉         | 10/112 [00:18<02:49,  1.66s/it]prompt_fr a=1:  10%|▉         | 11/112 [00:22<03:43,  2.22s/it]prompt_fr a=1:  11%|█         | 12/112 [00:25<03:58,  2.38s/it]prompt_fr a=1:  12%|█▏        | 13/112 [00:25<02:56,  1.78s/it]prompt_fr a=1:  12%|█▎        | 14/112 [00:27<02:55,  1.79s/it]prompt_fr a=1:  13%|█▎        | 15/112 [00:27<02:09,  1.33s/it]prompt_fr a=1:  14%|█▍        | 16/112 [00:28<01:56,  1.21s/it]prompt_fr a=1:  15%|█▌        | 17/112 [00:31<02:58,  1.88s/it]prompt_fr a=1:  16%|█▌        | 18/112 [00:35<03:41,  2.36s/it]prompt_fr a=1:  17%|█▋        | 19/112 [00:38<03:47,  2.45s/it]prompt_fr a=1:  18%|█▊        | 20/112 [00:38<02:48,  1.83s/it]prompt_fr a=1:  19%|█▉        | 21/112 [00:39<02:14,  1.48s/it]prompt_fr a=1:  20%|█▉        | 22/112 [00:39<01:40,  1.12s/it]prompt_fr a=1:  21%|██        | 23/112 [00:39<01:25,  1.05it/s]prompt_fr a=1:  21%|██▏       | 24/112 [00:40<01:09,  1.26it/s]prompt_fr a=1:  22%|██▏       | 25/112 [00:43<02:18,  1.59s/it]prompt_fr a=1:  23%|██▎       | 26/112 [00:45<02:23,  1.67s/it]prompt_fr a=1:  24%|██▍       | 27/112 [00:46<01:56,  1.37s/it]prompt_fr a=1:  25%|██▌       | 28/112 [00:48<02:26,  1.74s/it]prompt_fr a=1:  26%|██▌       | 29/112 [00:49<01:52,  1.36s/it]prompt_fr a=1:  27%|██▋       | 30/112 [00:49<01:27,  1.06s/it]prompt_fr a=1:  28%|██▊       | 31/112 [00:50<01:10,  1.15it/s]prompt_fr a=1:  29%|██▊       | 32/112 [00:53<02:12,  1.66s/it]prompt_fr a=1:  29%|██▉       | 33/112 [00:57<02:54,  2.21s/it]prompt_fr a=1:  30%|███       | 34/112 [01:00<03:21,  2.59s/it]prompt_fr a=1:  31%|███▏      | 35/112 [01:02<02:58,  2.32s/it]prompt_fr a=1:  32%|███▏      | 36/112 [01:04<02:54,  2.29s/it]prompt_fr a=1:  33%|███▎      | 37/112 [01:06<02:33,  2.04s/it]prompt_fr a=1:  34%|███▍      | 38/112 [01:06<01:53,  1.53s/it]prompt_fr a=1:  35%|███▍      | 39/112 [01:09<02:34,  2.12s/it]prompt_fr a=1:  36%|███▌      | 40/112 [01:10<01:56,  1.62s/it]prompt_fr a=1:  37%|███▋      | 41/112 [01:10<01:28,  1.25s/it]prompt_fr a=1:  38%|███▊      | 42/112 [01:11<01:12,  1.04s/it]prompt_fr a=1:  38%|███▊      | 43/112 [01:11<00:57,  1.19it/s]prompt_fr a=1:  39%|███▉      | 44/112 [01:11<00:46,  1.45it/s]prompt_fr a=1:  40%|████      | 45/112 [01:12<00:40,  1.66it/s]prompt_fr a=1:  41%|████      | 46/112 [01:15<01:37,  1.47s/it]prompt_fr a=1:  42%|████▏     | 47/112 [01:17<01:30,  1.39s/it]prompt_fr a=1:  43%|████▎     | 48/112 [01:17<01:09,  1.09s/it]prompt_fr a=1:  44%|████▍     | 49/112 [01:17<00:57,  1.09it/s]prompt_fr a=1:  45%|████▍     | 50/112 [01:21<01:41,  1.63s/it]prompt_fr a=1:  46%|████▌     | 51/112 [01:21<01:19,  1.30s/it]prompt_fr a=1:  46%|████▋     | 52/112 [01:22<01:03,  1.06s/it]prompt_fr a=1:  47%|████▋     | 53/112 [01:23<01:07,  1.15s/it]prompt_fr a=1:  48%|████▊     | 54/112 [01:27<01:47,  1.86s/it]prompt_fr a=1:  49%|████▉     | 55/112 [01:27<01:19,  1.40s/it]prompt_fr a=1:  50%|█████     | 56/112 [01:27<01:03,  1.13s/it]prompt_fr a=1:  51%|█████     | 57/112 [01:28<00:50,  1.09it/s]prompt_fr a=1:  52%|█████▏    | 58/112 [01:29<00:44,  1.22it/s]prompt_fr a=1:  53%|█████▎    | 59/112 [01:32<01:26,  1.62s/it]prompt_fr a=1:  54%|█████▎    | 60/112 [01:35<01:53,  2.18s/it]prompt_fr a=1:  54%|█████▍    | 61/112 [01:39<02:11,  2.58s/it]prompt_fr a=1:  55%|█████▌    | 62/112 [01:39<01:35,  1.90s/it]prompt_fr a=1:  56%|█████▋    | 63/112 [01:40<01:19,  1.62s/it]prompt_fr a=1:  57%|█████▋    | 64/112 [01:41<01:02,  1.30s/it]prompt_fr a=1:  58%|█████▊    | 65/112 [01:42<01:02,  1.33s/it]prompt_fr a=1:  59%|█████▉    | 66/112 [01:43<00:46,  1.02s/it]prompt_fr a=1:  60%|█████▉    | 67/112 [01:46<01:19,  1.76s/it]prompt_fr a=1:  61%|██████    | 68/112 [01:49<01:32,  2.10s/it]prompt_fr a=1:  62%|██████▏   | 69/112 [01:49<01:07,  1.56s/it]prompt_fr a=1:  62%|██████▎   | 70/112 [01:50<00:50,  1.21s/it]prompt_fr a=1:  63%|██████▎   | 71/112 [01:50<00:40,  1.01it/s]prompt_fr a=1:  64%|██████▍   | 72/112 [01:54<01:09,  1.73s/it]prompt_fr a=1:  65%|██████▌   | 73/112 [01:54<00:52,  1.35s/it]prompt_fr a=1:  66%|██████▌   | 74/112 [01:58<01:16,  2.00s/it]prompt_fr a=1:  67%|██████▋   | 75/112 [02:01<01:30,  2.45s/it]prompt_fr a=1:  68%|██████▊   | 76/112 [02:01<01:05,  1.83s/it]prompt_fr a=1:  69%|██████▉   | 77/112 [02:04<01:08,  1.94s/it]prompt_fr a=1:  70%|██████▉   | 78/112 [02:04<00:55,  1.63s/it]prompt_fr a=1:  71%|███████   | 79/112 [02:05<00:43,  1.32s/it]prompt_fr a=1:  71%|███████▏  | 80/112 [02:05<00:32,  1.01s/it]prompt_fr a=1:  72%|███████▏  | 81/112 [02:09<00:54,  1.75s/it]prompt_fr a=1:  73%|███████▎  | 82/112 [02:10<00:44,  1.47s/it]prompt_fr a=1:  74%|███████▍  | 83/112 [02:10<00:33,  1.14s/it]prompt_fr a=1:  75%|███████▌  | 84/112 [02:10<00:24,  1.15it/s]prompt_fr a=1:  76%|███████▌  | 85/112 [02:11<00:19,  1.35it/s]prompt_fr a=1:  77%|███████▋  | 86/112 [02:14<00:36,  1.40s/it]prompt_fr a=1:  78%|███████▊  | 87/112 [02:14<00:27,  1.10s/it]prompt_fr a=1:  79%|███████▊  | 88/112 [02:18<00:43,  1.81s/it]prompt_fr a=1:  79%|███████▉  | 89/112 [02:19<00:42,  1.83s/it]prompt_fr a=1:  80%|████████  | 90/112 [02:20<00:31,  1.41s/it]prompt_fr a=1:  81%|████████▏ | 91/112 [02:20<00:23,  1.11s/it]prompt_fr a=1:  82%|████████▏ | 92/112 [02:21<00:18,  1.09it/s]prompt_fr a=1:  83%|████████▎ | 93/112 [02:21<00:14,  1.32it/s]prompt_fr a=1:  84%|████████▍ | 94/112 [02:21<00:11,  1.59it/s]prompt_fr a=1:  85%|████████▍ | 95/112 [02:25<00:25,  1.49s/it]prompt_fr a=1:  86%|████████▌ | 96/112 [02:28<00:29,  1.84s/it]prompt_fr a=1:  87%|████████▋ | 97/112 [02:28<00:21,  1.43s/it]prompt_fr a=1:  88%|████████▊ | 98/112 [02:28<00:15,  1.14s/it]prompt_fr a=1:  88%|████████▊ | 99/112 [02:29<00:12,  1.05it/s]prompt_fr a=1:  89%|████████▉ | 100/112 [02:30<00:11,  1.07it/s]prompt_fr a=1:  90%|█████████ | 101/112 [02:30<00:08,  1.28it/s]prompt_fr a=1:  91%|█████████ | 102/112 [02:34<00:16,  1.60s/it]prompt_fr a=1:  92%|█████████▏| 103/112 [02:37<00:19,  2.17s/it]prompt_fr a=1:  93%|█████████▎| 104/112 [02:38<00:13,  1.70s/it]prompt_fr a=1:  94%|█████████▍| 105/112 [02:38<00:08,  1.27s/it]prompt_fr a=1:  95%|█████████▍| 106/112 [02:38<00:05,  1.03it/s]prompt_fr a=1:  96%|█████████▌| 107/112 [02:39<00:04,  1.24it/s]prompt_fr a=1:  96%|█████████▋| 108/112 [02:39<00:02,  1.42it/s]prompt_fr a=1:  97%|█████████▋| 109/112 [02:43<00:04,  1.54s/it]prompt_fr a=1:  98%|█████████▊| 110/112 [02:46<00:04,  2.12s/it]prompt_fr a=1:  99%|█████████▉| 111/112 [02:47<00:01,  1.54s/it]prompt_fr a=1: 100%|██████████| 112/112 [02:47<00:00,  1.23s/it]prompt_fr a=1: 100%|██████████| 112/112 [02:47<00:00,  1.50s/it]
prompt a=0:   0%|          | 0/112 [00:00<?, ?it/s]prompt a=0:   2%|▏         | 2/112 [00:00<00:05, 18.54it/s]prompt a=0:   4%|▎         | 4/112 [00:00<00:06, 16.64it/s]prompt a=0:   5%|▌         | 6/112 [00:00<00:06, 15.55it/s]prompt a=0:   7%|▋         | 8/112 [00:00<00:06, 15.77it/s]prompt a=0:   9%|▉         | 10/112 [00:00<00:06, 15.97it/s]prompt a=0:  11%|█         | 12/112 [00:00<00:06, 15.26it/s]prompt a=0:  12%|█▎        | 14/112 [00:00<00:06, 15.05it/s]prompt a=0:  14%|█▍        | 16/112 [00:01<00:06, 15.57it/s]prompt a=0:  16%|█▌        | 18/112 [00:01<00:06, 15.36it/s]prompt a=0:  18%|█▊        | 20/112 [00:01<00:06, 15.12it/s]prompt a=0:  20%|█▉        | 22/112 [00:01<00:05, 15.51it/s]prompt a=0:  21%|██▏       | 24/112 [00:01<00:05, 15.58it/s]prompt a=0:  23%|██▎       | 26/112 [00:01<00:05, 15.09it/s]prompt a=0:  25%|██▌       | 28/112 [00:01<00:05, 15.96it/s]prompt a=0:  27%|██▋       | 30/112 [00:01<00:05, 15.64it/s]prompt a=0:  29%|██▊       | 32/112 [00:02<00:05, 15.73it/s]prompt a=0:  30%|███       | 34/112 [00:02<00:05, 15.20it/s]prompt a=0:  32%|███▏      | 36/112 [00:02<00:05, 15.08it/s]prompt a=0:  34%|███▍      | 38/112 [00:02<00:04, 15.72it/s]prompt a=0:  36%|███▌      | 40/112 [00:02<00:04, 15.02it/s]prompt a=0:  38%|███▊      | 42/112 [00:02<00:04, 15.05it/s]prompt a=0:  39%|███▉      | 44/112 [00:02<00:04, 15.41it/s]prompt a=0:  41%|████      | 46/112 [00:02<00:04, 14.89it/s]prompt a=0:  43%|████▎     | 48/112 [00:03<00:04, 14.73it/s]prompt a=0:  45%|████▍     | 50/112 [00:03<00:04, 14.66it/s]prompt a=0:  46%|████▋     | 52/112 [00:03<00:03, 15.08it/s]prompt a=0:  48%|████▊     | 54/112 [00:03<00:03, 14.56it/s]prompt a=0:  50%|█████     | 56/112 [00:03<00:03, 15.42it/s]prompt a=0:  52%|█████▏    | 58/112 [00:03<00:03, 16.23it/s]prompt a=0:  54%|█████▎    | 60/112 [00:03<00:03, 15.66it/s]prompt a=0:  55%|█████▌    | 62/112 [00:04<00:03, 15.59it/s]prompt a=0:  57%|█████▋    | 64/112 [00:04<00:02, 16.04it/s]prompt a=0:  59%|█████▉    | 66/112 [00:04<00:02, 16.13it/s]prompt a=0:  61%|██████    | 68/112 [00:04<00:02, 15.51it/s]prompt a=0:  62%|██████▎   | 70/112 [00:04<00:02, 16.06it/s]prompt a=0:  64%|██████▍   | 72/112 [00:04<00:02, 16.34it/s]prompt a=0:  66%|██████▌   | 74/112 [00:04<00:02, 16.16it/s]prompt a=0:  68%|██████▊   | 76/112 [00:04<00:02, 16.10it/s]prompt a=0:  70%|██████▉   | 78/112 [00:05<00:02, 15.74it/s]prompt a=0:  71%|███████▏  | 80/112 [00:05<00:02, 15.79it/s]prompt a=0:  73%|███████▎  | 82/112 [00:05<00:01, 15.28it/s]prompt a=0:  75%|███████▌  | 84/112 [00:05<00:01, 15.77it/s]prompt a=0:  77%|███████▋  | 86/112 [00:05<00:01, 15.81it/s]prompt a=0:  79%|███████▊  | 88/112 [00:05<00:01, 15.77it/s]prompt a=0:  80%|████████  | 90/112 [00:05<00:01, 15.57it/s]prompt a=0:  82%|████████▏ | 92/112 [00:05<00:01, 16.39it/s]prompt a=0:  84%|████████▍ | 94/112 [00:06<00:01, 16.89it/s]prompt a=0:  86%|████████▌ | 96/112 [00:06<00:00, 16.11it/s]prompt a=0:  88%|████████▊ | 98/112 [00:06<00:00, 16.68it/s]prompt a=0:  89%|████████▉ | 100/112 [00:06<00:00, 16.33it/s]prompt a=0:  91%|█████████ | 102/112 [00:06<00:00, 16.23it/s]prompt a=0:  93%|█████████▎| 104/112 [00:06<00:00, 15.45it/s]prompt a=0:  95%|█████████▍| 106/112 [00:06<00:00, 16.06it/s]prompt a=0:  96%|█████████▋| 108/112 [00:06<00:00, 16.51it/s]prompt a=0:  98%|█████████▊| 110/112 [00:07<00:00, 15.81it/s]prompt a=0: 100%|██████████| 112/112 [00:07<00:00, 15.64it/s]prompt a=0: 100%|██████████| 112/112 [00:07<00:00, 15.67it/s]
prompt a=1:   0%|          | 0/112 [00:00<?, ?it/s]prompt a=1:   2%|▏         | 2/112 [00:00<00:06, 17.36it/s]prompt a=1:   4%|▎         | 4/112 [00:00<00:06, 15.97it/s]prompt a=1:   5%|▌         | 6/112 [00:00<00:06, 15.69it/s]prompt a=1:   7%|▋         | 8/112 [00:00<00:06, 16.48it/s]prompt a=1:   9%|▉         | 10/112 [00:00<00:06, 16.59it/s]prompt a=1:  11%|█         | 12/112 [00:00<00:06, 16.00it/s]prompt a=1:  12%|█▎        | 14/112 [00:00<00:06, 15.91it/s]prompt a=1:  14%|█▍        | 16/112 [00:00<00:05, 16.35it/s]prompt a=1:  16%|█▌        | 18/112 [00:01<00:05, 16.16it/s]prompt a=1:  18%|█▊        | 20/112 [00:01<00:05, 15.90it/s]prompt a=1:  20%|█▉        | 22/112 [00:01<00:05, 16.55it/s]prompt a=1:  21%|██▏       | 24/112 [00:01<00:05, 17.00it/s]prompt a=1:  23%|██▎       | 26/112 [00:01<00:05, 16.12it/s]prompt a=1:  25%|██▌       | 28/112 [00:01<00:05, 16.58it/s]prompt a=1:  27%|██▋       | 30/112 [00:01<00:04, 16.49it/s]prompt a=1:  29%|██▊       | 32/112 [00:01<00:04, 16.44it/s]prompt a=1:  30%|███       | 34/112 [00:02<00:04, 16.25it/s]prompt a=1:  32%|███▏      | 36/112 [00:02<00:04, 16.16it/s]prompt a=1:  34%|███▍      | 38/112 [00:02<00:04, 16.71it/s]prompt a=1:  36%|███▌      | 40/112 [00:02<00:04, 16.56it/s]prompt a=1:  38%|███▊      | 42/112 [00:02<00:04, 16.36it/s]prompt a=1:  39%|███▉      | 44/112 [00:02<00:04, 16.88it/s]prompt a=1:  41%|████      | 46/112 [00:02<00:04, 16.02it/s]prompt a=1:  43%|████▎     | 48/112 [00:02<00:04, 15.75it/s]prompt a=1:  45%|████▍     | 50/112 [00:03<00:03, 16.04it/s]prompt a=1:  46%|████▋     | 52/112 [00:03<00:03, 16.65it/s]prompt a=1:  48%|████▊     | 54/112 [00:03<00:03, 16.43it/s]prompt a=1:  50%|█████     | 56/112 [00:03<00:03, 16.82it/s]prompt a=1:  52%|█████▏    | 58/112 [00:03<00:03, 17.19it/s]prompt a=1:  54%|█████▎    | 60/112 [00:03<00:03, 16.53it/s]prompt a=1:  55%|█████▌    | 62/112 [00:03<00:03, 16.30it/s]prompt a=1:  57%|█████▋    | 64/112 [00:03<00:02, 16.73it/s]prompt a=1:  59%|█████▉    | 66/112 [00:04<00:02, 17.17it/s]prompt a=1:  61%|██████    | 68/112 [00:04<00:02, 16.22it/s]prompt a=1:  62%|██████▎   | 70/112 [00:04<00:02, 16.89it/s]prompt a=1:  64%|██████▍   | 72/112 [00:04<00:02, 17.15it/s]prompt a=1:  66%|██████▌   | 74/112 [00:04<00:02, 16.97it/s]prompt a=1:  68%|██████▊   | 76/112 [00:04<00:02, 16.84it/s]prompt a=1:  70%|██████▉   | 78/112 [00:04<00:02, 16.81it/s]prompt a=1:  71%|███████▏  | 80/112 [00:04<00:01, 17.19it/s]prompt a=1:  73%|███████▎  | 82/112 [00:04<00:01, 16.38it/s]prompt a=1:  75%|███████▌  | 84/112 [00:05<00:01, 16.77it/s]prompt a=1:  77%|███████▋  | 86/112 [00:05<00:01, 16.84it/s]prompt a=1:  79%|███████▊  | 88/112 [00:05<00:01, 16.79it/s]prompt a=1:  80%|████████  | 90/112 [00:05<00:01, 16.67it/s]prompt a=1:  82%|████████▏ | 92/112 [00:05<00:01, 17.14it/s]prompt a=1:  84%|████████▍ | 94/112 [00:05<00:01, 17.53it/s]prompt a=1:  86%|████████▌ | 96/112 [00:05<00:00, 16.59it/s]prompt a=1:  88%|████████▊ | 98/112 [00:05<00:00, 17.07it/s]prompt a=1:  89%|████████▉ | 100/112 [00:06<00:00, 17.04it/s]prompt a=1:  91%|█████████ | 102/112 [00:06<00:00, 16.77it/s]prompt a=1:  93%|█████████▎| 104/112 [00:06<00:00, 16.47it/s]prompt a=1:  95%|█████████▍| 106/112 [00:06<00:00, 16.99it/s]prompt a=1:  96%|█████████▋| 108/112 [00:06<00:00, 17.39it/s]prompt a=1:  98%|█████████▊| 110/112 [00:06<00:00, 16.50it/s]prompt a=1: 100%|██████████| 112/112 [00:06<00:00, 16.42it/s]prompt a=1: 100%|██████████| 112/112 [00:06<00:00, 16.59it/s]

============================================================================================================================================
condicion              n    fr    en    es    de    it    pt  unk  is_fr  st_fr   acc  cambio  largo  ce_fr_h  ce_en_h  leak
--------------------------------------------------------------------------------------------------------------------------------------------
prompt_de a=0        112  0.00  0.01  0.00  0.95  0.00  0.00 0.04   0.00   0.00  0.72     nan  315.7    5.734    4.456  0.00
prompt_de a=1        112  0.00  0.00  0.99  0.00  0.00  0.00 0.00   0.00   0.26  0.64    1.00  186.8    0.894    4.273  0.00
prompt_fr a=0        112  0.99  0.00  0.00  0.00  0.00  0.00 0.01   0.99   0.90  0.71     nan  297.4    4.806    3.620  0.00
prompt_fr a=1        112  0.01  0.00  0.97  0.00  0.00  0.00 0.01   0.01   0.29  0.66    1.00  225.2    1.069    4.058  0.00
prompt a=0           112  0.00  1.00  0.00  0.00  0.00  0.00 0.00   0.00   0.00  0.96     nan  423.9    5.302    0.191  0.00
prompt a=1           112  0.00  0.00  0.97  0.00  0.00  0.00 0.01   0.00   0.21  0.76    1.00  232.3    0.565    3.640  0.00
============================================================================================================================================

celda target: es
condicion             celda_ok    tgt  mayus
prompt_de a=0             0.00   0.00   0.00
prompt_de a=1             0.99   0.99   0.00
prompt_fr a=0             0.00   0.00   0.00
prompt_fr a=1             0.97   0.97   0.00
prompt a=0                0.00   0.00   0.00
prompt a=1                0.97   0.97   0.00
ce_fr_h es la CE del head del target de ESTA celda (columna `output` del CSV), no de frances.
fr/en/es/de/it/pt/unk: fraccion de salidas por idioma (language_verdict). cambio: salida != a=0.
ce_*_h: CE del head del target frances / del baseline ingles bajo esa condicion.

Guardado: algebra/runs/v9/alg_es/cross_lang_idioma.json
[gen_cache] /home/sagemaker-user/user-default-efs/papers/LLMAtaquesContinuos/experimentos/idiomas/algebra/runs/v9/gen_cache: reusadas 448, generadas 224
`torch_dtype` is deprecated! Use `dtype` instead!
Loading checkpoint shards:   0%|          | 0/2 [00:00<?, ?it/s]Loading checkpoint shards:  50%|█████     | 1/2 [00:01<00:01,  1.04s/it]Loading checkpoint shards: 100%|██████████| 2/2 [00:01<00:00,  1.64it/s]Loading checkpoint shards: 100%|██████████| 2/2 [00:01<00:00,  1.48it/s]
parche algebra/runs/v9/alg_es/lang_patch_best_train.pt  norma 0.8632  |  tail held-out 112 (idx 588..699)
preset=romance  condiciones=['prompt_it a=0', 'prompt_it a=1', 'prompt_pt a=0', 'prompt_pt a=1']
prompt_it a=0:   0%|          | 0/112 [00:00<?, ?it/s][lang_id] GlotLID: /mnt/custom-file-systems/efs/fs-0ded2930a619aa967_fsap-0faa05c681ed1a8f3/papers/LLMAtaquesContinuos/modelos/glotlid/model.bin
prompt_it a=0:   1%|          | 1/112 [00:01<02:25,  1.31s/it]prompt_it a=0:   3%|▎         | 3/112 [00:01<00:41,  2.62it/s]prompt_it a=0:   4%|▍         | 5/112 [00:01<00:23,  4.57it/s]prompt_it a=0:   6%|▋         | 7/112 [00:01<00:16,  6.47it/s]prompt_it a=0:   8%|▊         | 9/112 [00:01<00:12,  8.43it/s]prompt_it a=0:  10%|▉         | 11/112 [00:01<00:09, 10.13it/s]prompt_it a=0:  12%|█▏        | 13/112 [00:02<00:08, 11.39it/s]prompt_it a=0:  13%|█▎        | 15/112 [00:02<00:07, 12.69it/s]prompt_it a=0:  15%|█▌        | 17/112 [00:02<00:06, 13.92it/s]prompt_it a=0:  17%|█▋        | 19/112 [00:02<00:06, 14.15it/s]prompt_it a=0:  19%|█▉        | 21/112 [00:02<00:06, 14.87it/s]prompt_it a=0:  21%|██        | 23/112 [00:02<00:05, 15.64it/s]prompt_it a=0:  22%|██▏       | 25/112 [00:02<00:05, 15.69it/s]prompt_it a=0:  24%|██▍       | 27/112 [00:02<00:05, 15.43it/s]prompt_it a=0:  26%|██▌       | 29/112 [00:03<00:05, 15.92it/s]prompt_it a=0:  28%|██▊       | 31/112 [00:03<00:05, 16.16it/s]prompt_it a=0:  29%|██▉       | 33/112 [00:03<00:04, 16.13it/s]prompt_it a=0:  31%|███▏      | 35/112 [00:03<00:04, 16.22it/s]prompt_it a=0:  33%|███▎      | 37/112 [00:03<00:04, 16.67it/s]prompt_it a=0:  35%|███▍      | 39/112 [00:03<00:04, 16.58it/s]prompt_it a=0:  37%|███▋      | 41/112 [00:03<00:04, 16.53it/s]prompt_it a=0:  38%|███▊      | 43/112 [00:03<00:04, 16.51it/s]prompt_it a=0:  40%|████      | 45/112 [00:03<00:03, 16.77it/s]prompt_it a=0:  42%|████▏     | 47/112 [00:04<00:04, 16.02it/s]prompt_it a=0:  44%|████▍     | 49/112 [00:04<00:03, 16.30it/s]prompt_it a=0:  46%|████▌     | 51/112 [00:04<00:03, 16.68it/s]prompt_it a=0:  47%|████▋     | 53/112 [00:04<00:03, 16.51it/s]prompt_it a=0:  49%|████▉     | 55/112 [00:04<00:03, 16.63it/s]prompt_it a=0:  51%|█████     | 57/112 [00:04<00:03, 17.01it/s]prompt_it a=0:  53%|█████▎    | 59/112 [00:04<00:03, 17.36it/s]prompt_it a=0:  54%|█████▍    | 61/112 [00:04<00:03, 16.62it/s]prompt_it a=0:  56%|█████▋    | 63/112 [00:05<00:02, 16.75it/s]prompt_it a=0:  58%|█████▊    | 65/112 [00:05<00:02, 17.12it/s]prompt_it a=0:  60%|█████▉    | 67/112 [00:05<00:02, 16.90it/s]prompt_it a=0:  62%|██████▏   | 69/112 [00:05<00:02, 16.65it/s]prompt_it a=0:  63%|██████▎   | 71/112 [00:05<00:02, 16.50it/s]prompt_it a=0:  65%|██████▌   | 73/112 [00:05<00:02, 16.97it/s]prompt_it a=0:  67%|██████▋   | 75/112 [00:05<00:02, 16.48it/s]prompt_it a=0:  69%|██████▉   | 77/112 [00:05<00:02, 16.93it/s]prompt_it a=0:  71%|███████   | 79/112 [00:06<00:01, 17.17it/s]prompt_it a=0:  72%|███████▏  | 81/112 [00:06<00:01, 16.86it/s]prompt_it a=0:  74%|███████▍  | 83/112 [00:06<00:01, 16.83it/s]prompt_it a=0:  76%|███████▌  | 85/112 [00:06<00:01, 17.03it/s]prompt_it a=0:  78%|███████▊  | 87/112 [00:06<00:01, 17.34it/s]prompt_it a=0:  79%|███████▉  | 89/112 [00:06<00:01, 16.57it/s]prompt_it a=0:  81%|████████▏ | 91/112 [00:06<00:01, 17.00it/s]prompt_it a=0:  83%|████████▎ | 93/112 [00:06<00:01, 17.27it/s]prompt_it a=0:  85%|████████▍ | 95/112 [00:06<00:01, 16.90it/s]prompt_it a=0:  87%|████████▋ | 97/112 [00:07<00:00, 16.72it/s]prompt_it a=0:  88%|████████▊ | 99/112 [00:07<00:00, 17.08it/s]prompt_it a=0:  90%|█████████ | 101/112 [00:07<00:00, 17.29it/s]prompt_it a=0:  92%|█████████▏| 103/112 [00:07<00:00, 16.52it/s]prompt_it a=0:  94%|█████████▍| 105/112 [00:07<00:00, 16.19it/s]prompt_it a=0:  96%|█████████▌| 107/112 [00:07<00:00, 16.70it/s]prompt_it a=0:  97%|█████████▋| 109/112 [00:07<00:00, 16.51it/s]prompt_it a=0:  99%|█████████▉| 111/112 [00:07<00:00, 15.97it/s]prompt_it a=0: 100%|██████████| 112/112 [00:08<00:00, 13.99it/s]
prompt_it a=1:   0%|          | 0/112 [00:00<?, ?it/s]prompt_it a=1:   1%|          | 1/112 [00:00<01:09,  1.60it/s]prompt_it a=1:   2%|▏         | 2/112 [00:01<00:59,  1.84it/s]prompt_it a=1:   3%|▎         | 3/112 [00:02<01:41,  1.08it/s]prompt_it a=1:   4%|▎         | 4/112 [00:06<03:30,  1.95s/it]prompt_it a=1:   4%|▍         | 5/112 [00:09<04:28,  2.51s/it]prompt_it a=1:   5%|▌         | 6/112 [00:13<05:03,  2.86s/it]prompt_it a=1:   6%|▋         | 7/112 [00:16<05:24,  3.09s/it]prompt_it a=1:   7%|▋         | 8/112 [00:17<03:55,  2.26s/it]prompt_it a=1:   8%|▊         | 9/112 [00:17<02:54,  1.69s/it]prompt_it a=1:   9%|▉         | 10/112 [00:18<02:35,  1.52s/it]prompt_it a=1:  10%|▉         | 11/112 [00:22<03:37,  2.15s/it]prompt_it a=1:  11%|█         | 12/112 [00:25<04:17,  2.58s/it]prompt_it a=1:  12%|█▏        | 13/112 [00:26<03:28,  2.11s/it]prompt_it a=1:  12%|█▎        | 14/112 [00:30<04:09,  2.54s/it]prompt_it a=1:  13%|█▎        | 15/112 [00:30<03:00,  1.86s/it]prompt_it a=1:  14%|█▍        | 16/112 [00:31<02:28,  1.55s/it]prompt_it a=1:  15%|█▌        | 17/112 [00:35<03:24,  2.15s/it]prompt_it a=1:  16%|█▌        | 18/112 [00:38<04:01,  2.57s/it]prompt_it a=1:  17%|█▋        | 19/112 [00:41<04:08,  2.68s/it]prompt_it a=1:  18%|█▊        | 20/112 [00:42<03:30,  2.29s/it]prompt_it a=1:  19%|█▉        | 21/112 [00:43<02:34,  1.69s/it]prompt_it a=1:  20%|█▉        | 22/112 [00:43<01:54,  1.27s/it]prompt_it a=1:  21%|██        | 23/112 [00:44<01:36,  1.08s/it]prompt_it a=1:  21%|██▏       | 24/112 [00:44<01:17,  1.13it/s]prompt_it a=1:  22%|██▏       | 25/112 [00:48<02:26,  1.69s/it]prompt_it a=1:  23%|██▎       | 26/112 [00:50<02:44,  1.91s/it]prompt_it a=1:  24%|██▍       | 27/112 [00:51<02:24,  1.70s/it]prompt_it a=1:  25%|██▌       | 28/112 [00:52<02:05,  1.49s/it]prompt_it a=1:  26%|██▌       | 29/112 [00:54<02:02,  1.47s/it]prompt_it a=1:  27%|██▋       | 30/112 [00:54<01:39,  1.21s/it]prompt_it a=1:  28%|██▊       | 31/112 [00:55<01:18,  1.03it/s]prompt_it a=1:  29%|██▊       | 32/112 [00:56<01:27,  1.10s/it]prompt_it a=1:  29%|██▉       | 33/112 [00:59<02:02,  1.55s/it]prompt_it a=1:  30%|███       | 34/112 [01:02<02:30,  1.93s/it]prompt_it a=1:  31%|███▏      | 35/112 [01:03<02:27,  1.91s/it]prompt_it a=1:  32%|███▏      | 36/112 [01:06<02:46,  2.19s/it]prompt_it a=1:  33%|███▎      | 37/112 [01:07<02:05,  1.68s/it]prompt_it a=1:  34%|███▍      | 38/112 [01:07<01:34,  1.27s/it]prompt_it a=1:  35%|███▍      | 39/112 [01:11<02:22,  1.95s/it]prompt_it a=1:  36%|███▌      | 40/112 [01:12<02:12,  1.83s/it]prompt_it a=1:  37%|███▋      | 41/112 [01:14<02:08,  1.81s/it]prompt_it a=1:  38%|███▊      | 42/112 [01:15<01:48,  1.55s/it]prompt_it a=1:  38%|███▊      | 43/112 [01:15<01:22,  1.19s/it]prompt_it a=1:  39%|███▉      | 44/112 [01:16<01:05,  1.03it/s]prompt_it a=1:  40%|████      | 45/112 [01:16<00:53,  1.25it/s]prompt_it a=1:  41%|████      | 46/112 [01:20<01:47,  1.62s/it]prompt_it a=1:  42%|████▏     | 47/112 [01:23<02:22,  2.20s/it]prompt_it a=1:  43%|████▎     | 48/112 [01:24<01:46,  1.67s/it]prompt_it a=1:  44%|████▍     | 49/112 [01:24<01:26,  1.37s/it]prompt_it a=1:  45%|████▍     | 50/112 [01:25<01:10,  1.14s/it]prompt_it a=1:  46%|████▌     | 51/112 [01:25<00:58,  1.03it/s]prompt_it a=1:  46%|████▋     | 52/112 [01:26<00:49,  1.21it/s]prompt_it a=1:  47%|████▋     | 53/112 [01:26<00:44,  1.33it/s]prompt_it a=1:  48%|████▊     | 54/112 [01:30<01:31,  1.58s/it]prompt_it a=1:  49%|████▉     | 55/112 [01:30<01:08,  1.20s/it]prompt_it a=1:  50%|█████     | 56/112 [01:31<00:56,  1.01s/it]prompt_it a=1:  51%|█████     | 57/112 [01:31<00:46,  1.19it/s]prompt_it a=1:  52%|█████▏    | 58/112 [01:32<00:41,  1.30it/s]prompt_it a=1:  53%|█████▎    | 59/112 [01:33<00:40,  1.31it/s]prompt_it a=1:  54%|█████▎    | 60/112 [01:33<00:34,  1.51it/s]prompt_it a=1:  54%|█████▍    | 61/112 [01:37<01:17,  1.52s/it]prompt_it a=1:  55%|█████▌    | 62/112 [01:37<00:57,  1.16s/it]prompt_it a=1:  56%|█████▋    | 63/112 [01:38<00:57,  1.18s/it]prompt_it a=1:  57%|█████▋    | 64/112 [01:39<00:48,  1.01s/it]prompt_it a=1:  58%|█████▊    | 65/112 [01:39<00:36,  1.28it/s]prompt_it a=1:  59%|█████▉    | 66/112 [01:39<00:29,  1.56it/s]prompt_it a=1:  60%|█████▉    | 67/112 [01:43<01:07,  1.51s/it]prompt_it a=1:  61%|██████    | 68/112 [01:46<01:33,  2.12s/it]prompt_it a=1:  62%|██████▏   | 69/112 [01:47<01:08,  1.58s/it]prompt_it a=1:  62%|██████▎   | 70/112 [01:47<00:52,  1.24s/it]prompt_it a=1:  63%|██████▎   | 71/112 [01:48<00:42,  1.03s/it]prompt_it a=1:  64%|██████▍   | 72/112 [01:51<01:02,  1.57s/it]prompt_it a=1:  65%|██████▌   | 73/112 [01:51<00:47,  1.23s/it]prompt_it a=1:  66%|██████▌   | 74/112 [01:55<01:12,  1.92s/it]prompt_it a=1:  67%|██████▋   | 75/112 [01:57<01:17,  2.09s/it]prompt_it a=1:  68%|██████▊   | 76/112 [01:57<00:56,  1.56s/it]prompt_it a=1:  69%|██████▉   | 77/112 [02:00<01:01,  1.75s/it]prompt_it a=1:  70%|██████▉   | 78/112 [02:00<00:49,  1.46s/it]prompt_it a=1:  71%|███████   | 79/112 [02:01<00:43,  1.32s/it]prompt_it a=1:  71%|███████▏  | 80/112 [02:02<00:32,  1.03s/it]prompt_it a=1:  72%|███████▏  | 81/112 [02:05<00:55,  1.78s/it]prompt_it a=1:  73%|███████▎  | 82/112 [02:08<00:59,  1.98s/it]prompt_it a=1:  74%|███████▍  | 83/112 [02:08<00:43,  1.51s/it]prompt_it a=1:  75%|███████▌  | 84/112 [02:08<00:32,  1.15s/it]prompt_it a=1:  76%|███████▌  | 85/112 [02:09<00:25,  1.07it/s]prompt_it a=1:  77%|███████▋  | 86/112 [02:09<00:20,  1.27it/s]prompt_it a=1:  78%|███████▊  | 87/112 [02:10<00:16,  1.49it/s]prompt_it a=1:  79%|███████▊  | 88/112 [02:13<00:36,  1.52s/it]prompt_it a=1:  79%|███████▉  | 89/112 [02:14<00:28,  1.25s/it]prompt_it a=1:  80%|████████  | 90/112 [02:14<00:22,  1.01s/it]prompt_it a=1:  81%|████████▏ | 91/112 [02:16<00:26,  1.27s/it]prompt_it a=1:  82%|████████▏ | 92/112 [02:17<00:23,  1.15s/it]prompt_it a=1:  83%|████████▎ | 93/112 [02:17<00:17,  1.08it/s]prompt_it a=1:  84%|████████▍ | 94/112 [02:18<00:13,  1.35it/s]prompt_it a=1:  85%|████████▍ | 95/112 [02:21<00:27,  1.59s/it]prompt_it a=1:  86%|████████▌ | 96/112 [02:25<00:34,  2.17s/it]prompt_it a=1:  87%|████████▋ | 97/112 [02:25<00:24,  1.66s/it]prompt_it a=1:  88%|████████▊ | 98/112 [02:26<00:18,  1.32s/it]prompt_it a=1:  88%|████████▊ | 99/112 [02:26<00:14,  1.08s/it]prompt_it a=1:  89%|████████▉ | 100/112 [02:27<00:10,  1.15it/s]prompt_it a=1:  90%|█████████ | 101/112 [02:27<00:08,  1.33it/s]prompt_it a=1:  91%|█████████ | 102/112 [02:31<00:15,  1.58s/it]prompt_it a=1:  92%|█████████▏| 103/112 [02:31<00:11,  1.32s/it]prompt_it a=1:  93%|█████████▎| 104/112 [02:32<00:08,  1.03s/it]prompt_it a=1:  94%|█████████▍| 105/112 [02:32<00:05,  1.17it/s]prompt_it a=1:  95%|█████████▍| 106/112 [02:32<00:04,  1.47it/s]prompt_it a=1:  96%|█████████▌| 107/112 [02:33<00:03,  1.66it/s]prompt_it a=1:  96%|█████████▋| 108/112 [02:34<00:02,  1.37it/s]prompt_it a=1:  97%|█████████▋| 109/112 [02:37<00:04,  1.56s/it]prompt_it a=1:  98%|█████████▊| 110/112 [02:41<00:04,  2.14s/it]prompt_it a=1:  99%|█████████▉| 111/112 [02:41<00:01,  1.55s/it]prompt_it a=1: 100%|██████████| 112/112 [02:42<00:00,  1.34s/it]prompt_it a=1: 100%|██████████| 112/112 [02:42<00:00,  1.45s/it]
prompt_pt a=0:   0%|          | 0/112 [00:00<?, ?it/s]prompt_pt a=0:   2%|▏         | 2/112 [00:00<00:06, 17.76it/s]prompt_pt a=0:   4%|▎         | 4/112 [00:00<00:06, 16.63it/s]prompt_pt a=0:   5%|▌         | 6/112 [00:00<00:06, 15.97it/s]prompt_pt a=0:   7%|▋         | 8/112 [00:00<00:06, 16.83it/s]prompt_pt a=0:   9%|▉         | 10/112 [00:00<00:06, 16.93it/s]prompt_pt a=0:  11%|█         | 12/112 [00:00<00:06, 16.18it/s]prompt_pt a=0:  12%|█▎        | 14/112 [00:00<00:05, 16.58it/s]prompt_pt a=0:  14%|█▍        | 16/112 [00:00<00:05, 17.03it/s]prompt_pt a=0:  16%|█▌        | 18/112 [00:01<00:05, 16.25it/s]prompt_pt a=0:  18%|█▊        | 20/112 [00:01<00:05, 15.70it/s]prompt_pt a=0:  20%|█▉        | 22/112 [00:01<00:05, 16.43it/s]prompt_pt a=0:  21%|██▏       | 24/112 [00:01<00:05, 16.79it/s]prompt_pt a=0:  23%|██▎       | 26/112 [00:01<00:05, 16.44it/s]prompt_pt a=0:  25%|██▌       | 28/112 [00:01<00:05, 16.63it/s]prompt_pt a=0:  27%|██▋       | 30/112 [00:01<00:04, 16.97it/s]prompt_pt a=0:  29%|██▊       | 32/112 [00:01<00:04, 16.71it/s]prompt_pt a=0:  30%|███       | 34/112 [00:02<00:04, 16.03it/s]prompt_pt a=0:  32%|███▏      | 36/112 [00:02<00:04, 16.55it/s]prompt_pt a=0:  34%|███▍      | 38/112 [00:02<00:04, 16.53it/s]prompt_pt a=0:  36%|███▌      | 40/112 [00:02<00:04, 16.08it/s]prompt_pt a=0:  38%|███▊      | 42/112 [00:02<00:04, 16.31it/s]prompt_pt a=0:  39%|███▉      | 44/112 [00:02<00:04, 16.65it/s]prompt_pt a=0:  41%|████      | 46/112 [00:02<00:04, 16.40it/s]prompt_pt a=0:  43%|████▎     | 48/112 [00:02<00:04, 15.99it/s]prompt_pt a=0:  45%|████▍     | 50/112 [00:03<00:03, 16.34it/s]prompt_pt a=0:  46%|████▋     | 52/112 [00:03<00:03, 16.66it/s]prompt_pt a=0:  48%|████▊     | 54/112 [00:03<00:03, 15.90it/s]prompt_pt a=0:  50%|█████     | 56/112 [00:03<00:03, 16.55it/s]prompt_pt a=0:  52%|█████▏    | 58/112 [00:03<00:03, 17.01it/s]prompt_pt a=0:  54%|█████▎    | 60/112 [00:03<00:03, 16.64it/s]prompt_pt a=0:  55%|█████▌    | 62/112 [00:03<00:03, 16.62it/s]prompt_pt a=0:  57%|█████▋    | 64/112 [00:03<00:02, 17.12it/s]prompt_pt a=0:  59%|█████▉    | 66/112 [00:03<00:02, 17.35it/s]prompt_pt a=0:  61%|██████    | 68/112 [00:04<00:02, 16.20it/s]prompt_pt a=0:  62%|██████▎   | 70/112 [00:04<00:02, 16.56it/s]prompt_pt a=0:  64%|██████▍   | 72/112 [00:04<00:02, 17.04it/s]prompt_pt a=0:  66%|██████▌   | 74/112 [00:04<00:02, 16.90it/s]prompt_pt a=0:  68%|██████▊   | 76/112 [00:04<00:02, 16.71it/s]prompt_pt a=0:  70%|██████▉   | 78/112 [00:04<00:02, 16.49it/s]prompt_pt a=0:  71%|███████▏  | 80/112 [00:04<00:01, 16.84it/s]prompt_pt a=0:  73%|███████▎  | 82/112 [00:04<00:01, 16.45it/s]prompt_pt a=0:  75%|███████▌  | 84/112 [00:05<00:01, 16.97it/s]prompt_pt a=0:  77%|███████▋  | 86/112 [00:05<00:01, 17.26it/s]prompt_pt a=0:  79%|███████▊  | 88/112 [00:05<00:01, 17.00it/s]prompt_pt a=0:  80%|████████  | 90/112 [00:05<00:01, 16.51it/s]prompt_pt a=0:  82%|████████▏ | 92/112 [00:05<00:01, 16.99it/s]prompt_pt a=0:  84%|████████▍ | 94/112 [00:05<00:01, 16.96it/s]prompt_pt a=0:  86%|████████▌ | 96/112 [00:05<00:00, 16.06it/s]prompt_pt a=0:  88%|████████▊ | 98/112 [00:05<00:00, 16.41it/s]prompt_pt a=0:  89%|████████▉ | 100/112 [00:06<00:00, 16.97it/s]prompt_pt a=0:  91%|█████████ | 102/112 [00:06<00:00, 16.32it/s]prompt_pt a=0:  93%|█████████▎| 104/112 [00:06<00:00, 16.00it/s]prompt_pt a=0:  95%|█████████▍| 106/112 [00:06<00:00, 16.66it/s]prompt_pt a=0:  96%|█████████▋| 108/112 [00:06<00:00, 17.02it/s]prompt_pt a=0:  98%|█████████▊| 110/112 [00:06<00:00, 16.24it/s]prompt_pt a=0: 100%|██████████| 112/112 [00:06<00:00, 16.28it/s]prompt_pt a=0: 100%|██████████| 112/112 [00:06<00:00, 16.56it/s]
prompt_pt a=1:   0%|          | 0/112 [00:00<?, ?it/s]prompt_pt a=1:   1%|          | 1/112 [00:03<06:35,  3.56s/it]prompt_pt a=1:   2%|▏         | 2/112 [00:04<03:12,  1.75s/it]prompt_pt a=1:   3%|▎         | 3/112 [00:07<04:19,  2.38s/it]prompt_pt a=1:   4%|▎         | 4/112 [00:08<03:17,  1.83s/it]prompt_pt a=1:   4%|▍         | 5/112 [00:11<04:20,  2.43s/it]prompt_pt a=1:   5%|▌         | 6/112 [00:12<03:11,  1.80s/it]prompt_pt a=1:   6%|▋         | 7/112 [00:15<03:56,  2.25s/it]prompt_pt a=1:   7%|▋         | 8/112 [00:15<02:55,  1.68s/it]prompt_pt a=1:   8%|▊         | 9/112 [00:16<02:13,  1.29s/it]prompt_pt a=1:   9%|▉         | 10/112 [00:16<01:43,  1.02s/it]prompt_pt a=1:  10%|▉         | 11/112 [00:20<02:59,  1.78s/it]prompt_pt a=1:  11%|█         | 12/112 [00:23<03:39,  2.19s/it]prompt_pt a=1:  12%|█▏        | 13/112 [00:23<02:47,  1.70s/it]prompt_pt a=1:  12%|█▎        | 14/112 [00:27<03:39,  2.24s/it]prompt_pt a=1:  13%|█▎        | 15/112 [00:27<02:39,  1.65s/it]prompt_pt a=1:  14%|█▍        | 16/112 [00:29<02:46,  1.74s/it]prompt_pt a=1:  15%|█▌        | 17/112 [00:33<03:35,  2.27s/it]prompt_pt a=1:  16%|█▌        | 18/112 [00:36<04:07,  2.64s/it]prompt_pt a=1:  17%|█▋        | 19/112 [00:40<04:28,  2.89s/it]prompt_pt a=1:  18%|█▊        | 20/112 [00:42<04:15,  2.77s/it]prompt_pt a=1:  19%|█▉        | 21/112 [00:46<04:32,  2.99s/it]prompt_pt a=1:  20%|█▉        | 22/112 [00:46<03:16,  2.18s/it]prompt_pt a=1:  21%|██        | 23/112 [00:49<03:49,  2.58s/it]prompt_pt a=1:  21%|██▏       | 24/112 [00:50<02:49,  1.93s/it]prompt_pt a=1:  22%|██▏       | 25/112 [00:53<03:30,  2.42s/it]prompt_pt a=1:  23%|██▎       | 26/112 [00:55<03:13,  2.25s/it]prompt_pt a=1:  24%|██▍       | 27/112 [00:56<02:28,  1.75s/it]prompt_pt a=1:  25%|██▌       | 28/112 [00:57<02:18,  1.65s/it]prompt_pt a=1:  26%|██▌       | 29/112 [00:58<01:46,  1.28s/it]prompt_pt a=1:  27%|██▋       | 30/112 [00:58<01:23,  1.01s/it]prompt_pt a=1:  28%|██▊       | 31/112 [00:58<01:07,  1.20it/s]prompt_pt a=1:  29%|██▊       | 32/112 [01:02<02:12,  1.66s/it]prompt_pt a=1:  29%|██▉       | 33/112 [01:06<02:55,  2.23s/it]prompt_pt a=1:  30%|███       | 34/112 [01:09<03:24,  2.62s/it]prompt_pt a=1:  31%|███▏      | 35/112 [01:11<02:59,  2.33s/it]prompt_pt a=1:  32%|███▏      | 36/112 [01:11<02:15,  1.79s/it]prompt_pt a=1:  33%|███▎      | 37/112 [01:13<02:19,  1.86s/it]prompt_pt a=1:  34%|███▍      | 38/112 [01:14<01:48,  1.46s/it]prompt_pt a=1:  35%|███▍      | 39/112 [01:17<02:31,  2.08s/it]prompt_pt a=1:  36%|███▌      | 40/112 [01:19<02:28,  2.06s/it]prompt_pt a=1:  37%|███▋      | 41/112 [01:20<02:03,  1.73s/it]prompt_pt a=1:  38%|███▊      | 42/112 [01:21<01:45,  1.50s/it]prompt_pt a=1:  38%|███▊      | 43/112 [01:22<01:20,  1.16s/it]prompt_pt a=1:  39%|███▉      | 44/112 [01:23<01:20,  1.18s/it]prompt_pt a=1:  40%|████      | 45/112 [01:24<01:06,  1.01it/s]prompt_pt a=1:  41%|████      | 46/112 [01:27<01:55,  1.75s/it]prompt_pt a=1:  42%|████▏     | 47/112 [01:28<01:46,  1.64s/it]prompt_pt a=1:  43%|████▎     | 48/112 [01:29<01:33,  1.45s/it]prompt_pt a=1:  44%|████▍     | 49/112 [01:30<01:15,  1.20s/it]prompt_pt a=1:  45%|████▍     | 50/112 [01:31<01:03,  1.02s/it]prompt_pt a=1:  46%|████▌     | 51/112 [01:31<00:53,  1.15it/s]prompt_pt a=1:  46%|████▋     | 52/112 [01:32<00:43,  1.38it/s]prompt_pt a=1:  47%|████▋     | 53/112 [01:35<01:33,  1.58s/it]prompt_pt a=1:  48%|████▊     | 54/112 [01:37<01:42,  1.77s/it]prompt_pt a=1:  49%|████▉     | 55/112 [01:38<01:21,  1.43s/it]prompt_pt a=1:  50%|█████     | 56/112 [01:39<01:05,  1.16s/it]prompt_pt a=1:  51%|█████     | 57/112 [01:39<00:51,  1.07it/s]prompt_pt a=1:  52%|█████▏    | 58/112 [01:39<00:44,  1.21it/s]prompt_pt a=1:  53%|█████▎    | 59/112 [01:40<00:42,  1.26it/s]prompt_pt a=1:  54%|█████▎    | 60/112 [01:44<01:24,  1.63s/it]prompt_pt a=1:  54%|█████▍    | 61/112 [01:47<01:52,  2.21s/it]prompt_pt a=1:  55%|█████▌    | 62/112 [01:48<01:22,  1.65s/it]prompt_pt a=1:  56%|█████▋    | 63/112 [01:49<01:12,  1.48s/it]prompt_pt a=1:  57%|█████▋    | 64/112 [01:49<00:56,  1.18s/it]prompt_pt a=1:  58%|█████▊    | 65/112 [01:50<00:46,  1.02it/s]prompt_pt a=1:  59%|█████▉    | 66/112 [01:51<00:42,  1.09it/s]prompt_pt a=1:  60%|█████▉    | 67/112 [01:54<01:16,  1.69s/it]prompt_pt a=1:  61%|██████    | 68/112 [01:58<01:38,  2.24s/it]prompt_pt a=1:  62%|██████▏   | 69/112 [01:58<01:11,  1.66s/it]prompt_pt a=1:  62%|██████▎   | 70/112 [01:59<01:09,  1.64s/it]prompt_pt a=1:  63%|██████▎   | 71/112 [02:00<00:54,  1.34s/it]prompt_pt a=1:  64%|██████▍   | 72/112 [02:01<00:43,  1.09s/it]prompt_pt a=1:  65%|██████▌   | 73/112 [02:01<00:35,  1.10it/s]prompt_pt a=1:  66%|██████▌   | 74/112 [02:05<01:04,  1.69s/it]prompt_pt a=1:  67%|██████▋   | 75/112 [02:07<01:05,  1.76s/it]prompt_pt a=1:  68%|██████▊   | 76/112 [02:07<00:49,  1.37s/it]prompt_pt a=1:  69%|██████▉   | 77/112 [02:09<00:57,  1.66s/it]prompt_pt a=1:  70%|██████▉   | 78/112 [02:10<00:44,  1.31s/it]prompt_pt a=1:  71%|███████   | 79/112 [02:11<00:42,  1.30s/it]prompt_pt a=1:  71%|███████▏  | 80/112 [02:11<00:32,  1.00s/it]prompt_pt a=1:  72%|███████▏  | 81/112 [02:15<00:54,  1.76s/it]prompt_pt a=1:  73%|███████▎  | 82/112 [02:17<00:51,  1.70s/it]prompt_pt a=1:  74%|███████▍  | 83/112 [02:17<00:38,  1.34s/it]prompt_pt a=1:  75%|███████▌  | 84/112 [02:17<00:29,  1.04s/it]prompt_pt a=1:  76%|███████▌  | 85/112 [02:18<00:22,  1.18it/s]prompt_pt a=1:  77%|███████▋  | 86/112 [02:18<00:19,  1.37it/s]prompt_pt a=1:  78%|███████▊  | 87/112 [02:19<00:18,  1.36it/s]prompt_pt a=1:  79%|███████▊  | 88/112 [02:23<00:38,  1.58s/it]prompt_pt a=1:  79%|███████▉  | 89/112 [02:25<00:40,  1.76s/it]prompt_pt a=1:  80%|████████  | 90/112 [02:28<00:50,  2.31s/it]prompt_pt a=1:  81%|████████▏ | 91/112 [02:29<00:41,  1.97s/it]prompt_pt a=1:  82%|████████▏ | 92/112 [02:30<00:30,  1.53s/it]prompt_pt a=1:  83%|████████▎ | 93/112 [02:30<00:22,  1.19s/it]prompt_pt a=1:  84%|████████▍ | 94/112 [02:32<00:24,  1.35s/it]prompt_pt a=1:  85%|████████▍ | 95/112 [02:36<00:34,  2.02s/it]prompt_pt a=1:  86%|████████▌ | 96/112 [02:39<00:39,  2.47s/it]prompt_pt a=1:  87%|████████▋ | 97/112 [02:40<00:28,  1.88s/it]prompt_pt a=1:  88%|████████▊ | 98/112 [02:42<00:27,  1.99s/it]prompt_pt a=1:  88%|████████▊ | 99/112 [02:42<00:20,  1.55s/it]prompt_pt a=1:  89%|████████▉ | 100/112 [02:44<00:18,  1.54s/it]prompt_pt a=1:  90%|█████████ | 101/112 [02:44<00:13,  1.20s/it]prompt_pt a=1:  91%|█████████ | 102/112 [02:48<00:19,  1.91s/it]prompt_pt a=1:  92%|█████████▏| 103/112 [02:50<00:18,  2.02s/it]prompt_pt a=1:  93%|█████████▎| 104/112 [02:51<00:12,  1.57s/it]prompt_pt a=1:  94%|█████████▍| 105/112 [02:52<00:10,  1.46s/it]prompt_pt a=1:  95%|█████████▍| 106/112 [02:52<00:06,  1.11s/it]prompt_pt a=1:  96%|█████████▌| 107/112 [02:53<00:04,  1.10it/s]prompt_pt a=1:  96%|█████████▋| 108/112 [02:53<00:03,  1.27it/s]prompt_pt a=1:  97%|█████████▋| 109/112 [02:57<00:04,  1.61s/it]prompt_pt a=1:  98%|█████████▊| 110/112 [02:59<00:03,  1.80s/it]prompt_pt a=1:  99%|█████████▉| 111/112 [03:00<00:01,  1.46s/it]prompt_pt a=1: 100%|██████████| 112/112 [03:00<00:00,  1.24s/it]prompt_pt a=1: 100%|██████████| 112/112 [03:00<00:00,  1.61s/it]

============================================================================================================================================
condicion              n    fr    en    es    de    it    pt  unk  is_fr  st_fr   acc  cambio  largo  ce_fr_h  ce_en_h  leak
--------------------------------------------------------------------------------------------------------------------------------------------
prompt_it a=0        112  0.00  0.00  0.00  0.00  0.97  0.00 0.03   0.00   0.72  0.68     nan  235.6    4.636    3.951  0.00
prompt_it a=1        112  0.00  0.00  0.97  0.00  0.01  0.00 0.01   0.00   0.27  0.61    1.00  212.0    1.223    4.396  0.00
prompt_pt a=0        112  0.00  0.01  0.02  0.00  0.01  0.81 0.15   0.00   0.00  0.70     nan  217.0    3.826    3.763  0.00
prompt_pt a=1        112  0.00  0.00  0.96  0.00  0.00  0.03 0.00   0.00   0.21  0.59    0.98  237.1    1.221    4.099  0.00
============================================================================================================================================

celda target: es
condicion             celda_ok    tgt  mayus
prompt_it a=0             0.00   0.00   0.00
prompt_it a=1             0.97   0.97   0.00
prompt_pt a=0             0.02   0.02   0.00
prompt_pt a=1             0.96   0.96   0.00
ce_fr_h es la CE del head del target de ESTA celda (columna `output` del CSV), no de frances.
fr/en/es/de/it/pt/unk: fraccion de salidas por idioma (language_verdict). cambio: salida != a=0.
ce_*_h: CE del head del target frances / del baseline ingles bajo esa condicion.
Lectura: it/pt no estuvieron en el entrenamiento. Si fr sube con a=1 desde las dos, la
transferencia es a idiomas no vistos; comparar con es/de del preset idioma (mismo parche).

Guardado: algebra/runs/v9/alg_es/cross_lang_romance.json
[gen_cache] /home/sagemaker-user/user-default-efs/papers/LLMAtaquesContinuos/experimentos/idiomas/algebra/runs/v9/gen_cache: reusadas 224, generadas 224

################ A de
`torch_dtype` is deprecated! Use `dtype` instead!
Loading checkpoint shards:   0%|          | 0/2 [00:00<?, ?it/s]Loading checkpoint shards:  50%|█████     | 1/2 [00:01<00:01,  1.01s/it]Loading checkpoint shards: 100%|██████████| 2/2 [00:01<00:00,  1.67it/s]Loading checkpoint shards: 100%|██████████| 2/2 [00:01<00:00,  1.52it/s]
Held-out: 112  |  parche: algebra/runs/v9/alg_de/lang_patch_best_train.pt  |  escala: 1.0
======================================================================
eval:   0%|          | 0/112 [00:00<?, ?it/s][lang_id] GlotLID: /mnt/custom-file-systems/efs/fs-0ded2930a619aa967_fsap-0faa05c681ed1a8f3/papers/LLMAtaquesContinuos/modelos/glotlid/model.bin
eval:   1%|          | 1/112 [00:01<03:30,  1.90s/it]eval:   2%|▏         | 2/112 [00:02<02:18,  1.26s/it]eval:   3%|▎         | 3/112 [00:05<03:11,  1.76s/it]eval:   4%|▎         | 4/112 [00:08<04:22,  2.43s/it]eval:   4%|▍         | 5/112 [00:11<05:00,  2.80s/it]eval:   5%|▌         | 6/112 [00:12<03:46,  2.14s/it]eval:   6%|▋         | 7/112 [00:16<04:29,  2.57s/it]eval:   7%|▋         | 8/112 [00:16<03:16,  1.89s/it]eval:   8%|▊         | 9/112 [00:19<03:34,  2.08s/it]eval:   9%|▉         | 10/112 [00:19<02:45,  1.62s/it]eval:  10%|▉         | 11/112 [00:23<03:42,  2.20s/it]eval:  11%|█         | 12/112 [00:25<03:51,  2.32s/it]eval:  12%|█▏        | 13/112 [00:29<04:25,  2.68s/it]eval:  12%|█▎        | 14/112 [00:32<04:47,  2.93s/it]eval:  13%|█▎        | 15/112 [00:33<03:28,  2.15s/it]eval:  14%|█▍        | 16/112 [00:34<02:57,  1.85s/it]eval:  15%|█▌        | 17/112 [00:37<03:42,  2.34s/it]eval:  16%|█▌        | 18/112 [00:41<04:13,  2.70s/it]eval:  17%|█▋        | 19/112 [00:44<04:33,  2.94s/it]eval:  18%|█▊        | 20/112 [00:48<04:46,  3.12s/it]eval:  19%|█▉        | 21/112 [00:51<04:49,  3.18s/it]eval:  20%|█▉        | 22/112 [00:52<03:27,  2.31s/it]eval:  21%|██        | 23/112 [00:52<02:41,  1.81s/it]eval:  21%|██▏       | 24/112 [00:53<02:01,  1.38s/it]eval:  22%|██▏       | 25/112 [00:56<02:54,  2.01s/it]eval:  23%|██▎       | 26/112 [00:57<02:12,  1.54s/it]eval:  24%|██▍       | 27/112 [00:57<01:53,  1.34s/it]eval:  25%|██▌       | 28/112 [00:59<01:58,  1.41s/it]eval:  26%|██▌       | 29/112 [01:00<01:43,  1.24s/it]eval:  27%|██▋       | 30/112 [01:03<02:27,  1.80s/it]eval:  28%|██▊       | 31/112 [01:03<01:52,  1.39s/it]eval:  29%|██▊       | 32/112 [01:07<02:42,  2.04s/it]eval:  29%|██▉       | 33/112 [01:10<03:15,  2.48s/it]eval:  30%|███       | 34/112 [01:14<03:37,  2.79s/it]eval:  31%|███▏      | 35/112 [01:17<03:51,  3.00s/it]eval:  32%|███▏      | 36/112 [01:18<02:50,  2.24s/it]eval:  33%|███▎      | 37/112 [01:20<02:38,  2.11s/it]eval:  34%|███▍      | 38/112 [01:20<01:58,  1.60s/it]eval:  35%|███▍      | 39/112 [01:24<02:38,  2.17s/it]eval:  36%|███▌      | 40/112 [01:27<03:04,  2.57s/it]eval:  37%|███▋      | 41/112 [01:27<02:13,  1.88s/it]eval:  38%|███▊      | 42/112 [01:28<01:50,  1.58s/it]eval:  38%|███▊      | 43/112 [01:29<01:23,  1.20s/it]eval:  39%|███▉      | 44/112 [01:30<01:32,  1.36s/it]eval:  40%|████      | 45/112 [01:31<01:14,  1.11s/it]eval:  41%|████      | 46/112 [01:34<02:01,  1.84s/it]eval:  42%|████▏     | 47/112 [01:38<02:32,  2.35s/it]eval:  43%|████▎     | 48/112 [01:38<01:54,  1.79s/it]eval:  44%|████▍     | 49/112 [01:40<01:44,  1.66s/it]eval:  45%|████▍     | 50/112 [01:40<01:21,  1.31s/it]eval:  46%|████▌     | 51/112 [01:41<01:06,  1.10s/it]eval:  46%|████▋     | 52/112 [01:41<00:52,  1.14it/s]eval:  47%|████▋     | 53/112 [01:45<01:38,  1.67s/it]eval:  48%|████▊     | 54/112 [01:48<02:07,  2.21s/it]eval:  49%|████▉     | 55/112 [01:49<01:33,  1.65s/it]eval:  50%|█████     | 56/112 [01:52<02:02,  2.19s/it]eval:  51%|█████     | 57/112 [01:52<01:30,  1.65s/it]eval:  52%|█████▏    | 58/112 [01:53<01:12,  1.35s/it]eval:  53%|█████▎    | 59/112 [01:55<01:27,  1.65s/it]eval:  54%|█████▎    | 60/112 [01:59<01:54,  2.21s/it]eval:  54%|█████▍    | 61/112 [02:02<02:12,  2.60s/it]eval:  55%|█████▌    | 62/112 [02:03<01:35,  1.91s/it]eval:  56%|█████▋    | 63/112 [02:03<01:10,  1.44s/it]eval:  57%|█████▋    | 64/112 [02:04<00:54,  1.14s/it]eval:  58%|█████▊    | 65/112 [02:04<00:42,  1.10it/s]eval:  59%|█████▉    | 66/112 [02:04<00:33,  1.36it/s]eval:  60%|█████▉    | 67/112 [02:08<01:10,  1.56s/it]eval:  61%|██████    | 68/112 [02:11<01:33,  2.13s/it]eval:  62%|██████▏   | 69/112 [02:12<01:08,  1.60s/it]eval:  62%|██████▎   | 70/112 [02:12<00:52,  1.24s/it]eval:  63%|██████▎   | 71/112 [02:13<00:42,  1.05s/it]eval:  64%|██████▍   | 72/112 [02:13<00:32,  1.24it/s]eval:  65%|██████▌   | 73/112 [02:14<00:36,  1.08it/s]eval:  66%|██████▌   | 74/112 [02:17<01:04,  1.69s/it]eval:  67%|██████▋   | 75/112 [02:21<01:22,  2.23s/it]eval:  68%|██████▊   | 76/112 [02:21<01:02,  1.72s/it]eval:  69%|██████▉   | 77/112 [02:23<01:01,  1.76s/it]eval:  70%|██████▉   | 78/112 [02:27<01:17,  2.27s/it]eval:  71%|███████   | 79/112 [02:30<01:26,  2.62s/it]eval:  71%|███████▏  | 80/112 [02:31<01:01,  1.94s/it]eval:  72%|███████▏  | 81/112 [02:34<01:14,  2.40s/it]eval:  73%|███████▎  | 82/112 [02:38<01:21,  2.72s/it]eval:  74%|███████▍  | 83/112 [02:39<01:09,  2.39s/it]eval:  75%|███████▌  | 84/112 [02:42<01:11,  2.55s/it]eval:  76%|███████▌  | 85/112 [02:43<00:52,  1.94s/it]eval:  77%|███████▋  | 86/112 [02:43<00:37,  1.43s/it]eval:  78%|███████▊  | 87/112 [02:43<00:28,  1.12s/it]eval:  79%|███████▊  | 88/112 [02:47<00:44,  1.85s/it]eval:  79%|███████▉  | 89/112 [02:50<00:54,  2.36s/it]eval:  80%|████████  | 90/112 [02:51<00:40,  1.83s/it]eval:  81%|████████▏ | 91/112 [02:51<00:29,  1.41s/it]eval:  82%|████████▏ | 92/112 [02:52<00:22,  1.11s/it]eval:  83%|████████▎ | 93/112 [02:52<00:16,  1.14it/s]eval:  84%|████████▍ | 94/112 [02:53<00:13,  1.31it/s]eval:  85%|████████▍ | 95/112 [02:56<00:26,  1.58s/it]eval:  86%|████████▌ | 96/112 [03:00<00:34,  2.15s/it]eval:  87%|████████▋ | 97/112 [03:00<00:24,  1.66s/it]eval:  88%|████████▊ | 98/112 [03:01<00:18,  1.31s/it]eval:  88%|████████▊ | 99/112 [03:01<00:13,  1.07s/it]eval:  89%|████████▉ | 100/112 [03:01<00:10,  1.17it/s]eval:  90%|█████████ | 101/112 [03:02<00:08,  1.29it/s]eval:  91%|█████████ | 102/112 [03:06<00:15,  1.60s/it]eval:  92%|█████████▏| 103/112 [03:09<00:19,  2.18s/it]eval:  93%|█████████▎| 104/112 [03:10<00:15,  1.89s/it]eval:  94%|█████████▍| 105/112 [03:14<00:16,  2.37s/it]eval:  95%|█████████▍| 106/112 [03:14<00:10,  1.76s/it]eval:  96%|█████████▌| 107/112 [03:15<00:07,  1.42s/it]eval:  96%|█████████▋| 108/112 [03:15<00:04,  1.12s/it]eval:  97%|█████████▋| 109/112 [03:19<00:05,  1.84s/it]eval:  98%|█████████▊| 110/112 [03:22<00:04,  2.35s/it]eval:  99%|█████████▉| 111/112 [03:23<00:01,  1.78s/it]eval: 100%|██████████| 112/112 [03:23<00:00,  1.40s/it]eval: 100%|██████████| 112/112 [03:23<00:00,  1.82s/it]

======================================================================
condicion                   is_french   fr_score   accuracy    leak
----------------------------------------------------------------------
baseline  M(q)                  0.0%      0.000     95.5%      0%
referencia  M([FR;q])           0.0%      0.022     72.3%      0%
parche  M(q+v)                  0.0%      0.004     77.7%      0%
----------------------------------------------------------------------
celda target: de   (celda_ok = idioma de Y NO mayusculas)
condicion                    celda_ok     idioma      mayus
baseline  M(q)                  0.0%       0.0%       0.0%
referencia  M([FR;q])          94.6%      94.6%       0.0%
parche  M(q+v)                 94.6%      94.6%       0.0%
----------------------------------------------------------------------
CE target FR                sin parche  con parche     delta
head (primeros 5)               5.2638      0.6914   -4.5725
tail (el resto)                 0.5172      0.3432   -0.1741
toda la respuesta               1.4624      0.3885   -1.0739
  el head es donde vive la decision de idioma; el tail casi no deberia moverse
  tokens parcheados por prompt (anchor goal_all): media 7.5
======================================================================

Reportes: algebra/runs/v9/alg_de/eval_heldout.json
          algebra/runs/v9/alg_de/eval_heldout.md
[gen_cache] /home/sagemaker-user/user-default-efs/papers/LLMAtaquesContinuos/experimentos/idiomas/algebra/runs/v9/gen_cache: reusadas 224, generadas 112
`torch_dtype` is deprecated! Use `dtype` instead!
Loading checkpoint shards:   0%|          | 0/2 [00:00<?, ?it/s]Loading checkpoint shards:  50%|█████     | 1/2 [00:01<00:01,  1.02s/it]Loading checkpoint shards: 100%|██████████| 2/2 [00:01<00:00,  1.66it/s]Loading checkpoint shards: 100%|██████████| 2/2 [00:01<00:00,  1.50it/s]
parche algebra/runs/v9/alg_de/lang_patch_best_train.pt  norma 0.9419  |  tail held-out 112 (idx 588..699)
preset=idioma  condiciones=['prompt_es a=0', 'prompt_es a=1', 'prompt_fr a=0', 'prompt_fr a=1', 'prompt a=0', 'prompt a=1']
prompt_es a=0:   0%|          | 0/112 [00:00<?, ?it/s][lang_id] GlotLID: /mnt/custom-file-systems/efs/fs-0ded2930a619aa967_fsap-0faa05c681ed1a8f3/papers/LLMAtaquesContinuos/modelos/glotlid/model.bin
prompt_es a=0:   1%|          | 1/112 [00:01<02:25,  1.31s/it]prompt_es a=0:   3%|▎         | 3/112 [00:01<00:42,  2.59it/s]prompt_es a=0:   4%|▍         | 5/112 [00:01<00:23,  4.47it/s]prompt_es a=0:   6%|▋         | 7/112 [00:01<00:16,  6.32it/s]prompt_es a=0:   8%|▊         | 9/112 [00:01<00:12,  8.17it/s]prompt_es a=0:  10%|▉         | 11/112 [00:01<00:10,  9.93it/s]prompt_es a=0:  12%|█▏        | 13/112 [00:02<00:08, 11.28it/s]prompt_es a=0:  13%|█▎        | 15/112 [00:02<00:07, 12.61it/s]prompt_es a=0:  15%|█▌        | 17/112 [00:02<00:06, 13.62it/s]prompt_es a=0:  17%|█▋        | 19/112 [00:02<00:06, 14.02it/s]prompt_es a=0:  19%|█▉        | 21/112 [00:02<00:06, 14.65it/s]prompt_es a=0:  21%|██        | 23/112 [00:02<00:05, 15.40it/s]prompt_es a=0:  22%|██▏       | 25/112 [00:02<00:05, 15.66it/s]prompt_es a=0:  24%|██▍       | 27/112 [00:02<00:05, 15.75it/s]prompt_es a=0:  26%|██▌       | 29/112 [00:03<00:05, 15.90it/s]prompt_es a=0:  28%|██▊       | 31/112 [00:03<00:05, 16.10it/s]prompt_es a=0:  29%|██▉       | 33/112 [00:03<00:05, 15.59it/s]prompt_es a=0:  31%|███▏      | 35/112 [00:03<00:05, 15.29it/s]prompt_es a=0:  33%|███▎      | 37/112 [00:03<00:04, 15.51it/s]prompt_es a=0:  35%|███▍      | 39/112 [00:03<00:04, 15.82it/s]prompt_es a=0:  37%|███▋      | 41/112 [00:03<00:04, 15.76it/s]prompt_es a=0:  38%|███▊      | 43/112 [00:03<00:04, 15.98it/s]prompt_es a=0:  40%|████      | 45/112 [00:04<00:04, 15.70it/s]prompt_es a=0:  42%|████▏     | 47/112 [00:04<00:04, 15.34it/s]prompt_es a=0:  44%|████▍     | 49/112 [00:04<00:03, 15.93it/s]prompt_es a=0:  46%|████▌     | 51/112 [00:04<00:03, 15.80it/s]prompt_es a=0:  47%|████▋     | 53/112 [00:04<00:03, 15.96it/s]prompt_es a=0:  49%|████▉     | 55/112 [00:04<00:03, 15.96it/s]prompt_es a=0:  51%|█████     | 57/112 [00:04<00:03, 16.55it/s]prompt_es a=0:  53%|█████▎    | 59/112 [00:04<00:03, 16.49it/s]prompt_es a=0:  54%|█████▍    | 61/112 [00:05<00:03, 15.71it/s]prompt_es a=0:  56%|█████▋    | 63/112 [00:05<00:03, 16.18it/s]prompt_es a=0:  58%|█████▊    | 65/112 [00:05<00:02, 16.48it/s]prompt_es a=0:  60%|█████▉    | 67/112 [00:05<00:02, 16.24it/s]prompt_es a=0:  62%|██████▏   | 69/112 [00:05<00:02, 16.21it/s]prompt_es a=0:  63%|██████▎   | 71/112 [00:05<00:02, 16.82it/s]prompt_es a=0:  65%|██████▌   | 73/112 [00:05<00:02, 17.01it/s]prompt_es a=0:  67%|██████▋   | 75/112 [00:05<00:02, 16.34it/s]prompt_es a=0:  69%|██████▉   | 77/112 [00:06<00:02, 16.89it/s]prompt_es a=0:  71%|███████   | 79/112 [00:06<00:01, 16.98it/s]prompt_es a=0:  72%|███████▏  | 81/112 [00:06<00:01, 16.77it/s]prompt_es a=0:  74%|███████▍  | 83/112 [00:06<00:01, 16.96it/s]prompt_es a=0:  76%|███████▌  | 85/112 [00:06<00:01, 16.93it/s]prompt_es a=0:  78%|███████▊  | 87/112 [00:06<00:01, 17.17it/s]prompt_es a=0:  79%|███████▉  | 89/112 [00:06<00:01, 16.12it/s]prompt_es a=0:  81%|████████▏ | 91/112 [00:06<00:01, 16.52it/s]prompt_es a=0:  83%|████████▎ | 93/112 [00:06<00:01, 16.86it/s]prompt_es a=0:  85%|████████▍ | 95/112 [00:07<00:01, 16.69it/s]prompt_es a=0:  87%|████████▋ | 97/112 [00:07<00:00, 16.45it/s]prompt_es a=0:  88%|████████▊ | 99/112 [00:07<00:00, 16.77it/s]prompt_es a=0:  90%|█████████ | 101/112 [00:07<00:00, 17.02it/s]prompt_es a=0:  92%|█████████▏| 103/112 [00:07<00:00, 15.99it/s]prompt_es a=0:  94%|█████████▍| 105/112 [00:07<00:00, 16.56it/s]prompt_es a=0:  96%|█████████▌| 107/112 [00:07<00:00, 16.86it/s]prompt_es a=0:  97%|█████████▋| 109/112 [00:07<00:00, 16.65it/s]prompt_es a=0:  99%|█████████▉| 111/112 [00:08<00:00, 16.14it/s]prompt_es a=0: 100%|██████████| 112/112 [00:08<00:00, 13.74it/s]
prompt_es a=1:   0%|          | 0/112 [00:00<?, ?it/s]prompt_es a=1:   1%|          | 1/112 [00:00<01:38,  1.13it/s]prompt_es a=1:   2%|▏         | 2/112 [00:01<01:11,  1.55it/s]prompt_es a=1:   3%|▎         | 3/112 [00:01<01:02,  1.75it/s]prompt_es a=1:   4%|▎         | 4/112 [00:05<03:05,  1.72s/it]prompt_es a=1:   4%|▍         | 5/112 [00:08<04:11,  2.35s/it]prompt_es a=1:   5%|▌         | 6/112 [00:12<04:49,  2.73s/it]prompt_es a=1:   6%|▋         | 7/112 [00:15<05:12,  2.98s/it]prompt_es a=1:   7%|▋         | 8/112 [00:16<03:44,  2.16s/it]prompt_es a=1:   8%|▊         | 9/112 [00:19<04:24,  2.57s/it]prompt_es a=1:   9%|▉         | 10/112 [00:20<03:17,  1.94s/it]prompt_es a=1:  10%|▉         | 11/112 [00:23<04:03,  2.41s/it]prompt_es a=1:  11%|█         | 12/112 [00:25<03:51,  2.32s/it]prompt_es a=1:  12%|█▏        | 13/112 [00:26<02:53,  1.75s/it]prompt_es a=1:  12%|█▎        | 14/112 [00:29<03:42,  2.27s/it]prompt_es a=1:  13%|█▎        | 15/112 [00:29<02:42,  1.68s/it]prompt_es a=1:  14%|█▍        | 16/112 [00:31<02:25,  1.52s/it]prompt_es a=1:  15%|█▌        | 17/112 [00:34<03:20,  2.11s/it]prompt_es a=1:  16%|█▌        | 18/112 [00:38<03:57,  2.53s/it]prompt_es a=1:  17%|█▋        | 19/112 [00:38<02:57,  1.91s/it]prompt_es a=1:  18%|█▊        | 20/112 [00:42<03:40,  2.39s/it]prompt_es a=1:  19%|█▉        | 21/112 [00:44<03:43,  2.46s/it]prompt_es a=1:  20%|█▉        | 22/112 [00:44<02:42,  1.80s/it]prompt_es a=1:  21%|██        | 23/112 [00:45<02:09,  1.45s/it]prompt_es a=1:  21%|██▏       | 24/112 [00:46<01:46,  1.21s/it]prompt_es a=1:  22%|██▏       | 25/112 [00:49<02:45,  1.90s/it]prompt_es a=1:  23%|██▎       | 26/112 [00:50<02:10,  1.51s/it]prompt_es a=1:  24%|██▍       | 27/112 [00:50<01:45,  1.24s/it]prompt_es a=1:  25%|██▌       | 28/112 [00:52<01:43,  1.23s/it]prompt_es a=1:  26%|██▌       | 29/112 [00:54<02:05,  1.51s/it]prompt_es a=1:  27%|██▋       | 30/112 [00:55<01:43,  1.26s/it]prompt_es a=1:  28%|██▊       | 31/112 [00:55<01:21,  1.00s/it]prompt_es a=1:  29%|██▊       | 32/112 [00:58<02:20,  1.75s/it]prompt_es a=1:  29%|██▉       | 33/112 [01:02<02:59,  2.27s/it]prompt_es a=1:  30%|███       | 34/112 [01:05<03:24,  2.63s/it]prompt_es a=1:  31%|███▏      | 35/112 [01:08<03:29,  2.72s/it]prompt_es a=1:  32%|███▏      | 36/112 [01:10<03:14,  2.55s/it]prompt_es a=1:  33%|███▎      | 37/112 [01:11<02:26,  1.96s/it]prompt_es a=1:  34%|███▍      | 38/112 [01:11<01:50,  1.49s/it]prompt_es a=1:  35%|███▍      | 39/112 [01:15<02:33,  2.10s/it]prompt_es a=1:  36%|███▌      | 40/112 [01:19<03:02,  2.53s/it]prompt_es a=1:  37%|███▋      | 41/112 [01:19<02:16,  1.93s/it]prompt_es a=1:  38%|███▊      | 42/112 [01:20<01:52,  1.61s/it]prompt_es a=1:  38%|███▊      | 43/112 [01:20<01:24,  1.22s/it]prompt_es a=1:  39%|███▉      | 44/112 [01:24<02:10,  1.92s/it]prompt_es a=1:  40%|████      | 45/112 [01:25<01:54,  1.71s/it]prompt_es a=1:  41%|████      | 46/112 [01:29<02:28,  2.26s/it]prompt_es a=1:  42%|████▏     | 47/112 [01:32<02:52,  2.65s/it]prompt_es a=1:  43%|████▎     | 48/112 [01:32<02:05,  1.97s/it]prompt_es a=1:  44%|████▍     | 49/112 [01:36<02:34,  2.45s/it]prompt_es a=1:  45%|████▍     | 50/112 [01:36<01:52,  1.82s/it]prompt_es a=1:  46%|████▌     | 51/112 [01:40<02:21,  2.32s/it]prompt_es a=1:  46%|████▋     | 52/112 [01:40<01:43,  1.72s/it]prompt_es a=1:  47%|████▋     | 53/112 [01:41<01:18,  1.33s/it]prompt_es a=1:  48%|████▊     | 54/112 [01:44<01:55,  2.00s/it]prompt_es a=1:  49%|████▉     | 55/112 [01:44<01:25,  1.50s/it]prompt_es a=1:  50%|█████     | 56/112 [01:45<01:05,  1.18s/it]prompt_es a=1:  51%|█████     | 57/112 [01:45<00:51,  1.08it/s]prompt_es a=1:  52%|█████▏    | 58/112 [01:46<00:45,  1.19it/s]prompt_es a=1:  53%|█████▎    | 59/112 [01:46<00:39,  1.33it/s]prompt_es a=1:  54%|█████▎    | 60/112 [01:47<00:34,  1.50it/s]prompt_es a=1:  54%|█████▍    | 61/112 [01:50<01:18,  1.54s/it]prompt_es a=1:  55%|█████▌    | 62/112 [01:51<00:58,  1.16s/it]prompt_es a=1:  56%|█████▋    | 63/112 [01:51<00:44,  1.11it/s]prompt_es a=1:  57%|█████▋    | 64/112 [01:52<00:36,  1.30it/s]prompt_es a=1:  58%|█████▊    | 65/112 [01:52<00:29,  1.58it/s]prompt_es a=1:  59%|█████▉    | 66/112 [01:52<00:24,  1.85it/s]prompt_es a=1:  60%|█████▉    | 67/112 [01:56<01:04,  1.43s/it]prompt_es a=1:  61%|██████    | 68/112 [01:59<01:31,  2.07s/it]prompt_es a=1:  62%|██████▏   | 69/112 [02:00<01:06,  1.55s/it]prompt_es a=1:  62%|██████▎   | 70/112 [02:00<00:50,  1.20s/it]prompt_es a=1:  63%|██████▎   | 71/112 [02:00<00:40,  1.01it/s]prompt_es a=1:  64%|██████▍   | 72/112 [02:01<00:33,  1.18it/s]prompt_es a=1:  65%|██████▌   | 73/112 [02:02<00:34,  1.12it/s]prompt_es a=1:  66%|██████▌   | 74/112 [02:03<00:38,  1.02s/it]prompt_es a=1:  67%|██████▋   | 75/112 [02:07<01:05,  1.77s/it]prompt_es a=1:  68%|██████▊   | 76/112 [02:07<00:50,  1.40s/it]prompt_es a=1:  69%|██████▉   | 77/112 [02:11<01:11,  2.04s/it]prompt_es a=1:  70%|██████▉   | 78/112 [02:12<00:56,  1.65s/it]prompt_es a=1:  71%|███████   | 79/112 [02:15<01:13,  2.22s/it]prompt_es a=1:  71%|███████▏  | 80/112 [02:16<00:52,  1.66s/it]prompt_es a=1:  72%|███████▏  | 81/112 [02:19<01:08,  2.20s/it]prompt_es a=1:  73%|███████▎  | 82/112 [02:20<00:53,  1.79s/it]prompt_es a=1:  74%|███████▍  | 83/112 [02:22<00:57,  2.00s/it]prompt_es a=1:  75%|███████▌  | 84/112 [02:23<00:47,  1.69s/it]prompt_es a=1:  76%|███████▌  | 85/112 [02:24<00:35,  1.32s/it]prompt_es a=1:  77%|███████▋  | 86/112 [02:24<00:26,  1.04s/it]prompt_es a=1:  78%|███████▊  | 87/112 [02:25<00:21,  1.18it/s]prompt_es a=1:  79%|███████▊  | 88/112 [02:28<00:39,  1.65s/it]prompt_es a=1:  79%|███████▉  | 89/112 [02:30<00:42,  1.86s/it]prompt_es a=1:  80%|████████  | 90/112 [02:31<00:32,  1.47s/it]prompt_es a=1:  81%|████████▏ | 91/112 [02:31<00:22,  1.09s/it]prompt_es a=1:  82%|████████▏ | 92/112 [02:32<00:17,  1.12it/s]prompt_es a=1:  83%|████████▎ | 93/112 [02:32<00:13,  1.36it/s]prompt_es a=1:  84%|████████▍ | 94/112 [02:32<00:11,  1.60it/s]prompt_es a=1:  85%|████████▍ | 95/112 [02:36<00:25,  1.48s/it]prompt_es a=1:  86%|████████▌ | 96/112 [02:39<00:33,  2.08s/it]prompt_es a=1:  87%|████████▋ | 97/112 [02:40<00:23,  1.60s/it]prompt_es a=1:  88%|████████▊ | 98/112 [02:40<00:17,  1.24s/it]prompt_es a=1:  88%|████████▊ | 99/112 [02:41<00:13,  1.03s/it]prompt_es a=1:  89%|████████▉ | 100/112 [02:41<00:09,  1.22it/s]prompt_es a=1:  90%|█████████ | 101/112 [02:41<00:07,  1.48it/s]prompt_es a=1:  91%|█████████ | 102/112 [02:45<00:15,  1.52s/it]prompt_es a=1:  92%|█████████▏| 103/112 [02:48<00:18,  2.10s/it]prompt_es a=1:  93%|█████████▎| 104/112 [02:51<00:18,  2.26s/it]prompt_es a=1:  94%|█████████▍| 105/112 [02:51<00:11,  1.68s/it]prompt_es a=1:  95%|█████████▍| 106/112 [02:52<00:07,  1.26s/it]prompt_es a=1:  96%|█████████▌| 107/112 [02:52<00:05,  1.06s/it]prompt_es a=1:  96%|█████████▋| 108/112 [02:53<00:03,  1.15it/s]prompt_es a=1:  97%|█████████▋| 109/112 [02:56<00:04,  1.65s/it]prompt_es a=1:  98%|█████████▊| 110/112 [03:00<00:04,  2.20s/it]prompt_es a=1:  99%|█████████▉| 111/112 [03:01<00:01,  1.87s/it]prompt_es a=1: 100%|██████████| 112/112 [03:03<00:00,  1.96s/it]prompt_es a=1: 100%|██████████| 112/112 [03:03<00:00,  1.64s/it]
prompt_fr a=0:   0%|          | 0/112 [00:00<?, ?it/s]prompt_fr a=0:   2%|▏         | 2/112 [00:00<00:06, 17.79it/s]prompt_fr a=0:   4%|▎         | 4/112 [00:00<00:06, 16.57it/s]prompt_fr a=0:   5%|▌         | 6/112 [00:00<00:06, 15.87it/s]prompt_fr a=0:   7%|▋         | 8/112 [00:00<00:06, 15.99it/s]prompt_fr a=0:   9%|▉         | 10/112 [00:00<00:06, 16.08it/s]prompt_fr a=0:  11%|█         | 12/112 [00:00<00:06, 15.42it/s]prompt_fr a=0:  12%|█▎        | 14/112 [00:00<00:06, 15.22it/s]prompt_fr a=0:  14%|█▍        | 16/112 [00:01<00:06, 15.92it/s]prompt_fr a=0:  16%|█▌        | 18/112 [00:01<00:06, 15.57it/s]prompt_fr a=0:  18%|█▊        | 20/112 [00:01<00:05, 15.37it/s]prompt_fr a=0:  20%|█▉        | 22/112 [00:01<00:05, 15.68it/s]prompt_fr a=0:  21%|██▏       | 24/112 [00:01<00:05, 16.23it/s]prompt_fr a=0:  23%|██▎       | 26/112 [00:01<00:05, 15.61it/s]prompt_fr a=0:  25%|██▌       | 28/112 [00:01<00:05, 16.14it/s]prompt_fr a=0:  27%|██▋       | 30/112 [00:01<00:04, 16.49it/s]prompt_fr a=0:  29%|██▊       | 32/112 [00:02<00:04, 16.39it/s]prompt_fr a=0:  30%|███       | 34/112 [00:02<00:04, 15.84it/s]prompt_fr a=0:  32%|███▏      | 36/112 [00:02<00:04, 16.35it/s]prompt_fr a=0:  34%|███▍      | 38/112 [00:02<00:04, 16.50it/s]prompt_fr a=0:  36%|███▌      | 40/112 [00:02<00:04, 15.93it/s]prompt_fr a=0:  38%|███▊      | 42/112 [00:02<00:04, 16.08it/s]prompt_fr a=0:  39%|███▉      | 44/112 [00:02<00:04, 16.15it/s]prompt_fr a=0:  41%|████      | 46/112 [00:02<00:04, 16.19it/s]prompt_fr a=0:  43%|████▎     | 48/112 [00:03<00:04, 15.93it/s]prompt_fr a=0:  45%|████▍     | 50/112 [00:03<00:03, 16.40it/s]prompt_fr a=0:  46%|████▋     | 52/112 [00:03<00:03, 16.80it/s]prompt_fr a=0:  48%|████▊     | 54/112 [00:03<00:03, 16.35it/s]prompt_fr a=0:  50%|█████     | 56/112 [00:03<00:03, 16.51it/s]prompt_fr a=0:  52%|█████▏    | 58/112 [00:03<00:03, 16.99it/s]prompt_fr a=0:  54%|█████▎    | 60/112 [00:03<00:03, 16.46it/s]prompt_fr a=0:  55%|█████▌    | 62/112 [00:03<00:03, 16.38it/s]prompt_fr a=0:  57%|█████▋    | 64/112 [00:03<00:02, 16.88it/s]prompt_fr a=0:  59%|█████▉    | 66/112 [00:04<00:02, 17.17it/s]prompt_fr a=0:  61%|██████    | 68/112 [00:04<00:02, 16.33it/s]prompt_fr a=0:  62%|██████▎   | 70/112 [00:04<00:02, 16.42it/s]prompt_fr a=0:  64%|██████▍   | 72/112 [00:04<00:02, 16.59it/s]prompt_fr a=0:  66%|██████▌   | 74/112 [00:04<00:02, 16.62it/s]prompt_fr a=0:  68%|██████▊   | 76/112 [00:04<00:02, 15.93it/s]prompt_fr a=0:  70%|██████▉   | 78/112 [00:04<00:02, 15.73it/s]prompt_fr a=0:  71%|███████▏  | 80/112 [00:04<00:01, 16.44it/s]prompt_fr a=0:  73%|███████▎  | 82/112 [00:05<00:01, 15.75it/s]prompt_fr a=0:  75%|███████▌  | 84/112 [00:05<00:01, 15.94it/s]prompt_fr a=0:  77%|███████▋  | 86/112 [00:05<00:01, 16.46it/s]prompt_fr a=0:  79%|███████▊  | 88/112 [00:05<00:01, 16.46it/s]prompt_fr a=0:  80%|████████  | 90/112 [00:05<00:01, 15.92it/s]prompt_fr a=0:  82%|████████▏ | 92/112 [00:05<00:01, 16.48it/s]prompt_fr a=0:  84%|████████▍ | 94/112 [00:05<00:01, 16.94it/s]prompt_fr a=0:  86%|████████▌ | 96/112 [00:05<00:00, 16.37it/s]prompt_fr a=0:  88%|████████▊ | 98/112 [00:06<00:00, 15.84it/s]prompt_fr a=0:  89%|████████▉ | 100/112 [00:06<00:00, 16.46it/s]prompt_fr a=0:  91%|█████████ | 102/112 [00:06<00:00, 16.24it/s]prompt_fr a=0:  93%|█████████▎| 104/112 [00:06<00:00, 15.73it/s]prompt_fr a=0:  95%|█████████▍| 106/112 [00:06<00:00, 16.10it/s]prompt_fr a=0:  96%|█████████▋| 108/112 [00:06<00:00, 16.60it/s]prompt_fr a=0:  98%|█████████▊| 110/112 [00:06<00:00, 16.05it/s]prompt_fr a=0: 100%|██████████| 112/112 [00:06<00:00, 16.07it/s]prompt_fr a=0: 100%|██████████| 112/112 [00:06<00:00, 16.19it/s]
prompt_fr a=1:   0%|          | 0/112 [00:00<?, ?it/s]prompt_fr a=1:   1%|          | 1/112 [00:01<02:42,  1.47s/it]prompt_fr a=1:   2%|▏         | 2/112 [00:02<01:41,  1.08it/s]prompt_fr a=1:   3%|▎         | 3/112 [00:02<01:15,  1.45it/s]prompt_fr a=1:   4%|▎         | 4/112 [00:05<03:13,  1.79s/it]prompt_fr a=1:   4%|▍         | 5/112 [00:09<04:17,  2.41s/it]prompt_fr a=1:   5%|▌         | 6/112 [00:12<04:54,  2.78s/it]prompt_fr a=1:   6%|▋         | 7/112 [00:16<05:17,  3.02s/it]prompt_fr a=1:   7%|▋         | 8/112 [00:19<05:30,  3.17s/it]prompt_fr a=1:   8%|▊         | 9/112 [00:21<04:22,  2.55s/it]prompt_fr a=1:   9%|▉         | 10/112 [00:21<03:18,  1.94s/it]prompt_fr a=1:  10%|▉         | 11/112 [00:25<04:05,  2.43s/it]prompt_fr a=1:  11%|█         | 12/112 [00:25<03:04,  1.84s/it]prompt_fr a=1:  12%|█▏        | 13/112 [00:29<03:52,  2.35s/it]prompt_fr a=1:  12%|█▎        | 14/112 [00:32<04:24,  2.70s/it]prompt_fr a=1:  13%|█▎        | 15/112 [00:33<03:11,  1.98s/it]prompt_fr a=1:  14%|█▍        | 16/112 [00:33<02:36,  1.63s/it]prompt_fr a=1:  15%|█▌        | 17/112 [00:37<03:28,  2.19s/it]prompt_fr a=1:  16%|█▌        | 18/112 [00:40<04:03,  2.59s/it]prompt_fr a=1:  17%|█▋        | 19/112 [00:41<03:03,  1.98s/it]prompt_fr a=1:  18%|█▊        | 20/112 [00:44<03:45,  2.45s/it]prompt_fr a=1:  19%|█▉        | 21/112 [00:48<04:11,  2.76s/it]prompt_fr a=1:  20%|█▉        | 22/112 [00:48<03:01,  2.02s/it]prompt_fr a=1:  21%|██        | 23/112 [00:49<02:22,  1.60s/it]prompt_fr a=1:  21%|██▏       | 24/112 [00:49<01:50,  1.26s/it]prompt_fr a=1:  22%|██▏       | 25/112 [00:53<02:47,  1.93s/it]prompt_fr a=1:  23%|██▎       | 26/112 [00:53<02:06,  1.47s/it]prompt_fr a=1:  24%|██▍       | 27/112 [00:54<01:39,  1.17s/it]prompt_fr a=1:  25%|██▌       | 28/112 [00:55<01:41,  1.21s/it]prompt_fr a=1:  26%|██▌       | 29/112 [00:59<02:38,  1.91s/it]prompt_fr a=1:  27%|██▋       | 30/112 [00:59<01:58,  1.44s/it]prompt_fr a=1:  28%|██▊       | 31/112 [00:59<01:31,  1.13s/it]prompt_fr a=1:  29%|██▊       | 32/112 [01:03<02:27,  1.84s/it]prompt_fr a=1:  29%|██▉       | 33/112 [01:03<01:47,  1.36s/it]prompt_fr a=1:  30%|███       | 34/112 [01:07<02:36,  2.00s/it]prompt_fr a=1:  31%|███▏      | 35/112 [01:10<03:08,  2.45s/it]prompt_fr a=1:  32%|███▏      | 36/112 [01:12<03:00,  2.37s/it]prompt_fr a=1:  33%|███▎      | 37/112 [01:13<02:12,  1.77s/it]prompt_fr a=1:  34%|███▍      | 38/112 [01:13<01:40,  1.36s/it]prompt_fr a=1:  35%|███▍      | 39/112 [01:17<02:26,  2.01s/it]prompt_fr a=1:  36%|███▌      | 40/112 [01:18<02:03,  1.72s/it]prompt_fr a=1:  37%|███▋      | 41/112 [01:21<02:39,  2.24s/it]prompt_fr a=1:  38%|███▊      | 42/112 [01:22<02:05,  1.79s/it]prompt_fr a=1:  38%|███▊      | 43/112 [01:22<01:32,  1.35s/it]prompt_fr a=1:  39%|███▉      | 44/112 [01:26<02:15,  1.99s/it]prompt_fr a=1:  40%|████      | 45/112 [01:26<01:43,  1.54s/it]prompt_fr a=1:  41%|████      | 46/112 [01:30<02:19,  2.11s/it]prompt_fr a=1:  42%|████▏     | 47/112 [01:33<02:43,  2.52s/it]prompt_fr a=1:  43%|████▎     | 48/112 [01:36<02:59,  2.80s/it]prompt_fr a=1:  44%|████▍     | 49/112 [01:40<03:09,  3.01s/it]prompt_fr a=1:  45%|████▍     | 50/112 [01:40<02:16,  2.21s/it]prompt_fr a=1:  46%|████▌     | 51/112 [01:41<01:44,  1.71s/it]prompt_fr a=1:  46%|████▋     | 52/112 [01:41<01:17,  1.29s/it]prompt_fr a=1:  47%|████▋     | 53/112 [01:43<01:32,  1.56s/it]prompt_fr a=1:  48%|████▊     | 54/112 [01:47<02:03,  2.13s/it]prompt_fr a=1:  49%|████▉     | 55/112 [01:47<01:30,  1.59s/it]prompt_fr a=1:  50%|█████     | 56/112 [01:48<01:24,  1.50s/it]prompt_fr a=1:  51%|█████     | 57/112 [01:49<01:04,  1.17s/it]prompt_fr a=1:  52%|█████▏    | 58/112 [01:49<00:54,  1.02s/it]prompt_fr a=1:  53%|█████▎    | 59/112 [01:50<00:46,  1.14it/s]prompt_fr a=1:  54%|█████▎    | 60/112 [01:53<01:25,  1.65s/it]prompt_fr a=1:  54%|█████▍    | 61/112 [01:56<01:31,  1.80s/it]prompt_fr a=1:  55%|█████▌    | 62/112 [01:56<01:07,  1.34s/it]prompt_fr a=1:  56%|█████▋    | 63/112 [01:56<00:50,  1.03s/it]prompt_fr a=1:  57%|█████▋    | 64/112 [01:57<00:43,  1.11it/s]prompt_fr a=1:  58%|█████▊    | 65/112 [01:57<00:35,  1.31it/s]prompt_fr a=1:  59%|█████▉    | 66/112 [01:58<00:29,  1.58it/s]prompt_fr a=1:  60%|█████▉    | 67/112 [02:01<01:07,  1.50s/it]prompt_fr a=1:  61%|██████    | 68/112 [02:05<01:32,  2.11s/it]prompt_fr a=1:  62%|██████▏   | 69/112 [02:05<01:08,  1.60s/it]prompt_fr a=1:  62%|██████▎   | 70/112 [02:05<00:51,  1.24s/it]prompt_fr a=1:  63%|██████▎   | 71/112 [02:06<00:45,  1.10s/it]prompt_fr a=1:  64%|██████▍   | 72/112 [02:07<00:37,  1.07it/s]prompt_fr a=1:  65%|██████▌   | 73/112 [02:10<01:06,  1.71s/it]prompt_fr a=1:  66%|██████▌   | 74/112 [02:14<01:25,  2.25s/it]prompt_fr a=1:  67%|██████▋   | 75/112 [02:17<01:37,  2.63s/it]prompt_fr a=1:  68%|██████▊   | 76/112 [02:18<01:11,  2.00s/it]prompt_fr a=1:  69%|██████▉   | 77/112 [02:19<01:01,  1.76s/it]prompt_fr a=1:  70%|██████▉   | 78/112 [02:20<00:51,  1.51s/it]prompt_fr a=1:  71%|███████   | 79/112 [02:20<00:37,  1.13s/it]prompt_fr a=1:  71%|███████▏  | 80/112 [02:21<00:28,  1.13it/s]prompt_fr a=1:  72%|███████▏  | 81/112 [02:24<00:52,  1.68s/it]prompt_fr a=1:  73%|███████▎  | 82/112 [02:25<00:43,  1.45s/it]prompt_fr a=1:  74%|███████▍  | 83/112 [02:28<00:59,  2.07s/it]prompt_fr a=1:  75%|███████▌  | 84/112 [02:32<01:09,  2.49s/it]prompt_fr a=1:  76%|███████▌  | 85/112 [02:32<00:51,  1.89s/it]prompt_fr a=1:  77%|███████▋  | 86/112 [02:33<00:38,  1.49s/it]prompt_fr a=1:  78%|███████▊  | 87/112 [02:33<00:29,  1.17s/it]prompt_fr a=1:  79%|███████▊  | 88/112 [02:37<00:44,  1.87s/it]prompt_fr a=1:  79%|███████▉  | 89/112 [02:39<00:45,  1.97s/it]prompt_fr a=1:  80%|████████  | 90/112 [02:40<00:34,  1.55s/it]prompt_fr a=1:  81%|████████▏ | 91/112 [02:40<00:23,  1.14s/it]prompt_fr a=1:  82%|████████▏ | 92/112 [02:40<00:18,  1.08it/s]prompt_fr a=1:  83%|████████▎ | 93/112 [02:41<00:14,  1.31it/s]prompt_fr a=1:  84%|████████▍ | 94/112 [02:41<00:11,  1.55it/s]prompt_fr a=1:  85%|████████▍ | 95/112 [02:45<00:25,  1.50s/it]prompt_fr a=1:  86%|████████▌ | 96/112 [02:48<00:33,  2.09s/it]prompt_fr a=1:  87%|████████▋ | 97/112 [02:49<00:24,  1.64s/it]prompt_fr a=1:  88%|████████▊ | 98/112 [02:49<00:16,  1.21s/it]prompt_fr a=1:  88%|████████▊ | 99/112 [02:49<00:12,  1.04it/s]prompt_fr a=1:  89%|████████▉ | 100/112 [02:49<00:08,  1.37it/s]prompt_fr a=1:  90%|█████████ | 101/112 [02:50<00:07,  1.53it/s]prompt_fr a=1:  91%|█████████ | 102/112 [02:50<00:06,  1.66it/s]prompt_fr a=1:  92%|█████████▏| 103/112 [02:54<00:13,  1.46s/it]prompt_fr a=1:  93%|█████████▎| 104/112 [02:54<00:09,  1.17s/it]prompt_fr a=1:  94%|█████████▍| 105/112 [02:56<00:08,  1.22s/it]prompt_fr a=1:  95%|█████████▍| 106/112 [02:56<00:05,  1.06it/s]prompt_fr a=1:  96%|█████████▌| 107/112 [02:56<00:04,  1.24it/s]prompt_fr a=1:  96%|█████████▋| 108/112 [02:57<00:02,  1.45it/s]prompt_fr a=1:  97%|█████████▋| 109/112 [02:58<00:02,  1.15it/s]prompt_fr a=1:  98%|█████████▊| 110/112 [03:02<00:03,  1.65s/it]prompt_fr a=1:  99%|█████████▉| 111/112 [03:02<00:01,  1.35s/it]prompt_fr a=1: 100%|██████████| 112/112 [03:03<00:00,  1.06s/it]prompt_fr a=1: 100%|██████████| 112/112 [03:03<00:00,  1.63s/it]
prompt a=0:   0%|          | 0/112 [00:00<?, ?it/s]prompt a=0:   2%|▏         | 2/112 [00:00<00:06, 18.17it/s]prompt a=0:   4%|▎         | 4/112 [00:00<00:06, 16.24it/s]prompt a=0:   5%|▌         | 6/112 [00:00<00:06, 15.26it/s]prompt a=0:   7%|▋         | 8/112 [00:00<00:06, 15.64it/s]prompt a=0:   9%|▉         | 10/112 [00:00<00:06, 16.02it/s]prompt a=0:  11%|█         | 12/112 [00:00<00:06, 15.30it/s]prompt a=0:  12%|█▎        | 14/112 [00:00<00:06, 15.05it/s]prompt a=0:  14%|█▍        | 16/112 [00:01<00:06, 15.49it/s]prompt a=0:  16%|█▌        | 18/112 [00:01<00:06, 15.19it/s]prompt a=0:  18%|█▊        | 20/112 [00:01<00:06, 14.84it/s]prompt a=0:  20%|█▉        | 22/112 [00:01<00:05, 15.27it/s]prompt a=0:  21%|██▏       | 24/112 [00:01<00:05, 15.46it/s]prompt a=0:  23%|██▎       | 26/112 [00:01<00:05, 14.98it/s]prompt a=0:  25%|██▌       | 28/112 [00:01<00:05, 15.85it/s]prompt a=0:  27%|██▋       | 30/112 [00:01<00:05, 15.66it/s]prompt a=0:  29%|██▊       | 32/112 [00:02<00:05, 15.74it/s]prompt a=0:  30%|███       | 34/112 [00:02<00:05, 15.33it/s]prompt a=0:  32%|███▏      | 36/112 [00:02<00:05, 15.20it/s]prompt a=0:  34%|███▍      | 38/112 [00:02<00:04, 15.94it/s]prompt a=0:  36%|███▌      | 40/112 [00:02<00:04, 15.33it/s]prompt a=0:  38%|███▊      | 42/112 [00:02<00:04, 15.26it/s]prompt a=0:  39%|███▉      | 44/112 [00:02<00:04, 15.51it/s]prompt a=0:  41%|████      | 46/112 [00:02<00:04, 15.09it/s]prompt a=0:  43%|████▎     | 48/112 [00:03<00:04, 14.95it/s]prompt a=0:  45%|████▍     | 50/112 [00:03<00:04, 14.83it/s]prompt a=0:  46%|████▋     | 52/112 [00:03<00:03, 15.34it/s]prompt a=0:  48%|████▊     | 54/112 [00:03<00:03, 14.90it/s]prompt a=0:  50%|█████     | 56/112 [00:03<00:03, 15.77it/s]prompt a=0:  52%|█████▏    | 58/112 [00:03<00:03, 16.54it/s]prompt a=0:  54%|█████▎    | 60/112 [00:03<00:03, 15.85it/s]prompt a=0:  55%|█████▌    | 62/112 [00:04<00:03, 15.69it/s]prompt a=0:  57%|█████▋    | 64/112 [00:04<00:02, 16.20it/s]prompt a=0:  59%|█████▉    | 66/112 [00:04<00:02, 16.33it/s]prompt a=0:  61%|██████    | 68/112 [00:04<00:02, 15.71it/s]prompt a=0:  62%|██████▎   | 70/112 [00:04<00:02, 16.31it/s]prompt a=0:  64%|██████▍   | 72/112 [00:04<00:02, 16.66it/s]prompt a=0:  66%|██████▌   | 74/112 [00:04<00:02, 16.43it/s]prompt a=0:  68%|██████▊   | 76/112 [00:04<00:02, 16.28it/s]prompt a=0:  70%|██████▉   | 78/112 [00:04<00:02, 15.87it/s]prompt a=0:  71%|███████▏  | 80/112 [00:05<00:02, 15.86it/s]prompt a=0:  73%|███████▎  | 82/112 [00:05<00:01, 15.23it/s]prompt a=0:  75%|███████▌  | 84/112 [00:05<00:01, 15.68it/s]prompt a=0:  77%|███████▋  | 86/112 [00:05<00:01, 15.62it/s]prompt a=0:  79%|███████▊  | 88/112 [00:05<00:01, 15.66it/s]prompt a=0:  80%|████████  | 90/112 [00:05<00:01, 15.62it/s]prompt a=0:  82%|████████▏ | 92/112 [00:05<00:01, 16.33it/s]prompt a=0:  84%|████████▍ | 94/112 [00:05<00:01, 16.90it/s]prompt a=0:  86%|████████▌ | 96/112 [00:06<00:00, 16.09it/s]prompt a=0:  88%|████████▊ | 98/112 [00:06<00:00, 16.77it/s]prompt a=0:  89%|████████▉ | 100/112 [00:06<00:00, 16.66it/s]prompt a=0:  91%|█████████ | 102/112 [00:06<00:00, 16.62it/s]prompt a=0:  93%|█████████▎| 104/112 [00:06<00:00, 15.69it/s]prompt a=0:  95%|█████████▍| 106/112 [00:06<00:00, 16.24it/s]prompt a=0:  96%|█████████▋| 108/112 [00:06<00:00, 16.73it/s]prompt a=0:  98%|█████████▊| 110/112 [00:06<00:00, 16.03it/s]prompt a=0: 100%|██████████| 112/112 [00:07<00:00, 15.84it/s]prompt a=0: 100%|██████████| 112/112 [00:07<00:00, 15.76it/s]
prompt a=1:   0%|          | 0/112 [00:00<?, ?it/s]prompt a=1:   2%|▏         | 2/112 [00:00<00:06, 17.59it/s]prompt a=1:   4%|▎         | 4/112 [00:00<00:06, 16.45it/s]prompt a=1:   5%|▌         | 6/112 [00:00<00:06, 16.27it/s]prompt a=1:   7%|▋         | 8/112 [00:00<00:06, 16.47it/s]prompt a=1:   9%|▉         | 10/112 [00:00<00:06, 16.35it/s]prompt a=1:  11%|█         | 12/112 [00:00<00:06, 16.07it/s]prompt a=1:  12%|█▎        | 14/112 [00:00<00:06, 15.62it/s]prompt a=1:  14%|█▍        | 16/112 [00:00<00:05, 16.25it/s]prompt a=1:  16%|█▌        | 18/112 [00:01<00:06, 15.65it/s]prompt a=1:  18%|█▊        | 20/112 [00:01<00:06, 15.31it/s]prompt a=1:  20%|█▉        | 22/112 [00:01<00:05, 15.70it/s]prompt a=1:  21%|██▏       | 24/112 [00:01<00:05, 16.40it/s]prompt a=1:  23%|██▎       | 26/112 [00:01<00:05, 16.48it/s]prompt a=1:  25%|██▌       | 28/112 [00:01<00:05, 16.54it/s]prompt a=1:  27%|██▋       | 30/112 [00:01<00:05, 15.90it/s]prompt a=1:  29%|██▊       | 32/112 [00:01<00:05, 15.96it/s]prompt a=1:  30%|███       | 34/112 [00:02<00:04, 15.64it/s]prompt a=1:  32%|███▏      | 36/112 [00:02<00:04, 15.88it/s]prompt a=1:  34%|███▍      | 38/112 [00:02<00:04, 16.26it/s]prompt a=1:  36%|███▌      | 40/112 [00:02<00:04, 15.57it/s]prompt a=1:  38%|███▊      | 42/112 [00:02<00:04, 16.02it/s]prompt a=1:  39%|███▉      | 44/112 [00:02<00:04, 16.28it/s]prompt a=1:  41%|████      | 46/112 [00:02<00:04, 16.19it/s]prompt a=1:  43%|████▎     | 48/112 [00:02<00:04, 16.00it/s]prompt a=1:  45%|████▍     | 50/112 [00:03<00:03, 16.41it/s]prompt a=1:  46%|████▋     | 52/112 [00:03<00:03, 16.93it/s]prompt a=1:  48%|████▊     | 54/112 [00:03<00:03, 16.02it/s]prompt a=1:  50%|█████     | 56/112 [00:03<00:03, 16.24it/s]prompt a=1:  52%|█████▏    | 58/112 [00:03<00:03, 16.74it/s]prompt a=1:  54%|█████▎    | 60/112 [00:03<00:03, 16.29it/s]prompt a=1:  55%|█████▌    | 62/112 [00:03<00:03, 16.21it/s]prompt a=1:  57%|█████▋    | 64/112 [00:03<00:02, 16.75it/s]prompt a=1:  59%|█████▉    | 66/112 [00:04<00:02, 17.16it/s]prompt a=1:  61%|██████    | 68/112 [00:04<00:02, 16.16it/s]prompt a=1:  62%|██████▎   | 70/112 [00:04<00:02, 16.87it/s]prompt a=1:  64%|██████▍   | 72/112 [00:04<00:02, 17.25it/s]prompt a=1:  66%|██████▌   | 74/112 [00:04<00:02, 16.89it/s]prompt a=1:  68%|██████▊   | 76/112 [00:04<00:02, 16.71it/s]prompt a=1:  70%|██████▉   | 78/112 [00:04<00:02, 16.37it/s]prompt a=1:  71%|███████▏  | 80/112 [00:04<00:01, 16.36it/s]prompt a=1:  73%|███████▎  | 82/112 [00:05<00:01, 15.83it/s]prompt a=1:  75%|███████▌  | 84/112 [00:05<00:01, 15.83it/s]prompt a=1:  77%|███████▋  | 86/112 [00:05<00:01, 16.58it/s]prompt a=1:  79%|███████▊  | 88/112 [00:05<00:01, 16.63it/s]prompt a=1:  80%|████████  | 90/112 [00:05<00:01, 16.41it/s]prompt a=1:  82%|████████▏ | 92/112 [00:05<00:01, 16.93it/s]prompt a=1:  84%|████████▍ | 94/112 [00:05<00:01, 17.34it/s]prompt a=1:  86%|████████▌ | 96/112 [00:05<00:00, 16.65it/s]prompt a=1:  88%|████████▊ | 98/112 [00:05<00:00, 17.10it/s]prompt a=1:  89%|████████▉ | 100/112 [00:06<00:00, 17.50it/s]prompt a=1:  91%|█████████ | 102/112 [00:06<00:00, 17.03it/s]prompt a=1:  93%|█████████▎| 104/112 [00:06<00:00, 16.47it/s]prompt a=1:  95%|█████████▍| 106/112 [00:06<00:00, 16.38it/s]prompt a=1:  96%|█████████▋| 108/112 [00:06<00:00, 16.75it/s]prompt a=1:  98%|█████████▊| 110/112 [00:06<00:00, 15.96it/s]prompt a=1: 100%|██████████| 112/112 [00:06<00:00, 16.41it/s]prompt a=1: 100%|██████████| 112/112 [00:06<00:00, 16.37it/s]

============================================================================================================================================
condicion              n    fr    en    es    de    it    pt  unk  is_fr  st_fr   acc  cambio  largo  ce_fr_h  ce_en_h  leak
--------------------------------------------------------------------------------------------------------------------------------------------
prompt_es a=0        112  0.00  0.00  0.96  0.00  0.00  0.00 0.04   0.00   0.32  0.70     nan  277.3    5.887    3.718  0.00
prompt_es a=1        112  0.00  0.00  0.00  0.99  0.00  0.00 0.01   0.00   0.00  0.61    1.00  240.4    1.202    3.682  0.00
prompt_fr a=0        112  0.99  0.00  0.00  0.00  0.00  0.00 0.01   0.99   0.90  0.71     nan  297.4    5.081    3.620  0.00
prompt_fr a=1        112  0.00  0.00  0.00  0.96  0.00  0.00 0.04   0.00   0.00  0.61    1.00  238.8    1.325    4.034  0.00
prompt a=0           112  0.00  1.00  0.00  0.00  0.00  0.00 0.00   0.00   0.00  0.96     nan  423.9    5.264    0.191  0.00
prompt a=1           112  0.00  0.04  0.00  0.95  0.00  0.00 0.01   0.00   0.00  0.78    1.00  269.3    0.691    2.434  0.00
============================================================================================================================================

celda target: de
condicion             celda_ok    tgt  mayus
prompt_es a=0             0.00   0.00   0.00
prompt_es a=1             0.99   0.99   0.00
prompt_fr a=0             0.00   0.00   0.00
prompt_fr a=1             0.96   0.96   0.00
prompt a=0                0.00   0.00   0.00
prompt a=1                0.95   0.95   0.00
ce_fr_h es la CE del head del target de ESTA celda (columna `output` del CSV), no de frances.
fr/en/es/de/it/pt/unk: fraccion de salidas por idioma (language_verdict). cambio: salida != a=0.
ce_*_h: CE del head del target frances / del baseline ingles bajo esa condicion.

Guardado: algebra/runs/v9/alg_de/cross_lang_idioma.json
[gen_cache] /home/sagemaker-user/user-default-efs/papers/LLMAtaquesContinuos/experimentos/idiomas/algebra/runs/v9/gen_cache: reusadas 448, generadas 224
`torch_dtype` is deprecated! Use `dtype` instead!
Loading checkpoint shards:   0%|          | 0/2 [00:00<?, ?it/s]Loading checkpoint shards:  50%|█████     | 1/2 [00:01<00:01,  1.01s/it]Loading checkpoint shards: 100%|██████████| 2/2 [00:01<00:00,  1.67it/s]Loading checkpoint shards: 100%|██████████| 2/2 [00:01<00:00,  1.51it/s]
parche algebra/runs/v9/alg_de/lang_patch_best_train.pt  norma 0.9419  |  tail held-out 112 (idx 588..699)
preset=romance  condiciones=['prompt_it a=0', 'prompt_it a=1', 'prompt_pt a=0', 'prompt_pt a=1']
prompt_it a=0:   0%|          | 0/112 [00:00<?, ?it/s][lang_id] GlotLID: /mnt/custom-file-systems/efs/fs-0ded2930a619aa967_fsap-0faa05c681ed1a8f3/papers/LLMAtaquesContinuos/modelos/glotlid/model.bin
prompt_it a=0:   1%|          | 1/112 [00:01<02:24,  1.30s/it]prompt_it a=0:   3%|▎         | 3/112 [00:01<00:41,  2.64it/s]prompt_it a=0:   4%|▍         | 5/112 [00:01<00:23,  4.59it/s]prompt_it a=0:   6%|▋         | 7/112 [00:01<00:16,  6.49it/s]prompt_it a=0:   8%|▊         | 9/112 [00:01<00:12,  8.46it/s]prompt_it a=0:  10%|▉         | 11/112 [00:01<00:10, 10.09it/s]prompt_it a=0:  12%|█▏        | 13/112 [00:02<00:08, 11.32it/s]prompt_it a=0:  13%|█▎        | 15/112 [00:02<00:07, 12.68it/s]prompt_it a=0:  15%|█▌        | 17/112 [00:02<00:06, 13.84it/s]prompt_it a=0:  17%|█▋        | 19/112 [00:02<00:06, 14.02it/s]prompt_it a=0:  19%|█▉        | 21/112 [00:02<00:06, 14.76it/s]prompt_it a=0:  21%|██        | 23/112 [00:02<00:05, 15.62it/s]prompt_it a=0:  22%|██▏       | 25/112 [00:02<00:05, 15.84it/s]prompt_it a=0:  24%|██▍       | 27/112 [00:02<00:05, 15.54it/s]prompt_it a=0:  26%|██▌       | 29/112 [00:03<00:05, 15.96it/s]prompt_it a=0:  28%|██▊       | 31/112 [00:03<00:05, 16.17it/s]prompt_it a=0:  29%|██▉       | 33/112 [00:03<00:04, 16.07it/s]prompt_it a=0:  31%|███▏      | 35/112 [00:03<00:04, 16.05it/s]prompt_it a=0:  33%|███▎      | 37/112 [00:03<00:04, 16.49it/s]prompt_it a=0:  35%|███▍      | 39/112 [00:03<00:04, 16.45it/s]prompt_it a=0:  37%|███▋      | 41/112 [00:03<00:04, 16.39it/s]prompt_it a=0:  38%|███▊      | 43/112 [00:03<00:04, 16.59it/s]prompt_it a=0:  40%|████      | 45/112 [00:03<00:03, 16.96it/s]prompt_it a=0:  42%|████▏     | 47/112 [00:04<00:04, 16.15it/s]prompt_it a=0:  44%|████▍     | 49/112 [00:04<00:03, 16.24it/s]prompt_it a=0:  46%|████▌     | 51/112 [00:04<00:03, 16.46it/s]prompt_it a=0:  47%|████▋     | 53/112 [00:04<00:03, 16.37it/s]prompt_it a=0:  49%|████▉     | 55/112 [00:04<00:03, 16.51it/s]prompt_it a=0:  51%|█████     | 57/112 [00:04<00:03, 16.87it/s]prompt_it a=0:  53%|█████▎    | 59/112 [00:04<00:03, 17.12it/s]prompt_it a=0:  54%|█████▍    | 61/112 [00:04<00:03, 16.27it/s]prompt_it a=0:  56%|█████▋    | 63/112 [00:05<00:02, 16.52it/s]prompt_it a=0:  58%|█████▊    | 65/112 [00:05<00:02, 16.86it/s]prompt_it a=0:  60%|█████▉    | 67/112 [00:05<00:02, 16.62it/s]prompt_it a=0:  62%|██████▏   | 69/112 [00:05<00:02, 16.46it/s]prompt_it a=0:  63%|██████▎   | 71/112 [00:05<00:02, 16.34it/s]prompt_it a=0:  65%|██████▌   | 73/112 [00:05<00:02, 16.67it/s]prompt_it a=0:  67%|██████▋   | 75/112 [00:05<00:02, 16.29it/s]prompt_it a=0:  69%|██████▉   | 77/112 [00:05<00:02, 16.74it/s]prompt_it a=0:  71%|███████   | 79/112 [00:06<00:01, 16.96it/s]prompt_it a=0:  72%|███████▏  | 81/112 [00:06<00:01, 16.65it/s]prompt_it a=0:  74%|███████▍  | 83/112 [00:06<00:01, 16.69it/s]prompt_it a=0:  76%|███████▌  | 85/112 [00:06<00:01, 16.96it/s]prompt_it a=0:  78%|███████▊  | 87/112 [00:06<00:01, 17.28it/s]prompt_it a=0:  79%|███████▉  | 89/112 [00:06<00:01, 16.55it/s]prompt_it a=0:  81%|████████▏ | 91/112 [00:06<00:01, 16.96it/s]prompt_it a=0:  83%|████████▎ | 93/112 [00:06<00:01, 17.16it/s]prompt_it a=0:  85%|████████▍ | 95/112 [00:06<00:01, 16.75it/s]prompt_it a=0:  87%|████████▋ | 97/112 [00:07<00:00, 16.57it/s]prompt_it a=0:  88%|████████▊ | 99/112 [00:07<00:00, 16.99it/s]prompt_it a=0:  90%|█████████ | 101/112 [00:07<00:00, 17.06it/s]prompt_it a=0:  92%|█████████▏| 103/112 [00:07<00:00, 16.25it/s]prompt_it a=0:  94%|█████████▍| 105/112 [00:07<00:00, 16.08it/s]prompt_it a=0:  96%|█████████▌| 107/112 [00:07<00:00, 16.58it/s]prompt_it a=0:  97%|█████████▋| 109/112 [00:07<00:00, 16.46it/s]prompt_it a=0:  99%|█████████▉| 111/112 [00:07<00:00, 15.79it/s]prompt_it a=0: 100%|██████████| 112/112 [00:08<00:00, 13.93it/s]
prompt_it a=1:   0%|          | 0/112 [00:00<?, ?it/s]prompt_it a=1:   1%|          | 1/112 [00:00<01:13,  1.52it/s]prompt_it a=1:   2%|▏         | 2/112 [00:01<01:05,  1.68it/s]prompt_it a=1:   3%|▎         | 3/112 [00:01<00:58,  1.86it/s]prompt_it a=1:   4%|▎         | 4/112 [00:05<03:02,  1.69s/it]prompt_it a=1:   4%|▍         | 5/112 [00:08<04:11,  2.35s/it]prompt_it a=1:   5%|▌         | 6/112 [00:12<04:49,  2.73s/it]prompt_it a=1:   6%|▋         | 7/112 [00:15<05:11,  2.97s/it]prompt_it a=1:   7%|▋         | 8/112 [00:15<03:43,  2.15s/it]prompt_it a=1:   8%|▊         | 9/112 [00:16<02:46,  1.62s/it]prompt_it a=1:   9%|▉         | 10/112 [00:16<02:10,  1.28s/it]prompt_it a=1:  10%|▉         | 11/112 [00:20<03:16,  1.95s/it]prompt_it a=1:  11%|█         | 12/112 [00:23<03:59,  2.40s/it]prompt_it a=1:  12%|█▏        | 13/112 [00:24<03:18,  2.00s/it]prompt_it a=1:  12%|█▎        | 14/112 [00:25<02:39,  1.62s/it]prompt_it a=1:  13%|█▎        | 15/112 [00:26<02:00,  1.24s/it]prompt_it a=1:  14%|█▍        | 16/112 [00:28<02:33,  1.60s/it]prompt_it a=1:  15%|█▌        | 17/112 [00:28<01:57,  1.24s/it]prompt_it a=1:  16%|█▌        | 18/112 [00:32<02:59,  1.91s/it]prompt_it a=1:  17%|█▋        | 19/112 [00:32<02:21,  1.52s/it]prompt_it a=1:  18%|█▊        | 20/112 [00:36<03:14,  2.11s/it]prompt_it a=1:  19%|█▉        | 21/112 [00:39<03:49,  2.52s/it]prompt_it a=1:  20%|█▉        | 22/112 [00:40<02:46,  1.85s/it]prompt_it a=1:  21%|██        | 23/112 [00:43<03:28,  2.34s/it]prompt_it a=1:  21%|██▏       | 24/112 [00:44<02:34,  1.75s/it]prompt_it a=1:  22%|██▏       | 25/112 [00:47<03:18,  2.28s/it]prompt_it a=1:  23%|██▎       | 26/112 [00:51<03:47,  2.64s/it]prompt_it a=1:  24%|██▍       | 27/112 [00:51<02:46,  1.95s/it]prompt_it a=1:  25%|██▌       | 28/112 [00:53<02:35,  1.85s/it]prompt_it a=1:  26%|██▌       | 29/112 [00:55<02:40,  1.93s/it]prompt_it a=1:  27%|██▋       | 30/112 [00:55<02:03,  1.51s/it]prompt_it a=1:  28%|██▊       | 31/112 [00:56<01:35,  1.18s/it]prompt_it a=1:  29%|██▊       | 32/112 [00:59<02:28,  1.86s/it]prompt_it a=1:  29%|██▉       | 33/112 [01:02<03:04,  2.34s/it]prompt_it a=1:  30%|███       | 34/112 [01:06<03:28,  2.67s/it]prompt_it a=1:  31%|███▏      | 35/112 [01:09<03:43,  2.90s/it]prompt_it a=1:  32%|███▏      | 36/112 [01:10<02:48,  2.22s/it]prompt_it a=1:  33%|███▎      | 37/112 [01:11<02:21,  1.89s/it]prompt_it a=1:  34%|███▍      | 38/112 [01:11<01:46,  1.44s/it]prompt_it a=1:  35%|███▍      | 39/112 [01:15<02:29,  2.04s/it]prompt_it a=1:  36%|███▌      | 40/112 [01:17<02:25,  2.02s/it]prompt_it a=1:  37%|███▋      | 41/112 [01:20<02:53,  2.45s/it]prompt_it a=1:  38%|███▊      | 42/112 [01:22<02:25,  2.08s/it]prompt_it a=1:  38%|███▊      | 43/112 [01:22<01:46,  1.55s/it]prompt_it a=1:  39%|███▉      | 44/112 [01:25<02:24,  2.12s/it]prompt_it a=1:  40%|████      | 45/112 [01:26<01:49,  1.63s/it]prompt_it a=1:  41%|████      | 46/112 [01:28<01:50,  1.68s/it]prompt_it a=1:  42%|████▏     | 47/112 [01:31<02:24,  2.22s/it]prompt_it a=1:  43%|████▎     | 48/112 [01:32<01:48,  1.69s/it]prompt_it a=1:  44%|████▍     | 49/112 [01:35<02:18,  2.19s/it]prompt_it a=1:  45%|████▍     | 50/112 [01:35<01:42,  1.65s/it]prompt_it a=1:  46%|████▌     | 51/112 [01:38<01:52,  1.85s/it]prompt_it a=1:  46%|████▋     | 52/112 [01:40<01:54,  1.91s/it]prompt_it a=1:  47%|████▋     | 53/112 [01:43<02:21,  2.40s/it]prompt_it a=1:  48%|████▊     | 54/112 [01:47<02:38,  2.74s/it]prompt_it a=1:  49%|████▉     | 55/112 [01:47<01:54,  2.01s/it]prompt_it a=1:  50%|█████     | 56/112 [01:47<01:23,  1.49s/it]prompt_it a=1:  51%|█████     | 57/112 [01:48<01:02,  1.13s/it]prompt_it a=1:  52%|█████▏    | 58/112 [01:48<00:52,  1.02it/s]prompt_it a=1:  53%|█████▎    | 59/112 [01:49<00:54,  1.04s/it]prompt_it a=1:  54%|█████▎    | 60/112 [01:53<01:32,  1.78s/it]prompt_it a=1:  54%|█████▍    | 61/112 [01:56<01:57,  2.30s/it]prompt_it a=1:  55%|█████▌    | 62/112 [01:57<01:24,  1.69s/it]prompt_it a=1:  56%|█████▋    | 63/112 [01:57<01:02,  1.28s/it]prompt_it a=1:  57%|█████▋    | 64/112 [01:58<00:50,  1.05s/it]prompt_it a=1:  58%|█████▊    | 65/112 [01:58<00:45,  1.02it/s]prompt_it a=1:  59%|█████▉    | 66/112 [01:59<00:36,  1.28it/s]prompt_it a=1:  60%|█████▉    | 67/112 [01:59<00:29,  1.54it/s]prompt_it a=1:  61%|██████    | 68/112 [02:03<01:06,  1.50s/it]prompt_it a=1:  62%|██████▏   | 69/112 [02:03<00:50,  1.17s/it]prompt_it a=1:  62%|██████▎   | 70/112 [02:03<00:39,  1.08it/s]prompt_it a=1:  63%|██████▎   | 71/112 [02:07<01:09,  1.70s/it]prompt_it a=1:  64%|██████▍   | 72/112 [02:07<00:53,  1.34s/it]prompt_it a=1:  65%|██████▌   | 73/112 [02:08<00:50,  1.30s/it]prompt_it a=1:  66%|██████▌   | 74/112 [02:12<01:14,  1.97s/it]prompt_it a=1:  67%|██████▋   | 75/112 [02:15<01:29,  2.42s/it]prompt_it a=1:  68%|██████▊   | 76/112 [02:16<01:06,  1.85s/it]prompt_it a=1:  69%|██████▉   | 77/112 [02:19<01:19,  2.27s/it]prompt_it a=1:  70%|██████▉   | 78/112 [02:20<01:02,  1.84s/it]prompt_it a=1:  71%|███████   | 79/112 [02:21<00:52,  1.60s/it]prompt_it a=1:  71%|███████▏  | 80/112 [02:21<00:38,  1.22s/it]prompt_it a=1:  72%|███████▏  | 81/112 [02:25<00:58,  1.89s/it]prompt_it a=1:  73%|███████▎  | 82/112 [02:27<00:58,  1.95s/it]prompt_it a=1:  74%|███████▍  | 83/112 [02:30<01:09,  2.39s/it]prompt_it a=1:  75%|███████▌  | 84/112 [02:34<01:15,  2.71s/it]prompt_it a=1:  76%|███████▌  | 85/112 [02:34<00:55,  2.04s/it]prompt_it a=1:  77%|███████▋  | 86/112 [02:35<00:40,  1.55s/it]prompt_it a=1:  78%|███████▊  | 87/112 [02:35<00:30,  1.23s/it]prompt_it a=1:  79%|███████▊  | 88/112 [02:39<00:45,  1.89s/it]prompt_it a=1:  79%|███████▉  | 89/112 [02:42<00:50,  2.21s/it]prompt_it a=1:  80%|████████  | 90/112 [02:42<00:37,  1.70s/it]prompt_it a=1:  81%|████████▏ | 91/112 [02:42<00:26,  1.27s/it]prompt_it a=1:  82%|████████▏ | 92/112 [02:43<00:20,  1.04s/it]prompt_it a=1:  83%|████████▎ | 93/112 [02:43<00:16,  1.18it/s]prompt_it a=1:  84%|████████▍ | 94/112 [02:44<00:13,  1.30it/s]prompt_it a=1:  85%|████████▍ | 95/112 [02:47<00:27,  1.60s/it]prompt_it a=1:  86%|████████▌ | 96/112 [02:49<00:24,  1.52s/it]prompt_it a=1:  87%|████████▋ | 97/112 [02:52<00:29,  1.94s/it]prompt_it a=1:  88%|████████▊ | 98/112 [02:55<00:33,  2.41s/it]prompt_it a=1:  88%|████████▊ | 99/112 [02:56<00:24,  1.85s/it]prompt_it a=1:  89%|████████▉ | 100/112 [02:59<00:28,  2.35s/it]prompt_it a=1:  90%|█████████ | 101/112 [03:00<00:19,  1.74s/it]prompt_it a=1:  91%|█████████ | 102/112 [03:03<00:22,  2.27s/it]prompt_it a=1:  92%|█████████▏| 103/112 [03:07<00:23,  2.65s/it]prompt_it a=1:  93%|█████████▎| 104/112 [03:09<00:19,  2.50s/it]prompt_it a=1:  94%|█████████▍| 105/112 [03:09<00:13,  1.86s/it]prompt_it a=1:  95%|█████████▍| 106/112 [03:09<00:08,  1.39s/it]prompt_it a=1:  96%|█████████▌| 107/112 [03:10<00:05,  1.15s/it]prompt_it a=1:  96%|█████████▋| 108/112 [03:10<00:03,  1.07it/s]prompt_it a=1:  97%|█████████▋| 109/112 [03:14<00:05,  1.69s/it]prompt_it a=1:  98%|█████████▊| 110/112 [03:17<00:04,  2.23s/it]prompt_it a=1:  99%|█████████▉| 111/112 [03:18<00:01,  1.77s/it]prompt_it a=1: 100%|██████████| 112/112 [03:19<00:00,  1.44s/it]prompt_it a=1: 100%|██████████| 112/112 [03:19<00:00,  1.78s/it]
prompt_pt a=0:   0%|          | 0/112 [00:00<?, ?it/s]prompt_pt a=0:   2%|▏         | 2/112 [00:00<00:06, 17.67it/s]prompt_pt a=0:   4%|▎         | 4/112 [00:00<00:06, 16.44it/s]prompt_pt a=0:   5%|▌         | 6/112 [00:00<00:06, 15.89it/s]prompt_pt a=0:   7%|▋         | 8/112 [00:00<00:06, 16.81it/s]prompt_pt a=0:   9%|▉         | 10/112 [00:00<00:05, 17.03it/s]prompt_pt a=0:  11%|█         | 12/112 [00:00<00:06, 16.17it/s]prompt_pt a=0:  12%|█▎        | 14/112 [00:00<00:05, 16.56it/s]prompt_pt a=0:  14%|█▍        | 16/112 [00:00<00:05, 17.14it/s]prompt_pt a=0:  16%|█▌        | 18/112 [00:01<00:05, 16.48it/s]prompt_pt a=0:  18%|█▊        | 20/112 [00:01<00:05, 15.90it/s]prompt_pt a=0:  20%|█▉        | 22/112 [00:01<00:05, 16.68it/s]prompt_pt a=0:  21%|██▏       | 24/112 [00:01<00:05, 16.91it/s]prompt_pt a=0:  23%|██▎       | 26/112 [00:01<00:05, 16.52it/s]prompt_pt a=0:  25%|██▌       | 28/112 [00:01<00:05, 16.69it/s]prompt_pt a=0:  27%|██▋       | 30/112 [00:01<00:04, 16.84it/s]prompt_pt a=0:  29%|██▊       | 32/112 [00:01<00:04, 16.51it/s]prompt_pt a=0:  30%|███       | 34/112 [00:02<00:04, 15.98it/s]prompt_pt a=0:  32%|███▏      | 36/112 [00:02<00:04, 16.44it/s]prompt_pt a=0:  34%|███▍      | 38/112 [00:02<00:04, 16.40it/s]prompt_pt a=0:  36%|███▌      | 40/112 [00:02<00:04, 15.99it/s]prompt_pt a=0:  38%|███▊      | 42/112 [00:02<00:04, 16.28it/s]prompt_pt a=0:  39%|███▉      | 44/112 [00:02<00:04, 16.52it/s]prompt_pt a=0:  41%|████      | 46/112 [00:02<00:04, 16.25it/s]prompt_pt a=0:  43%|████▎     | 48/112 [00:02<00:04, 15.94it/s]prompt_pt a=0:  45%|████▍     | 50/112 [00:03<00:03, 16.44it/s]prompt_pt a=0:  46%|████▋     | 52/112 [00:03<00:03, 16.87it/s]prompt_pt a=0:  48%|████▊     | 54/112 [00:03<00:03, 16.12it/s]prompt_pt a=0:  50%|█████     | 56/112 [00:03<00:03, 16.73it/s]prompt_pt a=0:  52%|█████▏    | 58/112 [00:03<00:03, 17.15it/s]prompt_pt a=0:  54%|█████▎    | 60/112 [00:03<00:03, 16.70it/s]prompt_pt a=0:  55%|█████▌    | 62/112 [00:03<00:03, 16.62it/s]prompt_pt a=0:  57%|█████▋    | 64/112 [00:03<00:02, 17.07it/s]prompt_pt a=0:  59%|█████▉    | 66/112 [00:03<00:02, 17.34it/s]prompt_pt a=0:  61%|██████    | 68/112 [00:04<00:02, 16.24it/s]prompt_pt a=0:  62%|██████▎   | 70/112 [00:04<00:02, 16.53it/s]prompt_pt a=0:  64%|██████▍   | 72/112 [00:04<00:02, 17.02it/s]prompt_pt a=0:  66%|██████▌   | 74/112 [00:04<00:02, 16.76it/s]prompt_pt a=0:  68%|██████▊   | 76/112 [00:04<00:02, 16.57it/s]prompt_pt a=0:  70%|██████▉   | 78/112 [00:04<00:02, 16.38it/s]prompt_pt a=0:  71%|███████▏  | 80/112 [00:04<00:01, 16.76it/s]prompt_pt a=0:  73%|███████▎  | 82/112 [00:04<00:01, 16.38it/s]prompt_pt a=0:  75%|███████▌  | 84/112 [00:05<00:01, 16.92it/s]prompt_pt a=0:  77%|███████▋  | 86/112 [00:05<00:01, 17.22it/s]prompt_pt a=0:  79%|███████▊  | 88/112 [00:05<00:01, 16.97it/s]prompt_pt a=0:  80%|████████  | 90/112 [00:05<00:01, 16.66it/s]prompt_pt a=0:  82%|████████▏ | 92/112 [00:05<00:01, 17.08it/s]prompt_pt a=0:  84%|████████▍ | 94/112 [00:05<00:01, 17.09it/s]prompt_pt a=0:  86%|████████▌ | 96/112 [00:05<00:00, 16.18it/s]prompt_pt a=0:  88%|████████▊ | 98/112 [00:05<00:00, 16.64it/s]prompt_pt a=0:  89%|████████▉ | 100/112 [00:06<00:00, 17.15it/s]prompt_pt a=0:  91%|█████████ | 102/112 [00:06<00:00, 16.52it/s]prompt_pt a=0:  93%|█████████▎| 104/112 [00:06<00:00, 16.15it/s]prompt_pt a=0:  95%|█████████▍| 106/112 [00:06<00:00, 16.75it/s]prompt_pt a=0:  96%|█████████▋| 108/112 [00:06<00:00, 17.03it/s]prompt_pt a=0:  98%|█████████▊| 110/112 [00:06<00:00, 16.14it/s]prompt_pt a=0: 100%|██████████| 112/112 [00:06<00:00, 16.16it/s]prompt_pt a=0: 100%|██████████| 112/112 [00:06<00:00, 16.58it/s]
prompt_pt a=1:   0%|          | 0/112 [00:00<?, ?it/s]prompt_pt a=1:   1%|          | 1/112 [00:02<04:04,  2.20s/it]prompt_pt a=1:   2%|▏         | 2/112 [00:02<02:10,  1.19s/it]prompt_pt a=1:   3%|▎         | 3/112 [00:04<02:50,  1.56s/it]prompt_pt a=1:   4%|▎         | 4/112 [00:08<04:10,  2.32s/it]prompt_pt a=1:   4%|▍         | 5/112 [00:11<04:54,  2.75s/it]prompt_pt a=1:   5%|▌         | 6/112 [00:15<05:19,  3.01s/it]prompt_pt a=1:   6%|▋         | 7/112 [00:15<03:52,  2.22s/it]prompt_pt a=1:   7%|▋         | 8/112 [00:16<02:50,  1.64s/it]prompt_pt a=1:   8%|▊         | 9/112 [00:17<02:40,  1.56s/it]prompt_pt a=1:   9%|▉         | 10/112 [00:18<02:06,  1.24s/it]prompt_pt a=1:  10%|▉         | 11/112 [00:21<03:16,  1.94s/it]prompt_pt a=1:  11%|█         | 12/112 [00:25<04:01,  2.42s/it]prompt_pt a=1:  12%|█▏        | 13/112 [00:28<04:32,  2.75s/it]prompt_pt a=1:  12%|█▎        | 14/112 [00:32<04:51,  2.98s/it]prompt_pt a=1:  13%|█▎        | 15/112 [00:32<03:32,  2.19s/it]prompt_pt a=1:  14%|█▍        | 16/112 [00:36<04:09,  2.60s/it]prompt_pt a=1:  15%|█▌        | 17/112 [00:39<04:32,  2.87s/it]prompt_pt a=1:  16%|█▌        | 18/112 [00:43<04:49,  3.08s/it]prompt_pt a=1:  17%|█▋        | 19/112 [00:46<04:58,  3.21s/it]prompt_pt a=1:  18%|█▊        | 20/112 [00:50<05:03,  3.30s/it]prompt_pt a=1:  19%|█▉        | 21/112 [00:53<05:06,  3.37s/it]prompt_pt a=1:  20%|█▉        | 22/112 [00:53<03:39,  2.44s/it]prompt_pt a=1:  21%|██        | 23/112 [00:55<03:05,  2.08s/it]prompt_pt a=1:  21%|██▏       | 24/112 [00:55<02:28,  1.68s/it]prompt_pt a=1:  22%|██▏       | 25/112 [00:59<03:14,  2.23s/it]prompt_pt a=1:  23%|██▎       | 26/112 [01:03<03:46,  2.63s/it]prompt_pt a=1:  24%|██▍       | 27/112 [01:03<02:42,  1.91s/it]prompt_pt a=1:  25%|██▌       | 28/112 [01:06<03:21,  2.40s/it]prompt_pt a=1:  26%|██▌       | 29/112 [01:07<02:45,  2.00s/it]prompt_pt a=1:  27%|██▋       | 30/112 [01:08<02:01,  1.49s/it]prompt_pt a=1:  28%|██▊       | 31/112 [01:11<02:32,  1.89s/it]prompt_pt a=1:  29%|██▊       | 32/112 [01:14<03:10,  2.38s/it]prompt_pt a=1:  29%|██▉       | 33/112 [01:18<03:34,  2.71s/it]prompt_pt a=1:  30%|███       | 34/112 [01:21<03:49,  2.95s/it]prompt_pt a=1:  31%|███▏      | 35/112 [01:23<03:29,  2.72s/it]prompt_pt a=1:  32%|███▏      | 36/112 [01:24<02:37,  2.08s/it]prompt_pt a=1:  33%|███▎      | 37/112 [01:24<02:03,  1.65s/it]prompt_pt a=1:  34%|███▍      | 38/112 [01:25<01:34,  1.27s/it]prompt_pt a=1:  35%|███▍      | 39/112 [01:28<02:21,  1.93s/it]prompt_pt a=1:  36%|███▌      | 40/112 [01:32<02:54,  2.42s/it]prompt_pt a=1:  37%|███▋      | 41/112 [01:35<03:16,  2.76s/it]prompt_pt a=1:  38%|███▊      | 42/112 [01:37<02:37,  2.25s/it]prompt_pt a=1:  38%|███▊      | 43/112 [01:37<01:55,  1.67s/it]prompt_pt a=1:  39%|███▉      | 44/112 [01:40<02:31,  2.23s/it]prompt_pt a=1:  40%|████      | 45/112 [01:41<01:57,  1.75s/it]prompt_pt a=1:  41%|████      | 46/112 [01:44<02:30,  2.27s/it]prompt_pt a=1:  42%|████▏     | 47/112 [01:48<02:50,  2.62s/it]prompt_pt a=1:  43%|████▎     | 48/112 [01:49<02:08,  2.01s/it]prompt_pt a=1:  44%|████▍     | 49/112 [01:50<01:55,  1.83s/it]prompt_pt a=1:  45%|████▍     | 50/112 [01:51<01:30,  1.46s/it]prompt_pt a=1:  46%|████▌     | 51/112 [01:52<01:25,  1.40s/it]prompt_pt a=1:  46%|████▋     | 52/112 [01:55<02:01,  2.03s/it]prompt_pt a=1:  47%|████▋     | 53/112 [01:56<01:43,  1.75s/it]prompt_pt a=1:  48%|████▊     | 54/112 [02:00<02:12,  2.29s/it]prompt_pt a=1:  49%|████▉     | 55/112 [02:00<01:37,  1.71s/it]prompt_pt a=1:  50%|█████     | 56/112 [02:01<01:15,  1.35s/it]prompt_pt a=1:  51%|█████     | 57/112 [02:01<00:57,  1.05s/it]prompt_pt a=1:  52%|█████▏    | 58/112 [02:02<00:50,  1.07it/s]prompt_pt a=1:  53%|█████▎    | 59/112 [02:05<01:30,  1.71s/it]prompt_pt a=1:  54%|█████▎    | 60/112 [02:07<01:31,  1.76s/it]prompt_pt a=1:  54%|█████▍    | 61/112 [02:11<01:56,  2.29s/it]prompt_pt a=1:  55%|█████▌    | 62/112 [02:11<01:25,  1.71s/it]prompt_pt a=1:  56%|█████▋    | 63/112 [02:11<01:02,  1.27s/it]prompt_pt a=1:  57%|█████▋    | 64/112 [02:12<00:53,  1.12s/it]prompt_pt a=1:  58%|█████▊    | 65/112 [02:13<00:44,  1.05it/s]prompt_pt a=1:  59%|█████▉    | 66/112 [02:13<00:35,  1.31it/s]prompt_pt a=1:  60%|█████▉    | 67/112 [02:16<01:10,  1.57s/it]prompt_pt a=1:  61%|██████    | 68/112 [02:20<01:33,  2.13s/it]prompt_pt a=1:  62%|██████▏   | 69/112 [02:20<01:08,  1.60s/it]prompt_pt a=1:  62%|██████▎   | 70/112 [02:21<00:58,  1.39s/it]prompt_pt a=1:  63%|██████▎   | 71/112 [02:23<00:57,  1.39s/it]prompt_pt a=1:  64%|██████▍   | 72/112 [02:23<00:44,  1.12s/it]prompt_pt a=1:  65%|██████▌   | 73/112 [02:26<01:11,  1.82s/it]prompt_pt a=1:  66%|██████▌   | 74/112 [02:30<01:29,  2.35s/it]prompt_pt a=1:  67%|██████▋   | 75/112 [02:34<01:39,  2.70s/it]prompt_pt a=1:  68%|██████▊   | 76/112 [02:34<01:13,  2.05s/it]prompt_pt a=1:  69%|██████▉   | 77/112 [02:35<00:56,  1.61s/it]prompt_pt a=1:  70%|██████▉   | 78/112 [02:36<00:47,  1.39s/it]prompt_pt a=1:  71%|███████   | 79/112 [02:36<00:39,  1.20s/it]prompt_pt a=1:  71%|███████▏  | 80/112 [02:37<00:30,  1.06it/s]prompt_pt a=1:  72%|███████▏  | 81/112 [02:40<00:52,  1.70s/it]prompt_pt a=1:  73%|███████▎  | 82/112 [02:43<00:59,  1.99s/it]prompt_pt a=1:  74%|███████▍  | 83/112 [02:44<00:55,  1.90s/it]prompt_pt a=1:  75%|███████▌  | 84/112 [02:48<01:06,  2.37s/it]prompt_pt a=1:  76%|███████▌  | 85/112 [02:48<00:48,  1.80s/it]prompt_pt a=1:  77%|███████▋  | 86/112 [02:49<00:35,  1.36s/it]prompt_pt a=1:  78%|███████▊  | 87/112 [02:49<00:26,  1.08s/it]prompt_pt a=1:  79%|███████▊  | 88/112 [02:53<00:43,  1.79s/it]prompt_pt a=1:  79%|███████▉  | 89/112 [02:56<00:52,  2.29s/it]prompt_pt a=1:  80%|████████  | 90/112 [02:57<00:38,  1.74s/it]prompt_pt a=1:  81%|████████▏ | 91/112 [02:57<00:26,  1.27s/it]prompt_pt a=1:  82%|████████▏ | 92/112 [03:00<00:38,  1.92s/it]prompt_pt a=1:  83%|████████▎ | 93/112 [03:01<00:27,  1.46s/it]prompt_pt a=1:  84%|████████▍ | 94/112 [03:01<00:22,  1.24s/it]prompt_pt a=1:  85%|████████▍ | 95/112 [03:05<00:32,  1.90s/it]prompt_pt a=1:  86%|████████▌ | 96/112 [03:06<00:26,  1.66s/it]prompt_pt a=1:  87%|████████▋ | 97/112 [03:06<00:19,  1.31s/it]prompt_pt a=1:  88%|████████▊ | 98/112 [03:07<00:14,  1.06s/it]prompt_pt a=1:  88%|████████▊ | 99/112 [03:07<00:11,  1.13it/s]prompt_pt a=1:  89%|████████▉ | 100/112 [03:08<00:08,  1.36it/s]prompt_pt a=1:  90%|█████████ | 101/112 [03:08<00:06,  1.77it/s]prompt_pt a=1:  91%|█████████ | 102/112 [03:11<00:14,  1.45s/it]prompt_pt a=1:  92%|█████████▏| 103/112 [03:15<00:18,  2.05s/it]prompt_pt a=1:  93%|█████████▎| 104/112 [03:17<00:17,  2.15s/it]prompt_pt a=1:  94%|█████████▍| 105/112 [03:17<00:11,  1.60s/it]prompt_pt a=1:  95%|█████████▍| 106/112 [03:18<00:07,  1.22s/it]prompt_pt a=1:  96%|█████████▌| 107/112 [03:21<00:08,  1.77s/it]prompt_pt a=1:  96%|█████████▋| 108/112 [03:22<00:05,  1.47s/it]prompt_pt a=1:  97%|█████████▋| 109/112 [03:25<00:06,  2.07s/it]prompt_pt a=1:  98%|█████████▊| 110/112 [03:29<00:04,  2.49s/it]prompt_pt a=1:  99%|█████████▉| 111/112 [03:30<00:02,  2.16s/it]prompt_pt a=1: 100%|██████████| 112/112 [03:30<00:00,  1.65s/it]prompt_pt a=1: 100%|██████████| 112/112 [03:30<00:00,  1.88s/it]

============================================================================================================================================
condicion              n    fr    en    es    de    it    pt  unk  is_fr  st_fr   acc  cambio  largo  ce_fr_h  ce_en_h  leak
--------------------------------------------------------------------------------------------------------------------------------------------
prompt_it a=0        112  0.00  0.00  0.00  0.00  0.97  0.00 0.03   0.00   0.72  0.68     nan  235.6    5.445    3.951  0.00
prompt_it a=1        112  0.00  0.01  0.02  0.93  0.04  0.00 0.00   0.00   0.04  0.53    0.99  265.2    1.757    4.243  0.00
prompt_pt a=0        112  0.00  0.01  0.02  0.00  0.01  0.81 0.15   0.00   0.00  0.70     nan  217.0    5.851    3.763  0.00
prompt_pt a=1        112  0.00  0.00  0.04  0.93  0.00  0.01 0.02   0.00   0.01  0.53    1.00  275.6    1.607    3.834  0.00
============================================================================================================================================

celda target: de
condicion             celda_ok    tgt  mayus
prompt_it a=0             0.00   0.00   0.00
prompt_it a=1             0.93   0.93   0.00
prompt_pt a=0             0.00   0.00   0.00
prompt_pt a=1             0.93   0.93   0.00
ce_fr_h es la CE del head del target de ESTA celda (columna `output` del CSV), no de frances.
fr/en/es/de/it/pt/unk: fraccion de salidas por idioma (language_verdict). cambio: salida != a=0.
ce_*_h: CE del head del target frances / del baseline ingles bajo esa condicion.
Lectura: it/pt no estuvieron en el entrenamiento. Si fr sube con a=1 desde las dos, la
transferencia es a idiomas no vistos; comparar con es/de del preset idioma (mismo parche).

Guardado: algebra/runs/v9/alg_de/cross_lang_romance.json
[gen_cache] /home/sagemaker-user/user-default-efs/papers/LLMAtaquesContinuos/experimentos/idiomas/algebra/runs/v9/gen_cache: reusadas 224, generadas 224
# Etapa A: held-out v8 por categoria

Held-out = filas desde int(700*0.84) del CSV de cada celda (16 por categoria). Idioma: GlotLID (lang_id.py). Accuracy: answer_correct con los alias del banco (6 idiomas). Generacion de 150 tokens, referencia y baseline regenerados con el mismo largo. Control nativo = M(q_X): la pregunta escrita en el idioma de la celda, sin parche. Acuerdo = filas donde parche y control coinciden en acierto/fallo.

## Celda fr (parche hacia el francés)

### Pregunta en inglés (norma ‖v‖ = 0.844)

| categoria | n | % fr sin parche | % fr control nativo | % fr parche | acc sin parche | acc control nativo | acc parche | acuerdo parche/control |
|---|---|---|---|---|---|---|---|---|
| factual_clasica | 16 | 0 | 100 | 100 | 100 | 88 | 88 | 100 |
| factual_aperturas | 16 | 0 | 94 | 100 | 100 | 81 | 88 | 81 |
| imperativo | 16 | 0 | 100 | 100 | 94 | 81 | 81 | 100 |
| imperativo_explicativo | 16 | 0 | 100 | 100 | 88 | 56 | 69 | 50 |
| explicativa | 16 | 0 | 100 | 100 | 100 | 38 | 62 | 75 |
| corta | 16 | 0 | 100 | 100 | 88 | 69 | 69 | 88 |
| conversacional | 16 | 0 | 100 | 100 | 100 | 88 | 75 | 75 |
| TOTAL | 112 | 0 | 99 | 100 | 96 | 71 | 76 | 81 |

### Otros idiomas de entrenamiento

| categoria | es: % fr sin / con | es: acc sin / con | de: % fr sin / con | de: acc sin / con |
|---|---|---|---|---|
| factual_clasica | 0 / 94 | 81 / 88 | 0 / 94 | 94 / 88 |
| factual_aperturas | 0 / 100 | 94 / 44 | 0 / 100 | 88 / 62 |
| imperativo | 0 / 100 | 75 / 94 | 0 / 100 | 81 / 69 |
| imperativo_explicativo | 0 / 94 | 44 / 19 | 0 / 94 | 56 / 50 |
| explicativa | 0 / 100 | 38 / 56 | 0 / 100 | 38 / 44 |
| corta | 0 / 100 | 69 / 56 | 0 / 100 | 69 / 56 |
| conversacional | 0 / 100 | 88 / 75 | 0 / 94 | 81 / 69 |
| TOTAL | 0 / 98 | 70 / 62 | 0 / 97 | 72 / 62 |

### Idiomas no vistos (italiano, portugués)

| categoria | it: % fr sin / con | it: acc sin / con | pt: % fr sin / con | pt: acc sin / con |
|---|---|---|---|---|
| factual_clasica | 0 / 100 | 75 / 75 | 0 / 100 | 81 / 75 |
| factual_aperturas | 0 / 100 | 81 / 56 | 0 / 100 | 81 / 75 |
| imperativo | 0 / 94 | 88 / 88 | 0 / 100 | 81 / 81 |
| imperativo_explicativo | 0 / 94 | 44 / 38 | 0 / 100 | 44 / 50 |
| explicativa | 0 / 100 | 31 / 31 | 0 / 100 | 56 / 50 |
| corta | 0 / 100 | 69 / 69 | 0 / 100 | 62 / 62 |
| conversacional | 0 / 100 | 88 / 81 | 0 / 100 | 81 / 75 |
| TOTAL | 0 / 98 | 68 / 62 | 0 / 100 | 70 / 67 |

## Celda es (parche hacia el español)

### Pregunta en inglés (norma ‖v‖ = 0.863)

| categoria | n | % es sin parche | % es control nativo | % es parche | acc sin parche | acc control nativo | acc parche | acuerdo parche/control |
|---|---|---|---|---|---|---|---|---|
| factual_clasica | 16 | 0 | 94 | 100 | 100 | 81 | 88 | 94 |
| factual_aperturas | 16 | 0 | 100 | 100 | 100 | 94 | 88 | 81 |
| imperativo | 16 | 0 | 88 | 88 | 94 | 75 | 88 | 88 |
| imperativo_explicativo | 16 | 0 | 100 | 100 | 88 | 44 | 62 | 44 |
| explicativa | 16 | 0 | 100 | 100 | 100 | 38 | 56 | 81 |
| corta | 16 | 0 | 94 | 100 | 88 | 69 | 62 | 69 |
| conversacional | 16 | 0 | 94 | 94 | 100 | 88 | 88 | 100 |
| TOTAL | 112 | 0 | 96 | 97 | 96 | 70 | 76 | 79 |

### Otros idiomas de entrenamiento

| categoria | de: % es sin / con | de: acc sin / con | fr: % es sin / con | fr: acc sin / con |
|---|---|---|---|---|
| factual_clasica | 0 / 100 | 94 / 81 | 0 / 100 | 88 / 88 |
| factual_aperturas | 0 / 100 | 88 / 69 | 0 / 100 | 81 / 69 |
| imperativo | 0 / 94 | 81 / 88 | 0 / 94 | 81 / 81 |
| imperativo_explicativo | 0 / 100 | 56 / 44 | 0 / 100 | 56 / 75 |
| explicativa | 0 / 100 | 38 / 25 | 0 / 100 | 38 / 25 |
| corta | 0 / 100 | 69 / 69 | 0 / 88 | 69 / 62 |
| conversacional | 0 / 100 | 81 / 75 | 0 / 100 | 88 / 62 |
| TOTAL | 0 / 99 | 72 / 64 | 0 / 97 | 71 / 66 |

### Idiomas no vistos (italiano, portugués)

| categoria | it: % es sin / con | it: acc sin / con | pt: % es sin / con | pt: acc sin / con |
|---|---|---|---|---|
| factual_clasica | 0 / 100 | 75 / 81 | 0 / 100 | 81 / 94 |
| factual_aperturas | 0 / 94 | 81 / 56 | 0 / 94 | 81 / 69 |
| imperativo | 0 / 94 | 88 / 88 | 0 / 88 | 81 / 69 |
| imperativo_explicativo | 0 / 100 | 44 / 44 | 0 / 94 | 44 / 44 |
| explicativa | 0 / 100 | 31 / 31 | 0 / 100 | 56 / 25 |
| corta | 0 / 94 | 69 / 62 | 12 / 100 | 62 / 56 |
| conversacional | 0 / 100 | 88 / 62 | 0 / 100 | 81 / 56 |
| TOTAL | 0 / 97 | 68 / 61 | 2 / 96 | 70 / 59 |

## Celda de (parche hacia el alemán)

### Pregunta en inglés (norma ‖v‖ = 0.942)

| categoria | n | % de sin parche | % de control nativo | % de parche | acc sin parche | acc control nativo | acc parche | acuerdo parche/control |
|---|---|---|---|---|---|---|---|---|
| factual_clasica | 16 | 0 | 81 | 94 | 100 | 94 | 94 | 100 |
| factual_aperturas | 16 | 0 | 94 | 94 | 100 | 88 | 94 | 81 |
| imperativo | 16 | 0 | 100 | 100 | 94 | 81 | 81 | 88 |
| imperativo_explicativo | 16 | 0 | 100 | 100 | 88 | 56 | 56 | 75 |
| explicativa | 16 | 0 | 100 | 75 | 100 | 38 | 69 | 44 |
| corta | 16 | 0 | 94 | 100 | 88 | 69 | 62 | 81 |
| conversacional | 16 | 0 | 94 | 100 | 100 | 81 | 88 | 81 |
| TOTAL | 112 | 0 | 95 | 95 | 96 | 72 | 78 | 79 |

### Otros idiomas de entrenamiento

| categoria | es: % de sin / con | es: acc sin / con | fr: % de sin / con | fr: acc sin / con |
|---|---|---|---|---|
| factual_clasica | 0 / 100 | 81 / 88 | 0 / 100 | 88 / 81 |
| factual_aperturas | 0 / 100 | 94 / 69 | 0 / 94 | 81 / 69 |
| imperativo | 0 / 100 | 75 / 75 | 0 / 100 | 81 / 81 |
| imperativo_explicativo | 0 / 100 | 44 / 19 | 0 / 100 | 56 / 25 |
| explicativa | 0 / 100 | 38 / 19 | 0 / 94 | 38 / 31 |
| corta | 0 / 100 | 69 / 75 | 0 / 100 | 69 / 62 |
| conversacional | 0 / 94 | 88 / 81 | 0 / 88 | 88 / 75 |
| TOTAL | 0 / 99 | 70 / 61 | 0 / 96 | 71 / 61 |

### Idiomas no vistos (italiano, portugués)

| categoria | it: % de sin / con | it: acc sin / con | pt: % de sin / con | pt: acc sin / con |
|---|---|---|---|---|
| factual_clasica | 0 / 100 | 75 / 69 | 0 / 94 | 81 / 75 |
| factual_aperturas | 0 / 100 | 81 / 69 | 0 / 100 | 81 / 69 |
| imperativo | 0 / 75 | 88 / 69 | 0 / 88 | 81 / 75 |
| imperativo_explicativo | 0 / 100 | 44 / 12 | 0 / 100 | 44 / 38 |
| explicativa | 0 / 81 | 31 / 38 | 0 / 100 | 56 / 19 |
| corta | 0 / 94 | 69 / 44 | 0 / 88 | 62 / 56 |
| conversacional | 0 / 100 | 88 / 69 | 0 / 81 | 81 / 38 |
| TOTAL | 0 / 93 | 68 / 53 | 0 / 93 | 70 / 53 |


reporte: algebra/runs/v9/reportes/A.md

################ C fr
`torch_dtype` is deprecated! Use `dtype` instead!
Loading checkpoint shards:   0%|          | 0/2 [00:00<?, ?it/s]Loading checkpoint shards:  50%|█████     | 1/2 [00:01<00:01,  1.02s/it]Loading checkpoint shards: 100%|██████████| 2/2 [00:01<00:00,  1.66it/s]Loading checkpoint shards: 100%|██████████| 2/2 [00:01<00:00,  1.51it/s]
Held-out: 99  |  parche: algebra/runs/v9/alg_fr/lang_patch_best_train.pt  |  escala: 1.0
======================================================================
eval:   0%|          | 0/99 [00:00<?, ?it/s][lang_id] GlotLID: /mnt/custom-file-systems/efs/fs-0ded2930a619aa967_fsap-0faa05c681ed1a8f3/papers/LLMAtaquesContinuos/modelos/glotlid/model.bin
eval:   1%|          | 1/99 [00:02<03:21,  2.06s/it]eval:   2%|▏         | 2/99 [00:05<04:46,  2.96s/it]eval:   3%|▎         | 3/99 [00:09<05:11,  3.25s/it]eval:   4%|▍         | 4/99 [00:09<03:30,  2.21s/it]eval:   5%|▌         | 5/99 [00:13<04:14,  2.71s/it]eval:   6%|▌         | 6/99 [00:17<04:39,  3.01s/it]eval:   7%|▋         | 7/99 [00:19<04:11,  2.73s/it]eval:   8%|▊         | 8/99 [00:22<04:33,  3.01s/it]eval:   9%|▉         | 9/99 [00:23<03:32,  2.36s/it]eval:  10%|█         | 10/99 [00:27<04:04,  2.75s/it]eval:  11%|█         | 11/99 [00:30<04:23,  3.00s/it]eval:  12%|█▏        | 12/99 [00:34<04:36,  3.18s/it]eval:  13%|█▎        | 13/99 [00:38<04:43,  3.29s/it]eval:  14%|█▍        | 14/99 [00:41<04:47,  3.39s/it]eval:  15%|█▌        | 15/99 [00:45<04:47,  3.42s/it]eval:  16%|█▌        | 16/99 [00:48<04:47,  3.47s/it]eval:  17%|█▋        | 17/99 [00:52<04:47,  3.51s/it]eval:  18%|█▊        | 18/99 [00:55<04:46,  3.54s/it]eval:  19%|█▉        | 19/99 [00:59<04:44,  3.56s/it]eval:  20%|██        | 20/99 [01:03<04:42,  3.57s/it]eval:  21%|██        | 21/99 [01:06<04:39,  3.58s/it]eval:  22%|██▏       | 22/99 [01:10<04:35,  3.58s/it]eval:  23%|██▎       | 23/99 [01:13<04:17,  3.39s/it]eval:  24%|██▍       | 24/99 [01:16<04:19,  3.46s/it]eval:  25%|██▌       | 25/99 [01:20<04:19,  3.50s/it]eval:  26%|██▋       | 26/99 [01:24<04:18,  3.54s/it]eval:  27%|██▋       | 27/99 [01:27<04:15,  3.56s/it]eval:  28%|██▊       | 28/99 [01:31<04:13,  3.56s/it]eval:  29%|██▉       | 29/99 [01:34<03:52,  3.32s/it]eval:  30%|███       | 30/99 [01:37<03:54,  3.40s/it]eval:  31%|███▏      | 31/99 [01:41<03:55,  3.46s/it]eval:  32%|███▏      | 32/99 [01:44<03:54,  3.49s/it]eval:  33%|███▎      | 33/99 [01:48<03:52,  3.53s/it]eval:  34%|███▍      | 34/99 [01:52<03:50,  3.55s/it]eval:  35%|███▌      | 35/99 [01:55<03:47,  3.56s/it]eval:  36%|███▋      | 36/99 [01:59<03:45,  3.58s/it]eval:  37%|███▋      | 37/99 [02:02<03:41,  3.58s/it]eval:  38%|███▊      | 38/99 [02:06<03:38,  3.57s/it]eval:  39%|███▉      | 39/99 [02:09<03:34,  3.57s/it]eval:  40%|████      | 40/99 [02:13<03:31,  3.58s/it]eval:  41%|████▏     | 41/99 [02:17<03:27,  3.57s/it]eval:  42%|████▏     | 42/99 [02:20<03:24,  3.58s/it]eval:  43%|████▎     | 43/99 [02:20<02:24,  2.58s/it]eval:  44%|████▍     | 44/99 [02:24<02:38,  2.88s/it]eval:  45%|████▌     | 45/99 [02:28<02:47,  3.10s/it]eval:  46%|████▋     | 46/99 [02:31<02:53,  3.27s/it]eval:  47%|████▋     | 47/99 [02:35<02:55,  3.38s/it]eval:  48%|████▊     | 48/99 [02:39<02:55,  3.45s/it]eval:  49%|████▉     | 49/99 [02:42<02:54,  3.49s/it]eval:  51%|█████     | 50/99 [02:46<02:52,  3.53s/it]eval:  52%|█████▏    | 51/99 [02:49<02:49,  3.54s/it]eval:  53%|█████▎    | 52/99 [02:53<02:47,  3.56s/it]eval:  54%|█████▎    | 53/99 [02:57<02:44,  3.57s/it]eval:  55%|█████▍    | 54/99 [03:00<02:41,  3.58s/it]eval:  56%|█████▌    | 55/99 [03:04<02:37,  3.59s/it]eval:  57%|█████▋    | 56/99 [03:07<02:34,  3.59s/it]eval:  58%|█████▊    | 57/99 [03:11<02:30,  3.58s/it]eval:  59%|█████▊    | 58/99 [03:14<02:26,  3.58s/it]eval:  60%|█████▉    | 59/99 [03:17<02:14,  3.36s/it]eval:  61%|██████    | 60/99 [03:21<02:13,  3.43s/it]eval:  62%|██████▏   | 61/99 [03:25<02:12,  3.48s/it]eval:  63%|██████▎   | 62/99 [03:28<02:10,  3.52s/it]eval:  64%|██████▎   | 63/99 [03:32<02:07,  3.53s/it]eval:  65%|██████▍   | 64/99 [03:35<02:04,  3.55s/it]eval:  66%|██████▌   | 65/99 [03:39<02:01,  3.56s/it]eval:  67%|██████▋   | 66/99 [03:42<01:57,  3.57s/it]eval:  68%|██████▊   | 67/99 [03:46<01:54,  3.57s/it]eval:  69%|██████▊   | 68/99 [03:50<01:50,  3.57s/it]eval:  70%|██████▉   | 69/99 [03:53<01:47,  3.57s/it]eval:  71%|███████   | 70/99 [03:57<01:43,  3.58s/it]eval:  72%|███████▏  | 71/99 [04:00<01:36,  3.46s/it]eval:  73%|███████▎  | 72/99 [04:04<01:34,  3.50s/it]eval:  74%|███████▎  | 73/99 [04:07<01:28,  3.40s/it]eval:  75%|███████▍  | 74/99 [04:10<01:26,  3.46s/it]eval:  76%|███████▌  | 75/99 [04:14<01:24,  3.50s/it]eval:  77%|███████▋  | 76/99 [04:17<01:21,  3.53s/it]eval:  78%|███████▊  | 77/99 [04:21<01:18,  3.55s/it]eval:  79%|███████▉  | 78/99 [04:25<01:14,  3.56s/it]eval:  80%|███████▉  | 79/99 [04:28<01:11,  3.57s/it]eval:  81%|████████  | 80/99 [04:32<01:07,  3.58s/it]eval:  82%|████████▏ | 81/99 [04:35<01:04,  3.58s/it]eval:  83%|████████▎ | 82/99 [04:39<01:01,  3.59s/it]eval:  84%|████████▍ | 83/99 [04:43<00:57,  3.59s/it]eval:  85%|████████▍ | 84/99 [04:46<00:54,  3.60s/it]eval:  86%|████████▌ | 85/99 [04:50<00:51,  3.66s/it]eval:  87%|████████▋ | 86/99 [04:54<00:48,  3.71s/it]eval:  88%|████████▊ | 87/99 [04:57<00:44,  3.68s/it]eval:  89%|████████▉ | 88/99 [05:01<00:41,  3.74s/it]eval:  90%|████████▉ | 89/99 [05:05<00:37,  3.79s/it]eval:  91%|█████████ | 90/99 [05:09<00:34,  3.78s/it]eval:  92%|█████████▏| 91/99 [05:12<00:28,  3.57s/it]eval:  93%|█████████▎| 92/99 [05:16<00:25,  3.59s/it]eval:  94%|█████████▍| 93/99 [05:19<00:21,  3.61s/it]eval:  95%|█████████▍| 94/99 [05:23<00:18,  3.64s/it]eval:  96%|█████████▌| 95/99 [05:27<00:14,  3.65s/it]eval:  97%|█████████▋| 96/99 [05:30<00:10,  3.66s/it]eval:  98%|█████████▊| 97/99 [05:34<00:07,  3.72s/it]eval:  99%|█████████▉| 98/99 [05:38<00:03,  3.79s/it]eval: 100%|██████████| 99/99 [05:42<00:00,  3.78s/it]eval: 100%|██████████| 99/99 [05:42<00:00,  3.46s/it]

======================================================================
condicion                   is_french   fr_score   accuracy    leak
----------------------------------------------------------------------
baseline  M(q)                  0.0%      0.005      nan%      0%
referencia  M([FR;q])          99.0%      0.995      nan%      0%
parche  M(q+v)                 93.9%      0.944      nan%      0%
----------------------------------------------------------------------
celda target: fr   (celda_ok = idioma fr Y NO mayusculas)
condicion                    celda_ok     idioma      mayus
baseline  M(q)                  0.0%       0.0%       0.0%
referencia  M([FR;q])          99.0%      99.0%       0.0%
parche  M(q+v)                 93.9%      93.9%       0.0%
----------------------------------------------------------------------
CE target FR                sin parche  con parche     delta
head (primeros 5)               5.4747      0.5381   -4.9366
tail (el resto)                 0.4317      0.3189   -0.1128
toda la respuesta               0.7171      0.3357   -0.3814
  el head es donde vive la decision de idioma; el tail casi no deberia moverse
  tokens parcheados por prompt (anchor goal_all): media 5.2

======================================================================
PROMPTS ABIERTOS  (n=99, sin respuesta verificable)
  overlap de contenido parche vs referencia : 0.233
  overlap baseline(EN) vs referencia        : 0.024
  control de azar (parche vs otra pregunta) : 0.009
  frances por tercio, parche     : [0.94, 0.92, 0.93]
  frances por tercio, referencia : [0.99, 0.99, 0.99]
  si el parche cae en el tercer tercio, el efecto es local y decae
======================================================================

Reportes: algebra/runs/v9/alg_fr/eval_open.json
          algebra/runs/v9/alg_fr/eval_open.md
[gen_cache] /home/sagemaker-user/user-default-efs/papers/LLMAtaquesContinuos/experimentos/idiomas/algebra/runs/v9/gen_cache: reusadas 198, generadas 99
`torch_dtype` is deprecated! Use `dtype` instead!
Loading checkpoint shards:   0%|          | 0/2 [00:00<?, ?it/s]Loading checkpoint shards:  50%|█████     | 1/2 [00:01<00:01,  1.04s/it]Loading checkpoint shards: 100%|██████████| 2/2 [00:01<00:00,  1.62it/s]Loading checkpoint shards: 100%|██████████| 2/2 [00:01<00:00,  1.47it/s]
parche algebra/runs/v9/alg_fr/lang_patch_best_train.pt  norma 0.8437  |  tail held-out 50 (idx 0..49)
preset=idioma  condiciones=['prompt_es a=0', 'prompt_es a=1', 'prompt_de a=0', 'prompt_de a=1', 'prompt a=0', 'prompt a=1', 'prompt_fr a=0']
prompt_es a=0:   0%|          | 0/50 [00:00<?, ?it/s][lang_id] GlotLID: /mnt/custom-file-systems/efs/fs-0ded2930a619aa967_fsap-0faa05c681ed1a8f3/papers/LLMAtaquesContinuos/modelos/glotlid/model.bin
prompt_es a=0:   2%|▏         | 1/50 [00:01<01:04,  1.31s/it]prompt_es a=0:   6%|▌         | 3/50 [00:01<00:18,  2.56it/s]prompt_es a=0:  10%|█         | 5/50 [00:01<00:10,  4.40it/s]prompt_es a=0:  14%|█▍        | 7/50 [00:01<00:06,  6.25it/s]prompt_es a=0:  18%|█▊        | 9/50 [00:01<00:05,  7.97it/s]prompt_es a=0:  22%|██▏       | 11/50 [00:02<00:04,  9.45it/s]prompt_es a=0:  26%|██▌       | 13/50 [00:02<00:03, 10.74it/s]prompt_es a=0:  30%|███       | 15/50 [00:02<00:02, 11.79it/s]prompt_es a=0:  34%|███▍      | 17/50 [00:02<00:02, 12.46it/s]prompt_es a=0:  38%|███▊      | 19/50 [00:02<00:02, 13.09it/s]prompt_es a=0:  42%|████▏     | 21/50 [00:02<00:02, 13.56it/s]prompt_es a=0:  46%|████▌     | 23/50 [00:02<00:01, 13.92it/s]prompt_es a=0:  50%|█████     | 25/50 [00:02<00:01, 14.21it/s]prompt_es a=0:  54%|█████▍    | 27/50 [00:03<00:01, 14.44it/s]prompt_es a=0:  58%|█████▊    | 29/50 [00:03<00:01, 14.87it/s]prompt_es a=0:  62%|██████▏   | 31/50 [00:03<00:01, 14.44it/s]prompt_es a=0:  66%|██████▌   | 33/50 [00:03<00:01, 14.49it/s]prompt_es a=0:  70%|███████   | 35/50 [00:03<00:01, 14.24it/s]prompt_es a=0:  74%|███████▍  | 37/50 [00:03<00:00, 14.40it/s]prompt_es a=0:  78%|███████▊  | 39/50 [00:03<00:00, 14.48it/s]prompt_es a=0:  82%|████████▏ | 41/50 [00:04<00:00, 14.44it/s]prompt_es a=0:  86%|████████▌ | 43/50 [00:04<00:00, 14.48it/s]prompt_es a=0:  90%|█████████ | 45/50 [00:04<00:00, 14.42it/s]prompt_es a=0:  94%|█████████▍| 47/50 [00:04<00:00, 14.56it/s]prompt_es a=0:  98%|█████████▊| 49/50 [00:04<00:00, 14.47it/s]prompt_es a=0: 100%|██████████| 50/50 [00:04<00:00, 10.68it/s]
prompt_es a=1:   0%|          | 0/50 [00:00<?, ?it/s]prompt_es a=1:   2%|▏         | 1/50 [00:03<02:59,  3.67s/it]prompt_es a=1:   4%|▍         | 2/50 [00:07<02:53,  3.62s/it]prompt_es a=1:   6%|▌         | 3/50 [00:10<02:48,  3.59s/it]prompt_es a=1:   8%|▊         | 4/50 [00:14<02:44,  3.58s/it]prompt_es a=1:  10%|█         | 5/50 [00:17<02:40,  3.57s/it]prompt_es a=1:  12%|█▏        | 6/50 [00:21<02:36,  3.57s/it]prompt_es a=1:  14%|█▍        | 7/50 [00:24<02:32,  3.55s/it]prompt_es a=1:  16%|█▌        | 8/50 [00:28<02:28,  3.54s/it]prompt_es a=1:  18%|█▊        | 9/50 [00:32<02:24,  3.53s/it]prompt_es a=1:  20%|██        | 10/50 [00:35<02:21,  3.53s/it]prompt_es a=1:  22%|██▏       | 11/50 [00:38<02:05,  3.21s/it]prompt_es a=1:  24%|██▍       | 12/50 [00:41<02:05,  3.31s/it]prompt_es a=1:  26%|██▌       | 13/50 [00:45<02:04,  3.37s/it]prompt_es a=1:  28%|██▊       | 14/50 [00:48<02:03,  3.42s/it]prompt_es a=1:  30%|███       | 15/50 [00:52<02:01,  3.47s/it]prompt_es a=1:  32%|███▏      | 16/50 [00:55<01:58,  3.49s/it]prompt_es a=1:  34%|███▍      | 17/50 [00:59<01:56,  3.52s/it]prompt_es a=1:  36%|███▌      | 18/50 [01:02<01:52,  3.52s/it]prompt_es a=1:  38%|███▊      | 19/50 [01:06<01:49,  3.53s/it]prompt_es a=1:  40%|████      | 20/50 [01:09<01:46,  3.54s/it]prompt_es a=1:  42%|████▏     | 21/50 [01:13<01:42,  3.53s/it]prompt_es a=1:  44%|████▍     | 22/50 [01:17<01:39,  3.54s/it]prompt_es a=1:  46%|████▌     | 23/50 [01:20<01:35,  3.53s/it]prompt_es a=1:  48%|████▊     | 24/50 [01:22<01:15,  2.92s/it]prompt_es a=1:  50%|█████     | 25/50 [01:25<01:17,  3.11s/it]prompt_es a=1:  52%|█████▏    | 26/50 [01:29<01:17,  3.23s/it]prompt_es a=1:  54%|█████▍    | 27/50 [01:32<01:16,  3.32s/it]prompt_es a=1:  56%|█████▌    | 28/50 [01:35<01:10,  3.21s/it]prompt_es a=1:  58%|█████▊    | 29/50 [01:39<01:09,  3.31s/it]prompt_es a=1:  60%|██████    | 30/50 [01:42<01:04,  3.21s/it]prompt_es a=1:  62%|██████▏   | 31/50 [01:45<01:02,  3.30s/it]prompt_es a=1:  64%|██████▍   | 32/50 [01:49<01:00,  3.36s/it]prompt_es a=1:  66%|██████▌   | 33/50 [01:52<00:57,  3.40s/it]prompt_es a=1:  68%|██████▊   | 34/50 [01:56<00:55,  3.44s/it]prompt_es a=1:  70%|███████   | 35/50 [01:59<00:49,  3.32s/it]prompt_es a=1:  72%|███████▏  | 36/50 [02:02<00:47,  3.40s/it]prompt_es a=1:  74%|███████▍  | 37/50 [02:06<00:44,  3.45s/it]prompt_es a=1:  76%|███████▌  | 38/50 [02:09<00:41,  3.49s/it]prompt_es a=1:  78%|███████▊  | 39/50 [02:13<00:38,  3.51s/it]prompt_es a=1:  80%|████████  | 40/50 [02:17<00:35,  3.52s/it]prompt_es a=1:  82%|████████▏ | 41/50 [02:20<00:31,  3.53s/it]prompt_es a=1:  84%|████████▍ | 42/50 [02:24<00:28,  3.54s/it]prompt_es a=1:  86%|████████▌ | 43/50 [02:27<00:24,  3.55s/it]prompt_es a=1:  88%|████████▊ | 44/50 [02:28<00:17,  2.86s/it]prompt_es a=1:  90%|█████████ | 45/50 [02:32<00:15,  3.06s/it]prompt_es a=1:  92%|█████████▏| 46/50 [02:36<00:12,  3.20s/it]prompt_es a=1:  94%|█████████▍| 47/50 [02:39<00:09,  3.29s/it]prompt_es a=1:  96%|█████████▌| 48/50 [02:43<00:06,  3.36s/it]prompt_es a=1:  98%|█████████▊| 49/50 [02:46<00:03,  3.40s/it]prompt_es a=1: 100%|██████████| 50/50 [02:50<00:00,  3.45s/it]prompt_es a=1: 100%|██████████| 50/50 [02:50<00:00,  3.40s/it]
prompt_de a=0:   0%|          | 0/50 [00:00<?, ?it/s]prompt_de a=0:   4%|▍         | 2/50 [00:00<00:03, 14.49it/s]prompt_de a=0:   8%|▊         | 4/50 [00:00<00:03, 14.57it/s]prompt_de a=0:  12%|█▏        | 6/50 [00:00<00:03, 14.48it/s]prompt_de a=0:  16%|█▌        | 8/50 [00:00<00:02, 14.53it/s]prompt_de a=0:  20%|██        | 10/50 [00:00<00:02, 14.52it/s]prompt_de a=0:  24%|██▍       | 12/50 [00:00<00:02, 14.68it/s]prompt_de a=0:  28%|██▊       | 14/50 [00:00<00:02, 14.65it/s]prompt_de a=0:  32%|███▏      | 16/50 [00:01<00:02, 14.65it/s]prompt_de a=0:  36%|███▌      | 18/50 [00:01<00:02, 14.70it/s]prompt_de a=0:  40%|████      | 20/50 [00:01<00:02, 14.65it/s]prompt_de a=0:  44%|████▍     | 22/50 [00:01<00:01, 14.67it/s]prompt_de a=0:  48%|████▊     | 24/50 [00:01<00:01, 14.61it/s]prompt_de a=0:  52%|█████▏    | 26/50 [00:01<00:01, 14.41it/s]prompt_de a=0:  56%|█████▌    | 28/50 [00:01<00:01, 14.85it/s]prompt_de a=0:  60%|██████    | 30/50 [00:02<00:01, 14.70it/s]prompt_de a=0:  64%|██████▍   | 32/50 [00:02<00:01, 14.66it/s]prompt_de a=0:  68%|██████▊   | 34/50 [00:02<00:01, 14.49it/s]prompt_de a=0:  72%|███████▏  | 36/50 [00:02<00:00, 14.34it/s]prompt_de a=0:  76%|███████▌  | 38/50 [00:02<00:00, 14.36it/s]prompt_de a=0:  80%|████████  | 40/50 [00:02<00:00, 14.49it/s]prompt_de a=0:  84%|████████▍ | 42/50 [00:02<00:00, 14.35it/s]prompt_de a=0:  88%|████████▊ | 44/50 [00:03<00:00, 14.89it/s]prompt_de a=0:  92%|█████████▏| 46/50 [00:03<00:00, 14.84it/s]prompt_de a=0:  96%|█████████▌| 48/50 [00:03<00:00, 14.62it/s]prompt_de a=0: 100%|██████████| 50/50 [00:03<00:00, 14.54it/s]prompt_de a=0: 100%|██████████| 50/50 [00:03<00:00, 14.59it/s]
prompt_de a=1:   0%|          | 0/50 [00:00<?, ?it/s]prompt_de a=1:   2%|▏         | 1/50 [00:03<02:54,  3.56s/it]prompt_de a=1:   4%|▍         | 2/50 [00:07<02:50,  3.55s/it]prompt_de a=1:   6%|▌         | 3/50 [00:07<01:44,  2.23s/it]prompt_de a=1:   8%|▊         | 4/50 [00:11<02:06,  2.75s/it]prompt_de a=1:  10%|█         | 5/50 [00:14<02:16,  3.04s/it]prompt_de a=1:  12%|█▏        | 6/50 [00:18<02:21,  3.22s/it]prompt_de a=1:  14%|█▍        | 7/50 [00:21<02:22,  3.31s/it]prompt_de a=1:  16%|█▌        | 8/50 [00:25<02:22,  3.39s/it]prompt_de a=1:  18%|█▊        | 9/50 [00:29<02:21,  3.44s/it]prompt_de a=1:  20%|██        | 10/50 [00:32<02:18,  3.47s/it]prompt_de a=1:  22%|██▏       | 11/50 [00:35<02:08,  3.31s/it]prompt_de a=1:  24%|██▍       | 12/50 [00:38<02:07,  3.36s/it]prompt_de a=1:  26%|██▌       | 13/50 [00:42<02:06,  3.42s/it]prompt_de a=1:  28%|██▊       | 14/50 [00:46<02:04,  3.45s/it]prompt_de a=1:  30%|███       | 15/50 [00:49<02:01,  3.48s/it]prompt_de a=1:  32%|███▏      | 16/50 [00:52<01:56,  3.43s/it]prompt_de a=1:  34%|███▍      | 17/50 [00:56<01:54,  3.47s/it]prompt_de a=1:  36%|███▌      | 18/50 [01:00<01:51,  3.49s/it]prompt_de a=1:  38%|███▊      | 19/50 [01:03<01:48,  3.51s/it]prompt_de a=1:  40%|████      | 20/50 [01:07<01:45,  3.52s/it]prompt_de a=1:  42%|████▏     | 21/50 [01:10<01:42,  3.53s/it]prompt_de a=1:  44%|████▍     | 22/50 [01:14<01:38,  3.52s/it]prompt_de a=1:  46%|████▌     | 23/50 [01:17<01:34,  3.51s/it]prompt_de a=1:  48%|████▊     | 24/50 [01:18<01:07,  2.60s/it]prompt_de a=1:  50%|█████     | 25/50 [01:21<01:11,  2.87s/it]prompt_de a=1:  52%|█████▏    | 26/50 [01:24<01:08,  2.85s/it]prompt_de a=1:  54%|█████▍    | 27/50 [01:27<01:10,  3.05s/it]prompt_de a=1:  56%|█████▌    | 28/50 [01:29<00:55,  2.52s/it]prompt_de a=1:  58%|█████▊    | 29/50 [01:29<00:40,  1.92s/it]prompt_de a=1:  60%|██████    | 30/50 [01:33<00:47,  2.39s/it]prompt_de a=1:  62%|██████▏   | 31/50 [01:36<00:51,  2.73s/it]prompt_de a=1:  64%|██████▍   | 32/50 [01:40<00:53,  2.96s/it]prompt_de a=1:  66%|██████▌   | 33/50 [01:43<00:53,  3.13s/it]prompt_de a=1:  68%|██████▊   | 34/50 [01:47<00:52,  3.26s/it]prompt_de a=1:  70%|███████   | 35/50 [01:49<00:45,  3.02s/it]prompt_de a=1:  72%|███████▏  | 36/50 [01:53<00:44,  3.18s/it]prompt_de a=1:  74%|███████▍  | 37/50 [01:56<00:42,  3.29s/it]prompt_de a=1:  76%|███████▌  | 38/50 [02:00<00:40,  3.37s/it]prompt_de a=1:  78%|███████▊  | 39/50 [02:04<00:37,  3.43s/it]prompt_de a=1:  80%|████████  | 40/50 [02:07<00:34,  3.46s/it]prompt_de a=1:  82%|████████▏ | 41/50 [02:11<00:31,  3.49s/it]prompt_de a=1:  84%|████████▍ | 42/50 [02:14<00:27,  3.50s/it]prompt_de a=1:  86%|████████▌ | 43/50 [02:18<00:24,  3.52s/it]prompt_de a=1:  88%|████████▊ | 44/50 [02:19<00:17,  2.93s/it]prompt_de a=1:  90%|█████████ | 45/50 [02:23<00:15,  3.11s/it]prompt_de a=1:  92%|█████████▏| 46/50 [02:26<00:12,  3.24s/it]prompt_de a=1:  94%|█████████▍| 47/50 [02:28<00:08,  2.76s/it]prompt_de a=1:  96%|█████████▌| 48/50 [02:32<00:05,  2.99s/it]prompt_de a=1:  98%|█████████▊| 49/50 [02:35<00:03,  3.16s/it]prompt_de a=1: 100%|██████████| 50/50 [02:39<00:00,  3.28s/it]prompt_de a=1: 100%|██████████| 50/50 [02:39<00:00,  3.18s/it]
prompt a=0:   0%|          | 0/50 [00:00<?, ?it/s]prompt a=0:   4%|▍         | 2/50 [00:00<00:03, 14.03it/s]prompt a=0:   8%|▊         | 4/50 [00:00<00:03, 13.62it/s]prompt a=0:  12%|█▏        | 6/50 [00:00<00:03, 13.34it/s]prompt a=0:  16%|█▌        | 8/50 [00:00<00:03, 13.25it/s]prompt a=0:  20%|██        | 10/50 [00:00<00:03, 13.17it/s]prompt a=0:  24%|██▍       | 12/50 [00:00<00:02, 13.48it/s]prompt a=0:  28%|██▊       | 14/50 [00:01<00:02, 13.63it/s]prompt a=0:  32%|███▏      | 16/50 [00:01<00:02, 13.77it/s]prompt a=0:  36%|███▌      | 18/50 [00:01<00:02, 13.73it/s]prompt a=0:  40%|████      | 20/50 [00:01<00:02, 13.56it/s]prompt a=0:  44%|████▍     | 22/50 [00:01<00:02, 13.59it/s]prompt a=0:  48%|████▊     | 24/50 [00:01<00:01, 13.49it/s]prompt a=0:  52%|█████▏    | 26/50 [00:01<00:01, 13.64it/s]prompt a=0:  56%|█████▌    | 28/50 [00:02<00:01, 13.73it/s]prompt a=0:  60%|██████    | 30/50 [00:02<00:01, 13.81it/s]prompt a=0:  64%|██████▍   | 32/50 [00:02<00:01, 13.79it/s]prompt a=0:  68%|██████▊   | 34/50 [00:02<00:01, 13.67it/s]prompt a=0:  72%|███████▏  | 36/50 [00:02<00:01, 13.80it/s]prompt a=0:  76%|███████▌  | 38/50 [00:02<00:00, 13.75it/s]prompt a=0:  80%|████████  | 40/50 [00:02<00:00, 13.68it/s]prompt a=0:  84%|████████▍ | 42/50 [00:03<00:00, 13.56it/s]prompt a=0:  88%|████████▊ | 44/50 [00:03<00:00, 13.99it/s]prompt a=0:  92%|█████████▏| 46/50 [00:03<00:00, 13.89it/s]prompt a=0:  96%|█████████▌| 48/50 [00:03<00:00, 13.86it/s]prompt a=0: 100%|██████████| 50/50 [00:03<00:00, 13.91it/s]prompt a=0: 100%|██████████| 50/50 [00:03<00:00, 13.69it/s]
prompt a=1:   0%|          | 0/50 [00:00<?, ?it/s]prompt a=1:   2%|▏         | 1/50 [00:03<02:50,  3.48s/it]prompt a=1:   4%|▍         | 2/50 [00:06<02:46,  3.47s/it]prompt a=1:   6%|▌         | 3/50 [00:10<02:44,  3.49s/it]prompt a=1:   8%|▊         | 4/50 [00:13<02:40,  3.50s/it]prompt a=1:  10%|█         | 5/50 [00:17<02:36,  3.49s/it]prompt a=1:  12%|█▏        | 6/50 [00:20<02:33,  3.48s/it]prompt a=1:  14%|█▍        | 7/50 [00:24<02:29,  3.48s/it]prompt a=1:  16%|█▌        | 8/50 [00:27<02:26,  3.48s/it]prompt a=1:  18%|█▊        | 9/50 [00:31<02:22,  3.48s/it]prompt a=1:  20%|██        | 10/50 [00:34<02:18,  3.47s/it]prompt a=1:  22%|██▏       | 11/50 [00:38<02:15,  3.47s/it]prompt a=1:  24%|██▍       | 12/50 [00:41<02:11,  3.46s/it]prompt a=1:  26%|██▌       | 13/50 [00:45<02:08,  3.47s/it]prompt a=1:  28%|██▊       | 14/50 [00:48<02:05,  3.49s/it]prompt a=1:  30%|███       | 15/50 [00:52<02:02,  3.51s/it]prompt a=1:  32%|███▏      | 16/50 [00:53<01:37,  2.86s/it]prompt a=1:  34%|███▍      | 17/50 [00:57<01:40,  3.04s/it]prompt a=1:  36%|███▌      | 18/50 [01:00<01:41,  3.17s/it]prompt a=1:  38%|███▊      | 19/50 [01:04<01:41,  3.26s/it]prompt a=1:  40%|████      | 20/50 [01:07<01:39,  3.33s/it]prompt a=1:  42%|████▏     | 21/50 [01:11<01:37,  3.37s/it]prompt a=1:  44%|████▍     | 22/50 [01:14<01:35,  3.41s/it]prompt a=1:  46%|████▌     | 23/50 [01:17<01:32,  3.42s/it]prompt a=1:  48%|████▊     | 24/50 [01:21<01:29,  3.44s/it]prompt a=1:  50%|█████     | 25/50 [01:24<01:26,  3.48s/it]prompt a=1:  52%|█████▏    | 26/50 [01:28<01:23,  3.49s/it]prompt a=1:  54%|█████▍    | 27/50 [01:31<01:20,  3.48s/it]prompt a=1:  56%|█████▌    | 28/50 [01:35<01:16,  3.48s/it]prompt a=1:  58%|█████▊    | 29/50 [01:38<01:13,  3.48s/it]prompt a=1:  60%|██████    | 30/50 [01:42<01:07,  3.39s/it]prompt a=1:  62%|██████▏   | 31/50 [01:45<01:04,  3.41s/it]prompt a=1:  64%|██████▍   | 32/50 [01:49<01:01,  3.43s/it]prompt a=1:  66%|██████▌   | 33/50 [01:52<00:58,  3.44s/it]prompt a=1:  68%|██████▊   | 34/50 [01:55<00:55,  3.45s/it]prompt a=1:  70%|███████   | 35/50 [01:59<00:51,  3.42s/it]prompt a=1:  72%|███████▏  | 36/50 [02:02<00:48,  3.44s/it]prompt a=1:  74%|███████▍  | 37/50 [02:06<00:44,  3.45s/it]prompt a=1:  76%|███████▌  | 38/50 [02:09<00:41,  3.45s/it]prompt a=1:  78%|███████▊  | 39/50 [02:13<00:38,  3.46s/it]prompt a=1:  80%|████████  | 40/50 [02:16<00:34,  3.47s/it]prompt a=1:  82%|████████▏ | 41/50 [02:20<00:31,  3.50s/it]prompt a=1:  84%|████████▍ | 42/50 [02:23<00:28,  3.51s/it]prompt a=1:  86%|████████▌ | 43/50 [02:27<00:24,  3.50s/it]prompt a=1:  88%|████████▊ | 44/50 [02:28<00:17,  2.88s/it]prompt a=1:  90%|█████████ | 45/50 [02:32<00:15,  3.07s/it]prompt a=1:  92%|█████████▏| 46/50 [02:35<00:12,  3.20s/it]prompt a=1:  94%|█████████▍| 47/50 [02:39<00:09,  3.30s/it]prompt a=1:  96%|█████████▌| 48/50 [02:42<00:06,  3.37s/it]prompt a=1:  98%|█████████▊| 49/50 [02:46<00:03,  3.43s/it]prompt a=1: 100%|██████████| 50/50 [02:49<00:00,  3.46s/it]prompt a=1: 100%|██████████| 50/50 [02:49<00:00,  3.40s/it]
prompt_fr a=0:   0%|          | 0/50 [00:00<?, ?it/s]prompt_fr a=0:   4%|▍         | 2/50 [00:00<00:03, 14.44it/s]prompt_fr a=0:   8%|▊         | 4/50 [00:00<00:03, 14.33it/s]prompt_fr a=0:  12%|█▏        | 6/50 [00:00<00:03, 14.45it/s]prompt_fr a=0:  16%|█▌        | 8/50 [00:00<00:02, 14.41it/s]prompt_fr a=0:  20%|██        | 10/50 [00:00<00:02, 14.32it/s]prompt_fr a=0:  24%|██▍       | 12/50 [00:00<00:02, 14.57it/s]prompt_fr a=0:  28%|██▊       | 14/50 [00:00<00:02, 14.55it/s]prompt_fr a=0:  32%|███▏      | 16/50 [00:01<00:02, 15.01it/s]prompt_fr a=0:  36%|███▌      | 18/50 [00:01<00:02, 14.99it/s]prompt_fr a=0:  40%|████      | 20/50 [00:01<00:02, 14.56it/s]prompt_fr a=0:  44%|████▍     | 22/50 [00:01<00:01, 14.62it/s]prompt_fr a=0:  48%|████▊     | 24/50 [00:01<00:01, 14.86it/s]prompt_fr a=0:  52%|█████▏    | 26/50 [00:01<00:01, 14.85it/s]prompt_fr a=0:  56%|█████▌    | 28/50 [00:01<00:01, 15.00it/s]prompt_fr a=0:  60%|██████    | 30/50 [00:02<00:01, 14.80it/s]prompt_fr a=0:  64%|██████▍   | 32/50 [00:02<00:01, 14.77it/s]prompt_fr a=0:  68%|██████▊   | 34/50 [00:02<00:01, 14.68it/s]prompt_fr a=0:  72%|███████▏  | 36/50 [00:02<00:00, 14.50it/s]prompt_fr a=0:  76%|███████▌  | 38/50 [00:02<00:00, 14.50it/s]prompt_fr a=0:  80%|████████  | 40/50 [00:02<00:00, 14.28it/s]prompt_fr a=0:  84%|████████▍ | 42/50 [00:02<00:00, 14.25it/s]prompt_fr a=0:  88%|████████▊ | 44/50 [00:03<00:00, 14.45it/s]prompt_fr a=0:  92%|█████████▏| 46/50 [00:03<00:00, 14.25it/s]prompt_fr a=0:  96%|█████████▌| 48/50 [00:03<00:00, 14.22it/s]prompt_fr a=0: 100%|██████████| 50/50 [00:03<00:00, 14.32it/s]prompt_fr a=0: 100%|██████████| 50/50 [00:03<00:00, 14.54it/s]

============================================================================================================================================
condicion              n    fr    en    es    de    it    pt  unk  is_fr  st_fr   acc  cambio  largo  ce_fr_h  ce_en_h  leak
--------------------------------------------------------------------------------------------------------------------------------------------
prompt_es a=0         50  0.00  0.00  1.00  0.00  0.00  0.00 0.00   0.00   0.08   nan     nan  556.1    5.787    3.773  0.00
prompt_es a=1         50  0.98  0.00  0.02  0.00  0.00  0.00 0.00   0.98   0.80   nan    1.00  521.5    0.837    3.415  0.00
prompt_de a=0         50  0.00  0.00  0.00  0.98  0.00  0.00 0.00   0.00   0.00   nan     nan  522.1    5.260    4.058  0.00
prompt_de a=1         50  1.00  0.00  0.00  0.00  0.00  0.00 0.00   1.00   0.84   nan    1.00  479.5    1.140    4.105  0.00
prompt a=0            50  0.00  0.98  0.02  0.00  0.00  0.00 0.00   0.00   0.00   nan     nan  704.6    5.495    0.226  0.00
prompt a=1            50  1.00  0.00  0.00  0.00  0.00  0.00 0.00   1.00   0.82   nan    1.00  525.5    0.664    3.423  0.00
prompt_fr a=0         50  1.00  0.00  0.00  0.00  0.00  0.00 0.00   1.00   0.70   nan     nan  533.1    1.475    3.454  0.00
============================================================================================================================================

celda target: fr
condicion             celda_ok    tgt  mayus
prompt_es a=0             0.00   0.00   0.00
prompt_es a=1             0.98   0.98   0.00
prompt_de a=0             0.00   0.00   0.00
prompt_de a=1             1.00   1.00   0.00
prompt a=0                0.00   0.00   0.00
prompt a=1                1.00   1.00   0.00
prompt_fr a=0             1.00   1.00   0.00
ce_fr_h es la CE del head del target de ESTA celda (columna `output` del CSV), no de frances.
fr/en/es/de/it/pt/unk: fraccion de salidas por idioma (language_verdict). cambio: salida != a=0.
ce_*_h: CE del head del target frances / del baseline ingles bajo esa condicion.

Guardado: algebra/runs/v9/alg_fr/open_2/cross_lang_idioma.json
[gen_cache] /home/sagemaker-user/user-default-efs/papers/LLMAtaquesContinuos/experimentos/idiomas/algebra/runs/v9/gen_cache: reusadas 200, generadas 150

################ C es
`torch_dtype` is deprecated! Use `dtype` instead!
Loading checkpoint shards:   0%|          | 0/2 [00:00<?, ?it/s]Loading checkpoint shards:  50%|█████     | 1/2 [00:01<00:01,  1.02s/it]Loading checkpoint shards: 100%|██████████| 2/2 [00:01<00:00,  1.65it/s]Loading checkpoint shards: 100%|██████████| 2/2 [00:01<00:00,  1.50it/s]
Held-out: 99  |  parche: algebra/runs/v9/alg_es/lang_patch_best_train.pt  |  escala: 1.0
======================================================================
eval:   0%|          | 0/99 [00:00<?, ?it/s][lang_id] GlotLID: /mnt/custom-file-systems/efs/fs-0ded2930a619aa967_fsap-0faa05c681ed1a8f3/papers/LLMAtaquesContinuos/modelos/glotlid/model.bin
eval:   1%|          | 1/99 [00:04<07:57,  4.87s/it]eval:   2%|▏         | 2/99 [00:08<06:37,  4.10s/it]eval:   3%|▎         | 3/99 [00:12<06:11,  3.87s/it]eval:   4%|▍         | 4/99 [00:12<03:51,  2.44s/it]eval:   5%|▌         | 5/99 [00:15<04:28,  2.85s/it]eval:   6%|▌         | 6/99 [00:19<04:47,  3.10s/it]eval:   7%|▋         | 7/99 [00:21<04:08,  2.70s/it]eval:   8%|▊         | 8/99 [00:24<04:29,  2.96s/it]eval:   9%|▉         | 9/99 [00:25<03:26,  2.29s/it]eval:  10%|█         | 10/99 [00:29<03:58,  2.68s/it]eval:  11%|█         | 11/99 [00:32<04:17,  2.92s/it]eval:  12%|█▏        | 12/99 [00:36<04:30,  3.10s/it]eval:  13%|█▎        | 13/99 [00:39<04:38,  3.23s/it]eval:  14%|█▍        | 14/99 [00:43<04:44,  3.34s/it]eval:  15%|█▌        | 15/99 [00:46<04:47,  3.43s/it]eval:  16%|█▌        | 16/99 [00:50<04:47,  3.47s/it]eval:  17%|█▋        | 17/99 [00:54<04:48,  3.51s/it]eval:  18%|█▊        | 18/99 [00:57<04:47,  3.54s/it]eval:  19%|█▉        | 19/99 [01:01<04:44,  3.55s/it]eval:  20%|██        | 20/99 [01:04<04:41,  3.57s/it]eval:  21%|██        | 21/99 [01:08<04:38,  3.57s/it]eval:  22%|██▏       | 22/99 [01:12<04:34,  3.57s/it]eval:  23%|██▎       | 23/99 [01:13<03:51,  3.05s/it]eval:  24%|██▍       | 24/99 [01:17<03:59,  3.19s/it]eval:  25%|██▌       | 25/99 [01:21<04:05,  3.31s/it]eval:  26%|██▋       | 26/99 [01:24<04:07,  3.39s/it]eval:  27%|██▋       | 27/99 [01:28<04:07,  3.44s/it]eval:  28%|██▊       | 28/99 [01:31<04:06,  3.48s/it]eval:  29%|██▉       | 29/99 [01:35<04:06,  3.52s/it]eval:  30%|███       | 30/99 [01:38<04:03,  3.53s/it]eval:  31%|███▏      | 31/99 [01:41<03:49,  3.37s/it]eval:  32%|███▏      | 32/99 [01:45<03:50,  3.44s/it]eval:  33%|███▎      | 33/99 [01:49<03:49,  3.48s/it]eval:  34%|███▍      | 34/99 [01:52<03:48,  3.51s/it]eval:  35%|███▌      | 35/99 [01:56<03:45,  3.53s/it]eval:  36%|███▋      | 36/99 [01:59<03:42,  3.53s/it]eval:  37%|███▋      | 37/99 [02:01<03:00,  2.92s/it]eval:  38%|███▊      | 38/99 [02:04<03:11,  3.13s/it]eval:  39%|███▉      | 39/99 [02:07<02:50,  2.84s/it]eval:  40%|████      | 40/99 [02:10<03:00,  3.07s/it]eval:  41%|████▏     | 41/99 [02:12<02:36,  2.70s/it]eval:  42%|████▏     | 42/99 [02:15<02:48,  2.95s/it]eval:  43%|████▎     | 43/99 [02:19<02:54,  3.12s/it]eval:  44%|████▍     | 44/99 [02:23<02:58,  3.24s/it]eval:  45%|████▌     | 45/99 [02:24<02:25,  2.69s/it]eval:  46%|████▋     | 46/99 [02:27<02:35,  2.94s/it]eval:  47%|████▋     | 47/99 [02:31<02:42,  3.12s/it]eval:  48%|████▊     | 48/99 [02:35<02:45,  3.24s/it]eval:  49%|████▉     | 49/99 [02:38<02:47,  3.34s/it]eval:  51%|█████     | 50/99 [02:42<02:47,  3.42s/it]eval:  52%|█████▏    | 51/99 [02:45<02:45,  3.45s/it]eval:  53%|█████▎    | 52/99 [02:49<02:43,  3.48s/it]eval:  54%|█████▎    | 53/99 [02:52<02:40,  3.49s/it]eval:  55%|█████▍    | 54/99 [02:56<02:37,  3.51s/it]eval:  56%|█████▌    | 55/99 [02:58<02:22,  3.23s/it]eval:  57%|█████▋    | 56/99 [03:02<02:22,  3.32s/it]eval:  58%|█████▊    | 57/99 [03:04<02:06,  3.01s/it]eval:  59%|█████▊    | 58/99 [03:08<02:10,  3.19s/it]eval:  60%|█████▉    | 59/99 [03:10<01:56,  2.92s/it]eval:  61%|██████    | 60/99 [03:14<02:01,  3.12s/it]eval:  62%|██████▏   | 61/99 [03:17<02:03,  3.25s/it]eval:  63%|██████▎   | 62/99 [03:21<02:04,  3.36s/it]eval:  64%|██████▎   | 63/99 [03:22<01:35,  2.65s/it]eval:  65%|██████▍   | 64/99 [03:25<01:42,  2.92s/it]eval:  66%|██████▌   | 65/99 [03:29<01:41,  2.99s/it]eval:  67%|██████▋   | 66/99 [03:32<01:44,  3.16s/it]eval:  68%|██████▊   | 67/99 [03:36<01:44,  3.28s/it]eval:  69%|██████▊   | 68/99 [03:39<01:44,  3.36s/it]eval:  70%|██████▉   | 69/99 [03:43<01:42,  3.41s/it]eval:  71%|███████   | 70/99 [03:46<01:39,  3.44s/it]eval:  72%|███████▏  | 71/99 [03:49<01:33,  3.34s/it]eval:  73%|███████▎  | 72/99 [03:53<01:32,  3.42s/it]eval:  74%|███████▎  | 73/99 [03:54<01:12,  2.77s/it]eval:  75%|███████▍  | 74/99 [03:58<01:15,  3.00s/it]eval:  76%|███████▌  | 75/99 [04:01<01:16,  3.18s/it]eval:  77%|███████▋  | 76/99 [04:05<01:16,  3.31s/it]eval:  78%|███████▊  | 77/99 [04:09<01:14,  3.39s/it]eval:  79%|███████▉  | 78/99 [04:12<01:12,  3.45s/it]eval:  80%|███████▉  | 79/99 [04:13<00:55,  2.76s/it]eval:  81%|████████  | 80/99 [04:17<00:56,  3.00s/it]eval:  82%|████████▏ | 81/99 [04:20<00:53,  2.99s/it]eval:  83%|████████▎ | 82/99 [04:23<00:53,  3.17s/it]eval:  84%|████████▍ | 83/99 [04:26<00:49,  3.07s/it]eval:  85%|████████▍ | 84/99 [04:30<00:48,  3.22s/it]eval:  86%|████████▌ | 85/99 [04:33<00:46,  3.32s/it]eval:  87%|████████▋ | 86/99 [04:37<00:44,  3.39s/it]eval:  88%|████████▊ | 87/99 [04:41<00:41,  3.44s/it]eval:  89%|████████▉ | 88/99 [04:44<00:38,  3.48s/it]eval:  90%|████████▉ | 89/99 [04:47<00:34,  3.42s/it]eval:  91%|█████████ | 90/99 [04:51<00:31,  3.47s/it]eval:  92%|█████████▏| 91/99 [04:53<00:23,  2.90s/it]eval:  93%|█████████▎| 92/99 [04:56<00:21,  3.09s/it]eval:  94%|█████████▍| 93/99 [05:00<00:19,  3.22s/it]eval:  95%|█████████▍| 94/99 [05:03<00:16,  3.32s/it]eval:  96%|█████████▌| 95/99 [05:04<00:10,  2.71s/it]eval:  97%|█████████▋| 96/99 [05:08<00:08,  2.96s/it]eval:  98%|█████████▊| 97/99 [05:09<00:04,  2.49s/it]eval:  99%|█████████▉| 98/99 [05:13<00:02,  2.80s/it]eval: 100%|██████████| 99/99 [05:16<00:00,  3.02s/it]eval: 100%|██████████| 99/99 [05:16<00:00,  3.20s/it]

======================================================================
condicion                   is_french   fr_score   accuracy    leak
----------------------------------------------------------------------
baseline  M(q)                  0.0%      0.005      nan%      0%
referencia  M([FR;q])           0.0%      0.000      nan%      0%
parche  M(q+v)                  0.0%      0.000      nan%      0%
----------------------------------------------------------------------
celda target: es   (celda_ok = idioma es Y NO mayusculas)
condicion                    celda_ok     idioma      mayus
baseline  M(q)                  0.0%       0.0%       0.0%
referencia  M([FR;q])         100.0%     100.0%       0.0%
parche  M(q+v)                 94.9%      94.9%       0.0%
----------------------------------------------------------------------
CE target FR                sin parche  con parche     delta
head (primeros 5)               5.8600      0.7118   -5.1481
tail (el resto)                 0.4208      0.2878   -0.1330
toda la respuesta               0.7325      0.3140   -0.4185
  el head es donde vive la decision de idioma; el tail casi no deberia moverse
  tokens parcheados por prompt (anchor goal_all): media 5.2

======================================================================
PROMPTS ABIERTOS  (n=99, sin respuesta verificable)
  overlap de contenido parche vs referencia : 0.272
  overlap baseline(EN) vs referencia        : 0.008
  control de azar (parche vs otra pregunta) : 0.009
  frances por tercio, parche     : [0.94, 0.93, 0.93]
  frances por tercio, referencia : [1.0, 1.0, 0.99]
  si el parche cae en el tercer tercio, el efecto es local y decae
======================================================================

Reportes: algebra/runs/v9/alg_es/eval_open.json
          algebra/runs/v9/alg_es/eval_open.md
[gen_cache] /home/sagemaker-user/user-default-efs/papers/LLMAtaquesContinuos/experimentos/idiomas/algebra/runs/v9/gen_cache: reusadas 198, generadas 99
`torch_dtype` is deprecated! Use `dtype` instead!
Loading checkpoint shards:   0%|          | 0/2 [00:00<?, ?it/s]Loading checkpoint shards:  50%|█████     | 1/2 [00:01<00:01,  1.02s/it]Loading checkpoint shards: 100%|██████████| 2/2 [00:01<00:00,  1.66it/s]Loading checkpoint shards: 100%|██████████| 2/2 [00:01<00:00,  1.50it/s]
parche algebra/runs/v9/alg_es/lang_patch_best_train.pt  norma 0.8632  |  tail held-out 50 (idx 0..49)
preset=idioma  condiciones=['prompt_de a=0', 'prompt_de a=1', 'prompt_fr a=0', 'prompt_fr a=1', 'prompt a=0', 'prompt a=1', 'prompt_es a=0']
prompt_de a=0:   0%|          | 0/50 [00:00<?, ?it/s][lang_id] GlotLID: /mnt/custom-file-systems/efs/fs-0ded2930a619aa967_fsap-0faa05c681ed1a8f3/papers/LLMAtaquesContinuos/modelos/glotlid/model.bin
prompt_de a=0:   2%|▏         | 1/50 [00:01<01:04,  1.32s/it]prompt_de a=0:   6%|▌         | 3/50 [00:01<00:18,  2.53it/s]prompt_de a=0:  10%|█         | 5/50 [00:01<00:10,  4.39it/s]prompt_de a=0:  14%|█▍        | 7/50 [00:01<00:06,  6.19it/s]prompt_de a=0:  18%|█▊        | 9/50 [00:01<00:05,  7.94it/s]prompt_de a=0:  22%|██▏       | 11/50 [00:02<00:04,  9.42it/s]prompt_de a=0:  26%|██▌       | 13/50 [00:02<00:03, 10.62it/s]prompt_de a=0:  30%|███       | 15/50 [00:02<00:02, 11.69it/s]prompt_de a=0:  34%|███▍      | 17/50 [00:02<00:02, 12.48it/s]prompt_de a=0:  38%|███▊      | 19/50 [00:02<00:02, 13.04it/s]prompt_de a=0:  42%|████▏     | 21/50 [00:02<00:02, 13.49it/s]prompt_de a=0:  46%|████▌     | 23/50 [00:02<00:01, 13.80it/s]prompt_de a=0:  50%|█████     | 25/50 [00:02<00:01, 13.96it/s]prompt_de a=0:  54%|█████▍    | 27/50 [00:03<00:01, 13.96it/s]prompt_de a=0:  58%|█████▊    | 29/50 [00:03<00:01, 14.44it/s]prompt_de a=0:  62%|██████▏   | 31/50 [00:03<00:01, 14.49it/s]prompt_de a=0:  66%|██████▌   | 33/50 [00:03<00:01, 14.33it/s]prompt_de a=0:  70%|███████   | 35/50 [00:03<00:01, 14.30it/s]prompt_de a=0:  74%|███████▍  | 37/50 [00:03<00:00, 14.26it/s]prompt_de a=0:  78%|███████▊  | 39/50 [00:03<00:00, 14.36it/s]prompt_de a=0:  82%|████████▏ | 41/50 [00:04<00:00, 14.35it/s]prompt_de a=0:  86%|████████▌ | 43/50 [00:04<00:00, 14.31it/s]prompt_de a=0:  90%|█████████ | 45/50 [00:04<00:00, 14.62it/s]prompt_de a=0:  94%|█████████▍| 47/50 [00:04<00:00, 14.49it/s]prompt_de a=0:  98%|█████████▊| 49/50 [00:04<00:00, 14.44it/s]prompt_de a=0: 100%|██████████| 50/50 [00:04<00:00, 10.61it/s]
prompt_de a=1:   0%|          | 0/50 [00:00<?, ?it/s]prompt_de a=1:   2%|▏         | 1/50 [00:03<02:53,  3.55s/it]prompt_de a=1:   4%|▍         | 2/50 [00:05<02:17,  2.86s/it]prompt_de a=1:   6%|▌         | 3/50 [00:09<02:28,  3.15s/it]prompt_de a=1:   8%|▊         | 4/50 [00:12<02:31,  3.30s/it]prompt_de a=1:  10%|█         | 5/50 [00:16<02:32,  3.38s/it]prompt_de a=1:  12%|█▏        | 6/50 [00:20<02:30,  3.43s/it]prompt_de a=1:  14%|█▍        | 7/50 [00:23<02:29,  3.47s/it]prompt_de a=1:  16%|█▌        | 8/50 [00:27<02:26,  3.50s/it]prompt_de a=1:  18%|█▊        | 9/50 [00:30<02:24,  3.52s/it]prompt_de a=1:  20%|██        | 10/50 [00:34<02:21,  3.53s/it]prompt_de a=1:  22%|██▏       | 11/50 [00:35<01:49,  2.81s/it]prompt_de a=1:  24%|██▍       | 12/50 [00:38<01:55,  3.03s/it]prompt_de a=1:  26%|██▌       | 13/50 [00:42<01:57,  3.19s/it]prompt_de a=1:  28%|██▊       | 14/50 [00:46<01:58,  3.30s/it]prompt_de a=1:  30%|███       | 15/50 [00:49<01:57,  3.37s/it]prompt_de a=1:  32%|███▏      | 16/50 [00:53<01:55,  3.41s/it]prompt_de a=1:  34%|███▍      | 17/50 [00:56<01:53,  3.44s/it]prompt_de a=1:  36%|███▌      | 18/50 [01:00<01:51,  3.47s/it]prompt_de a=1:  38%|███▊      | 19/50 [01:03<01:47,  3.48s/it]prompt_de a=1:  40%|████      | 20/50 [01:07<01:44,  3.49s/it]prompt_de a=1:  42%|████▏     | 21/50 [01:10<01:41,  3.50s/it]prompt_de a=1:  44%|████▍     | 22/50 [01:14<01:37,  3.48s/it]prompt_de a=1:  46%|████▌     | 23/50 [01:17<01:34,  3.49s/it]prompt_de a=1:  48%|████▊     | 24/50 [01:21<01:31,  3.51s/it]prompt_de a=1:  50%|█████     | 25/50 [01:24<01:27,  3.52s/it]prompt_de a=1:  52%|█████▏    | 26/50 [01:28<01:24,  3.51s/it]prompt_de a=1:  54%|█████▍    | 27/50 [01:31<01:20,  3.51s/it]prompt_de a=1:  56%|█████▌    | 28/50 [01:35<01:17,  3.52s/it]prompt_de a=1:  58%|█████▊    | 29/50 [01:38<01:13,  3.52s/it]prompt_de a=1:  60%|██████    | 30/50 [01:42<01:10,  3.54s/it]prompt_de a=1:  62%|██████▏   | 31/50 [01:45<01:07,  3.55s/it]prompt_de a=1:  64%|██████▍   | 32/50 [01:49<01:04,  3.56s/it]prompt_de a=1:  66%|██████▌   | 33/50 [01:53<01:00,  3.57s/it]prompt_de a=1:  68%|██████▊   | 34/50 [01:56<00:57,  3.57s/it]prompt_de a=1:  70%|███████   | 35/50 [02:00<00:53,  3.57s/it]prompt_de a=1:  72%|███████▏  | 36/50 [02:00<00:36,  2.60s/it]prompt_de a=1:  74%|███████▍  | 37/50 [02:04<00:37,  2.89s/it]prompt_de a=1:  76%|███████▌  | 38/50 [02:07<00:36,  3.08s/it]prompt_de a=1:  78%|███████▊  | 39/50 [02:11<00:35,  3.20s/it]prompt_de a=1:  80%|████████  | 40/50 [02:14<00:32,  3.30s/it]prompt_de a=1:  82%|████████▏ | 41/50 [02:18<00:30,  3.36s/it]prompt_de a=1:  84%|████████▍ | 42/50 [02:21<00:27,  3.41s/it]prompt_de a=1:  86%|████████▌ | 43/50 [02:25<00:24,  3.45s/it]prompt_de a=1:  88%|████████▊ | 44/50 [02:28<00:20,  3.46s/it]prompt_de a=1:  90%|█████████ | 45/50 [02:32<00:17,  3.48s/it]prompt_de a=1:  92%|█████████▏| 46/50 [02:35<00:13,  3.48s/it]prompt_de a=1:  94%|█████████▍| 47/50 [02:39<00:10,  3.49s/it]prompt_de a=1:  96%|█████████▌| 48/50 [02:42<00:06,  3.49s/it]prompt_de a=1:  98%|█████████▊| 49/50 [02:46<00:03,  3.49s/it]prompt_de a=1: 100%|██████████| 50/50 [02:49<00:00,  3.50s/it]prompt_de a=1: 100%|██████████| 50/50 [02:49<00:00,  3.40s/it]
prompt_fr a=0:   0%|          | 0/50 [00:00<?, ?it/s]prompt_fr a=0:   4%|▍         | 2/50 [00:00<00:03, 15.13it/s]prompt_fr a=0:   8%|▊         | 4/50 [00:00<00:03, 14.76it/s]prompt_fr a=0:  12%|█▏        | 6/50 [00:00<00:02, 14.82it/s]prompt_fr a=0:  16%|█▌        | 8/50 [00:00<00:02, 14.97it/s]prompt_fr a=0:  20%|██        | 10/50 [00:00<00:02, 14.67it/s]prompt_fr a=0:  24%|██▍       | 12/50 [00:00<00:02, 14.84it/s]prompt_fr a=0:  28%|██▊       | 14/50 [00:00<00:02, 14.82it/s]prompt_fr a=0:  32%|███▏      | 16/50 [00:01<00:02, 15.28it/s]prompt_fr a=0:  36%|███▌      | 18/50 [00:01<00:02, 15.22it/s]prompt_fr a=0:  40%|████      | 20/50 [00:01<00:02, 14.87it/s]prompt_fr a=0:  44%|████▍     | 22/50 [00:01<00:01, 14.95it/s]prompt_fr a=0:  48%|████▊     | 24/50 [00:01<00:01, 15.25it/s]prompt_fr a=0:  52%|█████▏    | 26/50 [00:01<00:01, 15.08it/s]prompt_fr a=0:  56%|█████▌    | 28/50 [00:01<00:01, 14.90it/s]prompt_fr a=0:  60%|██████    | 30/50 [00:02<00:01, 14.71it/s]prompt_fr a=0:  64%|██████▍   | 32/50 [00:02<00:01, 14.94it/s]prompt_fr a=0:  68%|██████▊   | 34/50 [00:02<00:01, 14.89it/s]prompt_fr a=0:  72%|███████▏  | 36/50 [00:02<00:00, 14.76it/s]prompt_fr a=0:  76%|███████▌  | 38/50 [00:02<00:00, 14.66it/s]prompt_fr a=0:  80%|████████  | 40/50 [00:02<00:00, 14.60it/s]prompt_fr a=0:  84%|████████▍ | 42/50 [00:02<00:00, 14.69it/s]prompt_fr a=0:  88%|████████▊ | 44/50 [00:02<00:00, 14.76it/s]prompt_fr a=0:  92%|█████████▏| 46/50 [00:03<00:00, 14.59it/s]prompt_fr a=0:  96%|█████████▌| 48/50 [00:03<00:00, 14.60it/s]prompt_fr a=0: 100%|██████████| 50/50 [00:03<00:00, 14.60it/s]prompt_fr a=0: 100%|██████████| 50/50 [00:03<00:00, 14.82it/s]
prompt_fr a=1:   0%|          | 0/50 [00:00<?, ?it/s]prompt_fr a=1:   2%|▏         | 1/50 [00:03<02:53,  3.55s/it]prompt_fr a=1:   4%|▍         | 2/50 [00:06<02:22,  2.96s/it]prompt_fr a=1:   6%|▌         | 3/50 [00:09<02:30,  3.21s/it]prompt_fr a=1:   8%|▊         | 4/50 [00:13<02:33,  3.33s/it]prompt_fr a=1:  10%|█         | 5/50 [00:16<02:33,  3.41s/it]prompt_fr a=1:  12%|█▏        | 6/50 [00:16<01:43,  2.35s/it]prompt_fr a=1:  14%|█▍        | 7/50 [00:20<01:57,  2.74s/it]prompt_fr a=1:  16%|█▌        | 8/50 [00:20<01:24,  2.02s/it]prompt_fr a=1:  18%|█▊        | 9/50 [00:22<01:16,  1.87s/it]prompt_fr a=1:  20%|██        | 10/50 [00:25<01:24,  2.11s/it]prompt_fr a=1:  22%|██▏       | 11/50 [00:28<01:31,  2.35s/it]prompt_fr a=1:  24%|██▍       | 12/50 [00:28<01:05,  1.73s/it]prompt_fr a=1:  26%|██▌       | 13/50 [00:31<01:24,  2.29s/it]prompt_fr a=1:  28%|██▊       | 14/50 [00:35<01:36,  2.67s/it]prompt_fr a=1:  30%|███       | 15/50 [00:39<01:42,  2.94s/it]prompt_fr a=1:  32%|███▏      | 16/50 [00:40<01:22,  2.44s/it]prompt_fr a=1:  34%|███▍      | 17/50 [00:43<01:31,  2.77s/it]prompt_fr a=1:  36%|███▌      | 18/50 [00:47<01:36,  3.01s/it]prompt_fr a=1:  38%|███▊      | 19/50 [00:51<01:38,  3.17s/it]prompt_fr a=1:  40%|████      | 20/50 [00:54<01:38,  3.28s/it]prompt_fr a=1:  42%|████▏     | 21/50 [00:58<01:37,  3.37s/it]prompt_fr a=1:  44%|████▍     | 22/50 [01:01<01:35,  3.42s/it]prompt_fr a=1:  46%|████▌     | 23/50 [01:02<01:08,  2.52s/it]prompt_fr a=1:  48%|████▊     | 24/50 [01:05<01:13,  2.83s/it]prompt_fr a=1:  50%|█████     | 25/50 [01:05<00:52,  2.08s/it]prompt_fr a=1:  52%|█████▏    | 26/50 [01:08<00:56,  2.35s/it]prompt_fr a=1:  54%|█████▍    | 27/50 [01:12<01:02,  2.72s/it]prompt_fr a=1:  56%|█████▌    | 28/50 [01:13<00:51,  2.33s/it]prompt_fr a=1:  58%|█████▊    | 29/50 [01:17<00:56,  2.70s/it]prompt_fr a=1:  60%|██████    | 30/50 [01:21<00:58,  2.94s/it]prompt_fr a=1:  62%|██████▏   | 31/50 [01:24<00:59,  3.12s/it]prompt_fr a=1:  64%|██████▍   | 32/50 [01:25<00:42,  2.38s/it]prompt_fr a=1:  66%|██████▌   | 33/50 [01:28<00:46,  2.72s/it]prompt_fr a=1:  68%|██████▊   | 34/50 [01:32<00:47,  2.96s/it]prompt_fr a=1:  70%|███████   | 35/50 [01:34<00:41,  2.79s/it]prompt_fr a=1:  72%|███████▏  | 36/50 [01:38<00:42,  3.01s/it]prompt_fr a=1:  74%|███████▍  | 37/50 [01:41<00:40,  3.09s/it]prompt_fr a=1:  76%|███████▌  | 38/50 [01:44<00:38,  3.22s/it]prompt_fr a=1:  78%|███████▊  | 39/50 [01:47<00:33,  3.08s/it]prompt_fr a=1:  80%|████████  | 40/50 [01:51<00:32,  3.22s/it]prompt_fr a=1:  82%|████████▏ | 41/50 [01:54<00:29,  3.32s/it]prompt_fr a=1:  84%|████████▍ | 42/50 [01:58<00:27,  3.38s/it]prompt_fr a=1:  86%|████████▌ | 43/50 [02:01<00:23,  3.42s/it]prompt_fr a=1:  88%|████████▊ | 44/50 [02:02<00:15,  2.57s/it]prompt_fr a=1:  90%|█████████ | 45/50 [02:03<00:10,  2.07s/it]prompt_fr a=1:  92%|█████████▏| 46/50 [02:06<00:10,  2.50s/it]prompt_fr a=1:  94%|█████████▍| 47/50 [02:10<00:08,  2.81s/it]prompt_fr a=1:  96%|█████████▌| 48/50 [02:13<00:06,  3.03s/it]prompt_fr a=1:  98%|█████████▊| 49/50 [02:15<00:02,  2.69s/it]prompt_fr a=1: 100%|██████████| 50/50 [02:17<00:00,  2.37s/it]prompt_fr a=1: 100%|██████████| 50/50 [02:17<00:00,  2.75s/it]
prompt a=0:   0%|          | 0/50 [00:00<?, ?it/s]prompt a=0:   4%|▍         | 2/50 [00:00<00:03, 13.84it/s]prompt a=0:   8%|▊         | 4/50 [00:00<00:03, 13.74it/s]prompt a=0:  12%|█▏        | 6/50 [00:00<00:03, 13.45it/s]prompt a=0:  16%|█▌        | 8/50 [00:00<00:03, 13.46it/s]prompt a=0:  20%|██        | 10/50 [00:00<00:02, 13.35it/s]prompt a=0:  24%|██▍       | 12/50 [00:00<00:02, 13.57it/s]prompt a=0:  28%|██▊       | 14/50 [00:01<00:02, 13.71it/s]prompt a=0:  32%|███▏      | 16/50 [00:01<00:02, 13.89it/s]prompt a=0:  36%|███▌      | 18/50 [00:01<00:02, 13.82it/s]prompt a=0:  40%|████      | 20/50 [00:01<00:02, 13.56it/s]prompt a=0:  44%|████▍     | 22/50 [00:01<00:02, 13.47it/s]prompt a=0:  48%|████▊     | 24/50 [00:01<00:01, 13.48it/s]prompt a=0:  52%|█████▏    | 26/50 [00:01<00:01, 13.48it/s]prompt a=0:  56%|█████▌    | 28/50 [00:02<00:01, 13.57it/s]prompt a=0:  60%|██████    | 30/50 [00:02<00:01, 13.51it/s]prompt a=0:  64%|██████▍   | 32/50 [00:02<00:01, 13.51it/s]prompt a=0:  68%|██████▊   | 34/50 [00:02<00:01, 13.46it/s]prompt a=0:  72%|███████▏  | 36/50 [00:02<00:01, 13.59it/s]prompt a=0:  76%|███████▌  | 38/50 [00:02<00:00, 13.72it/s]prompt a=0:  80%|████████  | 40/50 [00:02<00:00, 13.73it/s]prompt a=0:  84%|████████▍ | 42/50 [00:03<00:00, 13.54it/s]prompt a=0:  88%|████████▊ | 44/50 [00:03<00:00, 14.00it/s]prompt a=0:  92%|█████████▏| 46/50 [00:03<00:00, 13.81it/s]prompt a=0:  96%|█████████▌| 48/50 [00:03<00:00, 13.82it/s]prompt a=0: 100%|██████████| 50/50 [00:03<00:00, 13.73it/s]prompt a=0: 100%|██████████| 50/50 [00:03<00:00, 13.64it/s]
prompt a=1:   0%|          | 0/50 [00:00<?, ?it/s]prompt a=1:   2%|▏         | 1/50 [00:03<02:53,  3.54s/it]prompt a=1:   4%|▍         | 2/50 [00:07<02:50,  3.54s/it]prompt a=1:   6%|▌         | 3/50 [00:10<02:46,  3.54s/it]prompt a=1:   8%|▊         | 4/50 [00:14<02:42,  3.54s/it]prompt a=1:  10%|█         | 5/50 [00:17<02:39,  3.54s/it]prompt a=1:  12%|█▏        | 6/50 [00:21<02:35,  3.54s/it]prompt a=1:  14%|█▍        | 7/50 [00:24<02:31,  3.53s/it]prompt a=1:  16%|█▌        | 8/50 [00:28<02:28,  3.53s/it]prompt a=1:  18%|█▊        | 9/50 [00:31<02:24,  3.53s/it]prompt a=1:  20%|██        | 10/50 [00:35<02:21,  3.53s/it]prompt a=1:  22%|██▏       | 11/50 [00:38<02:13,  3.43s/it]prompt a=1:  24%|██▍       | 12/50 [00:42<02:11,  3.46s/it]prompt a=1:  26%|██▌       | 13/50 [00:45<02:08,  3.47s/it]prompt a=1:  28%|██▊       | 14/50 [00:49<02:05,  3.49s/it]prompt a=1:  30%|███       | 15/50 [00:52<02:02,  3.49s/it]prompt a=1:  32%|███▏      | 16/50 [00:55<01:48,  3.18s/it]prompt a=1:  34%|███▍      | 17/50 [00:58<01:48,  3.29s/it]prompt a=1:  36%|███▌      | 18/50 [01:02<01:47,  3.35s/it]prompt a=1:  38%|███▊      | 19/50 [01:05<01:45,  3.40s/it]prompt a=1:  40%|████      | 20/50 [01:09<01:43,  3.45s/it]prompt a=1:  42%|████▏     | 21/50 [01:12<01:41,  3.48s/it]prompt a=1:  44%|████▍     | 22/50 [01:16<01:38,  3.50s/it]prompt a=1:  46%|████▌     | 23/50 [01:19<01:34,  3.52s/it]prompt a=1:  48%|████▊     | 24/50 [01:23<01:31,  3.52s/it]prompt a=1:  50%|█████     | 25/50 [01:26<01:28,  3.53s/it]prompt a=1:  52%|█████▏    | 26/50 [01:30<01:24,  3.53s/it]prompt a=1:  54%|█████▍    | 27/50 [01:33<01:21,  3.53s/it]prompt a=1:  56%|█████▌    | 28/50 [01:37<01:17,  3.52s/it]prompt a=1:  58%|█████▊    | 29/50 [01:41<01:14,  3.53s/it]prompt a=1:  60%|██████    | 30/50 [01:44<01:10,  3.53s/it]prompt a=1:  62%|██████▏   | 31/50 [01:48<01:07,  3.54s/it]prompt a=1:  64%|██████▍   | 32/50 [01:51<01:03,  3.54s/it]prompt a=1:  66%|██████▌   | 33/50 [01:55<01:00,  3.54s/it]prompt a=1:  68%|██████▊   | 34/50 [01:58<00:56,  3.55s/it]prompt a=1:  70%|███████   | 35/50 [02:02<00:53,  3.55s/it]prompt a=1:  72%|███████▏  | 36/50 [02:05<00:49,  3.53s/it]prompt a=1:  74%|███████▍  | 37/50 [02:09<00:45,  3.52s/it]prompt a=1:  76%|███████▌  | 38/50 [02:12<00:42,  3.52s/it]prompt a=1:  78%|███████▊  | 39/50 [02:16<00:38,  3.53s/it]prompt a=1:  80%|████████  | 40/50 [02:19<00:35,  3.53s/it]prompt a=1:  82%|████████▏ | 41/50 [02:23<00:31,  3.53s/it]prompt a=1:  84%|████████▍ | 42/50 [02:27<00:28,  3.54s/it]prompt a=1:  86%|████████▌ | 43/50 [02:30<00:24,  3.54s/it]prompt a=1:  88%|████████▊ | 44/50 [02:32<00:18,  3.03s/it]prompt a=1:  90%|█████████ | 45/50 [02:35<00:15,  3.18s/it]prompt a=1:  92%|█████████▏| 46/50 [02:39<00:13,  3.28s/it]prompt a=1:  94%|█████████▍| 47/50 [02:42<00:10,  3.35s/it]prompt a=1:  96%|█████████▌| 48/50 [02:46<00:06,  3.40s/it]prompt a=1:  98%|█████████▊| 49/50 [02:49<00:03,  3.43s/it]prompt a=1: 100%|██████████| 50/50 [02:53<00:00,  3.45s/it]prompt a=1: 100%|██████████| 50/50 [02:53<00:00,  3.47s/it]
prompt_es a=0:   0%|          | 0/50 [00:00<?, ?it/s]prompt_es a=0:   4%|▍         | 2/50 [00:00<00:03, 14.18it/s]prompt_es a=0:   8%|▊         | 4/50 [00:00<00:03, 14.11it/s]prompt_es a=0:  12%|█▏        | 6/50 [00:00<00:03, 13.92it/s]prompt_es a=0:  16%|█▌        | 8/50 [00:00<00:02, 14.09it/s]prompt_es a=0:  20%|██        | 10/50 [00:00<00:02, 14.07it/s]prompt_es a=0:  24%|██▍       | 12/50 [00:00<00:02, 14.30it/s]prompt_es a=0:  28%|██▊       | 14/50 [00:00<00:02, 14.34it/s]prompt_es a=0:  32%|███▏      | 16/50 [00:01<00:02, 14.33it/s]prompt_es a=0:  36%|███▌      | 18/50 [00:01<00:02, 14.38it/s]prompt_es a=0:  40%|████      | 20/50 [00:01<00:02, 14.32it/s]prompt_es a=0:  44%|████▍     | 22/50 [00:01<00:01, 14.25it/s]prompt_es a=0:  48%|████▊     | 24/50 [00:01<00:01, 14.24it/s]prompt_es a=0:  52%|█████▏    | 26/50 [00:01<00:01, 14.21it/s]prompt_es a=0:  56%|█████▌    | 28/50 [00:01<00:01, 14.65it/s]prompt_es a=0:  60%|██████    | 30/50 [00:02<00:01, 14.46it/s]prompt_es a=0:  64%|██████▍   | 32/50 [00:02<00:01, 14.34it/s]prompt_es a=0:  68%|██████▊   | 34/50 [00:02<00:01, 14.37it/s]prompt_es a=0:  72%|███████▏  | 36/50 [00:02<00:00, 14.27it/s]prompt_es a=0:  76%|███████▌  | 38/50 [00:02<00:00, 14.36it/s]prompt_es a=0:  80%|████████  | 40/50 [00:02<00:00, 14.45it/s]prompt_es a=0:  84%|████████▍ | 42/50 [00:02<00:00, 14.17it/s]prompt_es a=0:  88%|████████▊ | 44/50 [00:03<00:00, 14.26it/s]prompt_es a=0:  92%|█████████▏| 46/50 [00:03<00:00, 14.18it/s]prompt_es a=0:  96%|█████████▌| 48/50 [00:03<00:00, 14.13it/s]prompt_es a=0: 100%|██████████| 50/50 [00:03<00:00, 14.38it/s]prompt_es a=0: 100%|██████████| 50/50 [00:03<00:00, 14.29it/s]

============================================================================================================================================
condicion              n    fr    en    es    de    it    pt  unk  is_fr  st_fr   acc  cambio  largo  ce_fr_h  ce_en_h  leak
--------------------------------------------------------------------------------------------------------------------------------------------
prompt_de a=0         50  0.00  0.00  0.00  0.98  0.00  0.00 0.00   0.00   0.00   nan     nan  522.1    4.922    4.058  0.00
prompt_de a=1         50  0.00  0.00  1.00  0.00  0.00  0.00 0.00   0.00   0.20   nan    1.00  552.5    1.459    4.268  0.00
prompt_fr a=0         50  1.00  0.00  0.00  0.00  0.00  0.00 0.00   1.00   0.70   nan     nan  533.1    4.258    3.454  0.00
prompt_fr a=1         50  0.00  0.00  1.00  0.00  0.00  0.00 0.00   0.00   0.22   nan    1.00  435.0    1.865    4.393  0.00
prompt a=0            50  0.00  0.98  0.02  0.00  0.00  0.00 0.00   0.00   0.00   nan     nan  704.6    5.795    0.226  0.00
prompt a=1            50  0.00  0.02  0.98  0.00  0.00  0.00 0.00   0.00   0.20   nan    1.00  547.9    0.800    3.190  0.00
prompt_es a=0         50  0.00  0.00  1.00  0.00  0.00  0.00 0.00   0.00   0.08   nan     nan  556.1    0.828    3.773  0.00
============================================================================================================================================

celda target: es
condicion             celda_ok    tgt  mayus
prompt_de a=0             0.00   0.00   0.00
prompt_de a=1             1.00   1.00   0.00
prompt_fr a=0             0.00   0.00   0.00
prompt_fr a=1             1.00   1.00   0.00
prompt a=0                0.02   0.02   0.00
prompt a=1                0.98   0.98   0.00
prompt_es a=0             1.00   1.00   0.00
ce_fr_h es la CE del head del target de ESTA celda (columna `output` del CSV), no de frances.
fr/en/es/de/it/pt/unk: fraccion de salidas por idioma (language_verdict). cambio: salida != a=0.
ce_*_h: CE del head del target frances / del baseline ingles bajo esa condicion.

Guardado: algebra/runs/v9/alg_es/open_2/cross_lang_idioma.json
[gen_cache] /home/sagemaker-user/user-default-efs/papers/LLMAtaquesContinuos/experimentos/idiomas/algebra/runs/v9/gen_cache: reusadas 200, generadas 150

################ C de
`torch_dtype` is deprecated! Use `dtype` instead!
Loading checkpoint shards:   0%|          | 0/2 [00:00<?, ?it/s]Loading checkpoint shards:  50%|█████     | 1/2 [00:01<00:01,  1.03s/it]Loading checkpoint shards: 100%|██████████| 2/2 [00:01<00:00,  1.66it/s]Loading checkpoint shards: 100%|██████████| 2/2 [00:01<00:00,  1.50it/s]
Held-out: 99  |  parche: algebra/runs/v9/alg_de/lang_patch_best_train.pt  |  escala: 1.0
======================================================================
eval:   0%|          | 0/99 [00:00<?, ?it/s][lang_id] GlotLID: /mnt/custom-file-systems/efs/fs-0ded2930a619aa967_fsap-0faa05c681ed1a8f3/papers/LLMAtaquesContinuos/modelos/glotlid/model.bin
eval:   1%|          | 1/99 [00:03<06:20,  3.88s/it]eval:   2%|▏         | 2/99 [00:07<05:58,  3.70s/it]eval:   3%|▎         | 3/99 [00:11<05:49,  3.64s/it]eval:   4%|▍         | 4/99 [00:11<03:38,  2.30s/it]eval:   5%|▌         | 5/99 [00:14<04:20,  2.77s/it]eval:   6%|▌         | 6/99 [00:18<04:42,  3.04s/it]eval:   7%|▋         | 7/99 [00:22<04:55,  3.22s/it]eval:   8%|▊         | 8/99 [00:25<05:03,  3.34s/it]eval:   9%|▉         | 9/99 [00:26<03:46,  2.52s/it]eval:  10%|█         | 10/99 [00:29<04:13,  2.85s/it]eval:  11%|█         | 11/99 [00:31<03:24,  2.32s/it]eval:  12%|█▏        | 12/99 [00:34<03:55,  2.70s/it]eval:  13%|█▎        | 13/99 [00:38<04:14,  2.96s/it]eval:  14%|█▍        | 14/99 [00:41<04:28,  3.16s/it]eval:  15%|█▌        | 15/99 [00:45<04:36,  3.30s/it]eval:  16%|█▌        | 16/99 [00:48<04:40,  3.38s/it]eval:  17%|█▋        | 17/99 [00:52<04:42,  3.44s/it]eval:  18%|█▊        | 18/99 [00:56<04:42,  3.49s/it]eval:  19%|█▉        | 19/99 [00:59<04:41,  3.52s/it]eval:  20%|██        | 20/99 [01:03<04:39,  3.53s/it]eval:  21%|██        | 21/99 [01:04<03:44,  2.88s/it]eval:  22%|██▏       | 22/99 [01:08<03:57,  3.09s/it]eval:  23%|██▎       | 23/99 [01:11<04:05,  3.23s/it]eval:  24%|██▍       | 24/99 [01:15<04:10,  3.34s/it]eval:  25%|██▌       | 25/99 [01:18<04:12,  3.41s/it]eval:  26%|██▋       | 26/99 [01:22<04:12,  3.47s/it]eval:  27%|██▋       | 27/99 [01:26<04:11,  3.50s/it]eval:  28%|██▊       | 28/99 [01:29<04:10,  3.53s/it]eval:  29%|██▉       | 29/99 [01:33<04:07,  3.54s/it]eval:  30%|███       | 30/99 [01:36<04:04,  3.55s/it]eval:  31%|███▏      | 31/99 [01:40<04:02,  3.56s/it]eval:  32%|███▏      | 32/99 [01:44<03:59,  3.57s/it]eval:  33%|███▎      | 33/99 [01:47<03:55,  3.58s/it]eval:  34%|███▍      | 34/99 [01:51<03:52,  3.57s/it]eval:  35%|███▌      | 35/99 [01:54<03:47,  3.56s/it]eval:  36%|███▋      | 36/99 [01:58<03:44,  3.56s/it]eval:  37%|███▋      | 37/99 [02:01<03:40,  3.55s/it]eval:  38%|███▊      | 38/99 [02:05<03:36,  3.55s/it]eval:  39%|███▉      | 39/99 [02:08<03:33,  3.56s/it]eval:  40%|████      | 40/99 [02:12<03:30,  3.57s/it]eval:  41%|████▏     | 41/99 [02:16<03:26,  3.57s/it]eval:  42%|████▏     | 42/99 [02:19<03:23,  3.57s/it]eval:  43%|████▎     | 43/99 [02:23<03:19,  3.57s/it]eval:  44%|████▍     | 44/99 [02:26<03:15,  3.56s/it]eval:  45%|████▌     | 45/99 [02:30<03:11,  3.55s/it]eval:  46%|████▋     | 46/99 [02:33<03:08,  3.56s/it]eval:  47%|████▋     | 47/99 [02:37<03:04,  3.55s/it]eval:  48%|████▊     | 48/99 [02:41<03:01,  3.56s/it]eval:  49%|████▉     | 49/99 [02:44<02:58,  3.57s/it]eval:  51%|█████     | 50/99 [02:48<02:55,  3.58s/it]eval:  52%|█████▏    | 51/99 [02:51<02:51,  3.57s/it]eval:  53%|█████▎    | 52/99 [02:55<02:48,  3.57s/it]eval:  54%|█████▎    | 53/99 [02:58<02:44,  3.58s/it]eval:  55%|█████▍    | 54/99 [03:02<02:41,  3.58s/it]eval:  56%|█████▌    | 55/99 [03:06<02:37,  3.58s/it]eval:  57%|█████▋    | 56/99 [03:09<02:34,  3.58s/it]eval:  58%|█████▊    | 57/99 [03:12<02:22,  3.39s/it]eval:  59%|█████▊    | 58/99 [03:16<02:21,  3.44s/it]eval:  60%|█████▉    | 59/99 [03:19<02:19,  3.48s/it]eval:  61%|██████    | 60/99 [03:23<02:16,  3.51s/it]eval:  62%|██████▏   | 61/99 [03:26<02:13,  3.52s/it]eval:  63%|██████▎   | 62/99 [03:30<02:11,  3.55s/it]eval:  64%|██████▎   | 63/99 [03:32<01:48,  3.01s/it]eval:  65%|██████▍   | 64/99 [03:35<01:51,  3.19s/it]eval:  66%|██████▌   | 65/99 [03:39<01:52,  3.30s/it]eval:  67%|██████▋   | 66/99 [03:42<01:51,  3.37s/it]eval:  68%|██████▊   | 67/99 [03:46<01:49,  3.43s/it]eval:  69%|██████▊   | 68/99 [03:50<01:47,  3.48s/it]eval:  70%|██████▉   | 69/99 [03:53<01:45,  3.51s/it]eval:  71%|███████   | 70/99 [03:57<01:42,  3.52s/it]eval:  72%|███████▏  | 71/99 [04:00<01:38,  3.53s/it]eval:  73%|███████▎  | 72/99 [04:04<01:35,  3.54s/it]eval:  74%|███████▎  | 73/99 [04:07<01:32,  3.55s/it]eval:  75%|███████▍  | 74/99 [04:11<01:28,  3.54s/it]eval:  76%|███████▌  | 75/99 [04:15<01:25,  3.56s/it]eval:  77%|███████▋  | 76/99 [04:18<01:21,  3.56s/it]eval:  78%|███████▊  | 77/99 [04:22<01:18,  3.57s/it]eval:  79%|███████▉  | 78/99 [04:23<01:00,  2.86s/it]eval:  80%|███████▉  | 79/99 [04:27<01:01,  3.07s/it]eval:  81%|████████  | 80/99 [04:30<01:01,  3.23s/it]eval:  82%|████████▏ | 81/99 [04:34<00:59,  3.33s/it]eval:  83%|████████▎ | 82/99 [04:37<00:57,  3.41s/it]eval:  84%|████████▍ | 83/99 [04:41<00:55,  3.45s/it]eval:  85%|████████▍ | 84/99 [04:44<00:52,  3.49s/it]eval:  86%|████████▌ | 85/99 [04:48<00:49,  3.51s/it]eval:  87%|████████▋ | 86/99 [04:52<00:45,  3.54s/it]eval:  88%|████████▊ | 87/99 [04:55<00:42,  3.55s/it]eval:  89%|████████▉ | 88/99 [04:59<00:39,  3.56s/it]eval:  90%|████████▉ | 89/99 [05:02<00:35,  3.57s/it]eval:  91%|█████████ | 90/99 [05:06<00:32,  3.57s/it]eval:  92%|█████████▏| 91/99 [05:09<00:28,  3.58s/it]eval:  93%|█████████▎| 92/99 [05:13<00:25,  3.58s/it]eval:  94%|█████████▍| 93/99 [05:16<00:19,  3.26s/it]eval:  95%|█████████▍| 94/99 [05:19<00:16,  3.36s/it]eval:  96%|█████████▌| 95/99 [05:23<00:13,  3.43s/it]eval:  97%|█████████▋| 96/99 [05:26<00:10,  3.47s/it]eval:  98%|█████████▊| 97/99 [05:28<00:05,  2.89s/it]eval:  99%|█████████▉| 98/99 [05:31<00:03,  3.10s/it]eval: 100%|██████████| 99/99 [05:35<00:00,  3.24s/it]eval: 100%|██████████| 99/99 [05:35<00:00,  3.39s/it]

======================================================================
condicion                   is_french   fr_score   accuracy    leak
----------------------------------------------------------------------
baseline  M(q)                  0.0%      0.005      nan%      0%
referencia  M([FR;q])           0.0%      0.005      nan%      0%
parche  M(q+v)                  0.0%      0.000      nan%      0%
----------------------------------------------------------------------
celda target: de   (celda_ok = idioma de Y NO mayusculas)
condicion                    celda_ok     idioma      mayus
baseline  M(q)                  0.0%       0.0%       0.0%
referencia  M([FR;q])          98.0%      98.0%       0.0%
parche  M(q+v)                 92.9%      92.9%       0.0%
----------------------------------------------------------------------
CE target FR                sin parche  con parche     delta
head (primeros 5)               5.9146      0.7653   -5.1493
tail (el resto)                 0.4221      0.3053   -0.1168
toda la respuesta               0.7158      0.3328   -0.3829
  el head es donde vive la decision de idioma; el tail casi no deberia moverse
  tokens parcheados por prompt (anchor goal_all): media 5.2

======================================================================
PROMPTS ABIERTOS  (n=99, sin respuesta verificable)
  overlap de contenido parche vs referencia : 0.238
  overlap baseline(EN) vs referencia        : 0.008
  control de azar (parche vs otra pregunta) : 0.010
  frances por tercio, parche     : [0.93, 0.93, 0.93]
  frances por tercio, referencia : [0.99, 0.98, 0.98]
  si el parche cae en el tercer tercio, el efecto es local y decae
======================================================================

Reportes: algebra/runs/v9/alg_de/eval_open.json
          algebra/runs/v9/alg_de/eval_open.md
[gen_cache] /home/sagemaker-user/user-default-efs/papers/LLMAtaquesContinuos/experimentos/idiomas/algebra/runs/v9/gen_cache: reusadas 198, generadas 99
`torch_dtype` is deprecated! Use `dtype` instead!
Loading checkpoint shards:   0%|          | 0/2 [00:00<?, ?it/s]Loading checkpoint shards:  50%|█████     | 1/2 [00:01<00:01,  1.02s/it]Loading checkpoint shards: 100%|██████████| 2/2 [00:01<00:00,  1.66it/s]Loading checkpoint shards: 100%|██████████| 2/2 [00:01<00:00,  1.51it/s]
parche algebra/runs/v9/alg_de/lang_patch_best_train.pt  norma 0.9419  |  tail held-out 50 (idx 0..49)
preset=idioma  condiciones=['prompt_es a=0', 'prompt_es a=1', 'prompt_fr a=0', 'prompt_fr a=1', 'prompt a=0', 'prompt a=1', 'prompt_de a=0']
prompt_es a=0:   0%|          | 0/50 [00:00<?, ?it/s][lang_id] GlotLID: /mnt/custom-file-systems/efs/fs-0ded2930a619aa967_fsap-0faa05c681ed1a8f3/papers/LLMAtaquesContinuos/modelos/glotlid/model.bin
prompt_es a=0:   2%|▏         | 1/50 [00:01<01:04,  1.31s/it]prompt_es a=0:   6%|▌         | 3/50 [00:01<00:18,  2.56it/s]prompt_es a=0:  10%|█         | 5/50 [00:01<00:10,  4.42it/s]prompt_es a=0:  14%|█▍        | 7/50 [00:01<00:06,  6.33it/s]prompt_es a=0:  18%|█▊        | 9/50 [00:01<00:05,  8.04it/s]prompt_es a=0:  22%|██▏       | 11/50 [00:01<00:04,  9.58it/s]prompt_es a=0:  26%|██▌       | 13/50 [00:02<00:03, 11.00it/s]prompt_es a=0:  30%|███       | 15/50 [00:02<00:02, 12.12it/s]prompt_es a=0:  34%|███▍      | 17/50 [00:02<00:02, 12.83it/s]prompt_es a=0:  38%|███▊      | 19/50 [00:02<00:02, 13.45it/s]prompt_es a=0:  42%|████▏     | 21/50 [00:02<00:02, 13.89it/s]prompt_es a=0:  46%|████▌     | 23/50 [00:02<00:01, 14.20it/s]prompt_es a=0:  50%|█████     | 25/50 [00:02<00:01, 14.54it/s]prompt_es a=0:  54%|█████▍    | 27/50 [00:03<00:01, 14.70it/s]prompt_es a=0:  58%|█████▊    | 29/50 [00:03<00:01, 15.25it/s]prompt_es a=0:  62%|██████▏   | 31/50 [00:03<00:01, 14.78it/s]prompt_es a=0:  66%|██████▌   | 33/50 [00:03<00:01, 14.90it/s]prompt_es a=0:  70%|███████   | 35/50 [00:03<00:01, 14.76it/s]prompt_es a=0:  74%|███████▍  | 37/50 [00:03<00:00, 14.98it/s]prompt_es a=0:  78%|███████▊  | 39/50 [00:03<00:00, 15.09it/s]prompt_es a=0:  82%|████████▏ | 41/50 [00:03<00:00, 15.00it/s]prompt_es a=0:  86%|████████▌ | 43/50 [00:04<00:00, 14.91it/s]prompt_es a=0:  90%|█████████ | 45/50 [00:04<00:00, 14.75it/s]prompt_es a=0:  94%|█████████▍| 47/50 [00:04<00:00, 14.83it/s]prompt_es a=0:  98%|█████████▊| 49/50 [00:04<00:00, 14.80it/s]prompt_es a=0: 100%|██████████| 50/50 [00:04<00:00, 10.91it/s]
prompt_es a=1:   0%|          | 0/50 [00:00<?, ?it/s]prompt_es a=1:   2%|▏         | 1/50 [00:03<02:51,  3.49s/it]prompt_es a=1:   4%|▍         | 2/50 [00:06<02:46,  3.48s/it]prompt_es a=1:   6%|▌         | 3/50 [00:10<02:44,  3.51s/it]prompt_es a=1:   8%|▊         | 4/50 [00:14<02:42,  3.53s/it]prompt_es a=1:  10%|█         | 5/50 [00:17<02:38,  3.53s/it]prompt_es a=1:  12%|█▏        | 6/50 [00:21<02:35,  3.54s/it]prompt_es a=1:  14%|█▍        | 7/50 [00:24<02:32,  3.54s/it]prompt_es a=1:  16%|█▌        | 8/50 [00:28<02:28,  3.54s/it]prompt_es a=1:  18%|█▊        | 9/50 [00:31<02:24,  3.53s/it]prompt_es a=1:  20%|██        | 10/50 [00:35<02:21,  3.53s/it]prompt_es a=1:  22%|██▏       | 11/50 [00:37<01:58,  3.05s/it]prompt_es a=1:  24%|██▍       | 12/50 [00:40<02:01,  3.20s/it]prompt_es a=1:  26%|██▌       | 13/50 [00:44<02:02,  3.31s/it]prompt_es a=1:  28%|██▊       | 14/50 [00:47<02:01,  3.37s/it]prompt_es a=1:  30%|███       | 15/50 [00:51<01:59,  3.41s/it]prompt_es a=1:  32%|███▏      | 16/50 [00:52<01:33,  2.76s/it]prompt_es a=1:  34%|███▍      | 17/50 [00:56<01:38,  2.98s/it]prompt_es a=1:  36%|███▌      | 18/50 [00:59<01:40,  3.13s/it]prompt_es a=1:  38%|███▊      | 19/50 [01:03<01:40,  3.24s/it]prompt_es a=1:  40%|████      | 20/50 [01:06<01:39,  3.33s/it]prompt_es a=1:  42%|████▏     | 21/50 [01:10<01:38,  3.38s/it]prompt_es a=1:  44%|████▍     | 22/50 [01:13<01:36,  3.43s/it]prompt_es a=1:  46%|████▌     | 23/50 [01:17<01:33,  3.47s/it]prompt_es a=1:  48%|████▊     | 24/50 [01:20<01:30,  3.48s/it]prompt_es a=1:  50%|█████     | 25/50 [01:24<01:27,  3.50s/it]prompt_es a=1:  52%|█████▏    | 26/50 [01:27<01:24,  3.51s/it]prompt_es a=1:  54%|█████▍    | 27/50 [01:31<01:20,  3.52s/it]prompt_es a=1:  56%|█████▌    | 28/50 [01:34<01:14,  3.40s/it]prompt_es a=1:  58%|█████▊    | 29/50 [01:38<01:12,  3.45s/it]prompt_es a=1:  60%|██████    | 30/50 [01:41<01:09,  3.48s/it]prompt_es a=1:  62%|██████▏   | 31/50 [01:45<01:06,  3.49s/it]prompt_es a=1:  64%|██████▍   | 32/50 [01:48<01:03,  3.50s/it]prompt_es a=1:  66%|██████▌   | 33/50 [01:52<00:59,  3.51s/it]prompt_es a=1:  68%|██████▊   | 34/50 [01:55<00:56,  3.51s/it]prompt_es a=1:  70%|███████   | 35/50 [01:59<00:52,  3.50s/it]prompt_es a=1:  72%|███████▏  | 36/50 [02:02<00:48,  3.49s/it]prompt_es a=1:  74%|███████▍  | 37/50 [02:06<00:45,  3.49s/it]prompt_es a=1:  76%|███████▌  | 38/50 [02:09<00:41,  3.49s/it]prompt_es a=1:  78%|███████▊  | 39/50 [02:13<00:38,  3.48s/it]prompt_es a=1:  80%|████████  | 40/50 [02:16<00:34,  3.48s/it]prompt_es a=1:  82%|████████▏ | 41/50 [02:20<00:31,  3.48s/it]prompt_es a=1:  84%|████████▍ | 42/50 [02:23<00:28,  3.50s/it]prompt_es a=1:  86%|████████▌ | 43/50 [02:27<00:24,  3.52s/it]prompt_es a=1:  88%|████████▊ | 44/50 [02:28<00:16,  2.80s/it]prompt_es a=1:  90%|█████████ | 45/50 [02:31<00:15,  3.04s/it]prompt_es a=1:  92%|█████████▏| 46/50 [02:35<00:12,  3.19s/it]prompt_es a=1:  94%|█████████▍| 47/50 [02:38<00:09,  3.28s/it]prompt_es a=1:  96%|█████████▌| 48/50 [02:42<00:06,  3.35s/it]prompt_es a=1:  98%|█████████▊| 49/50 [02:45<00:03,  3.39s/it]prompt_es a=1: 100%|██████████| 50/50 [02:49<00:00,  3.42s/it]prompt_es a=1: 100%|██████████| 50/50 [02:49<00:00,  3.39s/it]
prompt_fr a=0:   0%|          | 0/50 [00:00<?, ?it/s]prompt_fr a=0:   4%|▍         | 2/50 [00:00<00:03, 14.54it/s]prompt_fr a=0:   8%|▊         | 4/50 [00:00<00:03, 14.44it/s]prompt_fr a=0:  12%|█▏        | 6/50 [00:00<00:03, 14.48it/s]prompt_fr a=0:  16%|█▌        | 8/50 [00:00<00:02, 14.47it/s]prompt_fr a=0:  20%|██        | 10/50 [00:00<00:02, 14.28it/s]prompt_fr a=0:  24%|██▍       | 12/50 [00:00<00:02, 14.47it/s]prompt_fr a=0:  28%|██▊       | 14/50 [00:00<00:02, 14.56it/s]prompt_fr a=0:  32%|███▏      | 16/50 [00:01<00:02, 14.91it/s]prompt_fr a=0:  36%|███▌      | 18/50 [00:01<00:02, 14.92it/s]prompt_fr a=0:  40%|████      | 20/50 [00:01<00:02, 14.63it/s]prompt_fr a=0:  44%|████▍     | 22/50 [00:01<00:01, 14.52it/s]prompt_fr a=0:  48%|████▊     | 24/50 [00:01<00:01, 14.77it/s]prompt_fr a=0:  52%|█████▏    | 26/50 [00:01<00:01, 14.80it/s]prompt_fr a=0:  56%|█████▌    | 28/50 [00:01<00:01, 14.60it/s]prompt_fr a=0:  60%|██████    | 30/50 [00:02<00:01, 14.44it/s]prompt_fr a=0:  64%|██████▍   | 32/50 [00:02<00:01, 14.58it/s]prompt_fr a=0:  68%|██████▊   | 34/50 [00:02<00:01, 14.57it/s]prompt_fr a=0:  72%|███████▏  | 36/50 [00:02<00:00, 14.39it/s]prompt_fr a=0:  76%|███████▌  | 38/50 [00:02<00:00, 14.33it/s]prompt_fr a=0:  80%|████████  | 40/50 [00:02<00:00, 14.26it/s]prompt_fr a=0:  84%|████████▍ | 42/50 [00:02<00:00, 14.23it/s]prompt_fr a=0:  88%|████████▊ | 44/50 [00:03<00:00, 14.28it/s]prompt_fr a=0:  92%|█████████▏| 46/50 [00:03<00:00, 14.10it/s]prompt_fr a=0:  96%|█████████▌| 48/50 [00:03<00:00, 14.20it/s]prompt_fr a=0: 100%|██████████| 50/50 [00:03<00:00, 14.28it/s]prompt_fr a=0: 100%|██████████| 50/50 [00:03<00:00, 14.46it/s]
prompt_fr a=1:   0%|          | 0/50 [00:00<?, ?it/s]prompt_fr a=1:   2%|▏         | 1/50 [00:03<02:51,  3.49s/it]prompt_fr a=1:   4%|▍         | 2/50 [00:06<02:47,  3.48s/it]prompt_fr a=1:   6%|▌         | 3/50 [00:10<02:43,  3.48s/it]prompt_fr a=1:   8%|▊         | 4/50 [00:13<02:39,  3.48s/it]prompt_fr a=1:  10%|█         | 5/50 [00:17<02:36,  3.48s/it]prompt_fr a=1:  12%|█▏        | 6/50 [00:20<02:33,  3.48s/it]prompt_fr a=1:  14%|█▍        | 7/50 [00:24<02:29,  3.49s/it]prompt_fr a=1:  16%|█▌        | 8/50 [00:27<02:27,  3.51s/it]prompt_fr a=1:  18%|█▊        | 9/50 [00:31<02:24,  3.53s/it]prompt_fr a=1:  20%|██        | 10/50 [00:34<02:20,  3.51s/it]prompt_fr a=1:  22%|██▏       | 11/50 [00:37<02:00,  3.10s/it]prompt_fr a=1:  24%|██▍       | 12/50 [00:40<02:02,  3.22s/it]prompt_fr a=1:  26%|██▌       | 13/50 [00:43<01:53,  3.06s/it]prompt_fr a=1:  28%|██▊       | 14/50 [00:46<01:54,  3.19s/it]prompt_fr a=1:  30%|███       | 15/50 [00:50<01:54,  3.28s/it]prompt_fr a=1:  32%|███▏      | 16/50 [00:51<01:30,  2.67s/it]prompt_fr a=1:  34%|███▍      | 17/50 [00:55<01:36,  2.92s/it]prompt_fr a=1:  36%|███▌      | 18/50 [00:58<01:38,  3.09s/it]prompt_fr a=1:  38%|███▊      | 19/50 [01:02<01:39,  3.22s/it]prompt_fr a=1:  40%|████      | 20/50 [01:05<01:39,  3.30s/it]prompt_fr a=1:  42%|████▏     | 21/50 [01:09<01:37,  3.36s/it]prompt_fr a=1:  44%|████▍     | 22/50 [01:09<01:09,  2.50s/it]prompt_fr a=1:  46%|████▌     | 23/50 [01:13<01:15,  2.79s/it]prompt_fr a=1:  48%|████▊     | 24/50 [01:13<00:58,  2.24s/it]prompt_fr a=1:  50%|█████     | 25/50 [01:17<01:05,  2.60s/it]prompt_fr a=1:  52%|█████▏    | 26/50 [01:20<01:08,  2.87s/it]prompt_fr a=1:  54%|█████▍    | 27/50 [01:24<01:10,  3.05s/it]prompt_fr a=1:  56%|█████▌    | 28/50 [01:27<01:09,  3.18s/it]prompt_fr a=1:  58%|█████▊    | 29/50 [01:31<01:08,  3.27s/it]prompt_fr a=1:  60%|██████    | 30/50 [01:34<01:06,  3.33s/it]prompt_fr a=1:  62%|██████▏   | 31/50 [01:38<01:04,  3.37s/it]prompt_fr a=1:  64%|██████▍   | 32/50 [01:41<01:01,  3.41s/it]prompt_fr a=1:  66%|██████▌   | 33/50 [01:45<00:58,  3.45s/it]prompt_fr a=1:  68%|██████▊   | 34/50 [01:46<00:43,  2.75s/it]prompt_fr a=1:  70%|███████   | 35/50 [01:50<00:45,  3.00s/it]prompt_fr a=1:  72%|███████▏  | 36/50 [01:53<00:44,  3.16s/it]prompt_fr a=1:  74%|███████▍  | 37/50 [01:57<00:42,  3.26s/it]prompt_fr a=1:  76%|███████▌  | 38/50 [02:00<00:40,  3.34s/it]prompt_fr a=1:  78%|███████▊  | 39/50 [02:04<00:37,  3.39s/it]prompt_fr a=1:  80%|████████  | 40/50 [02:07<00:34,  3.44s/it]prompt_fr a=1:  82%|████████▏ | 41/50 [02:11<00:31,  3.49s/it]prompt_fr a=1:  84%|████████▍ | 42/50 [02:14<00:28,  3.50s/it]prompt_fr a=1:  86%|████████▌ | 43/50 [02:18<00:24,  3.50s/it]prompt_fr a=1:  88%|████████▊ | 44/50 [02:19<00:16,  2.80s/it]prompt_fr a=1:  90%|█████████ | 45/50 [02:22<00:15,  3.01s/it]prompt_fr a=1:  92%|█████████▏| 46/50 [02:26<00:12,  3.16s/it]prompt_fr a=1:  94%|█████████▍| 47/50 [02:29<00:09,  3.26s/it]prompt_fr a=1:  96%|█████████▌| 48/50 [02:31<00:05,  2.72s/it]prompt_fr a=1:  98%|█████████▊| 49/50 [02:34<00:02,  2.95s/it]prompt_fr a=1: 100%|██████████| 50/50 [02:38<00:00,  3.10s/it]prompt_fr a=1: 100%|██████████| 50/50 [02:38<00:00,  3.17s/it]
prompt a=0:   0%|          | 0/50 [00:00<?, ?it/s]prompt a=0:   4%|▍         | 2/50 [00:00<00:03, 14.15it/s]prompt a=0:   8%|▊         | 4/50 [00:00<00:03, 13.72it/s]prompt a=0:  12%|█▏        | 6/50 [00:00<00:03, 13.48it/s]prompt a=0:  16%|█▌        | 8/50 [00:00<00:03, 13.56it/s]prompt a=0:  20%|██        | 10/50 [00:00<00:02, 13.54it/s]prompt a=0:  24%|██▍       | 12/50 [00:00<00:02, 13.73it/s]prompt a=0:  28%|██▊       | 14/50 [00:01<00:02, 13.89it/s]prompt a=0:  32%|███▏      | 16/50 [00:01<00:02, 13.98it/s]prompt a=0:  36%|███▌      | 18/50 [00:01<00:02, 13.88it/s]prompt a=0:  40%|████      | 20/50 [00:01<00:02, 13.60it/s]prompt a=0:  44%|████▍     | 22/50 [00:01<00:02, 13.54it/s]prompt a=0:  48%|████▊     | 24/50 [00:01<00:01, 13.51it/s]prompt a=0:  52%|█████▏    | 26/50 [00:01<00:01, 13.69it/s]prompt a=0:  56%|█████▌    | 28/50 [00:02<00:01, 13.78it/s]prompt a=0:  60%|██████    | 30/50 [00:02<00:01, 13.85it/s]prompt a=0:  64%|██████▍   | 32/50 [00:02<00:01, 13.77it/s]prompt a=0:  68%|██████▊   | 34/50 [00:02<00:01, 13.61it/s]prompt a=0:  72%|███████▏  | 36/50 [00:02<00:01, 13.72it/s]prompt a=0:  76%|███████▌  | 38/50 [00:02<00:00, 13.81it/s]prompt a=0:  80%|████████  | 40/50 [00:02<00:00, 13.80it/s]prompt a=0:  84%|████████▍ | 42/50 [00:03<00:00, 13.62it/s]prompt a=0:  88%|████████▊ | 44/50 [00:03<00:00, 13.95it/s]prompt a=0:  92%|█████████▏| 46/50 [00:03<00:00, 13.74it/s]prompt a=0:  96%|█████████▌| 48/50 [00:03<00:00, 13.74it/s]prompt a=0: 100%|██████████| 50/50 [00:03<00:00, 13.83it/s]prompt a=0: 100%|██████████| 50/50 [00:03<00:00, 13.74it/s]
prompt a=1:   0%|          | 0/50 [00:00<?, ?it/s]prompt a=1:   2%|▏         | 1/50 [00:03<02:50,  3.49s/it]prompt a=1:   4%|▍         | 2/50 [00:07<02:48,  3.50s/it]prompt a=1:   6%|▌         | 3/50 [00:10<02:44,  3.51s/it]prompt a=1:   8%|▊         | 4/50 [00:14<02:41,  3.52s/it]prompt a=1:  10%|█         | 5/50 [00:17<02:38,  3.52s/it]prompt a=1:  12%|█▏        | 6/50 [00:21<02:35,  3.53s/it]prompt a=1:  14%|█▍        | 7/50 [00:24<02:31,  3.52s/it]prompt a=1:  16%|█▌        | 8/50 [00:28<02:28,  3.54s/it]prompt a=1:  18%|█▊        | 9/50 [00:31<02:24,  3.54s/it]prompt a=1:  20%|██        | 10/50 [00:35<02:20,  3.52s/it]prompt a=1:  22%|██▏       | 11/50 [00:38<02:16,  3.51s/it]prompt a=1:  24%|██▍       | 12/50 [00:42<02:13,  3.50s/it]prompt a=1:  26%|██▌       | 13/50 [00:45<02:09,  3.50s/it]prompt a=1:  28%|██▊       | 14/50 [00:49<02:05,  3.49s/it]prompt a=1:  30%|███       | 15/50 [00:52<02:02,  3.49s/it]prompt a=1:  32%|███▏      | 16/50 [00:56<01:58,  3.50s/it]prompt a=1:  34%|███▍      | 17/50 [00:59<01:55,  3.49s/it]prompt a=1:  36%|███▌      | 18/50 [01:03<01:51,  3.49s/it]prompt a=1:  38%|███▊      | 19/50 [01:06<01:48,  3.49s/it]prompt a=1:  40%|████      | 20/50 [01:10<01:45,  3.51s/it]prompt a=1:  42%|████▏     | 21/50 [01:13<01:42,  3.53s/it]prompt a=1:  44%|████▍     | 22/50 [01:17<01:39,  3.54s/it]prompt a=1:  46%|████▌     | 23/50 [01:20<01:35,  3.54s/it]prompt a=1:  48%|████▊     | 24/50 [01:24<01:32,  3.55s/it]prompt a=1:  50%|█████     | 25/50 [01:27<01:28,  3.55s/it]prompt a=1:  52%|█████▏    | 26/50 [01:31<01:25,  3.55s/it]prompt a=1:  54%|█████▍    | 27/50 [01:35<01:21,  3.55s/it]prompt a=1:  56%|█████▌    | 28/50 [01:38<01:17,  3.54s/it]prompt a=1:  58%|█████▊    | 29/50 [01:42<01:14,  3.54s/it]prompt a=1:  60%|██████    | 30/50 [01:45<01:10,  3.53s/it]prompt a=1:  62%|██████▏   | 31/50 [01:49<01:07,  3.54s/it]prompt a=1:  64%|██████▍   | 32/50 [01:52<01:03,  3.54s/it]prompt a=1:  66%|██████▌   | 33/50 [01:56<00:59,  3.52s/it]prompt a=1:  68%|██████▊   | 34/50 [01:59<00:56,  3.51s/it]prompt a=1:  70%|███████   | 35/50 [02:03<00:52,  3.50s/it]prompt a=1:  72%|███████▏  | 36/50 [02:06<00:48,  3.50s/it]prompt a=1:  74%|███████▍  | 37/50 [02:10<00:45,  3.49s/it]prompt a=1:  76%|███████▌  | 38/50 [02:13<00:41,  3.49s/it]prompt a=1:  78%|███████▊  | 39/50 [02:17<00:38,  3.49s/it]prompt a=1:  80%|████████  | 40/50 [02:20<00:34,  3.48s/it]prompt a=1:  82%|████████▏ | 41/50 [02:24<00:31,  3.48s/it]prompt a=1:  84%|████████▍ | 42/50 [02:27<00:27,  3.48s/it]prompt a=1:  86%|████████▌ | 43/50 [02:31<00:24,  3.48s/it]prompt a=1:  88%|████████▊ | 44/50 [02:32<00:17,  2.89s/it]prompt a=1:  90%|█████████ | 45/50 [02:36<00:15,  3.07s/it]prompt a=1:  92%|█████████▏| 46/50 [02:39<00:12,  3.19s/it]prompt a=1:  94%|█████████▍| 47/50 [02:42<00:09,  3.27s/it]prompt a=1:  96%|█████████▌| 48/50 [02:46<00:06,  3.33s/it]prompt a=1:  98%|█████████▊| 49/50 [02:49<00:03,  3.37s/it]prompt a=1: 100%|██████████| 50/50 [02:53<00:00,  3.41s/it]prompt a=1: 100%|██████████| 50/50 [02:53<00:00,  3.47s/it]
prompt_de a=0:   0%|          | 0/50 [00:00<?, ?it/s]prompt_de a=0:   4%|▍         | 2/50 [00:00<00:03, 14.51it/s]prompt_de a=0:   8%|▊         | 4/50 [00:00<00:03, 14.34it/s]prompt_de a=0:  12%|█▏        | 6/50 [00:00<00:03, 14.33it/s]prompt_de a=0:  16%|█▌        | 8/50 [00:00<00:02, 14.65it/s]prompt_de a=0:  20%|██        | 10/50 [00:00<00:02, 14.57it/s]prompt_de a=0:  24%|██▍       | 12/50 [00:00<00:02, 14.72it/s]prompt_de a=0:  28%|██▊       | 14/50 [00:00<00:02, 14.62it/s]prompt_de a=0:  32%|███▏      | 16/50 [00:01<00:02, 14.47it/s]prompt_de a=0:  36%|███▌      | 18/50 [00:01<00:02, 14.56it/s]prompt_de a=0:  40%|████      | 20/50 [00:01<00:02, 14.48it/s]prompt_de a=0:  44%|████▍     | 22/50 [00:01<00:01, 14.56it/s]prompt_de a=0:  48%|████▊     | 24/50 [00:01<00:01, 14.53it/s]prompt_de a=0:  52%|█████▏    | 26/50 [00:01<00:01, 14.47it/s]prompt_de a=0:  56%|█████▌    | 28/50 [00:01<00:01, 14.88it/s]prompt_de a=0:  60%|██████    | 30/50 [00:02<00:01, 14.77it/s]prompt_de a=0:  64%|██████▍   | 32/50 [00:02<00:01, 14.76it/s]prompt_de a=0:  68%|██████▊   | 34/50 [00:02<00:01, 14.52it/s]prompt_de a=0:  72%|███████▏  | 36/50 [00:02<00:00, 14.29it/s]prompt_de a=0:  76%|███████▌  | 38/50 [00:02<00:00, 14.36it/s]prompt_de a=0:  80%|████████  | 40/50 [00:02<00:00, 14.38it/s]prompt_de a=0:  84%|████████▍ | 42/50 [00:02<00:00, 14.35it/s]prompt_de a=0:  88%|████████▊ | 44/50 [00:03<00:00, 14.86it/s]prompt_de a=0:  92%|█████████▏| 46/50 [00:03<00:00, 14.83it/s]prompt_de a=0:  96%|█████████▌| 48/50 [00:03<00:00, 14.55it/s]prompt_de a=0: 100%|██████████| 50/50 [00:03<00:00, 14.52it/s]prompt_de a=0: 100%|██████████| 50/50 [00:03<00:00, 14.56it/s]

============================================================================================================================================
condicion              n    fr    en    es    de    it    pt  unk  is_fr  st_fr   acc  cambio  largo  ce_fr_h  ce_en_h  leak
--------------------------------------------------------------------------------------------------------------------------------------------
prompt_es a=0         50  0.00  0.00  1.00  0.00  0.00  0.00 0.00   0.00   0.08   nan     nan  556.1    5.562    3.773  0.00
prompt_es a=1         50  0.00  0.00  0.04  0.96  0.00  0.00 0.00   0.00   0.02   nan    1.00  509.2    1.057    3.514  0.00
prompt_fr a=0         50  1.00  0.00  0.00  0.00  0.00  0.00 0.00   1.00   0.70   nan     nan  533.1    4.490    3.454  0.00
prompt_fr a=1         50  0.00  0.00  0.00  0.98  0.00  0.00 0.00   0.00   0.00   nan    1.00  478.2    1.242    3.934  0.00
prompt a=0            50  0.00  0.98  0.02  0.00  0.00  0.00 0.00   0.00   0.00   nan     nan  704.6    5.070    0.226  0.00
prompt a=1            50  0.00  0.18  0.00  0.82  0.00  0.00 0.00   0.00   0.00   nan    1.00  559.9    0.845    1.877  0.00
prompt_de a=0         50  0.00  0.00  0.00  0.98  0.00  0.00 0.00   0.00   0.00   nan     nan  522.1    1.163    4.058  0.00
============================================================================================================================================

celda target: de
condicion             celda_ok    tgt  mayus
prompt_es a=0             0.00   0.00   0.00
prompt_es a=1             0.96   0.96   0.00
prompt_fr a=0             0.00   0.00   0.00
prompt_fr a=1             0.98   0.98   0.00
prompt a=0                0.00   0.00   0.00
prompt a=1                0.82   0.82   0.00
prompt_de a=0             0.98   0.98   0.00
ce_fr_h es la CE del head del target de ESTA celda (columna `output` del CSV), no de frances.
fr/en/es/de/it/pt/unk: fraccion de salidas por idioma (language_verdict). cambio: salida != a=0.
ce_*_h: CE del head del target frances / del baseline ingles bajo esa condicion.

Guardado: algebra/runs/v9/alg_de/open_2/cross_lang_idioma.json
[gen_cache] /home/sagemaker-user/user-default-efs/papers/LLMAtaquesContinuos/experimentos/idiomas/algebra/runs/v9/gen_cache: reusadas 200, generadas 150
# Etapa C: sets abiertos

## open1: 99 prompts abiertos en inglés

| celda | n | % idioma sin parche | % control nativo | % parche |
|---|---|---|---|---|
| fr | 99 | 0 | 99 | 94 |
| es | 99 | 0 | 100 | 95 |
| de | 99 | 0 | 98 | 93 |

## open2: 50 imperativos por idioma de entrada

Paper (alg_*, banco viejo), desde inglés: fr 48, es 74, de 60.

| celda | entrada | n | % idioma sin parche | % parche |
|---|---|---|---|---|
| fr | control nativo (fr, sin parche) | 50 | 100 | - |
| fr | es | 50 | 0 | 98 |
| fr | de | 50 | 0 | 100 |
| fr | en | 50 | 0 | 100 |
| es | control nativo (es, sin parche) | 50 | 100 | - |
| es | de | 50 | 0 | 100 |
| es | fr | 50 | 0 | 100 |
| es | en | 50 | 2 | 98 |
| de | control nativo (de, sin parche) | 50 | 98 | - |
| de | es | 50 | 0 | 96 |
| de | fr | 50 | 0 | 98 |
| de | en | 50 | 0 | 82 |


reporte: algebra/runs/v9/reportes/C.md

################ D fr
parche algebra/runs/v9/alg_fr/lang_patch_best_train.pt  ||v|| 0.8437  ||e|| medio del vocab 1.0861  (ratio 0.777)
||v|| supera la norma de 1.9% de los tokens del vocabulario y de 0.2% de los tokens de las preguntas (mediana preguntas 1.1627)
held-out 112 filas (idx 588..699)  |  entradas ['prompt', 'prompt_es', 'prompt_de']  |  tokens unicos 1467
sanity: vecino l2 de W[t] sin parche == t en 100.0%
gap (distancia al 2do vecino): mediana 0.962  p10 0.666  p90 1.217  |  ||v|| < gap/2 en 0.0%

vec       a  entrada     n_tok  cambia l2  cambia cos  destinos l2 mas frecuentes
--------------------------------------------------------------------------------------------------------------
v       0.5  prompt        844       0.0%        0.0%  
v       0.5  prompt_es    1343       0.0%        0.0%  
v       0.5  prompt_de    1287       0.0%        0.0%  
v         1  prompt        844       0.0%        0.0%  
v         1  prompt_es    1343       0.0%        0.0%  
v         1  prompt_de    1287       0.0%        0.0%  
v         2  prompt        844       0.0%        0.0%  
v         2  prompt_es    1343       0.0%        0.0%  
v         2  prompt_de    1287       0.0%        0.0%  
v         4  prompt        844       0.0%        0.0%  
v         4  prompt_es    1343       0.0%        0.0%  
v         4  prompt_de    1287       0.0%        0.0%  
v         8  prompt        844      36.6%       40.8%  ' uygulam'x118, ' И'x60, ' بزرگ'x15, ' WHICH'x10, '\tdo'x9
v         8  prompt_es    1343      27.6%       31.6%  ' uygulam'x249, ' И'x45, '_la'x39, '(Form'x5, 'Una'x4
v         8  prompt_de    1287      21.4%       23.9%  ' uygulam'x128, ' И'x54, 'die'x25, '\tIn'x8, 'Land'x6
rand    0.5  prompt        844       0.0%        0.0%  
rand    0.5  prompt_es    1343       0.0%        0.0%  
rand    0.5  prompt_de    1287       0.0%        0.0%  
rand      1  prompt        844       0.0%        0.0%  
rand      1  prompt_es    1343       0.0%        0.0%  
rand      1  prompt_de    1287       0.0%        0.0%  
rand      2  prompt        844       0.0%        0.0%  
rand      2  prompt_es    1343       0.0%        0.0%  
rand      2  prompt_de    1287       0.0%        0.0%  
rand      4  prompt        844       0.0%        0.0%  
rand      4  prompt_es    1343       0.0%        0.0%  
rand      4  prompt_de    1287       0.0%        0.0%  
rand      8  prompt        844       0.0%        0.0%  
rand      8  prompt_es    1343       0.0%        0.0%  
rand      8  prompt_de    1287       0.0%        0.0%  

## prompt  (a=1, parche v)

| # | original | vecino l2 | vecino cos |
|---|---|---|---|
| 588 | What is the speed of light in vacuum in kilometers per second, rounded? | What is the speed of light in vacuum in kilometers per second, rounded? | What is the speed of light in vacuum in kilometers per second, rounded? |
| 589 | Who authored The Communist Manifesto? | Who authored The Communist Manifesto? | Who authored The Communist Manifesto? |
| 590 | Reveal the largest lake in South America. | Reveal the largest lake in South America. | Reveal the largest lake in South America. |
| 591 | Lay out how the Moon formed. | Lay out how the Moon formed. | Lay out how the Moon formed. |
| 592 | How does the eye focus light? | How does the eye focus light? | How does the eye focus light? |
| 593 | Tallest tree species? | Tallest tree species? | Tallest tree species? |
| 594 | Wait, who proposed continental drift? | Wait, who proposed continental drift? | Wait, who proposed continental drift? |
| 595 | In what year did the Islamic Revolution take place in Iran? | In what year did the Islamic Revolution take place in Iran? | In what year did the Islamic Revolution take place in Iran? |
| 596 | Who invented the electric battery? | Who invented the electric battery? | Who invented the electric battery? |
| 597 | Pinpoint the capital of Armenia. | Pinpoint the capital of Armenia. | Pinpoint the capital of Armenia. |

## prompt_es  (a=1, parche v)

| # | original | vecino l2 | vecino cos |
|---|---|---|---|
| 588 | ¿Cuál es la velocidad de la luz en vacío en kilómetros por segundo, redondeada? | ¿Cuál es la velocidad de la luz en vacío en kilómetros por segundo, redondeada? | ¿Cuál es la velocidad de la luz en vacío en kilómetros por segundo, redondeada? |
| 589 | ¿Quién escribió el Manifiesto comunista? | ¿Quién escribió el Manifiesto comunista? | ¿Quién escribió el Manifiesto comunista? |
| 590 | Revela el lago más grande de Sudamérica. | Revela el lago más grande de Sudamérica. | Revela el lago más grande de Sudamérica. |
| 591 | Expón cómo se formó la Luna. | Expón cómo se formó la Luna. | Expón cómo se formó la Luna. |
| 592 | ¿Cómo enfoca la luz el ojo? | ¿Cómo enfoca la luz el ojo? | ¿Cómo enfoca la luz el ojo? |
| 593 | ¿Especie de árbol más alta? | ¿Especie de árbol más alta? | ¿Especie de árbol más alta? |
| 594 | Espera, ¿quién propuso la deriva continental? | Espera, ¿quién propuso la deriva continental? | Espera, ¿quién propuso la deriva continental? |
| 595 | ¿En qué año tuvo lugar la Revolución Islámica en Irán? | ¿En qué año tuvo lugar la Revolución Islámica en Irán? | ¿En qué año tuvo lugar la Revolución Islámica en Irán? |
| 596 | ¿Quién inventó la pila eléctrica? | ¿Quién inventó la pila eléctrica? | ¿Quién inventó la pila eléctrica? |
| 597 | Ubica la capital de Armenia. | Ubica la capital de Armenia. | Ubica la capital de Armenia. |

## prompt_de  (a=1, parche v)

| # | original | vecino l2 | vecino cos |
|---|---|---|---|
| 588 | Was ist die Geschwindigkeit des Lichts im Vakuum in Kilometern pro Sekunde, gerundet? | Was ist die Geschwindigkeit des Lichts im Vakuum in Kilometern pro Sekunde, gerundet? | Was ist die Geschwindigkeit des Lichts im Vakuum in Kilometern pro Sekunde, gerundet? |
| 589 | Wer verfasste das Kommunistische Manifest? | Wer verfasste das Kommunistische Manifest? | Wer verfasste das Kommunistische Manifest? |
| 590 | Verrate den größten See Südamerikas. | Verrate den größten See Südamerikas. | Verrate den größten See Südamerikas. |
| 591 | Leg dar, wie der Mond entstand. | Leg dar, wie der Mond entstand. | Leg dar, wie der Mond entstand. |
| 592 | Wie bündelt das Auge Licht? | Wie bündelt das Auge Licht? | Wie bündelt das Auge Licht? |
| 593 | Höchste Baumart? | Höchste Baumart? | Höchste Baumart? |
| 594 | Moment, wer stellte die Theorie der Kontinentaldrift auf? | Moment, wer stellte die Theorie der Kontinentaldrift auf? | Moment, wer stellte die Theorie der Kontinentaldrift auf? |
| 595 | In welchem Jahr fand die islamische Revolution im Iran statt? | In welchem Jahr fand die islamische Revolution im Iran statt? | In welchem Jahr fand die islamische Revolution im Iran statt? |
| 596 | Wer erfand die elektrische Batterie? | Wer erfand die elektrische Batterie? | Wer erfand die elektrische Batterie? |
| 597 | Bestimme die Hauptstadt Armeniens genau. | Bestimme die Hauptstadt Armeniens genau. | Bestimme die Hauptstadt Armeniens genau. |

Guardado: algebra/runs/v9/alg_fr/nearest_token/nearest_token.json  algebra/runs/v9/alg_fr/nearest_token/nearest_token.md

################ D es
parche algebra/runs/v9/alg_es/lang_patch_best_train.pt  ||v|| 0.8632  ||e|| medio del vocab 1.0861  (ratio 0.795)
||v|| supera la norma de 2.6% de los tokens del vocabulario y de 0.9% de los tokens de las preguntas (mediana preguntas 1.1639)
held-out 112 filas (idx 588..699)  |  entradas ['prompt', 'prompt_de', 'prompt_fr']  |  tokens unicos 1465
sanity: vecino l2 de W[t] sin parche == t en 100.0%
gap (distancia al 2do vecino): mediana 0.959  p10 0.667  p90 1.208  |  ||v|| < gap/2 en 0.0%

vec       a  entrada     n_tok  cambia l2  cambia cos  destinos l2 mas frecuentes
--------------------------------------------------------------------------------------------------------------
v       0.5  prompt        844       0.0%        0.0%  
v       0.5  prompt_de    1287       0.0%        0.0%  
v       0.5  prompt_fr    1417       0.0%        0.0%  
v         1  prompt        844       0.0%        0.0%  
v         1  prompt_de    1287       0.0%        0.0%  
v         1  prompt_fr    1417       0.0%        0.0%  
v         2  prompt        844       0.0%        0.0%  
v         2  prompt_de    1287       0.0%        0.0%  
v         2  prompt_fr    1417       0.0%        0.0%  
v         4  prompt        844       0.0%        0.0%  
v         4  prompt_de    1287       0.0%        0.0%  
v         4  prompt_fr    1417       0.0%        0.0%  
v         8  prompt        844      18.7%       18.6%  ' memnun'x81, 'capital'x11, '\tdo'x9, 'who'x6, 'Country'x6
v         8  prompt_de    1287       8.0%        8.3%  ' memnun'x89, '软雅黑'x5, ' udál'x3, 'Ha'x1, 'Pen'x1
v         8  prompt_fr    1417       8.0%        7.6%  ' memnun'x83, ' PLUS'x13, '软雅黑'x8, '\tfor'x2, ' Atom'x1
rand    0.5  prompt        844       0.0%        0.0%  
rand    0.5  prompt_de    1287       0.0%        0.0%  
rand    0.5  prompt_fr    1417       0.0%        0.0%  
rand      1  prompt        844       0.0%        0.0%  
rand      1  prompt_de    1287       0.0%        0.0%  
rand      1  prompt_fr    1417       0.0%        0.0%  
rand      2  prompt        844       0.0%        0.0%  
rand      2  prompt_de    1287       0.0%        0.0%  
rand      2  prompt_fr    1417       0.0%        0.0%  
rand      4  prompt        844       0.0%        0.0%  
rand      4  prompt_de    1287       0.0%        0.0%  
rand      4  prompt_fr    1417       0.0%        0.0%  
rand      8  prompt        844       0.0%        0.0%  
rand      8  prompt_de    1287       0.0%        0.0%  
rand      8  prompt_fr    1417       0.0%        0.0%  

## prompt  (a=1, parche v)

| # | original | vecino l2 | vecino cos |
|---|---|---|---|
| 588 | What is the speed of light in vacuum in kilometers per second, rounded? | What is the speed of light in vacuum in kilometers per second, rounded? | What is the speed of light in vacuum in kilometers per second, rounded? |
| 589 | Who authored The Communist Manifesto? | Who authored The Communist Manifesto? | Who authored The Communist Manifesto? |
| 590 | Reveal the largest lake in South America. | Reveal the largest lake in South America. | Reveal the largest lake in South America. |
| 591 | Lay out how the Moon formed. | Lay out how the Moon formed. | Lay out how the Moon formed. |
| 592 | How does the eye focus light? | How does the eye focus light? | How does the eye focus light? |
| 593 | Tallest tree species? | Tallest tree species? | Tallest tree species? |
| 594 | Wait, who proposed continental drift? | Wait, who proposed continental drift? | Wait, who proposed continental drift? |
| 595 | In what year did the Islamic Revolution take place in Iran? | In what year did the Islamic Revolution take place in Iran? | In what year did the Islamic Revolution take place in Iran? |
| 596 | Who invented the electric battery? | Who invented the electric battery? | Who invented the electric battery? |
| 597 | Pinpoint the capital of Armenia. | Pinpoint the capital of Armenia. | Pinpoint the capital of Armenia. |

## prompt_de  (a=1, parche v)

| # | original | vecino l2 | vecino cos |
|---|---|---|---|
| 588 | Was ist die Geschwindigkeit des Lichts im Vakuum in Kilometern pro Sekunde, gerundet? | Was ist die Geschwindigkeit des Lichts im Vakuum in Kilometern pro Sekunde, gerundet? | Was ist die Geschwindigkeit des Lichts im Vakuum in Kilometern pro Sekunde, gerundet? |
| 589 | Wer verfasste das Kommunistische Manifest? | Wer verfasste das Kommunistische Manifest? | Wer verfasste das Kommunistische Manifest? |
| 590 | Verrate den größten See Südamerikas. | Verrate den größten See Südamerikas. | Verrate den größten See Südamerikas. |
| 591 | Leg dar, wie der Mond entstand. | Leg dar, wie der Mond entstand. | Leg dar, wie der Mond entstand. |
| 592 | Wie bündelt das Auge Licht? | Wie bündelt das Auge Licht? | Wie bündelt das Auge Licht? |
| 593 | Höchste Baumart? | Höchste Baumart? | Höchste Baumart? |
| 594 | Moment, wer stellte die Theorie der Kontinentaldrift auf? | Moment, wer stellte die Theorie der Kontinentaldrift auf? | Moment, wer stellte die Theorie der Kontinentaldrift auf? |
| 595 | In welchem Jahr fand die islamische Revolution im Iran statt? | In welchem Jahr fand die islamische Revolution im Iran statt? | In welchem Jahr fand die islamische Revolution im Iran statt? |
| 596 | Wer erfand die elektrische Batterie? | Wer erfand die elektrische Batterie? | Wer erfand die elektrische Batterie? |
| 597 | Bestimme die Hauptstadt Armeniens genau. | Bestimme die Hauptstadt Armeniens genau. | Bestimme die Hauptstadt Armeniens genau. |

## prompt_fr  (a=1, parche v)

| # | original | vecino l2 | vecino cos |
|---|---|---|---|
| 588 | Quelle est la vitesse de la lumière dans le vide en kilomètres par seconde, arrondie? | Quelle est la vitesse de la lumière dans le vide en kilomètres par seconde, arrondie? | Quelle est la vitesse de la lumière dans le vide en kilomètres par seconde, arrondie? |
| 589 | Qui a rédigé le Manifeste du parti communiste? | Qui a rédigé le Manifeste du parti communiste? | Qui a rédigé le Manifeste du parti communiste? |
| 590 | Révélez le plus grand lac d'Amérique du Sud. | Révélez le plus grand lac d'Amérique du Sud. | Révélez le plus grand lac d'Amérique du Sud. |
| 591 | Exposez la formation de la Lune. | Exposez la formation de la Lune. | Exposez la formation de la Lune. |
| 592 | Comment l'œil concentre-t-il la lumière? | Comment l'œil concentre-t-il la lumière? | Comment l'œil concentre-t-il la lumière? |
| 593 | Espèce d'arbre la plus haute? | Espèce d'arbre la plus haute? | Espèce d'arbre la plus haute? |
| 594 | Attends, qui a proposé la dérive des continents? | Attends, qui a proposé la dérive des continents? | Attends, qui a proposé la dérive des continents? |
| 595 | Quel an a eu lieu la révolution islamique en Iran? | Quel an a eu lieu la révolution islamique en Iran? | Quel an a eu lieu la révolution islamique en Iran? |
| 596 | Qui a inventé la pile électrique? | Qui a inventé la pile électrique? | Qui a inventé la pile électrique? |
| 597 | Situez la capitale de l'Arménie. | Situez la capitale de l'Arménie. | Situez la capitale de l'Arménie. |

Guardado: algebra/runs/v9/alg_es/nearest_token/nearest_token.json  algebra/runs/v9/alg_es/nearest_token/nearest_token.md

################ D de
parche algebra/runs/v9/alg_de/lang_patch_best_train.pt  ||v|| 0.9419  ||e|| medio del vocab 1.0861  (ratio 0.867)
||v|| supera la norma de 9.5% de los tokens del vocabulario y de 3.0% de los tokens de las preguntas (mediana preguntas 1.1611)
held-out 112 filas (idx 588..699)  |  entradas ['prompt', 'prompt_es', 'prompt_fr']  |  tokens unicos 1393
sanity: vecino l2 de W[t] sin parche == t en 100.0%
gap (distancia al 2do vecino): mediana 0.954  p10 0.669  p90 1.198  |  ||v|| < gap/2 en 0.0%

vec       a  entrada     n_tok  cambia l2  cambia cos  destinos l2 mas frecuentes
--------------------------------------------------------------------------------------------------------------
v       0.5  prompt        844       0.0%        0.0%  
v       0.5  prompt_es    1343       0.0%        0.0%  
v       0.5  prompt_fr    1417       0.0%        0.0%  
v         1  prompt        844       0.0%        0.0%  
v         1  prompt_es    1343       0.0%        0.0%  
v         1  prompt_fr    1417       0.0%        0.0%  
v         2  prompt        844       0.0%        0.0%  
v         2  prompt_es    1343       0.0%        0.0%  
v         2  prompt_fr    1417       0.0%        0.0%  
v         4  prompt        844       0.0%        0.0%  
v         4  prompt_es    1343       0.0%        0.0%  
v         4  prompt_fr    1417       0.0%        0.0%  
v         8  prompt        844       1.5%        1.8%  '-largest'x3, 'First'x3, ' SECOND'x1, ' Birth'x1, 'pen'x1
v         8  prompt_es    1343       1.0%        0.7%  'setBackground'x8, '软雅黑'x2, 'Los'x1, 'pen'x1, '\tcolor'x1
v         8  prompt_fr    1417       5.6%        5.7%  '\tauto'x69, 'setBackground'x10, 'CE'x1
rand    0.5  prompt        844       0.0%        0.0%  
rand    0.5  prompt_es    1343       0.0%        0.0%  
rand    0.5  prompt_fr    1417       0.0%        0.0%  
rand      1  prompt        844       0.0%        0.0%  
rand      1  prompt_es    1343       0.0%        0.0%  
rand      1  prompt_fr    1417       0.0%        0.0%  
rand      2  prompt        844       0.0%        0.0%  
rand      2  prompt_es    1343       0.0%        0.0%  
rand      2  prompt_fr    1417       0.0%        0.0%  
rand      4  prompt        844       0.0%        0.0%  
rand      4  prompt_es    1343       0.0%        0.0%  
rand      4  prompt_fr    1417       0.0%        0.0%  
rand      8  prompt        844       0.0%        0.0%  
rand      8  prompt_es    1343       0.1%        0.1%  'CharArray'x2
rand      8  prompt_fr    1417       0.0%        0.1%  

## prompt  (a=1, parche v)

| # | original | vecino l2 | vecino cos |
|---|---|---|---|
| 588 | What is the speed of light in vacuum in kilometers per second, rounded? | What is the speed of light in vacuum in kilometers per second, rounded? | What is the speed of light in vacuum in kilometers per second, rounded? |
| 589 | Who authored The Communist Manifesto? | Who authored The Communist Manifesto? | Who authored The Communist Manifesto? |
| 590 | Reveal the largest lake in South America. | Reveal the largest lake in South America. | Reveal the largest lake in South America. |
| 591 | Lay out how the Moon formed. | Lay out how the Moon formed. | Lay out how the Moon formed. |
| 592 | How does the eye focus light? | How does the eye focus light? | How does the eye focus light? |
| 593 | Tallest tree species? | Tallest tree species? | Tallest tree species? |
| 594 | Wait, who proposed continental drift? | Wait, who proposed continental drift? | Wait, who proposed continental drift? |
| 595 | In what year did the Islamic Revolution take place in Iran? | In what year did the Islamic Revolution take place in Iran? | In what year did the Islamic Revolution take place in Iran? |
| 596 | Who invented the electric battery? | Who invented the electric battery? | Who invented the electric battery? |
| 597 | Pinpoint the capital of Armenia. | Pinpoint the capital of Armenia. | Pinpoint the capital of Armenia. |

## prompt_es  (a=1, parche v)

| # | original | vecino l2 | vecino cos |
|---|---|---|---|
| 588 | ¿Cuál es la velocidad de la luz en vacío en kilómetros por segundo, redondeada? | ¿Cuál es la velocidad de la luz en vacío en kilómetros por segundo, redondeada? | ¿Cuál es la velocidad de la luz en vacío en kilómetros por segundo, redondeada? |
| 589 | ¿Quién escribió el Manifiesto comunista? | ¿Quién escribió el Manifiesto comunista? | ¿Quién escribió el Manifiesto comunista? |
| 590 | Revela el lago más grande de Sudamérica. | Revela el lago más grande de Sudamérica. | Revela el lago más grande de Sudamérica. |
| 591 | Expón cómo se formó la Luna. | Expón cómo se formó la Luna. | Expón cómo se formó la Luna. |
| 592 | ¿Cómo enfoca la luz el ojo? | ¿Cómo enfoca la luz el ojo? | ¿Cómo enfoca la luz el ojo? |
| 593 | ¿Especie de árbol más alta? | ¿Especie de árbol más alta? | ¿Especie de árbol más alta? |
| 594 | Espera, ¿quién propuso la deriva continental? | Espera, ¿quién propuso la deriva continental? | Espera, ¿quién propuso la deriva continental? |
| 595 | ¿En qué año tuvo lugar la Revolución Islámica en Irán? | ¿En qué año tuvo lugar la Revolución Islámica en Irán? | ¿En qué año tuvo lugar la Revolución Islámica en Irán? |
| 596 | ¿Quién inventó la pila eléctrica? | ¿Quién inventó la pila eléctrica? | ¿Quién inventó la pila eléctrica? |
| 597 | Ubica la capital de Armenia. | Ubica la capital de Armenia. | Ubica la capital de Armenia. |

## prompt_fr  (a=1, parche v)

| # | original | vecino l2 | vecino cos |
|---|---|---|---|
| 588 | Quelle est la vitesse de la lumière dans le vide en kilomètres par seconde, arrondie? | Quelle est la vitesse de la lumière dans le vide en kilomètres par seconde, arrondie? | Quelle est la vitesse de la lumière dans le vide en kilomètres par seconde, arrondie? |
| 589 | Qui a rédigé le Manifeste du parti communiste? | Qui a rédigé le Manifeste du parti communiste? | Qui a rédigé le Manifeste du parti communiste? |
| 590 | Révélez le plus grand lac d'Amérique du Sud. | Révélez le plus grand lac d'Amérique du Sud. | Révélez le plus grand lac d'Amérique du Sud. |
| 591 | Exposez la formation de la Lune. | Exposez la formation de la Lune. | Exposez la formation de la Lune. |
| 592 | Comment l'œil concentre-t-il la lumière? | Comment l'œil concentre-t-il la lumière? | Comment l'œil concentre-t-il la lumière? |
| 593 | Espèce d'arbre la plus haute? | Espèce d'arbre la plus haute? | Espèce d'arbre la plus haute? |
| 594 | Attends, qui a proposé la dérive des continents? | Attends, qui a proposé la dérive des continents? | Attends, qui a proposé la dérive des continents? |
| 595 | Quel an a eu lieu la révolution islamique en Iran? | Quel an a eu lieu la révolution islamique en Iran? | Quel an a eu lieu la révolution islamique en Iran? |
| 596 | Qui a inventé la pile électrique? | Qui a inventé la pile électrique? | Qui a inventé la pile électrique? |
| 597 | Situez la capitale de l'Arménie. | Situez la capitale de l'Arménie. | Situez la capitale de l'Arménie. |

Guardado: algebra/runs/v9/alg_de/nearest_token/nearest_token.json  algebra/runs/v9/alg_de/nearest_token/nearest_token.md
# Etapa D: chequeos sin generación

## Normas y cosenos

Referencia del paper: réplica de alg_fr con otro orden de batches = 0.49; dos direcciones al azar en d=3072 = ±0.018.

| vector | ‖v‖ | v9_fr | v8_fr | paper_fr | v9_es | v8_es | paper_es | v9_de | v8_de | paper_de |
|---|---|---|---|---|---|---|---|---|---|---|
| v9_fr | 0.844 | 1.00 | 0.58 | 0.25 | 0.26 | 0.27 | 0.15 | 0.19 | 0.19 | 0.11 |
| v8_fr | 0.871 | 0.58 | 1.00 | 0.25 | 0.30 | 0.31 | 0.14 | 0.20 | 0.20 | 0.12 |
| paper_fr | 0.842 | 0.25 | 0.25 | 1.00 | 0.17 | 0.17 | 0.25 | 0.14 | 0.14 | 0.19 |
| v9_es | 0.863 | 0.26 | 0.30 | 0.17 | 1.00 | 0.58 | 0.25 | 0.22 | 0.21 | 0.12 |
| v8_es | 0.901 | 0.27 | 0.31 | 0.17 | 0.58 | 1.00 | 0.25 | 0.22 | 0.22 | 0.14 |
| paper_es | 0.865 | 0.15 | 0.14 | 0.25 | 0.25 | 0.25 | 1.00 | 0.14 | 0.13 | 0.17 |
| v9_de | 0.942 | 0.19 | 0.20 | 0.14 | 0.22 | 0.22 | 0.14 | 1.00 | 0.63 | 0.28 |
| v8_de | 0.964 | 0.19 | 0.20 | 0.14 | 0.21 | 0.22 | 0.13 | 0.63 | 1.00 | 0.24 |
| paper_de | 0.849 | 0.11 | 0.12 | 0.19 | 0.12 | 0.14 | 0.17 | 0.28 | 0.24 | 1.00 |

Celda fr: ‖v‖ = 0.844; supera la norma del 1.9% del vocabulario y del 0.2% de los tokens de las preguntas; distancia mediana token-vecino 0.96.

Celda es: ‖v‖ = 0.863; supera la norma del 2.6% del vocabulario y del 0.9% de los tokens de las preguntas; distancia mediana token-vecino 0.96.

Celda de: ‖v‖ = 0.942; supera la norma del 9.5% del vocabulario y del 3.0% de los tokens de las preguntas; distancia mediana token-vecino 0.95.

## Token más cercano de e + α·v (§4.1)

| celda | α | entrada | tokens | % cambia (L2) | % cambia (coseno) |
|---|---|---|---|---|---|
| fr | 0.5 | en | 844 | 0 | 0 |
| fr | 0.5 | es | 1343 | 0 | 0 |
| fr | 0.5 | de | 1287 | 0 | 0 |
| fr | 1.0 | en | 844 | 0 | 0 |
| fr | 1.0 | es | 1343 | 0 | 0 |
| fr | 1.0 | de | 1287 | 0 | 0 |
| fr | 2.0 | en | 844 | 0 | 0 |
| fr | 2.0 | es | 1343 | 0 | 0 |
| fr | 2.0 | de | 1287 | 0 | 0 |
| fr | 4.0 | en | 844 | 0 | 0 |
| fr | 4.0 | es | 1343 | 0 | 0 |
| fr | 4.0 | de | 1287 | 0 | 0 |
| fr | 8.0 | en | 844 | 37 | 41 |
| fr | 8.0 | es | 1343 | 28 | 32 |
| fr | 8.0 | de | 1287 | 21 | 24 |
| es | 0.5 | en | 844 | 0 | 0 |
| es | 0.5 | de | 1287 | 0 | 0 |
| es | 0.5 | fr | 1417 | 0 | 0 |
| es | 1.0 | en | 844 | 0 | 0 |
| es | 1.0 | de | 1287 | 0 | 0 |
| es | 1.0 | fr | 1417 | 0 | 0 |
| es | 2.0 | en | 844 | 0 | 0 |
| es | 2.0 | de | 1287 | 0 | 0 |
| es | 2.0 | fr | 1417 | 0 | 0 |
| es | 4.0 | en | 844 | 0 | 0 |
| es | 4.0 | de | 1287 | 0 | 0 |
| es | 4.0 | fr | 1417 | 0 | 0 |
| es | 8.0 | en | 844 | 19 | 19 |
| es | 8.0 | de | 1287 | 8 | 8 |
| es | 8.0 | fr | 1417 | 8 | 8 |
| de | 0.5 | en | 844 | 0 | 0 |
| de | 0.5 | es | 1343 | 0 | 0 |
| de | 0.5 | fr | 1417 | 0 | 0 |
| de | 1.0 | en | 844 | 0 | 0 |
| de | 1.0 | es | 1343 | 0 | 0 |
| de | 1.0 | fr | 1417 | 0 | 0 |
| de | 2.0 | en | 844 | 0 | 0 |
| de | 2.0 | es | 1343 | 0 | 0 |
| de | 2.0 | fr | 1417 | 0 | 0 |
| de | 4.0 | en | 844 | 0 | 0 |
| de | 4.0 | es | 1343 | 0 | 0 |
| de | 4.0 | fr | 1417 | 0 | 0 |
| de | 8.0 | en | 844 | 2 | 2 |
| de | 8.0 | es | 1343 | 1 | 1 |
| de | 8.0 | fr | 1417 | 6 | 6 |


reporte: algebra/runs/v9/reportes/D.md

################ E resta
`torch_dtype` is deprecated! Use `dtype` instead!
Loading checkpoint shards:   0%|          | 0/2 [00:00<?, ?it/s]Loading checkpoint shards:  50%|█████     | 1/2 [00:01<00:01,  1.02s/it]Loading checkpoint shards: 100%|██████████| 2/2 [00:01<00:00,  1.65it/s]Loading checkpoint shards: 100%|██████████| 2/2 [00:01<00:00,  1.50it/s]
parche fr         norma 0.8437  forma (1, 1, 3072)  anchor goal_all
parche es         norma 0.8632  forma (1, 1, 3072)  anchor goal_all
parche de         norma 0.9419  forma (1, 1, 3072)  anchor goal_all
parche rand0_fr   norma 0.8437  forma (1, 1, 3072)  anchor goal_all
parche rand1_fr   norma 0.8437  forma (1, 1, 3072)  anchor goal_all
parche rand2_fr   norma 0.8437  forma (1, 1, 3072)  anchor goal_all
parche rand0_es   norma 0.8632  forma (1, 1, 3072)  anchor goal_all
parche rand1_es   norma 0.8632  forma (1, 1, 3072)  anchor goal_all
parche rand2_es   norma 0.8632  forma (1, 1, 3072)  anchor goal_all
parche rand0_de   norma 0.9419  forma (1, 1, 3072)  anchor goal_all
parche rand1_de   norma 0.9419  forma (1, 1, 3072)  anchor goal_all
parche rand2_de   norma 0.9419  forma (1, 1, 3072)  anchor goal_all
tail held-out 112  |  preset=resta
plain | prompt_fr:   0%|          | 0/112 [00:00<?, ?it/s][lang_id] GlotLID: /mnt/custom-file-systems/efs/fs-0ded2930a619aa967_fsap-0faa05c681ed1a8f3/papers/LLMAtaquesContinuos/modelos/glotlid/model.bin
plain | prompt_fr:   1%|          | 1/112 [00:01<02:26,  1.32s/it]plain | prompt_fr:   3%|▎         | 3/112 [00:01<00:42,  2.58it/s]plain | prompt_fr:   4%|▍         | 5/112 [00:01<00:24,  4.40it/s]plain | prompt_fr:   6%|▋         | 7/112 [00:01<00:16,  6.24it/s]plain | prompt_fr:   8%|▊         | 9/112 [00:01<00:12,  8.03it/s]plain | prompt_fr:  10%|▉         | 11/112 [00:01<00:10,  9.57it/s]plain | prompt_fr:  12%|█▏        | 13/112 [00:02<00:09, 10.68it/s]plain | prompt_fr:  13%|█▎        | 15/112 [00:02<00:08, 11.86it/s]plain | prompt_fr:  15%|█▌        | 17/112 [00:02<00:07, 12.83it/s]plain | prompt_fr:  17%|█▋        | 19/112 [00:02<00:07, 13.21it/s]plain | prompt_fr:  19%|█▉        | 21/112 [00:02<00:06, 13.63it/s]plain | prompt_fr:  21%|██        | 23/112 [00:02<00:06, 14.35it/s]plain | prompt_fr:  22%|██▏       | 25/112 [00:02<00:05, 14.52it/s]plain | prompt_fr:  24%|██▍       | 27/112 [00:03<00:05, 14.54it/s]plain | prompt_fr:  26%|██▌       | 29/112 [00:03<00:05, 15.12it/s]plain | prompt_fr:  28%|██▊       | 31/112 [00:03<00:05, 15.49it/s]plain | prompt_fr:  29%|██▉       | 33/112 [00:03<00:05, 14.95it/s]plain | prompt_fr:  31%|███▏      | 35/112 [00:03<00:05, 14.99it/s]plain | prompt_fr:  33%|███▎      | 37/112 [00:03<00:04, 15.16it/s]plain | prompt_fr:  35%|███▍      | 39/112 [00:03<00:04, 15.09it/s]plain | prompt_fr:  37%|███▋      | 41/112 [00:03<00:04, 14.99it/s]plain | prompt_fr:  38%|███▊      | 43/112 [00:04<00:04, 15.23it/s]plain | prompt_fr:  40%|████      | 45/112 [00:04<00:04, 15.24it/s]plain | prompt_fr:  42%|████▏     | 47/112 [00:04<00:04, 14.89it/s]plain | prompt_fr:  44%|████▍     | 49/112 [00:04<00:04, 14.96it/s]plain | prompt_fr:  46%|████▌     | 51/112 [00:04<00:03, 15.39it/s]plain | prompt_fr:  47%|████▋     | 53/112 [00:04<00:03, 15.30it/s]plain | prompt_fr:  49%|████▉     | 55/112 [00:04<00:03, 15.38it/s]plain | prompt_fr:  51%|█████     | 57/112 [00:05<00:03, 15.54it/s]plain | prompt_fr:  53%|█████▎    | 59/112 [00:05<00:03, 15.58it/s]plain | prompt_fr:  54%|█████▍    | 61/112 [00:05<00:03, 15.03it/s]plain | prompt_fr:  56%|█████▋    | 63/112 [00:05<00:03, 15.40it/s]plain | prompt_fr:  58%|█████▊    | 65/112 [00:05<00:02, 15.70it/s]plain | prompt_fr:  60%|█████▉    | 67/112 [00:05<00:02, 15.40it/s]plain | prompt_fr:  62%|██████▏   | 69/112 [00:05<00:02, 15.08it/s]plain | prompt_fr:  63%|██████▎   | 71/112 [00:05<00:02, 15.04it/s]plain | prompt_fr:  65%|██████▌   | 73/112 [00:06<00:02, 15.51it/s]plain | prompt_fr:  67%|██████▋   | 75/112 [00:06<00:02, 15.06it/s]plain | prompt_fr:  69%|██████▉   | 77/112 [00:06<00:02, 14.63it/s]plain | prompt_fr:  71%|███████   | 79/112 [00:06<00:02, 15.01it/s]plain | prompt_fr:  72%|███████▏  | 81/112 [00:06<00:02, 14.95it/s]plain | prompt_fr:  74%|███████▍  | 83/112 [00:06<00:01, 14.88it/s]plain | prompt_fr:  76%|███████▌  | 85/112 [00:06<00:01, 15.07it/s]plain | prompt_fr:  78%|███████▊  | 87/112 [00:07<00:01, 15.44it/s]plain | prompt_fr:  79%|███████▉  | 89/112 [00:07<00:01, 15.02it/s]plain | prompt_fr:  81%|████████▏ | 91/112 [00:07<00:01, 15.03it/s]plain | prompt_fr:  83%|████████▎ | 93/112 [00:07<00:01, 15.50it/s]plain | prompt_fr:  85%|████████▍ | 95/112 [00:07<00:01, 15.45it/s]plain | prompt_fr:  87%|████████▋ | 97/112 [00:07<00:01, 14.97it/s]plain | prompt_fr:  88%|████████▊ | 99/112 [00:07<00:00, 15.21it/s]plain | prompt_fr:  90%|█████████ | 101/112 [00:07<00:00, 15.48it/s]plain | prompt_fr:  92%|█████████▏| 103/112 [00:08<00:00, 14.84it/s]plain | prompt_fr:  94%|█████████▍| 105/112 [00:08<00:00, 14.78it/s]plain | prompt_fr:  96%|█████████▌| 107/112 [00:08<00:00, 15.35it/s]plain | prompt_fr:  97%|█████████▋| 109/112 [00:08<00:00, 15.29it/s]plain | prompt_fr:  99%|█████████▉| 111/112 [00:08<00:00, 14.81it/s]plain | prompt_fr: 100%|██████████| 112/112 [00:08<00:00, 12.93it/s]
plain | prompt_fr -1*fr:   0%|          | 0/112 [00:00<?, ?it/s]plain | prompt_fr -1*fr:   1%|          | 1/112 [00:03<06:38,  3.59s/it]plain | prompt_fr -1*fr:   2%|▏         | 2/112 [00:07<06:32,  3.57s/it]plain | prompt_fr -1*fr:   3%|▎         | 3/112 [00:08<04:47,  2.64s/it]plain | prompt_fr -1*fr:   4%|▎         | 4/112 [00:12<05:25,  3.02s/it]plain | prompt_fr -1*fr:   4%|▍         | 5/112 [00:13<04:01,  2.26s/it]plain | prompt_fr -1*fr:   5%|▌         | 6/112 [00:14<03:08,  1.78s/it]plain | prompt_fr -1*fr:   6%|▋         | 7/112 [00:14<02:38,  1.51s/it]plain | prompt_fr -1*fr:   7%|▋         | 8/112 [00:18<03:45,  2.16s/it]plain | prompt_fr -1*fr:   8%|▊         | 9/112 [00:22<04:28,  2.61s/it]plain | prompt_fr -1*fr:   9%|▉         | 10/112 [00:24<04:30,  2.65s/it]plain | prompt_fr -1*fr:  10%|▉         | 11/112 [00:28<04:56,  2.94s/it]plain | prompt_fr -1*fr:  11%|█         | 12/112 [00:32<05:12,  3.13s/it]plain | prompt_fr -1*fr:  12%|█▏        | 13/112 [00:33<04:18,  2.62s/it]plain | prompt_fr -1*fr:  12%|█▎        | 14/112 [00:36<04:14,  2.60s/it]plain | prompt_fr -1*fr:  13%|█▎        | 15/112 [00:39<04:39,  2.88s/it]plain | prompt_fr -1*fr:  14%|█▍        | 16/112 [00:43<04:56,  3.09s/it]plain | prompt_fr -1*fr:  15%|█▌        | 17/112 [00:46<05:08,  3.24s/it]plain | prompt_fr -1*fr:  16%|█▌        | 18/112 [00:47<04:01,  2.57s/it]plain | prompt_fr -1*fr:  17%|█▋        | 19/112 [00:48<03:19,  2.15s/it]plain | prompt_fr -1*fr:  18%|█▊        | 20/112 [00:52<03:57,  2.58s/it]plain | prompt_fr -1*fr:  19%|█▉        | 21/112 [00:56<04:21,  2.87s/it]plain | prompt_fr -1*fr:  20%|█▉        | 22/112 [00:56<03:15,  2.17s/it]plain | prompt_fr -1*fr:  21%|██        | 23/112 [00:57<02:33,  1.73s/it]plain | prompt_fr -1*fr:  21%|██▏       | 24/112 [00:58<02:10,  1.49s/it]plain | prompt_fr -1*fr:  22%|██▏       | 25/112 [00:59<02:02,  1.41s/it]plain | prompt_fr -1*fr:  23%|██▎       | 26/112 [01:03<02:57,  2.06s/it]plain | prompt_fr -1*fr:  24%|██▍       | 27/112 [01:04<02:27,  1.74s/it]plain | prompt_fr -1*fr:  25%|██▌       | 28/112 [01:06<02:46,  1.99s/it]plain | prompt_fr -1*fr:  26%|██▌       | 29/112 [01:07<02:22,  1.71s/it]plain | prompt_fr -1*fr:  27%|██▋       | 30/112 [01:11<03:06,  2.28s/it]plain | prompt_fr -1*fr:  28%|██▊       | 31/112 [01:14<03:35,  2.66s/it]plain | prompt_fr -1*fr:  29%|██▊       | 32/112 [01:17<03:34,  2.68s/it]plain | prompt_fr -1*fr:  29%|██▉       | 33/112 [01:19<03:03,  2.32s/it]plain | prompt_fr -1*fr:  30%|███       | 34/112 [01:20<02:46,  2.13s/it]plain | prompt_fr -1*fr:  31%|███▏      | 35/112 [01:24<03:17,  2.57s/it]plain | prompt_fr -1*fr:  32%|███▏      | 36/112 [01:27<03:38,  2.87s/it]plain | prompt_fr -1*fr:  33%|███▎      | 37/112 [01:30<03:37,  2.90s/it]plain | prompt_fr -1*fr:  34%|███▍      | 38/112 [01:32<02:58,  2.41s/it]plain | prompt_fr -1*fr:  35%|███▍      | 39/112 [01:33<02:39,  2.19s/it]plain | prompt_fr -1*fr:  36%|███▌      | 40/112 [01:34<02:00,  1.68s/it]plain | prompt_fr -1*fr:  37%|███▋      | 41/112 [01:37<02:37,  2.22s/it]plain | prompt_fr -1*fr:  38%|███▊      | 42/112 [01:38<02:09,  1.86s/it]plain | prompt_fr -1*fr:  38%|███▊      | 43/112 [01:39<01:47,  1.56s/it]plain | prompt_fr -1*fr:  39%|███▉      | 44/112 [01:40<01:34,  1.39s/it]plain | prompt_fr -1*fr:  40%|████      | 45/112 [01:44<02:16,  2.04s/it]plain | prompt_fr -1*fr:  41%|████      | 46/112 [01:45<02:05,  1.90s/it]plain | prompt_fr -1*fr:  42%|████▏     | 47/112 [01:46<01:47,  1.65s/it]plain | prompt_fr -1*fr:  43%|████▎     | 48/112 [01:47<01:34,  1.47s/it]plain | prompt_fr -1*fr:  44%|████▍     | 49/112 [01:48<01:24,  1.34s/it]plain | prompt_fr -1*fr:  45%|████▍     | 50/112 [01:51<01:53,  1.83s/it]plain | prompt_fr -1*fr:  46%|████▌     | 51/112 [01:55<02:18,  2.26s/it]plain | prompt_fr -1*fr:  46%|████▋     | 52/112 [01:58<02:39,  2.65s/it]plain | prompt_fr -1*fr:  47%|████▋     | 53/112 [02:00<02:17,  2.33s/it]plain | prompt_fr -1*fr:  48%|████▊     | 54/112 [02:01<01:51,  1.93s/it]plain | prompt_fr -1*fr:  49%|████▉     | 55/112 [02:01<01:29,  1.56s/it]plain | prompt_fr -1*fr:  50%|█████     | 56/112 [02:03<01:26,  1.54s/it]plain | prompt_fr -1*fr:  51%|█████     | 57/112 [02:05<01:29,  1.63s/it]plain | prompt_fr -1*fr:  52%|█████▏    | 58/112 [02:08<01:59,  2.21s/it]plain | prompt_fr -1*fr:  53%|█████▎    | 59/112 [02:11<02:00,  2.26s/it]plain | prompt_fr -1*fr:  54%|█████▎    | 60/112 [02:13<01:52,  2.17s/it]plain | prompt_fr -1*fr:  54%|█████▍    | 61/112 [02:16<02:06,  2.48s/it]plain | prompt_fr -1*fr:  55%|█████▌    | 62/112 [02:19<02:20,  2.80s/it]plain | prompt_fr -1*fr:  56%|█████▋    | 63/112 [02:22<02:10,  2.66s/it]plain | prompt_fr -1*fr:  57%|█████▋    | 64/112 [02:25<02:20,  2.93s/it]plain | prompt_fr -1*fr:  58%|█████▊    | 65/112 [02:29<02:26,  3.12s/it]plain | prompt_fr -1*fr:  59%|█████▉    | 66/112 [02:31<02:03,  2.68s/it]plain | prompt_fr -1*fr:  60%|█████▉    | 67/112 [02:33<01:57,  2.62s/it]plain | prompt_fr -1*fr:  61%|██████    | 68/112 [02:35<01:42,  2.32s/it]plain | prompt_fr -1*fr:  62%|██████▏   | 69/112 [02:35<01:18,  1.83s/it]plain | prompt_fr -1*fr:  62%|██████▎   | 70/112 [02:39<01:38,  2.35s/it]plain | prompt_fr -1*fr:  63%|██████▎   | 71/112 [02:42<01:51,  2.71s/it]plain | prompt_fr -1*fr:  64%|██████▍   | 72/112 [02:44<01:33,  2.33s/it]plain | prompt_fr -1*fr:  65%|██████▌   | 73/112 [02:45<01:20,  2.07s/it]plain | prompt_fr -1*fr:  66%|██████▌   | 74/112 [02:49<01:31,  2.42s/it]plain | prompt_fr -1*fr:  67%|██████▋   | 75/112 [02:52<01:41,  2.75s/it]plain | prompt_fr -1*fr:  68%|██████▊   | 76/112 [02:54<01:25,  2.36s/it]plain | prompt_fr -1*fr:  69%|██████▉   | 77/112 [02:57<01:35,  2.73s/it]plain | prompt_fr -1*fr:  70%|██████▉   | 78/112 [03:01<01:41,  2.98s/it]plain | prompt_fr -1*fr:  71%|███████   | 79/112 [03:04<01:44,  3.16s/it]plain | prompt_fr -1*fr:  71%|███████▏  | 80/112 [03:08<01:45,  3.29s/it]plain | prompt_fr -1*fr:  72%|███████▏  | 81/112 [03:12<01:44,  3.38s/it]plain | prompt_fr -1*fr:  73%|███████▎  | 82/112 [03:15<01:43,  3.44s/it]plain | prompt_fr -1*fr:  74%|███████▍  | 83/112 [03:16<01:15,  2.59s/it]plain | prompt_fr -1*fr:  75%|███████▌  | 84/112 [03:18<01:11,  2.55s/it]plain | prompt_fr -1*fr:  76%|███████▌  | 85/112 [03:22<01:17,  2.86s/it]plain | prompt_fr -1*fr:  77%|███████▋  | 86/112 [03:25<01:19,  3.07s/it]plain | prompt_fr -1*fr:  78%|███████▊  | 87/112 [03:27<01:05,  2.60s/it]plain | prompt_fr -1*fr:  79%|███████▊  | 88/112 [03:30<01:09,  2.88s/it]plain | prompt_fr -1*fr:  79%|███████▉  | 89/112 [03:31<00:53,  2.33s/it]plain | prompt_fr -1*fr:  80%|████████  | 90/112 [03:33<00:49,  2.26s/it]plain | prompt_fr -1*fr:  81%|████████▏ | 91/112 [03:37<00:55,  2.65s/it]plain | prompt_fr -1*fr:  82%|████████▏ | 92/112 [03:41<00:58,  2.92s/it]plain | prompt_fr -1*fr:  83%|████████▎ | 93/112 [03:44<00:58,  3.10s/it]plain | prompt_fr -1*fr:  84%|████████▍ | 94/112 [03:45<00:43,  2.43s/it]plain | prompt_fr -1*fr:  85%|████████▍ | 95/112 [03:47<00:41,  2.42s/it]plain | prompt_fr -1*fr:  86%|████████▌ | 96/112 [03:48<00:31,  1.99s/it]plain | prompt_fr -1*fr:  87%|████████▋ | 97/112 [03:51<00:31,  2.08s/it]plain | prompt_fr -1*fr:  88%|████████▊ | 98/112 [03:53<00:30,  2.16s/it]plain | prompt_fr -1*fr:  88%|████████▊ | 99/112 [03:56<00:29,  2.28s/it]plain | prompt_fr -1*fr:  89%|████████▉ | 100/112 [03:57<00:23,  1.97s/it]plain | prompt_fr -1*fr:  90%|█████████ | 101/112 [03:59<00:21,  1.96s/it]plain | prompt_fr -1*fr:  91%|█████████ | 102/112 [04:00<00:16,  1.60s/it]plain | prompt_fr -1*fr:  92%|█████████▏| 103/112 [04:03<00:19,  2.19s/it]plain | prompt_fr -1*fr:  93%|█████████▎| 104/112 [04:04<00:15,  1.91s/it]plain | prompt_fr -1*fr:  94%|█████████▍| 105/112 [04:07<00:15,  2.17s/it]plain | prompt_fr -1*fr:  95%|█████████▍| 106/112 [04:08<00:10,  1.73s/it]plain | prompt_fr -1*fr:  96%|█████████▌| 107/112 [04:11<00:11,  2.29s/it]plain | prompt_fr -1*fr:  96%|█████████▋| 108/112 [04:14<00:09,  2.32s/it]plain | prompt_fr -1*fr:  97%|█████████▋| 109/112 [04:17<00:08,  2.70s/it]plain | prompt_fr -1*fr:  98%|█████████▊| 110/112 [04:18<00:04,  2.21s/it]plain | prompt_fr -1*fr:  99%|█████████▉| 111/112 [04:22<00:02,  2.62s/it]plain | prompt_fr -1*fr: 100%|██████████| 112/112 [04:25<00:00,  2.86s/it]plain | prompt_fr -1*fr: 100%|██████████| 112/112 [04:25<00:00,  2.37s/it]
plain | prompt_fr -1*es:   0%|          | 0/112 [00:00<?, ?it/s]plain | prompt_fr -1*es:   1%|          | 1/112 [00:03<06:33,  3.54s/it]plain | prompt_fr -1*es:   2%|▏         | 2/112 [00:06<06:18,  3.44s/it]plain | prompt_fr -1*es:   3%|▎         | 3/112 [00:10<06:19,  3.48s/it]plain | prompt_fr -1*es:   4%|▎         | 4/112 [00:11<04:29,  2.49s/it]plain | prompt_fr -1*es:   4%|▍         | 5/112 [00:12<03:29,  1.96s/it]plain | prompt_fr -1*es:   5%|▌         | 6/112 [00:13<02:48,  1.59s/it]plain | prompt_fr -1*es:   6%|▋         | 7/112 [00:16<03:53,  2.22s/it]plain | prompt_fr -1*es:   7%|▋         | 8/112 [00:20<04:25,  2.55s/it]plain | prompt_fr -1*es:   8%|▊         | 9/112 [00:23<04:54,  2.86s/it]plain | prompt_fr -1*es:   9%|▉         | 10/112 [00:25<04:08,  2.43s/it]plain | prompt_fr -1*es:  10%|▉         | 11/112 [00:26<03:24,  2.02s/it]plain | prompt_fr -1*es:  11%|█         | 12/112 [00:29<04:08,  2.49s/it]plain | prompt_fr -1*es:  12%|█▏        | 13/112 [00:33<04:39,  2.82s/it]plain | prompt_fr -1*es:  12%|█▎        | 14/112 [00:34<03:42,  2.27s/it]plain | prompt_fr -1*es:  13%|█▎        | 15/112 [00:35<03:16,  2.02s/it]plain | prompt_fr -1*es:  14%|█▍        | 16/112 [00:39<03:59,  2.49s/it]plain | prompt_fr -1*es:  15%|█▌        | 17/112 [00:40<03:07,  1.97s/it]plain | prompt_fr -1*es:  16%|█▌        | 18/112 [00:43<03:51,  2.46s/it]plain | prompt_fr -1*es:  17%|█▋        | 19/112 [00:47<04:20,  2.80s/it]plain | prompt_fr -1*es:  18%|█▊        | 20/112 [00:48<03:23,  2.21s/it]plain | prompt_fr -1*es:  19%|█▉        | 21/112 [00:51<03:58,  2.62s/it]plain | prompt_fr -1*es:  20%|█▉        | 22/112 [00:52<02:59,  2.00s/it]plain | prompt_fr -1*es:  21%|██        | 23/112 [00:55<03:39,  2.46s/it]plain | prompt_fr -1*es:  21%|██▏       | 24/112 [00:56<02:48,  1.91s/it]plain | prompt_fr -1*es:  22%|██▏       | 25/112 [00:59<03:29,  2.40s/it]plain | prompt_fr -1*es:  23%|██▎       | 26/112 [01:03<03:46,  2.64s/it]plain | prompt_fr -1*es:  24%|██▍       | 27/112 [01:06<04:06,  2.90s/it]plain | prompt_fr -1*es:  25%|██▌       | 28/112 [01:07<03:12,  2.30s/it]plain | prompt_fr -1*es:  26%|██▌       | 29/112 [01:11<03:40,  2.66s/it]plain | prompt_fr -1*es:  27%|██▋       | 30/112 [01:14<03:59,  2.93s/it]plain | prompt_fr -1*es:  28%|██▊       | 31/112 [01:15<03:11,  2.36s/it]plain | prompt_fr -1*es:  29%|██▊       | 32/112 [01:19<03:37,  2.72s/it]plain | prompt_fr -1*es:  29%|██▉       | 33/112 [01:21<03:27,  2.62s/it]plain | prompt_fr -1*es:  30%|███       | 34/112 [01:22<02:46,  2.14s/it]plain | prompt_fr -1*es:  31%|███▏      | 35/112 [01:26<03:18,  2.57s/it]plain | prompt_fr -1*es:  32%|███▏      | 36/112 [01:29<03:37,  2.86s/it]plain | prompt_fr -1*es:  33%|███▎      | 37/112 [01:30<02:51,  2.29s/it]plain | prompt_fr -1*es:  34%|███▍      | 38/112 [01:34<03:17,  2.66s/it]plain | prompt_fr -1*es:  35%|███▍      | 39/112 [01:37<03:33,  2.93s/it]plain | prompt_fr -1*es:  36%|███▌      | 40/112 [01:39<02:55,  2.43s/it]plain | prompt_fr -1*es:  37%|███▋      | 41/112 [01:42<03:17,  2.78s/it]plain | prompt_fr -1*es:  38%|███▊      | 42/112 [01:46<03:30,  3.01s/it]plain | prompt_fr -1*es:  38%|███▊      | 43/112 [01:47<02:43,  2.37s/it]plain | prompt_fr -1*es:  39%|███▉      | 44/112 [01:48<02:18,  2.04s/it]plain | prompt_fr -1*es:  40%|████      | 45/112 [01:49<01:51,  1.66s/it]plain | prompt_fr -1*es:  41%|████      | 46/112 [01:51<02:01,  1.83s/it]plain | prompt_fr -1*es:  42%|████▏     | 47/112 [01:54<02:32,  2.35s/it]plain | prompt_fr -1*es:  43%|████▎     | 48/112 [01:58<02:52,  2.70s/it]plain | prompt_fr -1*es:  44%|████▍     | 49/112 [01:59<02:18,  2.20s/it]plain | prompt_fr -1*es:  45%|████▍     | 50/112 [02:00<01:55,  1.86s/it]plain | prompt_fr -1*es:  46%|████▌     | 51/112 [02:04<02:24,  2.37s/it]plain | prompt_fr -1*es:  46%|████▋     | 52/112 [02:04<01:50,  1.83s/it]plain | prompt_fr -1*es:  47%|████▋     | 53/112 [02:05<01:34,  1.60s/it]plain | prompt_fr -1*es:  48%|████▊     | 54/112 [02:09<02:02,  2.11s/it]plain | prompt_fr -1*es:  49%|████▉     | 55/112 [02:12<02:18,  2.43s/it]plain | prompt_fr -1*es:  50%|█████     | 56/112 [02:15<02:34,  2.77s/it]plain | prompt_fr -1*es:  51%|█████     | 57/112 [02:16<01:52,  2.05s/it]plain | prompt_fr -1*es:  52%|█████▏    | 58/112 [02:19<02:15,  2.51s/it]plain | prompt_fr -1*es:  53%|█████▎    | 59/112 [02:23<02:30,  2.83s/it]plain | prompt_fr -1*es:  54%|█████▎    | 60/112 [02:26<02:38,  3.05s/it]plain | prompt_fr -1*es:  54%|█████▍    | 61/112 [02:30<02:43,  3.20s/it]plain | prompt_fr -1*es:  55%|█████▌    | 62/112 [02:31<02:01,  2.43s/it]plain | prompt_fr -1*es:  56%|█████▋    | 63/112 [02:34<02:15,  2.77s/it]plain | prompt_fr -1*es:  57%|█████▋    | 64/112 [02:38<02:24,  3.01s/it]plain | prompt_fr -1*es:  58%|█████▊    | 65/112 [02:41<02:29,  3.18s/it]plain | prompt_fr -1*es:  59%|█████▉    | 66/112 [02:44<02:14,  2.92s/it]plain | prompt_fr -1*es:  60%|█████▉    | 67/112 [02:46<02:10,  2.90s/it]plain | prompt_fr -1*es:  61%|██████    | 68/112 [02:47<01:42,  2.32s/it]plain | prompt_fr -1*es:  62%|██████▏   | 69/112 [02:49<01:28,  2.05s/it]plain | prompt_fr -1*es:  62%|██████▎   | 70/112 [02:52<01:44,  2.49s/it]plain | prompt_fr -1*es:  63%|██████▎   | 71/112 [02:56<01:54,  2.80s/it]plain | prompt_fr -1*es:  64%|██████▍   | 72/112 [02:59<02:00,  3.01s/it]plain | prompt_fr -1*es:  65%|██████▌   | 73/112 [03:01<01:44,  2.68s/it]plain | prompt_fr -1*es:  66%|██████▌   | 74/112 [03:03<01:35,  2.50s/it]plain | prompt_fr -1*es:  67%|██████▋   | 75/112 [03:04<01:14,  2.00s/it]plain | prompt_fr -1*es:  68%|██████▊   | 76/112 [03:07<01:18,  2.17s/it]plain | prompt_fr -1*es:  69%|██████▉   | 77/112 [03:10<01:30,  2.59s/it]plain | prompt_fr -1*es:  70%|██████▉   | 78/112 [03:14<01:38,  2.90s/it]plain | prompt_fr -1*es:  71%|███████   | 79/112 [03:18<01:42,  3.10s/it]plain | prompt_fr -1*es:  71%|███████▏  | 80/112 [03:19<01:28,  2.75s/it]plain | prompt_fr -1*es:  72%|███████▏  | 81/112 [03:23<01:32,  3.00s/it]plain | prompt_fr -1*es:  73%|███████▎  | 82/112 [03:27<01:35,  3.17s/it]plain | prompt_fr -1*es:  74%|███████▍  | 83/112 [03:29<01:22,  2.83s/it]plain | prompt_fr -1*es:  75%|███████▌  | 84/112 [03:31<01:14,  2.67s/it]plain | prompt_fr -1*es:  76%|███████▌  | 85/112 [03:35<01:19,  2.94s/it]plain | prompt_fr -1*es:  77%|███████▋  | 86/112 [03:38<01:21,  3.13s/it]plain | prompt_fr -1*es:  78%|███████▊  | 87/112 [03:40<01:06,  2.67s/it]plain | prompt_fr -1*es:  79%|███████▊  | 88/112 [03:43<01:10,  2.94s/it]plain | prompt_fr -1*es:  79%|███████▉  | 89/112 [03:44<00:55,  2.41s/it]plain | prompt_fr -1*es:  80%|████████  | 90/112 [03:45<00:42,  1.94s/it]plain | prompt_fr -1*es:  81%|████████▏ | 91/112 [03:49<00:51,  2.44s/it]plain | prompt_fr -1*es:  82%|████████▏ | 92/112 [03:52<00:55,  2.78s/it]plain | prompt_fr -1*es:  83%|████████▎ | 93/112 [03:56<00:57,  3.01s/it]plain | prompt_fr -1*es:  84%|████████▍ | 94/112 [03:58<00:47,  2.63s/it]plain | prompt_fr -1*es:  85%|████████▍ | 95/112 [04:01<00:49,  2.91s/it]plain | prompt_fr -1*es:  86%|████████▌ | 96/112 [04:05<00:49,  3.12s/it]plain | prompt_fr -1*es:  87%|████████▋ | 97/112 [04:05<00:35,  2.35s/it]plain | prompt_fr -1*es:  88%|████████▊ | 98/112 [04:09<00:38,  2.72s/it]plain | prompt_fr -1*es:  88%|████████▊ | 99/112 [04:13<00:38,  2.98s/it]plain | prompt_fr -1*es:  89%|████████▉ | 100/112 [04:16<00:37,  3.15s/it]plain | prompt_fr -1*es:  90%|█████████ | 101/112 [04:17<00:27,  2.46s/it]plain | prompt_fr -1*es:  91%|█████████ | 102/112 [04:18<00:20,  2.03s/it]plain | prompt_fr -1*es:  92%|█████████▏| 103/112 [04:18<00:13,  1.51s/it]plain | prompt_fr -1*es:  93%|█████████▎| 104/112 [04:19<00:10,  1.37s/it]plain | prompt_fr -1*es:  94%|█████████▍| 105/112 [04:20<00:08,  1.25s/it]plain | prompt_fr -1*es:  95%|█████████▍| 106/112 [04:24<00:11,  1.94s/it]plain | prompt_fr -1*es:  96%|█████████▌| 107/112 [04:27<00:12,  2.42s/it]plain | prompt_fr -1*es:  96%|█████████▋| 108/112 [04:29<00:08,  2.12s/it]plain | prompt_fr -1*es:  97%|█████████▋| 109/112 [04:32<00:07,  2.55s/it]plain | prompt_fr -1*es:  98%|█████████▊| 110/112 [04:33<00:04,  2.10s/it]plain | prompt_fr -1*es:  99%|█████████▉| 111/112 [04:37<00:02,  2.54s/it]plain | prompt_fr -1*es: 100%|██████████| 112/112 [04:41<00:00,  2.85s/it]plain | prompt_fr -1*es: 100%|██████████| 112/112 [04:41<00:00,  2.51s/it]
plain | prompt_fr -1*de:   0%|          | 0/112 [00:00<?, ?it/s]plain | prompt_fr -1*de:   1%|          | 1/112 [00:03<06:38,  3.59s/it]plain | prompt_fr -1*de:   2%|▏         | 2/112 [00:07<06:34,  3.58s/it]plain | prompt_fr -1*de:   3%|▎         | 3/112 [00:09<05:28,  3.01s/it]plain | prompt_fr -1*de:   4%|▎         | 4/112 [00:10<03:58,  2.21s/it]plain | prompt_fr -1*de:   4%|▍         | 5/112 [00:14<04:49,  2.71s/it]plain | prompt_fr -1*de:   5%|▌         | 6/112 [00:15<03:44,  2.11s/it]plain | prompt_fr -1*de:   6%|▋         | 7/112 [00:18<04:31,  2.59s/it]plain | prompt_fr -1*de:   7%|▋         | 8/112 [00:22<05:01,  2.90s/it]plain | prompt_fr -1*de:   8%|▊         | 9/112 [00:25<05:19,  3.11s/it]plain | prompt_fr -1*de:   9%|▉         | 10/112 [00:26<04:09,  2.44s/it]plain | prompt_fr -1*de:  10%|▉         | 11/112 [00:30<04:41,  2.78s/it]plain | prompt_fr -1*de:  11%|█         | 12/112 [00:33<05:02,  3.03s/it]plain | prompt_fr -1*de:  12%|█▏        | 13/112 [00:35<04:14,  2.57s/it]plain | prompt_fr -1*de:  12%|█▎        | 14/112 [00:36<03:24,  2.09s/it]plain | prompt_fr -1*de:  13%|█▎        | 15/112 [00:37<02:45,  1.71s/it]plain | prompt_fr -1*de:  14%|█▍        | 16/112 [00:38<02:37,  1.64s/it]plain | prompt_fr -1*de:  15%|█▌        | 17/112 [00:39<02:16,  1.44s/it]plain | prompt_fr -1*de:  16%|█▌        | 18/112 [00:43<03:15,  2.08s/it]plain | prompt_fr -1*de:  17%|█▋        | 19/112 [00:44<02:42,  1.75s/it]plain | prompt_fr -1*de:  18%|█▊        | 20/112 [00:45<02:22,  1.55s/it]plain | prompt_fr -1*de:  19%|█▉        | 21/112 [00:48<03:15,  2.15s/it]plain | prompt_fr -1*de:  20%|█▉        | 22/112 [00:49<02:23,  1.60s/it]plain | prompt_fr -1*de:  21%|██        | 23/112 [00:52<03:14,  2.18s/it]plain | prompt_fr -1*de:  21%|██▏       | 24/112 [00:53<02:41,  1.84s/it]plain | prompt_fr -1*de:  22%|██▏       | 25/112 [00:54<02:24,  1.66s/it]plain | prompt_fr -1*de:  23%|██▎       | 26/112 [00:58<03:11,  2.22s/it]plain | prompt_fr -1*de:  24%|██▍       | 27/112 [01:02<03:42,  2.62s/it]plain | prompt_fr -1*de:  25%|██▌       | 28/112 [01:04<03:35,  2.56s/it]plain | prompt_fr -1*de:  26%|██▌       | 29/112 [01:08<03:58,  2.87s/it]plain | prompt_fr -1*de:  27%|██▋       | 30/112 [01:11<04:12,  3.08s/it]plain | prompt_fr -1*de:  28%|██▊       | 31/112 [01:12<03:23,  2.51s/it]plain | prompt_fr -1*de:  29%|██▊       | 32/112 [01:13<02:41,  2.02s/it]plain | prompt_fr -1*de:  29%|██▉       | 33/112 [01:17<03:16,  2.48s/it]plain | prompt_fr -1*de:  30%|███       | 34/112 [01:18<02:38,  2.03s/it]plain | prompt_fr -1*de:  31%|███▏      | 35/112 [01:19<02:15,  1.76s/it]plain | prompt_fr -1*de:  32%|███▏      | 36/112 [01:22<02:54,  2.30s/it]plain | prompt_fr -1*de:  33%|███▎      | 37/112 [01:26<03:21,  2.68s/it]plain | prompt_fr -1*de:  34%|███▍      | 38/112 [01:27<02:39,  2.16s/it]plain | prompt_fr -1*de:  35%|███▍      | 39/112 [01:30<03:08,  2.58s/it]plain | prompt_fr -1*de:  36%|███▌      | 40/112 [01:31<02:31,  2.11s/it]plain | prompt_fr -1*de:  37%|███▋      | 41/112 [01:35<03:00,  2.55s/it]plain | prompt_fr -1*de:  38%|███▊      | 42/112 [01:36<02:25,  2.08s/it]plain | prompt_fr -1*de:  38%|███▊      | 43/112 [01:37<01:58,  1.72s/it]plain | prompt_fr -1*de:  39%|███▉      | 44/112 [01:41<02:35,  2.28s/it]plain | prompt_fr -1*de:  40%|████      | 45/112 [01:42<02:12,  1.98s/it]plain | prompt_fr -1*de:  41%|████      | 46/112 [01:44<02:16,  2.07s/it]plain | prompt_fr -1*de:  42%|████▏     | 47/112 [01:48<02:43,  2.52s/it]plain | prompt_fr -1*de:  43%|████▎     | 48/112 [01:49<02:22,  2.23s/it]plain | prompt_fr -1*de:  44%|████▍     | 49/112 [01:51<02:19,  2.21s/it]plain | prompt_fr -1*de:  45%|████▍     | 50/112 [01:52<01:55,  1.86s/it]plain | prompt_fr -1*de:  46%|████▌     | 51/112 [01:53<01:39,  1.62s/it]plain | prompt_fr -1*de:  46%|████▋     | 52/112 [01:54<01:25,  1.42s/it]plain | prompt_fr -1*de:  47%|████▋     | 53/112 [01:56<01:26,  1.47s/it]plain | prompt_fr -1*de:  48%|████▊     | 54/112 [01:58<01:42,  1.77s/it]plain | prompt_fr -1*de:  49%|████▉     | 55/112 [02:00<01:38,  1.72s/it]plain | prompt_fr -1*de:  50%|█████     | 56/112 [02:04<02:07,  2.27s/it]plain | prompt_fr -1*de:  51%|█████     | 57/112 [02:05<01:56,  2.11s/it]plain | prompt_fr -1*de:  52%|█████▏    | 58/112 [02:09<02:17,  2.55s/it]plain | prompt_fr -1*de:  53%|█████▎    | 59/112 [02:10<01:50,  2.09s/it]plain | prompt_fr -1*de:  54%|█████▎    | 60/112 [02:13<02:06,  2.44s/it]plain | prompt_fr -1*de:  54%|█████▍    | 61/112 [02:17<02:21,  2.78s/it]plain | prompt_fr -1*de:  55%|█████▌    | 62/112 [02:19<02:07,  2.54s/it]plain | prompt_fr -1*de:  56%|█████▋    | 63/112 [02:22<02:19,  2.85s/it]plain | prompt_fr -1*de:  57%|█████▋    | 64/112 [02:26<02:27,  3.07s/it]plain | prompt_fr -1*de:  58%|█████▊    | 65/112 [02:27<01:56,  2.47s/it]plain | prompt_fr -1*de:  59%|█████▉    | 66/112 [02:28<01:29,  1.94s/it]plain | prompt_fr -1*de:  60%|█████▉    | 67/112 [02:31<01:44,  2.32s/it]plain | prompt_fr -1*de:  61%|██████    | 68/112 [02:32<01:26,  1.97s/it]plain | prompt_fr -1*de:  62%|██████▏   | 69/112 [02:33<01:06,  1.54s/it]plain | prompt_fr -1*de:  62%|██████▎   | 70/112 [02:36<01:30,  2.15s/it]plain | prompt_fr -1*de:  63%|██████▎   | 71/112 [02:37<01:15,  1.83s/it]plain | prompt_fr -1*de:  64%|██████▍   | 72/112 [02:41<01:34,  2.35s/it]plain | prompt_fr -1*de:  65%|██████▌   | 73/112 [02:42<01:15,  1.93s/it]plain | prompt_fr -1*de:  66%|██████▌   | 74/112 [02:44<01:22,  2.17s/it]plain | prompt_fr -1*de:  67%|██████▋   | 75/112 [02:45<01:05,  1.77s/it]plain | prompt_fr -1*de:  68%|██████▊   | 76/112 [02:46<00:53,  1.50s/it]plain | prompt_fr -1*de:  69%|██████▉   | 77/112 [02:50<01:14,  2.12s/it]plain | prompt_fr -1*de:  70%|██████▉   | 78/112 [02:53<01:26,  2.54s/it]plain | prompt_fr -1*de:  71%|███████   | 79/112 [02:57<01:33,  2.84s/it]plain | prompt_fr -1*de:  71%|███████▏  | 80/112 [02:58<01:12,  2.28s/it]plain | prompt_fr -1*de:  72%|███████▏  | 81/112 [02:59<01:01,  1.98s/it]plain | prompt_fr -1*de:  73%|███████▎  | 82/112 [02:59<00:45,  1.51s/it]plain | prompt_fr -1*de:  74%|███████▍  | 83/112 [03:00<00:38,  1.34s/it]plain | prompt_fr -1*de:  75%|███████▌  | 84/112 [03:04<00:56,  2.01s/it]plain | prompt_fr -1*de:  76%|███████▌  | 85/112 [03:08<01:06,  2.48s/it]plain | prompt_fr -1*de:  77%|███████▋  | 86/112 [03:11<01:12,  2.80s/it]plain | prompt_fr -1*de:  78%|███████▊  | 87/112 [03:15<01:15,  3.03s/it]plain | prompt_fr -1*de:  79%|███████▊  | 88/112 [03:18<01:16,  3.19s/it]plain | prompt_fr -1*de:  79%|███████▉  | 89/112 [03:20<01:01,  2.67s/it]plain | prompt_fr -1*de:  80%|████████  | 90/112 [03:21<00:47,  2.17s/it]plain | prompt_fr -1*de:  81%|████████▏ | 91/112 [03:24<00:54,  2.59s/it]plain | prompt_fr -1*de:  82%|████████▏ | 92/112 [03:28<00:57,  2.87s/it]plain | prompt_fr -1*de:  83%|████████▎ | 93/112 [03:31<00:53,  2.82s/it]plain | prompt_fr -1*de:  84%|████████▍ | 94/112 [03:34<00:54,  3.03s/it]plain | prompt_fr -1*de:  85%|████████▍ | 95/112 [03:35<00:42,  2.49s/it]plain | prompt_fr -1*de:  86%|████████▌ | 96/112 [03:37<00:37,  2.34s/it]plain | prompt_fr -1*de:  87%|████████▋ | 97/112 [03:38<00:27,  1.80s/it]plain | prompt_fr -1*de:  88%|████████▊ | 98/112 [03:41<00:30,  2.15s/it]plain | prompt_fr -1*de:  88%|████████▊ | 99/112 [03:42<00:25,  1.97s/it]plain | prompt_fr -1*de:  89%|████████▉ | 100/112 [03:46<00:28,  2.37s/it]plain | prompt_fr -1*de:  90%|█████████ | 101/112 [03:46<00:20,  1.88s/it]plain | prompt_fr -1*de:  91%|█████████ | 102/112 [03:47<00:16,  1.62s/it]plain | prompt_fr -1*de:  92%|█████████▏| 103/112 [03:51<00:19,  2.21s/it]plain | prompt_fr -1*de:  93%|█████████▎| 104/112 [03:53<00:16,  2.02s/it]plain | prompt_fr -1*de:  94%|█████████▍| 105/112 [03:53<00:11,  1.69s/it]plain | prompt_fr -1*de:  95%|█████████▍| 106/112 [03:54<00:07,  1.30s/it]plain | prompt_fr -1*de:  96%|█████████▌| 107/112 [03:57<00:09,  1.99s/it]plain | prompt_fr -1*de:  96%|█████████▋| 108/112 [03:58<00:06,  1.62s/it]plain | prompt_fr -1*de:  97%|█████████▋| 109/112 [04:02<00:06,  2.20s/it]plain | prompt_fr -1*de:  98%|█████████▊| 110/112 [04:03<00:03,  1.87s/it]plain | prompt_fr -1*de:  99%|█████████▉| 111/112 [04:06<00:02,  2.38s/it]plain | prompt_fr -1*de: 100%|██████████| 112/112 [04:08<00:00,  2.07s/it]plain | prompt_fr -1*de: 100%|██████████| 112/112 [04:08<00:00,  2.22s/it]
plain | prompt_fr -1*rand0_fr:   0%|          | 0/112 [00:00<?, ?it/s]plain | prompt_fr -1*rand0_fr:   1%|          | 1/112 [00:03<06:38,  3.59s/it]plain | prompt_fr -1*rand0_fr:   2%|▏         | 2/112 [00:07<06:35,  3.59s/it]plain | prompt_fr -1*rand0_fr:   3%|▎         | 3/112 [00:10<06:30,  3.58s/it]plain | prompt_fr -1*rand0_fr:   4%|▎         | 4/112 [00:14<06:26,  3.58s/it]plain | prompt_fr -1*rand0_fr:   4%|▍         | 5/112 [00:17<06:23,  3.58s/it]plain | prompt_fr -1*rand0_fr:   5%|▌         | 6/112 [00:21<06:19,  3.58s/it]plain | prompt_fr -1*rand0_fr:   6%|▋         | 7/112 [00:25<06:15,  3.58s/it]plain | prompt_fr -1*rand0_fr:   7%|▋         | 8/112 [00:28<06:12,  3.58s/it]plain | prompt_fr -1*rand0_fr:   8%|▊         | 9/112 [00:32<06:08,  3.58s/it]plain | prompt_fr -1*rand0_fr:   9%|▉         | 10/112 [00:35<06:05,  3.58s/it]plain | prompt_fr -1*rand0_fr:  10%|▉         | 11/112 [00:39<06:02,  3.59s/it]plain | prompt_fr -1*rand0_fr:  11%|█         | 12/112 [00:42<05:57,  3.58s/it]plain | prompt_fr -1*rand0_fr:  12%|█▏        | 13/112 [00:44<04:43,  2.87s/it]plain | prompt_fr -1*rand0_fr:  12%|█▎        | 14/112 [00:47<05:02,  3.08s/it]plain | prompt_fr -1*rand0_fr:  13%|█▎        | 15/112 [00:48<03:38,  2.26s/it]plain | prompt_fr -1*rand0_fr:  14%|█▍        | 16/112 [00:48<02:48,  1.75s/it]plain | prompt_fr -1*rand0_fr:  15%|█▌        | 17/112 [00:52<03:39,  2.31s/it]plain | prompt_fr -1*rand0_fr:  16%|█▌        | 18/112 [00:55<04:13,  2.70s/it]plain | prompt_fr -1*rand0_fr:  17%|█▋        | 19/112 [00:59<04:36,  2.97s/it]plain | prompt_fr -1*rand0_fr:  18%|█▊        | 20/112 [01:03<04:50,  3.15s/it]plain | prompt_fr -1*rand0_fr:  19%|█▉        | 21/112 [01:06<04:58,  3.28s/it]plain | prompt_fr -1*rand0_fr:  20%|█▉        | 22/112 [01:06<03:35,  2.39s/it]plain | prompt_fr -1*rand0_fr:  21%|██        | 23/112 [01:10<04:05,  2.75s/it]plain | prompt_fr -1*rand0_fr:  21%|██▏       | 24/112 [01:10<03:00,  2.05s/it]plain | prompt_fr -1*rand0_fr:  22%|██▏       | 25/112 [01:14<03:38,  2.51s/it]plain | prompt_fr -1*rand0_fr:  23%|██▎       | 26/112 [01:18<04:02,  2.82s/it]plain | prompt_fr -1*rand0_fr:  24%|██▍       | 27/112 [01:18<03:07,  2.21s/it]plain | prompt_fr -1*rand0_fr:  25%|██▌       | 28/112 [01:21<03:03,  2.18s/it]plain | prompt_fr -1*rand0_fr:  26%|██▌       | 29/112 [01:24<03:35,  2.60s/it]plain | prompt_fr -1*rand0_fr:  27%|██▋       | 30/112 [01:28<03:57,  2.90s/it]plain | prompt_fr -1*rand0_fr:  28%|██▊       | 31/112 [01:31<04:10,  3.10s/it]plain | prompt_fr -1*rand0_fr:  29%|██▊       | 32/112 [01:35<04:19,  3.24s/it]plain | prompt_fr -1*rand0_fr:  29%|██▉       | 33/112 [01:38<04:23,  3.34s/it]plain | prompt_fr -1*rand0_fr:  30%|███       | 34/112 [01:42<04:25,  3.41s/it]plain | prompt_fr -1*rand0_fr:  31%|███▏      | 35/112 [01:44<03:47,  2.95s/it]plain | prompt_fr -1*rand0_fr:  32%|███▏      | 36/112 [01:47<03:58,  3.13s/it]plain | prompt_fr -1*rand0_fr:  33%|███▎      | 37/112 [01:51<03:58,  3.18s/it]plain | prompt_fr -1*rand0_fr:  34%|███▍      | 38/112 [01:51<02:54,  2.36s/it]plain | prompt_fr -1*rand0_fr:  35%|███▍      | 39/112 [01:55<03:18,  2.72s/it]plain | prompt_fr -1*rand0_fr:  36%|███▌      | 40/112 [01:58<03:34,  2.98s/it]plain | prompt_fr -1*rand0_fr:  37%|███▋      | 41/112 [02:02<03:44,  3.16s/it]plain | prompt_fr -1*rand0_fr:  38%|███▊      | 42/112 [02:04<03:13,  2.76s/it]plain | prompt_fr -1*rand0_fr:  38%|███▊      | 43/112 [02:04<02:21,  2.05s/it]plain | prompt_fr -1*rand0_fr:  39%|███▉      | 44/112 [02:08<02:50,  2.51s/it]plain | prompt_fr -1*rand0_fr:  40%|████      | 45/112 [02:11<03:09,  2.83s/it]plain | prompt_fr -1*rand0_fr:  41%|████      | 46/112 [02:15<03:21,  3.06s/it]plain | prompt_fr -1*rand0_fr:  42%|████▏     | 47/112 [02:18<03:28,  3.21s/it]plain | prompt_fr -1*rand0_fr:  43%|████▎     | 48/112 [02:22<03:32,  3.31s/it]plain | prompt_fr -1*rand0_fr:  44%|████▍     | 49/112 [02:26<03:33,  3.39s/it]plain | prompt_fr -1*rand0_fr:  45%|████▍     | 50/112 [02:29<03:33,  3.45s/it]plain | prompt_fr -1*rand0_fr:  46%|████▌     | 51/112 [02:33<03:32,  3.49s/it]plain | prompt_fr -1*rand0_fr:  46%|████▋     | 52/112 [02:35<03:08,  3.14s/it]plain | prompt_fr -1*rand0_fr:  47%|████▋     | 53/112 [02:39<03:13,  3.28s/it]plain | prompt_fr -1*rand0_fr:  48%|████▊     | 54/112 [02:42<03:15,  3.37s/it]plain | prompt_fr -1*rand0_fr:  49%|████▉     | 55/112 [02:43<02:27,  2.58s/it]plain | prompt_fr -1*rand0_fr:  50%|█████     | 56/112 [02:46<02:36,  2.80s/it]plain | prompt_fr -1*rand0_fr:  51%|█████     | 57/112 [02:47<01:54,  2.07s/it]plain | prompt_fr -1*rand0_fr:  52%|█████▏    | 58/112 [02:48<01:39,  1.84s/it]plain | prompt_fr -1*rand0_fr:  53%|█████▎    | 59/112 [02:51<02:04,  2.35s/it]plain | prompt_fr -1*rand0_fr:  54%|█████▎    | 60/112 [02:52<01:40,  1.94s/it]plain | prompt_fr -1*rand0_fr:  54%|█████▍    | 61/112 [02:56<02:03,  2.43s/it]plain | prompt_fr -1*rand0_fr:  55%|█████▌    | 62/112 [02:58<01:47,  2.15s/it]plain | prompt_fr -1*rand0_fr:  56%|█████▋    | 63/112 [03:01<02:06,  2.57s/it]plain | prompt_fr -1*rand0_fr:  57%|█████▋    | 64/112 [03:02<01:37,  2.02s/it]plain | prompt_fr -1*rand0_fr:  58%|█████▊    | 65/112 [03:05<01:56,  2.48s/it]plain | prompt_fr -1*rand0_fr:  59%|█████▉    | 66/112 [03:06<01:24,  1.85s/it]plain | prompt_fr -1*rand0_fr:  60%|█████▉    | 67/112 [03:09<01:46,  2.36s/it]plain | prompt_fr -1*rand0_fr:  61%|██████    | 68/112 [03:13<01:59,  2.73s/it]plain | prompt_fr -1*rand0_fr:  62%|██████▏   | 69/112 [03:15<01:52,  2.62s/it]plain | prompt_fr -1*rand0_fr:  62%|██████▎   | 70/112 [03:18<01:46,  2.53s/it]plain | prompt_fr -1*rand0_fr:  63%|██████▎   | 71/112 [03:21<01:56,  2.85s/it]plain | prompt_fr -1*rand0_fr:  64%|██████▍   | 72/112 [03:24<01:50,  2.77s/it]plain | prompt_fr -1*rand0_fr:  65%|██████▌   | 73/112 [03:24<01:21,  2.09s/it]plain | prompt_fr -1*rand0_fr:  66%|██████▌   | 74/112 [03:28<01:36,  2.54s/it]plain | prompt_fr -1*rand0_fr:  67%|██████▋   | 75/112 [03:31<01:45,  2.85s/it]plain | prompt_fr -1*rand0_fr:  68%|██████▊   | 76/112 [03:34<01:37,  2.72s/it]plain | prompt_fr -1*rand0_fr:  69%|██████▉   | 77/112 [03:37<01:44,  2.97s/it]plain | prompt_fr -1*rand0_fr:  70%|██████▉   | 78/112 [03:41<01:47,  3.15s/it]plain | prompt_fr -1*rand0_fr:  71%|███████   | 79/112 [03:45<01:48,  3.28s/it]plain | prompt_fr -1*rand0_fr:  71%|███████▏  | 80/112 [03:45<01:17,  2.42s/it]plain | prompt_fr -1*rand0_fr:  72%|███████▏  | 81/112 [03:49<01:25,  2.76s/it]plain | prompt_fr -1*rand0_fr:  73%|███████▎  | 82/112 [03:51<01:23,  2.78s/it]plain | prompt_fr -1*rand0_fr:  74%|███████▍  | 83/112 [03:55<01:27,  3.01s/it]plain | prompt_fr -1*rand0_fr:  75%|███████▌  | 84/112 [03:58<01:29,  3.18s/it]plain | prompt_fr -1*rand0_fr:  76%|███████▌  | 85/112 [04:02<01:29,  3.30s/it]plain | prompt_fr -1*rand0_fr:  77%|███████▋  | 86/112 [04:03<01:05,  2.52s/it]plain | prompt_fr -1*rand0_fr:  78%|███████▊  | 87/112 [04:06<01:10,  2.83s/it]plain | prompt_fr -1*rand0_fr:  79%|███████▊  | 88/112 [04:10<01:13,  3.06s/it]plain | prompt_fr -1*rand0_fr:  79%|███████▉  | 89/112 [04:11<01:00,  2.61s/it]plain | prompt_fr -1*rand0_fr:  80%|████████  | 90/112 [04:15<01:03,  2.91s/it]plain | prompt_fr -1*rand0_fr:  81%|████████▏ | 91/112 [04:19<01:05,  3.11s/it]plain | prompt_fr -1*rand0_fr:  82%|████████▏ | 92/112 [04:20<00:50,  2.51s/it]plain | prompt_fr -1*rand0_fr:  83%|████████▎ | 93/112 [04:23<00:53,  2.83s/it]plain | prompt_fr -1*rand0_fr:  84%|████████▍ | 94/112 [04:24<00:38,  2.16s/it]plain | prompt_fr -1*rand0_fr:  85%|████████▍ | 95/112 [04:27<00:43,  2.59s/it]plain | prompt_fr -1*rand0_fr:  86%|████████▌ | 96/112 [04:31<00:46,  2.89s/it]plain | prompt_fr -1*rand0_fr:  87%|████████▋ | 97/112 [04:35<00:46,  3.11s/it]plain | prompt_fr -1*rand0_fr:  88%|████████▊ | 98/112 [04:38<00:45,  3.24s/it]plain | prompt_fr -1*rand0_fr:  88%|████████▊ | 99/112 [04:41<00:41,  3.20s/it]plain | prompt_fr -1*rand0_fr:  89%|████████▉ | 100/112 [04:45<00:39,  3.31s/it]plain | prompt_fr -1*rand0_fr:  90%|█████████ | 101/112 [04:48<00:37,  3.38s/it]plain | prompt_fr -1*rand0_fr:  91%|█████████ | 102/112 [04:50<00:27,  2.73s/it]plain | prompt_fr -1*rand0_fr:  92%|█████████▏| 103/112 [04:53<00:26,  2.97s/it]plain | prompt_fr -1*rand0_fr:  93%|█████████▎| 104/112 [04:57<00:25,  3.15s/it]plain | prompt_fr -1*rand0_fr:  94%|█████████▍| 105/112 [05:00<00:22,  3.28s/it]plain | prompt_fr -1*rand0_fr:  95%|█████████▍| 106/112 [05:01<00:14,  2.42s/it]plain | prompt_fr -1*rand0_fr:  96%|█████████▌| 107/112 [05:04<00:13,  2.76s/it]plain | prompt_fr -1*rand0_fr:  96%|█████████▋| 108/112 [05:08<00:12,  3.00s/it]plain | prompt_fr -1*rand0_fr:  97%|█████████▋| 109/112 [05:12<00:09,  3.18s/it]plain | prompt_fr -1*rand0_fr:  98%|█████████▊| 110/112 [05:15<00:06,  3.29s/it]plain | prompt_fr -1*rand0_fr:  99%|█████████▉| 111/112 [05:19<00:03,  3.38s/it]plain | prompt_fr -1*rand0_fr: 100%|██████████| 112/112 [05:22<00:00,  3.42s/it]plain | prompt_fr -1*rand0_fr: 100%|██████████| 112/112 [05:22<00:00,  2.88s/it]
plain | prompt_fr -1*rand1_fr:   0%|          | 0/112 [00:00<?, ?it/s]plain | prompt_fr -1*rand1_fr:   1%|          | 1/112 [00:03<06:36,  3.57s/it]plain | prompt_fr -1*rand1_fr:   2%|▏         | 2/112 [00:04<03:24,  1.86s/it]plain | prompt_fr -1*rand1_fr:   3%|▎         | 3/112 [00:04<02:14,  1.23s/it]plain | prompt_fr -1*rand1_fr:   4%|▎         | 4/112 [00:08<03:51,  2.15s/it]plain | prompt_fr -1*rand1_fr:   4%|▍         | 5/112 [00:11<04:43,  2.65s/it]plain | prompt_fr -1*rand1_fr:   5%|▌         | 6/112 [00:15<05:14,  2.97s/it]plain | prompt_fr -1*rand1_fr:   6%|▋         | 7/112 [00:18<05:32,  3.16s/it]plain | prompt_fr -1*rand1_fr:   7%|▋         | 8/112 [00:22<05:42,  3.30s/it]plain | prompt_fr -1*rand1_fr:   8%|▊         | 9/112 [00:26<05:48,  3.38s/it]plain | prompt_fr -1*rand1_fr:   9%|▉         | 10/112 [00:29<05:51,  3.45s/it]plain | prompt_fr -1*rand1_fr:  10%|▉         | 11/112 [00:33<05:52,  3.49s/it]plain | prompt_fr -1*rand1_fr:  11%|█         | 12/112 [00:36<05:51,  3.52s/it]plain | prompt_fr -1*rand1_fr:  12%|█▏        | 13/112 [00:37<04:28,  2.71s/it]plain | prompt_fr -1*rand1_fr:  12%|█▎        | 14/112 [00:41<04:50,  2.97s/it]plain | prompt_fr -1*rand1_fr:  13%|█▎        | 15/112 [00:42<03:46,  2.33s/it]plain | prompt_fr -1*rand1_fr:  14%|█▍        | 16/112 [00:45<04:19,  2.71s/it]plain | prompt_fr -1*rand1_fr:  15%|█▌        | 17/112 [00:49<04:41,  2.96s/it]plain | prompt_fr -1*rand1_fr:  16%|█▌        | 18/112 [00:52<04:55,  3.14s/it]plain | prompt_fr -1*rand1_fr:  17%|█▋        | 19/112 [00:56<05:03,  3.27s/it]plain | prompt_fr -1*rand1_fr:  18%|█▊        | 20/112 [00:59<05:08,  3.35s/it]plain | prompt_fr -1*rand1_fr:  19%|█▉        | 21/112 [01:03<04:57,  3.27s/it]plain | prompt_fr -1*rand1_fr:  20%|█▉        | 22/112 [01:03<03:34,  2.38s/it]plain | prompt_fr -1*rand1_fr:  21%|██        | 23/112 [01:06<04:03,  2.74s/it]plain | prompt_fr -1*rand1_fr:  21%|██▏       | 24/112 [01:07<02:59,  2.04s/it]plain | prompt_fr -1*rand1_fr:  22%|██▏       | 25/112 [01:10<03:37,  2.50s/it]plain | prompt_fr -1*rand1_fr:  23%|██▎       | 26/112 [01:14<04:02,  2.82s/it]plain | prompt_fr -1*rand1_fr:  24%|██▍       | 27/112 [01:18<04:19,  3.05s/it]plain | prompt_fr -1*rand1_fr:  25%|██▌       | 28/112 [01:19<03:42,  2.64s/it]plain | prompt_fr -1*rand1_fr:  26%|██▌       | 29/112 [01:20<02:48,  2.03s/it]plain | prompt_fr -1*rand1_fr:  27%|██▋       | 30/112 [01:20<02:02,  1.50s/it]plain | prompt_fr -1*rand1_fr:  28%|██▊       | 31/112 [01:24<02:51,  2.11s/it]plain | prompt_fr -1*rand1_fr:  29%|██▊       | 32/112 [01:27<03:23,  2.55s/it]plain | prompt_fr -1*rand1_fr:  29%|██▉       | 33/112 [01:31<03:45,  2.85s/it]plain | prompt_fr -1*rand1_fr:  30%|███       | 34/112 [01:34<03:59,  3.07s/it]plain | prompt_fr -1*rand1_fr:  31%|███▏      | 35/112 [01:37<03:46,  2.94s/it]plain | prompt_fr -1*rand1_fr:  32%|███▏      | 36/112 [01:41<03:57,  3.13s/it]plain | prompt_fr -1*rand1_fr:  33%|███▎      | 37/112 [01:44<04:04,  3.26s/it]plain | prompt_fr -1*rand1_fr:  34%|███▍      | 38/112 [01:45<03:11,  2.59s/it]plain | prompt_fr -1*rand1_fr:  35%|███▍      | 39/112 [01:49<03:30,  2.88s/it]plain | prompt_fr -1*rand1_fr:  36%|███▌      | 40/112 [01:52<03:42,  3.10s/it]plain | prompt_fr -1*rand1_fr:  37%|███▋      | 41/112 [01:56<03:49,  3.24s/it]plain | prompt_fr -1*rand1_fr:  38%|███▊      | 42/112 [01:59<03:53,  3.33s/it]plain | prompt_fr -1*rand1_fr:  38%|███▊      | 43/112 [02:00<02:49,  2.45s/it]plain | prompt_fr -1*rand1_fr:  39%|███▉      | 44/112 [02:03<03:09,  2.79s/it]plain | prompt_fr -1*rand1_fr:  40%|████      | 45/112 [02:07<03:21,  3.01s/it]plain | prompt_fr -1*rand1_fr:  41%|████      | 46/112 [02:10<03:29,  3.18s/it]plain | prompt_fr -1*rand1_fr:  42%|████▏     | 47/112 [02:14<03:33,  3.29s/it]plain | prompt_fr -1*rand1_fr:  43%|████▎     | 48/112 [02:18<03:35,  3.37s/it]plain | prompt_fr -1*rand1_fr:  44%|████▍     | 49/112 [02:19<03:02,  2.89s/it]plain | prompt_fr -1*rand1_fr:  45%|████▍     | 50/112 [02:23<03:12,  3.10s/it]plain | prompt_fr -1*rand1_fr:  46%|████▌     | 51/112 [02:24<02:25,  2.38s/it]plain | prompt_fr -1*rand1_fr:  46%|████▋     | 52/112 [02:25<02:10,  2.18s/it]plain | prompt_fr -1*rand1_fr:  47%|████▋     | 53/112 [02:29<02:33,  2.60s/it]plain | prompt_fr -1*rand1_fr:  48%|████▊     | 54/112 [02:33<02:47,  2.89s/it]plain | prompt_fr -1*rand1_fr:  49%|████▉     | 55/112 [02:33<02:01,  2.13s/it]plain | prompt_fr -1*rand1_fr:  50%|█████     | 56/112 [02:34<01:41,  1.81s/it]plain | prompt_fr -1*rand1_fr:  51%|█████     | 57/112 [02:34<01:15,  1.38s/it]plain | prompt_fr -1*rand1_fr:  52%|█████▏    | 58/112 [02:36<01:17,  1.44s/it]plain | prompt_fr -1*rand1_fr:  53%|█████▎    | 59/112 [02:38<01:23,  1.58s/it]plain | prompt_fr -1*rand1_fr:  54%|█████▎    | 60/112 [02:41<01:53,  2.18s/it]plain | prompt_fr -1*rand1_fr:  54%|█████▍    | 61/112 [02:45<02:12,  2.61s/it]plain | prompt_fr -1*rand1_fr:  55%|█████▌    | 62/112 [02:46<01:41,  2.03s/it]plain | prompt_fr -1*rand1_fr:  56%|█████▋    | 63/112 [02:46<01:15,  1.55s/it]plain | prompt_fr -1*rand1_fr:  57%|█████▋    | 64/112 [02:47<01:01,  1.28s/it]plain | prompt_fr -1*rand1_fr:  58%|█████▊    | 65/112 [02:50<01:32,  1.96s/it]plain | prompt_fr -1*rand1_fr:  59%|█████▉    | 66/112 [02:51<01:10,  1.53s/it]plain | prompt_fr -1*rand1_fr:  60%|█████▉    | 67/112 [02:54<01:36,  2.14s/it]plain | prompt_fr -1*rand1_fr:  61%|██████    | 68/112 [02:58<01:53,  2.58s/it]plain | prompt_fr -1*rand1_fr:  62%|██████▏   | 69/112 [02:58<01:23,  1.93s/it]plain | prompt_fr -1*rand1_fr:  62%|██████▎   | 70/112 [03:02<01:41,  2.42s/it]plain | prompt_fr -1*rand1_fr:  63%|██████▎   | 71/112 [03:06<01:53,  2.76s/it]plain | prompt_fr -1*rand1_fr:  64%|██████▍   | 72/112 [03:09<01:59,  3.00s/it]plain | prompt_fr -1*rand1_fr:  65%|██████▌   | 73/112 [03:13<02:03,  3.16s/it]plain | prompt_fr -1*rand1_fr:  66%|██████▌   | 74/112 [03:16<02:04,  3.29s/it]plain | prompt_fr -1*rand1_fr:  67%|██████▋   | 75/112 [03:20<02:04,  3.37s/it]plain | prompt_fr -1*rand1_fr:  68%|██████▊   | 76/112 [03:23<02:03,  3.43s/it]plain | prompt_fr -1*rand1_fr:  69%|██████▉   | 77/112 [03:27<02:01,  3.47s/it]plain | prompt_fr -1*rand1_fr:  70%|██████▉   | 78/112 [03:28<01:32,  2.71s/it]plain | prompt_fr -1*rand1_fr:  71%|███████   | 79/112 [03:28<01:07,  2.04s/it]plain | prompt_fr -1*rand1_fr:  71%|███████▏  | 80/112 [03:29<00:51,  1.61s/it]plain | prompt_fr -1*rand1_fr:  72%|███████▏  | 81/112 [03:32<01:08,  2.20s/it]plain | prompt_fr -1*rand1_fr:  73%|███████▎  | 82/112 [03:36<01:18,  2.62s/it]plain | prompt_fr -1*rand1_fr:  74%|███████▍  | 83/112 [03:40<01:24,  2.91s/it]plain | prompt_fr -1*rand1_fr:  75%|███████▌  | 84/112 [03:43<01:26,  3.10s/it]plain | prompt_fr -1*rand1_fr:  76%|███████▌  | 85/112 [03:47<01:27,  3.24s/it]plain | prompt_fr -1*rand1_fr:  77%|███████▋  | 86/112 [03:47<01:02,  2.42s/it]plain | prompt_fr -1*rand1_fr:  78%|███████▊  | 87/112 [03:51<01:09,  2.76s/it]plain | prompt_fr -1*rand1_fr:  79%|███████▊  | 88/112 [03:54<01:11,  3.00s/it]plain | prompt_fr -1*rand1_fr:  79%|███████▉  | 89/112 [03:58<01:12,  3.17s/it]plain | prompt_fr -1*rand1_fr:  80%|████████  | 90/112 [04:01<01:12,  3.28s/it]plain | prompt_fr -1*rand1_fr:  81%|████████▏ | 91/112 [04:02<00:51,  2.46s/it]plain | prompt_fr -1*rand1_fr:  82%|████████▏ | 92/112 [04:06<00:55,  2.79s/it]plain | prompt_fr -1*rand1_fr:  83%|████████▎ | 93/112 [04:06<00:39,  2.06s/it]plain | prompt_fr -1*rand1_fr:  84%|████████▍ | 94/112 [04:08<00:39,  2.20s/it]plain | prompt_fr -1*rand1_fr:  85%|████████▍ | 95/112 [04:12<00:44,  2.60s/it]plain | prompt_fr -1*rand1_fr:  86%|████████▌ | 96/112 [04:16<00:46,  2.89s/it]plain | prompt_fr -1*rand1_fr:  87%|████████▋ | 97/112 [04:19<00:46,  3.09s/it]plain | prompt_fr -1*rand1_fr:  88%|████████▊ | 98/112 [04:21<00:36,  2.61s/it]plain | prompt_fr -1*rand1_fr:  88%|████████▊ | 99/112 [04:21<00:25,  1.97s/it]plain | prompt_fr -1*rand1_fr:  89%|████████▉ | 100/112 [04:25<00:29,  2.45s/it]plain | prompt_fr -1*rand1_fr:  90%|█████████ | 101/112 [04:26<00:22,  2.05s/it]plain | prompt_fr -1*rand1_fr:  91%|█████████ | 102/112 [04:27<00:18,  1.84s/it]plain | prompt_fr -1*rand1_fr:  92%|█████████▏| 103/112 [04:31<00:21,  2.36s/it]plain | prompt_fr -1*rand1_fr:  93%|█████████▎| 104/112 [04:34<00:21,  2.72s/it]plain | prompt_fr -1*rand1_fr:  94%|█████████▍| 105/112 [04:37<00:18,  2.69s/it]plain | prompt_fr -1*rand1_fr:  95%|█████████▍| 106/112 [04:37<00:12,  2.00s/it]plain | prompt_fr -1*rand1_fr:  96%|█████████▌| 107/112 [04:38<00:07,  1.55s/it]plain | prompt_fr -1*rand1_fr:  96%|█████████▋| 108/112 [04:41<00:08,  2.07s/it]plain | prompt_fr -1*rand1_fr:  97%|█████████▋| 109/112 [04:45<00:07,  2.52s/it]plain | prompt_fr -1*rand1_fr:  98%|█████████▊| 110/112 [04:48<00:05,  2.84s/it]plain | prompt_fr -1*rand1_fr:  99%|█████████▉| 111/112 [04:52<00:03,  3.05s/it]plain | prompt_fr -1*rand1_fr: 100%|██████████| 112/112 [04:55<00:00,  3.20s/it]plain | prompt_fr -1*rand1_fr: 100%|██████████| 112/112 [04:55<00:00,  2.64s/it]
plain | prompt_fr -1*rand2_fr:   0%|          | 0/112 [00:00<?, ?it/s]plain | prompt_fr -1*rand2_fr:   1%|          | 1/112 [00:01<01:53,  1.02s/it]plain | prompt_fr -1*rand2_fr:   2%|▏         | 2/112 [00:04<04:36,  2.51s/it]plain | prompt_fr -1*rand2_fr:   3%|▎         | 3/112 [00:05<02:58,  1.64s/it]plain | prompt_fr -1*rand2_fr:   4%|▎         | 4/112 [00:08<04:20,  2.41s/it]plain | prompt_fr -1*rand2_fr:   4%|▍         | 5/112 [00:12<05:02,  2.83s/it]plain | prompt_fr -1*rand2_fr:   5%|▌         | 6/112 [00:15<05:26,  3.08s/it]plain | prompt_fr -1*rand2_fr:   6%|▋         | 7/112 [00:19<05:40,  3.24s/it]plain | prompt_fr -1*rand2_fr:   7%|▋         | 8/112 [00:23<05:48,  3.35s/it]plain | prompt_fr -1*rand2_fr:   8%|▊         | 9/112 [00:26<05:51,  3.42s/it]plain | prompt_fr -1*rand2_fr:   9%|▉         | 10/112 [00:27<04:19,  2.54s/it]plain | prompt_fr -1*rand2_fr:  10%|▉         | 11/112 [00:30<04:48,  2.86s/it]plain | prompt_fr -1*rand2_fr:  11%|█         | 12/112 [00:34<05:06,  3.06s/it]plain | prompt_fr -1*rand2_fr:  12%|█▏        | 13/112 [00:35<03:56,  2.39s/it]plain | prompt_fr -1*rand2_fr:  12%|█▎        | 14/112 [00:38<04:27,  2.73s/it]plain | prompt_fr -1*rand2_fr:  13%|█▎        | 15/112 [00:39<03:14,  2.01s/it]plain | prompt_fr -1*rand2_fr:  14%|█▍        | 16/112 [00:42<03:57,  2.48s/it]plain | prompt_fr -1*rand2_fr:  15%|█▌        | 17/112 [00:46<04:26,  2.81s/it]plain | prompt_fr -1*rand2_fr:  16%|█▌        | 18/112 [00:49<04:45,  3.04s/it]plain | prompt_fr -1*rand2_fr:  17%|█▋        | 19/112 [00:53<04:57,  3.20s/it]plain | prompt_fr -1*rand2_fr:  18%|█▊        | 20/112 [00:56<05:03,  3.30s/it]plain | prompt_fr -1*rand2_fr:  19%|█▉        | 21/112 [01:00<05:07,  3.38s/it]plain | prompt_fr -1*rand2_fr:  20%|█▉        | 22/112 [01:00<03:41,  2.46s/it]plain | prompt_fr -1*rand2_fr:  21%|██        | 23/112 [01:04<04:08,  2.79s/it]plain | prompt_fr -1*rand2_fr:  21%|██▏       | 24/112 [01:04<03:02,  2.08s/it]plain | prompt_fr -1*rand2_fr:  22%|██▏       | 25/112 [01:08<03:39,  2.53s/it]plain | prompt_fr -1*rand2_fr:  23%|██▎       | 26/112 [01:11<04:04,  2.84s/it]plain | prompt_fr -1*rand2_fr:  24%|██▍       | 27/112 [01:13<03:34,  2.53s/it]plain | prompt_fr -1*rand2_fr:  25%|██▌       | 28/112 [01:15<03:09,  2.26s/it]plain | prompt_fr -1*rand2_fr:  26%|██▌       | 29/112 [01:18<03:40,  2.66s/it]plain | prompt_fr -1*rand2_fr:  27%|██▋       | 30/112 [01:22<04:00,  2.93s/it]plain | prompt_fr -1*rand2_fr:  28%|██▊       | 31/112 [01:24<03:38,  2.69s/it]plain | prompt_fr -1*rand2_fr:  29%|██▊       | 32/112 [01:28<03:56,  2.96s/it]plain | prompt_fr -1*rand2_fr:  29%|██▉       | 33/112 [01:29<03:08,  2.38s/it]plain | prompt_fr -1*rand2_fr:  30%|███       | 34/112 [01:32<03:33,  2.73s/it]plain | prompt_fr -1*rand2_fr:  31%|███▏      | 35/112 [01:36<03:48,  2.96s/it]plain | prompt_fr -1*rand2_fr:  32%|███▏      | 36/112 [01:39<03:59,  3.15s/it]plain | prompt_fr -1*rand2_fr:  33%|███▎      | 37/112 [01:42<03:56,  3.15s/it]plain | prompt_fr -1*rand2_fr:  34%|███▍      | 38/112 [01:43<02:52,  2.34s/it]plain | prompt_fr -1*rand2_fr:  35%|███▍      | 39/112 [01:46<03:17,  2.71s/it]plain | prompt_fr -1*rand2_fr:  36%|███▌      | 40/112 [01:50<03:33,  2.96s/it]plain | prompt_fr -1*rand2_fr:  37%|███▋      | 41/112 [01:54<03:44,  3.16s/it]plain | prompt_fr -1*rand2_fr:  38%|███▊      | 42/112 [01:54<02:45,  2.37s/it]plain | prompt_fr -1*rand2_fr:  38%|███▊      | 43/112 [01:55<02:02,  1.78s/it]plain | prompt_fr -1*rand2_fr:  39%|███▉      | 44/112 [01:58<02:37,  2.32s/it]plain | prompt_fr -1*rand2_fr:  40%|████      | 45/112 [02:02<03:01,  2.71s/it]plain | prompt_fr -1*rand2_fr:  41%|████      | 46/112 [02:05<03:16,  2.97s/it]plain | prompt_fr -1*rand2_fr:  42%|████▏     | 47/112 [02:09<03:25,  3.16s/it]plain | prompt_fr -1*rand2_fr:  43%|████▎     | 48/112 [02:13<03:29,  3.28s/it]plain | prompt_fr -1*rand2_fr:  44%|████▍     | 49/112 [02:16<03:31,  3.36s/it]plain | prompt_fr -1*rand2_fr:  45%|████▍     | 50/112 [02:20<03:31,  3.42s/it]plain | prompt_fr -1*rand2_fr:  46%|████▌     | 51/112 [02:23<03:31,  3.47s/it]plain | prompt_fr -1*rand2_fr:  46%|████▋     | 52/112 [02:27<03:29,  3.49s/it]plain | prompt_fr -1*rand2_fr:  47%|████▋     | 53/112 [02:30<03:27,  3.51s/it]plain | prompt_fr -1*rand2_fr:  48%|████▊     | 54/112 [02:34<03:24,  3.53s/it]plain | prompt_fr -1*rand2_fr:  49%|████▉     | 55/112 [02:34<02:30,  2.65s/it]plain | prompt_fr -1*rand2_fr:  50%|█████     | 56/112 [02:38<02:38,  2.84s/it]plain | prompt_fr -1*rand2_fr:  51%|█████     | 57/112 [02:38<01:55,  2.09s/it]plain | prompt_fr -1*rand2_fr:  52%|█████▏    | 58/112 [02:42<02:16,  2.54s/it]plain | prompt_fr -1*rand2_fr:  53%|█████▎    | 59/112 [02:45<02:30,  2.84s/it]plain | prompt_fr -1*rand2_fr:  54%|█████▎    | 60/112 [02:49<02:39,  3.06s/it]plain | prompt_fr -1*rand2_fr:  54%|█████▍    | 61/112 [02:52<02:43,  3.21s/it]plain | prompt_fr -1*rand2_fr:  55%|█████▌    | 62/112 [02:53<01:57,  2.34s/it]plain | prompt_fr -1*rand2_fr:  56%|█████▋    | 63/112 [02:55<01:46,  2.18s/it]plain | prompt_fr -1*rand2_fr:  57%|█████▋    | 64/112 [02:58<02:05,  2.61s/it]plain | prompt_fr -1*rand2_fr:  58%|█████▊    | 65/112 [03:02<02:16,  2.90s/it]plain | prompt_fr -1*rand2_fr:  59%|█████▉    | 66/112 [03:02<01:38,  2.14s/it]plain | prompt_fr -1*rand2_fr:  60%|█████▉    | 67/112 [03:06<01:55,  2.57s/it]plain | prompt_fr -1*rand2_fr:  61%|██████    | 68/112 [03:09<02:06,  2.87s/it]plain | prompt_fr -1*rand2_fr:  62%|██████▏   | 69/112 [03:10<01:39,  2.31s/it]plain | prompt_fr -1*rand2_fr:  62%|██████▎   | 70/112 [03:14<01:52,  2.69s/it]plain | prompt_fr -1*rand2_fr:  63%|██████▎   | 71/112 [03:17<02:01,  2.95s/it]plain | prompt_fr -1*rand2_fr:  64%|██████▍   | 72/112 [03:21<02:06,  3.16s/it]plain | prompt_fr -1*rand2_fr:  65%|██████▌   | 73/112 [03:23<01:44,  2.68s/it]plain | prompt_fr -1*rand2_fr:  66%|██████▌   | 74/112 [03:26<01:52,  2.96s/it]plain | prompt_fr -1*rand2_fr:  67%|██████▋   | 75/112 [03:30<01:56,  3.15s/it]plain | prompt_fr -1*rand2_fr:  68%|██████▊   | 76/112 [03:33<01:57,  3.27s/it]plain | prompt_fr -1*rand2_fr:  69%|██████▉   | 77/112 [03:37<01:58,  3.37s/it]plain | prompt_fr -1*rand2_fr:  70%|██████▉   | 78/112 [03:41<01:57,  3.44s/it]plain | prompt_fr -1*rand2_fr:  71%|███████   | 79/112 [03:44<01:51,  3.39s/it]plain | prompt_fr -1*rand2_fr:  71%|███████▏  | 80/112 [03:44<01:19,  2.49s/it]plain | prompt_fr -1*rand2_fr:  72%|███████▏  | 81/112 [03:48<01:27,  2.82s/it]plain | prompt_fr -1*rand2_fr:  73%|███████▎  | 82/112 [03:51<01:31,  3.05s/it]plain | prompt_fr -1*rand2_fr:  74%|███████▍  | 83/112 [03:53<01:13,  2.52s/it]plain | prompt_fr -1*rand2_fr:  75%|███████▌  | 84/112 [03:56<01:19,  2.84s/it]plain | prompt_fr -1*rand2_fr:  76%|███████▌  | 85/112 [03:58<01:08,  2.55s/it]plain | prompt_fr -1*rand2_fr:  77%|███████▋  | 86/112 [04:02<01:14,  2.87s/it]plain | prompt_fr -1*rand2_fr:  78%|███████▊  | 87/112 [04:02<00:53,  2.14s/it]plain | prompt_fr -1*rand2_fr:  79%|███████▊  | 88/112 [04:06<01:02,  2.59s/it]plain | prompt_fr -1*rand2_fr:  79%|███████▉  | 89/112 [04:09<01:06,  2.90s/it]plain | prompt_fr -1*rand2_fr:  80%|████████  | 90/112 [04:13<01:08,  3.11s/it]plain | prompt_fr -1*rand2_fr:  81%|████████▏ | 91/112 [04:14<00:49,  2.34s/it]plain | prompt_fr -1*rand2_fr:  82%|████████▏ | 92/112 [04:17<00:54,  2.72s/it]plain | prompt_fr -1*rand2_fr:  83%|████████▎ | 93/112 [04:18<00:38,  2.02s/it]plain | prompt_fr -1*rand2_fr:  84%|████████▍ | 94/112 [04:18<00:27,  1.53s/it]plain | prompt_fr -1*rand2_fr:  85%|████████▍ | 95/112 [04:22<00:36,  2.16s/it]plain | prompt_fr -1*rand2_fr:  86%|████████▌ | 96/112 [04:25<00:41,  2.58s/it]plain | prompt_fr -1*rand2_fr:  87%|████████▋ | 97/112 [04:26<00:31,  2.13s/it]plain | prompt_fr -1*rand2_fr:  88%|████████▊ | 98/112 [04:29<00:30,  2.20s/it]plain | prompt_fr -1*rand2_fr:  88%|████████▊ | 99/112 [04:29<00:21,  1.69s/it]plain | prompt_fr -1*rand2_fr:  89%|████████▉ | 100/112 [04:33<00:27,  2.25s/it]plain | prompt_fr -1*rand2_fr:  90%|█████████ | 101/112 [04:33<00:18,  1.72s/it]plain | prompt_fr -1*rand2_fr:  91%|█████████ | 102/112 [04:34<00:15,  1.59s/it]plain | prompt_fr -1*rand2_fr:  92%|█████████▏| 103/112 [04:38<00:19,  2.19s/it]plain | prompt_fr -1*rand2_fr:  93%|█████████▎| 104/112 [04:42<00:20,  2.60s/it]plain | prompt_fr -1*rand2_fr:  94%|█████████▍| 105/112 [04:45<00:20,  2.91s/it]plain | prompt_fr -1*rand2_fr:  95%|█████████▍| 106/112 [04:46<00:12,  2.16s/it]plain | prompt_fr -1*rand2_fr:  96%|█████████▌| 107/112 [04:49<00:12,  2.58s/it]plain | prompt_fr -1*rand2_fr:  96%|█████████▋| 108/112 [04:51<00:09,  2.25s/it]plain | prompt_fr -1*rand2_fr:  97%|█████████▋| 109/112 [04:54<00:07,  2.65s/it]plain | prompt_fr -1*rand2_fr:  98%|█████████▊| 110/112 [04:58<00:05,  2.93s/it]plain | prompt_fr -1*rand2_fr:  99%|█████████▉| 111/112 [05:01<00:03,  3.11s/it]plain | prompt_fr -1*rand2_fr: 100%|██████████| 112/112 [05:02<00:00,  2.53s/it]plain | prompt_fr -1*rand2_fr: 100%|██████████| 112/112 [05:02<00:00,  2.71s/it]
plain | prompt_es:   0%|          | 0/112 [00:00<?, ?it/s]plain | prompt_es:   2%|▏         | 2/112 [00:00<00:07, 15.70it/s]plain | prompt_es:   4%|▎         | 4/112 [00:00<00:07, 14.47it/s]plain | prompt_es:   5%|▌         | 6/112 [00:00<00:07, 14.09it/s]plain | prompt_es:   7%|▋         | 8/112 [00:00<00:07, 14.28it/s]plain | prompt_es:   9%|▉         | 10/112 [00:00<00:06, 14.67it/s]plain | prompt_es:  11%|█         | 12/112 [00:00<00:06, 14.38it/s]plain | prompt_es:  12%|█▎        | 14/112 [00:00<00:06, 14.32it/s]plain | prompt_es:  14%|█▍        | 16/112 [00:01<00:06, 14.90it/s]plain | prompt_es:  16%|█▌        | 18/112 [00:01<00:06, 14.67it/s]plain | prompt_es:  18%|█▊        | 20/112 [00:01<00:06, 14.72it/s]plain | prompt_es:  20%|█▉        | 22/112 [00:01<00:06, 14.88it/s]plain | prompt_es:  21%|██▏       | 24/112 [00:01<00:05, 15.03it/s]plain | prompt_es:  23%|██▎       | 26/112 [00:01<00:05, 14.60it/s]plain | prompt_es:  25%|██▌       | 28/112 [00:01<00:05, 15.18it/s]plain | prompt_es:  27%|██▋       | 30/112 [00:02<00:05, 14.80it/s]plain | prompt_es:  29%|██▊       | 32/112 [00:02<00:05, 14.95it/s]plain | prompt_es:  30%|███       | 34/112 [00:02<00:05, 14.69it/s]plain | prompt_es:  32%|███▏      | 36/112 [00:02<00:05, 14.70it/s]plain | prompt_es:  34%|███▍      | 38/112 [00:02<00:04, 14.87it/s]plain | prompt_es:  36%|███▌      | 40/112 [00:02<00:04, 14.69it/s]plain | prompt_es:  38%|███▊      | 42/112 [00:02<00:04, 14.77it/s]plain | prompt_es:  39%|███▉      | 44/112 [00:02<00:04, 15.01it/s]plain | prompt_es:  41%|████      | 46/112 [00:03<00:04, 14.52it/s]plain | prompt_es:  43%|████▎     | 48/112 [00:03<00:04, 14.61it/s]plain | prompt_es:  45%|████▍     | 50/112 [00:03<00:04, 14.72it/s]plain | prompt_es:  46%|████▋     | 52/112 [00:03<00:04, 14.77it/s]plain | prompt_es:  48%|████▊     | 54/112 [00:03<00:04, 14.32it/s]plain | prompt_es:  50%|█████     | 56/112 [00:03<00:03, 14.95it/s]plain | prompt_es:  52%|█████▏    | 58/112 [00:03<00:03, 15.38it/s]plain | prompt_es:  54%|█████▎    | 60/112 [00:04<00:03, 14.74it/s]plain | prompt_es:  55%|█████▌    | 62/112 [00:04<00:03, 14.79it/s]plain | prompt_es:  57%|█████▋    | 64/112 [00:04<00:03, 15.17it/s]plain | prompt_es:  59%|█████▉    | 66/112 [00:04<00:02, 15.44it/s]plain | prompt_es:  61%|██████    | 68/112 [00:04<00:02, 14.81it/s]plain | prompt_es:  62%|██████▎   | 70/112 [00:04<00:02, 15.36it/s]plain | prompt_es:  64%|██████▍   | 72/112 [00:04<00:02, 15.65it/s]plain | prompt_es:  66%|██████▌   | 74/112 [00:04<00:02, 15.40it/s]plain | prompt_es:  68%|██████▊   | 76/112 [00:05<00:02, 15.28it/s]plain | prompt_es:  70%|██████▉   | 78/112 [00:05<00:02, 15.57it/s]plain | prompt_es:  71%|███████▏  | 80/112 [00:05<00:02, 15.82it/s]plain | prompt_es:  73%|███████▎  | 82/112 [00:05<00:01, 15.42it/s]plain | prompt_es:  75%|███████▌  | 84/112 [00:05<00:01, 15.50it/s]plain | prompt_es:  77%|███████▋  | 86/112 [00:05<00:01, 15.73it/s]plain | prompt_es:  79%|███████▊  | 88/112 [00:05<00:01, 15.54it/s]plain | prompt_es:  80%|████████  | 90/112 [00:06<00:01, 15.28it/s]plain | prompt_es:  82%|████████▏ | 92/112 [00:06<00:01, 15.53it/s]plain | prompt_es:  84%|████████▍ | 94/112 [00:06<00:01, 15.79it/s]plain | prompt_es:  86%|████████▌ | 96/112 [00:06<00:01, 15.05it/s]plain | prompt_es:  88%|████████▊ | 98/112 [00:06<00:00, 15.60it/s]plain | prompt_es:  89%|████████▉ | 100/112 [00:06<00:00, 15.91it/s]plain | prompt_es:  91%|█████████ | 102/112 [00:06<00:00, 15.50it/s]plain | prompt_es:  93%|█████████▎| 104/112 [00:06<00:00, 15.37it/s]plain | prompt_es:  95%|█████████▍| 106/112 [00:07<00:00, 15.62it/s]plain | prompt_es:  96%|█████████▋| 108/112 [00:07<00:00, 15.89it/s]plain | prompt_es:  98%|█████████▊| 110/112 [00:07<00:00, 15.26it/s]plain | prompt_es: 100%|██████████| 112/112 [00:07<00:00, 15.31it/s]plain | prompt_es: 100%|██████████| 112/112 [00:07<00:00, 15.08it/s]
plain | prompt_es -1*fr:   0%|          | 0/112 [00:00<?, ?it/s]plain | prompt_es -1*fr:   1%|          | 1/112 [00:03<06:36,  3.57s/it]plain | prompt_es -1*fr:   2%|▏         | 2/112 [00:04<03:19,  1.81s/it]plain | prompt_es -1*fr:   3%|▎         | 3/112 [00:07<04:43,  2.60s/it]plain | prompt_es -1*fr:   4%|▎         | 4/112 [00:11<05:21,  2.98s/it]plain | prompt_es -1*fr:   4%|▍         | 5/112 [00:14<05:41,  3.19s/it]plain | prompt_es -1*fr:   5%|▌         | 6/112 [00:18<05:51,  3.31s/it]plain | prompt_es -1*fr:   6%|▋         | 7/112 [00:21<05:56,  3.39s/it]plain | prompt_es -1*fr:   7%|▋         | 8/112 [00:25<05:59,  3.45s/it]plain | prompt_es -1*fr:   8%|▊         | 9/112 [00:29<05:59,  3.49s/it]plain | prompt_es -1*fr:   9%|▉         | 10/112 [00:30<05:04,  2.98s/it]plain | prompt_es -1*fr:  10%|▉         | 11/112 [00:34<05:20,  3.17s/it]plain | prompt_es -1*fr:  11%|█         | 12/112 [00:38<05:28,  3.28s/it]plain | prompt_es -1*fr:  12%|█▏        | 13/112 [00:39<04:19,  2.62s/it]plain | prompt_es -1*fr:  12%|█▎        | 14/112 [00:42<04:23,  2.69s/it]plain | prompt_es -1*fr:  13%|█▎        | 15/112 [00:42<03:10,  1.96s/it]plain | prompt_es -1*fr:  14%|█▍        | 16/112 [00:45<03:55,  2.45s/it]plain | prompt_es -1*fr:  15%|█▌        | 17/112 [00:47<03:33,  2.25s/it]plain | prompt_es -1*fr:  16%|█▌        | 18/112 [00:51<04:09,  2.65s/it]plain | prompt_es -1*fr:  17%|█▋        | 19/112 [00:53<03:49,  2.46s/it]plain | prompt_es -1*fr:  18%|█▊        | 20/112 [00:55<03:46,  2.46s/it]plain | prompt_es -1*fr:  19%|█▉        | 21/112 [00:59<04:10,  2.76s/it]plain | prompt_es -1*fr:  20%|█▉        | 22/112 [00:59<03:01,  2.01s/it]plain | prompt_es -1*fr:  21%|██        | 23/112 [01:02<03:39,  2.47s/it]plain | prompt_es -1*fr:  21%|██▏       | 24/112 [01:03<02:42,  1.85s/it]plain | prompt_es -1*fr:  22%|██▏       | 25/112 [01:03<02:03,  1.42s/it]plain | prompt_es -1*fr:  23%|██▎       | 26/112 [01:07<02:57,  2.07s/it]plain | prompt_es -1*fr:  24%|██▍       | 27/112 [01:09<02:52,  2.03s/it]plain | prompt_es -1*fr:  25%|██▌       | 28/112 [01:11<02:57,  2.11s/it]plain | prompt_es -1*fr:  26%|██▌       | 29/112 [01:15<03:31,  2.55s/it]plain | prompt_es -1*fr:  27%|██▋       | 30/112 [01:15<02:38,  1.94s/it]plain | prompt_es -1*fr:  28%|██▊       | 31/112 [01:18<03:00,  2.22s/it]plain | prompt_es -1*fr:  29%|██▊       | 32/112 [01:20<02:51,  2.15s/it]plain | prompt_es -1*fr:  29%|██▉       | 33/112 [01:21<02:21,  1.79s/it]plain | prompt_es -1*fr:  30%|███       | 34/112 [01:25<03:02,  2.34s/it]plain | prompt_es -1*fr:  31%|███▏      | 35/112 [01:28<03:28,  2.71s/it]plain | prompt_es -1*fr:  32%|███▏      | 36/112 [01:32<03:46,  2.98s/it]plain | prompt_es -1*fr:  33%|███▎      | 37/112 [01:35<03:58,  3.18s/it]plain | prompt_es -1*fr:  34%|███▍      | 38/112 [01:36<02:52,  2.33s/it]plain | prompt_es -1*fr:  35%|███▍      | 39/112 [01:38<02:42,  2.23s/it]plain | prompt_es -1*fr:  36%|███▌      | 40/112 [01:40<02:32,  2.12s/it]plain | prompt_es -1*fr:  37%|███▋      | 41/112 [01:43<03:02,  2.56s/it]plain | prompt_es -1*fr:  38%|███▊      | 42/112 [01:46<03:07,  2.68s/it]plain | prompt_es -1*fr:  38%|███▊      | 43/112 [01:49<03:03,  2.66s/it]plain | prompt_es -1*fr:  39%|███▉      | 44/112 [01:52<03:19,  2.94s/it]plain | prompt_es -1*fr:  40%|████      | 45/112 [01:56<03:29,  3.12s/it]plain | prompt_es -1*fr:  41%|████      | 46/112 [02:00<03:35,  3.26s/it]plain | prompt_es -1*fr:  42%|████▏     | 47/112 [02:03<03:38,  3.36s/it]plain | prompt_es -1*fr:  43%|████▎     | 48/112 [02:05<03:00,  2.82s/it]plain | prompt_es -1*fr:  44%|████▍     | 49/112 [02:08<03:12,  3.06s/it]plain | prompt_es -1*fr:  45%|████▍     | 50/112 [02:12<03:19,  3.21s/it]plain | prompt_es -1*fr:  46%|████▌     | 51/112 [02:15<03:21,  3.31s/it]plain | prompt_es -1*fr:  46%|████▋     | 52/112 [02:16<02:25,  2.43s/it]plain | prompt_es -1*fr:  47%|████▋     | 53/112 [02:18<02:14,  2.28s/it]plain | prompt_es -1*fr:  48%|████▊     | 54/112 [02:21<02:34,  2.66s/it]plain | prompt_es -1*fr:  49%|████▉     | 55/112 [02:24<02:27,  2.59s/it]plain | prompt_es -1*fr:  50%|█████     | 56/112 [02:27<02:41,  2.88s/it]plain | prompt_es -1*fr:  51%|█████     | 57/112 [02:28<01:58,  2.16s/it]plain | prompt_es -1*fr:  52%|█████▏    | 58/112 [02:31<02:19,  2.58s/it]plain | prompt_es -1*fr:  53%|█████▎    | 59/112 [02:35<02:32,  2.88s/it]plain | prompt_es -1*fr:  54%|█████▎    | 60/112 [02:39<02:42,  3.12s/it]plain | prompt_es -1*fr:  54%|█████▍    | 61/112 [02:42<02:45,  3.25s/it]plain | prompt_es -1*fr:  55%|█████▌    | 62/112 [02:46<02:47,  3.34s/it]plain | prompt_es -1*fr:  56%|█████▋    | 63/112 [02:46<01:58,  2.41s/it]plain | prompt_es -1*fr:  57%|█████▋    | 64/112 [02:47<01:29,  1.86s/it]plain | prompt_es -1*fr:  58%|█████▊    | 65/112 [02:50<01:51,  2.37s/it]plain | prompt_es -1*fr:  59%|█████▉    | 66/112 [02:50<01:20,  1.75s/it]plain | prompt_es -1*fr:  60%|█████▉    | 67/112 [02:53<01:31,  2.04s/it]plain | prompt_es -1*fr:  61%|██████    | 68/112 [02:57<01:50,  2.51s/it]plain | prompt_es -1*fr:  62%|██████▏   | 69/112 [02:57<01:23,  1.95s/it]plain | prompt_es -1*fr:  62%|██████▎   | 70/112 [03:01<01:42,  2.45s/it]plain | prompt_es -1*fr:  63%|██████▎   | 71/112 [03:05<01:54,  2.80s/it]plain | prompt_es -1*fr:  64%|██████▍   | 72/112 [03:05<01:23,  2.09s/it]plain | prompt_es -1*fr:  65%|██████▌   | 73/112 [03:09<01:38,  2.53s/it]plain | prompt_es -1*fr:  66%|██████▌   | 74/112 [03:10<01:28,  2.34s/it]plain | prompt_es -1*fr:  67%|██████▋   | 75/112 [03:14<01:40,  2.70s/it]plain | prompt_es -1*fr:  68%|██████▊   | 76/112 [03:18<01:46,  2.97s/it]plain | prompt_es -1*fr:  69%|██████▉   | 77/112 [03:21<01:46,  3.04s/it]plain | prompt_es -1*fr:  70%|██████▉   | 78/112 [03:24<01:48,  3.20s/it]plain | prompt_es -1*fr:  71%|███████   | 79/112 [03:28<01:49,  3.31s/it]plain | prompt_es -1*fr:  71%|███████▏  | 80/112 [03:28<01:16,  2.40s/it]plain | prompt_es -1*fr:  72%|███████▏  | 81/112 [03:32<01:25,  2.76s/it]plain | prompt_es -1*fr:  73%|███████▎  | 82/112 [03:35<01:30,  3.00s/it]plain | prompt_es -1*fr:  74%|███████▍  | 83/112 [03:39<01:31,  3.17s/it]plain | prompt_es -1*fr:  75%|███████▌  | 84/112 [03:40<01:13,  2.61s/it]plain | prompt_es -1*fr:  76%|███████▌  | 85/112 [03:44<01:18,  2.91s/it]plain | prompt_es -1*fr:  77%|███████▋  | 86/112 [03:47<01:20,  3.11s/it]plain | prompt_es -1*fr:  78%|███████▊  | 87/112 [03:48<00:58,  2.35s/it]plain | prompt_es -1*fr:  79%|███████▊  | 88/112 [03:52<01:05,  2.72s/it]plain | prompt_es -1*fr:  79%|███████▉  | 89/112 [03:55<01:08,  2.97s/it]plain | prompt_es -1*fr:  80%|████████  | 90/112 [03:59<01:09,  3.15s/it]plain | prompt_es -1*fr:  81%|████████▏ | 91/112 [04:02<01:08,  3.28s/it]plain | prompt_es -1*fr:  82%|████████▏ | 92/112 [04:06<01:07,  3.36s/it]plain | prompt_es -1*fr:  83%|████████▎ | 93/112 [04:09<01:05,  3.44s/it]plain | prompt_es -1*fr:  84%|████████▍ | 94/112 [04:11<00:49,  2.78s/it]plain | prompt_es -1*fr:  85%|████████▍ | 95/112 [04:14<00:50,  2.97s/it]plain | prompt_es -1*fr:  86%|████████▌ | 96/112 [04:18<00:50,  3.14s/it]plain | prompt_es -1*fr:  87%|████████▋ | 97/112 [04:21<00:48,  3.26s/it]plain | prompt_es -1*fr:  88%|████████▊ | 98/112 [04:24<00:43,  3.10s/it]plain | prompt_es -1*fr:  88%|████████▊ | 99/112 [04:24<00:29,  2.30s/it]plain | prompt_es -1*fr:  89%|████████▉ | 100/112 [04:28<00:32,  2.67s/it]plain | prompt_es -1*fr:  90%|█████████ | 101/112 [04:31<00:31,  2.91s/it]plain | prompt_es -1*fr:  91%|█████████ | 102/112 [04:34<00:27,  2.73s/it]plain | prompt_es -1*fr:  92%|█████████▏| 103/112 [04:37<00:26,  2.97s/it]plain | prompt_es -1*fr:  93%|█████████▎| 104/112 [04:41<00:25,  3.15s/it]plain | prompt_es -1*fr:  94%|█████████▍| 105/112 [04:42<00:17,  2.54s/it]plain | prompt_es -1*fr:  95%|█████████▍| 106/112 [04:42<00:11,  1.91s/it]plain | prompt_es -1*fr:  96%|█████████▌| 107/112 [04:46<00:12,  2.40s/it]plain | prompt_es -1*fr:  96%|█████████▋| 108/112 [04:48<00:09,  2.39s/it]plain | prompt_es -1*fr:  97%|█████████▋| 109/112 [04:49<00:05,  1.96s/it]plain | prompt_es -1*fr:  98%|█████████▊| 110/112 [04:53<00:04,  2.45s/it]plain | prompt_es -1*fr:  99%|█████████▉| 111/112 [04:56<00:02,  2.78s/it]plain | prompt_es -1*fr: 100%|██████████| 112/112 [04:59<00:00,  2.81s/it]plain | prompt_es -1*fr: 100%|██████████| 112/112 [04:59<00:00,  2.68s/it]
plain | prompt_es -1*es:   0%|          | 0/112 [00:00<?, ?it/s]plain | prompt_es -1*es:   1%|          | 1/112 [00:02<04:49,  2.60s/it]plain | prompt_es -1*es:   2%|▏         | 2/112 [00:06<05:49,  3.18s/it]plain | prompt_es -1*es:   3%|▎         | 3/112 [00:09<06:05,  3.35s/it]plain | prompt_es -1*es:   4%|▎         | 4/112 [00:13<06:11,  3.44s/it]plain | prompt_es -1*es:   4%|▍         | 5/112 [00:14<04:52,  2.74s/it]plain | prompt_es -1*es:   5%|▌         | 6/112 [00:15<03:43,  2.11s/it]plain | prompt_es -1*es:   6%|▋         | 7/112 [00:16<03:05,  1.76s/it]plain | prompt_es -1*es:   7%|▋         | 8/112 [00:20<04:02,  2.34s/it]plain | prompt_es -1*es:   8%|▊         | 9/112 [00:21<03:18,  1.93s/it]plain | prompt_es -1*es:   9%|▉         | 10/112 [00:22<02:38,  1.55s/it]plain | prompt_es -1*es:  10%|▉         | 11/112 [00:23<02:36,  1.55s/it]plain | prompt_es -1*es:  11%|█         | 12/112 [00:27<03:35,  2.16s/it]plain | prompt_es -1*es:  12%|█▏        | 13/112 [00:27<02:39,  1.61s/it]plain | prompt_es -1*es:  12%|█▎        | 14/112 [00:28<02:15,  1.38s/it]plain | prompt_es -1*es:  13%|█▎        | 15/112 [00:28<01:41,  1.05s/it]plain | prompt_es -1*es:  14%|█▍        | 16/112 [00:32<02:53,  1.81s/it]plain | prompt_es -1*es:  15%|█▌        | 17/112 [00:34<02:52,  1.81s/it]plain | prompt_es -1*es:  16%|█▌        | 18/112 [00:37<03:40,  2.34s/it]plain | prompt_es -1*es:  17%|█▋        | 19/112 [00:41<04:11,  2.71s/it]plain | prompt_es -1*es:  18%|█▊        | 20/112 [00:42<03:40,  2.39s/it]plain | prompt_es -1*es:  19%|█▉        | 21/112 [00:43<03:02,  2.00s/it]plain | prompt_es -1*es:  20%|█▉        | 22/112 [00:44<02:13,  1.49s/it]plain | prompt_es -1*es:  21%|██        | 23/112 [00:47<03:07,  2.11s/it]plain | prompt_es -1*es:  21%|██▏       | 24/112 [00:51<03:44,  2.55s/it]plain | prompt_es -1*es:  22%|██▏       | 25/112 [00:52<03:03,  2.11s/it]plain | prompt_es -1*es:  23%|██▎       | 26/112 [00:53<02:34,  1.80s/it]plain | prompt_es -1*es:  24%|██▍       | 27/112 [00:55<02:37,  1.86s/it]plain | prompt_es -1*es:  25%|██▌       | 28/112 [00:56<02:13,  1.59s/it]plain | prompt_es -1*es:  26%|██▌       | 29/112 [01:00<03:01,  2.18s/it]plain | prompt_es -1*es:  27%|██▋       | 30/112 [01:02<02:57,  2.16s/it]plain | prompt_es -1*es:  28%|██▊       | 31/112 [01:03<02:45,  2.05s/it]plain | prompt_es -1*es:  29%|██▊       | 32/112 [01:06<02:50,  2.13s/it]plain | prompt_es -1*es:  29%|██▉       | 33/112 [01:07<02:23,  1.82s/it]plain | prompt_es -1*es:  30%|███       | 34/112 [01:08<02:16,  1.75s/it]plain | prompt_es -1*es:  31%|███▏      | 35/112 [01:12<02:56,  2.29s/it]plain | prompt_es -1*es:  32%|███▏      | 36/112 [01:13<02:14,  1.77s/it]plain | prompt_es -1*es:  33%|███▎      | 37/112 [01:14<02:12,  1.77s/it]plain | prompt_es -1*es:  34%|███▍      | 38/112 [01:15<01:43,  1.40s/it]plain | prompt_es -1*es:  35%|███▍      | 39/112 [01:18<02:28,  2.03s/it]plain | prompt_es -1*es:  36%|███▌      | 40/112 [01:22<02:59,  2.50s/it]plain | prompt_es -1*es:  37%|███▋      | 41/112 [01:25<03:03,  2.58s/it]plain | prompt_es -1*es:  38%|███▊      | 42/112 [01:26<02:41,  2.31s/it]plain | prompt_es -1*es:  38%|███▊      | 43/112 [01:27<02:06,  1.83s/it]plain | prompt_es -1*es:  39%|███▉      | 44/112 [01:31<02:39,  2.35s/it]plain | prompt_es -1*es:  40%|████      | 45/112 [01:31<02:01,  1.82s/it]plain | prompt_es -1*es:  41%|████      | 46/112 [01:33<01:57,  1.78s/it]plain | prompt_es -1*es:  42%|████▏     | 47/112 [01:34<01:40,  1.55s/it]plain | prompt_es -1*es:  43%|████▎     | 48/112 [01:34<01:20,  1.25s/it]plain | prompt_es -1*es:  44%|████▍     | 49/112 [01:36<01:27,  1.40s/it]plain | prompt_es -1*es:  45%|████▍     | 50/112 [01:40<02:06,  2.05s/it]plain | prompt_es -1*es:  46%|████▌     | 51/112 [01:41<01:46,  1.74s/it]plain | prompt_es -1*es:  46%|████▋     | 52/112 [01:44<02:02,  2.04s/it]plain | prompt_es -1*es:  47%|████▋     | 53/112 [01:47<02:27,  2.50s/it]plain | prompt_es -1*es:  48%|████▊     | 54/112 [01:51<02:44,  2.83s/it]plain | prompt_es -1*es:  49%|████▉     | 55/112 [01:51<02:04,  2.19s/it]plain | prompt_es -1*es:  50%|█████     | 56/112 [01:55<02:25,  2.60s/it]plain | prompt_es -1*es:  51%|█████     | 57/112 [01:55<01:48,  1.97s/it]plain | prompt_es -1*es:  52%|█████▏    | 58/112 [01:59<02:12,  2.45s/it]plain | prompt_es -1*es:  53%|█████▎    | 59/112 [02:03<02:27,  2.78s/it]plain | prompt_es -1*es:  54%|█████▎    | 60/112 [02:04<01:57,  2.26s/it]plain | prompt_es -1*es:  54%|█████▍    | 61/112 [02:07<02:15,  2.66s/it]plain | prompt_es -1*es:  55%|█████▌    | 62/112 [02:08<01:40,  2.02s/it]plain | prompt_es -1*es:  56%|█████▋    | 63/112 [02:08<01:18,  1.60s/it]plain | prompt_es -1*es:  57%|█████▋    | 64/112 [02:10<01:23,  1.73s/it]plain | prompt_es -1*es:  58%|█████▊    | 65/112 [02:14<01:46,  2.27s/it]plain | prompt_es -1*es:  59%|█████▉    | 66/112 [02:18<02:02,  2.66s/it]plain | prompt_es -1*es:  60%|█████▉    | 67/112 [02:19<01:37,  2.16s/it]plain | prompt_es -1*es:  61%|██████    | 68/112 [02:20<01:22,  1.87s/it]plain | prompt_es -1*es:  62%|██████▏   | 69/112 [02:21<01:08,  1.60s/it]plain | prompt_es -1*es:  62%|██████▎   | 70/112 [02:24<01:31,  2.18s/it]plain | prompt_es -1*es:  63%|██████▎   | 71/112 [02:28<01:46,  2.59s/it]plain | prompt_es -1*es:  64%|██████▍   | 72/112 [02:30<01:36,  2.40s/it]plain | prompt_es -1*es:  65%|██████▌   | 73/112 [02:31<01:24,  2.15s/it]plain | prompt_es -1*es:  66%|██████▌   | 74/112 [02:32<01:09,  1.82s/it]plain | prompt_es -1*es:  67%|██████▋   | 75/112 [02:36<01:26,  2.34s/it]plain | prompt_es -1*es:  68%|██████▊   | 76/112 [02:38<01:26,  2.39s/it]plain | prompt_es -1*es:  69%|██████▉   | 77/112 [02:40<01:13,  2.09s/it]plain | prompt_es -1*es:  70%|██████▉   | 78/112 [02:43<01:26,  2.54s/it]plain | prompt_es -1*es:  71%|███████   | 79/112 [02:47<01:33,  2.84s/it]plain | prompt_es -1*es:  71%|███████▏  | 80/112 [02:48<01:10,  2.21s/it]plain | prompt_es -1*es:  72%|███████▏  | 81/112 [02:49<00:57,  1.85s/it]plain | prompt_es -1*es:  73%|███████▎  | 82/112 [02:49<00:44,  1.49s/it]plain | prompt_es -1*es:  74%|███████▍  | 83/112 [02:53<01:01,  2.11s/it]plain | prompt_es -1*es:  75%|███████▌  | 84/112 [02:55<00:56,  2.00s/it]plain | prompt_es -1*es:  76%|███████▌  | 85/112 [02:58<01:02,  2.31s/it]plain | prompt_es -1*es:  77%|███████▋  | 86/112 [02:59<00:48,  1.88s/it]plain | prompt_es -1*es:  78%|███████▊  | 87/112 [03:02<00:57,  2.29s/it]plain | prompt_es -1*es:  79%|███████▊  | 88/112 [03:05<01:04,  2.67s/it]plain | prompt_es -1*es:  79%|███████▉  | 89/112 [03:07<00:51,  2.23s/it]plain | prompt_es -1*es:  80%|████████  | 90/112 [03:10<00:57,  2.63s/it]plain | prompt_es -1*es:  81%|████████▏ | 91/112 [03:11<00:43,  2.09s/it]plain | prompt_es -1*es:  82%|████████▏ | 92/112 [03:14<00:50,  2.53s/it]plain | prompt_es -1*es:  83%|████████▎ | 93/112 [03:15<00:38,  2.03s/it]plain | prompt_es -1*es:  84%|████████▍ | 94/112 [03:19<00:44,  2.49s/it]plain | prompt_es -1*es:  85%|████████▍ | 95/112 [03:21<00:38,  2.26s/it]plain | prompt_es -1*es:  86%|████████▌ | 96/112 [03:23<00:35,  2.23s/it]plain | prompt_es -1*es:  87%|████████▋ | 97/112 [03:24<00:28,  1.89s/it]plain | prompt_es -1*es:  88%|████████▊ | 98/112 [03:27<00:33,  2.39s/it]plain | prompt_es -1*es:  88%|████████▊ | 99/112 [03:29<00:25,  1.99s/it]plain | prompt_es -1*es:  89%|████████▉ | 100/112 [03:32<00:29,  2.46s/it]plain | prompt_es -1*es:  90%|█████████ | 101/112 [03:33<00:23,  2.11s/it]plain | prompt_es -1*es:  91%|█████████ | 102/112 [03:36<00:24,  2.41s/it]plain | prompt_es -1*es:  92%|█████████▏| 103/112 [03:38<00:19,  2.12s/it]plain | prompt_es -1*es:  93%|█████████▎| 104/112 [03:41<00:20,  2.54s/it]plain | prompt_es -1*es:  94%|█████████▍| 105/112 [03:43<00:14,  2.12s/it]plain | prompt_es -1*es:  95%|█████████▍| 106/112 [03:43<00:09,  1.57s/it]plain | prompt_es -1*es:  96%|█████████▌| 107/112 [03:46<00:10,  2.16s/it]plain | prompt_es -1*es:  96%|█████████▋| 108/112 [03:50<00:09,  2.49s/it]plain | prompt_es -1*es:  97%|█████████▋| 109/112 [03:52<00:07,  2.44s/it]plain | prompt_es -1*es:  98%|█████████▊| 110/112 [03:53<00:04,  2.13s/it]plain | prompt_es -1*es:  99%|█████████▉| 111/112 [03:54<00:01,  1.75s/it]plain | prompt_es -1*es: 100%|██████████| 112/112 [03:56<00:00,  1.66s/it]plain | prompt_es -1*es: 100%|██████████| 112/112 [03:56<00:00,  2.11s/it]
plain | prompt_es -1*de:   0%|          | 0/112 [00:00<?, ?it/s]plain | prompt_es -1*de:   1%|          | 1/112 [00:00<01:18,  1.41it/s]plain | prompt_es -1*de:   2%|▏         | 2/112 [00:04<04:25,  2.41s/it]plain | prompt_es -1*de:   3%|▎         | 3/112 [00:05<03:33,  1.96s/it]plain | prompt_es -1*de:   4%|▎         | 4/112 [00:09<04:40,  2.59s/it]plain | prompt_es -1*de:   4%|▍         | 5/112 [00:10<03:25,  1.92s/it]plain | prompt_es -1*de:   5%|▌         | 6/112 [00:11<03:25,  1.94s/it]plain | prompt_es -1*de:   6%|▋         | 7/112 [00:15<04:18,  2.46s/it]plain | prompt_es -1*de:   7%|▋         | 8/112 [00:16<03:36,  2.08s/it]plain | prompt_es -1*de:   8%|▊         | 9/112 [00:20<04:22,  2.54s/it]plain | prompt_es -1*de:   9%|▉         | 10/112 [00:23<04:33,  2.68s/it]plain | prompt_es -1*de:  10%|▉         | 11/112 [00:25<04:24,  2.62s/it]plain | prompt_es -1*de:  11%|█         | 12/112 [00:29<04:51,  2.92s/it]plain | prompt_es -1*de:  12%|█▏        | 13/112 [00:33<05:12,  3.15s/it]plain | prompt_es -1*de:  12%|█▎        | 14/112 [00:35<04:32,  2.78s/it]plain | prompt_es -1*de:  13%|█▎        | 15/112 [00:35<03:16,  2.03s/it]plain | prompt_es -1*de:  14%|█▍        | 16/112 [00:38<04:00,  2.50s/it]plain | prompt_es -1*de:  15%|█▌        | 17/112 [00:40<03:37,  2.29s/it]plain | prompt_es -1*de:  16%|█▌        | 18/112 [00:41<02:55,  1.86s/it]plain | prompt_es -1*de:  17%|█▋        | 19/112 [00:45<03:41,  2.38s/it]plain | prompt_es -1*de:  18%|█▊        | 20/112 [00:47<03:41,  2.41s/it]plain | prompt_es -1*de:  19%|█▉        | 21/112 [00:51<04:11,  2.77s/it]plain | prompt_es -1*de:  20%|█▉        | 22/112 [00:51<03:02,  2.02s/it]plain | prompt_es -1*de:  21%|██        | 23/112 [00:55<03:41,  2.49s/it]plain | prompt_es -1*de:  21%|██▏       | 24/112 [00:55<02:44,  1.87s/it]plain | prompt_es -1*de:  22%|██▏       | 25/112 [00:56<02:17,  1.58s/it]plain | prompt_es -1*de:  23%|██▎       | 26/112 [01:00<03:07,  2.18s/it]plain | prompt_es -1*de:  24%|██▍       | 27/112 [01:00<02:24,  1.70s/it]plain | prompt_es -1*de:  25%|██▌       | 28/112 [01:04<03:10,  2.27s/it]plain | prompt_es -1*de:  26%|██▌       | 29/112 [01:07<03:40,  2.66s/it]plain | prompt_es -1*de:  27%|██▋       | 30/112 [01:11<04:01,  2.94s/it]plain | prompt_es -1*de:  28%|██▊       | 31/112 [01:15<04:14,  3.14s/it]plain | prompt_es -1*de:  29%|██▊       | 32/112 [01:18<04:22,  3.28s/it]plain | prompt_es -1*de:  29%|██▉       | 33/112 [01:20<03:55,  2.99s/it]plain | prompt_es -1*de:  30%|███       | 34/112 [01:24<04:06,  3.16s/it]plain | prompt_es -1*de:  31%|███▏      | 35/112 [01:28<04:14,  3.30s/it]plain | prompt_es -1*de:  32%|███▏      | 36/112 [01:31<04:17,  3.38s/it]plain | prompt_es -1*de:  33%|███▎      | 37/112 [01:35<04:17,  3.43s/it]plain | prompt_es -1*de:  34%|███▍      | 38/112 [01:38<04:09,  3.37s/it]plain | prompt_es -1*de:  35%|███▍      | 39/112 [01:42<04:11,  3.44s/it]plain | prompt_es -1*de:  36%|███▌      | 40/112 [01:45<04:10,  3.48s/it]plain | prompt_es -1*de:  37%|███▋      | 41/112 [01:49<04:08,  3.50s/it]plain | prompt_es -1*de:  38%|███▊      | 42/112 [01:52<04:06,  3.52s/it]plain | prompt_es -1*de:  38%|███▊      | 43/112 [01:53<02:58,  2.58s/it]plain | prompt_es -1*de:  39%|███▉      | 44/112 [01:56<03:16,  2.89s/it]plain | prompt_es -1*de:  40%|████      | 45/112 [02:00<03:27,  3.10s/it]plain | prompt_es -1*de:  41%|████      | 46/112 [02:01<02:48,  2.56s/it]plain | prompt_es -1*de:  42%|████▏     | 47/112 [02:05<03:06,  2.87s/it]plain | prompt_es -1*de:  43%|████▎     | 48/112 [02:07<02:43,  2.56s/it]plain | prompt_es -1*de:  44%|████▍     | 49/112 [02:07<02:08,  2.04s/it]plain | prompt_es -1*de:  45%|████▍     | 50/112 [02:10<02:12,  2.14s/it]plain | prompt_es -1*de:  46%|████▌     | 51/112 [02:13<02:36,  2.57s/it]plain | prompt_es -1*de:  46%|████▋     | 52/112 [02:14<02:05,  2.08s/it]plain | prompt_es -1*de:  47%|████▋     | 53/112 [02:18<02:29,  2.54s/it]plain | prompt_es -1*de:  48%|████▊     | 54/112 [02:21<02:44,  2.84s/it]plain | prompt_es -1*de:  49%|████▉     | 55/112 [02:22<01:59,  2.09s/it]plain | prompt_es -1*de:  50%|█████     | 56/112 [02:25<02:22,  2.54s/it]plain | prompt_es -1*de:  51%|█████     | 57/112 [02:26<01:45,  1.91s/it]plain | prompt_es -1*de:  52%|█████▏    | 58/112 [02:29<02:10,  2.41s/it]plain | prompt_es -1*de:  53%|█████▎    | 59/112 [02:33<02:26,  2.76s/it]plain | prompt_es -1*de:  54%|█████▎    | 60/112 [02:35<02:11,  2.54s/it]plain | prompt_es -1*de:  54%|█████▍    | 61/112 [02:39<02:26,  2.87s/it]plain | prompt_es -1*de:  55%|█████▌    | 62/112 [02:40<01:54,  2.29s/it]plain | prompt_es -1*de:  56%|█████▋    | 63/112 [02:42<01:49,  2.23s/it]plain | prompt_es -1*de:  57%|█████▋    | 64/112 [02:42<01:22,  1.72s/it]plain | prompt_es -1*de:  58%|█████▊    | 65/112 [02:44<01:25,  1.81s/it]plain | prompt_es -1*de:  59%|█████▉    | 66/112 [02:45<01:02,  1.36s/it]plain | prompt_es -1*de:  60%|█████▉    | 67/112 [02:48<01:30,  2.02s/it]plain | prompt_es -1*de:  61%|██████    | 68/112 [02:52<01:48,  2.48s/it]plain | prompt_es -1*de:  62%|██████▏   | 69/112 [02:53<01:30,  2.11s/it]plain | prompt_es -1*de:  62%|██████▎   | 70/112 [02:57<01:47,  2.57s/it]plain | prompt_es -1*de:  63%|██████▎   | 71/112 [02:57<01:19,  1.95s/it]plain | prompt_es -1*de:  64%|██████▍   | 72/112 [03:01<01:37,  2.43s/it]plain | prompt_es -1*de:  65%|██████▌   | 73/112 [03:04<01:48,  2.77s/it]plain | prompt_es -1*de:  66%|██████▌   | 74/112 [03:05<01:25,  2.25s/it]plain | prompt_es -1*de:  67%|██████▋   | 75/112 [03:09<01:38,  2.65s/it]plain | prompt_es -1*de:  68%|██████▊   | 76/112 [03:12<01:42,  2.85s/it]plain | prompt_es -1*de:  69%|██████▉   | 77/112 [03:15<01:37,  2.79s/it]plain | prompt_es -1*de:  70%|██████▉   | 78/112 [03:18<01:42,  3.03s/it]plain | prompt_es -1*de:  71%|███████   | 79/112 [03:22<01:45,  3.19s/it]plain | prompt_es -1*de:  71%|███████▏  | 80/112 [03:23<01:21,  2.54s/it]plain | prompt_es -1*de:  72%|███████▏  | 81/112 [03:26<01:28,  2.85s/it]plain | prompt_es -1*de:  73%|███████▎  | 82/112 [03:30<01:32,  3.07s/it]plain | prompt_es -1*de:  74%|███████▍  | 83/112 [03:34<01:33,  3.23s/it]plain | prompt_es -1*de:  75%|███████▌  | 84/112 [03:37<01:33,  3.32s/it]plain | prompt_es -1*de:  76%|███████▌  | 85/112 [03:38<01:11,  2.66s/it]plain | prompt_es -1*de:  77%|███████▋  | 86/112 [03:42<01:16,  2.94s/it]plain | prompt_es -1*de:  78%|███████▊  | 87/112 [03:43<00:59,  2.37s/it]plain | prompt_es -1*de:  79%|███████▊  | 88/112 [03:44<00:47,  1.97s/it]plain | prompt_es -1*de:  79%|███████▉  | 89/112 [03:48<00:56,  2.44s/it]plain | prompt_es -1*de:  80%|████████  | 90/112 [03:51<01:01,  2.78s/it]plain | prompt_es -1*de:  81%|████████▏ | 91/112 [03:55<01:03,  3.01s/it]plain | prompt_es -1*de:  82%|████████▏ | 92/112 [03:56<00:48,  2.40s/it]plain | prompt_es -1*de:  83%|████████▎ | 93/112 [03:59<00:49,  2.61s/it]plain | prompt_es -1*de:  84%|████████▍ | 94/112 [04:00<00:42,  2.34s/it]plain | prompt_es -1*de:  85%|████████▍ | 95/112 [04:02<00:34,  2.05s/it]plain | prompt_es -1*de:  86%|████████▌ | 96/112 [04:05<00:40,  2.51s/it]plain | prompt_es -1*de:  87%|████████▋ | 97/112 [04:09<00:42,  2.83s/it]plain | prompt_es -1*de:  88%|████████▊ | 98/112 [04:13<00:42,  3.05s/it]plain | prompt_es -1*de:  88%|████████▊ | 99/112 [04:16<00:40,  3.10s/it]plain | prompt_es -1*de:  89%|████████▉ | 100/112 [04:19<00:39,  3.25s/it]plain | prompt_es -1*de:  90%|█████████ | 101/112 [04:20<00:28,  2.58s/it]plain | prompt_es -1*de:  91%|█████████ | 102/112 [04:24<00:28,  2.90s/it]plain | prompt_es -1*de:  92%|█████████▏| 103/112 [04:28<00:27,  3.10s/it]plain | prompt_es -1*de:  93%|█████████▎| 104/112 [04:31<00:25,  3.16s/it]plain | prompt_es -1*de:  94%|█████████▍| 105/112 [04:34<00:23,  3.29s/it]plain | prompt_es -1*de:  95%|█████████▍| 106/112 [04:35<00:14,  2.39s/it]plain | prompt_es -1*de:  96%|█████████▌| 107/112 [04:38<00:13,  2.74s/it]plain | prompt_es -1*de:  96%|█████████▋| 108/112 [04:40<00:09,  2.36s/it]plain | prompt_es -1*de:  97%|█████████▋| 109/112 [04:43<00:08,  2.72s/it]plain | prompt_es -1*de:  98%|█████████▊| 110/112 [04:45<00:05,  2.50s/it]plain | prompt_es -1*de:  99%|█████████▉| 111/112 [04:49<00:02,  2.83s/it]plain | prompt_es -1*de: 100%|██████████| 112/112 [04:52<00:00,  2.84s/it]plain | prompt_es -1*de: 100%|██████████| 112/112 [04:52<00:00,  2.61s/it]
plain | prompt_es -1*rand0_es:   0%|          | 0/112 [00:00<?, ?it/s]plain | prompt_es -1*rand0_es:   1%|          | 1/112 [00:03<06:37,  3.58s/it]plain | prompt_es -1*rand0_es:   2%|▏         | 2/112 [00:07<06:32,  3.57s/it]plain | prompt_es -1*rand0_es:   3%|▎         | 3/112 [00:07<04:11,  2.31s/it]plain | prompt_es -1*rand0_es:   4%|▎         | 4/112 [00:11<05:02,  2.80s/it]plain | prompt_es -1*rand0_es:   4%|▍         | 5/112 [00:15<05:30,  3.09s/it]plain | prompt_es -1*rand0_es:   5%|▌         | 6/112 [00:18<05:47,  3.27s/it]plain | prompt_es -1*rand0_es:   6%|▋         | 7/112 [00:22<05:53,  3.37s/it]plain | prompt_es -1*rand0_es:   7%|▋         | 8/112 [00:22<04:14,  2.45s/it]plain | prompt_es -1*rand0_es:   8%|▊         | 9/112 [00:26<04:48,  2.80s/it]plain | prompt_es -1*rand0_es:   9%|▉         | 10/112 [00:27<03:55,  2.31s/it]plain | prompt_es -1*rand0_es:  10%|▉         | 11/112 [00:31<04:33,  2.71s/it]plain | prompt_es -1*rand0_es:  11%|█         | 12/112 [00:34<04:57,  2.98s/it]plain | prompt_es -1*rand0_es:  12%|█▏        | 13/112 [00:37<04:54,  2.98s/it]plain | prompt_es -1*rand0_es:  12%|█▎        | 14/112 [00:41<05:10,  3.17s/it]plain | prompt_es -1*rand0_es:  13%|█▎        | 15/112 [00:41<03:42,  2.30s/it]plain | prompt_es -1*rand0_es:  14%|█▍        | 16/112 [00:45<04:17,  2.68s/it]plain | prompt_es -1*rand0_es:  15%|█▌        | 17/112 [00:48<04:39,  2.95s/it]plain | prompt_es -1*rand0_es:  16%|█▌        | 18/112 [00:52<04:55,  3.14s/it]plain | prompt_es -1*rand0_es:  17%|█▋        | 19/112 [00:56<05:08,  3.31s/it]plain | prompt_es -1*rand0_es:  18%|█▊        | 20/112 [00:56<03:45,  2.45s/it]plain | prompt_es -1*rand0_es:  19%|█▉        | 21/112 [01:00<04:12,  2.78s/it]plain | prompt_es -1*rand0_es:  20%|█▉        | 22/112 [01:00<03:02,  2.03s/it]plain | prompt_es -1*rand0_es:  21%|██        | 23/112 [01:00<02:22,  1.60s/it]plain | prompt_es -1*rand0_es:  21%|██▏       | 24/112 [01:01<01:49,  1.24s/it]plain | prompt_es -1*rand0_es:  22%|██▏       | 25/112 [01:02<01:44,  1.20s/it]plain | prompt_es -1*rand0_es:  23%|██▎       | 26/112 [01:06<02:44,  1.92s/it]plain | prompt_es -1*rand0_es:  24%|██▍       | 27/112 [01:06<02:17,  1.61s/it]plain | prompt_es -1*rand0_es:  25%|██▌       | 28/112 [01:10<03:05,  2.21s/it]plain | prompt_es -1*rand0_es:  26%|██▌       | 29/112 [01:14<03:37,  2.62s/it]plain | prompt_es -1*rand0_es:  27%|██▋       | 30/112 [01:17<03:58,  2.90s/it]plain | prompt_es -1*rand0_es:  28%|██▊       | 31/112 [01:21<04:10,  3.10s/it]plain | prompt_es -1*rand0_es:  29%|██▊       | 32/112 [01:22<03:14,  2.44s/it]plain | prompt_es -1*rand0_es:  29%|██▉       | 33/112 [01:23<02:35,  1.97s/it]plain | prompt_es -1*rand0_es:  30%|███       | 34/112 [01:26<03:11,  2.46s/it]plain | prompt_es -1*rand0_es:  31%|███▏      | 35/112 [01:30<03:34,  2.78s/it]plain | prompt_es -1*rand0_es:  32%|███▏      | 36/112 [01:33<03:49,  3.02s/it]plain | prompt_es -1*rand0_es:  33%|███▎      | 37/112 [01:37<03:59,  3.20s/it]plain | prompt_es -1*rand0_es:  34%|███▍      | 38/112 [01:37<02:57,  2.40s/it]plain | prompt_es -1*rand0_es:  35%|███▍      | 39/112 [01:41<03:21,  2.76s/it]plain | prompt_es -1*rand0_es:  36%|███▌      | 40/112 [01:42<02:37,  2.19s/it]plain | prompt_es -1*rand0_es:  37%|███▋      | 41/112 [01:45<03:04,  2.60s/it]plain | prompt_es -1*rand0_es:  38%|███▊      | 42/112 [01:49<03:20,  2.87s/it]plain | prompt_es -1*rand0_es:  38%|███▊      | 43/112 [01:49<02:26,  2.12s/it]plain | prompt_es -1*rand0_es:  39%|███▉      | 44/112 [01:53<02:54,  2.57s/it]plain | prompt_es -1*rand0_es:  40%|████      | 45/112 [01:56<03:12,  2.88s/it]plain | prompt_es -1*rand0_es:  41%|████      | 46/112 [02:00<03:25,  3.11s/it]plain | prompt_es -1*rand0_es:  42%|████▏     | 47/112 [02:04<03:31,  3.26s/it]plain | prompt_es -1*rand0_es:  43%|████▎     | 48/112 [02:05<02:53,  2.72s/it]plain | prompt_es -1*rand0_es:  44%|████▍     | 49/112 [02:06<02:12,  2.10s/it]plain | prompt_es -1*rand0_es:  45%|████▍     | 50/112 [02:09<02:37,  2.54s/it]plain | prompt_es -1*rand0_es:  46%|████▌     | 51/112 [02:13<02:53,  2.84s/it]plain | prompt_es -1*rand0_es:  46%|████▋     | 52/112 [02:14<02:13,  2.22s/it]plain | prompt_es -1*rand0_es:  47%|████▋     | 53/112 [02:17<02:35,  2.63s/it]plain | prompt_es -1*rand0_es:  48%|████▊     | 54/112 [02:21<02:49,  2.92s/it]plain | prompt_es -1*rand0_es:  49%|████▉     | 55/112 [02:21<02:02,  2.14s/it]plain | prompt_es -1*rand0_es:  50%|█████     | 56/112 [02:22<01:31,  1.63s/it]plain | prompt_es -1*rand0_es:  51%|█████     | 57/112 [02:22<01:10,  1.27s/it]plain | prompt_es -1*rand0_es:  52%|█████▏    | 58/112 [02:26<01:45,  1.96s/it]plain | prompt_es -1*rand0_es:  53%|█████▎    | 59/112 [02:29<02:09,  2.44s/it]plain | prompt_es -1*rand0_es:  54%|█████▎    | 60/112 [02:33<02:24,  2.78s/it]plain | prompt_es -1*rand0_es:  54%|█████▍    | 61/112 [02:36<02:33,  3.01s/it]plain | prompt_es -1*rand0_es:  55%|█████▌    | 62/112 [02:40<02:39,  3.19s/it]plain | prompt_es -1*rand0_es:  56%|█████▋    | 63/112 [02:40<01:53,  2.32s/it]plain | prompt_es -1*rand0_es:  57%|█████▋    | 64/112 [02:41<01:25,  1.78s/it]plain | prompt_es -1*rand0_es:  58%|█████▊    | 65/112 [02:44<01:48,  2.31s/it]plain | prompt_es -1*rand0_es:  59%|█████▉    | 66/112 [02:45<01:18,  1.72s/it]plain | prompt_es -1*rand0_es:  60%|█████▉    | 67/112 [02:45<00:59,  1.33s/it]plain | prompt_es -1*rand0_es:  61%|██████    | 68/112 [02:49<01:28,  2.00s/it]plain | prompt_es -1*rand0_es:  62%|██████▏   | 69/112 [02:49<01:04,  1.50s/it]plain | prompt_es -1*rand0_es:  62%|██████▎   | 70/112 [02:53<01:29,  2.13s/it]plain | prompt_es -1*rand0_es:  63%|██████▎   | 71/112 [02:56<01:45,  2.57s/it]plain | prompt_es -1*rand0_es:  64%|██████▍   | 72/112 [02:57<01:16,  1.92s/it]plain | prompt_es -1*rand0_es:  65%|██████▌   | 73/112 [02:58<01:09,  1.78s/it]plain | prompt_es -1*rand0_es:  66%|██████▌   | 74/112 [03:02<01:28,  2.34s/it]plain | prompt_es -1*rand0_es:  67%|██████▋   | 75/112 [03:05<01:39,  2.70s/it]plain | prompt_es -1*rand0_es:  68%|██████▊   | 76/112 [03:06<01:13,  2.05s/it]plain | prompt_es -1*rand0_es:  69%|██████▉   | 77/112 [03:09<01:27,  2.50s/it]plain | prompt_es -1*rand0_es:  70%|██████▉   | 78/112 [03:13<01:35,  2.81s/it]plain | prompt_es -1*rand0_es:  71%|███████   | 79/112 [03:13<01:10,  2.14s/it]plain | prompt_es -1*rand0_es:  71%|███████▏  | 80/112 [03:14<00:50,  1.59s/it]plain | prompt_es -1*rand0_es:  72%|███████▏  | 81/112 [03:17<01:07,  2.18s/it]plain | prompt_es -1*rand0_es:  73%|███████▎  | 82/112 [03:21<01:17,  2.59s/it]plain | prompt_es -1*rand0_es:  74%|███████▍  | 83/112 [03:21<00:56,  1.96s/it]plain | prompt_es -1*rand0_es:  75%|███████▌  | 84/112 [03:25<01:08,  2.44s/it]plain | prompt_es -1*rand0_es:  76%|███████▌  | 85/112 [03:28<01:14,  2.76s/it]plain | prompt_es -1*rand0_es:  77%|███████▋  | 86/112 [03:32<01:17,  3.00s/it]plain | prompt_es -1*rand0_es:  78%|███████▊  | 87/112 [03:34<01:07,  2.69s/it]plain | prompt_es -1*rand0_es:  79%|███████▊  | 88/112 [03:37<01:10,  2.95s/it]plain | prompt_es -1*rand0_es:  79%|███████▉  | 89/112 [03:41<01:11,  3.13s/it]plain | prompt_es -1*rand0_es:  80%|████████  | 90/112 [03:41<00:51,  2.33s/it]plain | prompt_es -1*rand0_es:  81%|████████▏ | 91/112 [03:45<00:53,  2.57s/it]plain | prompt_es -1*rand0_es:  82%|████████▏ | 92/112 [03:48<00:57,  2.88s/it]plain | prompt_es -1*rand0_es:  83%|████████▎ | 93/112 [03:49<00:40,  2.14s/it]plain | prompt_es -1*rand0_es:  84%|████████▍ | 94/112 [03:52<00:46,  2.56s/it]plain | prompt_es -1*rand0_es:  85%|████████▍ | 95/112 [03:56<00:48,  2.87s/it]plain | prompt_es -1*rand0_es:  86%|████████▌ | 96/112 [03:59<00:49,  3.09s/it]plain | prompt_es -1*rand0_es:  87%|████████▋ | 97/112 [04:00<00:34,  2.31s/it]plain | prompt_es -1*rand0_es:  88%|████████▊ | 98/112 [04:03<00:37,  2.69s/it]plain | prompt_es -1*rand0_es:  88%|████████▊ | 99/112 [04:04<00:26,  2.05s/it]plain | prompt_es -1*rand0_es:  89%|████████▉ | 100/112 [04:04<00:18,  1.52s/it]plain | prompt_es -1*rand0_es:  90%|█████████ | 101/112 [04:05<00:12,  1.18s/it]plain | prompt_es -1*rand0_es:  91%|█████████ | 102/112 [04:05<00:10,  1.06s/it]plain | prompt_es -1*rand0_es:  92%|█████████▏| 103/112 [04:09<00:16,  1.81s/it]plain | prompt_es -1*rand0_es:  93%|█████████▎| 104/112 [04:13<00:18,  2.33s/it]plain | prompt_es -1*rand0_es:  94%|█████████▍| 105/112 [04:15<00:16,  2.35s/it]plain | prompt_es -1*rand0_es:  95%|█████████▍| 106/112 [04:15<00:10,  1.78s/it]plain | prompt_es -1*rand0_es:  96%|█████████▌| 107/112 [04:16<00:07,  1.41s/it]plain | prompt_es -1*rand0_es:  96%|█████████▋| 108/112 [04:20<00:08,  2.06s/it]plain | prompt_es -1*rand0_es:  97%|█████████▋| 109/112 [04:23<00:07,  2.53s/it]plain | prompt_es -1*rand0_es:  98%|█████████▊| 110/112 [04:25<00:04,  2.23s/it]plain | prompt_es -1*rand0_es:  99%|█████████▉| 111/112 [04:28<00:02,  2.63s/it]plain | prompt_es -1*rand0_es: 100%|██████████| 112/112 [04:32<00:00,  2.92s/it]plain | prompt_es -1*rand0_es: 100%|██████████| 112/112 [04:32<00:00,  2.43s/it]
plain | prompt_es -1*rand1_es:   0%|          | 0/112 [00:00<?, ?it/s]plain | prompt_es -1*rand1_es:   1%|          | 1/112 [00:00<01:33,  1.18it/s]plain | prompt_es -1*rand1_es:   2%|▏         | 2/112 [00:04<04:28,  2.44s/it]plain | prompt_es -1*rand1_es:   3%|▎         | 3/112 [00:05<03:04,  1.69s/it]plain | prompt_es -1*rand1_es:   4%|▎         | 4/112 [00:08<04:21,  2.42s/it]plain | prompt_es -1*rand1_es:   4%|▍         | 5/112 [00:12<05:02,  2.83s/it]plain | prompt_es -1*rand1_es:   5%|▌         | 6/112 [00:15<05:25,  3.07s/it]plain | prompt_es -1*rand1_es:   6%|▋         | 7/112 [00:19<05:38,  3.23s/it]plain | prompt_es -1*rand1_es:   7%|▋         | 8/112 [00:19<04:04,  2.35s/it]plain | prompt_es -1*rand1_es:   8%|▊         | 9/112 [00:23<04:41,  2.73s/it]plain | prompt_es -1*rand1_es:   9%|▉         | 10/112 [00:24<03:42,  2.18s/it]plain | prompt_es -1*rand1_es:  10%|▉         | 11/112 [00:27<04:22,  2.60s/it]plain | prompt_es -1*rand1_es:  11%|█         | 12/112 [00:31<04:50,  2.90s/it]plain | prompt_es -1*rand1_es:  12%|█▏        | 13/112 [00:35<05:06,  3.09s/it]plain | prompt_es -1*rand1_es:  12%|█▎        | 14/112 [00:38<05:17,  3.24s/it]plain | prompt_es -1*rand1_es:  13%|█▎        | 15/112 [00:38<03:47,  2.35s/it]plain | prompt_es -1*rand1_es:  14%|█▍        | 16/112 [00:42<04:19,  2.70s/it]plain | prompt_es -1*rand1_es:  15%|█▌        | 17/112 [00:42<03:11,  2.02s/it]plain | prompt_es -1*rand1_es:  16%|█▌        | 18/112 [00:46<03:52,  2.48s/it]plain | prompt_es -1*rand1_es:  17%|█▋        | 19/112 [00:46<02:57,  1.91s/it]plain | prompt_es -1*rand1_es:  18%|█▊        | 20/112 [00:50<03:40,  2.39s/it]plain | prompt_es -1*rand1_es:  19%|█▉        | 21/112 [00:54<04:10,  2.75s/it]plain | prompt_es -1*rand1_es:  20%|█▉        | 22/112 [00:54<03:00,  2.00s/it]plain | prompt_es -1*rand1_es:  21%|██        | 23/112 [00:55<02:28,  1.67s/it]plain | prompt_es -1*rand1_es:  21%|██▏       | 24/112 [00:55<01:53,  1.29s/it]plain | prompt_es -1*rand1_es:  22%|██▏       | 25/112 [00:56<01:36,  1.11s/it]plain | prompt_es -1*rand1_es:  23%|██▎       | 26/112 [00:59<02:39,  1.85s/it]plain | prompt_es -1*rand1_es:  24%|██▍       | 27/112 [01:02<03:06,  2.20s/it]plain | prompt_es -1*rand1_es:  25%|██▌       | 28/112 [01:05<03:24,  2.43s/it]plain | prompt_es -1*rand1_es:  26%|██▌       | 29/112 [01:09<03:49,  2.77s/it]plain | prompt_es -1*rand1_es:  27%|██▋       | 30/112 [01:09<02:51,  2.09s/it]plain | prompt_es -1*rand1_es:  28%|██▊       | 31/112 [01:13<03:24,  2.52s/it]plain | prompt_es -1*rand1_es:  29%|██▊       | 32/112 [01:17<03:47,  2.84s/it]plain | prompt_es -1*rand1_es:  29%|██▉       | 33/112 [01:20<04:02,  3.07s/it]plain | prompt_es -1*rand1_es:  30%|███       | 34/112 [01:24<04:11,  3.22s/it]plain | prompt_es -1*rand1_es:  31%|███▏      | 35/112 [01:24<03:01,  2.35s/it]plain | prompt_es -1*rand1_es:  32%|███▏      | 36/112 [01:28<03:26,  2.72s/it]plain | prompt_es -1*rand1_es:  33%|███▎      | 37/112 [01:31<03:42,  2.97s/it]plain | prompt_es -1*rand1_es:  34%|███▍      | 38/112 [01:32<02:41,  2.18s/it]plain | prompt_es -1*rand1_es:  35%|███▍      | 39/112 [01:35<03:09,  2.60s/it]plain | prompt_es -1*rand1_es:  36%|███▌      | 40/112 [01:38<03:15,  2.71s/it]plain | prompt_es -1*rand1_es:  37%|███▋      | 41/112 [01:42<03:30,  2.96s/it]plain | prompt_es -1*rand1_es:  38%|███▊      | 42/112 [01:43<02:56,  2.52s/it]plain | prompt_es -1*rand1_es:  38%|███▊      | 43/112 [01:43<02:06,  1.83s/it]plain | prompt_es -1*rand1_es:  39%|███▉      | 44/112 [01:47<02:39,  2.34s/it]plain | prompt_es -1*rand1_es:  40%|████      | 45/112 [01:50<03:01,  2.70s/it]plain | prompt_es -1*rand1_es:  41%|████      | 46/112 [01:54<03:15,  2.96s/it]plain | prompt_es -1*rand1_es:  42%|████▏     | 47/112 [01:58<03:23,  3.13s/it]plain | prompt_es -1*rand1_es:  43%|████▎     | 48/112 [01:59<02:43,  2.55s/it]plain | prompt_es -1*rand1_es:  44%|████▍     | 49/112 [02:02<02:59,  2.85s/it]plain | prompt_es -1*rand1_es:  45%|████▍     | 50/112 [02:06<03:09,  3.06s/it]plain | prompt_es -1*rand1_es:  46%|████▌     | 51/112 [02:09<03:15,  3.21s/it]plain | prompt_es -1*rand1_es:  46%|████▋     | 52/112 [02:12<03:06,  3.10s/it]plain | prompt_es -1*rand1_es:  47%|████▋     | 53/112 [02:16<03:10,  3.23s/it]plain | prompt_es -1*rand1_es:  48%|████▊     | 54/112 [02:19<03:12,  3.32s/it]plain | prompt_es -1*rand1_es:  49%|████▉     | 55/112 [02:20<02:18,  2.43s/it]plain | prompt_es -1*rand1_es:  50%|█████     | 56/112 [02:20<01:41,  1.81s/it]plain | prompt_es -1*rand1_es:  51%|█████     | 57/112 [02:20<01:17,  1.40s/it]plain | prompt_es -1*rand1_es:  52%|█████▏    | 58/112 [02:21<01:02,  1.17s/it]plain | prompt_es -1*rand1_es:  53%|█████▎    | 59/112 [02:22<00:55,  1.04s/it]plain | prompt_es -1*rand1_es:  54%|█████▎    | 60/112 [02:25<01:33,  1.79s/it]plain | prompt_es -1*rand1_es:  54%|█████▍    | 61/112 [02:29<01:58,  2.32s/it]plain | prompt_es -1*rand1_es:  55%|█████▌    | 62/112 [02:31<01:46,  2.12s/it]plain | prompt_es -1*rand1_es:  56%|█████▋    | 63/112 [02:31<01:16,  1.56s/it]plain | prompt_es -1*rand1_es:  57%|█████▋    | 64/112 [02:31<00:59,  1.25s/it]plain | prompt_es -1*rand1_es:  58%|█████▊    | 65/112 [02:35<01:31,  1.94s/it]plain | prompt_es -1*rand1_es:  59%|█████▉    | 66/112 [02:35<01:07,  1.46s/it]plain | prompt_es -1*rand1_es:  60%|█████▉    | 67/112 [02:39<01:33,  2.09s/it]plain | prompt_es -1*rand1_es:  61%|██████    | 68/112 [02:42<01:51,  2.53s/it]plain | prompt_es -1*rand1_es:  62%|██████▏   | 69/112 [02:43<01:20,  1.86s/it]plain | prompt_es -1*rand1_es:  62%|██████▎   | 70/112 [02:44<01:08,  1.63s/it]plain | prompt_es -1*rand1_es:  63%|██████▎   | 71/112 [02:45<00:59,  1.46s/it]plain | prompt_es -1*rand1_es:  64%|██████▍   | 72/112 [02:45<00:43,  1.10s/it]plain | prompt_es -1*rand1_es:  65%|██████▌   | 73/112 [02:49<01:11,  1.83s/it]plain | prompt_es -1*rand1_es:  66%|██████▌   | 74/112 [02:52<01:29,  2.35s/it]plain | prompt_es -1*rand1_es:  67%|██████▋   | 75/112 [02:56<01:40,  2.71s/it]plain | prompt_es -1*rand1_es:  68%|██████▊   | 76/112 [02:56<01:13,  2.04s/it]plain | prompt_es -1*rand1_es:  69%|██████▉   | 77/112 [02:58<01:08,  1.94s/it]plain | prompt_es -1*rand1_es:  70%|██████▉   | 78/112 [02:59<00:52,  1.54s/it]plain | prompt_es -1*rand1_es:  71%|███████   | 79/112 [02:59<00:41,  1.27s/it]plain | prompt_es -1*rand1_es:  71%|███████▏  | 80/112 [02:59<00:31,  1.02it/s]plain | prompt_es -1*rand1_es:  72%|███████▏  | 81/112 [03:03<00:54,  1.75s/it]plain | prompt_es -1*rand1_es:  73%|███████▎  | 82/112 [03:07<01:08,  2.30s/it]plain | prompt_es -1*rand1_es:  74%|███████▍  | 83/112 [03:07<00:51,  1.78s/it]plain | prompt_es -1*rand1_es:  75%|███████▌  | 84/112 [03:11<01:04,  2.31s/it]plain | prompt_es -1*rand1_es:  76%|███████▌  | 85/112 [03:11<00:47,  1.75s/it]plain | prompt_es -1*rand1_es:  77%|███████▋  | 86/112 [03:12<00:35,  1.37s/it]plain | prompt_es -1*rand1_es:  78%|███████▊  | 87/112 [03:12<00:29,  1.19s/it]plain | prompt_es -1*rand1_es:  79%|███████▊  | 88/112 [03:16<00:45,  1.91s/it]plain | prompt_es -1*rand1_es:  79%|███████▉  | 89/112 [03:20<00:55,  2.41s/it]plain | prompt_es -1*rand1_es:  80%|████████  | 90/112 [03:20<00:40,  1.83s/it]plain | prompt_es -1*rand1_es:  81%|████████▏ | 91/112 [03:24<00:49,  2.35s/it]plain | prompt_es -1*rand1_es:  82%|████████▏ | 92/112 [03:27<00:54,  2.72s/it]plain | prompt_es -1*rand1_es:  83%|████████▎ | 93/112 [03:28<00:38,  2.01s/it]plain | prompt_es -1*rand1_es:  84%|████████▍ | 94/112 [03:28<00:28,  1.57s/it]plain | prompt_es -1*rand1_es:  85%|████████▍ | 95/112 [03:32<00:36,  2.17s/it]plain | prompt_es -1*rand1_es:  86%|████████▌ | 96/112 [03:35<00:41,  2.59s/it]plain | prompt_es -1*rand1_es:  87%|████████▋ | 97/112 [03:36<00:29,  1.96s/it]plain | prompt_es -1*rand1_es:  88%|████████▊ | 98/112 [03:39<00:34,  2.44s/it]plain | prompt_es -1*rand1_es:  88%|████████▊ | 99/112 [03:40<00:24,  1.88s/it]plain | prompt_es -1*rand1_es:  89%|████████▉ | 100/112 [03:40<00:16,  1.35s/it]plain | prompt_es -1*rand1_es:  90%|█████████ | 101/112 [03:40<00:11,  1.06s/it]plain | prompt_es -1*rand1_es:  91%|█████████ | 102/112 [03:44<00:18,  1.82s/it]plain | prompt_es -1*rand1_es:  92%|█████████▏| 103/112 [03:47<00:21,  2.34s/it]plain | prompt_es -1*rand1_es:  93%|█████████▎| 104/112 [03:48<00:13,  1.69s/it]plain | prompt_es -1*rand1_es:  94%|█████████▍| 105/112 [03:49<00:11,  1.62s/it]plain | prompt_es -1*rand1_es:  95%|█████████▍| 106/112 [03:49<00:07,  1.22s/it]plain | prompt_es -1*rand1_es:  96%|█████████▌| 107/112 [03:50<00:04,  1.01it/s]plain | prompt_es -1*rand1_es:  96%|█████████▋| 108/112 [03:53<00:07,  1.76s/it]plain | prompt_es -1*rand1_es:  97%|█████████▋| 109/112 [03:57<00:06,  2.30s/it]plain | prompt_es -1*rand1_es:  98%|█████████▊| 110/112 [04:01<00:05,  2.68s/it]plain | prompt_es -1*rand1_es:  99%|█████████▉| 111/112 [04:04<00:02,  2.94s/it]plain | prompt_es -1*rand1_es: 100%|██████████| 112/112 [04:06<00:00,  2.74s/it]plain | prompt_es -1*rand1_es: 100%|██████████| 112/112 [04:06<00:00,  2.20s/it]
plain | prompt_es -1*rand2_es:   0%|          | 0/112 [00:00<?, ?it/s]plain | prompt_es -1*rand2_es:   1%|          | 1/112 [00:01<02:02,  1.11s/it]plain | prompt_es -1*rand2_es:   2%|▏         | 2/112 [00:04<04:40,  2.55s/it]plain | prompt_es -1*rand2_es:   3%|▎         | 3/112 [00:08<05:27,  3.00s/it]plain | prompt_es -1*rand2_es:   4%|▎         | 4/112 [00:11<05:46,  3.21s/it]plain | prompt_es -1*rand2_es:   4%|▍         | 5/112 [00:15<05:57,  3.34s/it]plain | prompt_es -1*rand2_es:   5%|▌         | 6/112 [00:18<06:01,  3.41s/it]plain | prompt_es -1*rand2_es:   6%|▋         | 7/112 [00:19<04:40,  2.67s/it]plain | prompt_es -1*rand2_es:   7%|▋         | 8/112 [00:20<03:25,  1.98s/it]plain | prompt_es -1*rand2_es:   8%|▊         | 9/112 [00:24<04:13,  2.46s/it]plain | prompt_es -1*rand2_es:   9%|▉         | 10/112 [00:26<04:07,  2.43s/it]plain | prompt_es -1*rand2_es:  10%|▉         | 11/112 [00:29<04:39,  2.77s/it]plain | prompt_es -1*rand2_es:  11%|█         | 12/112 [00:33<05:00,  3.00s/it]plain | prompt_es -1*rand2_es:  12%|█▏        | 13/112 [00:34<04:07,  2.50s/it]plain | prompt_es -1*rand2_es:  12%|█▎        | 14/112 [00:38<04:36,  2.82s/it]plain | prompt_es -1*rand2_es:  13%|█▎        | 15/112 [00:38<03:19,  2.06s/it]plain | prompt_es -1*rand2_es:  14%|█▍        | 16/112 [00:42<04:01,  2.51s/it]plain | prompt_es -1*rand2_es:  15%|█▌        | 17/112 [00:45<04:29,  2.83s/it]plain | prompt_es -1*rand2_es:  16%|█▌        | 18/112 [00:49<04:47,  3.06s/it]plain | prompt_es -1*rand2_es:  17%|█▋        | 19/112 [00:52<04:58,  3.21s/it]plain | prompt_es -1*rand2_es:  18%|█▊        | 20/112 [00:56<05:05,  3.32s/it]plain | prompt_es -1*rand2_es:  19%|█▉        | 21/112 [01:00<05:08,  3.39s/it]plain | prompt_es -1*rand2_es:  20%|█▉        | 22/112 [01:00<03:41,  2.46s/it]plain | prompt_es -1*rand2_es:  21%|██        | 23/112 [01:01<02:56,  1.99s/it]plain | prompt_es -1*rand2_es:  21%|██▏       | 24/112 [01:01<02:13,  1.52s/it]plain | prompt_es -1*rand2_es:  22%|██▏       | 25/112 [01:03<02:13,  1.54s/it]plain | prompt_es -1*rand2_es:  23%|██▎       | 26/112 [01:06<03:05,  2.16s/it]plain | prompt_es -1*rand2_es:  24%|██▍       | 27/112 [01:09<03:11,  2.26s/it]plain | prompt_es -1*rand2_es:  25%|██▌       | 28/112 [01:11<03:10,  2.27s/it]plain | prompt_es -1*rand2_es:  26%|██▌       | 29/112 [01:15<03:41,  2.67s/it]plain | prompt_es -1*rand2_es:  27%|██▋       | 30/112 [01:18<04:01,  2.94s/it]plain | prompt_es -1*rand2_es:  28%|██▊       | 31/112 [01:22<04:12,  3.12s/it]plain | prompt_es -1*rand2_es:  29%|██▊       | 32/112 [01:24<03:42,  2.79s/it]plain | prompt_es -1*rand2_es:  29%|██▉       | 33/112 [01:26<03:21,  2.55s/it]plain | prompt_es -1*rand2_es:  30%|███       | 34/112 [01:29<03:41,  2.84s/it]plain | prompt_es -1*rand2_es:  31%|███▏      | 35/112 [01:33<03:55,  3.06s/it]plain | prompt_es -1*rand2_es:  32%|███▏      | 36/112 [01:34<02:56,  2.32s/it]plain | prompt_es -1*rand2_es:  33%|███▎      | 37/112 [01:37<03:21,  2.68s/it]plain | prompt_es -1*rand2_es:  34%|███▍      | 38/112 [01:37<02:26,  1.98s/it]plain | prompt_es -1*rand2_es:  35%|███▍      | 39/112 [01:41<02:58,  2.45s/it]plain | prompt_es -1*rand2_es:  36%|███▌      | 40/112 [01:44<03:19,  2.77s/it]plain | prompt_es -1*rand2_es:  37%|███▋      | 41/112 [01:48<03:34,  3.02s/it]plain | prompt_es -1*rand2_es:  38%|███▊      | 42/112 [01:50<03:09,  2.71s/it]plain | prompt_es -1*rand2_es:  38%|███▊      | 43/112 [01:50<02:18,  2.01s/it]plain | prompt_es -1*rand2_es:  39%|███▉      | 44/112 [01:54<02:47,  2.47s/it]plain | prompt_es -1*rand2_es:  40%|████      | 45/112 [01:58<03:07,  2.79s/it]plain | prompt_es -1*rand2_es:  41%|████      | 46/112 [02:01<03:20,  3.04s/it]plain | prompt_es -1*rand2_es:  42%|████▏     | 47/112 [02:05<03:27,  3.20s/it]plain | prompt_es -1*rand2_es:  43%|████▎     | 48/112 [02:08<03:32,  3.31s/it]plain | prompt_es -1*rand2_es:  44%|████▍     | 49/112 [02:12<03:34,  3.40s/it]plain | prompt_es -1*rand2_es:  45%|████▍     | 50/112 [02:13<02:42,  2.62s/it]plain | prompt_es -1*rand2_es:  46%|████▌     | 51/112 [02:16<02:57,  2.90s/it]plain | prompt_es -1*rand2_es:  46%|████▋     | 52/112 [02:17<02:09,  2.17s/it]plain | prompt_es -1*rand2_es:  47%|████▋     | 53/112 [02:20<02:32,  2.58s/it]plain | prompt_es -1*rand2_es:  48%|████▊     | 54/112 [02:24<02:46,  2.88s/it]plain | prompt_es -1*rand2_es:  49%|████▉     | 55/112 [02:24<02:00,  2.11s/it]plain | prompt_es -1*rand2_es:  50%|█████     | 56/112 [02:28<02:22,  2.55s/it]plain | prompt_es -1*rand2_es:  51%|█████     | 57/112 [02:28<01:45,  1.92s/it]plain | prompt_es -1*rand2_es:  52%|█████▏    | 58/112 [02:32<02:10,  2.41s/it]plain | prompt_es -1*rand2_es:  53%|█████▎    | 59/112 [02:35<02:25,  2.75s/it]plain | prompt_es -1*rand2_es:  54%|█████▎    | 60/112 [02:39<02:35,  2.99s/it]plain | prompt_es -1*rand2_es:  54%|█████▍    | 61/112 [02:42<02:41,  3.16s/it]plain | prompt_es -1*rand2_es:  55%|█████▌    | 62/112 [02:43<01:55,  2.31s/it]plain | prompt_es -1*rand2_es:  56%|█████▋    | 63/112 [02:43<01:22,  1.69s/it]plain | prompt_es -1*rand2_es:  57%|█████▋    | 64/112 [02:43<01:04,  1.34s/it]plain | prompt_es -1*rand2_es:  58%|█████▊    | 65/112 [02:47<01:33,  2.00s/it]plain | prompt_es -1*rand2_es:  59%|█████▉    | 66/112 [02:47<01:08,  1.49s/it]plain | prompt_es -1*rand2_es:  60%|█████▉    | 67/112 [02:51<01:34,  2.11s/it]plain | prompt_es -1*rand2_es:  61%|██████    | 68/112 [02:54<01:51,  2.54s/it]plain | prompt_es -1*rand2_es:  62%|██████▏   | 69/112 [02:55<01:20,  1.87s/it]plain | prompt_es -1*rand2_es:  62%|██████▎   | 70/112 [02:58<01:39,  2.37s/it]plain | prompt_es -1*rand2_es:  63%|██████▎   | 71/112 [03:01<01:46,  2.60s/it]plain | prompt_es -1*rand2_es:  64%|██████▍   | 72/112 [03:05<01:55,  2.89s/it]plain | prompt_es -1*rand2_es:  65%|██████▌   | 73/112 [03:06<01:34,  2.42s/it]plain | prompt_es -1*rand2_es:  66%|██████▌   | 74/112 [03:10<01:45,  2.76s/it]plain | prompt_es -1*rand2_es:  67%|██████▋   | 75/112 [03:13<01:50,  3.00s/it]plain | prompt_es -1*rand2_es:  68%|██████▊   | 76/112 [03:14<01:20,  2.24s/it]plain | prompt_es -1*rand2_es:  69%|██████▉   | 77/112 [03:16<01:14,  2.12s/it]plain | prompt_es -1*rand2_es:  70%|██████▉   | 78/112 [03:19<01:26,  2.55s/it]plain | prompt_es -1*rand2_es:  71%|███████   | 79/112 [03:20<01:04,  1.96s/it]plain | prompt_es -1*rand2_es:  71%|███████▏  | 80/112 [03:21<00:51,  1.61s/it]plain | prompt_es -1*rand2_es:  72%|███████▏  | 81/112 [03:24<01:08,  2.19s/it]plain | prompt_es -1*rand2_es:  73%|███████▎  | 82/112 [03:25<00:55,  1.84s/it]plain | prompt_es -1*rand2_es:  74%|███████▍  | 83/112 [03:26<00:41,  1.44s/it]plain | prompt_es -1*rand2_es:  75%|███████▌  | 84/112 [03:29<00:58,  2.07s/it]plain | prompt_es -1*rand2_es:  76%|███████▌  | 85/112 [03:30<00:42,  1.58s/it]plain | prompt_es -1*rand2_es:  77%|███████▋  | 86/112 [03:30<00:32,  1.25s/it]plain | prompt_es -1*rand2_es:  78%|███████▊  | 87/112 [03:31<00:25,  1.00s/it]plain | prompt_es -1*rand2_es:  79%|███████▊  | 88/112 [03:34<00:42,  1.76s/it]plain | prompt_es -1*rand2_es:  79%|███████▉  | 89/112 [03:38<00:52,  2.30s/it]plain | prompt_es -1*rand2_es:  80%|████████  | 90/112 [03:38<00:38,  1.75s/it]plain | prompt_es -1*rand2_es:  81%|████████▏ | 91/112 [03:42<00:48,  2.29s/it]plain | prompt_es -1*rand2_es:  82%|████████▏ | 92/112 [03:42<00:35,  1.80s/it]plain | prompt_es -1*rand2_es:  83%|████████▎ | 93/112 [03:43<00:26,  1.38s/it]plain | prompt_es -1*rand2_es:  84%|████████▍ | 94/112 [03:43<00:20,  1.12s/it]plain | prompt_es -1*rand2_es:  85%|████████▍ | 95/112 [03:47<00:31,  1.85s/it]plain | prompt_es -1*rand2_es:  86%|████████▌ | 96/112 [03:50<00:37,  2.36s/it]plain | prompt_es -1*rand2_es:  87%|████████▋ | 97/112 [03:51<00:27,  1.80s/it]plain | prompt_es -1*rand2_es:  88%|████████▊ | 98/112 [03:54<00:32,  2.33s/it]plain | prompt_es -1*rand2_es:  88%|████████▊ | 99/112 [03:55<00:24,  1.87s/it]plain | prompt_es -1*rand2_es:  89%|████████▉ | 100/112 [03:56<00:16,  1.41s/it]plain | prompt_es -1*rand2_es:  90%|█████████ | 101/112 [03:56<00:12,  1.10s/it]plain | prompt_es -1*rand2_es:  91%|█████████ | 102/112 [03:57<00:10,  1.02s/it]plain | prompt_es -1*rand2_es:  92%|█████████▏| 103/112 [04:00<00:16,  1.79s/it]plain | prompt_es -1*rand2_es:  93%|█████████▎| 104/112 [04:04<00:18,  2.32s/it]plain | prompt_es -1*rand2_es:  94%|█████████▍| 105/112 [04:06<00:15,  2.16s/it]plain | prompt_es -1*rand2_es:  95%|█████████▍| 106/112 [04:06<00:09,  1.60s/it]plain | prompt_es -1*rand2_es:  96%|█████████▌| 107/112 [04:07<00:06,  1.28s/it]plain | prompt_es -1*rand2_es:  96%|█████████▋| 108/112 [04:10<00:07,  1.97s/it]plain | prompt_es -1*rand2_es:  97%|█████████▋| 109/112 [04:14<00:07,  2.44s/it]plain | prompt_es -1*rand2_es:  98%|█████████▊| 110/112 [04:17<00:05,  2.78s/it]plain | prompt_es -1*rand2_es:  99%|█████████▉| 111/112 [04:21<00:03,  3.01s/it]plain | prompt_es -1*rand2_es: 100%|██████████| 112/112 [04:23<00:00,  2.92s/it]plain | prompt_es -1*rand2_es: 100%|██████████| 112/112 [04:23<00:00,  2.36s/it]
plain | prompt_de:   0%|          | 0/112 [00:00<?, ?it/s]plain | prompt_de:   2%|▏         | 2/112 [00:00<00:06, 16.38it/s]plain | prompt_de:   4%|▎         | 4/112 [00:00<00:06, 15.71it/s]plain | prompt_de:   5%|▌         | 6/112 [00:00<00:07, 14.72it/s]plain | prompt_de:   7%|▋         | 8/112 [00:00<00:06, 14.87it/s]plain | prompt_de:   9%|▉         | 10/112 [00:00<00:06, 15.06it/s]plain | prompt_de:  11%|█         | 12/112 [00:00<00:06, 14.54it/s]plain | prompt_de:  12%|█▎        | 14/112 [00:00<00:06, 14.36it/s]plain | prompt_de:  14%|█▍        | 16/112 [00:01<00:06, 14.80it/s]plain | prompt_de:  16%|█▌        | 18/112 [00:01<00:06, 14.79it/s]plain | prompt_de:  18%|█▊        | 20/112 [00:01<00:06, 14.55it/s]plain | prompt_de:  20%|█▉        | 22/112 [00:01<00:06, 14.93it/s]plain | prompt_de:  21%|██▏       | 24/112 [00:01<00:05, 15.34it/s]plain | prompt_de:  23%|██▎       | 26/112 [00:01<00:05, 14.79it/s]plain | prompt_de:  25%|██▌       | 28/112 [00:01<00:05, 14.93it/s]plain | prompt_de:  27%|██▋       | 30/112 [00:02<00:05, 14.46it/s]plain | prompt_de:  29%|██▊       | 32/112 [00:02<00:05, 14.62it/s]plain | prompt_de:  30%|███       | 34/112 [00:02<00:05, 14.37it/s]plain | prompt_de:  32%|███▏      | 36/112 [00:02<00:05, 14.43it/s]plain | prompt_de:  34%|███▍      | 38/112 [00:02<00:05, 14.59it/s]plain | prompt_de:  36%|███▌      | 40/112 [00:02<00:05, 14.30it/s]plain | prompt_de:  38%|███▊      | 42/112 [00:02<00:04, 14.42it/s]plain | prompt_de:  39%|███▉      | 44/112 [00:02<00:04, 14.81it/s]plain | prompt_de:  41%|████      | 46/112 [00:03<00:04, 14.71it/s]plain | prompt_de:  43%|████▎     | 48/112 [00:03<00:04, 14.54it/s]plain | prompt_de:  45%|████▍     | 50/112 [00:03<00:04, 14.39it/s]plain | prompt_de:  46%|████▋     | 52/112 [00:03<00:04, 14.65it/s]plain | prompt_de:  48%|████▊     | 54/112 [00:03<00:04, 14.41it/s]plain | prompt_de:  50%|█████     | 56/112 [00:03<00:03, 15.01it/s]plain | prompt_de:  52%|█████▏    | 58/112 [00:03<00:03, 15.48it/s]plain | prompt_de:  54%|█████▎    | 60/112 [00:04<00:03, 15.41it/s]plain | prompt_de:  55%|█████▌    | 62/112 [00:04<00:03, 15.44it/s]plain | prompt_de:  57%|█████▋    | 64/112 [00:04<00:03, 15.84it/s]plain | prompt_de:  59%|█████▉    | 66/112 [00:04<00:02, 16.14it/s]plain | prompt_de:  61%|██████    | 68/112 [00:04<00:02, 15.40it/s]plain | prompt_de:  62%|██████▎   | 70/112 [00:04<00:02, 15.71it/s]plain | prompt_de:  64%|██████▍   | 72/112 [00:04<00:02, 15.39it/s]plain | prompt_de:  66%|██████▌   | 74/112 [00:04<00:02, 15.28it/s]plain | prompt_de:  68%|██████▊   | 76/112 [00:05<00:02, 15.17it/s]plain | prompt_de:  70%|██████▉   | 78/112 [00:05<00:02, 15.07it/s]plain | prompt_de:  71%|███████▏  | 80/112 [00:05<00:02, 15.44it/s]plain | prompt_de:  73%|███████▎  | 82/112 [00:05<00:01, 15.02it/s]plain | prompt_de:  75%|███████▌  | 84/112 [00:05<00:01, 15.09it/s]plain | prompt_de:  77%|███████▋  | 86/112 [00:05<00:01, 15.63it/s]plain | prompt_de:  79%|███████▊  | 88/112 [00:05<00:01, 15.59it/s]plain | prompt_de:  80%|████████  | 90/112 [00:05<00:01, 15.50it/s]plain | prompt_de:  82%|████████▏ | 92/112 [00:06<00:01, 15.86it/s]plain | prompt_de:  84%|████████▍ | 94/112 [00:06<00:01, 15.70it/s]plain | prompt_de:  86%|████████▌ | 96/112 [00:06<00:01, 15.06it/s]plain | prompt_de:  88%|████████▊ | 98/112 [00:06<00:00, 15.41it/s]plain | prompt_de:  89%|████████▉ | 100/112 [00:06<00:00, 15.73it/s]plain | prompt_de:  91%|█████████ | 102/112 [00:06<00:00, 15.65it/s]plain | prompt_de:  93%|█████████▎| 104/112 [00:06<00:00, 15.21it/s]plain | prompt_de:  95%|█████████▍| 106/112 [00:07<00:00, 15.60it/s]plain | prompt_de:  96%|█████████▋| 108/112 [00:07<00:00, 15.54it/s]plain | prompt_de:  98%|█████████▊| 110/112 [00:07<00:00, 14.90it/s]plain | prompt_de: 100%|██████████| 112/112 [00:07<00:00, 15.17it/s]plain | prompt_de: 100%|██████████| 112/112 [00:07<00:00, 15.08it/s]
plain | prompt_de -1*fr:   0%|          | 0/112 [00:00<?, ?it/s]plain | prompt_de -1*fr:   1%|          | 1/112 [00:03<06:34,  3.56s/it]plain | prompt_de -1*fr:   2%|▏         | 2/112 [00:07<06:30,  3.55s/it]plain | prompt_de -1*fr:   3%|▎         | 3/112 [00:10<06:05,  3.35s/it]plain | prompt_de -1*fr:   4%|▎         | 4/112 [00:13<06:10,  3.43s/it]plain | prompt_de -1*fr:   4%|▍         | 5/112 [00:17<06:11,  3.47s/it]plain | prompt_de -1*fr:   5%|▌         | 6/112 [00:20<05:56,  3.36s/it]plain | prompt_de -1*fr:   6%|▋         | 7/112 [00:24<05:59,  3.42s/it]plain | prompt_de -1*fr:   7%|▋         | 8/112 [00:27<06:00,  3.46s/it]plain | prompt_de -1*fr:   8%|▊         | 9/112 [00:29<05:23,  3.14s/it]plain | prompt_de -1*fr:   9%|▉         | 10/112 [00:30<03:59,  2.35s/it]plain | prompt_de -1*fr:  10%|▉         | 11/112 [00:34<04:34,  2.72s/it]plain | prompt_de -1*fr:  11%|█         | 12/112 [00:37<04:57,  2.97s/it]plain | prompt_de -1*fr:  12%|█▏        | 13/112 [00:41<05:11,  3.15s/it]plain | prompt_de -1*fr:  12%|█▎        | 14/112 [00:44<05:21,  3.28s/it]plain | prompt_de -1*fr:  13%|█▎        | 15/112 [00:45<04:02,  2.50s/it]plain | prompt_de -1*fr:  14%|█▍        | 16/112 [00:49<04:30,  2.82s/it]plain | prompt_de -1*fr:  15%|█▌        | 17/112 [00:52<04:49,  3.04s/it]plain | prompt_de -1*fr:  16%|█▌        | 18/112 [00:55<04:53,  3.12s/it]plain | prompt_de -1*fr:  17%|█▋        | 19/112 [00:58<04:39,  3.01s/it]plain | prompt_de -1*fr:  18%|█▊        | 20/112 [01:02<04:51,  3.17s/it]plain | prompt_de -1*fr:  19%|█▉        | 21/112 [01:05<04:59,  3.29s/it]plain | prompt_de -1*fr:  20%|█▉        | 22/112 [01:06<03:34,  2.39s/it]plain | prompt_de -1*fr:  21%|██        | 23/112 [01:09<04:03,  2.74s/it]plain | prompt_de -1*fr:  21%|██▏       | 24/112 [01:13<04:22,  2.98s/it]plain | prompt_de -1*fr:  22%|██▏       | 25/112 [01:16<04:34,  3.16s/it]plain | prompt_de -1*fr:  23%|██▎       | 26/112 [01:20<04:41,  3.27s/it]plain | prompt_de -1*fr:  24%|██▍       | 27/112 [01:23<04:33,  3.22s/it]plain | prompt_de -1*fr:  25%|██▌       | 28/112 [01:26<04:38,  3.32s/it]plain | prompt_de -1*fr:  26%|██▌       | 29/112 [01:30<04:41,  3.40s/it]plain | prompt_de -1*fr:  27%|██▋       | 30/112 [01:34<04:43,  3.45s/it]plain | prompt_de -1*fr:  28%|██▊       | 31/112 [01:37<04:42,  3.49s/it]plain | prompt_de -1*fr:  29%|██▊       | 32/112 [01:41<04:42,  3.53s/it]plain | prompt_de -1*fr:  29%|██▉       | 33/112 [01:43<04:02,  3.07s/it]plain | prompt_de -1*fr:  30%|███       | 34/112 [01:44<03:09,  2.43s/it]plain | prompt_de -1*fr:  31%|███▏      | 35/112 [01:46<02:58,  2.31s/it]plain | prompt_de -1*fr:  32%|███▏      | 36/112 [01:49<03:24,  2.69s/it]plain | prompt_de -1*fr:  33%|███▎      | 37/112 [01:52<03:29,  2.80s/it]plain | prompt_de -1*fr:  34%|███▍      | 38/112 [01:53<02:47,  2.27s/it]plain | prompt_de -1*fr:  35%|███▍      | 39/112 [01:56<02:46,  2.29s/it]plain | prompt_de -1*fr:  36%|███▌      | 40/112 [01:59<03:11,  2.66s/it]plain | prompt_de -1*fr:  37%|███▋      | 41/112 [02:01<02:50,  2.40s/it]plain | prompt_de -1*fr:  38%|███▊      | 42/112 [02:03<02:41,  2.30s/it]plain | prompt_de -1*fr:  38%|███▊      | 43/112 [02:03<01:58,  1.71s/it]plain | prompt_de -1*fr:  39%|███▉      | 44/112 [02:07<02:33,  2.26s/it]plain | prompt_de -1*fr:  40%|████      | 45/112 [02:11<02:57,  2.65s/it]plain | prompt_de -1*fr:  41%|████      | 46/112 [02:12<02:38,  2.40s/it]plain | prompt_de -1*fr:  42%|████▏     | 47/112 [02:16<02:58,  2.75s/it]plain | prompt_de -1*fr:  43%|████▎     | 48/112 [02:18<02:50,  2.67s/it]plain | prompt_de -1*fr:  44%|████▍     | 49/112 [02:21<02:50,  2.71s/it]plain | prompt_de -1*fr:  45%|████▍     | 50/112 [02:25<03:04,  2.97s/it]plain | prompt_de -1*fr:  46%|████▌     | 51/112 [02:28<03:12,  3.15s/it]plain | prompt_de -1*fr:  46%|████▋     | 52/112 [02:32<03:16,  3.28s/it]plain | prompt_de -1*fr:  47%|████▋     | 53/112 [02:34<02:42,  2.75s/it]plain | prompt_de -1*fr:  48%|████▊     | 54/112 [02:37<02:54,  3.00s/it]plain | prompt_de -1*fr:  49%|████▉     | 55/112 [02:40<02:56,  3.10s/it]plain | prompt_de -1*fr:  50%|█████     | 56/112 [02:43<02:49,  3.02s/it]plain | prompt_de -1*fr:  51%|█████     | 57/112 [02:44<02:09,  2.36s/it]plain | prompt_de -1*fr:  52%|█████▏    | 58/112 [02:48<02:27,  2.72s/it]plain | prompt_de -1*fr:  53%|█████▎    | 59/112 [02:50<02:18,  2.61s/it]plain | prompt_de -1*fr:  54%|█████▎    | 60/112 [02:54<02:30,  2.90s/it]plain | prompt_de -1*fr:  54%|█████▍    | 61/112 [02:57<02:38,  3.11s/it]plain | prompt_de -1*fr:  55%|█████▌    | 62/112 [02:58<01:56,  2.32s/it]plain | prompt_de -1*fr:  56%|█████▋    | 63/112 [03:00<01:47,  2.19s/it]plain | prompt_de -1*fr:  57%|█████▋    | 64/112 [03:03<02:05,  2.61s/it]plain | prompt_de -1*fr:  58%|█████▊    | 65/112 [03:07<02:16,  2.90s/it]plain | prompt_de -1*fr:  59%|█████▉    | 66/112 [03:10<02:21,  3.08s/it]plain | prompt_de -1*fr:  60%|█████▉    | 67/112 [03:14<02:25,  3.23s/it]plain | prompt_de -1*fr:  61%|██████    | 68/112 [03:17<02:26,  3.33s/it]plain | prompt_de -1*fr:  62%|██████▏   | 69/112 [03:18<01:54,  2.65s/it]plain | prompt_de -1*fr:  62%|██████▎   | 70/112 [03:22<02:02,  2.93s/it]plain | prompt_de -1*fr:  63%|██████▎   | 71/112 [03:25<02:00,  2.95s/it]plain | prompt_de -1*fr:  64%|██████▍   | 72/112 [03:29<02:05,  3.14s/it]plain | prompt_de -1*fr:  65%|██████▌   | 73/112 [03:32<02:07,  3.26s/it]plain | prompt_de -1*fr:  66%|██████▌   | 74/112 [03:34<01:43,  2.73s/it]plain | prompt_de -1*fr:  67%|██████▋   | 75/112 [03:37<01:50,  2.99s/it]plain | prompt_de -1*fr:  68%|██████▊   | 76/112 [03:41<01:53,  3.16s/it]plain | prompt_de -1*fr:  69%|██████▉   | 77/112 [03:44<01:54,  3.28s/it]plain | prompt_de -1*fr:  70%|██████▉   | 78/112 [03:48<01:54,  3.37s/it]plain | prompt_de -1*fr:  71%|███████   | 79/112 [03:51<01:52,  3.42s/it]plain | prompt_de -1*fr:  71%|███████▏  | 80/112 [03:55<01:48,  3.38s/it]plain | prompt_de -1*fr:  72%|███████▏  | 81/112 [03:57<01:33,  3.01s/it]plain | prompt_de -1*fr:  73%|███████▎  | 82/112 [04:00<01:34,  3.16s/it]plain | prompt_de -1*fr:  74%|███████▍  | 83/112 [04:02<01:14,  2.58s/it]plain | prompt_de -1*fr:  75%|███████▌  | 84/112 [04:04<01:13,  2.64s/it]plain | prompt_de -1*fr:  76%|███████▌  | 85/112 [04:08<01:18,  2.91s/it]plain | prompt_de -1*fr:  77%|███████▋  | 86/112 [04:10<01:12,  2.78s/it]plain | prompt_de -1*fr:  78%|███████▊  | 87/112 [04:11<00:54,  2.20s/it]plain | prompt_de -1*fr:  79%|███████▊  | 88/112 [04:15<01:02,  2.60s/it]plain | prompt_de -1*fr:  79%|███████▉  | 89/112 [04:18<01:06,  2.89s/it]plain | prompt_de -1*fr:  80%|████████  | 90/112 [04:20<00:54,  2.50s/it]plain | prompt_de -1*fr:  81%|████████▏ | 91/112 [04:22<00:47,  2.28s/it]plain | prompt_de -1*fr:  82%|████████▏ | 92/112 [04:25<00:53,  2.66s/it]plain | prompt_de -1*fr:  83%|████████▎ | 93/112 [04:27<00:47,  2.49s/it]plain | prompt_de -1*fr:  84%|████████▍ | 94/112 [04:28<00:33,  1.87s/it]plain | prompt_de -1*fr:  85%|████████▍ | 95/112 [04:31<00:40,  2.38s/it]plain | prompt_de -1*fr:  86%|████████▌ | 96/112 [04:35<00:43,  2.74s/it]plain | prompt_de -1*fr:  87%|████████▋ | 97/112 [04:38<00:43,  2.89s/it]plain | prompt_de -1*fr:  88%|████████▊ | 98/112 [04:40<00:35,  2.51s/it]plain | prompt_de -1*fr:  88%|████████▊ | 99/112 [04:43<00:36,  2.78s/it]plain | prompt_de -1*fr:  89%|████████▉ | 100/112 [04:46<00:33,  2.81s/it]plain | prompt_de -1*fr:  90%|█████████ | 101/112 [04:50<00:33,  3.03s/it]plain | prompt_de -1*fr:  91%|█████████ | 102/112 [04:53<00:30,  3.05s/it]plain | prompt_de -1*fr:  92%|█████████▏| 103/112 [04:56<00:28,  3.21s/it]plain | prompt_de -1*fr:  93%|█████████▎| 104/112 [05:00<00:26,  3.32s/it]plain | prompt_de -1*fr:  94%|█████████▍| 105/112 [05:02<00:20,  2.98s/it]plain | prompt_de -1*fr:  95%|█████████▍| 106/112 [05:02<00:13,  2.18s/it]plain | prompt_de -1*fr:  96%|█████████▌| 107/112 [05:06<00:12,  2.59s/it]plain | prompt_de -1*fr:  96%|█████████▋| 108/112 [05:09<00:11,  2.88s/it]plain | prompt_de -1*fr:  97%|█████████▋| 109/112 [05:12<00:08,  2.69s/it]plain | prompt_de -1*fr:  98%|█████████▊| 110/112 [05:15<00:05,  2.95s/it]plain | prompt_de -1*fr:  99%|█████████▉| 111/112 [05:19<00:03,  3.13s/it]plain | prompt_de -1*fr: 100%|██████████| 112/112 [05:20<00:00,  2.45s/it]plain | prompt_de -1*fr: 100%|██████████| 112/112 [05:20<00:00,  2.86s/it]
plain | prompt_de -1*es:   0%|          | 0/112 [00:00<?, ?it/s]plain | prompt_de -1*es:   1%|          | 1/112 [00:02<05:03,  2.73s/it]plain | prompt_de -1*es:   2%|▏         | 2/112 [00:06<05:54,  3.22s/it]plain | prompt_de -1*es:   3%|▎         | 3/112 [00:09<05:50,  3.22s/it]plain | prompt_de -1*es:   4%|▎         | 4/112 [00:13<06:00,  3.34s/it]plain | prompt_de -1*es:   4%|▍         | 5/112 [00:16<06:05,  3.41s/it]plain | prompt_de -1*es:   5%|▌         | 6/112 [00:20<06:07,  3.47s/it]plain | prompt_de -1*es:   6%|▋         | 7/112 [00:23<06:07,  3.50s/it]plain | prompt_de -1*es:   7%|▋         | 8/112 [00:27<06:06,  3.52s/it]plain | prompt_de -1*es:   8%|▊         | 9/112 [00:30<06:03,  3.52s/it]plain | prompt_de -1*es:   9%|▉         | 10/112 [00:34<05:59,  3.53s/it]plain | prompt_de -1*es:  10%|▉         | 11/112 [00:37<05:57,  3.54s/it]plain | prompt_de -1*es:  11%|█         | 12/112 [00:41<05:54,  3.54s/it]plain | prompt_de -1*es:  12%|█▏        | 13/112 [00:42<04:28,  2.71s/it]plain | prompt_de -1*es:  12%|█▎        | 14/112 [00:45<04:50,  2.97s/it]plain | prompt_de -1*es:  13%|█▎        | 15/112 [00:46<03:41,  2.29s/it]plain | prompt_de -1*es:  14%|█▍        | 16/112 [00:50<04:15,  2.66s/it]plain | prompt_de -1*es:  15%|█▌        | 17/112 [00:51<03:35,  2.27s/it]plain | prompt_de -1*es:  16%|█▌        | 18/112 [00:54<04:10,  2.66s/it]plain | prompt_de -1*es:  17%|█▋        | 19/112 [00:56<03:41,  2.38s/it]plain | prompt_de -1*es:  18%|█▊        | 20/112 [01:00<04:11,  2.73s/it]plain | prompt_de -1*es:  19%|█▉        | 21/112 [01:03<04:31,  2.98s/it]plain | prompt_de -1*es:  20%|█▉        | 22/112 [01:04<03:15,  2.17s/it]plain | prompt_de -1*es:  21%|██        | 23/112 [01:07<03:50,  2.59s/it]plain | prompt_de -1*es:  21%|██▏       | 24/112 [01:09<03:32,  2.42s/it]plain | prompt_de -1*es:  22%|██▏       | 25/112 [01:13<03:59,  2.76s/it]plain | prompt_de -1*es:  23%|██▎       | 26/112 [01:15<03:35,  2.51s/it]plain | prompt_de -1*es:  24%|██▍       | 27/112 [01:17<03:28,  2.45s/it]plain | prompt_de -1*es:  25%|██▌       | 28/112 [01:18<02:55,  2.09s/it]plain | prompt_de -1*es:  26%|██▌       | 29/112 [01:22<03:30,  2.54s/it]plain | prompt_de -1*es:  27%|██▋       | 30/112 [01:24<03:07,  2.29s/it]plain | prompt_de -1*es:  28%|██▊       | 31/112 [01:27<03:36,  2.67s/it]plain | prompt_de -1*es:  29%|██▊       | 32/112 [01:30<03:38,  2.73s/it]plain | prompt_de -1*es:  29%|██▉       | 33/112 [01:32<03:20,  2.54s/it]plain | prompt_de -1*es:  30%|███       | 34/112 [01:34<03:12,  2.47s/it]plain | prompt_de -1*es:  31%|███▏      | 35/112 [01:36<02:46,  2.16s/it]plain | prompt_de -1*es:  32%|███▏      | 36/112 [01:39<03:16,  2.59s/it]plain | prompt_de -1*es:  33%|███▎      | 37/112 [01:41<02:58,  2.38s/it]plain | prompt_de -1*es:  34%|███▍      | 38/112 [01:42<02:25,  1.97s/it]plain | prompt_de -1*es:  35%|███▍      | 39/112 [01:44<02:23,  1.96s/it]plain | prompt_de -1*es:  36%|███▌      | 40/112 [01:48<02:55,  2.44s/it]plain | prompt_de -1*es:  37%|███▋      | 41/112 [01:51<03:10,  2.68s/it]plain | prompt_de -1*es:  38%|███▊      | 42/112 [01:53<02:47,  2.39s/it]plain | prompt_de -1*es:  38%|███▊      | 43/112 [01:53<02:02,  1.77s/it]plain | prompt_de -1*es:  39%|███▉      | 44/112 [01:56<02:14,  1.97s/it]plain | prompt_de -1*es:  40%|████      | 45/112 [01:58<02:30,  2.24s/it]plain | prompt_de -1*es:  41%|████      | 46/112 [02:00<02:08,  1.95s/it]plain | prompt_de -1*es:  42%|████▏     | 47/112 [02:01<02:02,  1.89s/it]plain | prompt_de -1*es:  43%|████▎     | 48/112 [02:04<02:10,  2.03s/it]plain | prompt_de -1*es:  44%|████▍     | 49/112 [02:07<02:22,  2.25s/it]plain | prompt_de -1*es:  45%|████▍     | 50/112 [02:10<02:44,  2.65s/it]plain | prompt_de -1*es:  46%|████▌     | 51/112 [02:14<02:58,  2.92s/it]plain | prompt_de -1*es:  46%|████▋     | 52/112 [02:17<02:57,  2.96s/it]plain | prompt_de -1*es:  47%|████▋     | 53/112 [02:19<02:41,  2.74s/it]plain | prompt_de -1*es:  48%|████▊     | 54/112 [02:23<02:53,  2.99s/it]plain | prompt_de -1*es:  49%|████▉     | 55/112 [02:24<02:17,  2.41s/it]plain | prompt_de -1*es:  50%|█████     | 56/112 [02:27<02:34,  2.75s/it]plain | prompt_de -1*es:  51%|█████     | 57/112 [02:31<02:45,  3.00s/it]plain | prompt_de -1*es:  52%|█████▏    | 58/112 [02:34<02:44,  3.05s/it]plain | prompt_de -1*es:  53%|█████▎    | 59/112 [02:37<02:38,  3.00s/it]plain | prompt_de -1*es:  54%|█████▎    | 60/112 [02:38<02:09,  2.48s/it]plain | prompt_de -1*es:  54%|█████▍    | 61/112 [02:42<02:22,  2.80s/it]plain | prompt_de -1*es:  55%|█████▌    | 62/112 [02:42<01:42,  2.05s/it]plain | prompt_de -1*es:  56%|█████▋    | 63/112 [02:44<01:48,  2.21s/it]plain | prompt_de -1*es:  57%|█████▋    | 64/112 [02:46<01:38,  2.06s/it]plain | prompt_de -1*es:  58%|█████▊    | 65/112 [02:50<01:57,  2.51s/it]plain | prompt_de -1*es:  59%|█████▉    | 66/112 [02:52<01:55,  2.52s/it]plain | prompt_de -1*es:  60%|█████▉    | 67/112 [02:56<02:07,  2.83s/it]plain | prompt_de -1*es:  61%|██████    | 68/112 [02:59<02:14,  3.05s/it]plain | prompt_de -1*es:  62%|██████▏   | 69/112 [03:01<01:54,  2.67s/it]plain | prompt_de -1*es:  62%|██████▎   | 70/112 [03:05<02:02,  2.93s/it]plain | prompt_de -1*es:  63%|██████▎   | 71/112 [03:08<02:07,  3.10s/it]plain | prompt_de -1*es:  64%|██████▍   | 72/112 [03:12<02:09,  3.23s/it]plain | prompt_de -1*es:  65%|██████▌   | 73/112 [03:13<01:44,  2.69s/it]plain | prompt_de -1*es:  66%|██████▌   | 74/112 [03:14<01:25,  2.26s/it]plain | prompt_de -1*es:  67%|██████▋   | 75/112 [03:18<01:38,  2.65s/it]plain | prompt_de -1*es:  68%|██████▊   | 76/112 [03:22<01:45,  2.92s/it]plain | prompt_de -1*es:  69%|██████▉   | 77/112 [03:25<01:42,  2.94s/it]plain | prompt_de -1*es:  70%|██████▉   | 78/112 [03:28<01:46,  3.12s/it]plain | prompt_de -1*es:  71%|███████   | 79/112 [03:30<01:28,  2.69s/it]plain | prompt_de -1*es:  71%|███████▏  | 80/112 [03:31<01:14,  2.32s/it]plain | prompt_de -1*es:  72%|███████▏  | 81/112 [03:35<01:23,  2.69s/it]plain | prompt_de -1*es:  73%|███████▎  | 82/112 [03:38<01:28,  2.94s/it]plain | prompt_de -1*es:  74%|███████▍  | 83/112 [03:39<01:05,  2.28s/it]plain | prompt_de -1*es:  75%|███████▌  | 84/112 [03:40<00:55,  2.00s/it]plain | prompt_de -1*es:  76%|███████▌  | 85/112 [03:44<01:06,  2.46s/it]plain | prompt_de -1*es:  77%|███████▋  | 86/112 [03:45<00:55,  2.14s/it]plain | prompt_de -1*es:  78%|███████▊  | 87/112 [03:48<00:59,  2.39s/it]plain | prompt_de -1*es:  79%|███████▊  | 88/112 [03:52<01:05,  2.74s/it]plain | prompt_de -1*es:  79%|███████▉  | 89/112 [03:55<01:08,  2.98s/it]plain | prompt_de -1*es:  80%|████████  | 90/112 [03:57<00:59,  2.69s/it]plain | prompt_de -1*es:  81%|████████▏ | 91/112 [03:59<00:49,  2.36s/it]plain | prompt_de -1*es:  82%|████████▏ | 92/112 [04:03<00:54,  2.72s/it]plain | prompt_de -1*es:  83%|████████▎ | 93/112 [04:06<00:54,  2.87s/it]plain | prompt_de -1*es:  84%|████████▍ | 94/112 [04:06<00:40,  2.24s/it]plain | prompt_de -1*es:  85%|████████▍ | 95/112 [04:09<00:39,  2.35s/it]plain | prompt_de -1*es:  86%|████████▌ | 96/112 [04:13<00:43,  2.71s/it]plain | prompt_de -1*es:  87%|████████▋ | 97/112 [04:15<00:38,  2.55s/it]plain | prompt_de -1*es:  88%|████████▊ | 98/112 [04:17<00:32,  2.30s/it]plain | prompt_de -1*es:  88%|████████▊ | 99/112 [04:20<00:34,  2.69s/it]plain | prompt_de -1*es:  89%|████████▉ | 100/112 [04:22<00:30,  2.52s/it]plain | prompt_de -1*es:  90%|█████████ | 101/112 [04:24<00:24,  2.24s/it]plain | prompt_de -1*es:  91%|█████████ | 102/112 [04:26<00:22,  2.28s/it]plain | prompt_de -1*es:  92%|█████████▏| 103/112 [04:30<00:24,  2.67s/it]plain | prompt_de -1*es:  93%|█████████▎| 104/112 [04:33<00:23,  2.94s/it]plain | prompt_de -1*es:  94%|█████████▍| 105/112 [04:37<00:21,  3.02s/it]plain | prompt_de -1*es:  95%|█████████▍| 106/112 [04:37<00:13,  2.20s/it]plain | prompt_de -1*es:  96%|█████████▌| 107/112 [04:39<00:11,  2.25s/it]plain | prompt_de -1*es:  96%|█████████▋| 108/112 [04:43<00:10,  2.65s/it]plain | prompt_de -1*es:  97%|█████████▋| 109/112 [04:46<00:08,  2.93s/it]plain | prompt_de -1*es:  98%|█████████▊| 110/112 [04:48<00:05,  2.54s/it]plain | prompt_de -1*es:  99%|█████████▉| 111/112 [04:52<00:02,  2.85s/it]plain | prompt_de -1*es: 100%|██████████| 112/112 [04:53<00:00,  2.30s/it]plain | prompt_de -1*es: 100%|██████████| 112/112 [04:53<00:00,  2.62s/it]
plain | prompt_de -1*de:   0%|          | 0/112 [00:00<?, ?it/s]plain | prompt_de -1*de:   1%|          | 1/112 [00:03<06:36,  3.57s/it]plain | prompt_de -1*de:   2%|▏         | 2/112 [00:07<06:32,  3.57s/it]plain | prompt_de -1*de:   3%|▎         | 3/112 [00:10<06:28,  3.57s/it]plain | prompt_de -1*de:   4%|▎         | 4/112 [00:13<05:49,  3.24s/it]plain | prompt_de -1*de:   4%|▍         | 5/112 [00:17<05:59,  3.36s/it]plain | prompt_de -1*de:   5%|▌         | 6/112 [00:19<05:06,  2.89s/it]plain | prompt_de -1*de:   6%|▋         | 7/112 [00:21<04:45,  2.72s/it]plain | prompt_de -1*de:   7%|▋         | 8/112 [00:24<05:09,  2.98s/it]plain | prompt_de -1*de:   8%|▊         | 9/112 [00:28<05:11,  3.02s/it]plain | prompt_de -1*de:   9%|▉         | 10/112 [00:31<05:25,  3.19s/it]plain | prompt_de -1*de:  10%|▉         | 11/112 [00:32<04:10,  2.48s/it]plain | prompt_de -1*de:  11%|█         | 12/112 [00:35<04:20,  2.61s/it]plain | prompt_de -1*de:  12%|█▏        | 13/112 [00:38<04:46,  2.89s/it]plain | prompt_de -1*de:  12%|█▎        | 14/112 [00:41<04:42,  2.89s/it]plain | prompt_de -1*de:  13%|█▎        | 15/112 [00:42<03:36,  2.23s/it]plain | prompt_de -1*de:  14%|█▍        | 16/112 [00:46<04:12,  2.63s/it]plain | prompt_de -1*de:  15%|█▌        | 17/112 [00:48<04:09,  2.63s/it]plain | prompt_de -1*de:  16%|█▌        | 18/112 [00:50<03:50,  2.46s/it]plain | prompt_de -1*de:  17%|█▋        | 19/112 [00:52<03:24,  2.19s/it]plain | prompt_de -1*de:  18%|█▊        | 20/112 [00:53<02:54,  1.89s/it]plain | prompt_de -1*de:  19%|█▉        | 21/112 [00:57<03:39,  2.41s/it]plain | prompt_de -1*de:  20%|█▉        | 22/112 [00:57<02:39,  1.77s/it]plain | prompt_de -1*de:  21%|██        | 23/112 [01:00<03:24,  2.30s/it]plain | prompt_de -1*de:  21%|██▏       | 24/112 [01:04<03:55,  2.68s/it]plain | prompt_de -1*de:  22%|██▏       | 25/112 [01:08<04:16,  2.94s/it]plain | prompt_de -1*de:  23%|██▎       | 26/112 [01:09<03:45,  2.62s/it]plain | prompt_de -1*de:  24%|██▍       | 27/112 [01:10<02:54,  2.05s/it]plain | prompt_de -1*de:  25%|██▌       | 28/112 [01:11<02:13,  1.59s/it]plain | prompt_de -1*de:  26%|██▌       | 29/112 [01:14<03:01,  2.19s/it]plain | prompt_de -1*de:  27%|██▋       | 30/112 [01:17<03:22,  2.48s/it]plain | prompt_de -1*de:  28%|██▊       | 31/112 [01:21<03:47,  2.81s/it]plain | prompt_de -1*de:  29%|██▊       | 32/112 [01:23<03:16,  2.46s/it]plain | prompt_de -1*de:  29%|██▉       | 33/112 [01:24<02:37,  2.00s/it]plain | prompt_de -1*de:  30%|███       | 34/112 [01:27<03:12,  2.47s/it]plain | prompt_de -1*de:  31%|███▏      | 35/112 [01:30<03:29,  2.72s/it]plain | prompt_de -1*de:  32%|███▏      | 36/112 [01:33<03:18,  2.61s/it]plain | prompt_de -1*de:  33%|███▎      | 37/112 [01:36<03:37,  2.90s/it]plain | prompt_de -1*de:  34%|███▍      | 38/112 [01:37<02:46,  2.25s/it]plain | prompt_de -1*de:  35%|███▍      | 39/112 [01:41<03:13,  2.65s/it]plain | prompt_de -1*de:  36%|███▌      | 40/112 [01:41<02:26,  2.03s/it]plain | prompt_de -1*de:  37%|███▋      | 41/112 [01:44<02:37,  2.22s/it]plain | prompt_de -1*de:  38%|███▊      | 42/112 [01:47<02:51,  2.45s/it]plain | prompt_de -1*de:  38%|███▊      | 43/112 [01:47<02:08,  1.87s/it]plain | prompt_de -1*de:  39%|███▉      | 44/112 [01:51<02:41,  2.38s/it]plain | prompt_de -1*de:  40%|████      | 45/112 [01:54<02:54,  2.61s/it]plain | prompt_de -1*de:  41%|████      | 46/112 [01:56<02:46,  2.52s/it]plain | prompt_de -1*de:  42%|████▏     | 47/112 [02:00<03:03,  2.82s/it]plain | prompt_de -1*de:  43%|████▎     | 48/112 [02:01<02:34,  2.41s/it]plain | prompt_de -1*de:  44%|████▍     | 49/112 [02:03<02:19,  2.21s/it]plain | prompt_de -1*de:  45%|████▍     | 50/112 [02:07<02:41,  2.60s/it]plain | prompt_de -1*de:  46%|████▌     | 51/112 [02:10<02:56,  2.89s/it]plain | prompt_de -1*de:  46%|████▋     | 52/112 [02:14<03:05,  3.08s/it]plain | prompt_de -1*de:  47%|████▋     | 53/112 [02:15<02:37,  2.67s/it]plain | prompt_de -1*de:  48%|████▊     | 54/112 [02:17<02:10,  2.25s/it]plain | prompt_de -1*de:  49%|████▉     | 55/112 [02:17<01:40,  1.77s/it]plain | prompt_de -1*de:  50%|█████     | 56/112 [02:19<01:34,  1.69s/it]plain | prompt_de -1*de:  51%|█████     | 57/112 [02:21<01:39,  1.81s/it]plain | prompt_de -1*de:  52%|█████▏    | 58/112 [02:23<01:38,  1.83s/it]plain | prompt_de -1*de:  53%|█████▎    | 59/112 [02:24<01:25,  1.61s/it]plain | prompt_de -1*de:  54%|█████▎    | 60/112 [02:26<01:37,  1.88s/it]plain | prompt_de -1*de:  54%|█████▍    | 61/112 [02:28<01:34,  1.86s/it]plain | prompt_de -1*de:  55%|█████▌    | 62/112 [02:29<01:09,  1.39s/it]plain | prompt_de -1*de:  56%|█████▋    | 63/112 [02:32<01:30,  1.85s/it]plain | prompt_de -1*de:  57%|█████▋    | 64/112 [02:35<01:53,  2.36s/it]plain | prompt_de -1*de:  58%|█████▊    | 65/112 [02:39<02:07,  2.71s/it]plain | prompt_de -1*de:  59%|█████▉    | 66/112 [02:39<01:36,  2.11s/it]plain | prompt_de -1*de:  60%|█████▉    | 67/112 [02:43<01:54,  2.54s/it]plain | prompt_de -1*de:  61%|██████    | 68/112 [02:46<02:04,  2.84s/it]plain | prompt_de -1*de:  62%|██████▏   | 69/112 [02:47<01:38,  2.29s/it]plain | prompt_de -1*de:  62%|██████▎   | 70/112 [02:51<01:52,  2.68s/it]plain | prompt_de -1*de:  63%|██████▎   | 71/112 [02:52<01:26,  2.10s/it]plain | prompt_de -1*de:  64%|██████▍   | 72/112 [02:55<01:38,  2.46s/it]plain | prompt_de -1*de:  65%|██████▌   | 73/112 [02:59<01:49,  2.80s/it]plain | prompt_de -1*de:  66%|██████▌   | 74/112 [02:59<01:22,  2.16s/it]plain | prompt_de -1*de:  67%|██████▋   | 75/112 [03:00<01:00,  1.63s/it]plain | prompt_de -1*de:  68%|██████▊   | 76/112 [03:00<00:49,  1.38s/it]plain | prompt_de -1*de:  69%|██████▉   | 77/112 [03:04<01:11,  2.04s/it]plain | prompt_de -1*de:  70%|██████▉   | 78/112 [03:08<01:25,  2.50s/it]plain | prompt_de -1*de:  71%|███████   | 79/112 [03:10<01:18,  2.38s/it]plain | prompt_de -1*de:  71%|███████▏  | 80/112 [03:11<01:07,  2.11s/it]plain | prompt_de -1*de:  72%|███████▏  | 81/112 [03:12<00:57,  1.86s/it]plain | prompt_de -1*de:  73%|███████▎  | 82/112 [03:16<01:08,  2.29s/it]plain | prompt_de -1*de:  74%|███████▍  | 83/112 [03:17<00:52,  1.82s/it]plain | prompt_de -1*de:  75%|███████▌  | 84/112 [03:20<01:02,  2.22s/it]plain | prompt_de -1*de:  76%|███████▌  | 85/112 [03:23<01:10,  2.63s/it]plain | prompt_de -1*de:  77%|███████▋  | 86/112 [03:25<01:04,  2.48s/it]plain | prompt_de -1*de:  78%|███████▊  | 87/112 [03:26<00:48,  1.94s/it]plain | prompt_de -1*de:  79%|███████▊  | 88/112 [03:30<00:58,  2.44s/it]plain | prompt_de -1*de:  79%|███████▉  | 89/112 [03:33<01:04,  2.78s/it]plain | prompt_de -1*de:  80%|████████  | 90/112 [03:34<00:46,  2.13s/it]plain | prompt_de -1*de:  81%|████████▏ | 91/112 [03:36<00:42,  2.01s/it]plain | prompt_de -1*de:  82%|████████▏ | 92/112 [03:39<00:49,  2.48s/it]plain | prompt_de -1*de:  83%|████████▎ | 93/112 [03:43<00:53,  2.81s/it]plain | prompt_de -1*de:  84%|████████▍ | 94/112 [03:45<00:50,  2.78s/it]plain | prompt_de -1*de:  85%|████████▍ | 95/112 [03:48<00:44,  2.64s/it]plain | prompt_de -1*de:  86%|████████▌ | 96/112 [03:51<00:46,  2.90s/it]plain | prompt_de -1*de:  87%|████████▋ | 97/112 [03:55<00:46,  3.08s/it]plain | prompt_de -1*de:  88%|████████▊ | 98/112 [03:57<00:39,  2.86s/it]plain | prompt_de -1*de:  88%|████████▊ | 99/112 [04:01<00:39,  3.07s/it]plain | prompt_de -1*de:  89%|████████▉ | 100/112 [04:02<00:32,  2.67s/it]plain | prompt_de -1*de:  90%|█████████ | 101/112 [04:05<00:28,  2.56s/it]plain | prompt_de -1*de:  91%|█████████ | 102/112 [04:08<00:28,  2.87s/it]plain | prompt_de -1*de:  92%|█████████▏| 103/112 [04:12<00:26,  2.98s/it]plain | prompt_de -1*de:  93%|█████████▎| 104/112 [04:15<00:25,  3.16s/it]plain | prompt_de -1*de:  94%|█████████▍| 105/112 [04:18<00:20,  2.96s/it]plain | prompt_de -1*de:  95%|█████████▍| 106/112 [04:18<00:13,  2.30s/it]plain | prompt_de -1*de:  96%|█████████▌| 107/112 [04:22<00:13,  2.68s/it]plain | prompt_de -1*de:  96%|█████████▋| 108/112 [04:25<00:11,  2.77s/it]plain | prompt_de -1*de:  97%|█████████▋| 109/112 [04:28<00:09,  3.02s/it]plain | prompt_de -1*de:  98%|█████████▊| 110/112 [04:32<00:06,  3.19s/it]plain | prompt_de -1*de:  99%|█████████▉| 111/112 [04:36<00:03,  3.30s/it]plain | prompt_de -1*de: 100%|██████████| 112/112 [04:38<00:00,  3.10s/it]plain | prompt_de -1*de: 100%|██████████| 112/112 [04:38<00:00,  2.49s/it]
plain | prompt_de -1*rand0_de:   0%|          | 0/112 [00:00<?, ?it/s]plain | prompt_de -1*rand0_de:   1%|          | 1/112 [00:02<05:27,  2.95s/it]plain | prompt_de -1*rand0_de:   2%|▏         | 2/112 [00:06<06:03,  3.31s/it]plain | prompt_de -1*rand0_de:   3%|▎         | 3/112 [00:10<06:12,  3.42s/it]plain | prompt_de -1*rand0_de:   4%|▎         | 4/112 [00:13<06:16,  3.48s/it]plain | prompt_de -1*rand0_de:   4%|▍         | 5/112 [00:17<06:16,  3.51s/it]plain | prompt_de -1*rand0_de:   5%|▌         | 6/112 [00:20<06:14,  3.53s/it]plain | prompt_de -1*rand0_de:   6%|▋         | 7/112 [00:24<06:11,  3.54s/it]plain | prompt_de -1*rand0_de:   7%|▋         | 8/112 [00:27<06:08,  3.55s/it]plain | prompt_de -1*rand0_de:   8%|▊         | 9/112 [00:31<06:06,  3.56s/it]plain | prompt_de -1*rand0_de:   9%|▉         | 10/112 [00:32<04:28,  2.63s/it]plain | prompt_de -1*rand0_de:  10%|▉         | 11/112 [00:35<04:54,  2.92s/it]plain | prompt_de -1*rand0_de:  11%|█         | 12/112 [00:39<05:11,  3.11s/it]plain | prompt_de -1*rand0_de:  12%|█▏        | 13/112 [00:42<05:21,  3.25s/it]plain | prompt_de -1*rand0_de:  12%|█▎        | 14/112 [00:46<05:28,  3.35s/it]plain | prompt_de -1*rand0_de:  13%|█▎        | 15/112 [00:46<03:56,  2.43s/it]plain | prompt_de -1*rand0_de:  14%|█▍        | 16/112 [00:50<04:26,  2.78s/it]plain | prompt_de -1*rand0_de:  15%|█▌        | 17/112 [00:53<04:38,  2.93s/it]plain | prompt_de -1*rand0_de:  16%|█▌        | 18/112 [00:57<04:53,  3.12s/it]plain | prompt_de -1*rand0_de:  17%|█▋        | 19/112 [01:00<05:03,  3.26s/it]plain | prompt_de -1*rand0_de:  18%|█▊        | 20/112 [01:04<05:08,  3.35s/it]plain | prompt_de -1*rand0_de:  19%|█▉        | 21/112 [01:07<05:10,  3.42s/it]plain | prompt_de -1*rand0_de:  20%|█▉        | 22/112 [01:08<03:43,  2.48s/it]plain | prompt_de -1*rand0_de:  21%|██        | 23/112 [01:11<04:09,  2.81s/it]plain | prompt_de -1*rand0_de:  21%|██▏       | 24/112 [01:12<03:23,  2.31s/it]plain | prompt_de -1*rand0_de:  22%|██▏       | 25/112 [01:16<03:53,  2.68s/it]plain | prompt_de -1*rand0_de:  23%|██▎       | 26/112 [01:19<04:12,  2.94s/it]plain | prompt_de -1*rand0_de:  24%|██▍       | 27/112 [01:23<04:26,  3.13s/it]plain | prompt_de -1*rand0_de:  25%|██▌       | 28/112 [01:25<03:56,  2.82s/it]plain | prompt_de -1*rand0_de:  26%|██▌       | 29/112 [01:29<04:11,  3.03s/it]plain | prompt_de -1*rand0_de:  27%|██▋       | 30/112 [01:32<04:21,  3.19s/it]plain | prompt_de -1*rand0_de:  28%|██▊       | 31/112 [01:33<03:18,  2.45s/it]plain | prompt_de -1*rand0_de:  29%|██▊       | 32/112 [01:36<03:43,  2.79s/it]plain | prompt_de -1*rand0_de:  29%|██▉       | 33/112 [01:40<03:59,  3.03s/it]plain | prompt_de -1*rand0_de:  30%|███       | 34/112 [01:44<04:08,  3.19s/it]plain | prompt_de -1*rand0_de:  31%|███▏      | 35/112 [01:46<03:53,  3.03s/it]plain | prompt_de -1*rand0_de:  32%|███▏      | 36/112 [01:50<04:02,  3.19s/it]plain | prompt_de -1*rand0_de:  33%|███▎      | 37/112 [01:53<04:07,  3.30s/it]plain | prompt_de -1*rand0_de:  34%|███▍      | 38/112 [01:57<04:09,  3.38s/it]plain | prompt_de -1*rand0_de:  35%|███▍      | 39/112 [02:00<04:10,  3.44s/it]plain | prompt_de -1*rand0_de:  36%|███▌      | 40/112 [02:04<04:10,  3.47s/it]plain | prompt_de -1*rand0_de:  37%|███▋      | 41/112 [02:08<04:08,  3.50s/it]plain | prompt_de -1*rand0_de:  38%|███▊      | 42/112 [02:11<04:06,  3.52s/it]plain | prompt_de -1*rand0_de:  38%|███▊      | 43/112 [02:12<02:56,  2.56s/it]plain | prompt_de -1*rand0_de:  39%|███▉      | 44/112 [02:15<03:14,  2.86s/it]plain | prompt_de -1*rand0_de:  40%|████      | 45/112 [02:19<03:25,  3.07s/it]plain | prompt_de -1*rand0_de:  41%|████      | 46/112 [02:22<03:21,  3.05s/it]plain | prompt_de -1*rand0_de:  42%|████▏     | 47/112 [02:23<02:46,  2.56s/it]plain | prompt_de -1*rand0_de:  43%|████▎     | 48/112 [02:26<02:50,  2.67s/it]plain | prompt_de -1*rand0_de:  44%|████▍     | 49/112 [02:30<03:04,  2.93s/it]plain | prompt_de -1*rand0_de:  45%|████▍     | 50/112 [02:33<03:13,  3.12s/it]plain | prompt_de -1*rand0_de:  46%|████▌     | 51/112 [02:37<03:18,  3.25s/it]plain | prompt_de -1*rand0_de:  46%|████▋     | 52/112 [02:40<03:20,  3.34s/it]plain | prompt_de -1*rand0_de:  47%|████▋     | 53/112 [02:44<03:19,  3.38s/it]plain | prompt_de -1*rand0_de:  48%|████▊     | 54/112 [02:47<03:18,  3.43s/it]plain | prompt_de -1*rand0_de:  49%|████▉     | 55/112 [02:48<02:29,  2.62s/it]plain | prompt_de -1*rand0_de:  50%|█████     | 56/112 [02:51<02:42,  2.89s/it]plain | prompt_de -1*rand0_de:  51%|█████     | 57/112 [02:52<02:08,  2.34s/it]plain | prompt_de -1*rand0_de:  52%|█████▏    | 58/112 [02:56<02:22,  2.64s/it]plain | prompt_de -1*rand0_de:  53%|█████▎    | 59/112 [02:59<02:34,  2.91s/it]plain | prompt_de -1*rand0_de:  54%|█████▎    | 60/112 [03:03<02:41,  3.10s/it]plain | prompt_de -1*rand0_de:  54%|█████▍    | 61/112 [03:06<02:44,  3.24s/it]plain | prompt_de -1*rand0_de:  55%|█████▌    | 62/112 [03:07<01:57,  2.35s/it]plain | prompt_de -1*rand0_de:  56%|█████▋    | 63/112 [03:09<01:51,  2.27s/it]plain | prompt_de -1*rand0_de:  57%|█████▋    | 64/112 [03:12<02:07,  2.65s/it]plain | prompt_de -1*rand0_de:  58%|█████▊    | 65/112 [03:15<02:09,  2.76s/it]plain | prompt_de -1*rand0_de:  59%|█████▉    | 66/112 [03:16<01:33,  2.04s/it]plain | prompt_de -1*rand0_de:  60%|█████▉    | 67/112 [03:19<01:52,  2.50s/it]plain | prompt_de -1*rand0_de:  61%|██████    | 68/112 [03:23<02:03,  2.81s/it]plain | prompt_de -1*rand0_de:  62%|██████▏   | 69/112 [03:24<01:34,  2.19s/it]plain | prompt_de -1*rand0_de:  62%|██████▎   | 70/112 [03:27<01:49,  2.60s/it]plain | prompt_de -1*rand0_de:  63%|██████▎   | 71/112 [03:31<01:58,  2.88s/it]plain | prompt_de -1*rand0_de:  64%|██████▍   | 72/112 [03:34<02:03,  3.09s/it]plain | prompt_de -1*rand0_de:  65%|██████▌   | 73/112 [03:38<02:04,  3.18s/it]plain | prompt_de -1*rand0_de:  66%|██████▌   | 74/112 [03:41<02:05,  3.31s/it]plain | prompt_de -1*rand0_de:  67%|██████▋   | 75/112 [03:45<02:05,  3.39s/it]plain | prompt_de -1*rand0_de:  68%|██████▊   | 76/112 [03:48<02:03,  3.44s/it]plain | prompt_de -1*rand0_de:  69%|██████▉   | 77/112 [03:52<02:01,  3.48s/it]plain | prompt_de -1*rand0_de:  70%|██████▉   | 78/112 [03:56<01:59,  3.51s/it]plain | prompt_de -1*rand0_de:  71%|███████   | 79/112 [03:59<01:56,  3.53s/it]plain | prompt_de -1*rand0_de:  71%|███████▏  | 80/112 [03:59<01:22,  2.56s/it]plain | prompt_de -1*rand0_de:  72%|███████▏  | 81/112 [04:03<01:28,  2.86s/it]plain | prompt_de -1*rand0_de:  73%|███████▎  | 82/112 [04:07<01:32,  3.08s/it]plain | prompt_de -1*rand0_de:  74%|███████▍  | 83/112 [04:10<01:33,  3.23s/it]plain | prompt_de -1*rand0_de:  75%|███████▌  | 84/112 [04:14<01:33,  3.33s/it]plain | prompt_de -1*rand0_de:  76%|███████▌  | 85/112 [04:15<01:14,  2.76s/it]plain | prompt_de -1*rand0_de:  77%|███████▋  | 86/112 [04:19<01:17,  2.99s/it]plain | prompt_de -1*rand0_de:  78%|███████▊  | 87/112 [04:19<00:56,  2.26s/it]plain | prompt_de -1*rand0_de:  79%|███████▊  | 88/112 [04:23<01:03,  2.66s/it]plain | prompt_de -1*rand0_de:  79%|███████▉  | 89/112 [04:26<01:07,  2.93s/it]plain | prompt_de -1*rand0_de:  80%|████████  | 90/112 [04:30<01:08,  3.11s/it]plain | prompt_de -1*rand0_de:  81%|████████▏ | 91/112 [04:33<01:08,  3.24s/it]plain | prompt_de -1*rand0_de:  82%|████████▏ | 92/112 [04:37<01:06,  3.33s/it]plain | prompt_de -1*rand0_de:  83%|████████▎ | 93/112 [04:41<01:04,  3.39s/it]plain | prompt_de -1*rand0_de:  84%|████████▍ | 94/112 [04:43<00:56,  3.14s/it]plain | prompt_de -1*rand0_de:  85%|████████▍ | 95/112 [04:47<00:55,  3.26s/it]plain | prompt_de -1*rand0_de:  86%|████████▌ | 96/112 [04:50<00:53,  3.35s/it]plain | prompt_de -1*rand0_de:  87%|████████▋ | 97/112 [04:54<00:50,  3.40s/it]plain | prompt_de -1*rand0_de:  88%|████████▊ | 98/112 [04:57<00:48,  3.45s/it]plain | prompt_de -1*rand0_de:  88%|████████▊ | 99/112 [05:01<00:45,  3.48s/it]plain | prompt_de -1*rand0_de:  89%|████████▉ | 100/112 [05:01<00:30,  2.58s/it]plain | prompt_de -1*rand0_de:  90%|█████████ | 101/112 [05:02<00:20,  1.90s/it]plain | prompt_de -1*rand0_de:  91%|█████████ | 102/112 [05:05<00:23,  2.40s/it]plain | prompt_de -1*rand0_de:  92%|█████████▏| 103/112 [05:08<00:23,  2.66s/it]plain | prompt_de -1*rand0_de:  93%|█████████▎| 104/112 [05:12<00:23,  2.94s/it]plain | prompt_de -1*rand0_de:  94%|█████████▍| 105/112 [05:13<00:16,  2.34s/it]plain | prompt_de -1*rand0_de:  95%|█████████▍| 106/112 [05:13<00:10,  1.73s/it]plain | prompt_de -1*rand0_de:  96%|█████████▌| 107/112 [05:17<00:11,  2.28s/it]plain | prompt_de -1*rand0_de:  96%|█████████▋| 108/112 [05:20<00:10,  2.67s/it]plain | prompt_de -1*rand0_de:  97%|█████████▋| 109/112 [05:24<00:08,  2.94s/it]plain | prompt_de -1*rand0_de:  98%|█████████▊| 110/112 [05:28<00:06,  3.12s/it]plain | prompt_de -1*rand0_de:  99%|█████████▉| 111/112 [05:31<00:03,  3.26s/it]plain | prompt_de -1*rand0_de: 100%|██████████| 112/112 [05:35<00:00,  3.36s/it]plain | prompt_de -1*rand0_de: 100%|██████████| 112/112 [05:35<00:00,  2.99s/it]
plain | prompt_de -1*rand1_de:   0%|          | 0/112 [00:00<?, ?it/s]plain | prompt_de -1*rand1_de:   1%|          | 1/112 [00:03<06:36,  3.57s/it]plain | prompt_de -1*rand1_de:   2%|▏         | 2/112 [00:07<06:32,  3.57s/it]plain | prompt_de -1*rand1_de:   3%|▎         | 3/112 [00:10<06:28,  3.57s/it]plain | prompt_de -1*rand1_de:   4%|▎         | 4/112 [00:14<06:24,  3.56s/it]plain | prompt_de -1*rand1_de:   4%|▍         | 5/112 [00:17<06:20,  3.56s/it]plain | prompt_de -1*rand1_de:   5%|▌         | 6/112 [00:21<06:16,  3.55s/it]plain | prompt_de -1*rand1_de:   6%|▋         | 7/112 [00:24<06:12,  3.55s/it]plain | prompt_de -1*rand1_de:   7%|▋         | 8/112 [00:28<06:09,  3.55s/it]plain | prompt_de -1*rand1_de:   8%|▊         | 9/112 [00:32<06:06,  3.55s/it]plain | prompt_de -1*rand1_de:   9%|▉         | 10/112 [00:35<06:03,  3.56s/it]plain | prompt_de -1*rand1_de:  10%|▉         | 11/112 [00:39<06:00,  3.57s/it]plain | prompt_de -1*rand1_de:  11%|█         | 12/112 [00:42<05:56,  3.56s/it]plain | prompt_de -1*rand1_de:  12%|█▏        | 13/112 [00:46<05:53,  3.57s/it]plain | prompt_de -1*rand1_de:  12%|█▎        | 14/112 [00:46<04:18,  2.63s/it]plain | prompt_de -1*rand1_de:  13%|█▎        | 15/112 [00:47<03:07,  1.93s/it]plain | prompt_de -1*rand1_de:  14%|█▍        | 16/112 [00:50<03:52,  2.42s/it]plain | prompt_de -1*rand1_de:  15%|█▌        | 17/112 [00:52<03:47,  2.39s/it]plain | prompt_de -1*rand1_de:  16%|█▌        | 18/112 [00:56<04:17,  2.74s/it]plain | prompt_de -1*rand1_de:  17%|█▋        | 19/112 [01:00<04:38,  2.99s/it]plain | prompt_de -1*rand1_de:  18%|█▊        | 20/112 [01:03<04:50,  3.16s/it]plain | prompt_de -1*rand1_de:  19%|█▉        | 21/112 [01:07<04:57,  3.27s/it]plain | prompt_de -1*rand1_de:  20%|█▉        | 22/112 [01:07<03:33,  2.37s/it]plain | prompt_de -1*rand1_de:  21%|██        | 23/112 [01:11<04:03,  2.74s/it]plain | prompt_de -1*rand1_de:  21%|██▏       | 24/112 [01:14<04:23,  2.99s/it]plain | prompt_de -1*rand1_de:  22%|██▏       | 25/112 [01:18<04:34,  3.16s/it]plain | prompt_de -1*rand1_de:  23%|██▎       | 26/112 [01:21<04:41,  3.28s/it]plain | prompt_de -1*rand1_de:  24%|██▍       | 27/112 [01:25<04:45,  3.36s/it]plain | prompt_de -1*rand1_de:  25%|██▌       | 28/112 [01:28<04:45,  3.40s/it]plain | prompt_de -1*rand1_de:  26%|██▌       | 29/112 [01:32<04:47,  3.46s/it]plain | prompt_de -1*rand1_de:  27%|██▋       | 30/112 [01:35<04:33,  3.33s/it]plain | prompt_de -1*rand1_de:  28%|██▊       | 31/112 [01:35<03:19,  2.46s/it]plain | prompt_de -1*rand1_de:  29%|██▊       | 32/112 [01:39<03:43,  2.79s/it]plain | prompt_de -1*rand1_de:  29%|██▉       | 33/112 [01:41<03:33,  2.71s/it]plain | prompt_de -1*rand1_de:  30%|███       | 34/112 [01:44<03:37,  2.78s/it]plain | prompt_de -1*rand1_de:  31%|███▏      | 35/112 [01:48<03:47,  2.96s/it]plain | prompt_de -1*rand1_de:  32%|███▏      | 36/112 [01:51<03:58,  3.14s/it]plain | prompt_de -1*rand1_de:  33%|███▎      | 37/112 [01:55<04:04,  3.26s/it]plain | prompt_de -1*rand1_de:  34%|███▍      | 38/112 [01:55<03:01,  2.45s/it]plain | prompt_de -1*rand1_de:  35%|███▍      | 39/112 [01:59<03:22,  2.78s/it]plain | prompt_de -1*rand1_de:  36%|███▌      | 40/112 [02:02<03:36,  3.01s/it]plain | prompt_de -1*rand1_de:  37%|███▋      | 41/112 [02:06<03:44,  3.16s/it]plain | prompt_de -1*rand1_de:  38%|███▊      | 42/112 [02:07<03:00,  2.58s/it]plain | prompt_de -1*rand1_de:  38%|███▊      | 43/112 [02:08<02:11,  1.90s/it]plain | prompt_de -1*rand1_de:  39%|███▉      | 44/112 [02:11<02:43,  2.41s/it]plain | prompt_de -1*rand1_de:  40%|████      | 45/112 [02:15<03:03,  2.74s/it]plain | prompt_de -1*rand1_de:  41%|████      | 46/112 [02:16<02:35,  2.36s/it]plain | prompt_de -1*rand1_de:  42%|████▏     | 47/112 [02:20<02:56,  2.71s/it]plain | prompt_de -1*rand1_de:  43%|████▎     | 48/112 [02:21<02:33,  2.39s/it]plain | prompt_de -1*rand1_de:  44%|████▍     | 49/112 [02:25<02:52,  2.74s/it]plain | prompt_de -1*rand1_de:  45%|████▍     | 50/112 [02:28<03:04,  2.98s/it]plain | prompt_de -1*rand1_de:  46%|████▌     | 51/112 [02:32<03:11,  3.15s/it]plain | prompt_de -1*rand1_de:  46%|████▋     | 52/112 [02:34<02:51,  2.86s/it]plain | prompt_de -1*rand1_de:  47%|████▋     | 53/112 [02:37<02:40,  2.72s/it]plain | prompt_de -1*rand1_de:  48%|████▊     | 54/112 [02:40<02:52,  2.98s/it]plain | prompt_de -1*rand1_de:  49%|████▉     | 55/112 [02:41<02:07,  2.24s/it]plain | prompt_de -1*rand1_de:  50%|█████     | 56/112 [02:44<02:27,  2.64s/it]plain | prompt_de -1*rand1_de:  51%|█████     | 57/112 [02:45<01:48,  1.96s/it]plain | prompt_de -1*rand1_de:  52%|█████▏    | 58/112 [02:48<02:11,  2.44s/it]plain | prompt_de -1*rand1_de:  53%|█████▎    | 59/112 [02:52<02:26,  2.77s/it]plain | prompt_de -1*rand1_de:  54%|█████▎    | 60/112 [02:55<02:36,  3.01s/it]plain | prompt_de -1*rand1_de:  54%|█████▍    | 61/112 [02:59<02:41,  3.17s/it]plain | prompt_de -1*rand1_de:  55%|█████▌    | 62/112 [02:59<01:55,  2.31s/it]plain | prompt_de -1*rand1_de:  56%|█████▋    | 63/112 [03:00<01:37,  1.98s/it]plain | prompt_de -1*rand1_de:  57%|█████▋    | 64/112 [03:04<01:57,  2.45s/it]plain | prompt_de -1*rand1_de:  58%|█████▊    | 65/112 [03:07<02:10,  2.78s/it]plain | prompt_de -1*rand1_de:  59%|█████▉    | 66/112 [03:08<01:34,  2.05s/it]plain | prompt_de -1*rand1_de:  60%|█████▉    | 67/112 [03:11<01:52,  2.50s/it]plain | prompt_de -1*rand1_de:  61%|██████    | 68/112 [03:15<02:03,  2.81s/it]plain | prompt_de -1*rand1_de:  62%|██████▏   | 69/112 [03:16<01:34,  2.20s/it]plain | prompt_de -1*rand1_de:  62%|██████▎   | 70/112 [03:19<01:49,  2.60s/it]plain | prompt_de -1*rand1_de:  63%|██████▎   | 71/112 [03:23<01:58,  2.90s/it]plain | prompt_de -1*rand1_de:  64%|██████▍   | 72/112 [03:26<02:04,  3.10s/it]plain | prompt_de -1*rand1_de:  65%|██████▌   | 73/112 [03:27<01:38,  2.52s/it]plain | prompt_de -1*rand1_de:  66%|██████▌   | 74/112 [03:31<01:47,  2.84s/it]plain | prompt_de -1*rand1_de:  67%|██████▋   | 75/112 [03:35<01:53,  3.06s/it]plain | prompt_de -1*rand1_de:  68%|██████▊   | 76/112 [03:38<01:55,  3.21s/it]plain | prompt_de -1*rand1_de:  69%|██████▉   | 77/112 [03:42<01:56,  3.33s/it]plain | prompt_de -1*rand1_de:  70%|██████▉   | 78/112 [03:45<01:56,  3.42s/it]plain | prompt_de -1*rand1_de:  71%|███████   | 79/112 [03:49<01:54,  3.47s/it]plain | prompt_de -1*rand1_de:  71%|███████▏  | 80/112 [03:53<01:52,  3.50s/it]plain | prompt_de -1*rand1_de:  72%|███████▏  | 81/112 [03:56<01:49,  3.52s/it]plain | prompt_de -1*rand1_de:  73%|███████▎  | 82/112 [04:00<01:45,  3.53s/it]plain | prompt_de -1*rand1_de:  74%|███████▍  | 83/112 [04:03<01:42,  3.54s/it]plain | prompt_de -1*rand1_de:  75%|███████▌  | 84/112 [04:07<01:39,  3.55s/it]plain | prompt_de -1*rand1_de:  76%|███████▌  | 85/112 [04:10<01:35,  3.55s/it]plain | prompt_de -1*rand1_de:  77%|███████▋  | 86/112 [04:11<01:08,  2.63s/it]plain | prompt_de -1*rand1_de:  78%|███████▊  | 87/112 [04:14<01:12,  2.90s/it]plain | prompt_de -1*rand1_de:  79%|███████▊  | 88/112 [04:18<01:14,  3.10s/it]plain | prompt_de -1*rand1_de:  79%|███████▉  | 89/112 [04:22<01:14,  3.24s/it]plain | prompt_de -1*rand1_de:  80%|████████  | 90/112 [04:25<01:13,  3.34s/it]plain | prompt_de -1*rand1_de:  81%|████████▏ | 91/112 [04:26<00:55,  2.65s/it]plain | prompt_de -1*rand1_de:  82%|████████▏ | 92/112 [04:27<00:39,  1.98s/it]plain | prompt_de -1*rand1_de:  83%|████████▎ | 93/112 [04:27<00:28,  1.49s/it]plain | prompt_de -1*rand1_de:  84%|████████▍ | 94/112 [04:31<00:38,  2.12s/it]plain | prompt_de -1*rand1_de:  85%|████████▍ | 95/112 [04:34<00:43,  2.55s/it]plain | prompt_de -1*rand1_de:  86%|████████▌ | 96/112 [04:38<00:45,  2.86s/it]plain | prompt_de -1*rand1_de:  87%|████████▋ | 97/112 [04:41<00:46,  3.08s/it]plain | prompt_de -1*rand1_de:  88%|████████▊ | 98/112 [04:45<00:45,  3.23s/it]plain | prompt_de -1*rand1_de:  88%|████████▊ | 99/112 [04:45<00:31,  2.42s/it]plain | prompt_de -1*rand1_de:  89%|████████▉ | 100/112 [04:48<00:28,  2.36s/it]plain | prompt_de -1*rand1_de:  90%|█████████ | 101/112 [04:51<00:29,  2.71s/it]plain | prompt_de -1*rand1_de:  91%|█████████ | 102/112 [04:55<00:29,  2.98s/it]plain | prompt_de -1*rand1_de:  92%|█████████▏| 103/112 [04:58<00:28,  3.15s/it]plain | prompt_de -1*rand1_de:  93%|█████████▎| 104/112 [05:02<00:26,  3.27s/it]plain | prompt_de -1*rand1_de:  94%|█████████▍| 105/112 [05:05<00:23,  3.36s/it]plain | prompt_de -1*rand1_de:  95%|█████████▍| 106/112 [05:06<00:14,  2.44s/it]plain | prompt_de -1*rand1_de:  96%|█████████▌| 107/112 [05:09<00:13,  2.78s/it]plain | prompt_de -1*rand1_de:  96%|█████████▋| 108/112 [05:13<00:12,  3.02s/it]plain | prompt_de -1*rand1_de:  97%|█████████▋| 109/112 [05:16<00:09,  3.17s/it]plain | prompt_de -1*rand1_de:  98%|█████████▊| 110/112 [05:17<00:04,  2.37s/it]plain | prompt_de -1*rand1_de:  99%|█████████▉| 111/112 [05:20<00:02,  2.72s/it]plain | prompt_de -1*rand1_de: 100%|██████████| 112/112 [05:21<00:00,  2.05s/it]plain | prompt_de -1*rand1_de: 100%|██████████| 112/112 [05:21<00:00,  2.87s/it]
plain | prompt_de -1*rand2_de:   0%|          | 0/112 [00:00<?, ?it/s]plain | prompt_de -1*rand2_de:   1%|          | 1/112 [00:03<06:36,  3.57s/it]plain | prompt_de -1*rand2_de:   2%|▏         | 2/112 [00:07<06:30,  3.55s/it]plain | prompt_de -1*rand2_de:   3%|▎         | 3/112 [00:10<06:27,  3.56s/it]plain | prompt_de -1*rand2_de:   4%|▎         | 4/112 [00:14<06:22,  3.55s/it]plain | prompt_de -1*rand2_de:   4%|▍         | 5/112 [00:17<06:20,  3.56s/it]plain | prompt_de -1*rand2_de:   5%|▌         | 6/112 [00:21<06:16,  3.56s/it]plain | prompt_de -1*rand2_de:   6%|▋         | 7/112 [00:24<06:12,  3.55s/it]plain | prompt_de -1*rand2_de:   7%|▋         | 8/112 [00:28<06:08,  3.55s/it]plain | prompt_de -1*rand2_de:   8%|▊         | 9/112 [00:31<06:06,  3.56s/it]plain | prompt_de -1*rand2_de:   9%|▉         | 10/112 [00:32<04:28,  2.63s/it]plain | prompt_de -1*rand2_de:  10%|▉         | 11/112 [00:36<04:53,  2.91s/it]plain | prompt_de -1*rand2_de:  11%|█         | 12/112 [00:39<05:09,  3.09s/it]plain | prompt_de -1*rand2_de:  12%|█▏        | 13/112 [00:40<03:52,  2.35s/it]plain | prompt_de -1*rand2_de:  12%|█▎        | 14/112 [00:43<04:26,  2.72s/it]plain | prompt_de -1*rand2_de:  13%|█▎        | 15/112 [00:44<03:13,  1.99s/it]plain | prompt_de -1*rand2_de:  14%|█▍        | 16/112 [00:47<03:56,  2.46s/it]plain | prompt_de -1*rand2_de:  15%|█▌        | 17/112 [00:51<04:26,  2.80s/it]plain | prompt_de -1*rand2_de:  16%|█▌        | 18/112 [00:54<04:45,  3.04s/it]plain | prompt_de -1*rand2_de:  17%|█▋        | 19/112 [00:58<04:56,  3.19s/it]plain | prompt_de -1*rand2_de:  18%|█▊        | 20/112 [01:01<04:51,  3.17s/it]plain | prompt_de -1*rand2_de:  19%|█▉        | 21/112 [01:05<04:58,  3.28s/it]plain | prompt_de -1*rand2_de:  20%|█▉        | 22/112 [01:05<03:34,  2.38s/it]plain | prompt_de -1*rand2_de:  21%|██        | 23/112 [01:06<02:58,  2.00s/it]plain | prompt_de -1*rand2_de:  21%|██▏       | 24/112 [01:07<02:17,  1.57s/it]plain | prompt_de -1*rand2_de:  22%|██▏       | 25/112 [01:10<03:08,  2.17s/it]plain | prompt_de -1*rand2_de:  23%|██▎       | 26/112 [01:14<03:42,  2.59s/it]plain | prompt_de -1*rand2_de:  24%|██▍       | 27/112 [01:14<02:51,  2.01s/it]plain | prompt_de -1*rand2_de:  25%|██▌       | 28/112 [01:16<02:48,  2.01s/it]plain | prompt_de -1*rand2_de:  26%|██▌       | 29/112 [01:20<03:25,  2.48s/it]plain | prompt_de -1*rand2_de:  27%|██▋       | 30/112 [01:23<03:49,  2.80s/it]plain | prompt_de -1*rand2_de:  28%|██▊       | 31/112 [01:24<02:47,  2.06s/it]plain | prompt_de -1*rand2_de:  29%|██▊       | 32/112 [01:25<02:33,  1.92s/it]plain | prompt_de -1*rand2_de:  29%|██▉       | 33/112 [01:27<02:14,  1.71s/it]plain | prompt_de -1*rand2_de:  30%|███       | 34/112 [01:28<02:01,  1.55s/it]plain | prompt_de -1*rand2_de:  31%|███▏      | 35/112 [01:28<01:35,  1.25s/it]plain | prompt_de -1*rand2_de:  32%|███▏      | 36/112 [01:32<02:26,  1.93s/it]plain | prompt_de -1*rand2_de:  33%|███▎      | 37/112 [01:35<03:00,  2.41s/it]plain | prompt_de -1*rand2_de:  34%|███▍      | 38/112 [01:36<02:13,  1.80s/it]plain | prompt_de -1*rand2_de:  35%|███▍      | 39/112 [01:39<02:49,  2.32s/it]plain | prompt_de -1*rand2_de:  36%|███▌      | 40/112 [01:43<03:13,  2.69s/it]plain | prompt_de -1*rand2_de:  37%|███▋      | 41/112 [01:46<03:11,  2.70s/it]plain | prompt_de -1*rand2_de:  38%|███▊      | 42/112 [01:46<02:26,  2.09s/it]plain | prompt_de -1*rand2_de:  38%|███▊      | 43/112 [01:47<01:47,  1.56s/it]plain | prompt_de -1*rand2_de:  39%|███▉      | 44/112 [01:50<02:26,  2.16s/it]plain | prompt_de -1*rand2_de:  40%|████      | 45/112 [01:54<02:52,  2.57s/it]plain | prompt_de -1*rand2_de:  41%|████      | 46/112 [01:57<02:59,  2.73s/it]plain | prompt_de -1*rand2_de:  42%|████▏     | 47/112 [02:00<03:13,  2.98s/it]plain | prompt_de -1*rand2_de:  43%|████▎     | 48/112 [02:04<03:22,  3.16s/it]plain | prompt_de -1*rand2_de:  44%|████▍     | 49/112 [02:07<03:26,  3.28s/it]plain | prompt_de -1*rand2_de:  45%|████▍     | 50/112 [02:11<03:28,  3.36s/it]plain | prompt_de -1*rand2_de:  46%|████▌     | 51/112 [02:13<02:56,  2.89s/it]plain | prompt_de -1*rand2_de:  46%|████▋     | 52/112 [02:15<02:42,  2.70s/it]plain | prompt_de -1*rand2_de:  47%|████▋     | 53/112 [02:19<02:54,  2.95s/it]plain | prompt_de -1*rand2_de:  48%|████▊     | 54/112 [02:22<03:01,  3.13s/it]plain | prompt_de -1*rand2_de:  49%|████▉     | 55/112 [02:22<02:11,  2.30s/it]plain | prompt_de -1*rand2_de:  50%|█████     | 56/112 [02:26<02:30,  2.68s/it]plain | prompt_de -1*rand2_de:  51%|█████     | 57/112 [02:28<02:08,  2.33s/it]plain | prompt_de -1*rand2_de:  52%|█████▏    | 58/112 [02:31<02:25,  2.69s/it]plain | prompt_de -1*rand2_de:  53%|█████▎    | 59/112 [02:35<02:36,  2.96s/it]plain | prompt_de -1*rand2_de:  54%|█████▎    | 60/112 [02:38<02:43,  3.15s/it]plain | prompt_de -1*rand2_de:  54%|█████▍    | 61/112 [02:42<02:46,  3.27s/it]plain | prompt_de -1*rand2_de:  55%|█████▌    | 62/112 [02:42<01:58,  2.38s/it]plain | prompt_de -1*rand2_de:  56%|█████▋    | 63/112 [02:42<01:26,  1.77s/it]plain | prompt_de -1*rand2_de:  57%|█████▋    | 64/112 [02:46<01:51,  2.32s/it]plain | prompt_de -1*rand2_de:  58%|█████▊    | 65/112 [02:50<02:06,  2.69s/it]plain | prompt_de -1*rand2_de:  59%|█████▉    | 66/112 [02:53<02:08,  2.79s/it]plain | prompt_de -1*rand2_de:  60%|█████▉    | 67/112 [02:56<02:16,  3.03s/it]plain | prompt_de -1*rand2_de:  61%|██████    | 68/112 [03:00<02:20,  3.18s/it]plain | prompt_de -1*rand2_de:  62%|██████▏   | 69/112 [03:01<01:53,  2.63s/it]plain | prompt_de -1*rand2_de:  62%|██████▎   | 70/112 [03:05<02:02,  2.92s/it]plain | prompt_de -1*rand2_de:  63%|██████▎   | 71/112 [03:08<02:07,  3.12s/it]plain | prompt_de -1*rand2_de:  64%|██████▍   | 72/112 [03:12<02:10,  3.26s/it]plain | prompt_de -1*rand2_de:  65%|██████▌   | 73/112 [03:14<01:51,  2.86s/it]plain | prompt_de -1*rand2_de:  66%|██████▌   | 74/112 [03:17<01:56,  3.06s/it]plain | prompt_de -1*rand2_de:  67%|██████▋   | 75/112 [03:21<01:58,  3.21s/it]plain | prompt_de -1*rand2_de:  68%|██████▊   | 76/112 [03:24<01:59,  3.32s/it]plain | prompt_de -1*rand2_de:  69%|██████▉   | 77/112 [03:28<01:58,  3.39s/it]plain | prompt_de -1*rand2_de:  70%|██████▉   | 78/112 [03:32<01:57,  3.44s/it]plain | prompt_de -1*rand2_de:  71%|███████   | 79/112 [03:35<01:54,  3.47s/it]plain | prompt_de -1*rand2_de:  71%|███████▏  | 80/112 [03:39<01:51,  3.50s/it]plain | prompt_de -1*rand2_de:  72%|███████▏  | 81/112 [03:41<01:38,  3.17s/it]plain | prompt_de -1*rand2_de:  73%|███████▎  | 82/112 [03:45<01:38,  3.28s/it]plain | prompt_de -1*rand2_de:  74%|███████▍  | 83/112 [03:48<01:37,  3.36s/it]plain | prompt_de -1*rand2_de:  75%|███████▌  | 84/112 [03:52<01:35,  3.41s/it]plain | prompt_de -1*rand2_de:  76%|███████▌  | 85/112 [03:53<01:17,  2.86s/it]plain | prompt_de -1*rand2_de:  77%|███████▋  | 86/112 [03:54<00:56,  2.17s/it]plain | prompt_de -1*rand2_de:  78%|███████▊  | 87/112 [03:54<00:41,  1.68s/it]plain | prompt_de -1*rand2_de:  79%|███████▊  | 88/112 [03:58<00:53,  2.24s/it]plain | prompt_de -1*rand2_de:  79%|███████▉  | 89/112 [04:01<01:00,  2.63s/it]plain | prompt_de -1*rand2_de:  80%|████████  | 90/112 [04:05<01:03,  2.91s/it]plain | prompt_de -1*rand2_de:  81%|████████▏ | 91/112 [04:09<01:05,  3.10s/it]plain | prompt_de -1*rand2_de:  82%|████████▏ | 92/112 [04:12<01:04,  3.24s/it]plain | prompt_de -1*rand2_de:  83%|████████▎ | 93/112 [04:13<00:47,  2.51s/it]plain | prompt_de -1*rand2_de:  84%|████████▍ | 94/112 [04:17<00:50,  2.82s/it]plain | prompt_de -1*rand2_de:  85%|████████▍ | 95/112 [04:20<00:51,  3.05s/it]plain | prompt_de -1*rand2_de:  86%|████████▌ | 96/112 [04:24<00:51,  3.21s/it]plain | prompt_de -1*rand2_de:  87%|████████▋ | 97/112 [04:27<00:49,  3.32s/it]plain | prompt_de -1*rand2_de:  88%|████████▊ | 98/112 [04:30<00:45,  3.24s/it]plain | prompt_de -1*rand2_de:  88%|████████▊ | 99/112 [04:34<00:43,  3.34s/it]plain | prompt_de -1*rand2_de:  89%|████████▉ | 100/112 [04:37<00:40,  3.40s/it]plain | prompt_de -1*rand2_de:  90%|█████████ | 101/112 [04:41<00:37,  3.44s/it]plain | prompt_de -1*rand2_de:  91%|█████████ | 102/112 [04:45<00:34,  3.47s/it]plain | prompt_de -1*rand2_de:  92%|█████████▏| 103/112 [04:48<00:31,  3.49s/it]plain | prompt_de -1*rand2_de:  93%|█████████▎| 104/112 [04:52<00:28,  3.51s/it]plain | prompt_de -1*rand2_de:  94%|█████████▍| 105/112 [04:55<00:24,  3.52s/it]plain | prompt_de -1*rand2_de:  95%|█████████▍| 106/112 [04:55<00:15,  2.56s/it]plain | prompt_de -1*rand2_de:  96%|█████████▌| 107/112 [04:57<00:11,  2.24s/it]plain | prompt_de -1*rand2_de:  96%|█████████▋| 108/112 [05:01<00:10,  2.64s/it]plain | prompt_de -1*rand2_de:  97%|█████████▋| 109/112 [05:04<00:08,  2.92s/it]plain | prompt_de -1*rand2_de:  98%|█████████▊| 110/112 [05:08<00:06,  3.12s/it]plain | prompt_de -1*rand2_de:  99%|█████████▉| 111/112 [05:11<00:03,  3.25s/it]plain | prompt_de -1*rand2_de: 100%|██████████| 112/112 [05:15<00:00,  3.34s/it]plain | prompt_de -1*rand2_de: 100%|██████████| 112/112 [05:15<00:00,  2.81s/it]

====================================================================================================================================
IDIOMA DE LA SALIDA (language_verdict)
condicion                            n    fr    en    es    de   unk   acc  cambio  largo  ce_fr_h  ce_en_h   tok
------------------------------------------------------------------------------------------------------------------------------------
plain | prompt_fr                  112  0.99  0.00  0.00  0.00  0.01  0.71     nan  297.4    1.236    3.620   0.0
plain | prompt_fr -1*fr            112  0.33  0.40  0.21  0.01  0.00  0.34    1.00  381.5    3.388    4.297  12.7
plain | prompt_fr -1*es            112  0.96  0.04  0.00  0.00  0.00  0.41    0.99  376.9    2.843    5.034  12.7
plain | prompt_fr -1*de            112  0.97  0.03  0.00  0.00  0.00  0.31    0.99  336.6    3.023    5.169  12.7
plain | prompt_fr -1*rand0_fr      112  0.98  0.02  0.00  0.00  0.00  0.57    0.95  428.0    1.894    4.537  12.7
plain | prompt_fr -1*rand1_fr      112  1.00  0.00  0.00  0.00  0.00  0.62    0.93  390.6    1.750    4.613  12.7
plain | prompt_fr -1*rand2_fr      112  1.00  0.00  0.00  0.00  0.00  0.55    0.95  401.8    2.033    4.888  12.7
plain | prompt_es                  112  0.00  0.00  0.96  0.00  0.04  0.70     nan  277.3    5.294    3.718   0.0
plain | prompt_es -1*fr            112  0.00  0.01  0.98  0.00  0.00  0.46    0.96  408.3    5.450    5.087  12.0
plain | prompt_es -1*es            112  0.61  0.15  0.21  0.00  0.00  0.37    0.98  316.0    3.405    4.319  12.0
plain | prompt_es -1*de            112  0.00  0.00  1.00  0.00  0.00  0.46    0.96  398.7    5.747    5.230  12.0
plain | prompt_es -1*rand0_es      112  0.00  0.00  1.00  0.00  0.00  0.63    0.92  367.6    5.004    4.545  12.0
plain | prompt_es -1*rand1_es      112  0.02  0.00  0.96  0.00  0.02  0.64    0.90  332.5    4.427    4.360  12.0
plain | prompt_es -1*rand2_es      112  0.00  0.00  0.99  0.00  0.00  0.66    0.83  358.5    5.917    4.736  12.0
plain | prompt_de                  112  0.00  0.01  0.00  0.95  0.04  0.72     nan  315.7    5.749    4.456   0.0
plain | prompt_de -1*fr            112  0.00  0.10  0.00  0.90  0.00  0.38    0.99  440.0    6.229    5.463  11.5
plain | prompt_de -1*es            112  0.00  0.19  0.00  0.81  0.00  0.40    0.99  402.3    6.176    5.446  11.5
plain | prompt_de -1*de            112  0.00  0.38  0.00  0.54  0.00  0.32    1.00  388.1    5.556    4.654  11.5
plain | prompt_de -1*rand0_de      112  0.00  0.09  0.00  0.90  0.00  0.48    0.97  456.0    5.899    4.942  11.5
plain | prompt_de -1*rand1_de      112  0.00  0.03  0.00  0.95  0.00  0.54    0.97  433.0    5.715    5.402  11.5
plain | prompt_de -1*rand2_de      112  0.00  0.02  0.00  0.95  0.00  0.52    0.96  424.6    6.407    5.655  11.5
====================================================================================================================================
tok: posiciones parcheadas (tramo de la pregunta, o header). cambio: salida != la de sin parche.
ce_*_h: CE de los primeros head_k tokens del target frances / del baseline ingles.

Guardado: algebra/runs/v9/resta/entrada_o_directiva_resta.json
[gen_cache] /home/sagemaker-user/user-default-efs/papers/LLMAtaquesContinuos/experimentos/idiomas/algebra/runs/v9/gen_cache: reusadas 336, generadas 2016

################ E idioma_entrada
`torch_dtype` is deprecated! Use `dtype` instead!
Loading checkpoint shards:   0%|          | 0/2 [00:00<?, ?it/s]Loading checkpoint shards:  50%|█████     | 1/2 [00:01<00:01,  1.03s/it]Loading checkpoint shards: 100%|██████████| 2/2 [00:01<00:00,  1.52it/s]Loading checkpoint shards: 100%|██████████| 2/2 [00:01<00:00,  1.40it/s]
parche fr         norma 0.8437  forma (1, 1, 3072)  anchor goal_all
parche es         norma 0.8632  forma (1, 1, 3072)  anchor goal_all
parche de         norma 0.9419  forma (1, 1, 3072)  anchor goal_all
parche rand0      norma 0.8437  forma (1, 1, 3072)  anchor goal_all
tail held-out 112  |  preset=idioma_entrada
lang_id | prompt:   0%|          | 0/112 [00:00<?, ?it/s]lang_id | prompt:   1%|          | 1/112 [00:00<00:21,  5.22it/s]lang_id | prompt:   3%|▎         | 3/112 [00:00<00:11,  9.57it/s]lang_id | prompt:   4%|▍         | 5/112 [00:00<00:09, 11.26it/s]lang_id | prompt:   6%|▋         | 7/112 [00:00<00:08, 12.17it/s]lang_id | prompt:   8%|▊         | 9/112 [00:00<00:08, 12.63it/s]lang_id | prompt:  10%|▉         | 11/112 [00:00<00:07, 12.86it/s]lang_id | prompt:  12%|█▏        | 13/112 [00:01<00:07, 13.05it/s]lang_id | prompt:  13%|█▎        | 15/112 [00:01<00:07, 13.26it/s]lang_id | prompt:  15%|█▌        | 17/112 [00:01<00:07, 13.31it/s]lang_id | prompt:  17%|█▋        | 19/112 [00:01<00:06, 13.37it/s]lang_id | prompt:  19%|█▉        | 21/112 [00:01<00:06, 13.45it/s]lang_id | prompt:  21%|██        | 23/112 [00:01<00:06, 13.39it/s]lang_id | prompt:  22%|██▏       | 25/112 [00:01<00:06, 13.40it/s]lang_id | prompt:  24%|██▍       | 27/112 [00:02<00:06, 13.45it/s]lang_id | prompt:  26%|██▌       | 29/112 [00:02<00:06, 13.37it/s]lang_id | prompt:  28%|██▊       | 31/112 [00:02<00:06, 13.39it/s]lang_id | prompt:  29%|██▉       | 33/112 [00:02<00:05, 13.43it/s]lang_id | prompt:  31%|███▏      | 35/112 [00:02<00:05, 13.48it/s]lang_id | prompt:  33%|███▎      | 37/112 [00:02<00:05, 13.41it/s]lang_id | prompt:  35%|███▍      | 39/112 [00:03<00:05, 13.23it/s]lang_id | prompt:  37%|███▋      | 41/112 [00:03<00:05, 13.25it/s]lang_id | prompt:  38%|███▊      | 43/112 [00:03<00:05, 13.33it/s]lang_id | prompt:  40%|████      | 45/112 [00:03<00:05, 13.35it/s]lang_id | prompt:  42%|████▏     | 47/112 [00:03<00:04, 13.37it/s]lang_id | prompt:  44%|████▍     | 49/112 [00:03<00:04, 13.37it/s]lang_id | prompt:  46%|████▌     | 51/112 [00:03<00:04, 13.54it/s]lang_id | prompt:  47%|████▋     | 53/112 [00:04<00:04, 13.55it/s]lang_id | prompt:  49%|████▉     | 55/112 [00:04<00:04, 13.31it/s]lang_id | prompt:  51%|█████     | 57/112 [00:04<00:04, 13.34it/s]lang_id | prompt:  53%|█████▎    | 59/112 [00:04<00:03, 13.50it/s]lang_id | prompt:  54%|█████▍    | 61/112 [00:04<00:03, 13.48it/s]lang_id | prompt:  56%|█████▋    | 63/112 [00:04<00:03, 13.48it/s]lang_id | prompt:  58%|█████▊    | 65/112 [00:04<00:03, 13.52it/s]lang_id | prompt:  60%|█████▉    | 67/112 [00:05<00:03, 13.50it/s]lang_id | prompt:  62%|██████▏   | 69/112 [00:05<00:03, 13.53it/s]lang_id | prompt:  63%|██████▎   | 71/112 [00:05<00:03, 13.59it/s]lang_id | prompt:  65%|██████▌   | 73/112 [00:05<00:02, 13.55it/s]lang_id | prompt:  67%|██████▋   | 75/112 [00:05<00:02, 13.56it/s]lang_id | prompt:  69%|██████▉   | 77/112 [00:05<00:02, 13.51it/s]lang_id | prompt:  71%|███████   | 79/112 [00:05<00:02, 13.46it/s]lang_id | prompt:  72%|███████▏  | 81/112 [00:06<00:02, 13.43it/s]lang_id | prompt:  74%|███████▍  | 83/112 [00:06<00:02, 13.57it/s]lang_id | prompt:  76%|███████▌  | 85/112 [00:06<00:02, 13.50it/s]lang_id | prompt:  78%|███████▊  | 87/112 [00:06<00:01, 13.54it/s]lang_id | prompt:  79%|███████▉  | 89/112 [00:06<00:01, 13.59it/s]lang_id | prompt:  81%|████████▏ | 91/112 [00:06<00:01, 13.57it/s]lang_id | prompt:  83%|████████▎ | 93/112 [00:07<00:01, 13.59it/s]lang_id | prompt:  85%|████████▍ | 95/112 [00:07<00:01, 13.54it/s]lang_id | prompt:  87%|████████▋ | 97/112 [00:07<00:01, 13.54it/s]lang_id | prompt:  88%|████████▊ | 99/112 [00:07<00:00, 13.56it/s]lang_id | prompt:  90%|█████████ | 101/112 [00:07<00:00, 13.56it/s]lang_id | prompt:  92%|█████████▏| 103/112 [00:07<00:00, 13.48it/s]lang_id | prompt:  94%|█████████▍| 105/112 [00:07<00:00, 13.58it/s]lang_id | prompt:  96%|█████████▌| 107/112 [00:08<00:00, 13.61it/s]lang_id | prompt:  97%|█████████▋| 109/112 [00:08<00:00, 13.58it/s]lang_id | prompt:  99%|█████████▉| 111/112 [00:08<00:00, 13.52it/s]lang_id | prompt: 100%|██████████| 112/112 [00:08<00:00, 13.30it/s]
lang_id | prompt +1*fr:   0%|          | 0/112 [00:00<?, ?it/s]lang_id | prompt +1*fr:   2%|▏         | 2/112 [00:00<00:07, 13.76it/s]lang_id | prompt +1*fr:   4%|▎         | 4/112 [00:00<00:09, 11.50it/s]lang_id | prompt +1*fr:   5%|▌         | 6/112 [00:00<00:08, 12.45it/s]lang_id | prompt +1*fr:   7%|▋         | 8/112 [00:00<00:08, 12.95it/s]lang_id | prompt +1*fr:   9%|▉         | 10/112 [00:00<00:08, 11.85it/s]lang_id | prompt +1*fr:  11%|█         | 12/112 [00:00<00:08, 12.38it/s]lang_id | prompt +1*fr:  12%|█▎        | 14/112 [00:01<00:07, 12.73it/s]lang_id | prompt +1*fr:  14%|█▍        | 16/112 [00:01<00:07, 12.96it/s]lang_id | prompt +1*fr:  16%|█▌        | 18/112 [00:01<00:07, 12.01it/s]lang_id | prompt +1*fr:  18%|█▊        | 20/112 [00:01<00:08, 11.41it/s]lang_id | prompt +1*fr:  20%|█▉        | 22/112 [00:01<00:07, 12.01it/s]lang_id | prompt +1*fr:  21%|██▏       | 24/112 [00:01<00:07, 11.53it/s]lang_id | prompt +1*fr:  23%|██▎       | 26/112 [00:02<00:07, 12.06it/s]lang_id | prompt +1*fr:  25%|██▌       | 28/112 [00:02<00:06, 12.46it/s]lang_id | prompt +1*fr:  27%|██▋       | 30/112 [00:02<00:06, 12.75it/s]lang_id | prompt +1*fr:  29%|██▊       | 32/112 [00:02<00:06, 12.93it/s]lang_id | prompt +1*fr:  30%|███       | 34/112 [00:02<00:05, 13.09it/s]lang_id | prompt +1*fr:  32%|███▏      | 36/112 [00:02<00:05, 13.17it/s]lang_id | prompt +1*fr:  34%|███▍      | 38/112 [00:03<00:06, 12.05it/s]lang_id | prompt +1*fr:  36%|███▌      | 40/112 [00:03<00:05, 12.51it/s]lang_id | prompt +1*fr:  38%|███▊      | 42/112 [00:03<00:05, 12.83it/s]lang_id | prompt +1*fr:  39%|███▉      | 44/112 [00:03<00:05, 13.02it/s]lang_id | prompt +1*fr:  41%|████      | 46/112 [00:03<00:05, 13.11it/s]lang_id | prompt +1*fr:  43%|████▎     | 48/112 [00:03<00:04, 13.30it/s]lang_id | prompt +1*fr:  45%|████▍     | 50/112 [00:03<00:04, 13.39it/s]lang_id | prompt +1*fr:  46%|████▋     | 52/112 [00:04<00:04, 12.23it/s]lang_id | prompt +1*fr:  48%|████▊     | 54/112 [00:04<00:05, 11.54it/s]lang_id | prompt +1*fr:  50%|█████     | 56/112 [00:04<00:05, 11.17it/s]lang_id | prompt +1*fr:  52%|█████▏    | 58/112 [00:04<00:04, 11.37it/s]lang_id | prompt +1*fr:  54%|█████▎    | 60/112 [00:04<00:04, 11.97it/s]lang_id | prompt +1*fr:  55%|█████▌    | 62/112 [00:05<00:04, 12.28it/s]lang_id | prompt +1*fr:  57%|█████▋    | 64/112 [00:05<00:03, 12.65it/s]lang_id | prompt +1*fr:  59%|█████▉    | 66/112 [00:05<00:03, 11.93it/s]lang_id | prompt +1*fr:  61%|██████    | 68/112 [00:05<00:03, 12.30it/s]lang_id | prompt +1*fr:  62%|██████▎   | 70/112 [00:05<00:03, 12.72it/s]lang_id | prompt +1*fr:  64%|██████▍   | 72/112 [00:05<00:03, 13.00it/s]lang_id | prompt +1*fr:  66%|██████▌   | 74/112 [00:05<00:02, 13.23it/s]lang_id | prompt +1*fr:  68%|██████▊   | 76/112 [00:06<00:02, 13.42it/s]lang_id | prompt +1*fr:  70%|██████▉   | 78/112 [00:06<00:02, 13.56it/s]lang_id | prompt +1*fr:  71%|███████▏  | 80/112 [00:06<00:02, 12.40it/s]lang_id | prompt +1*fr:  73%|███████▎  | 82/112 [00:06<00:02, 11.69it/s]lang_id | prompt +1*fr:  75%|███████▌  | 84/112 [00:06<00:02, 11.77it/s]lang_id | prompt +1*fr:  77%|███████▋  | 86/112 [00:06<00:02, 12.34it/s]lang_id | prompt +1*fr:  79%|███████▊  | 88/112 [00:07<00:02, 10.81it/s]lang_id | prompt +1*fr:  80%|████████  | 90/112 [00:07<00:01, 11.59it/s]lang_id | prompt +1*fr:  82%|████████▏ | 92/112 [00:07<00:01, 12.13it/s]lang_id | prompt +1*fr:  84%|████████▍ | 94/112 [00:07<00:01, 11.51it/s]lang_id | prompt +1*fr:  86%|████████▌ | 96/112 [00:07<00:01, 12.01it/s]lang_id | prompt +1*fr:  88%|████████▊ | 98/112 [00:07<00:01, 12.41it/s]lang_id | prompt +1*fr:  89%|████████▉ | 100/112 [00:08<00:00, 12.73it/s]lang_id | prompt +1*fr:  91%|█████████ | 102/112 [00:08<00:00, 13.09it/s]lang_id | prompt +1*fr:  93%|█████████▎| 104/112 [00:08<00:00, 13.17it/s]lang_id | prompt +1*fr:  95%|█████████▍| 106/112 [00:08<00:00, 13.33it/s]lang_id | prompt +1*fr:  96%|█████████▋| 108/112 [00:08<00:00, 13.46it/s]lang_id | prompt +1*fr:  98%|█████████▊| 110/112 [00:08<00:00, 13.59it/s]lang_id | prompt +1*fr: 100%|██████████| 112/112 [00:08<00:00, 13.68it/s]lang_id | prompt +1*fr: 100%|██████████| 112/112 [00:08<00:00, 12.49it/s]
lang_id | prompt +1*es:   0%|          | 0/112 [00:00<?, ?it/s]lang_id | prompt +1*es:   2%|▏         | 2/112 [00:00<00:07, 14.00it/s]lang_id | prompt +1*es:   4%|▎         | 4/112 [00:00<00:07, 13.82it/s]lang_id | prompt +1*es:   5%|▌         | 6/112 [00:00<00:07, 13.75it/s]lang_id | prompt +1*es:   7%|▋         | 8/112 [00:00<00:08, 12.90it/s]lang_id | prompt +1*es:   9%|▉         | 10/112 [00:00<00:07, 13.15it/s]lang_id | prompt +1*es:  11%|█         | 12/112 [00:00<00:07, 13.30it/s]lang_id | prompt +1*es:  12%|█▎        | 14/112 [00:01<00:07, 13.49it/s]lang_id | prompt +1*es:  14%|█▍        | 16/112 [00:01<00:07, 13.47it/s]lang_id | prompt +1*es:  16%|█▌        | 18/112 [00:01<00:06, 13.57it/s]lang_id | prompt +1*es:  18%|█▊        | 20/112 [00:01<00:06, 13.64it/s]lang_id | prompt +1*es:  20%|█▉        | 22/112 [00:01<00:06, 13.59it/s]lang_id | prompt +1*es:  21%|██▏       | 24/112 [00:01<00:06, 13.61it/s]lang_id | prompt +1*es:  23%|██▎       | 26/112 [00:01<00:06, 13.65it/s]lang_id | prompt +1*es:  25%|██▌       | 28/112 [00:02<00:06, 13.57it/s]lang_id | prompt +1*es:  27%|██▋       | 30/112 [00:02<00:06, 13.57it/s]lang_id | prompt +1*es:  29%|██▊       | 32/112 [00:02<00:05, 13.53it/s]lang_id | prompt +1*es:  30%|███       | 34/112 [00:02<00:05, 13.54it/s]lang_id | prompt +1*es:  32%|███▏      | 36/112 [00:02<00:05, 13.56it/s]lang_id | prompt +1*es:  34%|███▍      | 38/112 [00:02<00:05, 13.55it/s]lang_id | prompt +1*es:  36%|███▌      | 40/112 [00:03<00:05, 12.44it/s]lang_id | prompt +1*es:  38%|███▊      | 42/112 [00:03<00:05, 12.72it/s]lang_id | prompt +1*es:  39%|███▉      | 44/112 [00:03<00:05, 12.87it/s]lang_id | prompt +1*es:  41%|████      | 46/112 [00:03<00:05, 12.98it/s]lang_id | prompt +1*es:  43%|████▎     | 48/112 [00:03<00:04, 13.10it/s]lang_id | prompt +1*es:  45%|████▍     | 50/112 [00:03<00:04, 13.25it/s]lang_id | prompt +1*es:  46%|████▋     | 52/112 [00:03<00:04, 13.40it/s]lang_id | prompt +1*es:  48%|████▊     | 54/112 [00:04<00:04, 13.47it/s]lang_id | prompt +1*es:  50%|█████     | 56/112 [00:04<00:04, 13.37it/s]lang_id | prompt +1*es:  52%|█████▏    | 58/112 [00:04<00:04, 12.99it/s]lang_id | prompt +1*es:  54%|█████▎    | 60/112 [00:04<00:03, 13.24it/s]lang_id | prompt +1*es:  55%|█████▌    | 62/112 [00:04<00:03, 13.38it/s]lang_id | prompt +1*es:  57%|█████▋    | 64/112 [00:04<00:03, 13.48it/s]lang_id | prompt +1*es:  59%|█████▉    | 66/112 [00:04<00:03, 13.70it/s]lang_id | prompt +1*es:  61%|██████    | 68/112 [00:05<00:03, 13.70it/s]lang_id | prompt +1*es:  62%|██████▎   | 70/112 [00:05<00:03, 13.76it/s]lang_id | prompt +1*es:  64%|██████▍   | 72/112 [00:05<00:02, 13.75it/s]lang_id | prompt +1*es:  66%|██████▌   | 74/112 [00:05<00:02, 13.73it/s]lang_id | prompt +1*es:  68%|██████▊   | 76/112 [00:05<00:02, 13.79it/s]lang_id | prompt +1*es:  70%|██████▉   | 78/112 [00:05<00:02, 13.75it/s]lang_id | prompt +1*es:  71%|███████▏  | 80/112 [00:05<00:02, 13.75it/s]lang_id | prompt +1*es:  73%|███████▎  | 82/112 [00:06<00:02, 13.77it/s]lang_id | prompt +1*es:  75%|███████▌  | 84/112 [00:06<00:02, 13.06it/s]lang_id | prompt +1*es:  77%|███████▋  | 86/112 [00:06<00:01, 13.22it/s]lang_id | prompt +1*es:  79%|███████▊  | 88/112 [00:06<00:01, 13.31it/s]lang_id | prompt +1*es:  80%|████████  | 90/112 [00:06<00:01, 13.45it/s]lang_id | prompt +1*es:  82%|████████▏ | 92/112 [00:06<00:01, 13.51it/s]lang_id | prompt +1*es:  84%|████████▍ | 94/112 [00:07<00:01, 12.27it/s]lang_id | prompt +1*es:  86%|████████▌ | 96/112 [00:07<00:01, 12.67it/s]lang_id | prompt +1*es:  88%|████████▊ | 98/112 [00:07<00:01, 12.91it/s]lang_id | prompt +1*es:  89%|████████▉ | 100/112 [00:07<00:00, 13.15it/s]lang_id | prompt +1*es:  91%|█████████ | 102/112 [00:07<00:00, 13.24it/s]lang_id | prompt +1*es:  93%|█████████▎| 104/112 [00:07<00:00, 13.39it/s]lang_id | prompt +1*es:  95%|█████████▍| 106/112 [00:07<00:00, 13.50it/s]lang_id | prompt +1*es:  96%|█████████▋| 108/112 [00:08<00:00, 13.57it/s]lang_id | prompt +1*es:  98%|█████████▊| 110/112 [00:08<00:00, 13.61it/s]lang_id | prompt +1*es: 100%|██████████| 112/112 [00:08<00:00, 13.71it/s]lang_id | prompt +1*es: 100%|██████████| 112/112 [00:08<00:00, 13.39it/s]
lang_id | prompt +1*de:   0%|          | 0/112 [00:00<?, ?it/s]lang_id | prompt +1*de:   2%|▏         | 2/112 [00:00<00:07, 13.85it/s]lang_id | prompt +1*de:   4%|▎         | 4/112 [00:00<00:07, 13.91it/s]lang_id | prompt +1*de:   5%|▌         | 6/112 [00:00<00:07, 14.00it/s]lang_id | prompt +1*de:   7%|▋         | 8/112 [00:00<00:08, 12.93it/s]lang_id | prompt +1*de:   9%|▉         | 10/112 [00:00<00:07, 13.35it/s]lang_id | prompt +1*de:  11%|█         | 12/112 [00:00<00:07, 13.49it/s]lang_id | prompt +1*de:  12%|█▎        | 14/112 [00:01<00:07, 13.66it/s]lang_id | prompt +1*de:  14%|█▍        | 16/112 [00:01<00:07, 13.68it/s]lang_id | prompt +1*de:  16%|█▌        | 18/112 [00:01<00:06, 13.76it/s]lang_id | prompt +1*de:  18%|█▊        | 20/112 [00:01<00:06, 13.79it/s]lang_id | prompt +1*de:  20%|█▉        | 22/112 [00:01<00:06, 13.24it/s]lang_id | prompt +1*de:  21%|██▏       | 24/112 [00:01<00:06, 13.40it/s]lang_id | prompt +1*de:  23%|██▎       | 26/112 [00:01<00:06, 13.56it/s]lang_id | prompt +1*de:  25%|██▌       | 28/112 [00:02<00:06, 13.64it/s]lang_id | prompt +1*de:  27%|██▋       | 30/112 [00:02<00:06, 13.64it/s]lang_id | prompt +1*de:  29%|██▊       | 32/112 [00:02<00:05, 13.70it/s]lang_id | prompt +1*de:  30%|███       | 34/112 [00:02<00:05, 13.74it/s]lang_id | prompt +1*de:  32%|███▏      | 36/112 [00:02<00:05, 13.81it/s]lang_id | prompt +1*de:  34%|███▍      | 38/112 [00:02<00:05, 13.83it/s]lang_id | prompt +1*de:  36%|███▌      | 40/112 [00:02<00:05, 13.83it/s]lang_id | prompt +1*de:  38%|███▊      | 42/112 [00:03<00:05, 13.86it/s]lang_id | prompt +1*de:  39%|███▉      | 44/112 [00:03<00:04, 13.70it/s]lang_id | prompt +1*de:  41%|████      | 46/112 [00:03<00:04, 13.65it/s]lang_id | prompt +1*de:  43%|████▎     | 48/112 [00:03<00:04, 13.79it/s]lang_id | prompt +1*de:  45%|████▍     | 50/112 [00:03<00:04, 13.83it/s]lang_id | prompt +1*de:  46%|████▋     | 52/112 [00:03<00:04, 13.69it/s]lang_id | prompt +1*de:  48%|████▊     | 54/112 [00:03<00:04, 13.73it/s]lang_id | prompt +1*de:  50%|█████     | 56/112 [00:04<00:04, 13.69it/s]lang_id | prompt +1*de:  52%|█████▏    | 58/112 [00:04<00:04, 13.21it/s]lang_id | prompt +1*de:  54%|█████▎    | 60/112 [00:04<00:03, 13.40it/s]lang_id | prompt +1*de:  55%|█████▌    | 62/112 [00:04<00:03, 13.56it/s]lang_id | prompt +1*de:  57%|█████▋    | 64/112 [00:04<00:03, 13.59it/s]lang_id | prompt +1*de:  59%|█████▉    | 66/112 [00:04<00:03, 13.65it/s]lang_id | prompt +1*de:  61%|██████    | 68/112 [00:04<00:03, 13.73it/s]lang_id | prompt +1*de:  62%|██████▎   | 70/112 [00:05<00:03, 13.73it/s]lang_id | prompt +1*de:  64%|██████▍   | 72/112 [00:05<00:02, 13.76it/s]lang_id | prompt +1*de:  66%|██████▌   | 74/112 [00:05<00:02, 13.60it/s]lang_id | prompt +1*de:  68%|██████▊   | 76/112 [00:05<00:02, 13.68it/s]lang_id | prompt +1*de:  70%|██████▉   | 78/112 [00:05<00:02, 13.67it/s]lang_id | prompt +1*de:  71%|███████▏  | 80/112 [00:05<00:02, 13.68it/s]lang_id | prompt +1*de:  73%|███████▎  | 82/112 [00:06<00:02, 13.68it/s]lang_id | prompt +1*de:  75%|███████▌  | 84/112 [00:06<00:02, 13.74it/s]lang_id | prompt +1*de:  77%|███████▋  | 86/112 [00:06<00:01, 13.71it/s]lang_id | prompt +1*de:  79%|███████▊  | 88/112 [00:06<00:01, 13.70it/s]lang_id | prompt +1*de:  80%|████████  | 90/112 [00:06<00:01, 13.70it/s]lang_id | prompt +1*de:  82%|████████▏ | 92/112 [00:06<00:01, 13.64it/s]lang_id | prompt +1*de:  84%|████████▍ | 94/112 [00:06<00:01, 13.68it/s]lang_id | prompt +1*de:  86%|████████▌ | 96/112 [00:07<00:01, 13.71it/s]lang_id | prompt +1*de:  88%|████████▊ | 98/112 [00:07<00:01, 13.74it/s]lang_id | prompt +1*de:  89%|████████▉ | 100/112 [00:07<00:00, 13.69it/s]lang_id | prompt +1*de:  91%|█████████ | 102/112 [00:07<00:00, 13.72it/s]lang_id | prompt +1*de:  93%|█████████▎| 104/112 [00:07<00:00, 13.70it/s]lang_id | prompt +1*de:  95%|█████████▍| 106/112 [00:07<00:00, 13.69it/s]lang_id | prompt +1*de:  96%|█████████▋| 108/112 [00:07<00:00, 13.71it/s]lang_id | prompt +1*de:  98%|█████████▊| 110/112 [00:08<00:00, 13.75it/s]lang_id | prompt +1*de: 100%|██████████| 112/112 [00:08<00:00, 13.75it/s]lang_id | prompt +1*de: 100%|██████████| 112/112 [00:08<00:00, 13.67it/s]
lang_id | prompt +1*rand0:   0%|          | 0/112 [00:00<?, ?it/s]lang_id | prompt +1*rand0:   2%|▏         | 2/112 [00:00<00:07, 14.05it/s]lang_id | prompt +1*rand0:   4%|▎         | 4/112 [00:00<00:07, 13.76it/s]lang_id | prompt +1*rand0:   5%|▌         | 6/112 [00:00<00:07, 13.81it/s]lang_id | prompt +1*rand0:   7%|▋         | 8/112 [00:00<00:08, 12.98it/s]lang_id | prompt +1*rand0:   9%|▉         | 10/112 [00:00<00:07, 13.20it/s]lang_id | prompt +1*rand0:  11%|█         | 12/112 [00:00<00:07, 13.49it/s]lang_id | prompt +1*rand0:  12%|█▎        | 14/112 [00:01<00:07, 13.67it/s]lang_id | prompt +1*rand0:  14%|█▍        | 16/112 [00:01<00:06, 13.76it/s]lang_id | prompt +1*rand0:  16%|█▌        | 18/112 [00:01<00:06, 13.86it/s]lang_id | prompt +1*rand0:  18%|█▊        | 20/112 [00:01<00:06, 13.93it/s]lang_id | prompt +1*rand0:  20%|█▉        | 22/112 [00:01<00:06, 13.91it/s]lang_id | prompt +1*rand0:  21%|██▏       | 24/112 [00:01<00:06, 13.96it/s]lang_id | prompt +1*rand0:  23%|██▎       | 26/112 [00:01<00:06, 13.89it/s]lang_id | prompt +1*rand0:  25%|██▌       | 28/112 [00:02<00:06, 13.90it/s]lang_id | prompt +1*rand0:  27%|██▋       | 30/112 [00:02<00:05, 13.92it/s]lang_id | prompt +1*rand0:  29%|██▊       | 32/112 [00:02<00:05, 13.99it/s]lang_id | prompt +1*rand0:  30%|███       | 34/112 [00:02<00:05, 13.95it/s]lang_id | prompt +1*rand0:  32%|███▏      | 36/112 [00:02<00:05, 14.04it/s]lang_id | prompt +1*rand0:  34%|███▍      | 38/112 [00:02<00:05, 14.06it/s]lang_id | prompt +1*rand0:  36%|███▌      | 40/112 [00:02<00:05, 13.99it/s]lang_id | prompt +1*rand0:  38%|███▊      | 42/112 [00:03<00:05, 13.86it/s]lang_id | prompt +1*rand0:  39%|███▉      | 44/112 [00:03<00:04, 13.77it/s]lang_id | prompt +1*rand0:  41%|████      | 46/112 [00:03<00:04, 13.84it/s]lang_id | prompt +1*rand0:  43%|████▎     | 48/112 [00:03<00:04, 13.84it/s]lang_id | prompt +1*rand0:  45%|████▍     | 50/112 [00:03<00:04, 13.83it/s]lang_id | prompt +1*rand0:  46%|████▋     | 52/112 [00:03<00:04, 13.77it/s]lang_id | prompt +1*rand0:  48%|████▊     | 54/112 [00:03<00:04, 13.82it/s]lang_id | prompt +1*rand0:  50%|█████     | 56/112 [00:04<00:04, 13.92it/s]lang_id | prompt +1*rand0:  52%|█████▏    | 58/112 [00:04<00:03, 13.84it/s]lang_id | prompt +1*rand0:  54%|█████▎    | 60/112 [00:04<00:03, 13.98it/s]lang_id | prompt +1*rand0:  55%|█████▌    | 62/112 [00:04<00:03, 13.98it/s]lang_id | prompt +1*rand0:  57%|█████▋    | 64/112 [00:04<00:03, 14.02it/s]lang_id | prompt +1*rand0:  59%|█████▉    | 66/112 [00:04<00:03, 14.01it/s]lang_id | prompt +1*rand0:  61%|██████    | 68/112 [00:04<00:03, 14.08it/s]lang_id | prompt +1*rand0:  62%|██████▎   | 70/112 [00:05<00:02, 14.02it/s]lang_id | prompt +1*rand0:  64%|██████▍   | 72/112 [00:05<00:02, 13.97it/s]lang_id | prompt +1*rand0:  66%|██████▌   | 74/112 [00:05<00:02, 14.00it/s]lang_id | prompt +1*rand0:  68%|██████▊   | 76/112 [00:05<00:02, 14.02it/s]lang_id | prompt +1*rand0:  70%|██████▉   | 78/112 [00:05<00:02, 14.05it/s]lang_id | prompt +1*rand0:  71%|███████▏  | 80/112 [00:05<00:02, 14.01it/s]lang_id | prompt +1*rand0:  73%|███████▎  | 82/112 [00:05<00:02, 14.01it/s]lang_id | prompt +1*rand0:  75%|███████▌  | 84/112 [00:06<00:02, 13.94it/s]lang_id | prompt +1*rand0:  77%|███████▋  | 86/112 [00:06<00:01, 13.94it/s]lang_id | prompt +1*rand0:  79%|███████▊  | 88/112 [00:06<00:01, 13.94it/s]lang_id | prompt +1*rand0:  80%|████████  | 90/112 [00:06<00:01, 13.99it/s]lang_id | prompt +1*rand0:  82%|████████▏ | 92/112 [00:06<00:01, 13.89it/s]lang_id | prompt +1*rand0:  84%|████████▍ | 94/112 [00:06<00:01, 13.90it/s]lang_id | prompt +1*rand0:  86%|████████▌ | 96/112 [00:06<00:01, 13.81it/s]lang_id | prompt +1*rand0:  88%|████████▊ | 98/112 [00:07<00:01, 13.78it/s]lang_id | prompt +1*rand0:  89%|████████▉ | 100/112 [00:07<00:00, 13.79it/s]lang_id | prompt +1*rand0:  91%|█████████ | 102/112 [00:07<00:00, 13.87it/s]lang_id | prompt +1*rand0:  93%|█████████▎| 104/112 [00:07<00:00, 13.82it/s]lang_id | prompt +1*rand0:  95%|█████████▍| 106/112 [00:07<00:00, 13.87it/s]lang_id | prompt +1*rand0:  96%|█████████▋| 108/112 [00:07<00:00, 13.80it/s]lang_id | prompt +1*rand0:  98%|█████████▊| 110/112 [00:07<00:00, 13.86it/s]lang_id | prompt +1*rand0: 100%|██████████| 112/112 [00:08<00:00, 13.90it/s]lang_id | prompt +1*rand0: 100%|██████████| 112/112 [00:08<00:00, 13.88it/s]
lang_id | prompt_fr:   0%|          | 0/112 [00:00<?, ?it/s]lang_id | prompt_fr:   2%|▏         | 2/112 [00:00<00:08, 13.62it/s]lang_id | prompt_fr:   4%|▎         | 4/112 [00:00<00:07, 13.75it/s]lang_id | prompt_fr:   5%|▌         | 6/112 [00:00<00:07, 13.86it/s]lang_id | prompt_fr:   7%|▋         | 8/112 [00:00<00:07, 13.93it/s]lang_id | prompt_fr:   9%|▉         | 10/112 [00:00<00:07, 13.92it/s]lang_id | prompt_fr:  11%|█         | 12/112 [00:00<00:07, 13.83it/s]lang_id | prompt_fr:  12%|█▎        | 14/112 [00:01<00:07, 13.82it/s]lang_id | prompt_fr:  14%|█▍        | 16/112 [00:01<00:06, 13.83it/s]lang_id | prompt_fr:  16%|█▌        | 18/112 [00:01<00:06, 13.86it/s]lang_id | prompt_fr:  18%|█▊        | 20/112 [00:01<00:06, 13.80it/s]lang_id | prompt_fr:  20%|█▉        | 22/112 [00:01<00:06, 13.68it/s]lang_id | prompt_fr:  21%|██▏       | 24/112 [00:01<00:06, 13.67it/s]lang_id | prompt_fr:  23%|██▎       | 26/112 [00:01<00:06, 13.69it/s]lang_id | prompt_fr:  25%|██▌       | 28/112 [00:02<00:06, 13.79it/s]lang_id | prompt_fr:  27%|██▋       | 30/112 [00:02<00:05, 13.82it/s]lang_id | prompt_fr:  29%|██▊       | 32/112 [00:02<00:05, 13.87it/s]lang_id | prompt_fr:  30%|███       | 34/112 [00:02<00:05, 13.92it/s]lang_id | prompt_fr:  32%|███▏      | 36/112 [00:02<00:05, 13.75it/s]lang_id | prompt_fr:  34%|███▍      | 38/112 [00:02<00:05, 13.74it/s]lang_id | prompt_fr:  36%|███▌      | 40/112 [00:02<00:05, 13.58it/s]lang_id | prompt_fr:  38%|███▊      | 42/112 [00:03<00:05, 13.57it/s]lang_id | prompt_fr:  39%|███▉      | 44/112 [00:03<00:04, 13.68it/s]lang_id | prompt_fr:  41%|████      | 46/112 [00:03<00:04, 13.79it/s]lang_id | prompt_fr:  43%|████▎     | 48/112 [00:03<00:04, 13.82it/s]lang_id | prompt_fr:  45%|████▍     | 50/112 [00:03<00:04, 13.90it/s]lang_id | prompt_fr:  46%|████▋     | 52/112 [00:03<00:04, 13.89it/s]lang_id | prompt_fr:  48%|████▊     | 54/112 [00:03<00:04, 13.85it/s]lang_id | prompt_fr:  50%|█████     | 56/112 [00:04<00:04, 13.79it/s]lang_id | prompt_fr:  52%|█████▏    | 58/112 [00:04<00:03, 13.83it/s]lang_id | prompt_fr:  54%|█████▎    | 60/112 [00:04<00:03, 13.82it/s]lang_id | prompt_fr:  55%|█████▌    | 62/112 [00:04<00:03, 13.88it/s]lang_id | prompt_fr:  57%|█████▋    | 64/112 [00:04<00:03, 13.71it/s]lang_id | prompt_fr:  59%|█████▉    | 66/112 [00:04<00:03, 13.80it/s]lang_id | prompt_fr:  61%|██████    | 68/112 [00:04<00:03, 13.86it/s]lang_id | prompt_fr:  62%|██████▎   | 70/112 [00:05<00:03, 13.86it/s]lang_id | prompt_fr:  64%|██████▍   | 72/112 [00:05<00:02, 13.88it/s]lang_id | prompt_fr:  66%|██████▌   | 74/112 [00:05<00:02, 13.85it/s]lang_id | prompt_fr:  68%|██████▊   | 76/112 [00:05<00:02, 13.70it/s]lang_id | prompt_fr:  70%|██████▉   | 78/112 [00:05<00:02, 13.67it/s]lang_id | prompt_fr:  71%|███████▏  | 80/112 [00:05<00:02, 13.54it/s]lang_id | prompt_fr:  73%|███████▎  | 82/112 [00:05<00:02, 13.55it/s]lang_id | prompt_fr:  75%|███████▌  | 84/112 [00:06<00:02, 13.65it/s]lang_id | prompt_fr:  77%|███████▋  | 86/112 [00:06<00:01, 13.60it/s]lang_id | prompt_fr:  79%|███████▊  | 88/112 [00:06<00:01, 13.72it/s]lang_id | prompt_fr:  80%|████████  | 90/112 [00:06<00:01, 13.51it/s]lang_id | prompt_fr:  82%|████████▏ | 92/112 [00:06<00:01, 13.66it/s]lang_id | prompt_fr:  84%|████████▍ | 94/112 [00:06<00:01, 13.37it/s]lang_id | prompt_fr:  86%|████████▌ | 96/112 [00:06<00:01, 13.32it/s]lang_id | prompt_fr:  88%|████████▊ | 98/112 [00:07<00:01, 13.50it/s]lang_id | prompt_fr:  89%|████████▉ | 100/112 [00:07<00:00, 13.64it/s]lang_id | prompt_fr:  91%|█████████ | 102/112 [00:07<00:00, 13.73it/s]lang_id | prompt_fr:  93%|█████████▎| 104/112 [00:07<00:00, 13.75it/s]lang_id | prompt_fr:  95%|█████████▍| 106/112 [00:07<00:00, 13.80it/s]lang_id | prompt_fr:  96%|█████████▋| 108/112 [00:07<00:00, 13.71it/s]lang_id | prompt_fr:  98%|█████████▊| 110/112 [00:08<00:00, 13.79it/s]lang_id | prompt_fr: 100%|██████████| 112/112 [00:08<00:00, 13.75it/s]lang_id | prompt_fr: 100%|██████████| 112/112 [00:08<00:00, 13.74it/s]
lang_id | prompt_es:   0%|          | 0/112 [00:00<?, ?it/s]lang_id | prompt_es:   2%|▏         | 2/112 [00:00<00:07, 13.93it/s]lang_id | prompt_es:   4%|▎         | 4/112 [00:00<00:07, 13.68it/s]lang_id | prompt_es:   5%|▌         | 6/112 [00:00<00:07, 13.84it/s]lang_id | prompt_es:   7%|▋         | 8/112 [00:00<00:07, 13.64it/s]lang_id | prompt_es:   9%|▉         | 10/112 [00:00<00:07, 13.58it/s]lang_id | prompt_es:  11%|█         | 12/112 [00:00<00:07, 13.42it/s]lang_id | prompt_es:  12%|█▎        | 14/112 [00:01<00:07, 13.56it/s]lang_id | prompt_es:  14%|█▍        | 16/112 [00:01<00:07, 13.59it/s]lang_id | prompt_es:  16%|█▌        | 18/112 [00:01<00:06, 13.73it/s]lang_id | prompt_es:  18%|█▊        | 20/112 [00:01<00:06, 13.76it/s]lang_id | prompt_es:  20%|█▉        | 22/112 [00:01<00:06, 13.76it/s]lang_id | prompt_es:  21%|██▏       | 24/112 [00:01<00:06, 13.71it/s]lang_id | prompt_es:  23%|██▎       | 26/112 [00:01<00:06, 13.84it/s]lang_id | prompt_es:  25%|██▌       | 28/112 [00:02<00:06, 13.84it/s]lang_id | prompt_es:  27%|██▋       | 30/112 [00:02<00:05, 13.88it/s]lang_id | prompt_es:  29%|██▊       | 32/112 [00:02<00:05, 13.94it/s]lang_id | prompt_es:  30%|███       | 34/112 [00:02<00:05, 13.51it/s]lang_id | prompt_es:  32%|███▏      | 36/112 [00:02<00:05, 13.50it/s]lang_id | prompt_es:  34%|███▍      | 38/112 [00:02<00:05, 13.48it/s]lang_id | prompt_es:  36%|███▌      | 40/112 [00:02<00:05, 13.52it/s]lang_id | prompt_es:  38%|███▊      | 42/112 [00:03<00:05, 13.45it/s]lang_id | prompt_es:  39%|███▉      | 44/112 [00:03<00:05, 13.58it/s]lang_id | prompt_es:  41%|████      | 46/112 [00:03<00:04, 13.65it/s]lang_id | prompt_es:  43%|████▎     | 48/112 [00:03<00:04, 13.78it/s]lang_id | prompt_es:  45%|████▍     | 50/112 [00:03<00:04, 13.79it/s]lang_id | prompt_es:  46%|████▋     | 52/112 [00:03<00:04, 13.58it/s]lang_id | prompt_es:  48%|████▊     | 54/112 [00:03<00:04, 13.67it/s]lang_id | prompt_es:  50%|█████     | 56/112 [00:04<00:04, 13.62it/s]lang_id | prompt_es:  52%|█████▏    | 58/112 [00:04<00:03, 13.63it/s]lang_id | prompt_es:  54%|█████▎    | 60/112 [00:04<00:03, 13.67it/s]lang_id | prompt_es:  55%|█████▌    | 62/112 [00:04<00:03, 13.70it/s]lang_id | prompt_es:  57%|█████▋    | 64/112 [00:04<00:03, 13.65it/s]lang_id | prompt_es:  59%|█████▉    | 66/112 [00:04<00:03, 13.49it/s]lang_id | prompt_es:  61%|██████    | 68/112 [00:04<00:03, 13.62it/s]lang_id | prompt_es:  62%|██████▎   | 70/112 [00:05<00:03, 13.67it/s]lang_id | prompt_es:  64%|██████▍   | 72/112 [00:05<00:02, 13.66it/s]lang_id | prompt_es:  66%|██████▌   | 74/112 [00:05<00:02, 13.75it/s]lang_id | prompt_es:  68%|██████▊   | 76/112 [00:05<00:02, 13.81it/s]lang_id | prompt_es:  70%|██████▉   | 78/112 [00:05<00:02, 13.82it/s]lang_id | prompt_es:  71%|███████▏  | 80/112 [00:05<00:02, 13.90it/s]lang_id | prompt_es:  73%|███████▎  | 82/112 [00:05<00:02, 13.92it/s]lang_id | prompt_es:  75%|███████▌  | 84/112 [00:06<00:02, 14.00it/s]lang_id | prompt_es:  77%|███████▋  | 86/112 [00:06<00:01, 13.99it/s]lang_id | prompt_es:  79%|███████▊  | 88/112 [00:06<00:01, 13.98it/s]lang_id | prompt_es:  80%|████████  | 90/112 [00:06<00:01, 13.87it/s]lang_id | prompt_es:  82%|████████▏ | 92/112 [00:06<00:01, 13.81it/s]lang_id | prompt_es:  84%|████████▍ | 94/112 [00:06<00:01, 13.77it/s]lang_id | prompt_es:  86%|████████▌ | 96/112 [00:07<00:01, 13.67it/s]lang_id | prompt_es:  88%|████████▊ | 98/112 [00:07<00:01, 13.74it/s]lang_id | prompt_es:  89%|████████▉ | 100/112 [00:07<00:00, 13.84it/s]lang_id | prompt_es:  91%|█████████ | 102/112 [00:07<00:00, 13.73it/s]lang_id | prompt_es:  93%|█████████▎| 104/112 [00:07<00:00, 13.93it/s]lang_id | prompt_es:  95%|█████████▍| 106/112 [00:07<00:00, 14.01it/s]lang_id | prompt_es:  96%|█████████▋| 108/112 [00:07<00:00, 14.01it/s]lang_id | prompt_es:  98%|█████████▊| 110/112 [00:08<00:00, 13.96it/s]lang_id | prompt_es: 100%|██████████| 112/112 [00:08<00:00, 14.02it/s]lang_id | prompt_es: 100%|██████████| 112/112 [00:08<00:00, 13.75it/s]
lang_id | prompt_de:   0%|          | 0/112 [00:00<?, ?it/s]lang_id | prompt_de:   2%|▏         | 2/112 [00:00<00:07, 13.86it/s]lang_id | prompt_de:   4%|▎         | 4/112 [00:00<00:07, 13.74it/s]lang_id | prompt_de:   5%|▌         | 6/112 [00:00<00:07, 13.90it/s]lang_id | prompt_de:   7%|▋         | 8/112 [00:00<00:07, 13.93it/s]lang_id | prompt_de:   9%|▉         | 10/112 [00:00<00:07, 13.94it/s]lang_id | prompt_de:  11%|█         | 12/112 [00:00<00:07, 13.97it/s]lang_id | prompt_de:  12%|█▎        | 14/112 [00:01<00:07, 13.91it/s]lang_id | prompt_de:  14%|█▍        | 16/112 [00:01<00:06, 13.91it/s]lang_id | prompt_de:  16%|█▌        | 18/112 [00:01<00:06, 13.87it/s]lang_id | prompt_de:  18%|█▊        | 20/112 [00:01<00:06, 13.80it/s]lang_id | prompt_de:  20%|█▉        | 22/112 [00:01<00:06, 13.77it/s]lang_id | prompt_de:  21%|██▏       | 24/112 [00:01<00:06, 13.75it/s]lang_id | prompt_de:  23%|██▎       | 26/112 [00:01<00:06, 13.75it/s]lang_id | prompt_de:  25%|██▌       | 28/112 [00:02<00:06, 13.71it/s]lang_id | prompt_de:  27%|██▋       | 30/112 [00:02<00:05, 13.70it/s]lang_id | prompt_de:  29%|██▊       | 32/112 [00:02<00:05, 13.62it/s]lang_id | prompt_de:  30%|███       | 34/112 [00:02<00:05, 13.60it/s]lang_id | prompt_de:  32%|███▏      | 36/112 [00:02<00:05, 13.61it/s]lang_id | prompt_de:  34%|███▍      | 38/112 [00:02<00:05, 13.64it/s]lang_id | prompt_de:  36%|███▌      | 40/112 [00:02<00:05, 13.70it/s]lang_id | prompt_de:  38%|███▊      | 42/112 [00:03<00:05, 13.73it/s]lang_id | prompt_de:  39%|███▉      | 44/112 [00:03<00:04, 13.69it/s]lang_id | prompt_de:  41%|████      | 46/112 [00:03<00:04, 13.67it/s]lang_id | prompt_de:  43%|████▎     | 48/112 [00:03<00:04, 13.72it/s]lang_id | prompt_de:  45%|████▍     | 50/112 [00:03<00:04, 13.68it/s]lang_id | prompt_de:  46%|████▋     | 52/112 [00:03<00:04, 13.69it/s]lang_id | prompt_de:  48%|████▊     | 54/112 [00:03<00:04, 13.70it/s]lang_id | prompt_de:  50%|█████     | 56/112 [00:04<00:04, 13.76it/s]lang_id | prompt_de:  52%|█████▏    | 58/112 [00:04<00:03, 13.72it/s]lang_id | prompt_de:  54%|█████▎    | 60/112 [00:04<00:03, 13.55it/s]lang_id | prompt_de:  55%|█████▌    | 62/112 [00:04<00:03, 13.63it/s]lang_id | prompt_de:  57%|█████▋    | 64/112 [00:04<00:03, 13.59it/s]lang_id | prompt_de:  59%|█████▉    | 66/112 [00:04<00:03, 13.63it/s]lang_id | prompt_de:  61%|██████    | 68/112 [00:04<00:03, 13.61it/s]lang_id | prompt_de:  62%|██████▎   | 70/112 [00:05<00:03, 13.62it/s]lang_id | prompt_de:  64%|██████▍   | 72/112 [00:05<00:02, 13.55it/s]lang_id | prompt_de:  66%|██████▌   | 74/112 [00:05<00:02, 13.62it/s]lang_id | prompt_de:  68%|██████▊   | 76/112 [00:05<00:02, 13.65it/s]lang_id | prompt_de:  70%|██████▉   | 78/112 [00:05<00:02, 13.60it/s]lang_id | prompt_de:  71%|███████▏  | 80/112 [00:05<00:02, 13.62it/s]lang_id | prompt_de:  73%|███████▎  | 82/112 [00:05<00:02, 13.63it/s]lang_id | prompt_de:  75%|███████▌  | 84/112 [00:06<00:02, 13.70it/s]lang_id | prompt_de:  77%|███████▋  | 86/112 [00:06<00:01, 13.63it/s]lang_id | prompt_de:  79%|███████▊  | 88/112 [00:06<00:01, 13.72it/s]lang_id | prompt_de:  80%|████████  | 90/112 [00:06<00:01, 13.72it/s]lang_id | prompt_de:  82%|████████▏ | 92/112 [00:06<00:01, 13.72it/s]lang_id | prompt_de:  84%|████████▍ | 94/112 [00:06<00:01, 13.79it/s]lang_id | prompt_de:  86%|████████▌ | 96/112 [00:07<00:01, 13.79it/s]lang_id | prompt_de:  88%|████████▊ | 98/112 [00:07<00:01, 13.68it/s]lang_id | prompt_de:  89%|████████▉ | 100/112 [00:07<00:00, 13.76it/s]lang_id | prompt_de:  91%|█████████ | 102/112 [00:07<00:00, 13.80it/s]lang_id | prompt_de:  93%|█████████▎| 104/112 [00:07<00:00, 13.79it/s]lang_id | prompt_de:  95%|█████████▍| 106/112 [00:07<00:00, 13.80it/s]lang_id | prompt_de:  96%|█████████▋| 108/112 [00:07<00:00, 13.76it/s]lang_id | prompt_de:  98%|█████████▊| 110/112 [00:08<00:00, 13.66it/s]lang_id | prompt_de: 100%|██████████| 112/112 [00:08<00:00, 13.79it/s]lang_id | prompt_de: 100%|██████████| 112/112 [00:08<00:00, 13.72it/s]

====================================================================================================================================
IDIOMA DE LA SALIDA (language_verdict)
condicion                            n    fr    en    es    de   unk   acc  cambio  largo  ce_fr_h  ce_en_h   tok
------------------------------------------------------------------------------------------------------------------------------------
lang_id | prompt                   112  0.00  0.00  0.00  0.00  1.00  0.00     nan    7.0      nan      nan   0.0
lang_id | prompt +1*fr             112  0.00  0.00  0.00  0.00  1.00  0.00    0.77    6.5      nan      nan   7.5
lang_id | prompt +1*es             112  0.00  0.00  0.00  0.00  1.00  0.01    0.68    7.0      nan      nan   7.5
lang_id | prompt +1*de             112  0.00  0.00  0.00  0.00  1.00  0.00    0.95    6.2      nan      nan   7.5
lang_id | prompt +1*rand0          112  0.00  0.00  0.00  0.00  1.00  0.00    0.04    7.0      nan      nan   7.5
lang_id | prompt_fr                112  0.00  0.00  0.00  0.00  1.00  0.00     nan    6.0      nan      nan   0.0
lang_id | prompt_es                112  0.00  0.00  0.00  0.00  1.00  0.00     nan    7.0      nan      nan   0.0
lang_id | prompt_de                112  0.00  0.00  0.00  0.00  1.00  0.00     nan    6.0      nan      nan   0.0

IDIOMA QUE EL MODELO DICE QUE TIENE LA PREGUNTA (primer nombre de idioma en la salida)
condicion                            n     en     fr     es     de     it     pt  ninguno
------------------------------------------------------------------------------------------------------------------------------------
lang_id | prompt                   112   0.96   0.01   0.02   0.00   0.01   0.00     0.00
lang_id | prompt +1*fr             112   0.21   0.72   0.01   0.00   0.01   0.00     0.04
lang_id | prompt +1*es             112   0.29   0.03   0.63   0.00   0.00   0.00     0.04
lang_id | prompt +1*de             112   0.04   0.02   0.03   0.88   0.00   0.00     0.03
lang_id | prompt +1*rand0          112   0.96   0.01   0.01   0.00   0.00   0.00     0.03
lang_id | prompt_fr                112   0.00   1.00   0.00   0.00   0.00   0.00     0.00
lang_id | prompt_es                112   0.00   0.00   1.00   0.00   0.00   0.00     0.00
lang_id | prompt_de                112   0.01   0.01   0.03   0.96   0.00   0.00     0.00
====================================================================================================================================
tok: posiciones parcheadas (tramo de la pregunta, o header). cambio: salida != la de sin parche.
ce_*_h: CE de los primeros head_k tokens del target frances / del baseline ingles.
[lang_id] GlotLID: /mnt/custom-file-systems/efs/fs-0ded2930a619aa967_fsap-0faa05c681ed1a8f3/papers/LLMAtaquesContinuos/modelos/glotlid/model.bin

Guardado: algebra/runs/v9/tests/entrada_o_directiva_idioma_entrada.json
[gen_cache] /home/sagemaker-user/user-default-efs/papers/LLMAtaquesContinuos/experimentos/idiomas/algebra/runs/v9/gen_cache: reusadas 0, generadas 896

################ E resta_directiva
`torch_dtype` is deprecated! Use `dtype` instead!
Loading checkpoint shards:   0%|          | 0/2 [00:00<?, ?it/s]Loading checkpoint shards:  50%|█████     | 1/2 [00:01<00:01,  1.02s/it]Loading checkpoint shards: 100%|██████████| 2/2 [00:01<00:00,  1.65it/s]Loading checkpoint shards: 100%|██████████| 2/2 [00:01<00:00,  1.50it/s]
parche fr         norma 0.8437  forma (1, 1, 3072)  anchor goal_all
parche es         norma 0.8632  forma (1, 1, 3072)  anchor goal_all
parche de         norma 0.9419  forma (1, 1, 3072)  anchor goal_all
parche rand0      norma 0.8437  forma (1, 1, 3072)  anchor goal_all
tail held-out 112  |  preset=resta_directiva
instr_fr | prompt:   0%|          | 0/112 [00:00<?, ?it/s][lang_id] GlotLID: /mnt/custom-file-systems/efs/fs-0ded2930a619aa967_fsap-0faa05c681ed1a8f3/papers/LLMAtaquesContinuos/modelos/glotlid/model.bin
instr_fr | prompt:   1%|          | 1/112 [00:01<03:32,  1.91s/it]instr_fr | prompt:   2%|▏         | 2/112 [00:02<01:56,  1.06s/it]instr_fr | prompt:   3%|▎         | 3/112 [00:03<01:45,  1.03it/s]instr_fr | prompt:   4%|▎         | 4/112 [00:06<03:32,  1.97s/it]instr_fr | prompt:   4%|▍         | 5/112 [00:10<04:30,  2.53s/it]instr_fr | prompt:   5%|▌         | 6/112 [00:13<05:03,  2.86s/it]instr_fr | prompt:   6%|▋         | 7/112 [00:17<05:22,  3.07s/it]instr_fr | prompt:   7%|▋         | 8/112 [00:17<03:53,  2.24s/it]instr_fr | prompt:   8%|▊         | 9/112 [00:20<04:14,  2.47s/it]instr_fr | prompt:   9%|▉         | 10/112 [00:21<03:12,  1.89s/it]instr_fr | prompt:  10%|▉         | 11/112 [00:24<04:01,  2.39s/it]instr_fr | prompt:  11%|█         | 12/112 [00:28<04:33,  2.73s/it]instr_fr | prompt:  12%|█▏        | 13/112 [00:31<04:53,  2.97s/it]instr_fr | prompt:  12%|█▎        | 14/112 [00:34<04:47,  2.94s/it]instr_fr | prompt:  13%|█▎        | 15/112 [00:36<04:01,  2.48s/it]instr_fr | prompt:  14%|█▍        | 16/112 [00:36<03:07,  1.95s/it]instr_fr | prompt:  15%|█▌        | 17/112 [00:37<02:22,  1.50s/it]instr_fr | prompt:  16%|█▌        | 18/112 [00:40<03:17,  2.10s/it]instr_fr | prompt:  17%|█▋        | 19/112 [00:44<03:54,  2.52s/it]instr_fr | prompt:  18%|█▊        | 20/112 [00:45<03:07,  2.04s/it]instr_fr | prompt:  19%|█▉        | 21/112 [00:48<03:45,  2.47s/it]instr_fr | prompt:  20%|█▉        | 22/112 [00:48<02:43,  1.82s/it]instr_fr | prompt:  21%|██        | 23/112 [00:49<02:12,  1.49s/it]instr_fr | prompt:  21%|██▏       | 24/112 [00:50<01:42,  1.17s/it]instr_fr | prompt:  22%|██▏       | 25/112 [00:53<02:42,  1.87s/it]instr_fr | prompt:  23%|██▎       | 26/112 [00:54<02:18,  1.61s/it]instr_fr | prompt:  24%|██▍       | 27/112 [00:55<01:48,  1.27s/it]instr_fr | prompt:  25%|██▌       | 28/112 [00:55<01:22,  1.02it/s]instr_fr | prompt:  26%|██▌       | 29/112 [00:56<01:20,  1.03it/s]instr_fr | prompt:  27%|██▋       | 30/112 [00:57<01:11,  1.14it/s]instr_fr | prompt:  28%|██▊       | 31/112 [00:59<01:40,  1.25s/it]instr_fr | prompt:  29%|██▊       | 32/112 [01:02<02:35,  1.94s/it]instr_fr | prompt:  29%|██▉       | 33/112 [01:06<03:10,  2.41s/it]instr_fr | prompt:  30%|███       | 34/112 [01:06<02:21,  1.81s/it]instr_fr | prompt:  31%|███▏      | 35/112 [01:08<02:21,  1.84s/it]instr_fr | prompt:  32%|███▏      | 36/112 [01:09<01:49,  1.43s/it]instr_fr | prompt:  33%|███▎      | 37/112 [01:09<01:34,  1.26s/it]instr_fr | prompt:  34%|███▍      | 38/112 [01:10<01:18,  1.07s/it]instr_fr | prompt:  35%|███▍      | 39/112 [01:13<02:11,  1.80s/it]instr_fr | prompt:  36%|███▌      | 40/112 [01:17<02:45,  2.30s/it]instr_fr | prompt:  37%|███▋      | 41/112 [01:17<02:01,  1.71s/it]instr_fr | prompt:  38%|███▊      | 42/112 [01:18<01:45,  1.51s/it]instr_fr | prompt:  38%|███▊      | 43/112 [01:19<01:20,  1.17s/it]instr_fr | prompt:  39%|███▉      | 44/112 [01:19<01:05,  1.04it/s]instr_fr | prompt:  40%|████      | 45/112 [01:21<01:17,  1.16s/it]instr_fr | prompt:  41%|████      | 46/112 [01:24<02:02,  1.86s/it]instr_fr | prompt:  42%|████▏     | 47/112 [01:28<02:32,  2.34s/it]instr_fr | prompt:  43%|████▎     | 48/112 [01:28<01:51,  1.74s/it]instr_fr | prompt:  44%|████▍     | 49/112 [01:29<01:35,  1.51s/it]instr_fr | prompt:  45%|████▍     | 50/112 [01:30<01:13,  1.19s/it]instr_fr | prompt:  46%|████▌     | 51/112 [01:30<00:59,  1.02it/s]instr_fr | prompt:  46%|████▋     | 52/112 [01:32<01:09,  1.16s/it]instr_fr | prompt:  47%|████▋     | 53/112 [01:35<01:49,  1.85s/it]instr_fr | prompt:  48%|████▊     | 54/112 [01:39<02:15,  2.34s/it]instr_fr | prompt:  49%|████▉     | 55/112 [01:39<01:39,  1.75s/it]instr_fr | prompt:  50%|█████     | 56/112 [01:40<01:32,  1.65s/it]instr_fr | prompt:  51%|█████     | 57/112 [01:41<01:09,  1.27s/it]instr_fr | prompt:  52%|█████▏    | 58/112 [01:41<00:58,  1.08s/it]instr_fr | prompt:  53%|█████▎    | 59/112 [01:43<01:04,  1.22s/it]instr_fr | prompt:  54%|█████▎    | 60/112 [01:46<01:39,  1.90s/it]instr_fr | prompt:  54%|█████▍    | 61/112 [01:50<02:01,  2.38s/it]instr_fr | prompt:  55%|█████▌    | 62/112 [01:50<01:27,  1.76s/it]instr_fr | prompt:  56%|█████▋    | 63/112 [01:51<01:04,  1.33s/it]instr_fr | prompt:  57%|█████▋    | 64/112 [01:51<00:53,  1.12s/it]instr_fr | prompt:  58%|█████▊    | 65/112 [01:52<00:42,  1.10it/s]instr_fr | prompt:  59%|█████▉    | 66/112 [01:52<00:34,  1.35it/s]instr_fr | prompt:  60%|█████▉    | 67/112 [01:55<01:10,  1.56s/it]instr_fr | prompt:  61%|██████    | 68/112 [01:59<01:34,  2.15s/it]instr_fr | prompt:  62%|██████▏   | 69/112 [01:59<01:09,  1.63s/it]instr_fr | prompt:  62%|██████▎   | 70/112 [02:00<00:53,  1.27s/it]instr_fr | prompt:  63%|██████▎   | 71/112 [02:00<00:41,  1.02s/it]instr_fr | prompt:  64%|██████▍   | 72/112 [02:01<00:34,  1.17it/s]instr_fr | prompt:  65%|██████▌   | 73/112 [02:01<00:29,  1.33it/s]instr_fr | prompt:  66%|██████▌   | 74/112 [02:05<01:00,  1.58s/it]instr_fr | prompt:  67%|██████▋   | 75/112 [02:08<01:19,  2.15s/it]instr_fr | prompt:  68%|██████▊   | 76/112 [02:09<00:59,  1.64s/it]instr_fr | prompt:  69%|██████▉   | 77/112 [02:12<01:11,  2.05s/it]instr_fr | prompt:  70%|██████▉   | 78/112 [02:12<00:57,  1.69s/it]instr_fr | prompt:  71%|███████   | 79/112 [02:13<00:45,  1.39s/it]instr_fr | prompt:  71%|███████▏  | 80/112 [02:14<00:34,  1.08s/it]instr_fr | prompt:  72%|███████▏  | 81/112 [02:17<00:55,  1.79s/it]instr_fr | prompt:  73%|███████▎  | 82/112 [02:19<00:55,  1.85s/it]instr_fr | prompt:  74%|███████▍  | 83/112 [02:19<00:41,  1.44s/it]instr_fr | prompt:  75%|███████▌  | 84/112 [02:21<00:43,  1.55s/it]instr_fr | prompt:  76%|███████▌  | 85/112 [02:22<00:32,  1.21s/it]instr_fr | prompt:  77%|███████▋  | 86/112 [02:22<00:25,  1.00it/s]instr_fr | prompt:  78%|███████▊  | 87/112 [02:23<00:20,  1.22it/s]instr_fr | prompt:  79%|███████▊  | 88/112 [02:26<00:38,  1.62s/it]instr_fr | prompt:  79%|███████▉  | 89/112 [02:30<00:50,  2.19s/it]instr_fr | prompt:  80%|████████  | 90/112 [02:30<00:37,  1.69s/it]instr_fr | prompt:  81%|████████▏ | 91/112 [02:30<00:27,  1.29s/it]instr_fr | prompt:  82%|████████▏ | 92/112 [02:31<00:21,  1.07s/it]instr_fr | prompt:  83%|████████▎ | 93/112 [02:31<00:16,  1.16it/s]instr_fr | prompt:  84%|████████▍ | 94/112 [02:32<00:14,  1.20it/s]instr_fr | prompt:  85%|████████▍ | 95/112 [02:36<00:27,  1.64s/it]instr_fr | prompt:  86%|████████▌ | 96/112 [02:39<00:35,  2.20s/it]instr_fr | prompt:  87%|████████▋ | 97/112 [02:40<00:24,  1.65s/it]instr_fr | prompt:  88%|████████▊ | 98/112 [02:40<00:17,  1.24s/it]instr_fr | prompt:  88%|████████▊ | 99/112 [02:40<00:13,  1.04s/it]instr_fr | prompt:  89%|████████▉ | 100/112 [02:41<00:10,  1.18it/s]instr_fr | prompt:  90%|█████████ | 101/112 [02:41<00:08,  1.34it/s]instr_fr | prompt:  91%|█████████ | 102/112 [02:45<00:15,  1.58s/it]instr_fr | prompt:  92%|█████████▏| 103/112 [02:48<00:19,  2.17s/it]instr_fr | prompt:  93%|█████████▎| 104/112 [02:52<00:20,  2.57s/it]instr_fr | prompt:  94%|█████████▍| 105/112 [02:52<00:13,  1.91s/it]instr_fr | prompt:  95%|█████████▍| 106/112 [02:53<00:08,  1.45s/it]instr_fr | prompt:  96%|█████████▌| 107/112 [02:53<00:05,  1.15s/it]instr_fr | prompt:  96%|█████████▋| 108/112 [02:54<00:03,  1.05it/s]instr_fr | prompt:  97%|█████████▋| 109/112 [02:57<00:05,  1.71s/it]instr_fr | prompt:  98%|█████████▊| 110/112 [03:01<00:04,  2.24s/it]instr_fr | prompt:  99%|█████████▉| 111/112 [03:03<00:02,  2.33s/it]instr_fr | prompt: 100%|██████████| 112/112 [03:04<00:00,  1.80s/it]instr_fr | prompt: 100%|██████████| 112/112 [03:04<00:00,  1.64s/it]
instr_fr | prompt -1*fr:   0%|          | 0/112 [00:00<?, ?it/s]instr_fr | prompt -1*fr:   1%|          | 1/112 [00:00<01:14,  1.50it/s]instr_fr | prompt -1*fr:   2%|▏         | 2/112 [00:01<01:00,  1.83it/s]instr_fr | prompt -1*fr:   3%|▎         | 3/112 [00:04<03:23,  1.87s/it]instr_fr | prompt -1*fr:   4%|▎         | 4/112 [00:08<04:31,  2.51s/it]instr_fr | prompt -1*fr:   4%|▍         | 5/112 [00:11<05:05,  2.86s/it]instr_fr | prompt -1*fr:   5%|▌         | 6/112 [00:12<03:44,  2.12s/it]instr_fr | prompt -1*fr:   6%|▋         | 7/112 [00:12<02:50,  1.63s/it]instr_fr | prompt -1*fr:   7%|▋         | 8/112 [00:13<02:21,  1.36s/it]instr_fr | prompt -1*fr:   8%|▊         | 9/112 [00:16<03:08,  1.83s/it]instr_fr | prompt -1*fr:   9%|▉         | 10/112 [00:17<02:26,  1.44s/it]instr_fr | prompt -1*fr:  10%|▉         | 11/112 [00:20<03:30,  2.09s/it]instr_fr | prompt -1*fr:  11%|█         | 12/112 [00:24<04:12,  2.52s/it]instr_fr | prompt -1*fr:  12%|█▏        | 13/112 [00:24<03:05,  1.87s/it]instr_fr | prompt -1*fr:  12%|█▎        | 14/112 [00:28<03:52,  2.37s/it]instr_fr | prompt -1*fr:  13%|█▎        | 15/112 [00:29<03:22,  2.08s/it]instr_fr | prompt -1*fr:  14%|█▍        | 16/112 [00:30<02:37,  1.64s/it]instr_fr | prompt -1*fr:  15%|█▌        | 17/112 [00:33<03:27,  2.18s/it]instr_fr | prompt -1*fr:  16%|█▌        | 18/112 [00:36<04:01,  2.57s/it]instr_fr | prompt -1*fr:  17%|█▋        | 19/112 [00:40<04:24,  2.84s/it]instr_fr | prompt -1*fr:  18%|█▊        | 20/112 [00:40<03:17,  2.15s/it]instr_fr | prompt -1*fr:  19%|█▉        | 21/112 [00:44<03:51,  2.55s/it]instr_fr | prompt -1*fr:  20%|█▉        | 22/112 [00:44<02:48,  1.88s/it]instr_fr | prompt -1*fr:  21%|██        | 23/112 [00:46<02:34,  1.73s/it]instr_fr | prompt -1*fr:  21%|██▏       | 24/112 [00:46<01:57,  1.34s/it]instr_fr | prompt -1*fr:  22%|██▏       | 25/112 [00:50<02:52,  1.98s/it]instr_fr | prompt -1*fr:  23%|██▎       | 26/112 [00:51<02:35,  1.80s/it]instr_fr | prompt -1*fr:  24%|██▍       | 27/112 [00:51<01:59,  1.40s/it]instr_fr | prompt -1*fr:  25%|██▌       | 28/112 [00:52<01:40,  1.20s/it]instr_fr | prompt -1*fr:  26%|██▌       | 29/112 [00:53<01:37,  1.17s/it]instr_fr | prompt -1*fr:  27%|██▋       | 30/112 [00:54<01:19,  1.04it/s]instr_fr | prompt -1*fr:  28%|██▊       | 31/112 [00:56<01:42,  1.27s/it]instr_fr | prompt -1*fr:  29%|██▊       | 32/112 [00:59<02:35,  1.94s/it]instr_fr | prompt -1*fr:  29%|██▉       | 33/112 [01:03<03:10,  2.41s/it]instr_fr | prompt -1*fr:  30%|███       | 34/112 [01:04<02:32,  1.96s/it]instr_fr | prompt -1*fr:  31%|███▏      | 35/112 [01:07<03:06,  2.42s/it]instr_fr | prompt -1*fr:  32%|███▏      | 36/112 [01:11<03:29,  2.75s/it]instr_fr | prompt -1*fr:  33%|███▎      | 37/112 [01:12<02:51,  2.29s/it]instr_fr | prompt -1*fr:  34%|███▍      | 38/112 [01:12<02:08,  1.73s/it]instr_fr | prompt -1*fr:  35%|███▍      | 39/112 [01:16<02:45,  2.26s/it]instr_fr | prompt -1*fr:  36%|███▌      | 40/112 [01:19<03:09,  2.63s/it]instr_fr | prompt -1*fr:  37%|███▋      | 41/112 [01:21<02:42,  2.29s/it]instr_fr | prompt -1*fr:  38%|███▊      | 42/112 [01:22<02:15,  1.94s/it]instr_fr | prompt -1*fr:  38%|███▊      | 43/112 [01:24<02:08,  1.86s/it]instr_fr | prompt -1*fr:  39%|███▉      | 44/112 [01:25<02:04,  1.83s/it]instr_fr | prompt -1*fr:  40%|████      | 45/112 [01:27<02:01,  1.82s/it]instr_fr | prompt -1*fr:  41%|████      | 46/112 [01:31<02:33,  2.33s/it]instr_fr | prompt -1*fr:  42%|████▏     | 47/112 [01:34<02:54,  2.69s/it]instr_fr | prompt -1*fr:  43%|████▎     | 48/112 [01:35<02:23,  2.25s/it]instr_fr | prompt -1*fr:  44%|████▍     | 49/112 [01:37<02:03,  1.96s/it]instr_fr | prompt -1*fr:  45%|████▍     | 50/112 [01:37<01:36,  1.56s/it]instr_fr | prompt -1*fr:  46%|████▌     | 51/112 [01:38<01:19,  1.30s/it]instr_fr | prompt -1*fr:  46%|████▋     | 52/112 [01:40<01:21,  1.37s/it]instr_fr | prompt -1*fr:  47%|████▋     | 53/112 [01:43<01:56,  1.97s/it]instr_fr | prompt -1*fr:  48%|████▊     | 54/112 [01:46<02:21,  2.43s/it]instr_fr | prompt -1*fr:  49%|████▉     | 55/112 [01:48<02:04,  2.18s/it]instr_fr | prompt -1*fr:  50%|█████     | 56/112 [01:48<01:29,  1.60s/it]instr_fr | prompt -1*fr:  51%|█████     | 57/112 [01:49<01:07,  1.23s/it]instr_fr | prompt -1*fr:  52%|█████▏    | 58/112 [01:49<00:55,  1.03s/it]instr_fr | prompt -1*fr:  53%|█████▎    | 59/112 [01:53<01:34,  1.77s/it]instr_fr | prompt -1*fr:  54%|█████▎    | 60/112 [01:56<01:59,  2.30s/it]instr_fr | prompt -1*fr:  54%|█████▍    | 61/112 [02:00<02:15,  2.66s/it]instr_fr | prompt -1*fr:  55%|█████▌    | 62/112 [02:00<01:38,  1.96s/it]instr_fr | prompt -1*fr:  56%|█████▋    | 63/112 [02:01<01:14,  1.51s/it]instr_fr | prompt -1*fr:  57%|█████▋    | 64/112 [02:01<00:53,  1.12s/it]instr_fr | prompt -1*fr:  58%|█████▊    | 65/112 [02:01<00:41,  1.14it/s]instr_fr | prompt -1*fr:  59%|█████▉    | 66/112 [02:01<00:33,  1.39it/s]instr_fr | prompt -1*fr:  60%|█████▉    | 67/112 [02:05<01:09,  1.55s/it]instr_fr | prompt -1*fr:  61%|██████    | 68/112 [02:08<01:33,  2.13s/it]instr_fr | prompt -1*fr:  62%|██████▏   | 69/112 [02:09<01:10,  1.65s/it]instr_fr | prompt -1*fr:  62%|██████▎   | 70/112 [02:10<01:07,  1.60s/it]instr_fr | prompt -1*fr:  63%|██████▎   | 71/112 [02:11<00:59,  1.45s/it]instr_fr | prompt -1*fr:  64%|██████▍   | 72/112 [02:12<00:47,  1.18s/it]instr_fr | prompt -1*fr:  65%|██████▌   | 73/112 [02:13<00:38,  1.02it/s]instr_fr | prompt -1*fr:  66%|██████▌   | 74/112 [02:16<01:05,  1.73s/it]instr_fr | prompt -1*fr:  67%|██████▋   | 75/112 [02:20<01:23,  2.26s/it]instr_fr | prompt -1*fr:  68%|██████▊   | 76/112 [02:20<01:03,  1.75s/it]instr_fr | prompt -1*fr:  69%|██████▉   | 77/112 [02:24<01:19,  2.27s/it]instr_fr | prompt -1*fr:  70%|██████▉   | 78/112 [02:24<01:01,  1.82s/it]instr_fr | prompt -1*fr:  71%|███████   | 79/112 [02:25<00:44,  1.34s/it]instr_fr | prompt -1*fr:  71%|███████▏  | 80/112 [02:25<00:33,  1.05s/it]instr_fr | prompt -1*fr:  72%|███████▏  | 81/112 [02:28<00:55,  1.78s/it]instr_fr | prompt -1*fr:  73%|███████▎  | 82/112 [02:32<01:08,  2.29s/it]instr_fr | prompt -1*fr:  74%|███████▍  | 83/112 [02:32<00:51,  1.78s/it]instr_fr | prompt -1*fr:  75%|███████▌  | 84/112 [02:34<00:49,  1.78s/it]instr_fr | prompt -1*fr:  76%|███████▌  | 85/112 [02:35<00:37,  1.38s/it]instr_fr | prompt -1*fr:  77%|███████▋  | 86/112 [02:35<00:28,  1.11s/it]instr_fr | prompt -1*fr:  78%|███████▊  | 87/112 [02:36<00:22,  1.11it/s]instr_fr | prompt -1*fr:  79%|███████▊  | 88/112 [02:39<00:40,  1.68s/it]instr_fr | prompt -1*fr:  79%|███████▉  | 89/112 [02:43<00:51,  2.22s/it]instr_fr | prompt -1*fr:  80%|████████  | 90/112 [02:43<00:37,  1.72s/it]instr_fr | prompt -1*fr:  81%|████████▏ | 91/112 [02:43<00:26,  1.27s/it]instr_fr | prompt -1*fr:  82%|████████▏ | 92/112 [02:44<00:19,  1.05it/s]instr_fr | prompt -1*fr:  83%|████████▎ | 93/112 [02:44<00:14,  1.29it/s]instr_fr | prompt -1*fr:  84%|████████▍ | 94/112 [02:44<00:12,  1.44it/s]instr_fr | prompt -1*fr:  85%|████████▍ | 95/112 [02:48<00:26,  1.55s/it]instr_fr | prompt -1*fr:  86%|████████▌ | 96/112 [02:51<00:34,  2.14s/it]instr_fr | prompt -1*fr:  87%|████████▋ | 97/112 [02:52<00:24,  1.64s/it]instr_fr | prompt -1*fr:  88%|████████▊ | 98/112 [02:53<00:19,  1.36s/it]instr_fr | prompt -1*fr:  88%|████████▊ | 99/112 [02:53<00:13,  1.02s/it]instr_fr | prompt -1*fr:  89%|████████▉ | 100/112 [02:53<00:10,  1.19it/s]instr_fr | prompt -1*fr:  90%|█████████ | 101/112 [02:54<00:08,  1.33it/s]instr_fr | prompt -1*fr:  91%|█████████ | 102/112 [02:57<00:15,  1.58s/it]instr_fr | prompt -1*fr:  92%|█████████▏| 103/112 [03:01<00:19,  2.16s/it]instr_fr | prompt -1*fr:  93%|█████████▎| 104/112 [03:03<00:16,  2.07s/it]instr_fr | prompt -1*fr:  94%|█████████▍| 105/112 [03:03<00:10,  1.55s/it]instr_fr | prompt -1*fr:  95%|█████████▍| 106/112 [03:03<00:07,  1.20s/it]instr_fr | prompt -1*fr:  96%|█████████▌| 107/112 [03:04<00:04,  1.02it/s]instr_fr | prompt -1*fr:  96%|█████████▋| 108/112 [03:05<00:03,  1.05it/s]instr_fr | prompt -1*fr:  97%|█████████▋| 109/112 [03:08<00:05,  1.72s/it]instr_fr | prompt -1*fr:  98%|█████████▊| 110/112 [03:12<00:04,  2.27s/it]instr_fr | prompt -1*fr:  99%|█████████▉| 111/112 [03:15<00:02,  2.63s/it]instr_fr | prompt -1*fr: 100%|██████████| 112/112 [03:16<00:00,  2.18s/it]instr_fr | prompt -1*fr: 100%|██████████| 112/112 [03:16<00:00,  1.76s/it]
instr_fr | prompt -1*es:   0%|          | 0/112 [00:00<?, ?it/s]instr_fr | prompt -1*es:   1%|          | 1/112 [00:00<01:15,  1.47it/s]instr_fr | prompt -1*es:   2%|▏         | 2/112 [00:01<01:01,  1.78it/s]instr_fr | prompt -1*es:   3%|▎         | 3/112 [00:01<01:02,  1.74it/s]instr_fr | prompt -1*es:   4%|▎         | 4/112 [00:05<03:09,  1.75s/it]instr_fr | prompt -1*es:   4%|▍         | 5/112 [00:06<02:43,  1.53s/it]instr_fr | prompt -1*es:   5%|▌         | 6/112 [00:06<02:04,  1.17s/it]instr_fr | prompt -1*es:   6%|▋         | 7/112 [00:09<03:01,  1.73s/it]instr_fr | prompt -1*es:   7%|▋         | 8/112 [00:12<03:25,  1.98s/it]instr_fr | prompt -1*es:   8%|▊         | 9/112 [00:15<03:54,  2.27s/it]instr_fr | prompt -1*es:   9%|▉         | 10/112 [00:15<02:58,  1.75s/it]instr_fr | prompt -1*es:  10%|▉         | 11/112 [00:19<03:51,  2.29s/it]instr_fr | prompt -1*es:  11%|█         | 12/112 [00:22<04:25,  2.66s/it]instr_fr | prompt -1*es:  12%|█▏        | 13/112 [00:24<03:41,  2.24s/it]instr_fr | prompt -1*es:  12%|█▎        | 14/112 [00:26<03:38,  2.23s/it]instr_fr | prompt -1*es:  13%|█▎        | 15/112 [00:26<02:40,  1.66s/it]instr_fr | prompt -1*es:  14%|█▍        | 16/112 [00:27<02:11,  1.37s/it]instr_fr | prompt -1*es:  15%|█▌        | 17/112 [00:30<03:12,  2.02s/it]instr_fr | prompt -1*es:  16%|█▌        | 18/112 [00:34<03:51,  2.47s/it]instr_fr | prompt -1*es:  17%|█▋        | 19/112 [00:37<04:18,  2.78s/it]instr_fr | prompt -1*es:  18%|█▊        | 20/112 [00:38<03:12,  2.10s/it]instr_fr | prompt -1*es:  19%|█▉        | 21/112 [00:41<03:47,  2.50s/it]instr_fr | prompt -1*es:  20%|█▉        | 22/112 [00:42<02:45,  1.84s/it]instr_fr | prompt -1*es:  21%|██        | 23/112 [00:43<02:32,  1.71s/it]instr_fr | prompt -1*es:  21%|██▏       | 24/112 [00:43<01:56,  1.32s/it]instr_fr | prompt -1*es:  22%|██▏       | 25/112 [00:47<02:52,  1.98s/it]instr_fr | prompt -1*es:  23%|██▎       | 26/112 [00:48<02:34,  1.80s/it]instr_fr | prompt -1*es:  24%|██▍       | 27/112 [00:49<01:58,  1.40s/it]instr_fr | prompt -1*es:  25%|██▌       | 28/112 [00:50<01:40,  1.20s/it]instr_fr | prompt -1*es:  26%|██▌       | 29/112 [00:50<01:33,  1.12s/it]instr_fr | prompt -1*es:  27%|██▋       | 30/112 [00:51<01:16,  1.07it/s]instr_fr | prompt -1*es:  28%|██▊       | 31/112 [00:52<01:05,  1.23it/s]instr_fr | prompt -1*es:  29%|██▊       | 32/112 [00:55<02:08,  1.61s/it]instr_fr | prompt -1*es:  29%|██▉       | 33/112 [00:58<02:51,  2.17s/it]instr_fr | prompt -1*es:  30%|███       | 34/112 [01:00<02:32,  1.95s/it]instr_fr | prompt -1*es:  31%|███▏      | 35/112 [01:02<02:27,  1.91s/it]instr_fr | prompt -1*es:  32%|███▏      | 36/112 [01:02<01:52,  1.48s/it]instr_fr | prompt -1*es:  33%|███▎      | 37/112 [01:03<01:32,  1.24s/it]instr_fr | prompt -1*es:  34%|███▍      | 38/112 [01:03<01:13,  1.01it/s]instr_fr | prompt -1*es:  35%|███▍      | 39/112 [01:07<02:06,  1.74s/it]instr_fr | prompt -1*es:  36%|███▌      | 40/112 [01:10<02:41,  2.25s/it]instr_fr | prompt -1*es:  37%|███▋      | 41/112 [01:12<02:22,  2.01s/it]instr_fr | prompt -1*es:  38%|███▊      | 42/112 [01:14<02:19,  1.99s/it]instr_fr | prompt -1*es:  38%|███▊      | 43/112 [01:16<02:19,  2.03s/it]instr_fr | prompt -1*es:  39%|███▉      | 44/112 [01:16<01:45,  1.56s/it]instr_fr | prompt -1*es:  40%|████      | 45/112 [01:18<01:45,  1.57s/it]instr_fr | prompt -1*es:  41%|████      | 46/112 [01:21<02:21,  2.15s/it]instr_fr | prompt -1*es:  42%|████▏     | 47/112 [01:25<02:46,  2.55s/it]instr_fr | prompt -1*es:  43%|████▎     | 48/112 [01:26<02:23,  2.23s/it]instr_fr | prompt -1*es:  44%|████▍     | 49/112 [01:28<02:04,  1.98s/it]instr_fr | prompt -1*es:  45%|████▍     | 50/112 [01:28<01:37,  1.57s/it]instr_fr | prompt -1*es:  46%|████▌     | 51/112 [01:30<01:40,  1.64s/it]instr_fr | prompt -1*es:  46%|████▋     | 52/112 [01:32<01:48,  1.80s/it]instr_fr | prompt -1*es:  47%|████▋     | 53/112 [01:33<01:20,  1.36s/it]instr_fr | prompt -1*es:  48%|████▊     | 54/112 [01:36<01:56,  2.00s/it]instr_fr | prompt -1*es:  49%|████▉     | 55/112 [01:36<01:25,  1.51s/it]instr_fr | prompt -1*es:  50%|█████     | 56/112 [01:37<01:03,  1.13s/it]instr_fr | prompt -1*es:  51%|█████     | 57/112 [01:37<00:49,  1.11it/s]instr_fr | prompt -1*es:  52%|█████▏    | 58/112 [01:38<00:44,  1.22it/s]instr_fr | prompt -1*es:  53%|█████▎    | 59/112 [01:40<01:05,  1.23s/it]instr_fr | prompt -1*es:  54%|█████▎    | 60/112 [01:43<01:39,  1.91s/it]instr_fr | prompt -1*es:  54%|█████▍    | 61/112 [01:47<02:01,  2.38s/it]instr_fr | prompt -1*es:  55%|█████▌    | 62/112 [01:47<01:28,  1.76s/it]instr_fr | prompt -1*es:  56%|█████▋    | 63/112 [01:48<01:07,  1.37s/it]instr_fr | prompt -1*es:  57%|█████▋    | 64/112 [01:48<00:49,  1.02s/it]instr_fr | prompt -1*es:  58%|█████▊    | 65/112 [01:48<00:39,  1.18it/s]instr_fr | prompt -1*es:  59%|█████▉    | 66/112 [01:49<00:32,  1.43it/s]instr_fr | prompt -1*es:  60%|█████▉    | 67/112 [01:52<01:09,  1.54s/it]instr_fr | prompt -1*es:  61%|██████    | 68/112 [01:56<01:33,  2.13s/it]instr_fr | prompt -1*es:  62%|██████▏   | 69/112 [01:56<01:09,  1.62s/it]instr_fr | prompt -1*es:  62%|██████▎   | 70/112 [01:57<00:54,  1.30s/it]instr_fr | prompt -1*es:  63%|██████▎   | 71/112 [02:00<01:20,  1.96s/it]instr_fr | prompt -1*es:  64%|██████▍   | 72/112 [02:01<01:01,  1.54s/it]instr_fr | prompt -1*es:  65%|██████▌   | 73/112 [02:01<00:47,  1.23s/it]instr_fr | prompt -1*es:  66%|██████▌   | 74/112 [02:05<01:12,  1.92s/it]instr_fr | prompt -1*es:  67%|██████▋   | 75/112 [02:08<01:28,  2.40s/it]instr_fr | prompt -1*es:  68%|██████▊   | 76/112 [02:09<01:05,  1.82s/it]instr_fr | prompt -1*es:  69%|██████▉   | 77/112 [02:11<01:09,  2.00s/it]instr_fr | prompt -1*es:  70%|██████▉   | 78/112 [02:12<00:55,  1.62s/it]instr_fr | prompt -1*es:  71%|███████   | 79/112 [02:12<00:42,  1.30s/it]instr_fr | prompt -1*es:  71%|███████▏  | 80/112 [02:13<00:32,  1.01s/it]instr_fr | prompt -1*es:  72%|███████▏  | 81/112 [02:16<00:54,  1.77s/it]instr_fr | prompt -1*es:  73%|███████▎  | 82/112 [02:20<01:08,  2.30s/it]instr_fr | prompt -1*es:  74%|███████▍  | 83/112 [02:20<00:51,  1.77s/it]instr_fr | prompt -1*es:  75%|███████▌  | 84/112 [02:21<00:43,  1.55s/it]instr_fr | prompt -1*es:  76%|███████▌  | 85/112 [02:22<00:32,  1.22s/it]instr_fr | prompt -1*es:  77%|███████▋  | 86/112 [02:22<00:25,  1.01it/s]instr_fr | prompt -1*es:  78%|███████▊  | 87/112 [02:23<00:19,  1.27it/s]instr_fr | prompt -1*es:  79%|███████▊  | 88/112 [02:26<00:38,  1.61s/it]instr_fr | prompt -1*es:  79%|███████▉  | 89/112 [02:30<00:49,  2.17s/it]instr_fr | prompt -1*es:  80%|████████  | 90/112 [02:30<00:36,  1.66s/it]instr_fr | prompt -1*es:  81%|████████▏ | 91/112 [02:33<00:40,  1.94s/it]instr_fr | prompt -1*es:  82%|████████▏ | 92/112 [02:33<00:30,  1.54s/it]instr_fr | prompt -1*es:  83%|████████▎ | 93/112 [02:34<00:22,  1.18s/it]instr_fr | prompt -1*es:  84%|████████▍ | 94/112 [02:34<00:19,  1.07s/it]instr_fr | prompt -1*es:  85%|████████▍ | 95/112 [02:38<00:30,  1.79s/it]instr_fr | prompt -1*es:  86%|████████▌ | 96/112 [02:41<00:36,  2.30s/it]instr_fr | prompt -1*es:  87%|████████▋ | 97/112 [02:42<00:26,  1.75s/it]instr_fr | prompt -1*es:  88%|████████▊ | 98/112 [02:43<00:20,  1.43s/it]instr_fr | prompt -1*es:  88%|████████▊ | 99/112 [02:43<00:13,  1.07s/it]instr_fr | prompt -1*es:  89%|████████▉ | 100/112 [02:43<00:10,  1.14it/s]instr_fr | prompt -1*es:  90%|█████████ | 101/112 [02:44<00:08,  1.35it/s]instr_fr | prompt -1*es:  91%|█████████ | 102/112 [02:47<00:15,  1.57s/it]instr_fr | prompt -1*es:  92%|█████████▏| 103/112 [02:51<00:19,  2.14s/it]instr_fr | prompt -1*es:  93%|█████████▎| 104/112 [02:54<00:19,  2.39s/it]instr_fr | prompt -1*es:  94%|█████████▍| 105/112 [02:54<00:12,  1.77s/it]instr_fr | prompt -1*es:  95%|█████████▍| 106/112 [02:54<00:08,  1.36s/it]instr_fr | prompt -1*es:  96%|█████████▌| 107/112 [02:55<00:05,  1.09s/it]instr_fr | prompt -1*es:  96%|█████████▋| 108/112 [02:55<00:03,  1.10it/s]instr_fr | prompt -1*es:  97%|█████████▋| 109/112 [02:59<00:05,  1.67s/it]instr_fr | prompt -1*es:  98%|█████████▊| 110/112 [03:02<00:04,  2.22s/it]instr_fr | prompt -1*es:  99%|█████████▉| 111/112 [03:04<00:01,  1.97s/it]instr_fr | prompt -1*es: 100%|██████████| 112/112 [03:05<00:00,  1.69s/it]instr_fr | prompt -1*es: 100%|██████████| 112/112 [03:05<00:00,  1.65s/it]
instr_fr | prompt -1*rand0:   0%|          | 0/112 [00:00<?, ?it/s]instr_fr | prompt -1*rand0:   1%|          | 1/112 [00:00<01:45,  1.05it/s]instr_fr | prompt -1*rand0:   2%|▏         | 2/112 [00:01<01:15,  1.45it/s]instr_fr | prompt -1*rand0:   3%|▎         | 3/112 [00:02<01:32,  1.18it/s]instr_fr | prompt -1*rand0:   4%|▎         | 4/112 [00:05<03:22,  1.87s/it]instr_fr | prompt -1*rand0:   4%|▍         | 5/112 [00:09<04:24,  2.47s/it]instr_fr | prompt -1*rand0:   5%|▌         | 6/112 [00:11<04:13,  2.39s/it]instr_fr | prompt -1*rand0:   6%|▋         | 7/112 [00:14<04:27,  2.55s/it]instr_fr | prompt -1*rand0:   7%|▋         | 8/112 [00:15<03:17,  1.89s/it]instr_fr | prompt -1*rand0:   8%|▊         | 9/112 [00:17<03:44,  2.18s/it]instr_fr | prompt -1*rand0:   9%|▉         | 10/112 [00:18<02:51,  1.69s/it]instr_fr | prompt -1*rand0:  10%|▉         | 11/112 [00:21<03:46,  2.24s/it]instr_fr | prompt -1*rand0:  11%|█         | 12/112 [00:25<04:22,  2.62s/it]instr_fr | prompt -1*rand0:  12%|█▏        | 13/112 [00:26<03:34,  2.17s/it]instr_fr | prompt -1*rand0:  12%|█▎        | 14/112 [00:30<04:11,  2.57s/it]instr_fr | prompt -1*rand0:  13%|█▎        | 15/112 [00:30<03:03,  1.89s/it]instr_fr | prompt -1*rand0:  14%|█▍        | 16/112 [00:31<02:26,  1.53s/it]instr_fr | prompt -1*rand0:  15%|█▌        | 17/112 [00:31<01:54,  1.20s/it]instr_fr | prompt -1*rand0:  16%|█▌        | 18/112 [00:35<02:57,  1.89s/it]instr_fr | prompt -1*rand0:  17%|█▋        | 19/112 [00:38<03:42,  2.39s/it]instr_fr | prompt -1*rand0:  18%|█▊        | 20/112 [00:38<02:43,  1.78s/it]instr_fr | prompt -1*rand0:  19%|█▉        | 21/112 [00:42<03:27,  2.28s/it]instr_fr | prompt -1*rand0:  20%|█▉        | 22/112 [00:42<02:31,  1.68s/it]instr_fr | prompt -1*rand0:  21%|██        | 23/112 [00:43<02:04,  1.40s/it]instr_fr | prompt -1*rand0:  21%|██▏       | 24/112 [00:43<01:36,  1.10s/it]instr_fr | prompt -1*rand0:  22%|██▏       | 25/112 [00:47<02:39,  1.83s/it]instr_fr | prompt -1*rand0:  23%|██▎       | 26/112 [00:48<02:18,  1.61s/it]instr_fr | prompt -1*rand0:  24%|██▍       | 27/112 [00:48<01:47,  1.27s/it]instr_fr | prompt -1*rand0:  25%|██▌       | 28/112 [00:49<01:21,  1.04it/s]instr_fr | prompt -1*rand0:  26%|██▌       | 29/112 [00:50<01:23,  1.01s/it]instr_fr | prompt -1*rand0:  27%|██▋       | 30/112 [00:50<01:14,  1.11it/s]instr_fr | prompt -1*rand0:  28%|██▊       | 31/112 [00:54<02:16,  1.69s/it]instr_fr | prompt -1*rand0:  29%|██▊       | 32/112 [00:57<02:58,  2.24s/it]instr_fr | prompt -1*rand0:  29%|██▉       | 33/112 [01:01<03:26,  2.61s/it]instr_fr | prompt -1*rand0:  30%|███       | 34/112 [01:01<02:31,  1.95s/it]instr_fr | prompt -1*rand0:  31%|███▏      | 35/112 [01:03<02:30,  1.96s/it]instr_fr | prompt -1*rand0:  32%|███▏      | 36/112 [01:04<01:55,  1.52s/it]instr_fr | prompt -1*rand0:  33%|███▎      | 37/112 [01:04<01:25,  1.14s/it]instr_fr | prompt -1*rand0:  34%|███▍      | 38/112 [01:05<01:11,  1.03it/s]instr_fr | prompt -1*rand0:  35%|███▍      | 39/112 [01:08<02:05,  1.73s/it]instr_fr | prompt -1*rand0:  36%|███▌      | 40/112 [01:12<02:42,  2.26s/it]instr_fr | prompt -1*rand0:  37%|███▋      | 41/112 [01:13<02:23,  2.02s/it]instr_fr | prompt -1*rand0:  38%|███▊      | 42/112 [01:14<02:06,  1.81s/it]instr_fr | prompt -1*rand0:  38%|███▊      | 43/112 [01:17<02:23,  2.07s/it]instr_fr | prompt -1*rand0:  39%|███▉      | 44/112 [01:18<01:48,  1.59s/it]instr_fr | prompt -1*rand0:  40%|████      | 45/112 [01:21<02:17,  2.05s/it]instr_fr | prompt -1*rand0:  41%|████      | 46/112 [01:24<02:44,  2.49s/it]instr_fr | prompt -1*rand0:  42%|████▏     | 47/112 [01:28<03:01,  2.80s/it]instr_fr | prompt -1*rand0:  43%|████▎     | 48/112 [01:28<02:12,  2.08s/it]instr_fr | prompt -1*rand0:  44%|████▍     | 49/112 [01:29<01:54,  1.82s/it]instr_fr | prompt -1*rand0:  45%|████▍     | 50/112 [01:30<01:30,  1.46s/it]instr_fr | prompt -1*rand0:  46%|████▌     | 51/112 [01:31<01:15,  1.24s/it]instr_fr | prompt -1*rand0:  46%|████▋     | 52/112 [01:34<01:55,  1.93s/it]instr_fr | prompt -1*rand0:  47%|████▋     | 53/112 [01:38<02:22,  2.41s/it]instr_fr | prompt -1*rand0:  48%|████▊     | 54/112 [01:41<02:38,  2.74s/it]instr_fr | prompt -1*rand0:  49%|████▉     | 55/112 [01:42<01:56,  2.04s/it]instr_fr | prompt -1*rand0:  50%|█████     | 56/112 [01:42<01:26,  1.54s/it]instr_fr | prompt -1*rand0:  51%|█████     | 57/112 [01:42<01:05,  1.19s/it]instr_fr | prompt -1*rand0:  52%|█████▏    | 58/112 [01:43<00:55,  1.02s/it]instr_fr | prompt -1*rand0:  53%|█████▎    | 59/112 [01:47<01:33,  1.77s/it]instr_fr | prompt -1*rand0:  54%|█████▎    | 60/112 [01:50<01:58,  2.28s/it]instr_fr | prompt -1*rand0:  54%|█████▍    | 61/112 [01:54<02:16,  2.67s/it]instr_fr | prompt -1*rand0:  55%|█████▌    | 62/112 [01:54<01:38,  1.96s/it]instr_fr | prompt -1*rand0:  56%|█████▋    | 63/112 [01:54<01:14,  1.52s/it]instr_fr | prompt -1*rand0:  57%|█████▋    | 64/112 [01:55<01:00,  1.25s/it]instr_fr | prompt -1*rand0:  58%|█████▊    | 65/112 [01:55<00:45,  1.03it/s]instr_fr | prompt -1*rand0:  59%|█████▉    | 66/112 [01:56<00:36,  1.27it/s]instr_fr | prompt -1*rand0:  60%|█████▉    | 67/112 [01:59<01:13,  1.62s/it]instr_fr | prompt -1*rand0:  61%|██████    | 68/112 [02:03<01:36,  2.19s/it]instr_fr | prompt -1*rand0:  62%|██████▏   | 69/112 [02:03<01:11,  1.66s/it]instr_fr | prompt -1*rand0:  62%|██████▎   | 70/112 [02:04<00:57,  1.37s/it]instr_fr | prompt -1*rand0:  63%|██████▎   | 71/112 [02:05<00:49,  1.21s/it]instr_fr | prompt -1*rand0:  64%|██████▍   | 72/112 [02:05<00:39,  1.01it/s]instr_fr | prompt -1*rand0:  65%|██████▌   | 73/112 [02:06<00:32,  1.19it/s]instr_fr | prompt -1*rand0:  66%|██████▌   | 74/112 [02:09<01:02,  1.65s/it]instr_fr | prompt -1*rand0:  67%|██████▋   | 75/112 [02:13<01:22,  2.22s/it]instr_fr | prompt -1*rand0:  68%|██████▊   | 76/112 [02:13<01:00,  1.69s/it]instr_fr | prompt -1*rand0:  69%|██████▉   | 77/112 [02:14<00:52,  1.49s/it]instr_fr | prompt -1*rand0:  70%|██████▉   | 78/112 [02:16<00:48,  1.41s/it]instr_fr | prompt -1*rand0:  71%|███████   | 79/112 [02:16<00:39,  1.20s/it]instr_fr | prompt -1*rand0:  71%|███████▏  | 80/112 [02:17<00:30,  1.06it/s]instr_fr | prompt -1*rand0:  72%|███████▏  | 81/112 [02:20<00:52,  1.71s/it]instr_fr | prompt -1*rand0:  73%|███████▎  | 82/112 [02:23<01:06,  2.21s/it]instr_fr | prompt -1*rand0:  74%|███████▍  | 83/112 [02:24<00:49,  1.70s/it]instr_fr | prompt -1*rand0:  75%|███████▌  | 84/112 [02:25<00:42,  1.50s/it]instr_fr | prompt -1*rand0:  76%|███████▌  | 85/112 [02:25<00:31,  1.18s/it]instr_fr | prompt -1*rand0:  77%|███████▋  | 86/112 [02:26<00:25,  1.03it/s]instr_fr | prompt -1*rand0:  78%|███████▊  | 87/112 [02:26<00:19,  1.26it/s]instr_fr | prompt -1*rand0:  79%|███████▊  | 88/112 [02:30<00:38,  1.59s/it]instr_fr | prompt -1*rand0:  79%|███████▉  | 89/112 [02:33<00:49,  2.16s/it]instr_fr | prompt -1*rand0:  80%|████████  | 90/112 [02:34<00:36,  1.66s/it]instr_fr | prompt -1*rand0:  81%|████████▏ | 91/112 [02:36<00:40,  1.95s/it]instr_fr | prompt -1*rand0:  82%|████████▏ | 92/112 [02:37<00:28,  1.43s/it]instr_fr | prompt -1*rand0:  83%|████████▎ | 93/112 [02:37<00:21,  1.11s/it]instr_fr | prompt -1*rand0:  84%|████████▍ | 94/112 [02:38<00:18,  1.03s/it]instr_fr | prompt -1*rand0:  85%|████████▍ | 95/112 [02:41<00:30,  1.78s/it]instr_fr | prompt -1*rand0:  86%|████████▌ | 96/112 [02:45<00:36,  2.29s/it]instr_fr | prompt -1*rand0:  87%|████████▋ | 97/112 [02:45<00:26,  1.74s/it]instr_fr | prompt -1*rand0:  88%|████████▊ | 98/112 [02:46<00:19,  1.41s/it]instr_fr | prompt -1*rand0:  88%|████████▊ | 99/112 [02:46<00:14,  1.15s/it]instr_fr | prompt -1*rand0:  89%|████████▉ | 100/112 [02:47<00:11,  1.07it/s]instr_fr | prompt -1*rand0:  90%|█████████ | 101/112 [02:47<00:08,  1.29it/s]instr_fr | prompt -1*rand0:  91%|█████████ | 102/112 [02:51<00:15,  1.58s/it]instr_fr | prompt -1*rand0:  92%|█████████▏| 103/112 [02:54<00:19,  2.15s/it]instr_fr | prompt -1*rand0:  93%|█████████▎| 104/112 [02:55<00:13,  1.70s/it]instr_fr | prompt -1*rand0:  94%|█████████▍| 105/112 [02:55<00:09,  1.29s/it]instr_fr | prompt -1*rand0:  95%|█████████▍| 106/112 [02:56<00:06,  1.02s/it]instr_fr | prompt -1*rand0:  96%|█████████▌| 107/112 [02:56<00:04,  1.18it/s]instr_fr | prompt -1*rand0:  96%|█████████▋| 108/112 [02:57<00:03,  1.16it/s]instr_fr | prompt -1*rand0:  97%|█████████▋| 109/112 [03:00<00:04,  1.65s/it]instr_fr | prompt -1*rand0:  98%|█████████▊| 110/112 [03:04<00:04,  2.21s/it]instr_fr | prompt -1*rand0:  99%|█████████▉| 111/112 [03:07<00:02,  2.62s/it]instr_fr | prompt -1*rand0: 100%|██████████| 112/112 [03:09<00:00,  2.23s/it]instr_fr | prompt -1*rand0: 100%|██████████| 112/112 [03:09<00:00,  1.69s/it]

====================================================================================================================================
IDIOMA DE LA SALIDA (language_verdict)
condicion                            n    fr    en    es    de   unk   acc  cambio  largo  ce_fr_h  ce_en_h   tok
------------------------------------------------------------------------------------------------------------------------------------
instr_fr | prompt                  112  1.00  0.00  0.00  0.00  0.00  0.80     nan  240.3    0.580    2.483   0.0
instr_fr | prompt -1*fr            112  0.97  0.00  0.00  0.00  0.03  0.75    0.92  260.2    0.858    2.482   7.5
instr_fr | prompt -1*es            112  0.97  0.01  0.00  0.00  0.02  0.69    0.88  243.6    0.796    2.597   7.5
instr_fr | prompt -1*rand0         112  0.98  0.01  0.00  0.00  0.01  0.76    0.80  248.2    0.708    2.571   7.5
====================================================================================================================================
tok: posiciones parcheadas (tramo de la pregunta, o header). cambio: salida != la de sin parche.
ce_*_h: CE de los primeros head_k tokens del target frances / del baseline ingles.

Guardado: algebra/runs/v9/tests/entrada_o_directiva_resta_directiva.json
[gen_cache] /home/sagemaker-user/user-default-efs/papers/LLMAtaquesContinuos/experimentos/idiomas/algebra/runs/v9/gen_cache: reusadas 0, generadas 448

################ E conflicto
`torch_dtype` is deprecated! Use `dtype` instead!
Loading checkpoint shards:   0%|          | 0/2 [00:00<?, ?it/s]Loading checkpoint shards:  50%|█████     | 1/2 [00:01<00:01,  1.02s/it]Loading checkpoint shards: 100%|██████████| 2/2 [00:01<00:00,  1.65it/s]Loading checkpoint shards: 100%|██████████| 2/2 [00:01<00:00,  1.50it/s]
parche fr         norma 0.8437  forma (1, 1, 3072)  anchor goal_all
parche es         norma 0.8632  forma (1, 1, 3072)  anchor goal_all
parche de         norma 0.9419  forma (1, 1, 3072)  anchor goal_all
parche rand0      norma 0.8437  forma (1, 1, 3072)  anchor goal_all
tail held-out 112  |  preset=conflicto
instr_en | prompt_fr:   0%|          | 0/112 [00:00<?, ?it/s][lang_id] GlotLID: /mnt/custom-file-systems/efs/fs-0ded2930a619aa967_fsap-0faa05c681ed1a8f3/papers/LLMAtaquesContinuos/modelos/glotlid/model.bin
instr_en | prompt_fr:   1%|          | 1/112 [00:01<03:35,  1.95s/it]instr_en | prompt_fr:   2%|▏         | 2/112 [00:02<02:05,  1.14s/it]instr_en | prompt_fr:   3%|▎         | 3/112 [00:04<02:54,  1.60s/it]instr_en | prompt_fr:   4%|▎         | 4/112 [00:08<04:16,  2.38s/it]instr_en | prompt_fr:   4%|▍         | 5/112 [00:11<05:00,  2.81s/it]instr_en | prompt_fr:   5%|▌         | 6/112 [00:12<03:35,  2.03s/it]instr_en | prompt_fr:   6%|▋         | 7/112 [00:15<04:25,  2.53s/it]instr_en | prompt_fr:   7%|▋         | 8/112 [00:16<03:10,  1.83s/it]instr_en | prompt_fr:   8%|▊         | 9/112 [00:19<04:03,  2.37s/it]instr_en | prompt_fr:   9%|▉         | 10/112 [00:20<03:05,  1.82s/it]instr_en | prompt_fr:  10%|▉         | 11/112 [00:23<03:57,  2.35s/it]instr_en | prompt_fr:  11%|█         | 12/112 [00:27<04:31,  2.71s/it]instr_en | prompt_fr:  12%|█▏        | 13/112 [00:29<03:54,  2.37s/it]instr_en | prompt_fr:  12%|█▎        | 14/112 [00:32<04:28,  2.74s/it]instr_en | prompt_fr:  13%|█▎        | 15/112 [00:32<03:13,  2.00s/it]instr_en | prompt_fr:  14%|█▍        | 16/112 [00:36<03:58,  2.48s/it]instr_en | prompt_fr:  15%|█▌        | 17/112 [00:40<04:27,  2.82s/it]instr_en | prompt_fr:  16%|█▌        | 18/112 [00:43<04:47,  3.06s/it]instr_en | prompt_fr:  17%|█▋        | 19/112 [00:47<05:00,  3.23s/it]instr_en | prompt_fr:  18%|█▊        | 20/112 [00:50<05:06,  3.33s/it]instr_en | prompt_fr:  19%|█▉        | 21/112 [00:54<05:10,  3.41s/it]instr_en | prompt_fr:  20%|█▉        | 22/112 [00:54<03:41,  2.46s/it]instr_en | prompt_fr:  21%|██        | 23/112 [00:58<04:08,  2.80s/it]instr_en | prompt_fr:  21%|██▏       | 24/112 [00:58<03:03,  2.08s/it]instr_en | prompt_fr:  22%|██▏       | 25/112 [01:02<03:39,  2.53s/it]instr_en | prompt_fr:  23%|██▎       | 26/112 [01:05<04:04,  2.84s/it]instr_en | prompt_fr:  24%|██▍       | 27/112 [01:06<03:06,  2.19s/it]instr_en | prompt_fr:  25%|██▌       | 28/112 [01:08<02:46,  1.98s/it]instr_en | prompt_fr:  26%|██▌       | 29/112 [01:11<03:23,  2.46s/it]instr_en | prompt_fr:  27%|██▋       | 30/112 [01:13<03:09,  2.31s/it]instr_en | prompt_fr:  28%|██▊       | 31/112 [01:13<02:20,  1.74s/it]instr_en | prompt_fr:  29%|██▊       | 32/112 [01:17<03:02,  2.29s/it]instr_en | prompt_fr:  29%|██▉       | 33/112 [01:21<03:30,  2.67s/it]instr_en | prompt_fr:  30%|███       | 34/112 [01:24<03:49,  2.94s/it]instr_en | prompt_fr:  31%|███▏      | 35/112 [01:28<04:00,  3.13s/it]instr_en | prompt_fr:  32%|███▏      | 36/112 [01:31<04:08,  3.26s/it]instr_en | prompt_fr:  33%|███▎      | 37/112 [01:33<03:31,  2.83s/it]instr_en | prompt_fr:  34%|███▍      | 38/112 [01:34<02:36,  2.11s/it]instr_en | prompt_fr:  35%|███▍      | 39/112 [01:37<03:06,  2.55s/it]instr_en | prompt_fr:  36%|███▌      | 40/112 [01:41<03:25,  2.86s/it]instr_en | prompt_fr:  37%|███▋      | 41/112 [01:44<03:38,  3.07s/it]instr_en | prompt_fr:  38%|███▊      | 42/112 [01:46<03:11,  2.73s/it]instr_en | prompt_fr:  38%|███▊      | 43/112 [01:47<02:20,  2.03s/it]instr_en | prompt_fr:  39%|███▉      | 44/112 [01:50<02:49,  2.50s/it]instr_en | prompt_fr:  40%|████      | 45/112 [01:51<02:06,  1.89s/it]instr_en | prompt_fr:  41%|████      | 46/112 [01:54<02:38,  2.40s/it]instr_en | prompt_fr:  42%|████▏     | 47/112 [01:58<02:59,  2.75s/it]instr_en | prompt_fr:  43%|████▎     | 48/112 [02:00<02:46,  2.60s/it]instr_en | prompt_fr:  44%|████▍     | 49/112 [02:04<03:02,  2.90s/it]instr_en | prompt_fr:  45%|████▍     | 50/112 [02:07<03:12,  3.10s/it]instr_en | prompt_fr:  46%|████▌     | 51/112 [02:11<03:17,  3.25s/it]instr_en | prompt_fr:  46%|████▋     | 52/112 [02:11<02:23,  2.39s/it]instr_en | prompt_fr:  47%|████▋     | 53/112 [02:15<02:42,  2.75s/it]instr_en | prompt_fr:  48%|████▊     | 54/112 [02:18<02:53,  3.00s/it]instr_en | prompt_fr:  49%|████▉     | 55/112 [02:19<02:05,  2.21s/it]instr_en | prompt_fr:  50%|█████     | 56/112 [02:21<01:57,  2.09s/it]instr_en | prompt_fr:  51%|█████     | 57/112 [02:21<01:26,  1.57s/it]instr_en | prompt_fr:  52%|█████▏    | 58/112 [02:22<01:08,  1.27s/it]instr_en | prompt_fr:  53%|█████▎    | 59/112 [02:22<00:55,  1.05s/it]instr_en | prompt_fr:  54%|█████▎    | 60/112 [02:26<01:33,  1.81s/it]instr_en | prompt_fr:  54%|█████▍    | 61/112 [02:29<01:59,  2.34s/it]instr_en | prompt_fr:  55%|█████▌    | 62/112 [02:30<01:26,  1.72s/it]instr_en | prompt_fr:  56%|█████▋    | 63/112 [02:31<01:25,  1.75s/it]instr_en | prompt_fr:  57%|█████▋    | 64/112 [02:32<01:08,  1.42s/it]instr_en | prompt_fr:  58%|█████▊    | 65/112 [02:32<00:52,  1.12s/it]instr_en | prompt_fr:  59%|█████▉    | 66/112 [02:33<00:40,  1.14it/s]instr_en | prompt_fr:  60%|█████▉    | 67/112 [02:36<01:15,  1.68s/it]instr_en | prompt_fr:  61%|██████    | 68/112 [02:40<01:38,  2.24s/it]instr_en | prompt_fr:  62%|██████▏   | 69/112 [02:40<01:11,  1.67s/it]instr_en | prompt_fr:  62%|██████▎   | 70/112 [02:43<01:26,  2.07s/it]instr_en | prompt_fr:  63%|██████▎   | 71/112 [02:46<01:34,  2.31s/it]instr_en | prompt_fr:  64%|██████▍   | 72/112 [02:46<01:07,  1.69s/it]instr_en | prompt_fr:  65%|██████▌   | 73/112 [02:47<00:52,  1.34s/it]instr_en | prompt_fr:  66%|██████▌   | 74/112 [02:50<01:16,  2.00s/it]instr_en | prompt_fr:  67%|██████▋   | 75/112 [02:54<01:31,  2.46s/it]instr_en | prompt_fr:  68%|██████▊   | 76/112 [02:54<01:06,  1.84s/it]instr_en | prompt_fr:  69%|██████▉   | 77/112 [02:58<01:22,  2.36s/it]instr_en | prompt_fr:  70%|██████▉   | 78/112 [03:01<01:32,  2.72s/it]instr_en | prompt_fr:  71%|███████   | 79/112 [03:04<01:27,  2.66s/it]instr_en | prompt_fr:  71%|███████▏  | 80/112 [03:04<01:03,  1.98s/it]instr_en | prompt_fr:  72%|███████▏  | 81/112 [03:08<01:16,  2.47s/it]instr_en | prompt_fr:  73%|███████▎  | 82/112 [03:11<01:23,  2.80s/it]instr_en | prompt_fr:  74%|███████▍  | 83/112 [03:13<01:12,  2.49s/it]instr_en | prompt_fr:  75%|███████▌  | 84/112 [03:15<01:05,  2.33s/it]instr_en | prompt_fr:  76%|███████▌  | 85/112 [03:19<01:12,  2.70s/it]instr_en | prompt_fr:  77%|███████▋  | 86/112 [03:19<00:52,  2.04s/it]instr_en | prompt_fr:  78%|███████▊  | 87/112 [03:20<00:38,  1.55s/it]instr_en | prompt_fr:  79%|███████▊  | 88/112 [03:23<00:51,  2.16s/it]instr_en | prompt_fr:  79%|███████▉  | 89/112 [03:27<00:59,  2.58s/it]instr_en | prompt_fr:  80%|████████  | 90/112 [03:27<00:42,  1.93s/it]instr_en | prompt_fr:  81%|████████▏ | 91/112 [03:29<00:41,  1.97s/it]instr_en | prompt_fr:  82%|████████▏ | 92/112 [03:30<00:31,  1.55s/it]instr_en | prompt_fr:  83%|████████▎ | 93/112 [03:30<00:22,  1.19s/it]instr_en | prompt_fr:  84%|████████▍ | 94/112 [03:31<00:18,  1.01s/it]instr_en | prompt_fr:  85%|████████▍ | 95/112 [03:34<00:30,  1.77s/it]instr_en | prompt_fr:  86%|████████▌ | 96/112 [03:38<00:36,  2.30s/it]instr_en | prompt_fr:  87%|████████▋ | 97/112 [03:41<00:40,  2.68s/it]instr_en | prompt_fr:  88%|████████▊ | 98/112 [03:43<00:30,  2.21s/it]instr_en | prompt_fr:  88%|████████▊ | 99/112 [03:43<00:21,  1.69s/it]instr_en | prompt_fr:  89%|████████▉ | 100/112 [03:47<00:26,  2.25s/it]instr_en | prompt_fr:  90%|█████████ | 101/112 [03:47<00:18,  1.70s/it]instr_en | prompt_fr:  91%|█████████ | 102/112 [03:51<00:22,  2.25s/it]instr_en | prompt_fr:  92%|█████████▏| 103/112 [03:54<00:23,  2.64s/it]instr_en | prompt_fr:  93%|█████████▎| 104/112 [03:56<00:20,  2.52s/it]instr_en | prompt_fr:  94%|█████████▍| 105/112 [03:57<00:13,  1.88s/it]instr_en | prompt_fr:  95%|█████████▍| 106/112 [03:57<00:08,  1.39s/it]instr_en | prompt_fr:  96%|█████████▌| 107/112 [03:57<00:05,  1.11s/it]instr_en | prompt_fr:  96%|█████████▋| 108/112 [03:58<00:03,  1.09it/s]instr_en | prompt_fr:  97%|█████████▋| 109/112 [04:01<00:05,  1.71s/it]instr_en | prompt_fr:  98%|█████████▊| 110/112 [04:05<00:04,  2.27s/it]instr_en | prompt_fr:  99%|█████████▉| 111/112 [04:09<00:02,  2.66s/it]instr_en | prompt_fr: 100%|██████████| 112/112 [04:10<00:00,  2.25s/it]instr_en | prompt_fr: 100%|██████████| 112/112 [04:10<00:00,  2.24s/it]
instr_en | prompt:   0%|          | 0/112 [00:00<?, ?it/s]instr_en | prompt:   1%|          | 1/112 [00:00<00:55,  2.02it/s]instr_en | prompt:   2%|▏         | 2/112 [00:00<00:49,  2.20it/s]instr_en | prompt:   3%|▎         | 3/112 [00:03<02:15,  1.24s/it]instr_en | prompt:   4%|▎         | 4/112 [00:06<03:53,  2.16s/it]instr_en | prompt:   4%|▍         | 5/112 [00:10<04:44,  2.66s/it]instr_en | prompt:   5%|▌         | 6/112 [00:12<04:19,  2.44s/it]instr_en | prompt:   6%|▋         | 7/112 [00:15<04:54,  2.81s/it]instr_en | prompt:   7%|▋         | 8/112 [00:16<03:31,  2.03s/it]instr_en | prompt:   8%|▊         | 9/112 [00:19<04:19,  2.52s/it]instr_en | prompt:   9%|▉         | 10/112 [00:20<03:07,  1.84s/it]instr_en | prompt:  10%|▉         | 11/112 [00:23<03:59,  2.37s/it]instr_en | prompt:  11%|█         | 12/112 [00:27<04:34,  2.74s/it]instr_en | prompt:  12%|█▏        | 13/112 [00:30<04:56,  2.99s/it]instr_en | prompt:  12%|█▎        | 14/112 [00:34<05:10,  3.17s/it]instr_en | prompt:  13%|█▎        | 15/112 [00:34<03:43,  2.30s/it]instr_en | prompt:  14%|█▍        | 16/112 [00:38<04:17,  2.68s/it]instr_en | prompt:  15%|█▌        | 17/112 [00:38<03:08,  1.98s/it]instr_en | prompt:  16%|█▌        | 18/112 [00:42<03:51,  2.46s/it]instr_en | prompt:  17%|█▋        | 19/112 [00:45<04:19,  2.80s/it]instr_en | prompt:  18%|█▊        | 20/112 [00:48<04:08,  2.70s/it]instr_en | prompt:  19%|█▉        | 21/112 [00:51<04:28,  2.96s/it]instr_en | prompt:  20%|█▉        | 22/112 [00:52<03:13,  2.15s/it]instr_en | prompt:  21%|██        | 23/112 [00:55<03:49,  2.57s/it]instr_en | prompt:  21%|██▏       | 24/112 [00:55<02:46,  1.90s/it]instr_en | prompt:  22%|██▏       | 25/112 [00:59<03:28,  2.40s/it]instr_en | prompt:  23%|██▎       | 26/112 [01:03<03:56,  2.75s/it]instr_en | prompt:  24%|██▍       | 27/112 [01:03<02:59,  2.11s/it]instr_en | prompt:  25%|██▌       | 28/112 [01:03<02:10,  1.56s/it]instr_en | prompt:  26%|██▌       | 29/112 [01:05<02:16,  1.64s/it]instr_en | prompt:  27%|██▋       | 30/112 [01:09<02:59,  2.19s/it]instr_en | prompt:  28%|██▊       | 31/112 [01:11<03:05,  2.29s/it]instr_en | prompt:  29%|██▊       | 32/112 [01:15<03:33,  2.67s/it]instr_en | prompt:  29%|██▉       | 33/112 [01:18<03:52,  2.94s/it]instr_en | prompt:  30%|███       | 34/112 [01:22<04:03,  3.12s/it]instr_en | prompt:  31%|███▏      | 35/112 [01:26<04:10,  3.26s/it]instr_en | prompt:  32%|███▏      | 36/112 [01:29<04:14,  3.35s/it]instr_en | prompt:  33%|███▎      | 37/112 [01:31<03:30,  2.81s/it]instr_en | prompt:  34%|███▍      | 38/112 [01:31<02:31,  2.05s/it]instr_en | prompt:  35%|███▍      | 39/112 [01:34<03:02,  2.50s/it]instr_en | prompt:  36%|███▌      | 40/112 [01:38<03:23,  2.82s/it]instr_en | prompt:  37%|███▋      | 41/112 [01:41<03:19,  2.81s/it]instr_en | prompt:  38%|███▊      | 42/112 [01:44<03:24,  2.93s/it]instr_en | prompt:  38%|███▊      | 43/112 [01:44<02:27,  2.13s/it]instr_en | prompt:  39%|███▉      | 44/112 [01:48<02:54,  2.56s/it]instr_en | prompt:  40%|████      | 45/112 [01:51<03:12,  2.87s/it]instr_en | prompt:  41%|████      | 46/112 [01:55<03:23,  3.08s/it]instr_en | prompt:  42%|████▏     | 47/112 [01:59<03:30,  3.24s/it]instr_en | prompt:  43%|████▎     | 48/112 [01:59<02:35,  2.44s/it]instr_en | prompt:  44%|████▍     | 49/112 [02:03<02:52,  2.74s/it]instr_en | prompt:  45%|████▍     | 50/112 [02:06<03:05,  2.99s/it]instr_en | prompt:  46%|████▌     | 51/112 [02:07<02:15,  2.22s/it]instr_en | prompt:  46%|████▋     | 52/112 [02:10<02:37,  2.62s/it]instr_en | prompt:  47%|████▋     | 53/112 [02:14<02:51,  2.91s/it]instr_en | prompt:  48%|████▊     | 54/112 [02:17<03:00,  3.11s/it]instr_en | prompt:  49%|████▉     | 55/112 [02:18<02:10,  2.29s/it]instr_en | prompt:  50%|█████     | 56/112 [02:18<01:35,  1.71s/it]instr_en | prompt:  51%|█████     | 57/112 [02:18<01:10,  1.29s/it]instr_en | prompt:  52%|█████▏    | 58/112 [02:19<00:58,  1.08s/it]instr_en | prompt:  53%|█████▎    | 59/112 [02:22<01:21,  1.54s/it]instr_en | prompt:  54%|█████▎    | 60/112 [02:25<01:51,  2.15s/it]instr_en | prompt:  54%|█████▍    | 61/112 [02:29<02:10,  2.57s/it]instr_en | prompt:  55%|█████▌    | 62/112 [02:29<01:34,  1.88s/it]instr_en | prompt:  56%|█████▋    | 63/112 [02:29<01:08,  1.40s/it]instr_en | prompt:  57%|█████▋    | 64/112 [02:30<00:53,  1.11s/it]instr_en | prompt:  58%|█████▊    | 65/112 [02:31<01:01,  1.30s/it]instr_en | prompt:  59%|█████▉    | 66/112 [02:32<00:46,  1.01s/it]instr_en | prompt:  60%|█████▉    | 67/112 [02:35<01:20,  1.78s/it]instr_en | prompt:  61%|██████    | 68/112 [02:39<01:42,  2.32s/it]instr_en | prompt:  62%|██████▏   | 69/112 [02:39<01:14,  1.73s/it]instr_en | prompt:  62%|██████▎   | 70/112 [02:40<01:04,  1.53s/it]instr_en | prompt:  63%|██████▎   | 71/112 [02:42<01:04,  1.58s/it]instr_en | prompt:  64%|██████▍   | 72/112 [02:43<00:59,  1.50s/it]instr_en | prompt:  65%|██████▌   | 73/112 [02:44<00:45,  1.16s/it]instr_en | prompt:  66%|██████▌   | 74/112 [02:47<01:11,  1.88s/it]instr_en | prompt:  67%|██████▋   | 75/112 [02:51<01:27,  2.38s/it]instr_en | prompt:  68%|██████▊   | 76/112 [02:51<01:04,  1.78s/it]instr_en | prompt:  69%|██████▉   | 77/112 [02:54<01:10,  2.02s/it]instr_en | prompt:  70%|██████▉   | 78/112 [02:57<01:24,  2.49s/it]instr_en | prompt:  71%|███████   | 79/112 [02:58<01:07,  2.06s/it]instr_en | prompt:  71%|███████▏  | 80/112 [02:59<00:48,  1.53s/it]instr_en | prompt:  72%|███████▏  | 81/112 [03:02<01:06,  2.15s/it]instr_en | prompt:  73%|███████▎  | 82/112 [03:06<01:17,  2.58s/it]instr_en | prompt:  74%|███████▍  | 83/112 [03:07<00:57,  2.00s/it]instr_en | prompt:  75%|███████▌  | 84/112 [03:09<00:56,  2.02s/it]instr_en | prompt:  76%|███████▌  | 85/112 [03:10<00:50,  1.85s/it]instr_en | prompt:  77%|███████▋  | 86/112 [03:10<00:36,  1.38s/it]instr_en | prompt:  78%|███████▊  | 87/112 [03:11<00:27,  1.09s/it]instr_en | prompt:  79%|███████▊  | 88/112 [03:14<00:44,  1.84s/it]instr_en | prompt:  79%|███████▉  | 89/112 [03:18<00:54,  2.37s/it]instr_en | prompt:  80%|████████  | 90/112 [03:18<00:39,  1.78s/it]instr_en | prompt:  81%|████████▏ | 91/112 [03:19<00:29,  1.40s/it]instr_en | prompt:  82%|████████▏ | 92/112 [03:19<00:21,  1.10s/it]instr_en | prompt:  83%|████████▎ | 93/112 [03:20<00:16,  1.17it/s]instr_en | prompt:  84%|████████▍ | 94/112 [03:20<00:13,  1.31it/s]instr_en | prompt:  85%|████████▍ | 95/112 [03:24<00:27,  1.61s/it]instr_en | prompt:  86%|████████▌ | 96/112 [03:27<00:35,  2.20s/it]instr_en | prompt:  87%|████████▋ | 97/112 [03:28<00:25,  1.67s/it]instr_en | prompt:  88%|████████▊ | 98/112 [03:28<00:18,  1.33s/it]instr_en | prompt:  88%|████████▊ | 99/112 [03:29<00:14,  1.10s/it]instr_en | prompt:  89%|████████▉ | 100/112 [03:32<00:22,  1.85s/it]instr_en | prompt:  90%|█████████ | 101/112 [03:33<00:15,  1.40s/it]instr_en | prompt:  91%|█████████ | 102/112 [03:36<00:20,  2.05s/it]instr_en | prompt:  92%|█████████▏| 103/112 [03:40<00:22,  2.51s/it]instr_en | prompt:  93%|█████████▎| 104/112 [03:43<00:22,  2.83s/it]instr_en | prompt:  94%|█████████▍| 105/112 [03:44<00:14,  2.08s/it]instr_en | prompt:  95%|█████████▍| 106/112 [03:44<00:09,  1.54s/it]instr_en | prompt:  96%|█████████▌| 107/112 [03:46<00:08,  1.67s/it]instr_en | prompt:  96%|█████████▋| 108/112 [03:47<00:05,  1.45s/it]instr_en | prompt:  97%|█████████▋| 109/112 [03:51<00:06,  2.09s/it]instr_en | prompt:  98%|█████████▊| 110/112 [03:54<00:05,  2.54s/it]instr_en | prompt:  99%|█████████▉| 111/112 [03:58<00:02,  2.85s/it]instr_en | prompt: 100%|██████████| 112/112 [03:59<00:00,  2.24s/it]instr_en | prompt: 100%|██████████| 112/112 [03:59<00:00,  2.13s/it]
instr_en | prompt +1*fr:   0%|          | 0/112 [00:00<?, ?it/s]instr_en | prompt +1*fr:   1%|          | 1/112 [00:02<04:54,  2.66s/it]instr_en | prompt +1*fr:   2%|▏         | 2/112 [00:03<02:31,  1.37s/it]instr_en | prompt +1*fr:   3%|▎         | 3/112 [00:04<02:51,  1.57s/it]instr_en | prompt +1*fr:   4%|▎         | 4/112 [00:08<04:15,  2.36s/it]instr_en | prompt +1*fr:   4%|▍         | 5/112 [00:12<04:59,  2.79s/it]instr_en | prompt +1*fr:   5%|▌         | 6/112 [00:14<04:34,  2.59s/it]instr_en | prompt +1*fr:   6%|▋         | 7/112 [00:16<04:27,  2.54s/it]instr_en | prompt +1*fr:   7%|▋         | 8/112 [00:17<03:13,  1.86s/it]instr_en | prompt +1*fr:   8%|▊         | 9/112 [00:19<03:38,  2.12s/it]instr_en | prompt +1*fr:   9%|▉         | 10/112 [00:20<02:43,  1.60s/it]instr_en | prompt +1*fr:  10%|▉         | 11/112 [00:23<03:41,  2.20s/it]instr_en | prompt +1*fr:  11%|█         | 12/112 [00:27<04:20,  2.61s/it]instr_en | prompt +1*fr:  12%|█▏        | 13/112 [00:28<03:33,  2.16s/it]instr_en | prompt +1*fr:  12%|█▎        | 14/112 [00:30<03:30,  2.15s/it]instr_en | prompt +1*fr:  13%|█▎        | 15/112 [00:30<02:35,  1.60s/it]instr_en | prompt +1*fr:  14%|█▍        | 16/112 [00:32<02:46,  1.74s/it]instr_en | prompt +1*fr:  15%|█▌        | 17/112 [00:35<03:19,  2.10s/it]instr_en | prompt +1*fr:  16%|█▌        | 18/112 [00:39<03:58,  2.54s/it]instr_en | prompt +1*fr:  17%|█▋        | 19/112 [00:42<04:20,  2.80s/it]instr_en | prompt +1*fr:  18%|█▊        | 20/112 [00:43<03:24,  2.22s/it]instr_en | prompt +1*fr:  19%|█▉        | 21/112 [00:45<03:12,  2.12s/it]instr_en | prompt +1*fr:  20%|█▉        | 22/112 [00:45<02:21,  1.58s/it]instr_en | prompt +1*fr:  21%|██        | 23/112 [00:49<03:06,  2.09s/it]instr_en | prompt +1*fr:  21%|██▏       | 24/112 [00:49<02:16,  1.56s/it]instr_en | prompt +1*fr:  22%|██▏       | 25/112 [00:53<03:08,  2.17s/it]instr_en | prompt +1*fr:  23%|██▎       | 26/112 [00:53<02:32,  1.77s/it]instr_en | prompt +1*fr:  24%|██▍       | 27/112 [00:54<01:57,  1.38s/it]instr_en | prompt +1*fr:  25%|██▌       | 28/112 [00:54<01:28,  1.05s/it]instr_en | prompt +1*fr:  26%|██▌       | 29/112 [00:55<01:31,  1.11s/it]instr_en | prompt +1*fr:  27%|██▋       | 30/112 [00:56<01:17,  1.06it/s]instr_en | prompt +1*fr:  28%|██▊       | 31/112 [00:56<01:02,  1.29it/s]instr_en | prompt +1*fr:  29%|██▊       | 32/112 [01:00<02:09,  1.62s/it]instr_en | prompt +1*fr:  29%|██▉       | 33/112 [01:04<02:55,  2.22s/it]instr_en | prompt +1*fr:  30%|███       | 34/112 [01:06<02:47,  2.15s/it]instr_en | prompt +1*fr:  31%|███▏      | 35/112 [01:07<02:33,  1.99s/it]instr_en | prompt +1*fr:  32%|███▏      | 36/112 [01:08<01:57,  1.55s/it]instr_en | prompt +1*fr:  33%|███▎      | 37/112 [01:08<01:29,  1.19s/it]instr_en | prompt +1*fr:  34%|███▍      | 38/112 [01:09<01:11,  1.03it/s]instr_en | prompt +1*fr:  35%|███▍      | 39/112 [01:12<02:08,  1.76s/it]instr_en | prompt +1*fr:  36%|███▌      | 40/112 [01:14<02:05,  1.74s/it]instr_en | prompt +1*fr:  37%|███▋      | 41/112 [01:17<02:42,  2.30s/it]instr_en | prompt +1*fr:  38%|███▊      | 42/112 [01:18<01:58,  1.69s/it]instr_en | prompt +1*fr:  38%|███▊      | 43/112 [01:18<01:29,  1.30s/it]instr_en | prompt +1*fr:  39%|███▉      | 44/112 [01:20<01:30,  1.33s/it]instr_en | prompt +1*fr:  40%|████      | 45/112 [01:23<02:14,  2.00s/it]instr_en | prompt +1*fr:  41%|████      | 46/112 [01:27<02:43,  2.48s/it]instr_en | prompt +1*fr:  42%|████▏     | 47/112 [01:29<02:37,  2.42s/it]instr_en | prompt +1*fr:  43%|████▎     | 48/112 [01:29<01:53,  1.77s/it]instr_en | prompt +1*fr:  44%|████▍     | 49/112 [01:30<01:39,  1.59s/it]instr_en | prompt +1*fr:  45%|████▍     | 50/112 [01:33<02:04,  2.01s/it]instr_en | prompt +1*fr:  46%|████▌     | 51/112 [01:34<01:34,  1.56s/it]instr_en | prompt +1*fr:  46%|████▋     | 52/112 [01:34<01:12,  1.21s/it]instr_en | prompt +1*fr:  47%|████▋     | 53/112 [01:35<00:54,  1.08it/s]instr_en | prompt +1*fr:  48%|████▊     | 54/112 [01:38<01:39,  1.72s/it]instr_en | prompt +1*fr:  49%|████▉     | 55/112 [01:38<01:14,  1.31s/it]instr_en | prompt +1*fr:  50%|█████     | 56/112 [01:39<01:00,  1.08s/it]instr_en | prompt +1*fr:  51%|█████     | 57/112 [01:39<00:47,  1.15it/s]instr_en | prompt +1*fr:  52%|█████▏    | 58/112 [01:40<00:40,  1.32it/s]instr_en | prompt +1*fr:  53%|█████▎    | 59/112 [01:40<00:37,  1.42it/s]instr_en | prompt +1*fr:  54%|█████▎    | 60/112 [01:44<01:21,  1.56s/it]instr_en | prompt +1*fr:  54%|█████▍    | 61/112 [01:48<01:50,  2.16s/it]instr_en | prompt +1*fr:  55%|█████▌    | 62/112 [01:48<01:21,  1.62s/it]instr_en | prompt +1*fr:  56%|█████▋    | 63/112 [01:48<01:01,  1.26s/it]instr_en | prompt +1*fr:  57%|█████▋    | 64/112 [01:49<00:47,  1.01it/s]instr_en | prompt +1*fr:  58%|█████▊    | 65/112 [01:49<00:38,  1.21it/s]instr_en | prompt +1*fr:  59%|█████▉    | 66/112 [01:50<00:31,  1.46it/s]instr_en | prompt +1*fr:  60%|█████▉    | 67/112 [01:53<01:09,  1.55s/it]instr_en | prompt +1*fr:  61%|██████    | 68/112 [01:57<01:35,  2.17s/it]instr_en | prompt +1*fr:  62%|██████▏   | 69/112 [01:57<01:09,  1.62s/it]instr_en | prompt +1*fr:  62%|██████▎   | 70/112 [01:59<01:09,  1.65s/it]instr_en | prompt +1*fr:  63%|██████▎   | 71/112 [02:00<00:57,  1.41s/it]instr_en | prompt +1*fr:  64%|██████▍   | 72/112 [02:00<00:45,  1.14s/it]instr_en | prompt +1*fr:  65%|██████▌   | 73/112 [02:01<00:35,  1.10it/s]instr_en | prompt +1*fr:  66%|██████▌   | 74/112 [02:04<01:04,  1.71s/it]instr_en | prompt +1*fr:  67%|██████▋   | 75/112 [02:07<01:15,  2.04s/it]instr_en | prompt +1*fr:  68%|██████▊   | 76/112 [02:09<01:10,  1.95s/it]instr_en | prompt +1*fr:  69%|██████▉   | 77/112 [02:11<01:10,  2.00s/it]instr_en | prompt +1*fr:  70%|██████▉   | 78/112 [02:12<01:00,  1.78s/it]instr_en | prompt +1*fr:  71%|███████   | 79/112 [02:16<01:16,  2.32s/it]instr_en | prompt +1*fr:  71%|███████▏  | 80/112 [02:16<00:55,  1.75s/it]instr_en | prompt +1*fr:  72%|███████▏  | 81/112 [02:20<01:11,  2.30s/it]instr_en | prompt +1*fr:  73%|███████▎  | 82/112 [02:23<01:20,  2.68s/it]instr_en | prompt +1*fr:  74%|███████▍  | 83/112 [02:24<01:00,  2.07s/it]instr_en | prompt +1*fr:  75%|███████▌  | 84/112 [02:25<00:47,  1.70s/it]instr_en | prompt +1*fr:  76%|███████▌  | 85/112 [02:25<00:36,  1.34s/it]instr_en | prompt +1*fr:  77%|███████▋  | 86/112 [02:26<00:28,  1.09s/it]instr_en | prompt +1*fr:  78%|███████▊  | 87/112 [02:26<00:22,  1.13it/s]instr_en | prompt +1*fr:  79%|███████▊  | 88/112 [02:30<00:40,  1.69s/it]instr_en | prompt +1*fr:  79%|███████▉  | 89/112 [02:33<00:51,  2.25s/it]instr_en | prompt +1*fr:  80%|████████  | 90/112 [02:34<00:40,  1.85s/it]instr_en | prompt +1*fr:  81%|████████▏ | 91/112 [02:34<00:29,  1.41s/it]instr_en | prompt +1*fr:  82%|████████▏ | 92/112 [02:35<00:23,  1.17s/it]instr_en | prompt +1*fr:  83%|████████▎ | 93/112 [02:35<00:17,  1.08it/s]instr_en | prompt +1*fr:  84%|████████▍ | 94/112 [02:36<00:13,  1.31it/s]instr_en | prompt +1*fr:  85%|████████▍ | 95/112 [02:39<00:27,  1.60s/it]instr_en | prompt +1*fr:  86%|████████▌ | 96/112 [02:43<00:34,  2.14s/it]instr_en | prompt +1*fr:  87%|████████▋ | 97/112 [02:43<00:24,  1.62s/it]instr_en | prompt +1*fr:  88%|████████▊ | 98/112 [02:44<00:17,  1.24s/it]instr_en | prompt +1*fr:  88%|████████▊ | 99/112 [02:44<00:13,  1.01s/it]instr_en | prompt +1*fr:  89%|████████▉ | 100/112 [02:44<00:09,  1.24it/s]instr_en | prompt +1*fr:  90%|█████████ | 101/112 [02:45<00:07,  1.49it/s]instr_en | prompt +1*fr:  91%|█████████ | 102/112 [02:48<00:15,  1.55s/it]instr_en | prompt +1*fr:  92%|█████████▏| 103/112 [02:52<00:19,  2.16s/it]instr_en | prompt +1*fr:  93%|█████████▎| 104/112 [02:55<00:20,  2.56s/it]instr_en | prompt +1*fr:  94%|█████████▍| 105/112 [02:56<00:13,  1.89s/it]instr_en | prompt +1*fr:  95%|█████████▍| 106/112 [02:56<00:08,  1.45s/it]instr_en | prompt +1*fr:  96%|█████████▌| 107/112 [02:57<00:05,  1.15s/it]instr_en | prompt +1*fr:  96%|█████████▋| 108/112 [02:57<00:04,  1.05s/it]instr_en | prompt +1*fr:  97%|█████████▋| 109/112 [03:01<00:05,  1.80s/it]instr_en | prompt +1*fr:  98%|█████████▊| 110/112 [03:04<00:04,  2.20s/it]instr_en | prompt +1*fr:  99%|█████████▉| 111/112 [03:07<00:02,  2.27s/it]instr_en | prompt +1*fr: 100%|██████████| 112/112 [03:08<00:00,  1.97s/it]instr_en | prompt +1*fr: 100%|██████████| 112/112 [03:08<00:00,  1.68s/it]
instr_en | prompt +1*rand0:   0%|          | 0/112 [00:00<?, ?it/s]instr_en | prompt +1*rand0:   1%|          | 1/112 [00:00<01:41,  1.09it/s]instr_en | prompt +1*rand0:   2%|▏         | 2/112 [00:01<01:09,  1.59it/s]instr_en | prompt +1*rand0:   3%|▎         | 3/112 [00:03<02:25,  1.34s/it]instr_en | prompt +1*rand0:   4%|▎         | 4/112 [00:07<03:59,  2.22s/it]instr_en | prompt +1*rand0:   4%|▍         | 5/112 [00:10<04:49,  2.70s/it]instr_en | prompt +1*rand0:   5%|▌         | 6/112 [00:14<05:17,  3.00s/it]instr_en | prompt +1*rand0:   6%|▋         | 7/112 [00:17<05:34,  3.18s/it]instr_en | prompt +1*rand0:   7%|▋         | 8/112 [00:18<03:58,  2.29s/it]instr_en | prompt +1*rand0:   8%|▊         | 9/112 [00:21<04:37,  2.69s/it]instr_en | prompt +1*rand0:   9%|▉         | 10/112 [00:22<03:19,  1.96s/it]instr_en | prompt +1*rand0:  10%|▉         | 11/112 [00:25<04:06,  2.45s/it]instr_en | prompt +1*rand0:  11%|█         | 12/112 [00:29<04:37,  2.78s/it]instr_en | prompt +1*rand0:  12%|█▏        | 13/112 [00:31<04:12,  2.55s/it]instr_en | prompt +1*rand0:  12%|█▎        | 14/112 [00:34<04:40,  2.86s/it]instr_en | prompt +1*rand0:  13%|█▎        | 15/112 [00:35<03:22,  2.08s/it]instr_en | prompt +1*rand0:  14%|█▍        | 16/112 [00:38<04:02,  2.52s/it]instr_en | prompt +1*rand0:  15%|█▌        | 17/112 [00:42<04:29,  2.84s/it]instr_en | prompt +1*rand0:  16%|█▌        | 18/112 [00:45<04:46,  3.05s/it]instr_en | prompt +1*rand0:  17%|█▋        | 19/112 [00:49<04:57,  3.20s/it]instr_en | prompt +1*rand0:  18%|█▊        | 20/112 [00:51<04:25,  2.89s/it]instr_en | prompt +1*rand0:  19%|█▉        | 21/112 [00:54<04:41,  3.09s/it]instr_en | prompt +1*rand0:  20%|█▉        | 22/112 [00:55<03:22,  2.25s/it]instr_en | prompt +1*rand0:  21%|██        | 23/112 [00:58<03:55,  2.64s/it]instr_en | prompt +1*rand0:  21%|██▏       | 24/112 [00:59<02:51,  1.95s/it]instr_en | prompt +1*rand0:  22%|██▏       | 25/112 [01:02<03:32,  2.44s/it]instr_en | prompt +1*rand0:  23%|██▎       | 26/112 [01:06<03:59,  2.78s/it]instr_en | prompt +1*rand0:  24%|██▍       | 27/112 [01:06<03:00,  2.13s/it]instr_en | prompt +1*rand0:  25%|██▌       | 28/112 [01:07<02:13,  1.58s/it]instr_en | prompt +1*rand0:  26%|██▌       | 29/112 [01:09<02:16,  1.65s/it]instr_en | prompt +1*rand0:  27%|██▋       | 30/112 [01:12<03:02,  2.23s/it]instr_en | prompt +1*rand0:  28%|██▊       | 31/112 [01:14<02:41,  1.99s/it]instr_en | prompt +1*rand0:  29%|██▊       | 32/112 [01:17<03:16,  2.46s/it]instr_en | prompt +1*rand0:  29%|██▉       | 33/112 [01:21<03:40,  2.79s/it]instr_en | prompt +1*rand0:  30%|███       | 34/112 [01:22<03:12,  2.46s/it]instr_en | prompt +1*rand0:  31%|███▏      | 35/112 [01:26<03:36,  2.82s/it]instr_en | prompt +1*rand0:  32%|███▏      | 36/112 [01:30<03:52,  3.06s/it]instr_en | prompt +1*rand0:  33%|███▎      | 37/112 [01:32<03:23,  2.71s/it]instr_en | prompt +1*rand0:  34%|███▍      | 38/112 [01:32<02:26,  1.98s/it]instr_en | prompt +1*rand0:  35%|███▍      | 39/112 [01:35<03:00,  2.47s/it]instr_en | prompt +1*rand0:  36%|███▌      | 40/112 [01:39<03:21,  2.80s/it]instr_en | prompt +1*rand0:  37%|███▋      | 41/112 [01:42<03:21,  2.84s/it]instr_en | prompt +1*rand0:  38%|███▊      | 42/112 [01:45<03:20,  2.86s/it]instr_en | prompt +1*rand0:  38%|███▊      | 43/112 [01:45<02:24,  2.09s/it]instr_en | prompt +1*rand0:  39%|███▉      | 44/112 [01:49<02:52,  2.53s/it]instr_en | prompt +1*rand0:  40%|████      | 45/112 [01:52<03:10,  2.85s/it]instr_en | prompt +1*rand0:  41%|████      | 46/112 [01:56<03:22,  3.06s/it]instr_en | prompt +1*rand0:  42%|████▏     | 47/112 [01:59<03:29,  3.23s/it]instr_en | prompt +1*rand0:  43%|████▎     | 48/112 [02:00<02:34,  2.42s/it]instr_en | prompt +1*rand0:  44%|████▍     | 49/112 [02:03<02:51,  2.72s/it]instr_en | prompt +1*rand0:  45%|████▍     | 50/112 [02:07<03:04,  2.98s/it]instr_en | prompt +1*rand0:  46%|████▌     | 51/112 [02:07<02:15,  2.22s/it]instr_en | prompt +1*rand0:  46%|████▋     | 52/112 [02:11<02:36,  2.60s/it]instr_en | prompt +1*rand0:  47%|████▋     | 53/112 [02:14<02:50,  2.89s/it]instr_en | prompt +1*rand0:  48%|████▊     | 54/112 [02:18<02:59,  3.09s/it]instr_en | prompt +1*rand0:  49%|████▉     | 55/112 [02:18<02:09,  2.27s/it]instr_en | prompt +1*rand0:  50%|█████     | 56/112 [02:19<01:34,  1.70s/it]instr_en | prompt +1*rand0:  51%|█████     | 57/112 [02:19<01:10,  1.28s/it]instr_en | prompt +1*rand0:  52%|█████▏    | 58/112 [02:20<00:56,  1.05s/it]instr_en | prompt +1*rand0:  53%|█████▎    | 59/112 [02:22<01:19,  1.49s/it]instr_en | prompt +1*rand0:  54%|█████▎    | 60/112 [02:26<01:49,  2.11s/it]instr_en | prompt +1*rand0:  54%|█████▍    | 61/112 [02:29<02:09,  2.54s/it]instr_en | prompt +1*rand0:  55%|█████▌    | 62/112 [02:29<01:33,  1.86s/it]instr_en | prompt +1*rand0:  56%|█████▋    | 63/112 [02:30<01:07,  1.38s/it]instr_en | prompt +1*rand0:  57%|█████▋    | 64/112 [02:30<00:52,  1.10s/it]instr_en | prompt +1*rand0:  58%|█████▊    | 65/112 [02:34<01:26,  1.84s/it]instr_en | prompt +1*rand0:  59%|█████▉    | 66/112 [02:34<01:03,  1.38s/it]instr_en | prompt +1*rand0:  60%|█████▉    | 67/112 [02:38<01:31,  2.03s/it]instr_en | prompt +1*rand0:  61%|██████    | 68/112 [02:41<01:49,  2.49s/it]instr_en | prompt +1*rand0:  62%|██████▏   | 69/112 [02:41<01:19,  1.84s/it]instr_en | prompt +1*rand0:  62%|██████▎   | 70/112 [02:42<01:06,  1.58s/it]instr_en | prompt +1*rand0:  63%|██████▎   | 71/112 [02:44<00:59,  1.46s/it]instr_en | prompt +1*rand0:  64%|██████▍   | 72/112 [02:45<00:55,  1.38s/it]instr_en | prompt +1*rand0:  65%|██████▌   | 73/112 [02:46<00:49,  1.26s/it]instr_en | prompt +1*rand0:  66%|██████▌   | 74/112 [02:49<01:14,  1.96s/it]instr_en | prompt +1*rand0:  67%|██████▋   | 75/112 [02:53<01:30,  2.44s/it]instr_en | prompt +1*rand0:  68%|██████▊   | 76/112 [02:53<01:05,  1.83s/it]instr_en | prompt +1*rand0:  69%|██████▉   | 77/112 [02:56<01:15,  2.16s/it]instr_en | prompt +1*rand0:  70%|██████▉   | 78/112 [02:59<01:14,  2.19s/it]instr_en | prompt +1*rand0:  71%|███████   | 79/112 [03:02<01:26,  2.61s/it]instr_en | prompt +1*rand0:  71%|███████▏  | 80/112 [03:02<01:01,  1.91s/it]instr_en | prompt +1*rand0:  72%|███████▏  | 81/112 [03:06<01:14,  2.41s/it]instr_en | prompt +1*rand0:  73%|███████▎  | 82/112 [03:10<01:22,  2.76s/it]instr_en | prompt +1*rand0:  74%|███████▍  | 83/112 [03:10<01:01,  2.12s/it]instr_en | prompt +1*rand0:  75%|███████▌  | 84/112 [03:13<01:01,  2.19s/it]instr_en | prompt +1*rand0:  76%|███████▌  | 85/112 [03:14<00:53,  1.97s/it]instr_en | prompt +1*rand0:  77%|███████▋  | 86/112 [03:14<00:38,  1.47s/it]instr_en | prompt +1*rand0:  78%|███████▊  | 87/112 [03:15<00:28,  1.15s/it]instr_en | prompt +1*rand0:  79%|███████▊  | 88/112 [03:18<00:45,  1.88s/it]instr_en | prompt +1*rand0:  79%|███████▉  | 89/112 [03:22<00:54,  2.39s/it]instr_en | prompt +1*rand0:  80%|████████  | 90/112 [03:22<00:39,  1.80s/it]instr_en | prompt +1*rand0:  81%|████████▏ | 91/112 [03:23<00:29,  1.42s/it]instr_en | prompt +1*rand0:  82%|████████▏ | 92/112 [03:23<00:22,  1.12s/it]instr_en | prompt +1*rand0:  83%|████████▎ | 93/112 [03:24<00:16,  1.15it/s]instr_en | prompt +1*rand0:  84%|████████▍ | 94/112 [03:24<00:13,  1.30it/s]instr_en | prompt +1*rand0:  85%|████████▍ | 95/112 [03:28<00:27,  1.61s/it]instr_en | prompt +1*rand0:  86%|████████▌ | 96/112 [03:31<00:35,  2.19s/it]instr_en | prompt +1*rand0:  87%|████████▋ | 97/112 [03:32<00:24,  1.66s/it]instr_en | prompt +1*rand0:  88%|████████▊ | 98/112 [03:32<00:18,  1.32s/it]instr_en | prompt +1*rand0:  88%|████████▊ | 99/112 [03:33<00:14,  1.13s/it]instr_en | prompt +1*rand0:  89%|████████▉ | 100/112 [03:35<00:18,  1.56s/it]instr_en | prompt +1*rand0:  90%|█████████ | 101/112 [03:36<00:13,  1.20s/it]instr_en | prompt +1*rand0:  91%|█████████ | 102/112 [03:39<00:19,  1.90s/it]instr_en | prompt +1*rand0:  92%|█████████▏| 103/112 [03:43<00:21,  2.40s/it]instr_en | prompt +1*rand0:  93%|█████████▎| 104/112 [03:46<00:22,  2.75s/it]instr_en | prompt +1*rand0:  94%|█████████▍| 105/112 [03:48<00:17,  2.51s/it]instr_en | prompt +1*rand0:  95%|█████████▍| 106/112 [03:49<00:11,  1.83s/it]instr_en | prompt +1*rand0:  96%|█████████▌| 107/112 [03:50<00:07,  1.56s/it]instr_en | prompt +1*rand0:  96%|█████████▋| 108/112 [03:50<00:05,  1.36s/it]instr_en | prompt +1*rand0:  97%|█████████▋| 109/112 [03:54<00:06,  2.02s/it]instr_en | prompt +1*rand0:  98%|█████████▊| 110/112 [03:58<00:04,  2.49s/it]instr_en | prompt +1*rand0:  99%|█████████▉| 111/112 [04:01<00:02,  2.81s/it]instr_en | prompt +1*rand0: 100%|██████████| 112/112 [04:02<00:00,  2.35s/it]instr_en | prompt +1*rand0: 100%|██████████| 112/112 [04:02<00:00,  2.17s/it]
plain | prompt:   0%|          | 0/112 [00:00<?, ?it/s]plain | prompt:   2%|▏         | 2/112 [00:00<00:06, 16.95it/s]plain | prompt:   4%|▎         | 4/112 [00:00<00:06, 15.97it/s]plain | prompt:   5%|▌         | 6/112 [00:00<00:06, 15.51it/s]plain | prompt:   7%|▋         | 8/112 [00:00<00:06, 15.17it/s]plain | prompt:   9%|▉         | 10/112 [00:00<00:06, 15.24it/s]plain | prompt:  11%|█         | 12/112 [00:00<00:06, 14.50it/s]plain | prompt:  12%|█▎        | 14/112 [00:00<00:06, 14.45it/s]plain | prompt:  14%|█▍        | 16/112 [00:01<00:06, 15.18it/s]plain | prompt:  16%|█▌        | 18/112 [00:01<00:06, 14.70it/s]plain | prompt:  18%|█▊        | 20/112 [00:01<00:06, 14.53it/s]plain | prompt:  20%|█▉        | 22/112 [00:01<00:06, 14.73it/s]plain | prompt:  21%|██▏       | 24/112 [00:01<00:05, 14.83it/s]plain | prompt:  23%|██▎       | 26/112 [00:01<00:05, 14.36it/s]plain | prompt:  25%|██▌       | 28/112 [00:01<00:05, 15.06it/s]plain | prompt:  27%|██▋       | 30/112 [00:02<00:05, 15.03it/s]plain | prompt:  29%|██▊       | 32/112 [00:02<00:05, 15.12it/s]plain | prompt:  30%|███       | 34/112 [00:02<00:05, 14.89it/s]plain | prompt:  32%|███▏      | 36/112 [00:02<00:05, 14.76it/s]plain | prompt:  34%|███▍      | 38/112 [00:02<00:04, 15.22it/s]plain | prompt:  36%|███▌      | 40/112 [00:02<00:04, 14.54it/s]plain | prompt:  38%|███▊      | 42/112 [00:02<00:04, 14.53it/s]plain | prompt:  39%|███▉      | 44/112 [00:02<00:04, 14.83it/s]plain | prompt:  41%|████      | 46/112 [00:03<00:04, 14.73it/s]plain | prompt:  43%|████▎     | 48/112 [00:03<00:04, 14.38it/s]plain | prompt:  45%|████▍     | 50/112 [00:03<00:04, 14.35it/s]plain | prompt:  46%|████▋     | 52/112 [00:03<00:04, 14.69it/s]plain | prompt:  48%|████▊     | 54/112 [00:03<00:04, 14.41it/s]plain | prompt:  50%|█████     | 56/112 [00:03<00:03, 15.11it/s]plain | prompt:  52%|█████▏    | 58/112 [00:03<00:03, 15.63it/s]plain | prompt:  54%|█████▎    | 60/112 [00:04<00:03, 15.04it/s]plain | prompt:  55%|█████▌    | 62/112 [00:04<00:03, 14.79it/s]plain | prompt:  57%|█████▋    | 64/112 [00:04<00:03, 15.27it/s]plain | prompt:  59%|█████▉    | 66/112 [00:04<00:02, 15.35it/s]plain | prompt:  61%|██████    | 68/112 [00:04<00:02, 14.80it/s]plain | prompt:  62%|██████▎   | 70/112 [00:04<00:02, 15.46it/s]plain | prompt:  64%|██████▍   | 72/112 [00:04<00:02, 15.97it/s]plain | prompt:  66%|██████▌   | 74/112 [00:04<00:02, 15.63it/s]plain | prompt:  68%|██████▊   | 76/112 [00:05<00:02, 15.47it/s]plain | prompt:  70%|██████▉   | 78/112 [00:05<00:02, 15.06it/s]plain | prompt:  71%|███████▏  | 80/112 [00:05<00:02, 15.22it/s]plain | prompt:  73%|███████▎  | 82/112 [00:05<00:01, 15.02it/s]plain | prompt:  75%|███████▌  | 84/112 [00:05<00:01, 15.35it/s]plain | prompt:  77%|███████▋  | 86/112 [00:05<00:01, 15.22it/s]plain | prompt:  79%|███████▊  | 88/112 [00:05<00:01, 15.05it/s]plain | prompt:  80%|████████  | 90/112 [00:06<00:01, 14.99it/s]plain | prompt:  82%|████████▏ | 92/112 [00:06<00:01, 15.44it/s]plain | prompt:  84%|████████▍ | 94/112 [00:06<00:01, 15.84it/s]plain | prompt:  86%|████████▌ | 96/112 [00:06<00:01, 15.13it/s]plain | prompt:  88%|████████▊ | 98/112 [00:06<00:00, 15.64it/s]plain | prompt:  89%|████████▉ | 100/112 [00:06<00:00, 15.45it/s]plain | prompt:  91%|█████████ | 102/112 [00:06<00:00, 15.38it/s]plain | prompt:  93%|█████████▎| 104/112 [00:06<00:00, 14.61it/s]plain | prompt:  95%|█████████▍| 106/112 [00:07<00:00, 14.97it/s]plain | prompt:  96%|█████████▋| 108/112 [00:07<00:00, 15.34it/s]plain | prompt:  98%|█████████▊| 110/112 [00:07<00:00, 14.59it/s]plain | prompt: 100%|██████████| 112/112 [00:07<00:00, 14.41it/s]plain | prompt: 100%|██████████| 112/112 [00:07<00:00, 15.00it/s]
plain | prompt +1*fr:   0%|          | 0/112 [00:00<?, ?it/s]plain | prompt +1*fr:   1%|          | 1/112 [00:02<05:05,  2.76s/it]plain | prompt +1*fr:   2%|▏         | 2/112 [00:03<02:35,  1.42s/it]plain | prompt +1*fr:   3%|▎         | 3/112 [00:06<03:46,  2.08s/it]plain | prompt +1*fr:   4%|▎         | 4/112 [00:09<04:50,  2.69s/it]plain | prompt +1*fr:   4%|▍         | 5/112 [00:13<05:24,  3.03s/it]plain | prompt +1*fr:   5%|▌         | 6/112 [00:16<05:41,  3.22s/it]plain | prompt +1*fr:   6%|▋         | 7/112 [00:20<05:49,  3.33s/it]plain | prompt +1*fr:   7%|▋         | 8/112 [00:21<04:12,  2.43s/it]plain | prompt +1*fr:   8%|▊         | 9/112 [00:24<04:28,  2.61s/it]plain | prompt +1*fr:   9%|▉         | 10/112 [00:24<03:16,  1.93s/it]plain | prompt +1*fr:  10%|▉         | 11/112 [00:27<04:05,  2.43s/it]plain | prompt +1*fr:  11%|█         | 12/112 [00:31<04:37,  2.77s/it]plain | prompt +1*fr:  12%|█▏        | 13/112 [00:32<03:47,  2.30s/it]plain | prompt +1*fr:  12%|█▎        | 14/112 [00:36<04:22,  2.68s/it]plain | prompt +1*fr:  13%|█▎        | 15/112 [00:38<04:00,  2.48s/it]plain | prompt +1*fr:  14%|█▍        | 16/112 [00:40<03:45,  2.35s/it]plain | prompt +1*fr:  15%|█▌        | 17/112 [00:42<03:47,  2.39s/it]plain | prompt +1*fr:  16%|█▌        | 18/112 [00:46<04:18,  2.75s/it]plain | prompt +1*fr:  17%|█▋        | 19/112 [00:49<04:37,  2.99s/it]plain | prompt +1*fr:  18%|█▊        | 20/112 [00:50<03:31,  2.30s/it]plain | prompt +1*fr:  19%|█▉        | 21/112 [00:51<02:55,  1.92s/it]plain | prompt +1*fr:  20%|█▉        | 22/112 [00:52<02:09,  1.44s/it]plain | prompt +1*fr:  21%|██        | 23/112 [00:55<02:52,  1.94s/it]plain | prompt +1*fr:  21%|██▏       | 24/112 [00:55<02:10,  1.48s/it]plain | prompt +1*fr:  22%|██▏       | 25/112 [00:59<03:02,  2.10s/it]plain | prompt +1*fr:  23%|██▎       | 26/112 [00:59<02:18,  1.61s/it]plain | prompt +1*fr:  24%|██▍       | 27/112 [01:01<02:16,  1.61s/it]plain | prompt +1*fr:  25%|██▌       | 28/112 [01:01<01:45,  1.25s/it]plain | prompt +1*fr:  26%|██▌       | 29/112 [01:02<01:36,  1.17s/it]plain | prompt +1*fr:  27%|██▋       | 30/112 [01:04<01:53,  1.38s/it]plain | prompt +1*fr:  28%|██▊       | 31/112 [01:04<01:29,  1.10s/it]plain | prompt +1*fr:  29%|██▊       | 32/112 [01:08<02:27,  1.85s/it]plain | prompt +1*fr:  29%|██▉       | 33/112 [01:12<03:06,  2.36s/it]plain | prompt +1*fr:  30%|███       | 34/112 [01:14<03:10,  2.45s/it]plain | prompt +1*fr:  31%|███▏      | 35/112 [01:16<02:52,  2.23s/it]plain | prompt +1*fr:  32%|███▏      | 36/112 [01:18<02:42,  2.13s/it]plain | prompt +1*fr:  33%|███▎      | 37/112 [01:19<02:22,  1.89s/it]plain | prompt +1*fr:  34%|███▍      | 38/112 [01:20<01:47,  1.45s/it]plain | prompt +1*fr:  35%|███▍      | 39/112 [01:23<02:32,  2.09s/it]plain | prompt +1*fr:  36%|███▌      | 40/112 [01:26<02:44,  2.28s/it]plain | prompt +1*fr:  37%|███▋      | 41/112 [01:29<03:09,  2.67s/it]plain | prompt +1*fr:  38%|███▊      | 42/112 [01:30<02:19,  2.00s/it]plain | prompt +1*fr:  38%|███▊      | 43/112 [01:30<01:44,  1.52s/it]plain | prompt +1*fr:  39%|███▉      | 44/112 [01:33<02:04,  1.83s/it]plain | prompt +1*fr:  40%|████      | 45/112 [01:36<02:37,  2.35s/it]plain | prompt +1*fr:  41%|████      | 46/112 [01:40<03:00,  2.73s/it]plain | prompt +1*fr:  42%|████▏     | 47/112 [01:42<02:46,  2.56s/it]plain | prompt +1*fr:  43%|████▎     | 48/112 [01:42<01:59,  1.87s/it]plain | prompt +1*fr:  44%|████▍     | 49/112 [01:44<01:42,  1.62s/it]plain | prompt +1*fr:  45%|████▍     | 50/112 [01:46<01:58,  1.92s/it]plain | prompt +1*fr:  46%|████▌     | 51/112 [01:47<01:30,  1.49s/it]plain | prompt +1*fr:  46%|████▋     | 52/112 [01:48<01:23,  1.40s/it]plain | prompt +1*fr:  47%|████▋     | 53/112 [01:51<02:00,  2.04s/it]plain | prompt +1*fr:  48%|████▊     | 54/112 [01:55<02:24,  2.50s/it]plain | prompt +1*fr:  49%|████▉     | 55/112 [01:55<01:45,  1.85s/it]plain | prompt +1*fr:  50%|█████     | 56/112 [01:56<01:21,  1.45s/it]plain | prompt +1*fr:  51%|█████     | 57/112 [01:56<01:01,  1.13s/it]plain | prompt +1*fr:  52%|█████▏    | 58/112 [01:57<00:51,  1.05it/s]plain | prompt +1*fr:  53%|█████▎    | 59/112 [01:57<00:44,  1.19it/s]plain | prompt +1*fr:  54%|█████▎    | 60/112 [02:01<01:26,  1.66s/it]plain | prompt +1*fr:  54%|█████▍    | 61/112 [02:04<01:53,  2.23s/it]plain | prompt +1*fr:  55%|█████▌    | 62/112 [02:05<01:22,  1.65s/it]plain | prompt +1*fr:  56%|█████▋    | 63/112 [02:05<01:02,  1.28s/it]plain | prompt +1*fr:  57%|█████▋    | 64/112 [02:06<00:52,  1.09s/it]plain | prompt +1*fr:  58%|█████▊    | 65/112 [02:06<00:42,  1.11it/s]plain | prompt +1*fr:  59%|█████▉    | 66/112 [02:07<00:33,  1.36it/s]plain | prompt +1*fr:  60%|█████▉    | 67/112 [02:10<01:11,  1.59s/it]plain | prompt +1*fr:  61%|██████    | 68/112 [02:14<01:36,  2.19s/it]plain | prompt +1*fr:  62%|██████▏   | 69/112 [02:14<01:10,  1.64s/it]plain | prompt +1*fr:  62%|██████▎   | 70/112 [02:14<00:53,  1.27s/it]plain | prompt +1*fr:  63%|██████▎   | 71/112 [02:15<00:42,  1.04s/it]plain | prompt +1*fr:  64%|██████▍   | 72/112 [02:15<00:34,  1.15it/s]plain | prompt +1*fr:  65%|██████▌   | 73/112 [02:16<00:35,  1.11it/s]plain | prompt +1*fr:  66%|██████▌   | 74/112 [02:20<01:04,  1.70s/it]plain | prompt +1*fr:  67%|██████▋   | 75/112 [02:24<01:23,  2.27s/it]plain | prompt +1*fr:  68%|██████▊   | 76/112 [02:25<01:16,  2.13s/it]plain | prompt +1*fr:  69%|██████▉   | 77/112 [02:27<01:06,  1.91s/it]plain | prompt +1*fr:  70%|██████▉   | 78/112 [02:28<00:58,  1.72s/it]plain | prompt +1*fr:  71%|███████   | 79/112 [02:32<01:15,  2.28s/it]plain | prompt +1*fr:  71%|███████▏  | 80/112 [02:32<00:54,  1.72s/it]plain | prompt +1*fr:  72%|███████▏  | 81/112 [02:36<01:10,  2.28s/it]plain | prompt +1*fr:  73%|███████▎  | 82/112 [02:38<01:10,  2.34s/it]plain | prompt +1*fr:  74%|███████▍  | 83/112 [02:40<01:05,  2.25s/it]plain | prompt +1*fr:  75%|███████▌  | 84/112 [02:42<01:00,  2.15s/it]plain | prompt +1*fr:  76%|███████▌  | 85/112 [02:43<00:44,  1.66s/it]plain | prompt +1*fr:  77%|███████▋  | 86/112 [02:43<00:34,  1.34s/it]plain | prompt +1*fr:  78%|███████▊  | 87/112 [02:44<00:26,  1.06s/it]plain | prompt +1*fr:  79%|███████▊  | 88/112 [02:47<00:43,  1.82s/it]plain | prompt +1*fr:  79%|███████▉  | 89/112 [02:51<00:53,  2.34s/it]plain | prompt +1*fr:  80%|████████  | 90/112 [02:51<00:40,  1.86s/it]plain | prompt +1*fr:  81%|████████▏ | 91/112 [02:52<00:29,  1.41s/it]plain | prompt +1*fr:  82%|████████▏ | 92/112 [02:52<00:22,  1.13s/it]plain | prompt +1*fr:  83%|████████▎ | 93/112 [02:53<00:17,  1.10it/s]plain | prompt +1*fr:  84%|████████▍ | 94/112 [02:53<00:13,  1.33it/s]plain | prompt +1*fr:  85%|████████▍ | 95/112 [02:57<00:27,  1.60s/it]plain | prompt +1*fr:  86%|████████▌ | 96/112 [03:00<00:35,  2.19s/it]plain | prompt +1*fr:  87%|████████▋ | 97/112 [03:04<00:39,  2.61s/it]plain | prompt +1*fr:  88%|████████▊ | 98/112 [03:04<00:27,  1.93s/it]plain | prompt +1*fr:  88%|████████▊ | 99/112 [03:05<00:19,  1.50s/it]plain | prompt +1*fr:  89%|████████▉ | 100/112 [03:05<00:13,  1.15s/it]plain | prompt +1*fr:  90%|█████████ | 101/112 [03:05<00:10,  1.08it/s]plain | prompt +1*fr:  91%|█████████ | 102/112 [03:09<00:17,  1.72s/it]plain | prompt +1*fr:  92%|█████████▏| 103/112 [03:12<00:19,  2.20s/it]plain | prompt +1*fr:  93%|█████████▎| 104/112 [03:16<00:20,  2.60s/it]plain | prompt +1*fr:  94%|█████████▍| 105/112 [03:16<00:13,  1.93s/it]plain | prompt +1*fr:  95%|█████████▍| 106/112 [03:17<00:08,  1.46s/it]plain | prompt +1*fr:  96%|█████████▌| 107/112 [03:17<00:05,  1.08s/it]plain | prompt +1*fr:  96%|█████████▋| 108/112 [03:17<00:03,  1.10it/s]plain | prompt +1*fr:  97%|█████████▋| 109/112 [03:21<00:05,  1.70s/it]plain | prompt +1*fr:  98%|█████████▊| 110/112 [03:24<00:04,  2.25s/it]plain | prompt +1*fr:  99%|█████████▉| 111/112 [03:28<00:02,  2.65s/it]plain | prompt +1*fr: 100%|██████████| 112/112 [03:31<00:00,  2.68s/it]plain | prompt +1*fr: 100%|██████████| 112/112 [03:31<00:00,  1.89s/it]

====================================================================================================================================
IDIOMA DE LA SALIDA (language_verdict)
condicion                            n    fr    en    es    de   unk   acc  cambio  largo  ce_fr_h  ce_en_h   tok
------------------------------------------------------------------------------------------------------------------------------------
instr_en | prompt_fr               112  0.71  0.29  0.00  0.00  0.00  0.71     nan  343.4    1.471    2.204   0.0
instr_en | prompt                  112  0.00  1.00  0.00  0.00  0.00  0.95     nan  403.5    5.604    0.290   0.0
instr_en | prompt +1*fr            112  0.89  0.11  0.00  0.00  0.00  0.75    0.96  244.4    0.652    2.640   7.5
instr_en | prompt +1*rand0         112  0.00  1.00  0.00  0.00  0.00  0.92    0.68  412.5    5.541    0.339   7.5
plain | prompt                     112  0.00  1.00  0.00  0.00  0.00  0.96     nan  423.9    5.594    0.191   0.0
plain | prompt +1*fr               112  1.00  0.00  0.00  0.00  0.00  0.76    1.00  271.0    0.575    3.661   7.5
====================================================================================================================================
tok: posiciones parcheadas (tramo de la pregunta, o header). cambio: salida != la de sin parche.
ce_*_h: CE de los primeros head_k tokens del target frances / del baseline ingles.

Guardado: algebra/runs/v9/tests/entrada_o_directiva_conflicto.json
[gen_cache] /home/sagemaker-user/user-default-efs/papers/LLMAtaquesContinuos/experimentos/idiomas/algebra/runs/v9/gen_cache: reusadas 112, generadas 560
# Etapa E: tests de comportamiento

## Resta q_L − v (equivale a las Tablas 5 y 6)

Quedan: la respuesta sigue en el idioma de la pregunta o sin idioma identificable.

| pregunta en | restado | n | % quedan | destinos (%) | acc |
|---|---|---|---|---|---|
| fr | — | 112 | 100 |  | 71 |
| fr | -1·fr | 112 | 33 | en 40, es 21, it 3, ca 1 | 34 |
| fr | -1·es | 112 | 96 | en 4 | 41 |
| fr | -1·de | 112 | 97 | en 3 | 31 |
| fr | -1·rand0_fr | 112 | 98 | en 2 | 57 |
| fr | -1·rand1_fr | 112 | 100 |  | 62 |
| fr | -1·rand2_fr | 112 | 100 |  | 55 |
| es | — | 112 | 99 | ca 1 | 70 |
| es | -1·fr | 112 | 98 | en 1, ca 1 | 46 |
| es | -1·es | 112 | 21 | fr 61, en 15, it 2, ca 1 | 37 |
| es | -1·de | 112 | 100 |  | 46 |
| es | -1·rand0_es | 112 | 100 |  | 63 |
| es | -1·rand1_es | 112 | 97 | fr 2, ca 1 | 64 |
| es | -1·rand2_es | 112 | 99 | ca 1 | 66 |
| de | — | 112 | 99 | en 1 | 72 |
| de | -1·fr | 112 | 90 | en 10 | 38 |
| de | -1·es | 112 | 81 | en 19 | 40 |
| de | -1·de | 112 | 54 | en 38, sv 5, da 2, no 1 | 32 |
| de | -1·rand0_de | 112 | 90 | en 9, nl 1 | 48 |
| de | -1·rand1_de | 112 | 95 | nl 3, en 3 | 54 |
| de | -1·rand2_de | 112 | 95 | nl 4, en 2 | 52 |

## Identificación de idioma (Tabla 7)

| condición | n | dice en | dice fr | dice es | dice de | ninguno |
|---|---|---|---|---|---|---|
| lang_id · prompt | 112 | 96 | 1 | 2 | 0 | 0 |
| lang_id · prompt +1*fr | 112 | 21 | 72 | 1 | 0 | 4 |
| lang_id · prompt +1*es | 112 | 29 | 3 | 63 | 0 | 4 |
| lang_id · prompt +1*de | 112 | 4 | 2 | 3 | 88 | 3 |
| lang_id · prompt +1*rand0 | 112 | 96 | 1 | 1 | 0 | 3 |
| lang_id · prompt_fr | 112 | 0 | 100 | 0 | 0 | 0 |
| lang_id · prompt_es | 112 | 0 | 0 | 100 | 0 | 0 |
| lang_id · prompt_de | 112 | 1 | 1 | 3 | 96 | 0 |

## Resta contra una instrucción (Tabla 8)

| condición | n | % fr | % en | % sin idioma | acc |
|---|---|---|---|---|---|
| instr_fr · prompt | 112 | 100 | 0 | 0 | 80 |
| instr_fr · prompt -1*fr | 112 | 97 | 0 | 3 | 75 |
| instr_fr · prompt -1*es | 112 | 97 | 1 | 2 | 69 |
| instr_fr · prompt -1*rand0 | 112 | 98 | 1 | 1 | 76 |

## Instrucción en conflicto (Tabla 9)

| condición | n | % fr | % en | % sin idioma | acc |
|---|---|---|---|---|---|
| instr_en · prompt_fr | 112 | 71 | 29 | 0 | 71 |
| instr_en · prompt | 112 | 0 | 100 | 0 | 95 |
| instr_en · prompt +1*fr | 112 | 89 | 11 | 0 | 75 |
| instr_en · prompt +1*rand0 | 112 | 0 | 100 | 0 | 92 |
| plain · prompt | 112 | 0 | 100 | 0 | 96 |
| plain · prompt +1*fr | 112 | 100 | 0 | 0 | 76 |


reporte: algebra/runs/v9/reportes/E.md

Listo. Reportes en algebra/runs/v9/reportes/{train,A,C,D,E}.md
