prompt;output;answer;aliases;baseline_en;ref_role_leak;baseline_role_leak;ref_french_score;ref_language;baseline_language;ref_is_french;ref_answer_correct;baseline_is_french;baseline_answer_correct;passed_gate;prompt_de;prompt_de_language;prompt_de_ok;prompt_fr;prompt_fr_language;prompt_fr_ok;output_hand_fixed;prompt_es;prompt_es_language;prompt_es_ok;prompt_it;prompt_it_language;prompt_it_ok;prompt_pt;prompt_pt_language;prompt_pt_ok;categoria;n_tokens
On which continent is the Amazon rainforest located?;"La forêt amazonienne se trouve en Amérique du Sud. Plus précisément, elle couvre une grande partie du continent sud-américain, notamment dans les pays suivants :

* Le Brésil
* La Colombie
* Le Pérou
* Le Guyane
* Suriname
* Guyane française
* Équateur
* Pérou
* Bolivie

La forêt amazonienne est la plus grande forêt tropicale du monde et couvre environ 5,5 millions de kilomètres carrés.";South America;Amerique du Sud|America del Sur|Sudamerica|Suramerica|Sudamerika|America do Sul|America meridionale;The Amazon rainforest is located on the continent of South America.;False;False;0.9998;fr;en;True;True;False;True;True;Auf welchem Kontinent liegt der Amazonas-Regenwald?;de;True;Sur quel continent se trouve la forêt amazonienne ?;fr;True;;¿En qué continente se encuentra la selva amazónica?;unknown;True;;;;;;;factual_clasica;
Where is the Atacama Desert?;Le désert d'Atacama est situé au Chili.;Chile;Chili|Cile;"The Atacama Desert is located in Chile, South America. It is the driest non-polar desert in the world, covering an area of approximately 105,000 square kilometers (41,000 square miles). The Atacama Desert stretches along the western edge of the Andes Mountains, bordering the Pacific Ocean to the west and the Andes Mountains to the east.

The Atacama Desert is situated in the northern part of Chile, and it is divided into two main regions: the Coastal Atacama and the Altiplano Atacama. The Coastal Atacama is the more arid and dry region, while the Altiplano Atacama is a higher-altitude region with more moderate climate conditions.

Some of the most notable cities and towns in the Atacama Desert include:

* Antofagasta: A major city located in the Coastal Atacama region.
* Calama: A city located in the Altiplano Atacama region.
* San Pedro de Atacama: A small town located in the Altiplano Atacama region, known for its stunning natural beauty and outdoor recreational opportunities.
* Iquique: A coastal city located in the Coastal Atac";False;False;0.9998;fr;en;True;True;False;True;True;Wo liegt die Atacama-Wüste?;de;True;Où se trouve le désert d'Atacama ?;fr;True;;¿Dónde está el desierto de Atacama?;es;True;;;;;;;factual_aperturas;8
State the capital of Mongolia.;Ulaanbaatar;Ulaanbaatar;Ulan Bator|Oulan-Bator|Ulan-Bator|Oulan Bator;The capital of Mongolia is Ulaanbaatar.;False;False;0.5;unknown;en;True;True;False;True;False;Nenne die Hauptstadt der Mongolei.;de;True;Indiquez la capitale de la Mongolie.;fr;True;;Indica la capital de Mongolia.;es;True;;;;;;;imperativo;6
Detail why ice floats on water.;"La glace flotte sur l'eau en raison de la différence de densité entre la glace et l'eau. Voici les raisons clés :

1.  **Densité de la glace** : La glace est moins dense que l'eau. En effet, les molécules d'eau se rapprochent et se lient les unes aux autres de manière plus forte en glace, ce qui fait qu'elle occupe plus d'espace que l'eau liquide. Cela signifie que la glace a une densité inférieure à celle de l'eau.
2.  **Principe de flottabilité** : Selon le principe de flottabilité, un objet flotte dans un liquide si sa densité est inférieure à celle du liquide. Dans ce cas, la glace a une densité inférieure à celle de l'eau, donc elle flotte dessus.
3.  **Équilibre hydrostatique** : Lorsque la glace est placée sur l'eau, elle est soumise à l'effet de la gravité. Cependant, la glace flotte sur l'eau parce";density;densite|densidad|Dichte|densita|densidade|dense|denso|densa;"A classic phenomenon! Ice floating on water is a fascinating example of how the physical properties of water and ice can lead to this seemingly counterintuitive behavior. Here's a detailed explanation:

**Why does ice float on water?**

Ice floats on water because of its unique crystal structure and the way it interacts with water molecules. When water freezes, the molecules arrange themselves in a crystalline lattice structure, which is less dense than the liquid water. This is known as the ""anomalous expansion of water.""

**The crystal structure of ice:**

In ice, the water molecules are arranged in a hexagonal lattice structure, with each molecule bonded to four neighboring molecules. This arrangement creates a rigid and open structure, which is less dense than the more compact and random arrangement of molecules in liquid water.

**Density of ice and water:**

The density of ice is approximately 0.92 g/cm³, while the density of liquid water is approximately 1.00 g/cm³. This means that ice is less dense than liquid water. When ice is added to water, it will initially sink to the bottom, but as more ice is added, the water molecules will start to arrange themselves around the ice crystals, creating a layer of water that";False;False;0.9998;fr;en;True;True;False;True;True;Erläutere genau, warum Eis auf Wasser schwimmt.;de;True;Détaillez pourquoi la glace flotte sur l'eau.;fr;True;;Detalla por qué el hielo flota en el agua.;es;True;;;;;;;imperativo_explicativo;7
How do geckos climb walls?;"Les geckos ont développé une adaptation unique pour griffer les murs et rester en place. Voici les principaux facteurs qui leur permettent de grimper aux murs :

1.  **Les griffes des geckos** : Les geckos ont des griffes très fines et flexibles qui sont recouvertes de micro-épines. Ces micro-épines sont très fines et ont une forme spéciale qui leur permet de s'agripper aux surfaces. Les griffes des geckos sont également très résistantes et peuvent supporter un poids important.
2.  **La surface de contact** : Les geckos ont une surface de contact très grande sur leurs griffes, ce qui leur permet de s'agripper aux murs avec plus de facilité. Cette surface de contact est également très fine, ce qui leur permet de s'agripper aux murs avec plus de précision.
3.  **La friction** : Les geckos ont une surface de contact très fine sur leurs griffes, ce qui leur permet de produire une friction très forte avec les murs. Cette friction est suffisamment forte pour permet";van der Waals;Waals|setae|setas|setole|poils|pelos|hairs;"Geckos have a unique ability to climb walls and ceilings, and it's due to their specialized feet and body structure. Here's how they do it:

1. **Microscopic hair-like structures**: Geckos have tiny, hair-like structures on their feet called setae (singular: seta). These setae are made of keratin, the same protein that makes up human hair and nails. Each seta is about 1-2 micrometers in length, which is incredibly small.
2. **Van der Waals forces**: The setae on a gecko's foot create a weak electrostatic attraction between the gecko's feet and the surface it's climbing. This attraction is known as van der Waals force. It's a type of intermolecular force that allows the gecko to ""stick"" to surfaces.
3. **Adhesion**: When a gecko presses its foot onto a surface, the setae make contact with the surface molecules. The van der Waals force between the setae and the surface molecules creates a strong adhesion, allowing the gecko to ""stick"" to the surface.
4. **Friction reduction**: Geckos have a unique skin structure that reduces friction between their";False;False;0.9998;fr;en;True;False;False;True;True;Wie klettern Geckos an Wänden hoch?;de;True;Comment les geckos grimpent-ils aux murs ?;fr;True;;¿Cómo trepan las paredes los geckos?;es;True;;;;;;;explicativa;8
Capital of Japan?;Tokyo est la capitale du Japon.;Tokyo;Tokio|Toquio;The capital of Japan is Tokyo.;False;False;0.9998;fr;en;True;True;False;True;True;Hauptstadt von Japan?;de;True;Capitale du Japon ?;fr;True;;¿Capital de Japón?;es;True;;;;;;;corta;4
Hey, who painted Arnolfini?;"Une question sur l'art!

Les Arnolfini sont un tableau peint par le maître de l'école flemish, Jan van Eyck, vers 1434. Il s'agit d'un tableau à l'huile sur panneau de bois, qui mesure environ 82 x 60 cm.

Le tableau représente un couple, les Arnolfini, qui sont probablement des amis ou des clients du peintre. Le couple est représenté dans leur chambre à coucher, avec divers objets et symboles qui ont été interprétés de différentes manières par les historiens de l'art.

Le tableau est considéré comme l'un des plus importants et des plus célèbres tableaux de l'art néo-médieval, et il est considéré comme l'un des plus grands tableaux de Jan van Eyck.

Vous avez aimé ce tableau?";Jan van Eyck;van Eyck|Eyck;The Arnolfini Portrait is a famous painting by the Flemish artist Jan van Eyck, created around 1434. It's considered one of the most iconic and influential works of the Northern Renaissance. The painting is a highly detailed and symbolic depiction of a wealthy couple, Giovanni di Nicolao Arnolfini and his wife, in their home in Bruges, Belgium. Van Eyck's masterful use of oil painting techniques and symbolism has made the Arnolfini Portrait a timeless masterpiece of art history.;False;False;0.9998;fr;en;True;True;False;True;True;Hey, wer hat den Arnolfini gemalt?;de;True;Hé, qui a peint les Arnolfini ?;fr;True;;Oye, ¿quién pintó el Arnolfini?;es;True;;;;;;;conversacional;9
What is the capital of Iceland?;La capitale de l'Islande est Reykjavik.;Reykjavik;Reykjavik|Reikiavik;The capital of Iceland is Reykjavik.;False;False;0.9996;fr;en;True;True;False;True;True;Was ist die Hauptstadt von Island?;de;True;Quelle est la capitale de l'Islande ?;fr;True;;¿Cuál es la capital de Islandia?;es;True;;;;;;;factual_clasica;
Where was Mozart born?;Mozart est né à Salzbourg, en Autriche.;Salzburg;Salzbourg|Salzburgo|Salisburgo;Wolfgang Amadeus Mozart was born in Salzburg, Austria on January 27, 1756.;False;False;0.9998;fr;en;True;True;False;True;True;Wo wurde Mozart geboren?;de;True;Où Mozart est-il né ?;fr;True;;¿Dónde nació Mozart?;es;True;;;;;;;factual_aperturas;5
Specify the chemical symbol for uranium.;Le symbole chimique de l'uranium est U.;U;;The chemical symbol for uranium is U.;False;False;0.9998;fr;en;True;True;False;True;True;Gib das chemische Symbol für Uran an.;de;True;Précisez le symbole chimique de l'uranium.;fr;True;;Especifica el símbolo químico del uranio.;es;True;;;;;;;imperativo;7
Unpack what causes ocean tides.;"Les marées océaniques sont causées par la lente rotation de la Terre et la gravité de la Lune. Voici une explication détaillée de ce qui provoque ces mouvements :

**La rotation de la Terre**

La Terre tourne sur son axe, ce qui crée une force centrifuge qui attire l'eau de l'océan vers les points les plus éloignés de l'axe de rotation. C'est pourquoi nous avons des marées plus fortes à l'ouest et à l'est de la Terre, dans les directions opposées à l'axe de rotation.

**La gravité de la Lune**

La Lune exerce une force de gravité sur l'eau de l'océan, ce qui attire l'eau vers elle. C'est pourquoi nous avons des marées plus fortes lorsque la Lune est à son point le plus proche de la Terre, appelé ""point de perigée"". Lorsque la Lune est à son point le plus éloigné de la Terre, appelé ""point d'apogée"", la force de gravité est plus faible et les";Moon;Lune|Luna|Lua|der Mond|den Mond|des Mondes|dem Mond|vom Mond;"Ocean tides are a fascinating phenomenon that has captivated humans for centuries. So, let's dive into the causes of ocean tides!

**The Main Causes of Ocean Tides:**

1. **Gravitational Pull of the Moon**: The Moon's gravity is the primary driver of ocean tides. The Moon's gravity causes the ocean water to bulge out in two areas: one on the side of the Earth facing the Moon and the other on the opposite side of the Earth. This creates two high tides and two low tides each day.
2. **Gravitational Pull of the Sun**: Although the Sun's gravity is much weaker than the Moon's, it also plays a role in causing ocean tides. However, its effect is much smaller than the Moon's, and it's only significant when the Sun and Moon are aligned (at new moon or full moon).
3. **Earth's Rotation**: The Earth's rotation also contributes to the formation of tides. As the Earth rotates, different parts of the planet experience the gravitational pull of the Moon and Sun, resulting in the rise and fall of the sea level.
4. **Wind and Atmospheric Pressure**: Wind and changes in atmospheric pressure can also affect the ocean";False;False;0.9998;fr;en;True;True;False;True;True;Schlüssle auf, was die Gezeiten der Ozeane verursacht.;de;True;Décortiquez ce qui provoque les marées océaniques.;fr;True;;Desglosa qué causa las mareas oceánicas.;es;True;;;;;;;imperativo_explicativo;8
How do octopuses change color?;"Une question intéressante!

Les poissons, également appelés pieuvres, peuvent changer de couleur en réponse à divers facteurs tels que leur environnement, leur état de santé, leur comportement et leur réaction à certaines situations. Voici quelques raisons pour lesquelles les poissons peuvent changer de couleur :

1. **Communication** : Les poissons utilisent souvent la couleur pour communiquer avec d'autres poissons. Par exemple, ils peuvent changer de couleur pour signaler leur présence, leur état de santé ou leur intention de manger.
2. **Camouflage** : Les poissons peuvent changer de couleur pour se fondre dans leur environnement, ce qui leur permet de se cacher des prédateurs ou des concurrents.
3. **Étage de stress** : Les poissons peuvent changer de couleur en réponse à des stress tels que la peur, la fatigue ou la maladie.
4. **Étage de température** : Les poissons peuvent changer de couleur en réponse à des changements de température, ce qui peut être un signal pour trouver un endroit plus chaud ou plus froid.
5. **Étage de";chromatophores;chromat|cromat;"Octopuses are masters of disguise, and their ability to change color is one of their most impressive features. Here's how they do it:

**Chromatophores: The Color-Changing Cells**

Octopuses have specialized cells called chromatophores in their skin, which contain pigments that reflect different colors. There are three types of chromatophores:

1. **Melanophores**: contain the pigment melanin, which produces brown or black colors.
2. **Iridophores**: contain the pigment iridin, which produces silver or reflective colors.
3. **Xanthophores**: contain the pigment carotenoid, which produces yellow or orange colors.

**How Color Change Works**

When an octopus wants to change color, it contracts or relaxes the muscles surrounding the chromatophores. This allows the chromatophores to expand or shrink, changing the amount of pigment visible on the surface of the skin.

* **Contraction**: When the muscles contract, the chromatophores shrink, reducing the amount of pigment visible and resulting in a lighter color.
* **Relaxation**: When the muscles relax, the chromatophores expand, increasing the amount of pigment visible and resulting in a darker color.";False;False;0.9998;fr;en;True;False;False;True;True;Wie wechseln Kraken ihre Farbe?;de;True;Comment les pieuvres changent-elles de couleur ?;fr;True;;¿Cómo cambian de color los pulpos?;es;True;;;;;;;explicativa;8
Capital of South Africa?;La capitale de l'Afrique du Sud est Pretoria.;Pretoria;Cape Town|Bloemfontein|Le Cap|Kapstadt;The capital of South Africa is Pretoria.;False;False;0.9998;fr;en;True;True;False;True;True;Hauptstadt von Südafrika?;de;True;Capitale de l'Afrique du Sud ?;fr;True;;¿Capital de Sudáfrica?;es;True;;;;;;;corta;5
Hey, who directed Jaws?;"Une question sur un classique du cinéma!

""Les Dents de la mer"" (The Shallows) est un film d'horreur-thriller réalisé par Jaume Collet-Serra, sorti en 2016. Le film met en vedette Blake Lively dans le rôle principal, qui joue le rôle de surveillante de la mer, sur la côte californienne.";Spielberg;;"The director of the classic thriller film ""Jaws"" (1975) is Steven Spielberg. He's a legendary filmmaker known for his suspenseful and iconic movies, and ""Jaws"" is one of his most famous works. Would you like to know more about the film or Spielberg's career?";False;False;0.9998;fr;en;True;False;False;True;False;Hey, wer hat Der weiße Hai gedreht?;de;True;Hé, qui a réalisé Les Dents de la mer ?;fr;True;;Oye, ¿quién dirigió Tiburón?;es;True;;;;;;;conversacional;7
Who composed Bolero?;"Une question classique!

Le Boléro est une œuvre pour orchestre composée par Maurice Ravel, un compositeur français. Elle a été créée en 1928 et est considérée comme l'une des œuvres les plus célèbres et les plus difficiles à interpréter de la musique classique du XXe siècle.

Le Boléro est une œuvre de grande complexité et de longueur, qui dure environ 17 minutes. Elle est caractérisée par une mélodie répétitive et insistant, qui se développe progressivement tout au long de l'œuvre, avec l'ajout de nouveaux instruments et de nouveaux thèmes.

Le Boléro est souvent considéré comme l'une des œuvres les plus difficiles à interpréter en raison de sa complexité rythmique et de sa structure, mais également en raison de la nécessité de maintenir un rythme constant et de créer une atmosphère de tension et de suspense tout au long de l'œuvre.";Ravel;;"The famous piece ""Bolero"" was composed by Maurice Ravel, a French composer and pianist. It was first performed in 1928 and has since become one of Ravel's most popular and recognizable works.";False;False;0.9998;fr;en;True;True;False;True;True;Wer hat Bolero komponiert?;de;True;Qui a composé le Boléro ?;fr;True;;¿Quién compuso Bolero?;unknown;True;;;;;;;factual_clasica;
Where is Angkor Wat located?;Angkor Wat est un complexe archéologique situé en Cambodge.;Cambodia;Cambodge|Camboya|Kambodscha|Cambogia|Camboja;"Angkor Wat is located in Cambodia, in the Siem Reap Province. Specifically, it's situated about 15 kilometers (9 miles) north of the town of Siem Reap, which is a popular tourist destination.

Angkor Wat is a vast temple complex that was built in the 12th century as a sacred Hindu temple, and it's considered one of the largest and most impressive archaeological sites in the world. It's a UNESCO World Heritage Site and a must-visit destination for anyone interested in history, culture, and architecture.

Would you like to know more about Angkor Wat or plan a trip there?";False;False;0.9984;fr;en;True;True;False;True;True;Wo befindet sich Angkor Wat?;de;True;Où se trouve Angkor Vat ?;fr;True;;¿Dónde se encuentra Angkor Wat?;es;True;;;;;;;factual_aperturas;7
Mention the author of The Hobbit.;L'auteur du Hobbit est J.R.R. Tolkien.;Tolkien;;"The author of ""The Hobbit"" is J.R.R. Tolkien.";False;False;0.9998;fr;en;True;True;False;True;True;Erwähne den Autor von Der Hobbit.;de;True;Mentionnez l'auteur du Hobbit.;fr;True;;Menciona al autor de El hobbit.;es;True;;;;;;;imperativo;9
Go over how rainbows form.;"Les arcs-en-ciel sont un phénomène magnifique qui apparaît dans le ciel lorsqu'il pleut ou gèle. Voici une explication détaillée de la formation des arcs-en-ciel :

**Le processus de formation**

Les arcs-en-ciel se forment lorsque la lumière du soleil passe à travers les gouttelettes d'eau dans l'air. Voici les étapes clés du processus de formation :

1. **La pluie ou la neige** : Lorsqu'il pleut ou gèle, les gouttelettes d'eau se forment dans l'air.
2. **La refraction** : Lorsque la lumière du soleil entre dans une gouttelette d'eau, elle est refractée, c'est-à-dire qu'elle est déviée. Cela se produit parce que la lumière passe d'un gaz à une liquide.
3. **La dispersion** : La lumière est également dispersée, c'est-à-dire qu'elle est décomposée en ses différentes couleurs. Cela se produit parce que la lumière passe à travers les gouttelettes d";refraction;refraccion|Brechung|rifrazione|refracao|dispersion;"What a beautiful topic! Rainbows are one of the most stunning natural wonders, and understanding how they form can be quite fascinating.

**The Science of Rainbows**

Rainbows are formed when sunlight passes through water droplets in the air. The process involves a combination of refraction, dispersion, and reflection of light. Here's a step-by-step explanation:

1. **Sunlight enters the Earth's atmosphere**: The sun emits white light, which is made up of all the colors of the visible spectrum (red, orange, yellow, green, blue, indigo, and violet).
2. **Water droplets are present in the air**: After a rain shower or near a waterfall, mist, or fog, water droplets are suspended in the air.
3. **Sunlight hits the water droplets**: When sunlight enters the water droplets, it is refracted, or bent, because light travels at different speeds in air and water.
4. **Refraction occurs**: As sunlight passes from air into the water droplet, it is refracted, or bent, and split into its individual colors. This is because each color of light has a slightly different wavelength and is refracted at a slightly different angle.
5. **Disp";False;False;0.9998;fr;en;True;True;False;True;True;Geh durch, wie Regenbögen entstehen.;de;True;Passez en revue la formation des arcs-en-ciel.;fr;True;;Repasa cómo se forman los arcoíris.;es;True;;;;;;;imperativo_explicativo;7
Why do salmon swim upstream?;"Les saumons sont des poissons anadromes, ce qui signifie qu'ils migrent vers le haut de leurs rivières pour naitre et se reproduire. Cette migration est un processus complexe qui implique plusieurs étapes et est influencée par plusieurs facteurs environnementaux et biologiques.

Voici les raisons principales pour lesquelles les saumons remontent les rivières :

1. **Reproduction** : Les saumons sont des poissons anadromes, ce qui signifie qu'ils migrent vers le haut de leurs rivières pour se reproduire. Ils se reproduisent dans les eaux douces et calmes des rivières, où ils pondent leurs œufs.
2. **Nageaison** : Les saumons ont besoin de nager dans les eaux douces et calmes des rivières pour se reproduire. Les eaux douces et calmes offrent un environnement propice à la croissance et au développement des œufs.
3. **Évolution de la morphologie** : Les saumons ont une morphologie spécifique qui leur permet de nager dans les eaux";spawn;fray|desov|laich|reprodu|riprodu|ponte|Geburtsgew|lieu de naissance|lugar de nacimiento|donde nacieron;"Salmon are known for their incredible upstream migration, which is a remarkable feat of endurance and determination. Here's why they swim upstream:

**Life Cycle:** Salmon are anadromous fish, which means they're born in freshwater, migrate to saltwater, and then return to freshwater to spawn. The upstream migration is a crucial part of their life cycle.

**Spawning:** Salmon swim upstream to reach their birthplace, where they were born, to spawn. They need to return to the exact spot where they were born to reproduce and lay eggs. This is a critical part of their life cycle, as it ensures the continuation of their genetic lineage.

**Reproductive Success:** By returning to their birthplace, salmon can increase their reproductive success. The upstream migration allows them to:

1. **Find a suitable spawning site**: Salmon use their sense of smell to locate a suitable spawning site, which is often a specific gravel or sand bed.
2. **Mate**: Salmon mate with other salmon in the spawning area, increasing the chances of successful reproduction.
3. **Lay eggs**: After mating, salmon lay their eggs in the gravel or sand bed, which will hatch into alevins and eventually grow into juvenile salmon.

**Upstream Migration";False;False;0.9998;fr;en;True;True;False;True;True;Warum schwimmen Lachse flussaufwärts?;de;True;Pourquoi les saumons remontent-ils les rivières ?;fr;True;;¿Por qué los salmones nadan río arriba?;es;True;;;;;;;explicativa;6
Capital of Mozambique?;La capitale du Mozambique est Maputo.;Maputo;;The capital of Mozambique is Maputo.;False;False;0.9984;fr;en;True;True;False;True;True;Hauptstadt von Mosambik?;de;True;Capitale du Mozambique ?;fr;True;;¿Capital de Mozambique?;es;True;;;;;;;corta;5
Just curious, who sang Imagine?;"Une question simple mais sympa!

La chanson ""Imagine"" a été écrite et composée par John Lennon, membre du groupe The Beatles. Elle a été enregistrée et publiée en 1971 sur son album solo homonyme ""Imagine"".

John Lennon a chanté et joué de la guitare sur cette chanson, qui est devenue l'un de ses plus grands succès et un hymne de paix et d'unité mondiale.";John Lennon;Lennon;"A classic song! ""Imagine"" was sung by the legendary John Lennon. It was released in 1971 on his album of the same name, and it's considered one of his most iconic and enduring songs. The song's message of peace, unity, and a world without conflict or division continues to inspire and resonate with people around the world.";False;False;0.9998;fr;en;True;True;False;True;True;Nur aus Neugier: Wer hat Imagine gesungen?;de;True;Simple curiosité : qui a chanté Imagine ?;fr;True;;Solo por curiosidad, ¿quién cantó Imagine?;es;True;;;;;;;conversacional;7
Which is the largest country in the world by area?;La plus grande pays du monde par superficie est le Canada.;Russia;Russie|Rusia|Russland;The largest country in the world by area is Russia, covering approximately 17.1 million square kilometers (6.6 million square miles).;False;False;0.9998;fr;en;True;False;False;True;False;Welches ist das größte Land der Welt nach Fläche?;de;True;Quelle est la plus grande pays du monde par superficie?;fr;True;;¿Cuál es el país más grande del mundo por área?;es;True;;;;;;;factual_clasica;
Where did the Titanic depart from?;Le Titanic a départé de Southampton, en Angleterre, le 10 avril 1912.;Southampton;;The RMS Titanic departed from Southampton, England on April 10, 1912.;False;False;0.9984;fr;en;True;True;False;True;True;Von wo lief die Titanic aus?;de;True;D'où le Titanic est-il parti ?;fr;True;;¿Desde dónde zarpó el Titanic?;es;True;;;;;;;factual_aperturas;7
Indicate the capital of Kazakhstan.;Astana;Astana;Nur-Sultan|Nursultan;The capital of Kazakhstan is Astana (officially known as Nur-Sultan since 2019).;False;False;0.5;unknown;en;True;True;False;True;False;Gib die Hauptstadt Kasachstans an.;de;True;Indiquez la capitale du Kazakhstan.;fr;True;;Señala la capital de Kazajistán.;es;True;;;;;;;imperativo;7
Run through why Earth has seasons.;"Les saisons sont des périodes de l'année caractérisées par des changements de température et de conditions météorologiques. Il existe quatre saisons principales : l'hiver, le printemps, l'été et l'automne. Voici les raisons des saisons sur Terre :

1.  **L'axe de rotation de la Terre** : La Terre tourne sur son axe, ce qui fait que les régions du globe sont exposées à la lumière du soleil de manière différente en fonction de la position de l'axe. Cela provoque des changements de température et de conditions météorologiques.
2.  **L'équilibre de la Terre** : La Terre est en équilibre avec son axe, ce qui signifie que les forces centrifuges et gravitationnelles sont équilibrées. Cela permet à la Terre de maintenir une rotation constante et de créer des saisons.
3.  **La position de la Terre dans son orbite** : La Terre tourne autour du Soleil dans un orbite elliptique. C";tilt;inclin|Neigung|Achse|axis;"I'd be happy to explain why Earth has seasons.

**The Main Reason: Earth's Axial Tilt**

The primary reason for Earth's seasons is its axial tilt, which is the angle between its rotational axis and the plane of its orbit around the Sun. This tilt is approximately 23.5 degrees. As Earth orbits the Sun, its tilt causes the amount of sunlight that reaches the planet's surface to vary throughout the year.

**How the Axial Tilt Affects Seasons**

Here's how the axial tilt affects the seasons:

1. **Summer**: When the Northern Hemisphere is tilted towards the Sun, it receives more direct sunlight and experiences longer days. This results in warmer temperatures and longer summers.
2. **Winter**: Conversely, when the Northern Hemisphere is tilted away from the Sun, it receives less direct sunlight and experiences shorter days. This leads to colder temperatures and shorter winters.
3. **Spring and Autumn**: As the Earth continues its orbit, the Northern Hemisphere begins to tilt towards and then away from the Sun, resulting in moderate temperatures and changing seasons.

**Other Factors that Influence Seasons**

While the axial tilt is the primary driver of seasons, other factors can influence the severity and duration of each season:

1. **Earth";False;False;0.9998;fr;en;True;False;False;True;True;Geh kurz durch, warum die Erde Jahreszeiten hat.;de;True;Parcourez les raisons des saisons sur Terre.;fr;True;;Recorre por qué la Tierra tiene estaciones.;es;True;;;;;;;imperativo_explicativo;7
Why do cats land on their feet?;"Les chats sont connus pour leur tendance à se retourner sur leurs pattes, et il existe plusieurs raisons pour cela. Voici quelques-unes des explications les plus courantes :

1. **Instinct naturel** : Dans la nature, les chats se retournent souvent pour se protéger des prédateurs ou pour se défendre. Cette posture leur permet de se mettre en position défensive, avec les pattes recroquevillées et la tête tournée vers l'arrière, ce qui rend les attaques plus difficiles.
2. **Sécurité et confort** : Les chats peuvent se retourner sur leurs pattes pour se sentir plus en sécurité ou pour se détendre. Cette posture leur permet de se protéger des perturbations ou des bruits environnants, et de se sentir plus à l'aise.
3. **Communication** : Les chats utilisent souvent leur posture pour communiquer avec les autres chats ou avec les humains. Se retourner sur les pattes peut être un signe de contentement, de détente ou de confiance.
4. **Muscle et articulation** : Les chats ont des muscles et";reflex;reflej|rifless;"Cats are known for their incredible ability to right themselves in mid-air and land on their feet, a phenomenon known as ""righting reflex."" This remarkable ability is made possible by a combination of their unique physiology and behavior. Here are some reasons why cats can land on their feet:

1. **Inner ear structure**: Cats have a special organ in their inner ear called the vestibular apparatus, which contains three semicircular canals filled with fluid. These canals are lined with sensory hair cells that detect changes in the cat's head position and movement. This helps the cat to maintain its balance and orientation in space.
2. **Flexible spine**: Cats have a very flexible spine, which allows them to twist and rotate their body in mid-air. This flexibility enables them to adjust their position and orientation to ensure they land on their feet.
3. **Righting reflex**: When a cat falls, its brain sends a signal to the muscles in its body to make the necessary adjustments to right itself. This reflex is triggered by the cat's inner ear and visual system, which work together to detect the direction of the fall and make the necessary corrections.
4. **Muscle control**: Cats have very strong and agile muscles in their legs, back";False;False;0.9998;fr;en;True;False;False;True;True;Warum landen Katzen auf den Füßen?;de;True;Pourquoi les chats retombent-ils sur leurs pattes ?;fr;True;;¿Por qué los gatos caen de pie?;es;True;;;;;;;explicativa;8
Capital of Madagascar?;Antananarivo est la capitale de Madagascar.;Antananarivo;Tananarive;The capital of Madagascar is Antananarivo (also known as Tana).;False;False;0.996;fr;en;True;True;False;True;True;Hauptstadt von Madagaskar?;de;True;Capitale de Madagascar ?;fr;True;;¿Capital de Madagascar?;es;True;;;;;;;corta;4
Settle a bet: who excavated Troy?;"Une question classique!

Selon la mythologie grecque, c'est les Argonautes, dirigés par Jason, qui ont fouillé les ruines de Troie après la guerre de Troie. Cependant, il est plus probable que la question se réfère à l'expédition de l'armée grecque, dirigée par Agamemnon, qui a investi la ville de Troie après la guerre de Troie.

Mais si nous parlons de la fouille archéologique de Troie, c'est en réalité la découverte de 1870 par le germanologue Heinrich Schliemann qui a permis de retrouver les ruines de la ville. Schliemann a fouillé les sites de Hisarlik en Turquie, qui correspondent aux emplacements traditionnels de Troie, et a découvert les restes d'une ville antique qui correspondait à la description de la ville de Troie dans les œuvres de Homère.

Donc, pour trancher, on peut dire que c'est Schliemann qui a fouillé Troie, mais dans le contexte de la mythologie grec";Schliemann;;"A famous debate!

The excavation of Troy is a bit of a complicated story, and there's no straightforward answer. However, I can give you the lowdown.

The most famous excavations of Troy were conducted by Heinrich Schliemann, a German archaeologist, in the late 19th century. Schliemann was a wealthy businessman and amateur archaeologist who was fascinated by the legend of the Trojan War. He believed that the city of Troy was the site of the epic conflict described in Homer's Iliad.

Schliemann's excavations took place from 1870 to 1873, and he uncovered several layers of ancient city, which he dated to the Late Bronze Age (around 1200 BC). He identified the site as Troy VIIa, which he believed was the city of the Trojan War.

However, Schliemann's methods were not without controversy. He was accused of being a treasure hunter, and his excavations were criticized for being hasty and lacking scientific rigor. Many of the artifacts he uncovered were later disputed as being of uncertain provenance.

In the 20th century, a team of archaeologists led by Manfred Korfmann conducted a more systematic and scientifically rigorous excavation of the site,";False;False;0.9998;fr;en;True;True;False;True;True;Wir haben gewettet: Wer hat Troja ausgegraben?;de;True;Pour trancher un pari : qui a fouillé Troie ?;fr;True;;Para zanjar una apuesta: ¿quién excavó Troya?;es;True;;;;;;;conversacional;10
How many players from one team are on the field in soccer?;Il y a 11 joueurs d'une même équipe sur le terrain au football.;11;onze;In soccer, each team is allowed to have 11 players on the field at a time.;False;False;0.9998;fr;en;True;True;False;True;True;Wie viele Spieler von einem Team auf dem Platz sind im Fußball?;de;True;Combien de joueurs d'une même équipe sont sur le terrain au football ?;fr;True;;¿Cuántos jugadores de un equipo están en el campo en el fútbol?;es;True;;;;;;;factual_clasica;
Where are the Galapagos Islands?;Les îles Galápagos sont un archipel situé à l'ouest de l'équateur, dans l'océan Pacifique.;Ecuador;Equateur|Ekuador|Equador;"The Galapagos Islands are a unique and fascinating archipelago located in the Pacific Ocean, about 620 miles (1,000 km) off the coast of Ecuador.

To be more specific, the Galapagos Islands are situated:

* West of the equator
* About 1,000 km (620 miles) west of the coast of South America
* Approximately 1,000 km (620 miles) east of the coast of Central America
* Part of the Republic of Ecuador

The Galapagos Islands are an autonomous province of Ecuador, and they are known for their incredible biodiversity, including an incredible array of endemic species that can be found nowhere else on Earth.

Would you like to know more about the Galapagos Islands or plan a trip there?";False;False;0.9998;fr;en;True;True;False;True;True;Wo liegen die Galapagosinseln?;de;True;Où se trouvent les îles Galápagos ?;fr;True;;¿Dónde están las islas Galápagos?;es;True;;;;;;;factual_aperturas;8
Recall who invented the radio.;"Une question classique!

La radio a été inventée par Guglielmo Marconi, un ingénieur italien, en 1895. Cependant, il n'était pas le seul à travailler sur ce concept. D'autres inventeurs, tels que Nikola Tesla et James Clerk Maxwell, ont également contribué à la création de la radio.

Guglielmo Marconi a développé la première station de transmission radio à longue portée, qui a permis de transmettre des signaux à des distances de plusieurs kilomètres. Il a également créé la première station de radio à longue portée, qui a été inaugurée en 1901 à Poldhu, au Royaume-Uni.

Cependant, il est important de noter que la radio a été développée en parallèle par d'autres inventeurs, tels que Nikola Tesla, qui a développé la première station de transmission radio à longue portée en 1893, et James Clerk Maxwell, qui a théorisé la propagation des ondes électromagnétiques en 1864.

En résumé, bien que Guglielmo Marconi soit souvent crédité";Marconi;Tesla|Popov;"The invention of the radio is a bit complex, as it involved the contributions of several individuals over a period of time. While it's difficult to attribute the invention of the radio to a single person, I can give you an overview of the key players involved.

The first practical wireless telegraph, which is considered the precursor to the modern radio, was invented by Guglielmo Marconi in the 1890s. Marconi, an Italian inventor and engineer, developed a system for transmitting radio signals over long distances using a combination of antennas, transmitters, and receivers.

However, the concept of wireless communication dates back to the 1830s, when James Clerk Maxwell predicted the existence of radio waves. Maxwell, a Scottish physicist, formulated a set of equations that described the behavior of electromagnetic waves, including radio waves.

In the 1860s and 1870s, other inventors, such as James Clerk Watson and Heinrich Hertz, experimented with wireless communication using electrical signals. Hertz, a German physicist, demonstrated the existence of radio waves in 1887, using a device that generated and detected radio waves.

In the 1890s, Marconi and Nikola Tesla, a Serbian-American inventor, worked on";False;False;0.9998;fr;en;True;True;False;True;True;Erinnere dich, wer das Radio erfunden hat.;de;True;Rappelez qui a inventé la radio.;fr;True;;Recuerda quién inventó la radio.;es;True;;;;;;;imperativo;7
Lay out why onions make us cry.;"Les oignons! Ils sont délicieux dans les plats, mais pourquoi nous font-ils pleurer? C'est dû à une combinaison de facteurs chimiques présents dans les oignons. Voici les raisons principales :

1. **Sulfure de déshydraté** : Les oignons contiennent des composés sulfurés, notamment le sulfure de déshydraté (SDS). Lorsque les oignons sont coupés ou râpés, le SDS est libéré et peut entrer en contact avec les larmes. Le SDS est un irritant des yeux et de la muqueuse nasale, ce qui provoque la production excessive de larmes.
2. **Allicine** : Les oignons sont également riche en allicine, un composé organique qui a des propriétés antibactériennes et antifongiques. Cependant, l'allicine peut également agir comme un irritant des yeux et de la muqueuse nasale, contribuant à la production de larmes.
3. **Acides sulfurés** : Les o";sulfur;sulf|sulph|soufre|azufre|Schwefel|zolfo|enxofre;"The age-old question of why onions make us cry! It's a common phenomenon that has puzzled many a cook and chef. Here's the science behind it:

**The Culprit: Syn-propanethial-S-oxide**

Onions contain a group of compounds called sulfur-containing amino acids, which are responsible for their pungent flavor and aroma. When you chop or crush an onion, you release these compounds into the air as gas. One of these compounds, syn-propanethial-S-oxide (S-oxide), is the primary culprit behind the tear-inducing effects.

**How S-oxide causes tears**

When S-oxide comes into contact with the water in your eyes, it reacts with the water to form sulfuric acid. This acid irritates the eyes, causing the lacrimal gland to release excess tears to flush out the irritant. The tears contain a protein called lysozyme, which helps to break down the S-oxide and neutralize the acid.

**The Tear-Inducing Process**

Here's a step-by-step explanation of how S-oxide causes tears:

1. **Release of S-oxide**: When you chop or crush an onion, the cells are damaged, releasing the S-";False;False;0.9998;fr;en;True;True;False;True;True;Leg dar, warum Zwiebeln uns zum Weinen bringen.;de;True;Exposez pourquoi les oignons nous font pleurer.;fr;True;;Expón por qué las cebollas nos hacen llorar.;es;True;;;;;;;imperativo_explicativo;9
How do ants find food?;"Les fourmis sont des insectes sociaux très organisés qui vivent en colonies et ont développé des systèmes complexes pour trouver de la nourriture. Voici quelques-unes des méthodes que les fourmis utilisent pour trouver de la nourriture :

1. **Détection des odeurs** : Les fourmis ont un sens de l'odorat très développé qui leur permet de détecter les odeurs des aliments. Elles utilisent des récepteurs chimiques sur leurs antennes pour détecter les odeurs des aliments et des sources de nourriture.
2. **Visite des sources de nourriture** : Les fourmis visitent régulièrement les sources de nourriture, telles que les déchets, les insectes, les fruits et les légumes. Elles utilisent des récepteurs visuels pour détecter les mouvements et les couleurs des aliments.
3. **Communication** : Les fourmis communiquent entre elles à travers des signaux chimiques et des mouvements pour partager des informations sur les sources de nourriture. Elles utilisent des phéromones pour signaler la présence d";pheromones;pheromon|feromon;"Ants are incredibly skilled foragers, and their ability to find food is a remarkable example of their social organization and communication. Here's a breakdown of how ants find food:

**Communication and Trail Marking**

Ants use chemical signals, known as pheromones, to communicate with each other about food sources. When an ant finds food, it returns to its nest and deposits pheromones on the ground, creating a trail that other ants can follow. This process is called ""trail marking.""

**Trail Following**

Ants follow the pheromone trail laid down by their fellow ants. The strength of the pheromone trail depends on the quality and quantity of food, as well as the number of ants that have followed the trail. The more ants that follow the trail, the stronger the pheromone signal becomes.

**Visual Cues**

In addition to pheromones, ants also use visual cues to find food. They can recognize shapes, colors, and textures, which helps them identify potential food sources. For example, ants can recognize the shape of a sweet liquid or the color of a ripe fruit.

**Smell and Taste**

Ants also use their sense of smell and taste to find food";False;False;0.9998;fr;en;True;True;False;True;True;Wie finden Ameisen Futter?;de;True;Comment les fourmis trouvent-elles de la nourriture ?;fr;True;;¿Cómo encuentran comida las hormigas?;es;True;;;;;;;explicativa;6
Capital of Namibia?;Windhoek est la capitale de la Namibie.;Windhoek;;The capital of Namibia is Windhoek.;False;False;0.9989;fr;en;True;True;False;True;True;Hauptstadt von Namibia?;de;True;Capitale de la Namibie ?;fr;True;;¿Capital de Namibia?;es;True;;;;;;;corta;5
Random thought: who founded Facebook?;"Une question facile!

Facebook a été fondé par Mark Zuckerberg, avec l'aide de ses amis et camarades de l'université de Harvard, Eduardo Saverin, Andrew McCollum, Dustin Moskovitz et Chris Hughes, en 2004.";Zuckerberg;;"A random thought indeed!

Facebook was founded by Mark Zuckerberg, along with his college roommates and fellow Harvard University students Eduardo Saverin, Andrew McCollum, Dustin Moskovitz, and Chris Hughes.

The story goes that Mark Zuckerberg created a website called ""Facemash"" in 2003, which allowed users to compare the photos of two students and vote on which one was more attractive. The site became popular, but also generated controversy and was eventually shut down by the university.

Later that year, Zuckerberg was approached by Cameron and Tyler Winklevoss, who asked him to create a social networking site for Harvard students. Zuckerberg accepted the challenge and created ""Thefacebook,"" which was initially intended for Harvard students only. The site quickly gained popularity, and eventually expanded to other colleges and universities, and eventually to the general public.

The rest, as they say, is history!";False;False;0.9992;fr;en;True;True;False;True;True;Spontane Frage: Wer hat Facebook gegründet?;de;True;Une idée comme ça : qui a fondé Facebook ?;fr;True;;Pensando al azar: ¿quién fundó Facebook?;es;True;;;;;;;conversacional;7
What is the capital of Uganda?;Kampala est la capitale de l'Ouganda.;Kampala;;The capital of Uganda is Kampala.;False;False;0.9997;fr;en;True;True;False;True;True;Was ist die Hauptstadt von Uganda?;de;True;Quelle est la capitale de l'Ouganda?;fr;True;;¿Cuál es la capital de Uganda?;es;True;;;;;;;factual_clasica;
Where is Table Mountain?;La montagne de la Table est située en Afrique du Sud.;Cape Town;Le Cap|Ciudad del Cabo|Kapstadt|Citta del Capo|Cidade do Cabo;Table Mountain is located in Cape Town, South Africa. It's a flat-topped mountain that rises over 1,086 meters (3,563 feet) above sea level and is one of the city's most iconic landmarks.;False;False;0.9998;fr;en;True;False;False;True;False;Wo liegt der Tafelberg?;de;True;Où se trouve la montagne de la Table ?;fr;True;;¿Dónde está la Montaña de la Mesa?;es;True;;;;;;;factual_aperturas;5
Pin down the capital of Kosovo.;Pristina;Pristina;Prishtina|Prichtina;The capital of Kosovo is Pristina.;False;False;0.5;unknown;en;True;True;False;True;False;Bestimme die Hauptstadt des Kosovo.;de;True;Déterminez la capitale du Kosovo.;fr;True;;Precisa la capital de Kosovo.;es;True;;;;;;;imperativo;7
Account for how bees make honey.;"Une question délicieuse!

Les abeilles font le miel à travers un processus complexe qui implique la collecte de nectar, la transformation du nectar en miel et la conservation du miel dans les ruches. Voici une explication détaillée de ce processus :

**Collecte du nectar**

Les abeilles collectent le nectar des fleurs en utilisant leurs pattes et leurs organes de perception. Elles visitent les fleurs en volant d'une fleur à l'autre, en utilisant leur sense de direction et leur mémoire pour trouver les sources de nectar les plus riches. Lorsqu'elles atteignent une fleur, elles utilisent leurs pattes pour écraser les pétoncles et libérer le nectar.

**Transformation du nectar en miel**

Une fois que les abeilles ont collecté le nectar, elles le transportent dans la ruche en le stockant dans leurs poches abdominales. Le nectar est ensuite mélangé avec de l'enzyme appelée invertase, qui le transforme en un liquide sucré appelé miel.";nectar;Nektar|nettare;"The sweet process of honey production! Bees collect nectar from flowers and transform it into honey through a fascinating process of regurgitation, evaporation, and enzymatic activity. Here's a step-by-step explanation of how bees make honey:

**Step 1: Nectar Collection**

Bees visit flowers in search of nectar, a sweet, energy-rich liquid secreted by plants to attract pollinators. They use their long, tube-shaped tongues (proboscis) to extract nectar from the flower's nectaries.

**Step 2: Enzyme Addition**

As they collect nectar, bees also add an enzyme called invertase to the liquid. Invertase breaks down the complex sugars in nectar into simpler ones, making it easier for the bees to digest and store.

**Step 3: Return to the Hive**

Once a bee's honey stomach (a special part of their digestive system specifically designed for honey production) is full of nectar, it flies back to the hive. It will regurgitate the nectar and share it with other bees in the hive.

**Step 4: Regurgitation and Evaporation**

The regurgitated nectar is stored in cells within the honeycomb";False;False;0.9998;fr;en;True;True;False;True;True;Begründe, wie Bienen Honig herstellen.;de;True;Rendez compte de la façon dont les abeilles font le miel.;fr;True;;Da cuenta de cómo las abejas hacen miel.;es;True;;;;;;;imperativo_explicativo;7
How do fireflies glow?;"Les lucioles sont des insectes qui brillent grâce à une réaction chimique appelée bioluminescence. Cette réaction permet à l'insecte de produire une lumière, souvent sous forme de flashes ou de lumières faibles et éphémères.

Voici comment cela fonctionne :

1. **La production de lumière** : Les lucioles ont des cellules spéciales appelées photocytes dans leurs abdomens. Ces cellules contiennent une substance appelée lucifère, qui est un composé chimique qui réagit avec l'oxygène pour produire de la lumière.
2. **La réaction chimique** : Lorsque l'insecte est excité ou qu'il se sent menacé, les photocytes libèrent la lucifère. Cette substance réagit avec l'oxygène présent dans l'air pour produire une lumière.
3. **La lumière émise** : La lumière émise par les photocytes est de couleur bleu ou verte, selon l'espece de luciole. Cette lumière est faible et éphémère, mais elle peut être visible";bioluminescence;biolumin|luciferin;"Fireflies, also known as lightning bugs, have a unique ability to produce their own light, a process called bioluminescence. This is made possible by a chemical reaction that occurs within their bodies.

Here's a simplified explanation of how fireflies glow:

1. **Light-producing organs**: Fireflies have specialized light-producing organs in their abdomens, which contain a chemical called luciferin. This chemical reacts with oxygen to produce light.
2. **Luciferase enzyme**: The luciferin reacts with an enzyme called luciferase, which catalyzes the chemical reaction. This reaction is similar to a chemical reaction that occurs in the human body, where oxygen is converted into energy.
3. **Light emission**: When the luciferin reacts with oxygen, it releases energy in the form of light. This light is emitted through a process called chemiluminescence, where the energy is released as photons.
4. **Color and pattern**: The color and pattern of the light emitted by fireflies depend on the type of luciferin and luciferase used by the firefly. Different species of fireflies can produce different colors, such as yellow, green, or blue.
5. **Flash pattern**: Fireflies use";False;False;0.9998;fr;en;True;True;False;True;True;Wie leuchten Glühwürmchen?;de;True;Comment les lucioles brillent-elles ?;fr;True;;¿Cómo brillan las luciérnagas?;es;True;;;;;;;explicativa;6
Capital of Botswana?;Gaborone est la capitale du Botswana.;Gaborone;;The capital of Botswana is Gaborone.;False;False;0.9997;fr;en;True;True;False;True;True;Hauptstadt von Botswana?;de;True;Capitale du Botswana ?;fr;True;;¿Capital de Botsuana?;es;True;;;;;;;corta;5
Trivia time: first female UK prime minister?;"Une excellente question!

La réponse est : Margaret Thatcher.

Margaret Thatcher, également connue sous le nom de ""La Dame de Fer"", est devenue la première femme Premier ministre britannique en 1979, lorsqu'elle a pris ses fonctions à la tête du gouvernement britannique. Elle a occupé ce poste pendant 11 ans, jusqu'en 1990.

Margaret Thatcher a été une figure importante dans l'histoire britannique et a joué un rôle clé dans la politique du pays, notamment en matière de défense, de l'économie et de l'union européenne. Elle est considérée comme l'une des plus grandes Premières ministres britanniques de tous les temps.";Thatcher;;That would be Margaret Thatcher! She was the first female Prime Minister of the United Kingdom, serving from 1979 to 1990.;False;False;0.9998;fr;en;True;True;False;True;True;Quizzeit: erste Premierministerin Großbritanniens?;de;True;Question culture : première femme Premier ministre britannique ?;fr;True;;Hora de trivia: ¿primera mujer al frente del gobierno británico?;es;True;;;;;;;conversacional;9
Which planet has the Great Red Spot?;La Grande Tache rouge est une région émergée sur la surface de Mars.;Jupiter;Giove;The Great Red Spot is a persistent anticyclonic storm on the planet Jupiter. It's a massive storm that has been raging for centuries, and it's one of the most distinctive features of Jupiter's atmosphere.;False;False;0.9998;fr;en;True;False;False;True;False;Welcher Planet hat den Großen Roten Fleck?;de;True;Quelle planète possède la Grande Tache rouge ?;fr;True;;¿Cuál planeta tiene el Gran Mancha Roja?;es;True;;;;;;;factual_clasica;
When did the Byzantine Empire fall?;L'Empire byzantin, également connu sous le nom d'Empire romain d'Orient, a connu une longue histoire qui s'étendait de la chute de l'Empire romain d'Occident en 476 après Jésus-Christ, jusqu'à sa propre chute en 1453 après Jésus-Christ.;1453;;"The Byzantine Empire, also known as the Eastern Roman Empire, fell in 1453 AD. It was the continuation of the Roman Empire in the east, and its capital was Constantinople (modern-day Istanbul, Turkey).

The fall of Constantinople was a result of a long and complex series of events, including the Ottoman Empire's conquest of the city. The Ottoman Empire, led by Mehmed II, laid siege to the city in 1453 and breached its walls on May 29, 1453. The Byzantine Emperor, Constantine XI, was killed in the battle, and the city fell to the Ottomans.

The fall of Constantinople marked the end of the Byzantine Empire and the end of the Roman Empire in its entirety. It also marked the beginning of the Ottoman Empire's expansion into Eastern Europe and the Middle East.

Here's a brief timeline of the key events leading to the fall of Constantinople:

* 1204: The Fourth Crusade captures Constantinople, marking the beginning of the Latin Empire.
* 1261: The Byzantine Empire is restored, but it is weakened by internal conflicts and external pressures.
* 1326: The Ottoman Empire begins to expand into the Balkans.
*";False;False;0.9998;fr;en;True;True;False;True;True;Wann fiel das Byzantinische Reich?;de;True;Quand l'Empire byzantin est-il tombé ?;fr;True;;¿Cuándo cayó el Imperio bizantino?;es;True;;;;;;;factual_aperturas;8
Track down the creator of Gulliver.;Le créateur de Gulliver est Jonathan Swift.;Jonathan Swift;Swift;"The creator of Gulliver is none other than the renowned English author and satirist, Jonathan Swift (1667-1745).

Jonathan Swift was a prominent figure in 18th-century English literature, and his most famous work is undoubtedly ""Gulliver's Travels"" (1726). The novel is a satirical masterpiece that follows the adventures of Lemuel Gulliver, a ship's surgeon who embarks on four fantastical voyages to various imaginary lands.

Swift's inspiration for ""Gulliver's Travels"" is believed to have come from his own experiences as a writer and his observations of the politics, society, and culture of his time. The novel is a clever blend of fantasy, satire, and social commentary, and its enduring popularity is a testament to Swift's genius.

Swift's other notable works include ""A Modest Proposal"" (1729), ""A Tale of a Tub"" (1704), and ""The Battle of the Books"" (1704). He is widely regarded as one of the greatest writers in the English language, and his works continue to be studied, admired, and enjoyed by readers around the world.

Would you like to know more about Jonathan Swift or ""Gulliver's";False;False;0.9998;fr;en;True;True;False;True;True;Spür den Schöpfer von Gulliver auf.;de;True;Retrouvez le créateur de Gulliver.;fr;True;;Rastrea al creador de Gulliver.;es;True;;;;;;;imperativo;9
Shed light on why metals conduct electricity.;"Les métaux conduisent l'électricité en raison de leur structure atomique et de leurs propriétés physiques. Voici les principaux facteurs qui expliquent pourquoi les métaux sont des conducteurs d'électricité :

1.  **Structure atomique** : Les métaux ont une structure atomique continue, ce qui signifie qu'ils sont composés de molécules simples et que leurs atomes sont liés les uns aux autres par des liaisons covalentes ou ioniennes. Cela permet une libre circulation des électrons entre les atomes.
2.  **Électron libre** : Les métaux ont des électrons libres qui peuvent se déplacer librement dans la matière. Ces électrons sont appelés électrons de valence et sont responsables de la conduite électrique.
3.  **Conductivité électrique** : Les métaux ont une conductivité électrique élevée, ce qui signifie qu'ils peuvent transmettre facilement l'électricité. Cela est dû à la présence de électrons libres qui peuvent se déplacer rapidement dans la matière.
4.  **";electrons;lectron|lettron|letron|lektron;"I'd be happy to shed light on why metals conduct electricity.

**The Key to Conductivity: Free Electrons**

Metals are excellent conductors of electricity because they have a unique property called ""free electrons."" These free electrons are not tightly bound to the atoms of the metal, but rather are able to move freely within the metal lattice.

In a metal, the atoms are arranged in a lattice structure, with each atom bonded to its neighbors through strong covalent bonds. However, some of these atoms have an extra electron, which is not tightly bound to the atom. This extra electron is called a ""free electron"" or ""electron in the conduction band.""

**The Role of Free Electrons in Conductivity**

Free electrons play a crucial role in the conductivity of metals. When a metal is placed in an electric field, the free electrons are able to move freely within the metal lattice. This movement of electrons is known as ""drift current.""

As the free electrons move through the metal, they carry electrical charge with them. The movement of these electrons creates an electric current, which is the flow of electrons through a conductor.

**Why Metals are Good Conductors**

Metals are good conductors of electricity because of the following reasons";False;False;0.9998;fr;en;True;True;False;True;True;Beleuchte, warum Metalle Strom leiten.;de;True;Éclairez pourquoi les métaux conduisent l'électricité.;fr;True;;Arroja luz sobre por qué los metales conducen la electricidad.;es;True;;;;;;;imperativo_explicativo;9
How do humpback whales communicate?;"Les baleines à bosse, comme leur nom l'indique, sont des mammifères marins qui communiquent de manière unique. Bien qu'ils ne fassent pas de bruits émis par des organes vocaux comme les humains ou les autres mammifères, ils utilisent plusieurs méthodes pour se communiquer. Voici quelques-unes des façons dont les baleines à bosse communiquent :

1. **Émissions sonores :** Bien que les baleines à bosse ne fassent pas de bruits émis par des organes vocaux, elles peuvent produire des sons à l'aide de leur corps. Les baleines à bosse peuvent faire vibrer leur corps pour produire des sons, qui peuvent être entendus à des distances considérables. Ces sons peuvent être utilisés pour communiquer avec d'autres baleines à bosse.

2. **Écholocation :** Les baleines à bosse utilisent également une forme d'écholocation, appelée ""écholocation baleine"", pour communiquer. Ils émettent des sons à haute fréquence qui sont ensuite réfléchis par";songs;chant|canto|canti|Gesang|song|melod;"Humpback whales are known for their complex and fascinating communication system. They use a variety of clicks, whistles, and moans to convey information and express emotions. Here are some ways humpback whales communicate:

1. **Songs**: Humpback whales are famous for their hauntingly beautiful songs, which can last up to 20 minutes and are repeated for hours. These songs are thought to be used for mating, territorial defense, and social bonding. Each whale has its own unique song, and they can recognize individual songs from other whales.
2. **Clicks**: Humpback whales use clicks to navigate and locate prey in their surroundings. They also use clicks to communicate with each other, particularly during feeding and social interactions.
3. **Whistles**: Humpback whales produce a range of whistles, from high-pitched squeaks to low-pitched moans. These whistles are used for contact calls, alarm calls, and even for expressing emotions like excitement or curiosity.
4. **Moans**: Humpback whales produce low-frequency moans, often described as a low-pitched ""oom"" or ""ahh."" These moans are thought to be used for long-distance communication, particularly between mothers and calves";False;False;0.9998;fr;en;True;False;False;True;True;Wie kommunizieren Buckelwale?;de;True;Comment les baleines à bosse communiquent-elles ?;fr;True;;¿Cómo se comunican las ballenas jorobadas?;es;True;;;;;;;explicativa;8
Capital of Zambia?;La capitale de la Zambie est Lusaka.;Lusaka;;The capital of Zambia is Lusaka.;False;False;0.9997;fr;en;True;True;False;True;True;Hauptstadt von Sambia?;de;True;Capitale de la Zambie ?;fr;True;;¿Capital de Zambia?;es;True;;;;;;;corta;4
I forgot, who first summited Everest?;C'est Tenzing Norgay, un monteur du Népal, et Sir Edmund Hillary, un monteur néo-zélandais, qui ont gravi l'Everest en premier le 29 mai 1953.;Hillary;Norgay|Tenzing;"A great question about a historic achievement!

The first people to reach the summit of Mount Everest were Tenzing Norgay, a Nepali Sherpa mountaineer, and Sir Edmund Hillary, a New Zealand mountaineer and explorer. They successfully reached the summit on May 29, 1953, as part of a British expedition led by John Hunt.

Tenzing and Hillary's achievement was a groundbreaking moment in mountaineering history, and it marked the first time that humans had reached the highest point on Earth. Their successful ascent of Everest was a remarkable feat that required months of preparation, hard work, and determination.

Would you like to know more about Tenzing and Hillary's expedition or the history of Everest?";False;False;0.9996;fr;en;True;True;False;True;True;Ich hab's vergessen: Wer bestieg als Erster den Everest?;de;True;J'ai oublié, qui a gravi l'Everest en premier ?;fr;True;;Se me olvidó, ¿quién coronó primero el Everest?;es;True;;;;;;;conversacional;9
What is the capital of Cuba?;La capitale de Cuba est La Havane.;Havana;Havane|Habana|Havanna|Avana;The capital of Cuba is Havana.;False;False;0.9998;fr;en;True;True;False;True;True;Was ist die Hauptstadt von Kuba?;de;True;Quelle est la capitale de Cuba?;fr;True;;¿Cuál es la capital de Cuba?;es;True;;;;;;;factual_clasica;
When was the Battle of Hastings?;La bataille d'Hastings a eu lieu le 14 octobre 1066.;1066;;The Battle of Hastings took place on October 14, 1066. It was a pivotal battle in English history, fought between the army of King Harold II of England and the army of William, Duke of Normandy, also known as William the Conqueror. The battle resulted in the defeat of King Harold and the Norman victory, leading to the Norman Conquest of England.;False;False;0.9996;fr;en;True;True;False;True;True;Wann war die Schlacht bei Hastings?;de;True;Quand a eu lieu la bataille d'Hastings ?;fr;True;;¿Cuándo fue la batalla de Hastings?;es;True;;;;;;;factual_aperturas;7
Dig up who founded the Boy Scouts.;Robert Baden-Powell;Baden-Powell;Baden Powell;"The Boy Scouts were founded by Robert Baden-Powell, a British army officer and adventurer. He created the organization in 1908, and the first Scout troop was formed in London, England.

Baden-Powell was born on February 22, 1857, in London, England. He served in the British army for 33 years, including time in Africa and India, where he developed his interest in scouting and outdoor skills.

In 1907, Baden-Powell published a book called ""Scouting for Boys,"" which outlined his ideas for a youth organization that would teach boys outdoor skills, teamwork, and character development. The book was a huge success, and it inspired the formation of the Boy Scouts Association in England.

The Boy Scouts of America (BSA) was founded in 1910, and it was modeled after the British organization. Today, the Boy Scouts of America is one of the largest youth organizations in the United States, with over 2 million members.

Robert Baden-Powell is still remembered as the founder of the Boy Scouts, and his legacy continues to inspire young people around the world to develop their outdoor skills, build character, and become leaders in their communities.";False;False;0.0013;it;en;True;True;False;True;False;Find heraus, wer die Pfadfinder gründete.;de;True;Dénichez qui a fondé le scoutisme.;fr;True;;Averigua quién fundó los Boy Scouts.;es;True;;;;;;;imperativo;8
Demystify what causes thunder.;"Le tonnerre est un phénomène atmosphérique complexe qui se produit lorsqu'une accumulation de charges électriques dans l'atmosphère atteint un point critique, entraînant une explosion électrique qui émet un bruit fort et une lumière blafarde. Voici une explication détaillée de ce qui provoque le tonnerre :

**Les conditions nécessaires au tonnerre**

Pour que le tonnerre se produise, il faut que se produise une combinaison de conditions suivantes :

1.  **L'humidité** : Une atmosphère humide est nécessaire pour que les charges électriques se forment. L'humidité permet aux ions et aux électrons de se déplacer et de s'accumuler.
2.  **La température** : Une température élevée favorise la formation des charges électriques. Les températures élevées permettent aux molécules d'énergie de se déplacer plus facilement et de se combiner pour former des ions et des électrons.
3.  **La présence de nuages** : Les nuages sont les princip";lightning;eclair|foudre|relampago|rayo|Blitz|fulmine|lampo|raio;"Thunder is a fascinating phenomenon that's often shrouded in mystery. Let me break it down for you:

**What causes thunder?**

Thunder is the sound that accompanies lightning. It's created when lightning heats the air around it to incredibly high temperatures, causing the air to expand rapidly and create a shockwave. This shockwave travels through the air as a pressure wave, which we perceive as sound.

**The process:**

Here's a step-by-step explanation of how thunder is formed:

1. **Lightning strikes**: A lightning bolt strikes the ground or another object, heating the air around it to temperatures of up to 50,000°C (90,000°F). This is hotter than the surface of the sun!
2. **Air expansion**: The rapid heating of the air causes it to expand rapidly, creating a region of low pressure near the lightning strike.
3. **Shockwave formation**: As the air expands, it creates a shockwave that travels through the air at the speed of sound (approximately 343 meters per second or 768 miles per hour at sea level).
4. **Pressure wave**: The shockwave compresses and then expands the air molecules, creating a pressure wave that travels through the air.
5.";False;False;0.9998;fr;en;True;False;False;True;True;Entmystifiziere, was Donner verursacht.;de;True;Démystifiez ce qui provoque le tonnerre.;fr;True;;Desmitifica qué causa el trueno.;es;True;;;;;;;imperativo_explicativo;7
Where does chocolate come from?;"Un délicieux sujet!

Le chocolat vient d'Amérique centrale et du sud, où les anciens civilisations mayas, aztecs et incas l'utilisaient comme monnaie et comme ingrédient culinaire. Le cacao, le fruit de la plante de cacao (Theobroma cacao), est originaire de ces régions.

Les Mayas et les Aztecs cultivaient le cacao depuis au moins 3 000 ans avant notre ère. Ils le faisaient fermenter, puis le broyaient en poudre pour en faire une boisson appelée xocoatl, qui était considérée comme une boisson sacrée.

Les Espagnols, qui conquérirent les Amériques au XVIe siècle, découvrirent le chocolat et l'apportèrent en Europe. Les Européens l'adaptèrent en ajoutant du sucre et de la crème pour en faire un dessert plus appétissant.

Aujourd'hui, le chocolat est produit dans de nombreux pays du monde, mais les régions d'origine du cacao restent les plus importantes productrices";cocoa;cacao|Kakao|cacau;"Chocolate has a rich and fascinating history that spans over 3,000 years. Here's a brief overview:

**The Origins of Chocolate**

Chocolate originated from the cacao tree (Theobroma cacao), which is native to the tropical regions of Central and South America. The ancient civilizations of Mesoamerica, including the Olmec, Maya, and Aztecs, revered the cacao tree as a sacred plant and considered cacao beans (the seeds of the tree) to be a valuable commodity.

**The Aztecs and Mayans**

The Aztecs and Mayans used cacao beans as a form of currency, and they also made a bitter drink from the beans, which they called xocoatl. This drink was considered a luxury item and was often served at special occasions, such as ceremonies and feasts.

**Spanish Conquest and the Spread of Chocolate**

In the 16th century, Spanish conquistador Hernán Cortés arrived in Mexico and discovered the use of cacao beans. He took some beans back to Spain, where they were used to create a sweeter version of the drink, which became popular among the wealthy and aristocratic classes.

**European Colonization and the Development of Chocolate**";False;False;0.9998;fr;en;True;True;False;True;True;Woher kommt Schokolade?;de;True;D'où vient le chocolat ?;fr;True;;¿De dónde viene el chocolate?;es;True;;;;;;;explicativa;6
Capital of Rwanda?;La capitale du Rwanda est Kigali.;Kigali;;The capital of Rwanda is Kigali.;False;False;0.9997;fr;en;True;True;False;True;True;Hauptstadt von Ruanda?;de;True;Capitale du Rwanda ?;fr;True;;¿Capital de Ruanda?;es;True;;;;;;;corta;4
Out of curiosity, who played Jack Sparrow?;"Une question qui touche le cœur de tous les amoureux de Pirates des Caraïbes!

Le personnage de Jack Sparrow a été interprété par l'acteur Johnny Depp dans la trilogie Pirates des Caraïbes, composée de :

1. Pirates des Caraïbes : La Malédiction du Black Pearl (2003)
2. Pirates des Caraïbes : Les Morts ne mentent pas (2006)
3. Pirates des Caraïbes : L'Amour est un merveilleux don (2007)

Johnny Depp a remporté de nombreux prix pour son interprétation de Jack Sparrow, dont un Oscar du meilleur acteur pour son rôle dans le film ""Sweeney Todd : Le Diabolique du quartier"" (2007), bien que ce ne soit pas exactement Jack Sparrow!

Depp a également été nominé pour son rôle dans ""Pirates des Caraïbes"" aux Golden Globes et aux BAFTA Awards.";Johnny Depp;Depp;"A question about a legendary character!

The iconic role of Captain Jack Sparrow was played by the talented Johnny Depp in the Pirates of the Caribbean film series. Depp's portrayal of the charismatic, eccentric, and unpredictable pirate captain has become synonymous with the character, and he received widespread critical acclaim for his performance.";False;False;0.9998;fr;en;True;True;False;True;True;Aus Neugier: Wer spielte Jack Sparrow?;de;True;Par curiosité, qui a joué Jack Sparrow ?;fr;True;;Por curiosidad, ¿quién interpretó a Jack Sparrow?;es;True;;;;;;;conversacional;10
Which river flows through Paris?;Tokyo est la capitale du Japon.;Seine;Sena;The Seine River flows through Paris, the capital city of France.;False;False;0.9998;fr;en;True;False;False;True;False;Welche Fluss durch Paris fließt?;de;True;Quelle est la capitale du Japon?;fr;True;;¿Cuál es el río que fluye a través de París?;es;True;;;;;;;factual_clasica;
When did Hurricane Katrina hit New Orleans?;L'ouragan Katrina a frappé La Nouvelle-Orléans le 29 août 2005.;2005;;Hurricane Katrina made landfall in Louisiana on August 29, 2005. It was a devastating Category 3 hurricane that caused catastrophic damage and flooding in New Orleans, particularly in the city's low-lying areas. The storm surge from the hurricane caused the levees to fail, resulting in widespread flooding and displacement of thousands of people.;False;False;0.9981;fr;en;True;True;False;True;True;Wann traf Hurrikan Katrina New Orleans?;de;True;Quand l'ouragan Katrina a-t-il frappé La Nouvelle-Orléans ?;fr;True;;¿Cuándo azotó el huracán Katrina a Nueva Orleans?;es;True;;;;;;;factual_aperturas;8
Pinpoint where the Mona Lisa hangs.;La Joconde, également connue sous le nom de Mona Lisa, est accrochée au Musée du Louvre à Paris, en France. Plus précisément, elle est exposée dans le Salle 711 du musée, qui est une salle spéciale dédiée à cette œuvre d'art. Le musée du Louvre est l'un des plus grands et des plus célèbres musées du monde, et la Joconde est l'une de ses pièces les plus visitées et les plus emblématiques.;Louvre;;The Mona Lisa is one of the most famous paintings in the world, and it hangs in the Louvre Museum in Paris, France. Specifically, it is displayed in the Denon Wing of the museum, in a special protective case to preserve the painting for future generations.;False;False;0.9998;fr;en;True;True;False;True;True;Bestimme genau, wo die Mona Lisa hängt.;de;True;Situez l'endroit où est accrochée la Joconde.;fr;True;;Ubica dónde cuelga la Mona Lisa.;es;True;;;;;;;imperativo;8
Elucidate what causes the auroras.;"Une question fascinante!

Les aurores, également appelées aurores boréales ou aurores australes, sont des phénomènes atmosphériques qui se produisent lorsque les particules chargées de l'espace, telles que les électrons et les protons, interagissent avec l'atmosphère terrestre. Voici les principaux facteurs qui provoquent les aurores :

1. **Particules solaires** : Les particules chargées émises par le soleil, telles que les électrons et les protons, se déplacent dans l'espace et atteignent l'atmosphère terrestre. Ces particules sont souvent libérées lors de tempêtes solaires, telles que des éruptions solaires ou des trombes de vent solaire.
2. **Médiane magnétique terrestre** : La médiane magnétique terrestre (MMT) est un champ magnétique qui entoure la Terre. Lorsque les particules solaires atteignent l'atmosphère terrestre, elles interagissent avec la MMT,";solar wind;vent solaire|viento solar|vento solare|vento solar|Sonnenwind|particules solaires|particulas solares|particelle solari|geladene Teilchen;"The breathtaking auroras! Also known as the Northern or Southern Lights, these natural light displays are a wonder of the natural world. So, what causes them?

**The Science Behind Auroras**

Auroras are caused by charged particles from the sun interacting with the Earth's magnetic field and atmosphere. Here's a step-by-step explanation:

1. **Solar Wind**: The sun emits a stream of charged particles, known as the solar wind, which includes electrons and protons. These particles are accelerated to high speeds by the sun's magnetic field.
2. **Magnetic Field**: When the solar wind reaches the Earth, it interacts with our planet's magnetic field. The magnetic field acts as a shield, deflecting the charged particles towards the poles.
3. **Atmospheric Interaction**: At the poles, the solar wind particles collide with the Earth's atmosphere, specifically with atoms and molecules of gases such as oxygen, nitrogen, and helium.
4. **Excitation and Ionization**: The collisions excite and ionize the atmospheric atoms and molecules, causing them to become energized and emit light. This process is known as excitation and ionization.
5. **Light Emission**: As the energized atoms and molecules return to their";False;False;0.9998;fr;en;True;True;False;True;True;Verdeutliche, was Polarlichter verursacht.;de;True;Élucidez ce qui provoque les aurores.;fr;True;;Dilucida qué causa las auroras.;es;True;;;;;;;imperativo_explicativo;9
How is tofu made?;"Excellente question!

Le tofu est un aliments végétal fabriqué à partir de soja, et sa production est un processus complexe qui implique plusieurs étapes. Voici une explication détaillée de la façon dont on fabrique le tofu :

**Étapes de la production du tofu**

1. **Mise en place de la soja** : Les soja sont lavés, séchés et broyés en poudre.
2. **Mélange avec de l'eau** : La poudre de soja est mélangée avec de l'eau pour former une pâte épaisse.
3. **Agitation et coagulation** : La pâte est agitée et laitue (un type de levure) est ajoutée pour coaguler la pâte. La laitue réagit avec la protéine de soja, formant des gels.
4. **Filtration** : La pâte coagulée est filtrée pour éliminer les impuretés et les résidus de la laitue.
5. **Pression** : La pâte filtrée est press";soybeans;soja|soia|soya;"Tofu is made from soybeans and is a great source of protein for vegetarians and vegans. Here's a step-by-step overview of the tofu-making process:

**Traditional Method:**

1. **Soaking and Grinding**: Soybeans are soaked in water to rehydrate them, then ground into a fine paste using a grinder or food processor.
2. **Mixing with Water**: The soybean paste is mixed with water to create a milky liquid called soy milk.
3. **Coagulation**: A coagulant, such as calcium sulfate or magnesium chloride, is added to the soy milk to curdle it. The coagulant causes the soy milk to separate into curds and whey.
4. **Curds and Whey**: The mixture is left to sit for a period of time, allowing the curds to firm up and the whey to separate.
5. **Pressing**: The curds are pressed to remove excess liquid and to give the tofu its desired texture. This is done using a cheesecloth or a tofu mold.
6. **Shaping**: The tofu is then shaped into its desired form, such as a block, cube, or sheet.
7. **Rinsing";False;False;0.9998;fr;en;True;True;False;True;True;Wie wird Tofu hergestellt?;de;True;Comment fabrique-t-on le tofu ?;fr;True;;¿Cómo se hace el tofu?;es;True;;;;;;;explicativa;5
Capital of Angola?;La capitale de l'Angola est Luanda.;Luanda;;The capital of Angola is Luanda.;False;False;0.9991;fr;en;True;True;False;True;True;Hauptstadt von Angola?;de;True;Capitale de l'Angola ?;fr;True;;¿Capital de Angola?;es;True;;;;;;;corta;4
Hmm, who directed Titanic?;"Un film classique!

Le film ""Titanic"" a été réalisé par James Cameron, un réalisateur et scénariste américain. Il a été sorti en 1997 et a remporté de nombreux prix, notamment 11 Oscars. Le film est basé sur l'histoire réelle du naufrage du Titanic, un navire de luxe qui a coulé en 1912 après avoir heurté un iceberg dans l'océan Atlantique. Le film suit l'histoire d'un jeune couple, Jack et Rose, qui se rencontrent à bord du navire et qui doivent faire face aux difficultés et aux dangers de la mer.";James Cameron;Cameron;"The film ""Titanic"" (1997) was directed by James Cameron.";False;False;0.9998;fr;en;True;True;False;True;True;Hmm, wer hat Titanic gedreht?;de;True;Hum, qui a réalisé Titanic ?;fr;True;;Mmm, ¿quién dirigió Titanic?;es;True;;;;;;;conversacional;6
Which desert is the largest cold desert on Earth?;Le désert glacial le plus grand de la Terre est le désert de Ross, situé en Antarctique.;Antarctic;Antarctique|Antartid|Antarktis|Antartic;The largest cold desert on Earth is the Antarctic Desert.;False;False;0.9998;fr;en;True;True;False;True;True;Welche Wüste ist die größte Kältewüste der Erde?;de;True;Quel désert est le plus grand désert glacial de la Terre?;fr;True;;¿Cuál es el desierto más grande de desierto frío en la Tierra?;es;True;;;;;;;factual_clasica;
When did the Golden Gate Bridge open?;Le pont du Golden Gate a ouvert en 1937;1937;;The Golden Gate Bridge in San Francisco, California, opened on May 28, 1937.;False;False;0.9993;fr;en;True;True;False;True;True;Wann wurde die Golden Gate Bridge eröffnet?;de;True;Quand le pont du Golden Gate a-t-il ouvert ?;fr;True;;¿Cuándo se inauguró el puente Golden Gate?;es;True;;;;;;;factual_aperturas;8
Locate the country of the Great Sphinx.;Le Grand Sphinx est situé au Egypte.;Egypt;Egypte|Egipto|Agypten|Egitto|Egito;The Great Sphinx of Giza is located in Egypt.;False;False;0.9998;fr;en;True;True;False;True;True;Finde das Land der Großen Sphinx.;de;True;Localisez le pays du Grand Sphinx.;fr;True;;Localiza el país de la Gran Esfinge.;es;True;;;;;;;imperativo;9
Spell out why cut apples turn brown.;"Les pommes coupées brunissent en raison d'un processus appelé ""chillissement"" ou ""chillissage"". C'est une réaction chimique qui se produit lorsque les pommes sont exposées à l'air frais et à une température inférieure à 10°C.

Voici les étapes clés qui expliquent pourquoi les pommes coupées brunissent :

1. **Enzymes naturels** : Les pommes contiennent des enzymes naturelles appelées polyphénol oxidases (PPO) et peroxidases (POD). Ces enzymes sont responsables de la browning des fruits et des légumes.
2. **Oxidation** : Lorsque les pommes sont coupées, les tissus sont exposés à l'air, ce qui permet aux enzymes PPO et POD de réagir avec l'oxygène présent dans l'air. Cela déclenche une réaction chimique qui conduit à la formation de composés chimiques appelés mélanines.
3. **Formation de mélanines** : Les mélanines sont des composés chimiques qui sont responsables de la";oxidation;oxida|oxyda|ossida;"Here's the explanation:

C-U-T A-P-P-L-E-S T-U-R-N B-R-O-W-N

C - Contain an enzyme called polyphenol oxidase (PPO)
U - Undergoes oxidation when exposed to oxygen
T - Tends to react with oxygen in the air
A - Activated by the presence of water
P - Produces a brown pigment called melanin
P - Polyphenol oxidase breaks down the apple's cell walls
L - Leads to the formation of a brown color
E - Enzyme continues to break down the apple's cellular structure
S - Speeds up the browning process
T - Time and exposure to oxygen accelerate the reaction
U - Undergoes enzymatic browning
R - Reaction is irreversible
N - No stopping the browning process once it starts
B - Browning is a natural process
R - Reaction occurs due to the presence of oxygen
O - Oxidation is the primary cause
W - Water and oxygen accelerate the reaction
N - No way to completely stop the browning process

That's why cut apples turn brown!";False;False;0.9998;fr;en;True;True;False;True;True;Erkläre genau, warum angeschnittene Äpfel braun werden.;de;True;Explicitez pourquoi les pommes coupées brunissent.;fr;True;;Detalla paso a paso por qué las manzanas cortadas se ponen marrones.;es;True;;;;;;;imperativo_explicativo;8
How does wine get its alcohol?;"Un jeu de mots!

Le vin tire son alcool à partir des raisins, qui sont les fruits utilisés pour produire le vin. Les raisins contiennent un liquide appelé jus, qui est composé de sucre, d'eau et d'autres substances. Lors de la fermentation, les bactéries et les levures convertissent le sucre du raisin en alcool et en dioxyde de carbone. C'est ainsi que le vin obtient son alcool!";fermentation;ferment|Garung;"Wine gets its alcohol from the fermentation process. Here's a simplified explanation:

**The Basics**

Wine is made from grapes, which contain a natural yeast called Saccharomyces cerevisiae (also known as baker's yeast). This yeast feeds on the sugars present in the grape juice, converting them into ethanol (the type of alcohol found in wine).

**The Fermentation Process**

When grapes are crushed and released from their skins, the juice is extracted and transferred to a fermentation tank. The juice is then mixed with yeast, which is added to the tank to initiate fermentation.

During fermentation, the yeast consumes the sugars present in the grape juice, converting them into ethanol and carbon dioxide. This process is called glycolysis. The yeast uses the sugars as a food source, producing ethanol and carbon dioxide as byproducts.

**The Role of Yeast**

The yeast plays a crucial role in the fermentation process. It's responsible for converting the sugars into ethanol, which is the primary component of wine. The yeast's activity is influenced by factors such as:

* Temperature: Yeast ferments best within a specific temperature range (usually between 15°C and 25°C).
* Sugar concentration: Yeast feeds on sugars, so the";False;False;0.9998;fr;en;True;True;False;True;True;Wie kommt der Alkohol in den Wein?;de;True;D'où le vin tire-t-il son alcool ?;fr;True;;¿Cómo obtiene el vino su alcohol?;es;True;;;;;;;explicativa;7
Capital of Somalia?;La capitale de la Somalie est Mogadiscio.;Mogadishu;Mogadiscio|Mogadischu;The capital of Somalia is Mogadishu.;False;False;0.9948;fr;en;True;True;False;True;True;Hauptstadt von Somalia?;de;True;Capitale de la Somalie ?;fr;True;;¿Capital de Somalia?;es;True;;;;;;;corta;4
Real quick: who created Harry Potter?;"Très vite! 

Harry Potter a été créé par l'auteur britannique J.K. Rowling.";Rowling;;"The magical world of Harry Potter was created by the brilliant British author, J.K. Rowling. She wrote the first book, ""Harry Potter and the Philosopher's Stone"" (published as ""Harry Potter and the Sorcerer's Stone"" in the United States), which was released in 1997. The series went on to become a global phenomenon, with seven books, movies, and a vast, devoted fan base.";False;False;0.9998;fr;en;True;True;False;True;True;Ganz kurz: Wer hat Harry Potter erschaffen?;de;True;Vite fait : qui a créé Harry Potter ?;fr;True;;Rapidito: ¿quién creó Harry Potter?;es;True;;;;;;;conversacional;8
How many chromosomes are in a typical human cell?;Un nombre de 46.;46;quarante-six;"In a typical human cell, there are 46 chromosomes. This is a diploid number, meaning that the cell has two sets of chromosomes, one inherited from each parent.

To be more specific, a human cell typically has:

* 23 chromosomes from the mother (XX)
* 23 chromosomes from the father (XY)

These 46 chromosomes are arranged into 23 pairs, with each pair consisting of a homologous pair of chromosomes that carry the same genes but have different versions (alleles) of those genes.

It's worth noting that some cells in the human body, such as red blood cells, have only 22 chromosomes (a condition known as aneuploidy). However, the 46-chromosome number is typical for most human cells.";False;False;0.019;es;en;False;True;False;True;False;Wie viele Chromosomen befinden sich in einer typischen menschlichen Zelle?;de;True;Quel est le nombre de chromosomes dans une cellule humaine typique?;fr;True;;¿Cuántos cromosomas hay en una célula humana típica?;es;True;;;;;;;factual_clasica;
When was Pompeii buried?;Pompéi a été ensevelie par les éruptions du Vésuve en 79.;79;;Pompeii was buried under volcanic ash and pumice in 79 AD, during the eruption of Mount Vesuvius. The eruption occurred on August 24, 79 AD, and it caught the inhabitants of Pompeii by surprise, burying the city under a thick layer of volcanic debris. The city was abandoned and remained buried for over 1,700 years, until its rediscovery in the 18th century.;False;False;0.9998;fr;en;True;True;False;True;True;Wann wurde Pompeji verschüttet?;de;True;Quand Pompéi a-t-elle été ensevelie ?;fr;True;;¿Cuándo quedó sepultada Pompeya?;es;True;;;;;;;factual_aperturas;6
Report the boiling point of water in Fahrenheit.;Le point d'ébullition de l'eau est de 212°F.;212;;The boiling point of water is 212 degrees Fahrenheit (°F).;False;False;0.9998;fr;en;True;True;False;True;True;Gib den Siedepunkt von Wasser in Fahrenheit an.;de;True;Donnez le point d'ébullition de l'eau en Fahrenheit.;fr;True;;Informa el punto de ebullición del agua en grados Fahrenheit.;es;True;;;;;;;imperativo;9
Cover why iron rusts.;"La rouille du fer est un phénomène chimique qui se produit lorsque le fer est exposé à l'air et à l'humidité, entraînant la formation de minéraux oxydés qui recouvrent la surface du métal. Cela peut entraîner une perte de qualité et une diminution de la durée de vie du fer.

Voici quelques informations sur la rouille du fer :

**Qu'est-ce que la rouille du fer?**

La rouille du fer est une réaction chimique qui se produit lorsque le fer est exposé à l'air et à l'humidité. Le fer réagit avec l'oxygène et l'humidité pour former des minéraux oxydés, tels que l'oxyde de fer (Fe2O3) et l'oxyde de fer(III) (Fe3O4).

**Causes de la rouille du fer**

La rouille du fer peut être causée par plusieurs facteurs, notamment :

* L'exposition au air et à l'humidité
* La présence de saleté et de poussière
* La température";oxygen;oxyg|oxig|ossig|Sauerstoff;"Rust is a common phenomenon that occurs when iron or its alloys, such as steel, come into contact with oxygen and moisture. Here's a detailed explanation of why iron rusts:

**The Rusting Process:**

Iron rusts through a chemical reaction called oxidation, which involves the transfer of electrons from one substance to another. In the case of iron, the reaction occurs when iron comes into contact with oxygen and moisture.

**The Key Players:**

1. **Iron (Fe):** The metal that rusts.
2. **Oxygen (O2):** The oxidizing agent that reacts with iron.
3. **Water (H2O):** The moisture that facilitates the reaction.
4. **Acidic Environment:** The presence of acidic substances, such as carbon dioxide, sulfur dioxide, or saltwater, can accelerate the rusting process.

**The Rusting Reaction:**

When iron comes into contact with oxygen and moisture, the following reaction occurs:

Fe (iron) + O2 (oxygen) + H2O (water) → Fe2O3 (iron oxide, also known as rust)

In this reaction, iron reacts with oxygen to form iron oxide, which is a reddish-brown substance that";False;False;0.9998;fr;en;True;True;False;True;True;Behandle, warum Eisen rostet.;de;True;Traitez la question de la rouille du fer.;fr;True;;Trata por qué el hierro se oxida.;es;True;;;;;;;imperativo_explicativo;6
How is butter made?;"Le beurre est une substance alimentaire fabriquée à partir de la graisse animale, généralement issue de la viande de boeuf, de vache, de mouton ou de chèvre. Voici une description générale du processus de fabrication du beurre :

**Étapes de fabrication du beurre :**

1. **Sélection et prétraitement des graisses** : Les graisses animales sont sélectées et prétraitées pour enlever les impuretés et les débris. Les graisses peuvent être issues de différentes parties du corps animal, telles que les lardiers, les foies, les os et les peaux.
2. **Mélange des graisses** : Les graisses sont mélangées ensemble pour obtenir une mélange homogène.
3. **Chaudement** : Le mélange de graisses est chauffé à une température élevée (environ 80°C) pour faire fondre les graisses.
4. **Écrémage** : Le mélange de graisses est ensuite soumis à un écrémage, qui consiste à sé";cream;creme|nata|Sahne|panna|baratt|churn;"Butter making is a fascinating process that involves transforming cream into a delicious and versatile spread. Here's a step-by-step guide on how butter is made:

**Traditional Butter Making Process:**

1. **Cream Collection**: Fresh cream is collected from cows, goats, or sheep. The cream is typically around 35-40% fat content.
2. **Cream Churning**: The cream is poured into a churn, which can be a traditional wooden churn or a modern electric churning machine. The churning process breaks down the fat molecules in the cream, causing them to clump together.
3. **Churning**: The cream is churned until the fat molecules start to separate from the liquid (buttermilk). This process can take anywhere from 10-30 minutes, depending on the type of cream and the churning method.
4. **Butter Formation**: As the churning continues, the fat molecules continue to clump together, forming larger and larger clumps. These clumps are the beginnings of butter.
5. **Butter Washing**: The churned cream is then washed with cold water to remove any remaining buttermilk. This process is called ""washing"" the butter.
6. **Rinsing**: The";False;False;0.9998;fr;en;True;False;False;True;True;Wie wird Butter hergestellt?;de;True;Comment fabrique-t-on le beurre ?;fr;True;;¿Cómo se hace la mantequilla?;es;True;;;;;;;explicativa;5
Capital of Bhutan?;Thimphu est la capitale du Bhoutan.;Thimphu;Thimpu;The capital of Bhutan is Thimphu.;False;False;0.9998;fr;en;True;True;False;True;True;Hauptstadt von Bhutan?;de;True;Capitale du Bhoutan ?;fr;True;;¿Capital de Bután?;es;True;;;;;;;corta;5
Okay, who runs SpaceX?;SpaceX est dirigée par Elon Musk, un entrepreneur et inventeur américain. Il est le fondateur, président et PDG de la société. Musk a une vision ambitieuse pour l'entreprise, qui vise à révolutionner l'industrie spatiale et à rendre l'exploration et la colonisation de l'espace plus abordable et accessible. Sous sa direction, SpaceX a réalisé de nombreux accomplissements notables, notamment le lancement de plusieurs vaisseaux spatiaux réussis, la mise en orbite de plusieurs satellites et la réalisation de missions de renseignement spatiale.;Elon Musk;Musk;"SpaceX is a private aerospace manufacturer and space transport services company founded by Elon Musk in 2002. Elon Musk is the CEO, CTO, and lead designer of the company. He is also the founder of other companies such as Tesla, Neuralink, and The Boring Company.

Under Musk's leadership, SpaceX has become a leading player in the private space industry, with numerous achievements and milestones, including:

* Developing the Falcon 9 and Falcon Heavy rockets
* Launching the Dragon spacecraft to the International Space Station (ISS)
* Landing reusable rockets
* Launching the first privately funded liquid-fueled rocket to orbit
* Developing the Starlink satellite constellation
* Launching the Crew Dragon spacecraft to the ISS

Musk is known for his ambitious goals and vision for humanity's future in space, and SpaceX has become a driving force in the development of space technology and exploration.

Would you like to know more about SpaceX or Elon Musk?";False;False;0.9998;fr;en;True;True;False;True;True;Okay, wer leitet SpaceX?;de;True;Bon, qui dirige SpaceX ?;fr;True;;Vale, ¿quién dirige SpaceX?;es;True;;;;;;;conversacional;6
What is the chemical formula for ammonia?;La formule chimique de l'ammoniac est NH3.;NH3;;The chemical formula for ammonia is NH3.;False;False;0.9998;fr;en;True;True;False;True;True;Was ist die chemische Formel von Ammoniak?;de;True;Quelle est la formule chimique de l'ammoniac?;fr;True;;¿Cuál es la fórmula química de amoníaco?;es;True;;;;;;;factual_clasica;
When did the California Gold Rush begin?;La ruée vers l'or en Californie a commencé en 1848. C'est l'année où James W. Marshall, un ouvrier en pierre, a découvert des particules d'or dans la rivière American River, près de Sutter Creek, en Californie. Cette découverte a provoqué une vague de fureur et de désir d'or qui a attiré des milliers de personnes vers l'État, ce qui a marqué le début de la ruée vers l'or en Californie.;1848;1849;"The California Gold Rush began on January 24, 1848, when James W. Marshall, a carpenter and sawmill operator, discovered gold at Sutter's Mill in Coloma, California. This event triggered a mass migration of people to California, which led to a significant increase in the population and economic growth of the region.

However, it's worth noting that the gold rush didn't start immediately after Marshall's discovery. News of the find took several months to spread, and it wasn't until 1849 that the gold rush really got underway, with thousands of people arriving in California in search of gold.

Would you like to know more about the California Gold Rush or its impact on the region?";False;False;0.9998;fr;en;True;True;False;True;True;Wann begann der kalifornische Goldrausch?;de;True;Quand la ruée vers l'or en Californie a-t-elle commencé ?;fr;True;;¿Cuándo empezó la fiebre del oro de California?;es;True;;;;;;;factual_aperturas;8
Cite the year the Bastille was stormed.;La prise de la Bastille a eu lieu en 1789.;1789;;The Bastille was stormed on July 14, 1789.;False;False;0.9996;fr;en;True;True;False;True;True;Nenne das Jahr des Sturms auf die Bastille.;de;True;Citez l'année de la prise de la Bastille.;fr;True;;Cita el año de la toma de la Bastilla.;es;True;;;;;;;imperativo;10
Decode why volcanoes erupt.;Les volcans entrent en éruption lorsque la pression de gaz et de roches en résidence dans le cratère atteint un niveau critique, provoquant une libération soudaine et violente de matières volcániques.;magma;;"Volcanoes erupt due to a combination of geological processes that build up pressure and lead to the release of magma, gases, and other materials from the Earth's interior. Here's a simplified explanation:

**The Main Players:**

1. **Magma**: Molten rock beneath the Earth's surface, typically composed of molten minerals, gases, and volatiles (such as water vapor and carbon dioxide).
2. **Plate Tectonics**: The movement of the Earth's lithosphere (the outermost solid layer) is driven by convection currents in the Earth's mantle. This movement can cause stress and pressure buildup.
3. **Gas Content**: Volatiles in the magma, such as water vapor and carbon dioxide, can increase the pressure and make the magma more buoyant.

**The Eruption Process:**

1. **Magma Accumulation**: Magma accumulates in a chamber beneath the volcano, often due to the movement of tectonic plates or the injection of magma from deeper in the Earth's mantle.
2. **Pressure Buildup**: As the magma chamber fills with magma, the pressure increases. This pressure can be exacerbated by the buildup of gases, such as carbon dioxide and sulfur dioxide, which are";False;False;0.9998;fr;en;True;False;False;True;True;Entschlüssle, warum Vulkane ausbrechen.;de;True;Décodez pourquoi les volcans entrent en éruption.;fr;True;;Decodifica por qué entran en erupción los volcanes.;es;True;;;;;;;imperativo_explicativo;6
Why does vinegar taste sour?;"Le vinaigre a un goût acide en raison de sa composition chimique. Le vinaigre est principalement composé d'acide acétique, qui est un acide organique. L'acide acétique est un composé chimique qui se compose d'un groupe acide (COOH) attaché à un groupe éthyle (CH₂CH₂OH).

Lorsque l'acide acétique est dissous dans l'eau, il se désintègre en ionisant en acide acétique (CH₃COOH) et en ion de hydrogène (H+). C'est cette ionisation qui donne au vinaigre son goût acide.

Le goût acide est une sensation causée par la présence de ces ions de hydrogène dans la bouche. Lorsque les ions de hydrogène entrent en contact avec les récepteurs des papilles gustatives, ils activent les canaux de transmission des signaux gustatifs, ce qui provoque la sensation de goût acide.

Il est important de noter que le degré d'acidité du vinaigre peut varier en fonction";acetic acid;aceti|Essigs;"Vinegar tastes sour because of its high concentration of acetic acid, which is a type of organic acid. Acetic acid is a weak organic acid that is produced by the fermentation of ethanol (the type of alcohol found in wine, beer, and other fermented beverages) by microorganisms such as bacteria and yeast.

When these microorganisms break down the ethanol, they produce acetic acid as a byproduct. The concentration of acetic acid in vinegar can vary depending on the type of vinegar, the method of production, and the aging process.

The sour taste of vinegar is caused by the way that acetic acid interacts with the taste buds on your tongue. Acetic acid is a polar molecule, which means that it has a slightly positive charge on one end and a slightly negative charge on the other end. This polarity allows acetic acid to bind to the taste receptors on your tongue, which are responsible for detecting sour tastes.

When acetic acid binds to the taste receptors, it triggers a signal that is sent to your brain, which interprets the signal as a sour taste. The more concentrated the acetic acid, the more intense the sour taste.

There are many types of vinegar, each with its own unique flavor profile and acidity level";False;False;0.9998;fr;en;True;True;False;True;True;Warum schmeckt Essig sauer?;de;True;Pourquoi le vinaigre a-t-il un goût acide ?;fr;True;;¿Por qué el vinagre sabe ácido?;es;True;;;;;;;explicativa;6
Capital of North Korea?;Pyongyang est la capitale de la Corée du Nord.;Pyongyang;Pjongjang|Piongyang|Pyong-yang;Pyongyang is the capital of North Korea.;False;False;0.9998;fr;en;True;True;False;True;True;Hauptstadt von Nordkorea?;de;True;Capitale de la Corée du Nord ?;fr;True;;¿Capital de Corea del Norte?;es;True;;;;;;;corta;5
Hi! Who was the Greek sea god?;"Salut!

Le dieu grec de la mer est Poséidon! Il est souvent représenté comme un homme avec une barbe longue et des cheveux noirs, portant une trident (un trident est un trident, c'est-à-dire un trident avec trois pointes). Il est le dieu du tonnerre, de l'océan et des éruptions volcaniques.

Poséidon est également le frère de Zeus et Héra, les dieux du ciel et de la terre. Il est souvent associé à la puissance et à la force de la mer.

Et vous, connaissez-vous d'autres dieux grecs?";Poseidon;Poseidone;"There were several Greek sea gods, but I'll give you a few of the most well-known ones:

1. **Poseidon**: He was the king of the gods and the god of the sea, earthquakes, and horses. He was often depicted carrying a trident, a three-pronged spear that could control the seas.
2. **Neptune**: In Roman mythology, Neptune was the equivalent of Poseidon. He was also the god of the sea and earthquakes.
3. **Nereus**: He was a sea god and the father of the Nereids, a group of sea nymphs. Nereus was often depicted as an old man with a long beard.
4. **Phorcys**: He was a sea god and the father of the sea monsters, such as the Scylla and the Charybdis.

Which one of these sea gods would you like to know more about?";False;False;0.9998;fr;en;True;True;False;True;True;Hallo! Wer war der griechische Meeresgott?;de;True;Salut ! Qui était le dieu grec de la mer ?;fr;True;;¡Hola! ¿Quién era el dios griego del mar?;es;True;;;;;;;conversacional;9
In what year was the Magna Carta signed?;La Magna Carta a été signée en 1215.;1215;;The Magna Carta was signed in 1215. Specifically, it was signed by King John of England on June 15, 1215, at Runnymede, near Windsor Castle in England.;False;False;0.9997;fr;en;True;True;False;True;True;Was ist das Jahr, in dem der Magna Carta unterzeichnet wurde?;de;True;En quelle année la Magna Carta a-t-elle été signée ?;fr;True;;¿En qué año se firmó la Magna Carta?;unknown;True;;;;;;;factual_clasica;
When did the Suez Canal open?;Le canal de Suez a ouvert en 1869.;1869;;The Suez Canal opened on November 17, 1869.;False;False;0.9988;fr;en;True;True;False;True;True;Wann wurde der Suezkanal eröffnet?;de;True;Quand le canal de Suez a-t-il ouvert ?;fr;True;;¿Cuándo se abrió el canal de Suez?;es;True;;;;;;;factual_aperturas;8
Find the capital of Argentina.;Buenos Aires est la capitale de l'Argentine.;Buenos Aires;;The capital of Argentina is Buenos Aires.;False;False;0.9993;fr;en;True;True;False;True;True;Finde die Hauptstadt Argentiniens.;de;True;Trouvez la capitale de l'Argentine.;fr;True;;Encuentra la capital de Argentina.;es;True;;;;;;;imperativo;6
Unravel what causes earthquakes.;"Les tremblements de terre sont des phénomènes naturels qui se produisent lorsque la croûte terrestre est soumise à des forces de tension, de compression ou de déformation. Voici les principaux facteurs qui provoquent les tremblements de terre :

1.  **La mouvement des plaques tectoniques** : La croûte terrestre est divisée en plaques qui se déplacent lentement sur le globe. Ces mouvements peuvent entraîner des tensions et des déformations dans la croûte, ce qui peut provoquer des tremblements de terre.
2.  **La formation de faults** : Les faults sont des fissures dans la croûte terrestre où les plaques tectoniques se déplacent. Lorsqu'une plaque se déplace sur une autre, elle peut provoquer des tremblements de terre en créant des tensions et des déformations dans la croûte.
3.  **La pression des fluides** : Les fluides, tels que l'eau et les gaz, peuvent se déplacer dans les failles et les fissures de la cro";tectonic;tecton|tekton|tetton|Platten|placas|plaques tectoniques;"Earthquakes are fascinating and complex natural phenomena that have captivated humans for centuries. I'd be happy to help unravel the causes of earthquakes.

**What causes earthquakes?**

Earthquakes are caused by the movement of tectonic plates in the Earth's lithosphere, which is the outermost solid layer of the planet. The lithosphere is broken into several large plates that fit together like a jigsaw puzzle. These plates are in constant motion, sliding over the more fluid asthenosphere below.

**The main causes of earthquakes:**

1. **Plate Tectonics**: The movement of tectonic plates is the primary cause of earthquakes. As plates move, they can get stuck at their boundaries, causing stress to build up. When the stress becomes too great, the plates will suddenly move, releasing the stored energy as seismic waves, which is what we feel as an earthquake.
2. **Faulting**: Faults are cracks or fractures in the Earth's crust where the tectonic plates have moved past each other. When the plates move, they can get stuck, causing the fault to rupture, releasing energy as seismic waves.
3. **Volcanic activity**: Volcanic eruptions can also cause earthquakes. As";False;False;0.9998;fr;en;True;True;False;True;True;Entwirre, was Erdbeben verursacht.;de;True;Démêlez ce qui provoque les tremblements de terre.;fr;True;;Desentraña qué causa los terremotos.;es;True;;;;;;;imperativo_explicativo;6
Why does mint feel cold?;"La menthe est connue pour son goût frais et rafraîchissant, mais pourquoi elle donne-t-elle souvent une sensation de froid? Il y a plusieurs raisons pour cela :

1. **Composition chimique** : La menthe contient des composés chimiques appelés ésters, qui sont responsables de son goût et de sa fraîcheur. L'un de ces ésters, le menthol, est particulièrement connu pour sa propriété de refroidissement.
2. **Mécanisme de perception** : Lorsque nous mangeons de la menthe, le menthol entre dans notre système nerveux et active les récepteurs de froid dans notre bouche et notre langue. Cela nous fait percevoir une sensation de froid, même si la température réelle de la menthe est normale.
3. **Effet sur le système nerveux** : Le menthol peut également affecter le système nerveux central, en modifiant la perception de la douleur et de la température. Cela peut expliquer pourquoi la menthe peut sembler ""froid"" même si elle n'est pas réellement froide";menthol;mentol;"Mint is often associated with a cooling sensation, and there are several reasons why it might feel cold to the touch:

1. **Evaporative cooling**: Mint contains a high concentration of volatile oils, particularly menthol and menthone. When you touch mint, these oils evaporate quickly, creating a cooling sensation on your skin. This is similar to how a cold compress or a cold pack works.
2. **Menthol's cooling effect**: Menthol is a natural analgesic and anti-inflammatory compound found in mint. When it comes into contact with your skin, it binds to pain receptors, creating a cooling sensation. This is why menthol is often used in topical creams and ointments to relieve pain and itching.
3. **Temperature regulation**: Mint contains a compound called menthone, which has a lower melting point than water. When you touch mint, the menthone molecules can rapidly absorb heat from your skin, creating a cooling effect.
4. **Nerve stimulation**: The menthol in mint can also stimulate nerve endings in your skin, which can create a tingling or cooling sensation. This is similar to how some people experience a ""pins and needles"" feeling when they touch certain fabrics or textures.
5. **";False;False;0.9998;fr;en;True;True;False;True;True;Warum fühlt sich Minze kalt an?;de;True;Pourquoi la menthe donne-t-elle une sensation de froid ?;fr;True;;¿Por qué la menta se siente fría?;es;True;;;;;;;explicativa;6
Capital of Taiwan?;La capitale de Taïwan est Taipei.;Taipei;Taipeh|Taipe;The capital of Taiwan is Taipei.;False;False;0.9998;fr;en;True;True;False;True;True;Hauptstadt von Taiwan?;de;True;Capitale de Taïwan ?;fr;True;;¿Capital de Taiwán?;es;True;;;;;;;corta;4
So, who was Zeus's wife?;"Une question mythologique!

Selon la mythologie grecque, Zeus a eu de nombreuses amantes et épouses, mais la plus connue est probablement Sémélé, une mortelle qui est devenue la déesse de la fertilité et de la nature.

Cependant, si vous faites référence à une épouse mythique de Zeus dans le sens classique du terme, vous pourriez penser à Héra, qui est souvent considérée comme la reine des dieux et l'épouse de Zeus. Héra est la déesse de la famille, de la mariage et de la procréation, et elle est souvent représentée comme une femme puissante et autoritaire.

Il convient de noter que la mythologie grecque est riche et complexe, et les relations entre les dieux et les mortels sont souvent ambigues et nuancées. Mais en général, Héra est considérée comme l'épouse de Zeus dans la mythologie grecque.";Hera;Juno;"A classic question from Greek mythology!

In Greek mythology, Zeus's wife was Hera (Ἑρα). Hera was the goddess of marriage, childbirth, and family, and she was often depicted as a powerful and maternal figure. She was also known for her jealousy and wrath, particularly towards Zeus's many lovers and children.

Hera and Zeus were married for many years, but their relationship was complicated and often tumultuous. Hera was known to be fiercely protective of her marriage and her role as queen of the gods, and she frequently clashed with Zeus's many lovers and children, including his famous offspring like Athena, Apollo, and Dionysus.

Despite their complicated relationship, Hera remained Zeus's wife and queen of the gods for many years, and she played an important role in Greek mythology and culture.";False;False;0.9998;fr;en;True;True;False;True;True;Also, wer war die Frau von Zeus?;de;True;Alors, qui était l'épouse de Zeus ?;fr;True;;Entonces, ¿quién era la esposa de Zeus?;es;True;;;;;;;conversacional;8
What is the chemical symbol for magnesium?;Le symbole chimique du magnésium est Mg.;Mg;;The chemical symbol for magnesium is Mg.;False;False;0.9998;fr;en;True;True;False;True;True;Was ist das chemische Symbol für Magnesium?;de;True;Quel est le symbole chimique du magnésium?;fr;True;;¿Cuál es el símbolo químico de magnesio?;es;True;;;;;;;factual_clasica;
When was the Hubble telescope launched?;Le télescope spatial Hubble a été lancé le 24 avril 1990.;1990;;The Hubble Space Telescope was launched on April 24, 1990.;False;False;0.9998;fr;en;True;True;False;True;True;Wann wurde das Hubble-Teleskop gestartet?;de;True;Quand le télescope Hubble a-t-il été lancé ?;fr;True;;¿Cuándo se lanzó el telescopio Hubble?;es;True;;;;;;;factual_aperturas;8
Look up the capital of Thailand.;La capitale de la Thaïlande est Bangkok.;Bangkok;Banguecoque;The capital of Thailand is Bangkok.;False;False;0.9998;fr;en;True;True;False;True;True;Schlag die Hauptstadt Thailands nach.;de;True;Cherchez la capitale de la Thaïlande.;fr;True;;Busca la capital de Tailandia.;es;True;;;;;;;imperativo;7
Fill me in on why stars twinkle.;Les étoiles scintillent en raison de la variation de leur température.;atmosphere;atmos;"The twinkling of stars is a fascinating phenomenon that has captivated humans for centuries. So, let's dive into the reasons behind this twinkling effect.

**The Short Answer:**
Stars twinkle because of the way their light travels through space and is affected by the Earth's atmosphere.

**The Long Answer:**
When a star emits light, it travels through a vast distance of space, often millions or even billions of light-years. As this light travels, it encounters various obstacles, including:

1. **Gas and Dust:** The interstellar medium (ISM) is a mixture of gas and dust that fills the space between stars. This material scatters the light from the star, causing it to bend and change direction.
2. **Atmospheric Conditions:** When the light from a star reaches the Earth's atmosphere, it encounters tiny molecules of gases like nitrogen and oxygen. These molecules scatter the shorter (blue) wavelengths of light more than the longer (red) wavelengths, a phenomenon known as Rayleigh scattering.
3. **Air Turbulence:** The Earth's atmosphere is not a perfect, smooth medium. Turbulence and air currents can cause the light to be refracted (bent) and scattered in different directions, adding";False;False;0.9998;fr;en;True;False;False;True;True;Bring mich auf den Stand, warum Sterne funkeln.;de;True;Mettez-moi au courant de la raison pour laquelle les étoiles scintillent.;fr;True;;Ponme al día sobre por qué titilan las estrellas.;es;True;;;;;;;imperativo_explicativo;9
Why does honey never spoil?;"Une question qui touche le cœur de nombreux amoureux du miel!

Le miel est souvent considéré comme une substance éternelle, car il ne se gâte jamais. Mais pourquoi?

La raison est que le miel est un produit naturel qui est formé par les abeilles à partir de la nectar des fleurs. Lorsqu'une abeille collecte du nectar, elle le transforme en un liquide visqueux en l'ajoutant à son salive, qui contient des enzymes. Ces enzymes, notamment l'invertase, convertissent le sucre du nectar en glucose et en fructose, ce qui donne au miel son caractéristique saveur et texture.

Le miel est ensuite stocké dans les cellules de la ruche, où il est séché par les abeilles à l'aide de son salive. Ce processus de séchage permet de réduire la teneur en eau du miel à moins de 18%, ce qui en fait une substance très stable.

En outre, le miel est également protégé par plusieurs facteurs qui contribuent à son immunité";sugar;sucr|azuc|Zucker|zucch|acuc|Wassergehalt|teneur en eau|contenido de agua|low water;"Honey is indeed one of the few foods that is virtually indestructible and resistant to spoilage. There are several reasons why honey never spoils:

1. **Low Water Content**: Honey is a supersaturated sugar solution that contains very little water (usually less than 18%). This low water content makes it difficult for bacteria, yeast, and mold to grow, as they require a certain level of moisture to thrive.
2. **Acidic pH**: Honey has a pH level that is slightly acidic, ranging from 3.2 to 4.5. This acidity creates an environment that is unfavorable for the growth of most microorganisms.
3. **Hydrogen Peroxide**: Honey contains small amounts of hydrogen peroxide, which is a natural antiseptic that helps to preserve the honey and prevent the growth of microorganisms.
4. **Enzymes**: Honey contains enzymes like diastase, which breaks down starches into sugars, making it difficult for microorganisms to feed on.
5. **Natural Antibiotics**: Honey contains natural antibiotics like methylglyoxal, which has been shown to have antimicrobial properties.
6. **Viscosity**: Honey's thick, viscous texture makes it difficult for microorganisms";False;False;0.9998;fr;en;True;True;False;True;True;Warum verdirbt Honig nie?;de;True;Pourquoi le miel ne se gâte-t-il jamais ?;fr;True;;¿Por qué la miel nunca se echa a perder?;es;True;;;;;;;explicativa;6
Capital of Uzbekistan?;Tachkent est la capitale de l'Ouzbékistan.;Tashkent;Tachkent|Taskent|Taschkent;The capital of Uzbekistan is Tashkent.;False;False;0.9997;fr;en;True;True;False;True;True;Hauptstadt von Usbekistan?;de;True;Capitale de l'Ouzbékistan ?;fr;True;;¿Capital de Uzbekistán?;es;True;;;;;;;corta;5
Honestly, who slew Medusa?;"Une question mythologique!

Selon la mythologie grecque, Méduse a été tuée par Pélasgus, un prince de Calydon, avec l'aide de l'apollonien Batis. Cependant, la version la plus connue est que Méduse a été tuée par l'hercule (Héraclès en grec) lors de ses Quatre Chevaux de Troie.

Selon la légende, Héraclès avait affronté Méduse lors de son voyage en Grèce et avait tué la déesse en utilisant son éclat de lune pour se protéger des yeux mortels de Méduse. Ensuite, il avait utilisé son épée pour la tuer.

Il convient de noter que les différentes versions de la mythologie peuvent varier, mais l'histoire de la mort de Méduse est généralement attribuée à Héraclès.";Perseus;Persee|Perseo|Perseu;"A classic mythological question!

According to Greek mythology, Medusa was beheaded by the hero Perseus. Perseus was a demigod, the son of Zeus and a mortal woman named Danaë. He was on a quest to complete a series of tasks set by King Polydectes of Seriphos, where he was being held captive.

To behead Medusa, Perseus was given a mirrored shield by the god Athena, which allowed him to look at Medusa without being petrified by her gaze. He then approached her, looked into the mirror, and struck her on the head with a magical sword. From her severed head, the winged horse Pegasus was born, as well as the giant Chrysaor.

It's worth noting that other heroes, such as Theseus and Hercules, also claimed to have slain Medusa, but Perseus is the most widely accepted hero in Greek mythology to have accomplished this feat.";False;False;0.9998;fr;en;True;False;False;True;False;Ehrlich gesagt: Wer hat Medusa getötet?;de;True;Franchement, qui a tué Méduse ?;fr;True;;Sinceramente, ¿quién mató a Medusa?;es;True;;;;;;;conversacional;7
What is the capital of Colombia?;La capitale de la Colombie est Bogota.;Bogota;;The capital of Colombia is Bogotá.;False;False;0.9994;fr;en;True;True;False;True;True;Was ist die Hauptstadt von Kolumbien?;de;True;Quelle est la capitale de la Colombie ?;fr;True;;¿Cuál es la capital de Colombia?;es;True;;;;;;;factual_clasica;
Whose diary was hidden in an Amsterdam annex?;Le journal de Anne Frank;Anne Frank;;"I think I can help you with that!

You're probably thinking of Anne Frank's diary. Anne Frank was a young Jewish girl who lived in Amsterdam during World War II. She and her family were forced into hiding in a secret annex above her father's office building to avoid persecution by the Nazis.

Anne kept a diary throughout her time in hiding, writing about her daily life, hopes, and fears. The diary was hidden away in the annex, along with other important documents and mementos, in the hopes that it would be discovered after the war and serve as evidence of the atrocities committed during the Holocaust.

Tragically, Anne and her family were discovered by the Nazis in August 1944, and they were all deported to concentration camps. Anne died in the Bergen-Belsen camp in February 1945, just a few months before the camp was liberated by the Allies.

The diary, however, survived and was discovered by Miep Gies, one of the people who helped the Frank family while they were in hiding. It was later published and has since become one of the most famous and important books of the 20th century, serving as a powerful reminder of the horrors of the Holocaust and the importance of tolerance, compassion";False;False;0.985;fr;en;True;True;False;True;True;Wessen Tagebuch war in einem Amsterdamer Hinterhaus versteckt?;de;True;Le journal de qui était caché dans une annexe d'Amsterdam ?;fr;True;;¿De quién era el diario escondido en un anexo de Ámsterdam?;es;True;;;;;;;factual_aperturas;10
Point out the tallest animal alive.;L'éléphant est l'animal vivant le plus haut.;giraffe;girafe|jirafa|giraffa|girafa;The tallest animal alive is the giraffe (Giraffa camelopardalis). On average, an adult giraffe can grow up to 14-19 feet (4.3-5.8 meters) tall, with some males reaching heights of over 20 feet (6 meters) tall!;False;False;0.9998;fr;en;True;False;False;True;False;Zeig mir das höchstgewachsene lebende Tier.;de;True;Désignez l'animal vivant le plus haut.;fr;True;;Señala el animal vivo más alto.;es;True;;;;;;;imperativo;7
Interpret how a compass works.;"Une boussole est un instrument de navigation qui permet de déterminer la direction du nord. Voici comment elle fonctionne :

**Principe de base**

Une boussole repose sur le principe de la magnetisation des aimants. Les aimants magnétiques sont présents dans les aimants de la boussole, qui sont généralement des aimants de fer ou de nickel. Ces aimants sont alignés de manière à créer un champ magnétique qui est perpendiculaire à la surface de la boussole.

**Fonctionnement**

Lorsque la boussole est placée sur un aimant magnétique, le champ magnétique de l'aimant de la boussole est aligné avec le champ magnétique terrestre. Le champ magnétique terrestre est généré par la Terre elle-même et est composé de deux composantes : un champ magnétique axial (ou champ magnétique de la Terre) qui est perpendiculaire à l'équateur et un champ magnétique polaire qui est perpendiculaire à l'équateur et à l'axe de rotation de la Terre.

**Indication de direction**";magnetic;magnet|iman;"A compass is a simple yet fascinating device that has been used for navigation and orientation for centuries. Here's how it works:

**The Basic Principle**

A compass works on the principle of magnetism and the Earth's magnetic field. The Earth's core is made up of molten iron, which generates a magnetic field that surrounds the planet. This magnetic field is strong enough to interact with a compass needle, causing it to align itself with the magnetic field lines.

**The Compass Components**

A typical compass consists of:

1. **Magnetized Needle**: A small, magnetized needle (usually made of iron or a ferromagnetic material) that is free to rotate.
2. **Dial or Scale**: A circular dial or scale with markings to indicate direction (e.g., north, south, east, west).
3. **Base or Housing**: A sturdy base or housing that holds the needle and dial in place.

**How it Works**

Here's the step-by-step process:

1. **Magnetic Field Interaction**: When a compass is placed on a flat surface, the magnetized needle is free to rotate. The Earth's magnetic field interacts with the needle, causing it to align itself with the magnetic field lines.
2. **";False;False;0.9998;fr;en;True;True;False;True;True;Deute, wie ein Kompass funktioniert.;de;True;Interprétez le fonctionnement d'une boussole.;fr;True;;Interpreta cómo funciona una brújula.;es;True;;;;;;;imperativo_explicativo;7
How are pickles made?;"Les cornichons! Ces petits cornichons de saucisson sont un classique de la cuisine française. Voici une recette simple pour faire des cornichons chez soi :

Ingrédients :

* 500g de saucisson de Toulouse ou de jambon sec
* 250g de fromage de chèvre ou de fromage blanc
* 1 oignon finement haché
* 1 cuillère à café de sel
* 1/2 cuillère à café de poivre noir
* 1/4 cuillère à café de piment d'Espelette (facultatif)

Instructions :

1. Préchauffez votre four à 180°C.
2. Dans un robot de cuisine ou un mixer, mélangez le saucisson haché, le fromage de chèvre, l'oignon, le sel, le poivre et le piment d'Espelette (si utilisé).
3. Mélangez bien jusqu'à obtenir une pâte homogène.
4. Formez des boules de pâte avec une petite cuillère ou vos doigts.";brine;saumure|salmuera|Salzlake|salamoia|salmoura|vinegar|vinaigre|vinagre|Essig|aceto|Salzwasser|eau salee|agua salada|agua con sal;"Pickles are a delicious and tangy condiment made from cucumbers that have been preserved in a solution of brine, vinegar, or other acidic liquids. Here's a step-by-step guide on how pickles are typically made:

**Traditional Method:**

1. **Cucumber selection and preparation**: Fresh cucumbers are selected and washed to remove any dirt or debris. They are then sliced or whole, depending on the desired pickle type.
2. **Brine preparation**: A brine solution is created by mixing water, salt, and sometimes sugar, to create a salty liquid. The brine is designed to preserve the cucumbers and add flavor.
3. **Cucumber soaking**: The sliced or whole cucumbers are submerged in the brine solution, allowing them to soak for several hours or overnight.
4. **Fermentation**: The cucumbers are left to ferment in the brine solution, which allows natural bacteria on the cucumbers to break down the sugars and create lactic acid. This process can take anywhere from a few days to several weeks, depending on the desired level of sourness.
5. **Packing and storage**: The pickles are then packed into jars or containers, leaving";False;False;0.9998;fr;en;True;False;False;True;True;Wie werden saure Gurken hergestellt?;de;True;Comment fait-on les cornichons ?;fr;True;;¿Cómo se hacen los encurtidos?;es;True;;;;;;;explicativa;6
Capital of Kyrgyzstan?;Bichkek est la capitale du Kirghizistan.;Bishkek;Bichkek|Biskek|Bischkek;The capital of Kyrgyzstan is Bishkek.;False;False;0.9979;fr;en;True;True;False;True;True;Hauptstadt von Kirgisistan?;de;True;Capitale du Kirghizistan ?;fr;True;;¿Capital de Kirguistán?;es;True;;;;;;;corta;6
Wait, who was the Greek goddess of wisdom?;La déesse grecque de la sagesse est Athéna.;Athena;Athene|Atenea|Atena;"The Greek goddess of wisdom is Athena (Αθηνά). She was often depicted as a wise and powerful woman, wearing a helmet and carrying a shield and spear. Athena was the daughter of Zeus and Metis, and was known for her intelligence, strategic thinking, and bravery. She was also the patron goddess of the city of Athens, and was often invoked for guidance and wisdom.

Would you like to know more about Athena or Greek mythology in general?";False;False;0.9998;fr;en;True;True;False;True;True;Moment, wer war die griechische Göttin der Weisheit?;de;True;Attends, qui était la déesse grecque de la sagesse ?;fr;True;;Espera, ¿quién era la diosa griega de la sabiduría?;es;True;;;;;;;conversacional;10
What is the normal human body temperature in degrees Celsius?;La température normale du corps humain est de 37 degrés Celsius.;37;;"The normal human body temperature is around 37 degrees Celsius (98.6 degrees Fahrenheit). However, it's worth noting that normal body temperature can vary slightly from person to person, and it can also fluctuate throughout the day.

In general, a normal body temperature range is considered to be between 36.5°C and 37.5°C (97.7°F and 99.5°F). Temperatures above 38°C (100.4°F) or below 35.5°C (94°F) can be considered abnormal and may indicate an underlying medical condition.";False;False;0.9996;fr;en;True;True;False;True;True;Was ist die normale Körpertemperatur des Menschen in Grad Celsius?;de;True;Quelle est la température normale du corps humain en degrés Celsius?;fr;True;;¿Cuál es la temperatura normal del cuerpo humano en grados Celsius?;es;True;;;;;;;factual_clasica;
Whose assassination triggered World War I?;L'assassinat de l'archiduc François-Ferdinand d'Autriche, héritier du trône d'Autriche-Hongrie, a déclenché la Première Guerre mondiale.;Franz Ferdinand;Ferdinand|Fernando|Ferdinando;The assassination that triggered World War I was the assassination of Archduke Franz Ferdinand, the heir to the throne of Austria-Hungary, on June 28, 1914, in Sarajevo, Bosnia.;False;False;0.9994;fr;en;True;True;False;True;True;Wessen Ermordung löste den Ersten Weltkrieg aus?;de;True;L'assassinat de qui a déclenché la Première Guerre mondiale ?;fr;True;;¿El asesinato de quién desencadenó la Primera Guerra Mundial?;es;True;;;;;;;factual_aperturas;8
Remind me who painted The Kiss.;"Un classique!

Le Baiser (ou Le Baiser de la Reine) est une peinture à l'huile sur toile réalisée par le peintre français Gustave Courbet en 1868-1869. Elle est considérée comme l'une des œuvres les plus importantes du réalisme français du XIXe siècle.

La peinture représente un couple amoureux en train de s'embrasser, mais avec une touche de réalisme et de naturalisme qui la distingue de la représentation conventionnelle de l'amour. La pose des personnages, les couleurs et les détails de la peinture sont tous caractéristiques du style courbetiste.

Le Baiser est considérée comme l'une des œuvres les plus célèbres de Courbet et est aujourd'hui exposée au Musée d'Orsay à Paris.";Klimt;;"A classic piece of art!

The painting ""The Kiss"" is a famous work by the Austrian artist Gustav Klimt (1862-1918). It was created between 1907 and 1908 and is considered one of Klimt's most iconic and influential works. The painting depicts a couple embracing, with their faces intertwined and their bodies wrapped in each other's arms. It's a beautiful example of Art Nouveau and Symbolism styles, and it's widely regarded as one of the most famous paintings in the world.

Would you like to know more about Gustav Klimt or ""The Kiss"" specifically?";False;False;0.9998;fr;en;True;False;False;True;False;Erinnere mich, wer Der Kuss gemalt hat.;de;True;Rappelez-moi qui a peint Le Baiser.;fr;True;;Recuérdame quién pintó El beso.;es;True;;;;;;;imperativo;8
Expand on how fish breathe underwater.;"Les poissons respirent sous l'eau grâce à un système spécialisé qui leur permet de prendre l'air à l'extérieur de leur corps. Voici comment ça marche :

**Le système respiratoire des poissons**

Les poissons ont deux types de branchies :

1.  **Les branchies branchiées** : situées sur le dessus de la tête, elles sont composées de filaments longs et fins qui absorbent l'oxygène de l'eau. Ces filaments sont recouverts de micro-organismes appelés galeons qui aident à la respiration.
2.  **Les branchies branchiées** : situées sur le dessus de la tête, elles sont composées de filaments longs et fins qui absorbent l'oxygène de l'eau. Ces filaments sont recouverts de micro-organismes appelés galeons qui aident à la respiration.

**Le processus de respiration**

Voici comment fonctionne le processus de respiration chez les poissons :

1.  **L'air est aspiré** : le poisson souffle l'air à travers ses branchies";gills;branchi|branqui|Kiemen;"Fish breathing underwater is a fascinating process that's essential for their survival. Here's a detailed explanation:

**The Basics**

Fish don't have lungs like humans do, so they don't breathe air in the same way. Instead, they use a specialized respiratory system that allows them to extract oxygen from the water. This process is called ""branchial respiration.""

**The Branchial Apparatus**

The branchial apparatus is a complex system that includes the following components:

1. **Gills**: These are the primary organs responsible for exchanging oxygen and carbon dioxide between the water and the fish's bloodstream. Gills are made up of thin filaments that absorb oxygen from the water and release carbon dioxide.
2. **Branchial arches**: These are the bony structures that support the gills and provide a framework for the fish's respiratory system.
3. **Pharyngeal slits**: These are the openings through which water enters the fish's mouth and passes over the gills.

**The Breathing Process**

Here's how fish breathe underwater:

1. **Water enters the mouth**: Water enters the fish's mouth through the pharyngeal slits.
2. **Water passes over the gills**: The water then passes";False;False;0.9998;fr;en;True;True;False;True;True;Vertiefe, wie Fische unter Wasser atmen.;de;True;Développez la façon dont les poissons respirent sous l'eau.;fr;True;;Profundiza en cómo respiran los peces bajo el agua.;es;True;;;;;;;imperativo_explicativo;7
What sank the Titanic?;"Le Titanic a coulé en 1912 après avoir heurté un iceberg dans l'océan Atlantique. C'est une des plus grandes catastrophes maritimes de l'histoire.

Voici les détails :

*   Le Titanic était un navire de luxe britannique qui faisait la traversée de l'Atlantique entre Southampton, en Angleterre, et New York, aux États-Unis.
*   Le 14 avril 1912, le Titanic a heurté un iceberg dans l'océan Atlantique, à environ 370 milles au nord-est de Terre-Neuve, au Canada.
*   Le navire a subi des dommages importants, notamment à son casque, ce qui a entraîné une inondation de la salle à manger et des autres espaces inférieurs.
*   Les efforts pour sauver le navire ont été inutiles, et le Titanic a coulé à 2h20 du matin le 15 avril 1912, à une profondeur de 3 800 mètres.
*   Plus de 1 500 personnes sont mortes";iceberg;Eisberg|glace massive|une glace|un hielo|bloque de hielo;"The sinking of the Titanic is one of the most infamous maritime disasters in history. While there were several contributing factors, the main reason for the ship's sinking was a combination of its high speed in an area known to have icebergs and a series of unfortunate events.

Here's a brief summary:

1. **Iceberg collision**: On the night of April 14, 1912, the Titanic struck an iceberg on its starboard (right) side. The collision caused significant damage to the ship's hull, but it was not immediately apparent how severe the damage was.
2. **Water flooding the compartments**: As the ship continued to move, water began to flood into the compartments that were not designed to handle the amount of water pouring in. The ship's watertight compartments were not fully watertight, and the damage from the iceberg exceeded the capacity of the compartments.
3. **Lack of lifeboats**: The Titanic had only enough lifeboats to accommodate about half of the passengers and crew on board. This was not enough to save everyone, and many people were left stranded on the sinking ship.
4. **Insufficient lookout**: The ship's lookout crew did not have access to binoculars, which would have helped";False;False;0.9998;fr;en;True;True;False;True;True;Was brachte die Titanic zum Sinken?;de;True;Qu'est-ce qui a coulé le Titanic ?;fr;True;;¿Qué hundió el Titanic?;es;True;;;;;;;explicativa;5
Capital of Oman?;La capitale d'Oman est Mascate (en arabe : مسقط).;Muscat;Mascate|Maskat|Moscate;The capital of Oman is Muscat.;False;False;0.9998;fr;en;True;True;False;True;True;Hauptstadt von Oman?;de;True;Capitale d'Oman ?;fr;True;;¿Capital de Omán?;es;True;;;;;;;corta;4
Sorry, what's the capital of the Netherlands?;La capitale des Pays-Bas est Amsterdam!;Amsterdam;Amsterdao;The capital of the Netherlands is Amsterdam.;False;False;0.9993;fr;en;True;True;False;True;True;Entschuldigung, was ist die Hauptstadt der Niederlande?;de;True;Pardon, quelle est la capitale des Pays-Bas ?;fr;True;;Perdona, ¿cuál es la capital de los Países Bajos?;es;True;;;;;;;conversacional;10
What is the capital of Chile?;La capitale du Chili est Santiago.;Santiago;;The capital of Chile is Santiago.;False;False;0.9996;fr;en;True;True;False;True;True;Was ist die Hauptstadt von Chile?;de;True;Quelle est la capitale du Chili?;fr;True;;¿Cuál es la capital de Chile?;es;True;;;;;;;factual_clasica;
Whose equations unified electricity and magnetism?;Maxwell;Maxwell;;James Clerk Maxwell's equations unified electricity and magnetism.;False;False;0.5;unknown;en;True;True;False;True;False;Wessen Gleichungen vereinten Elektrizität und Magnetismus?;de;True;Les équations de qui ont unifié l'électricité et le magnétisme ?;fr;True;;¿Las ecuaciones de quién unificaron la electricidad y el magnetismo?;es;True;;;;;;;factual_aperturas;9
Let me know the capital of Austria.;La capitale de l'Autriche est Vienne.;Vienna;Vienne|Viena|Wien;The capital of Austria is Vienna (Wien in German).;False;False;0.9998;fr;en;True;True;False;True;True;Sag mir die Hauptstadt Österreichs.;de;True;Dites-moi la capitale de l'Autriche.;fr;True;;Dime la capital de Austria.;es;True;;;;;;;imperativo;8
Examine why salt melts ice.;"Un sujet intéressant!

Le sel fait fondre la glace en raison de sa capacité à réduire la surface de contact entre les molécules d'eau de la glace et les molécules de sel. Voici les principes scientifiques qui expliquent ce phénomène :

1. **Réduction de la surface de contact** : Lorsque vous mélangez du sel avec de l'eau, les particules de sel se dispersent dans l'eau et créent une solution salée. Les molécules d'eau de la glace sont en contact avec les molécules de sel, mais les particules de sel se situent entre les molécules d'eau, réduisant ainsi la surface de contact entre les deux.
2. **Changement de la structure de la glace** : La glace est composée de molécules d'eau qui sont liées ensemble par des liaisons hydrogène. Lorsque vous ajoutez du sel, les molécules d'eau de la glace commencent à se déplacer et à se séparer, ce qui entraîne une modification de la structure de la glace. Les molécules";freezing point;congel|Gefrier|freezing|reduire la temperature de fusion|abaisse le point|abaisser la temperature;"A great question about a fundamental process!

Salt melts ice through a process called ""freezing-point depression."" Here's a step-by-step explanation:

1. **Salt dissolves in water**: When salt (sodium chloride, NaCl) is added to water, it dissolves and breaks into its constituent ions: sodium (Na+) and chloride (Cl-).
2. **Ions disrupt hydrogen bonding**: The dissolved salt ions disrupt the hydrogen bonding between water molecules, which is the primary force holding water molecules together in a solid (ice) state. Hydrogen bonding is a weak electrostatic attraction between water molecules.
3. **Freezing-point depression**: As the salt ions disrupt the hydrogen bonding, the freezing point of the water decreases. This means that the water can now be cooled to a temperature below 0°C (32°F), which is the normal freezing point of pure water.
4. **Ice melts**: When the water is cooled to a temperature below 0°C, the hydrogen bonds between water molecules break, and the water molecules begin to move more freely. This leads to a decrease in the solid-liquid equilibrium, causing the ice to melt.
5. **Salt concentration increases**: As the ice melts, the concentration of salt";False;False;0.9998;fr;en;True;False;False;True;True;Untersuche, warum Salz Eis schmilzt.;de;True;Examinez pourquoi le sel fait fondre la glace.;fr;True;;Examina por qué la sal derrite el hielo.;es;True;;;;;;;imperativo_explicativo;7
What wiped out the dinosaurs?;"Une question qui intrigue toujours!

L'anéantissement des dinosaures est un sujet de débat parmi les scientifiques et les historiens, mais la théorie la plus largement acceptée est que les dinosaures ont été anéantis par un événement massif connu sous le nom d'extinction en masse, également appelé K-Pg (Cretacé-Paleogène).

Cette extinction a eu lieu il y a environ 65 millions d'années, à la fin du Crétacé et au début du Paleogène. Il est croyé que cette extinction a été causée par un comète ou un astéroïde qui a frappé la Terre, envoyant des débris dans l'atmosphère et provoquant un hiver glacial à l'échelle planétaire. Ce phénomène a entraîné la perte de la vie sur Terre, y compris les dinosaures.

Voici quelques preuves qui soutiennent cette théorie :

1. **Les fossiles de dinosaures disparaissent** : Les fossiles de dinosaures disparaissent brusqu";asteroid;astero|meteor;"One of the most enduring and intriguing questions in the history of life on Earth!

The extinction of the dinosaurs is still a topic of much debate and research among scientists. However, the most widely accepted theory is that a combination of factors led to their demise. Here's a summary of the most popular theory:

**The K-Pg Extinction Event**

About 65 million years ago, during a period known as the Cretaceous-Paleogene (K-Pg) boundary, a massive extinction event occurred that wiped out approximately 75% of all species on Earth, including the non-avian dinosaurs. This event marked the end of the Cretaceous period and the beginning of the Paleogene period.

**The Main Culprits:**

1. **Asteroid Impact**: A massive asteroid, estimated to be about 10 kilometers (6 miles) in diameter, collided with Earth at a location now known as the Chicxulub crater in Mexico. The impact would have caused massive earthquakes, tsunamis, and volcanic eruptions, leading to a prolonged ""impact winter.""
2. **Volcanic Eruptions**: Around the same time, massive volcanic eruptions were occurring in India, known as the Deccan Traps";False;False;0.9998;fr;en;True;True;False;True;True;Was löschte die Dinosaurier aus?;de;True;Qu'est-ce qui a anéanti les dinosaures ?;fr;True;;¿Qué acabó con los dinosaurios?;es;True;;;;;;;explicativa;6
Capital of Yemen?;La capitale du Yémen est Sanaa.;Sanaa;Sana'a;The capital of Yemen is Sana'a.;False;False;0.9998;fr;en;True;True;False;True;True;Hauptstadt des Jemen?;de;True;Capitale du Yémen ?;fr;True;;¿Capital de Yemen?;es;True;;;;;;;corta;4
Pub quiz: capital of DR Congo?;La réponse est : Kinshasa!;Kinshasa;Kinsasa|Quinxassa;The capital of the Democratic Republic of the Congo (DR Congo) is Kinshasa.;False;False;0.9998;fr;en;True;True;False;True;True;Kneipenquiz: Hauptstadt der DR Kongo?;de;True;Quiz au bar : capitale de la RD Congo ?;fr;True;;Pregunta de bar: ¿capital de la RD del Congo?;es;True;;;;;;;conversacional;8
What is the atomic number of hydrogen?;Le numéro atomique de l'hydrogène est 1.;1;un;The atomic number of hydrogen is 1.;False;False;0.9998;fr;en;True;True;False;True;True;Was ist die Atomnummer von Wasserstoff?;de;True;Quel est le numéro atomique de l'hydrogène?;fr;True;;¿Cuál es el número átomo de hidrógeno?;es;True;;;;;;;factual_clasica;
What metal has the highest melting point?;Le métal avec le point de fusion le plus élevé est l'Iridium, avec un point de fusion de 2048°C.;tungsten;tungstene|tungsteno|Wolfram|tungstenio;"The metal with the highest melting point is Tungsten (W), with a melting point of approximately 3422°C (6192°F) at standard pressure. Tungsten is a hard, dense, gray-white to gray-blue transition metal that is highly resistant to corrosion and has a very high melting point, making it useful in high-temperature applications such as filaments in light bulbs, rocket nozzles, and heat shields.

It's worth noting that there are some other metals that have even higher melting points under high pressure, such as Osmium (Os) and Iridium (Ir), but at standard atmospheric pressure, Tungsten is the metal with the highest melting point.";False;False;0.9998;fr;en;True;False;False;True;False;Welches Metall hat den höchsten Schmelzpunkt?;de;True;Quel métal a le point de fusion le plus élevé ?;fr;True;;¿Qué metal tiene el punto de fusión más alto?;es;True;;;;;;;factual_aperturas;8
Spot the author of Frankenstein.;L'auteur de Frankenstein est Mary Shelley.;Mary Shelley;Shelley;"The author of Frankenstein is... **Mary Shelley**!

Would you like to know more about Mary Shelley or Frankenstein?";False;False;0.9998;fr;en;True;True;False;True;True;Ermittle, wer Frankenstein geschrieben hat.;de;True;Repérez l'auteur de Frankenstein.;fr;True;;Detecta quién escribió Frankenstein.;es;True;;;;;;;imperativo;7
Analyze why coffee keeps us awake.;"Un classique du monde entier!

Le café est une des substances les plus consommées au monde, et pour une bonne raison : il nous tient éveillés et améliore notre concentration. Mais pourquoi cela se produit-il?

**Les principaux composés responsables**

Le café contient plusieurs composés qui contribuent à son effet stimulant. Les principaux sont :

1. **Caféine** : c'est le composé le plus connu pour son effet stimulant. La caféine est un xanthine, une classe de substances qui inhibent l'action de l'acide adénosine, un neurotransmetteur qui aide à réguler le sommeil. Lorsque la caféine entre en contact avec les récepteurs adénosiniques, elle bloque l'effet de l'acide adénosine, ce qui permet à d'autres neurotransmetteurs, tels que la dopamine et la noradrénaline, de prendre le relais et de stimuler l'activité cérébrale.
2. **Acide chlorogénique** : ce composé est également présent dans le café et contribue à";caffeine;cafeine|cafeina|Koffein|caffeina;"The beloved beverage that keeps many of us going throughout the day! Let's dive into the science behind why coffee keeps us awake.

**The Main Culprit: Caffeine**

Caffeine is the primary stimulant responsible for the alertness and energy boost associated with coffee consumption. It's a xanthine alkaloid compound found in over 60 plant species, including coffee beans. Caffeine works by interacting with the body's adenosine receptors, which regulate sleep and wakefulness.

**How Caffeine Works**

Adenosine is a neurotransmitter that promotes sleep and relaxation. When adenosine binds to its receptors, it slows down neural activity, leading to feelings of drowsiness and sleepiness. Caffeine blocks adenosine receptors, preventing adenosine from binding and reducing its sleep-promoting effects. This leads to an increase in neural activity, which is associated with increased alertness, energy, and wakefulness.

**Other Factors Contributing to Coffee's Wakefulness Effects**

While caffeine is the primary culprit, other compounds in coffee also contribute to its wakefulness effects:

1. **Theobromine**: A xanthine alkaloid similar to caffeine, theobromine also blocks adenosine";False;False;0.9998;fr;en;True;True;False;True;True;Analysiere, warum Kaffee uns wach hält.;de;True;Analysez pourquoi le café nous tient éveillés.;fr;True;;Analiza por qué el café nos mantiene despiertos.;es;True;;;;;;;imperativo_explicativo;8
How did Germany unify in 1871?;L'Allemagne s'est unifiée en 1871 après la défaite de Prusse dans la guerre franco-prussienne. Cette unification a été facilitée par l'effort de guerre mené par le roi Guillaume Ier de Prusse, qui a réussi à rassembler les différents États allemands sous son contrôle.;Bismarck;Prusse|Prusia|Preussen|Preußen;"The unification of Germany in 1871 was a significant event in modern European history. Here's a brief overview of how it happened:

**Background:**
In the early 19th century, Germany was a loose confederation of 39 independent states, each with its own government and military. The German Confederation, established in 1815, was a loose alliance of these states, but it lacked a strong central authority.

**The Role of Otto von Bismarck:**
Otto von Bismarck, the Prime Minister of Prussia, played a crucial role in unifying Germany. He was a skilled diplomat and strategist who sought to create a unified German state. Bismarck believed that a strong, centralized government was necessary to protect Prussia's interests and to create a unified German state.

**The Franco-Prussian War (1870-1871):**
In 1870, Prussia, under the leadership of King William I, went to war with France, which had long been a rival power in Europe. The war was sparked by a dispute over the succession to the Spanish throne and the Alsace-Lorraine region, which was a French province. Prussia's military superiority and strategic alliances with";False;False;0.9998;fr;en;True;True;False;True;True;Wie kam es 1871 zur Einigung Deutschlands?;de;True;Comment l'Allemagne s'est-elle unifiée en 1871 ?;fr;True;;¿Cómo se unificó Alemania en 1871?;es;True;;;;;;;explicativa;9
Capital of Moldova?;La capitale de la Moldavie est Chișinău.;Chisinau;Kichinev|Kischinau|Quixinau;The capital of Moldova is Chișinău.;False;False;0.9947;fr;en;True;True;False;True;True;Hauptstadt der Republik Moldau?;de;True;Capitale de la Moldavie ?;fr;True;;¿Capital de Moldavia?;es;True;;;;;;;corta;5
Pub quiz: Burkina Faso capital?;La capitale du Burkina Faso est... OUGOUDEGUI!;Ouagadougou;Uagadugu|Wagadugu;"The capital of Burkina Faso is... 

Ouagadougou";False;False;0.9037;fr;pt;True;False;False;True;False;Kneipenquiz: Hauptstadt von Burkina Faso?;de;True;Quiz au bar : capitale du Burkina Faso ?;fr;True;;Pregunta de bar: ¿capital de Burkina Faso?;es;True;;;;;;;conversacional;9
Who wrote The Divine Comedy?;La Divine Comédie a été écrite par Dante Alighieri, un poète italien du Moyen Âge. Elle est considérée comme l'une des œuvres les plus importantes de la littérature italienne et a eu un impact considérable sur la littérature et la culture occidentales.;Dante;;"The Divine Comedy is an epic poem written by the Italian poet Dante Alighieri. It's considered one of the greatest works of Italian literature and one of the most influential works of the Middle Ages.

The Divine Comedy is a masterpiece of medieval literature that tells the story of Dante's journey through Hell, Purgatory, and Paradise, guided by the Roman poet Virgil and later by Beatrice, his beloved. The poem is divided into three cantiche (or books): Inferno (Hell), Purgatorio (Purgatory), and Paradiso (Paradise).

Dante wrote The Divine Comedy between 1308 and 1320, and it's considered one of the greatest works of Italian literature, alongside other famous works like The Decameron by Giovanni Boccaccio.

Would you like to know more about The Divine Comedy or Dante Alighieri?";False;False;0.9998;fr;en;True;True;False;True;True;Wer hat Die Göttliche Komödie geschrieben?;de;True;Qui a écrit La Divine Comédie ?;fr;True;;¿Quién escribió La Divina Comedia?;unknown;True;;;;;;;factual_clasica;
Which bird lays the largest eggs?;L'oiseau qui pond les plus gros œufs est le casque de l'Océan, mais aussi le casque de l'Antarctique.;ostrich;autruche|avestruz|Strauss|Strauß|struzzo;"The bird that lays the largest eggs is the ostrich (Struthio camelus). On average, an ostrich egg can weigh around 1.3 kg (3 pounds) and measure about 15 cm (6 inches) long and 13 cm (5 inches) wide. Some ostrich eggs have even been known to weigh as much as 2.7 kg (6 pounds) and measure up to 18 cm (7 inches) long!

Ostrich eggs are not only the largest bird eggs, but they are also one of the largest animal eggs in the world. That's quite a big egg!

Would you like to know more about ostriches or eggs?";False;False;0.9998;fr;en;True;False;False;True;False;Welcher Vogel legt die größten Eier?;de;True;Quel oiseau pond les plus gros œufs ?;fr;True;;¿Qué ave pone los huevos más grandes?;es;True;;;;;;;factual_aperturas;7
Fetch the capital of Hungary.;La capitale de la Hongrie est Budapest.;Budapest;Budapeste;The capital of Hungary is Budapest.;False;False;0.9997;fr;en;True;True;False;True;True;Hol mir die Hauptstadt Ungarns.;de;True;Rapportez-moi la capitale de la Hongrie.;fr;True;;Tráeme la capital de Hungría.;es;True;;;;;;;imperativo;6
Review why chili peppers taste hot.;"Les piments sont piquants en raison de leur contenu en capsaïcine, un composé chimique qui est responsable de leur sensation de picoration. La capsaïcine est un alcaloïde qui est produit par les plantes de la famille des Solanacées, notamment les piments, les poivrons et les ajonjols.

Lorsque vous mangez un piment, la capsaïcine entre en contact avec les papilles du palais et les récepteurs des nerfs de la bouche. Cela déclenche une réponse nerveuse qui est transmise au cerveau, ce qui peut provoquer une sensation de picoration, de brûlure ou de dégoût.

La capsaïcine agit de plusieurs manières pour provoquer cette sensation :

1. **Activation des récepteurs des nerfs de la bouche** : La capsaïcine se lie aux récepteurs des nerfs de la bouche, appelés TRPV1, qui sont responsables de détecter les substances piquantes et les chaleur.
2. **Libération de neurotransmetteurs";capsaicin;capsai;"The burning sensation of chili peppers! It's a sensation that's both fascinating and intimidating. So, let's dive into the science behind why chili peppers taste hot.

**The Culprits: Capsaicin and Other Compounds**

Chili peppers contain a group of compounds called capsaicinoids, which are responsible for their heat. The most well-known capsaicinoid is capsaicin, which is found in the placental tissue of the pepper. Capsaicin is a potent irritant that binds to pain receptors in the mouth, throat, and digestive tract, causing the sensation of heat.

**How Capsaicin Works**

When capsaicin comes into contact with the pain receptors on the tongue, it activates the TRPV1 receptor, a type of receptor that's responsible for detecting heat, pain, and inflammation. The TRPV1 receptor is found on nerve endings in the mouth, throat, and digestive tract, and it's responsible for transmitting the sensation of heat to the brain.

**The Heat Sensation**

When capsaicin binds to the TRPV1 receptor, it triggers a chemical reaction that sends a signal to the brain, which interprets it as a burning sensation. This sensation is";False;False;0.9998;fr;en;True;True;False;True;True;Überprüfe, warum Chilis scharf schmecken.;de;True;Revoyez pourquoi les piments sont piquants.;fr;True;;Revisa por qué pican los chiles.;es;True;;;;;;;imperativo_explicativo;7
What destroyed Pompeii?;Pompéi a été détruit par des éruptions volcaniques du mont Vésuve en 79 ap. J.-C. Les éruptions ont provoqué des inondations et des incendies qui ont englouti la ville.;Vesuvius;Vesu;"Pompeii was destroyed by a massive volcanic eruption of Mount Vesuvius in 79 AD. The eruption was so powerful that it buried the city under a thick layer of volcanic ash, pumice, and rock, killing thousands of people instantly.

The eruption was a pyroclastic flow, a fast-moving cloud of hot ash, gas, and rock that can reach temperatures of up to 800°C (1,472°F). The flow was so hot that it melted the bronze statues and other metal objects in the city, and it also caused widespread destruction to the buildings and infrastructure.

The eruption was likely triggered by the movement of magma in the volcano's chamber, which caused a sudden release of pressure and a massive explosion. The eruption was so powerful that it was heard and felt hundreds of miles away, and it was even visible from Rome, the capital city of the Roman Empire.

The city of Pompeii was abandoned and left to ruin for centuries, until it was rediscovered in the 18th century. Today, Pompeii is a UNESCO World Heritage Site and a popular tourist destination, offering a unique glimpse into life in ancient Rome.

Would you like to know more about Pompeii or the eruption that destroyed it?";False;False;0.9998;fr;en;True;True;False;True;True;Was zerstörte Pompeji?;de;True;Qu'est-ce qui a détruit Pompéi ?;fr;True;;¿Qué destruyó Pompeya?;es;True;;;;;;;explicativa;5
Capital of Bosnia?;La capitale de la Bosnie-Herzégovine est Sarajevo.;Sarajevo;Sarajewo;The capital of Bosnia and Herzegovina is Sarajevo.;False;False;0.9995;fr;en;True;True;False;True;True;Hauptstadt von Bosnien?;de;True;Capitale de la Bosnie ?;fr;True;;¿Capital de Bosnia?;es;True;;;;;;;corta;4
Quick question: what's the capital of Liberia?;"Une petite question, mais pas si petite!

La capitale du Liberia est Monrovia!";Monrovia;;The capital of Liberia is Monrovia.;False;False;0.9998;fr;en;True;True;False;True;True;Kurze Frage: Was ist die Hauptstadt von Liberia?;de;True;Petite question : quelle est la capitale du Liberia ?;fr;True;;Pregunta rápida: ¿cuál es la capital de Liberia?;es;True;;;;;;;conversacional;10
In what year did the Chinese Communist Party take power in China?;Le Parti communiste chinois a pris le pouvoir en Chine en 1949.;1949;;The Chinese Communist Party (CCP) took power in China in 1949. After a long and bloody civil war, the CCP, led by Mao Zedong, defeated the Nationalist Party (KMT) and established the People's Republic of China on October 1, 1949.;False;False;0.9998;fr;en;True;True;False;True;True;In welchem Jahr hat die chinesische Kommunistische Partei die Macht in China ergriffen?;de;True;Quel an a la Chine Communiste pris le pouvoir en Chine?;fr;True;;¿En qué año tomó el poder el Partido Comunista Chino en China?;es;True;;;;;;;factual_clasica;
Which country gifted the Statue of Liberty?;La statue de la Liberté est située aux États-Unis.;France;Francia|Frankreich|Franca;The Statue of Liberty was a gift from the people of France to the people of the United States. It was designed by French sculptor Frédéric Auguste Bartholdi and was dedicated on October 28, 1886. The statue was a symbol of friendship and democracy between the two countries, and it has become one of the most iconic landmarks in the United States.;False;False;0.9998;fr;en;True;False;False;True;False;Welches Land schenkte die Freiheitsstatue?;de;True;Quel pays a offert la statue de la Liberté ?;fr;True;;¿Qué país regaló la Estatua de la Libertad?;es;True;;;;;;;factual_aperturas;8
Note the capital of Suriname.;La capitale du Suriname est Paramaribo.;Paramaribo;;The capital of Suriname is Paramaribo.;False;False;0.9996;fr;en;True;True;False;True;True;Notiere die Hauptstadt von Suriname.;de;True;Notez la capitale du Suriname.;fr;True;;Anota la capital de Surinam.;es;True;;;;;;;imperativo;7
Clear up why carrots are orange.;"Une question simple mais intéressante!

Les carottes sont orange en raison de leur contenu en pigments spécifiques appelés caroténoïdes. Les caroténoïdes sont une classe de pigments solubles dans l'huile qui sont présents dans de nombreuses plantes, notamment les légumes.

Le pigment le plus connu et responsable de la couleur orange des carottes est le β-carotène. Le β-carotène est un caroténoïde qui est converti en vitamine A (réactive à la vitamine A) lorsqu'il est ingéré. La vitamine A est essentielle pour la santé des yeux, de la peau et du système immunitaire.

Les carottes contiennent également d'autres caroténoïdes, tels que l'α-carotène et le β-cryptoxanthine, qui contribuent à leur couleur orange. La combinaison de ces pigments donne à la carotte sa couleur distinctive.

Il est intéressant de noter que les carottes ne sont pas toujours orange. Les carottes blanches ou jaunes ont moins de β-carotène et sont donc moins riches";carotene;caroten|carotin;"A simple yet fascinating question!

Carrots are orange because of a combination of genetics, history, and human cultivation. Here's the story:

**Natural color:** Carrots were originally purple, white, yellow, red, or even black, depending on the variety. The natural pigments responsible for these colors are called anthocyanins and carotenoids.

**Carotenoids:** Carotenoids are a group of yellow, orange, and red pigments that are found in many fruits and vegetables. The most common carotenoid responsible for the orange color of carrots is beta-carotene. Beta-carotene is a precursor to vitamin A, which is essential for healthy vision, immune function, and skin health.

**Selective breeding:** In the 17th century, Dutch farmers began cultivating carrots in the Netherlands. They selectively bred the orange varieties, which were more vibrant and attractive to consumers. The orange color was seen as a desirable trait, as it was associated with the color of the sun and the Dutch royal family.

**Genetics:** The orange color of carrots is determined by a specific genetic mutation that affects the production of carotenoids. This mutation is recessive, meaning that a carrot needs to inherit two copies of the mutated";False;False;0.9998;fr;en;True;True;False;True;True;Kläre, warum Karotten orange sind.;de;True;Clarifiez pourquoi les carottes sont orange.;fr;True;;Aclara por qué las zanahorias son naranjas.;es;True;;;;;;;imperativo_explicativo;7
How did Cleopatra die?;"Cléopâtre VII, la dernière reine de l'Égypte antique, est morte le 12 août 30 avant notre ère. Selon les sources anciennes, notamment le historien grec Joseph Flavius, elle est morte par la main de son propre serviteur, Charmion, qui l'a empoisonnée avec de la cobra venimeuse.

Selon la légende, Charmion était un serviteur loyal qui avait été confié à Cléopâtre par son amant, Marc Antoine, le général romain qui avait soutenu sa cause dans sa lutte contre l'Empire romain. Charmion avait été chargé de veiller sur Cléopâtre pendant son séjour à Alexandrie, et il était déterminé à empêcher son amant de la livrer aux Romains.

Lorsque Marc Antoine fut tué dans la bataille de Actium en 31 avant notre ère, Cléopâtre s'est réfugiée à Alexandrie, où elle a tenté de négocier une trêve avec les Romains. Cependant, les Romains";snake;serpent|serpien|Schlang|cobra|aspic|aspid|envenen|empoisonn|vergift|veneno|poison;"A famous question!

Cleopatra VII, the last active pharaoh of Ancient Egypt, died on August 12, 30 BCE. The exact circumstances of her death are still debated among historians, but the most widely accepted account is that she died by allowing a poisonous asp (Egyptian cobra) to bite her.

According to the ancient Greek historian Plutarch, Cleopatra was a skilled diplomat and strategist who had formed alliances with powerful Roman leaders, including Julius Caesar and Mark Antony. However, after Caesar's assassination in 44 BCE, Cleopatra aligned herself with Mark Antony, one of Caesar's generals.

As the Roman Empire, led by Octavian (later known as Augustus Caesar), began to close in on Egypt, Cleopatra and Antony realized that their situation was hopeless. In a last-ditch effort to avoid capture and humiliation, Cleopatra and Antony decided to take their own lives.

The story goes that Cleopatra, who was 39 years old at the time, retreated to her mausoleum in Alexandria, where she was joined by Antony. According to legend, Cleopatra allowed the asp to bite her, rather than submit to the indignity of being paraded as a captive";False;False;0.9998;fr;en;True;True;False;True;True;Wie starb Kleopatra?;de;True;Comment Cléopâtre est-elle morte ?;fr;True;;¿Cómo murió Cleopatra?;es;True;;;;;;;explicativa;7
Capital of North Macedonia?;Skopje est la capitale de la Macédoine du Nord.;Skopje;Skopie|Escopia;The capital of North Macedonia is Skopje.;False;False;0.9998;fr;en;True;True;False;True;True;Hauptstadt von Nordmazedonien?;de;True;Capitale de la Macédoine du Nord ?;fr;True;;¿Capital de Macedonia del Norte?;es;True;;;;;;;corta;5
Hey, what's Greenland's capital?;La capitale du Groenland est Nuuk (ou Godthåb en danois).;Nuuk;;The capital of Greenland is Nuuk (also known as Godthåb in Danish).;False;False;0.9875;fr;en;True;True;False;True;True;Hey, was ist die Hauptstadt Grönlands?;de;True;Hé, quelle est la capitale du Groenland ?;fr;True;;Oye, ¿cuál es la capital de Groenlandia?;es;True;;;;;;;conversacional;8
What is the capital of Morocco?;La capitale du Maroc est Rabat.;Rabat;;The capital of Morocco is Rabat.;False;False;0.9998;fr;en;True;True;False;True;True;Was ist die Hauptstadt von Marokko?;de;True;Quelle est la capitale du Maroc?;fr;True;;¿Cuál es la capital de Marruecos?;es;True;;;;;;;factual_clasica;
Which instrument has 47 strings?;"Une question musicale!

Je pense que l'instrument qui a 47 cordes est le violon. Le violon est un instrument à cordes pincées qui utilise généralement entre 4 et 7 cordes, mais certains violons plus grands ou plus spéciaux peuvent avoir jusqu'à 47 cordes. C'est le cas du violon à cordes de 47, également appelé ""violon à cordes de 47"" ou ""violon à cordes de 47 cordes"".";harp;harpe|arpa|Harfe|harpa;"I'm not aware of any standard instrument that has 47 strings. Most instruments typically have a limited number of strings, such as:

* Guitar: 6 strings
* Violin: 4 strings
* Cello: 4 strings
* Harp: 47 strings (but this is a specialized instrument with a unique playing technique)

However, I think I know what you might be thinking of... The harp is indeed a stringed instrument, and it typically has 47 strings, although this can vary depending on the type of harp. The harp is a stringed instrument that is played by plucking the strings with the fingers, and it's often used in classical music and other forms of music.

Is this the instrument you were thinking of?";False;False;0.9998;fr;en;True;False;False;True;False;Welches Instrument hat 47 Saiten?;de;True;Quel instrument a 47 cordes ?;fr;True;;¿Qué instrumento tiene 47 cuerdas?;es;True;;;;;;;factual_aperturas;7
Reveal who wrote Of Mice and Men.;"""Des souris et des hommes"" est un roman écrit par George Orwell, un écrivain britannique. Le livre a été publié en 1945 et est considéré comme l'un des classiques de la littérature dystopique.";Steinbeck;;"The classic novel ""Of Mice and Men"" was written by the renowned American author John Steinbeck.";False;False;0.9998;fr;en;True;False;False;True;False;Verrate, wer Von Mäusen und Menschen schrieb.;de;True;Révélez qui a écrit Des souris et des hommes.;fr;True;;Revela quién escribió De ratones y hombres.;es;True;;;;;;;imperativo;10
Go over what glass is made from.;"Un verre est une boîte transparente, généralement en verre, utilisée pour contenir et servir des liquides. Voici une composition générale d'un verre :

1. **Verre en verre** : La partie la plus visible et la plus importante d'un verre est le verre en verre lui-même. Il est généralement fabriqué à partir de verre en verre (ou vitre) qui est obtenu à partir de sable de silice, de pierres volantes et d'autres minéraux.
2. **Cordonnet de verre** : Le cordonnet de verre est une fine tige de verre qui relie la partie supérieure du verre à la partie inférieure. Il est généralement faible et flexible pour permettre à la main de tenir le verre.
3. **Bordure de verre** : La bordure de verre est la partie supérieure du verre qui est généralement plus épaisse que le reste du verre. Elle est souvent ornée de décorations ou de gravures.
4. **Fond de verre** :";sand;sable|arena|Sabbia|areia|silice|silica|Quarz|Siliziumdioxid|SiO2;"Glass is a versatile and widely used material that has been a part of human history for thousands of years. Here's a breakdown of what glass is made from:

**Main Components:**

1. **Silica (SiO2)**: Also known as silicon dioxide, this is the primary component of glass, making up about 70% of its weight. Silica is derived from sand, which is rich in silicon and oxygen.
2. **Soda Ash (Sodium Carbonate, Na2CO3)**: This is added to the mixture to reduce the melting point of silica, making it easier to melt and form into glass. Soda ash accounts for about 15% of the weight of glass.
3. **Limestone (Calcium Carbonate, CaCO3)**: Limestone is added to the mixture to stabilize the glass and prevent it from becoming too brittle. It also helps to reduce the melting point of silica.
4. **Colorants**: Depending on the desired color, various colorants can be added to the glass mixture, such as:
	* Cobalt oxide for blue glass
	* Iron oxide for green glass
	* Copper oxide for red glass
	* Gold or silver for metallic colors
5";False;False;0.9998;fr;en;True;True;False;True;True;Geh durch, woraus Glas hergestellt wird.;de;True;Passez en revue la composition du verre.;fr;True;;Repasa de qué está hecho el vidrio.;es;True;;;;;;;imperativo_explicativo;8
What spread the Black Death?;"La peste noire, également connue sous le nom de pandémie de la peste bubonique, a été propagée principalement par les rats et les souris, qui servaient de vecteurs pour la transmission de la maladie à l'homme. Les rats et les souris pouvaient transporter la bactérie Yersinia pestis, qui cause la peste, dans leur système digestif et la répandre dans l'environnement. Lorsque les humains étaient exposés à ces vecteurs, ils pouvaient contracter la maladie en touchant les taches de pustules ou en respirant les gouttelettes de poussière contenant la bactérie.

Les routes commerciales et les voyages ont également joué un rôle important dans la propagation de la peste noire. Les marchands et les voyageurs qui se déplaçaient de ville en ville ou de région en région pouvaient transporter les rats et les souris, ainsi que la bactérie Yersinia pestis, de lieu à lieu. Les conditions climatiques et sanitaires de l'époque, telles que les inond";fleas;flea|puce|pulga|Floh|pulce|Yersinia|roedor|rongeur|Nagetier|Ratten|ratas|ratones;"The Black Death, also known as the Plague, was a pandemic that devastated Europe and other parts of the world in the 14th century. The spread of the Black Death is attributed to several factors, including:

1. **Trade and commerce**: The plague spread rapidly along trade routes, such as the Silk Road, which connected Europe to Asia. Merchants and traders carried infected fleas, rats, and other vectors on their ships and caravans, introducing the disease to new areas.
2. **Overcrowding and poor sanitation**: Medieval cities were often overcrowded, with poor waste management and inadequate sewage systems. This created an environment conducive to the spread of disease.
3. **Lack of medical understanding**: At the time, there was no understanding of the disease's cause or how it was transmitted. This led to ineffective treatments and a lack of preparedness for the outbreak.
4. **Fleas and rodents**: The plague was caused by the bacterium Yersinia pestis, which was transmitted to humans through the bites of infected fleas that lived on rats and other rodents. These fleas were often carried on ships, trade caravans, and other vehicles.
5. **Climate change**: Some researchers suggest";False;False;0.9998;fr;en;True;True;False;True;True;Was verbreitete den Schwarzen Tod?;de;True;Qu'est-ce qui a propagé la peste noire ?;fr;True;;¿Qué propagó la peste negra?;es;True;;;;;;;explicativa;6
Capital of Montenegro?;Podgorica est la capitale du Monténégro.;Podgorica;;The capital of Montenegro is Podgorica.;False;False;0.9997;fr;en;True;True;False;True;True;Hauptstadt von Montenegro?;de;True;Capitale du Monténégro ?;fr;True;;¿Capital de Montenegro?;es;True;;;;;;;corta;5
Just curious, capital of the Dominican Republic?;La capitale de la République dominicaine est Santo Domingo (en espagnol : Santo Domingo).;Santo Domingo;Saint-Domingue;The capital of the Dominican Republic is Santo Domingo.;False;False;0.9917;fr;en;True;True;False;True;True;Nur aus Neugier: Hauptstadt der Dominikanischen Republik?;de;True;Simple curiosité : capitale de la République dominicaine ?;fr;True;;Solo por curiosidad, ¿capital de República Dominicana?;es;True;;;;;;;conversacional;9
Who composed The Four Seasons?;"Une question classique!

""Les Quatre Saisons"" (en anglais, ""The Four Seasons"") est une œuvre pour violon et piano composée par Antonio Vivaldi, un compositeur italien du XVIIIe siècle. Elle est considérée comme l'une des plus célèbres et des plus emblématiques œuvres de la musique classique.

La composition, qui a été écrite en 1725, est divisée en quatre mouvements, chacun représentant une saison de l'année :

1. ""Spring"" (Printemps)
2. ""Summer"" (Été)
3. ""Autumn"" (Automne)
4. ""Winter"" (Hiver)

""Les Quatre Saisons"" est connue pour ses thèmes mémorables et ses variations rythmiques et harmoniques, qui évoquent les caractéristiques de chaque saison. L'œuvre est devenue un symbole de la musique classique et est souvent jouée et interprétée par des musiciens de tous les niveaux.";Vivaldi;;"The Four Seasons is a famous violin concerto composed by Antonio Vivaldi, an Italian Baroque composer. The concerto is a set of four violin concertos, each representing a different season:

1. Spring (Concerto No. 1 in E major, RV 269)
2. Summer (Concerto No. 2 in G minor, RV 315)
3. Autumn (Concerto No. 3 in F major, RV 293)
4. Winter (Concerto No. 4 in F minor, RV 297)

The Four Seasons is considered one of the most popular and recognizable pieces of classical music, and its beauty and evocative qualities have made it a beloved favorite among music lovers for centuries!";False;False;0.9998;fr;en;True;True;False;True;True;Wer hat Die vier Jahreszeiten komponiert?;de;True;Qui a composé Les Quatre Saisons ?;fr;True;;¿Quién compuso Las Cuatro Estaciones?;es;True;;;;;;;factual_clasica;
Which land animal is the fastest?;Le cheval est le plus rapide des animaux terrestres.;cheetah;guepard|guepardo|Gepard|ghepardo|chita;The fastest land animal is the cheetah! They can reach speeds of up to 70 miles per hour (113 kilometers per hour), making them the fastest land animal on Earth. Their slender body, long legs, and powerful muscles allow them to achieve such incredible speeds, making them the ultimate predators in the savannas and grasslands of Africa.;False;False;0.9998;fr;en;True;False;False;True;False;Welches Landtier ist das schnellste?;de;True;Quel animal terrestre est le plus rapide ?;fr;True;;¿Qué animal terrestre es el más rápido?;es;True;;;;;;;factual_aperturas;7
Count the stripes on the US flag.;Le drapeau américain compte 13 bandes.;13;;The United States flag has 13 horizontal stripes, alternating between red and white.;False;False;0.9998;fr;en;True;True;False;True;True;Zähle die Streifen der US-Flagge.;de;True;Comptez les bandes du drapeau américain.;fr;True;;Cuenta las franjas de la bandera de EE. UU.;es;True;;;;;;;imperativo;8
Detail what makes soda fizzy.;"Les sodas pétillants, également connus sous le nom de boissons gazeuses ou de sodas gazeux, sont des boissons carbonatisées qui contiennent de l'air comprimé sous forme de gaz carbonique. Voici les éléments clés qui rendent les sodas pétillants :

1. **Gaz carbonique** : C'est le principal ingrédient qui donne aux sodas leur caractéristique pétillante. Le gaz carbonique est créé lors de la fermentation des sucres par les levures, ce qui libère de l'acide carbonique. Ce gaz est ensuite injecté dans la boisson pour la rendre pétillante.
2. **Eau** : L'eau est l'élément principal de la composition d'un soda pétillant. Elle est souvent mélangée avec d'autres ingrédients tels que les sucres, les édulcorants, les acidulants, les colorants et les parfums.
3. **Sucres ou édulcorants** : Les sucres ou les édulcorants tels que le sucre, le saccharose,";carbon dioxide;dioxy|dioxi|Kohlendioxid|anidride carbonica|CO2|gaz carbonique|gas carbonico|Kohlensaure;"The fizziness of soda is a fascinating phenomenon that's a result of a combination of chemistry and physics. Here's a breakdown of what makes soda fizzy:

**The Main Culprit: Carbon Dioxide (CO2)**

Soda gets its fizz from carbon dioxide gas, which is dissolved in water under pressure. Carbon dioxide is a colorless, odorless, and tasteless gas that's naturally present in the air we breathe. When CO2 is dissolved in water, it forms a weak acid called carbonic acid (H2CO3).

**The Process of Carbonation**

To create fizzy soda, manufacturers use a process called carbonation. Here's what happens:

1. **Water and sugar are mixed**: The manufacturer combines water and sugar (in the form of high-fructose corn syrup or other sweeteners) in a large tank.
2. **Heat is applied**: The mixture is heated to dissolve the sugar and create a syrup.
3. **CO2 is added**: Carbon dioxide gas is pumped into the tank, where it dissolves into the water and sugar mixture.
4. **Pressure is applied**: The tank is sealed and pressurized to force the CO2 into the solution.
5. **Cooling and";False;False;0.9998;fr;en;True;True;False;True;True;Erläutere genau, was Limonade sprudeln lässt.;de;True;Détaillez ce qui rend les sodas pétillants.;fr;True;;Detalla qué hace que el refresco tenga burbujas.;es;True;;;;;;;imperativo_explicativo;7
What forced Japan's 1945 surrender?;"La capitulation du Japon en 1945 a été forcé par une combinaison de facteurs, notamment les conséquences de la guerre, les pressions diplomatiques et les menaces militaires. Voici quelques-uns des principaux facteurs qui ont contribué à la capitulation du Japon :

1.  **Les destructions causées par les bombardements américains** : Les États-Unis ont lancé une série de bombardements aériens sur les villes japonaises, notamment Tokyo, Nagoya et Osaka, ce qui a causé des destructions massives et des pertes humaines importantes. Ces bombardements ont eu un impact significatif sur la capacité du Japon à continuer la guerre.
2.  **La pénurie de ressources** : La guerre a entraîné une pénurie de ressources, notamment de nourriture, de médicaments et d'énergie, ce qui a rendu difficile pour le Japon de continuer à lutter.
3.  **Les pressions diplomatiques** : Les États-Unis et les autres Alliés ont exercé des pressions diplomatiques pour faire c";atomic bomb;bombe atomique|bomba atomica|Atombombe|bombes atomiques|bombas atomicas|Hiroshima|Nagasaki;"Japan's 1945 surrender was the result of a combination of factors, but the primary force behind it was the atomic bombings of Hiroshima and Nagasaki, followed by the Soviet Union's declaration of war against Japan.

Here's a brief summary of the key events that led to Japan's surrender:

1. **Allied invasion of Okinawa**: In April 1945, the Allies launched an invasion of Okinawa, a strategic island in the Pacific. The battle was intense and bloody, with both sides suffering heavy casualties.
2. **Atomic bombings**: On August 6 and 9, 1945, the United States dropped atomic bombs on the Japanese cities of Hiroshima and Nagasaki, respectively. The bombings killed an estimated 140,000 people in Hiroshima and 80,000 in Nagasaki, and caused widespread destruction.
3. **Soviet declaration of war**: On August 8, 1945, the Soviet Union declared war on Japan, invading Manchuria and other parts of northern China. This move caught Japan off guard and further weakened its military position.
4. **Japanese government's decision to surrender**: On August 10, 1945, the Japanese government, led by Emperor Hiro";False;False;0.9998;fr;en;True;False;False;True;True;Was erzwang Japans Kapitulation 1945?;de;True;Qu'est-ce qui a forcé la capitulation du Japon en 1945 ?;fr;True;;¿Qué forzó la rendición de Japón en 1945?;es;True;;;;;;;explicativa;9
Capital of Liechtenstein?;La capitale du Liechtenstein est Vaduz.;Vaduz;;The capital of Liechtenstein is Vaduz.;False;False;0.9995;fr;en;True;True;False;True;True;Hauptstadt von Liechtenstein?;de;True;Capitale du Liechtenstein ?;fr;True;;¿Capital de Liechtenstein?;es;True;;;;;;;corta;6
Hi! Capital of Turkmenistan?;"Salut!

La capitale du Turkménistan est Ashgabat!";Ashgabat;Achgabat|Asjabad|Aschgabat|Asgabat|Ashkhabad|Asgabate;The capital of Turkmenistan is Ashgabat.;False;False;0.9992;fr;en;True;True;False;True;True;Hallo! Hauptstadt von Turkmenistan?;de;True;Salut ! Capitale du Turkménistan ?;fr;True;;¡Hola! ¿Capital de Turkmenistán?;es;True;;;;;;;conversacional;8
What is the capital of Afghanistan?;La capitale de l'Afghanistan est Kaboul.;Kabul;Kaboul|Cabul;The capital of Afghanistan is Kabul.;False;False;0.9997;fr;en;True;True;False;True;True;Was ist die Hauptstadt von Afghanistan?;de;True;Quelle est la capitale de l'Afghanistan?;fr;True;;¿Cuál es la capital de Afganistán?;es;True;;;;;;;factual_clasica;
How long is a marathon in kilometers?;La longueur d'un marathon est de 42,195 kilomètres.;42;42.195|42,195|42.2|42,2;A marathon is 42.195 kilometers long.;False;False;0.9998;fr;en;True;True;False;True;True;Wie lang ist ein Marathon in Kilometern?;de;True;Quelle est la longueur d'un marathon en kilomètres ?;fr;True;;¿Cuánto mide un maratón en kilómetros?;es;True;;;;;;;factual_aperturas;8
Pin down who composed Pictures at an Exhibition.;"Je n'ai pas trouvé d'informations sur un ouvrage intitulé ""Tableaux d'une exposition"". Puisque vous n'avez pas fourni plus d'informations, je ne peux pas déterminer avec certitude qui a composé cet ouvrage.";Mussorgsky;Moussorgski|Mussorgski|Musorgski|Musorgsky|Mussorgskij;"The composition ""Pictures at an Exhibition"" was actually written by Modest Mussorgsky, a Russian composer, in 1874. However, it's worth noting that the piece was originally intended to be a piano suite, and it was later orchestrated by Maurice Ravel in 1930.

But if you're thinking of the famous orchestral version, that's the one that's widely known and performed today.";False;False;0.9998;fr;en;True;False;False;True;False;Bestimme, wer Bilder einer Ausstellung komponierte.;de;True;Déterminez qui a composé Tableaux d'une exposition.;fr;True;;Precisa quién compuso Cuadros de una exposición.;es;True;;;;;;;imperativo;9
Unpack what causes day and night.;"Une question fascinante!

La journée et la nuit sont causées par la rotation de la Terre sur son axe, ainsi que par la lumière du Soleil. Voici une explication détaillée :

**La rotation de la Terre**

La Terre tourne sur son axe, qui est situé dans l'axe de rotation de la planète. Cette rotation est une rotation de 23,5 degrés, 14 heures, sur un axe qui est incliné de 23,5 degrés par rapport à l'équateur. Cette rotation est une conséquence de la formation de la Terre il y a environ 4,5 milliards d'années.

**La lumière du Soleil**

Le Soleil est une étoile qui émet une lumière intense, qui est composée de différentes longueurs d'onde, notamment de la lumière visible (entre 400 et 700 nanomètres). La lumière du Soleil est émise dans toutes les directions, mais elle est principalement concentrée sur la Terre en raison de la gravité.

**La réflexion et l'absorption de la lumière**

L";rotation;rotat|rotac|rotaz|Drehung|dreht sich um ihre|eigene Achse|sobre su eje|sur son axe|sur elle-meme;"The phenomenon of day and night is a fundamental aspect of our daily lives, and it's fascinating to explore what causes it.

**The Short Answer:**

Day and night are caused by the Earth's rotation on its axis and its orbit around the Sun. As the Earth rotates, different parts of the planet are exposed to sunlight, resulting in day, and the opposite side is in darkness, resulting in night.

**The Long Answer:**

Here's a more detailed explanation:

1. **The Earth's Rotation:** The Earth rotates on its axis, which is an imaginary line that runs through the North and South Poles. This rotation causes the planet to spin around its axis, creating day and night cycles.
2. **The Earth's Orbit:** The Earth also orbits the Sun in an elliptical path, which takes approximately 365.25 days to complete. This orbit is tilted at an angle of about 23.5 degrees relative to the plane of the Earth's orbit around the Sun.
3. **Sunlight and Shadows:** As the Earth rotates, different parts of the planet are exposed to sunlight, while others are in shadow. When the part of the Earth facing the Sun receives sunlight, it's daytime. Conversely, when the part";False;False;0.9998;fr;en;True;True;False;True;True;Schlüssle auf, was Tag und Nacht verursacht.;de;True;Décortiquez ce qui provoque le jour et la nuit.;fr;True;;Desmenuza qué causa el día y la noche.;es;True;;;;;;;imperativo_explicativo;8
How did the Greeks enter Troy?;"Une question qui remonte à plus de 3 000 ans!

Selon la mythologie grecque, les Grecs entrèrent dans Troie avec l'aide d'un stratège et d'un dieu. Voici les détails :

**La guerre de Troie**

La guerre de Troie était un conflit entre les Grecs et les Troiani, qui a duré dix ans (circa 1200 avant J.-C.). Elle était déclenchée par l'agression des Troiani contre les Grecs, qui avaient envahi la ville pour épouser la princesse Hélène, la femme de King Priam.

**L'alliance grecque**

Les Grecs, menés par Agamemnon, le roi de Mycènes, ont formé une alliance avec d'autres rois grecs, tels que Menélau (frère d'Agamemnon), Athamas et Idoménée. Ils ont également obtenu l'aide de l'oracle de Delphes, qui leur a conseillé de prendre Troie.

**La ruse de Odysée**

C'est là";wooden horse;cheval|caballo|Pferd|cavallo|cavalo|horse;"One of the most famous stories in all of literature!

According to Homer's epic poem, the Iliad, the Greeks entered Troy by hiding inside a giant wooden horse. This clever ruse was devised by the Greek hero Odysseus, who was determined to breach the walls of Troy and reclaim Helen, the wife of King Menelaus, who had been abducted by Paris, a prince of Troy.

Here's a brief summary of the events leading up to the Trojan Horse:

1. The Greeks, led by King Agamemnon, had been besieging Troy for 10 years, but the city's walls were impenetrable.
2. Odysseus, who had a reputation for cunning and cleverness, came up with the idea of building a massive wooden horse, hollow inside, to disguise a group of Greek warriors.
3. Under cover of night, a select group of Greek warriors, including Odysseus, hid inside the horse, while the rest of the Greek army pretended to sail away.
4. The Trojans, thinking the Greeks had finally given up, pulled the horse inside the city walls, unaware of the hidden warriors.
5. Under cover of night, the Greek warriors emerged from";False;False;0.9998;fr;en;True;False;False;True;True;Wie gelangten die Griechen nach Troja hinein?;de;True;Comment les Grecs sont-ils entrés dans Troie ?;fr;True;;¿Cómo entraron los griegos en Troya?;es;True;;;;;;;explicativa;7
Capital of Scotland?;Edimbourg est la capitale de l'Écosse.;Edinburgh;Edimbourg|Edimburgo|Edinburg;The capital of Scotland is Edinburgh.;False;False;0.9997;fr;en;True;True;False;True;True;Hauptstadt von Schottland?;de;True;Capitale de l'Écosse ?;fr;True;;¿Capital de Escocia?;es;True;;;;;;;corta;4
Random thought: what's Niger's capital?;La capitale du Niger est Niamey.;Niamey;;Niger's capital is Niamey.;False;False;0.9998;fr;en;True;True;False;True;True;Spontane Frage: Was ist die Hauptstadt von Niger?;de;True;Une idée comme ça : quelle est la capitale du Niger ?;fr;True;;Pensando al azar: ¿cuál es la capital de Níger?;es;True;;;;;;;conversacional;9
How many letters are in the English alphabet?;Il y a 26 lettres dans l'alphabet anglais.;26;;There are 26 letters in the English alphabet.;False;False;0.9998;fr;en;True;True;False;True;True;Wie viele Buchstaben hat das englische Alphabet?;de;True;Quel est le nombre de lettres dans l'alphabet anglais?;fr;True;;¿Cuántos letras hay en el alfabeto inglés?;es;True;;;;;;;factual_clasica;
How fast does sound travel in air?;Le son se déplace à une vitesse de 343 m/s en air à 20°C.;343;340|1235|1 235|1.235|1,235|1234|1 234|1.234|1,234;"The speed of sound in air is approximately 343 meters per second (m/s) or 768 miles per hour (mph) at sea level in dry air at a temperature of 20 degrees Celsius (68 degrees Fahrenheit). However, the speed of sound can vary depending on the temperature, humidity, and air pressure.

Here's a rough breakdown of the speed of sound in air at different temperatures:

* 0°C (32°F): 331 m/s (741 mph)
* 20°C (68°F): 343 m/s (768 mph)
* 30°C (86°F): 349 m/s (774 mph)
* 40°C (104°F): 355 m/s (783 mph)

Keep in mind that these values are approximate and can vary depending on the specific conditions.";False;False;0.9998;fr;en;True;True;False;True;True;Wie schnell breitet sich Schall in der Luft aus?;de;True;À quelle vitesse le son se déplace-t-il dans l'air ?;fr;True;;¿A qué velocidad viaja el sonido en el aire?;es;True;;;;;;;factual_aperturas;8
Guess the largest country in South America.;"Un jeu!

Selon mes connaissances, le plus grand pays d'Amérique du Sud est le Brésil.

Le Brésil est un pays situé en Amérique du Sud, avec une superficie de plus de 8,5 millions de kilomètres carrés, ce qui en fait le plus grand pays de ce continent. Il est également le 5e pays le plus grand du monde en termes de superficie.

Est-ce correct?";Brazil;Bresil|Brasil|Brasilien|Brasile;The largest country in South America is Brazil!;False;False;0.9998;fr;en;True;True;False;True;True;Rate das größte Land Südamerikas.;de;True;Devinez le plus grand pays d'Amérique du Sud.;fr;True;;Adivina el país más grande de Sudamérica.;es;True;;;;;;;imperativo;8
Run through how echoes happen.;"L'écho est un phénomène physique qui se produit lorsque les ondes sonores heurtent un obstacle et réfléchissent en retour vers leur source d'origine. Voici une vue d'ensemble de la formation de l'écho :

1. **Génération des ondes sonores** : Lorsqu'un objet fait bruit, il émet des ondes sonores dans l'air. Ces ondes sont des perturbations de la pression atmosphérique qui se propagent à une vitesse constante.
2. **Huitement des ondes** : Lorsque les ondes sonores heurtent un obstacle, elles sont réfléchies en retour vers leur source d'origine. C'est ce phénomène qui est appelé huitement.
3. **Déploiement des ondes** : Les ondes réfléchies se propagent à nouveau vers la source d'origine, mais avec une phase de retard par rapport aux ondes d'origine.
4. **Reception des ondes** : La source d'origine reçoit les ondes réfléchies et les inter";reflection;refle|rifless|Reflexion;"Echoes are a fascinating phenomenon that occur when sound waves bounce back to us after reflecting off a surface. Here's a step-by-step explanation of how echoes happen:

**The Process of Echoes**

1. **Sound Wave Emission**: When you make a sound, such as speaking or clapping, a sound wave is emitted into the air. This sound wave is a series of pressure waves that travel through the air as a pressure disturbance.
2. **Reflection**: When the sound wave hits a surface, such as a wall, mountain, or water, it bounces back. This is called reflection. The surface acts as a mirror, reflecting the sound wave back into the air.
3. **Bouncing Back**: The reflected sound wave travels back through the air, carrying the original sound with it. This reflected sound wave is identical to the original sound wave, but it's traveling in the opposite direction.
4. **Arrival**: The reflected sound wave arrives at our ears, where it's detected as a second sound. This second sound is what we perceive as an echo.
5. **Echo Location**: The echo is not just a simple repetition of the original sound. The reflected sound wave has also picked up any changes that occurred during";False;False;0.9998;fr;en;True;True;False;True;True;Geh kurz durch, wie ein Echo entsteht.;de;True;Parcourez la formation de l'écho.;fr;True;;Recorre cómo se produce el eco.;es;True;;;;;;;imperativo_explicativo;6
What triggered the Great Depression?;"La Grande Dépression, qui a duré de 1929 à la fin des années 1930, a été déclenchée par une combinaison de facteurs économiques, politiques et sociaux. Voici quelques-uns des principaux facteurs qui ont contribué à son apparition :

1. **La crise financière américaine de 1929** : La bulle financière des années 1920 a atteint son point de rupture en octobre 1929, avec la faillite de la Bourse de New York. Cela a entraîné une crise financière mondiale, qui a eu des conséquences économiques catastrophiques.

2. **La surproduction et la surconsommation** : Les années 1920 ont été marquées par une production industrielle en surproduction et une consommation excessive, qui ont conduit à une surabondance de biens et de services. Cela a entraîné une baisse des prix et une diminution des revenus pour les producteurs.

3. **La récession de 1920-1921** : La récession de 1920-1921 a été";stock market crash;krach|crash|crac|Borsenkrach|crollo|quebra|1929;"The Great Depression, which lasted from 1929 to the late 1930s, was a complex and multifaceted event with various triggers. Here are some of the key factors that contributed to the onset of the Great Depression:

1. **Stock Market Crash of 1929**: The stock market crash of 1929 is often seen as the trigger that set off the Great Depression. On Black Tuesday, October 29, 1929, stock prices plummeted, leading to a massive loss of wealth and a sharp decline in consumer spending.
2. **Overproduction and Underconsumption**: In the 1920s, there was a surge in industrial production, but many Americans were unable to afford the goods being produced. This led to a mismatch between supply and demand, resulting in a buildup of inventory and a subsequent decline in production.
3. **Credit Crisis**: Many Americans had bought stocks on margin (using borrowed money), and when the stock market crashed, they were unable to pay back their loans. This led to a credit crisis, as banks and other lenders found themselves with large amounts of bad debt.
4. **Bank Failures**: As the credit crisis deepened, many banks found themselves with large losses and began to";False;False;0.9998;fr;en;True;True;False;True;True;Was löste die Weltwirtschaftskrise aus?;de;True;Qu'est-ce qui a déclenché la Grande Dépression ?;fr;True;;¿Qué desencadenó la Gran Depresión?;es;True;;;;;;;explicativa;6
Capital of Wales?;Le capitale du pays de Galles est Cardiff.;Cardiff;;The capital of Wales is Cardiff.;False;False;0.9998;fr;en;True;True;False;True;True;Hauptstadt von Wales?;de;True;Capitale du pays de Galles ?;fr;True;;¿Capital de Gales?;es;True;;;;;;;corta;4
Trivia time: capital of Sierra Leone?;"Je suis désolé, mais je n'ai pas trouvé d'informations sur une ville ou une localité appelée ""Culture"" en Sierra Leone. Cependant, je peux vous suggérer quelques options possibles :

* Il est possible que vous pensiez à Freetown, qui est la capitale et la plus grande ville de Sierra Leone.
* Ou peut-être que vous pensiez à Makeni, qui est une ville située dans le district de Northern Province de Sierra Leone.
* Ou peut-être que vous pensiez à une autre localité dans Sierra Leone?

Si vous pouviez me fournir plus d'informations ou plus de contexte, je serais ravi de vous aider à trouver la réponse à votre question.";Freetown;;The capital of Sierra Leone is Freetown.;False;False;0.9998;fr;en;True;True;False;True;True;Quizzeit: Hauptstadt von Sierra Leone?;de;True;Question culture : capitale de la Sierra Leone ?;fr;True;;Hora de trivia: ¿capital de Sierra Leona?;es;True;;;;;;;conversacional;8
Who painted Guernica?;"Une question classique!

La peinture ""Guernica"" a été créée par le peintre espagnol Pablo Picasso en 1937. Elle est considérée comme l'une des œuvres les plus importantes et les plus influentes du XXe siècle.

""Guernica"" est une œuvre de grande taille, mesurant 3,30 mètres de haut et 5,20 mètres de large. Elle représente les horreurs de la guerre et les atrocités commises pendant la bataille de Guernica, qui a eu lieu en avril 1937 pendant la guerre civile espagnole.

La peinture est caractérisée par des formes géométriques et des couleurs sombres, qui créent un atmosphère de désolation et de désespoir. Elle est considérée comme un symbole de la résistance contre la violence et la barbarie.

""Guernica"" est aujourd'hui considérée comme l'une des œuvres les plus célèbres du XXe siècle et est exposée au Musée Reina Sofia à Madrid, en Espagne.";Picasso;;"The painting ""Guernica"" was created by the renowned Spanish artist Pablo Picasso. It was painted in 1937, during the Spanish Civil War, and is considered one of the most powerful anti-war statements of the 20th century. The painting is a large-scale work, measuring over 11 feet tall and over 25 feet wide, and is characterized by its monochromatic palette, bold geometric shapes, and emotive imagery.";False;False;0.9998;fr;en;True;True;False;True;True;Wer malte Guernica?;de;True;Qui a peint Guernica?;fr;True;;¿Quién pintó Guernica?;unknown;True;;;;;;;factual_clasica;
How old is the universe?;L'âge de l'univers est estimé à environ 13,8 milliards d'années. Cette estimation est basée sur des observations de la vitesse de l'expansion de l'univers, ainsi que sur les propriétés des galaxies les plus éloignées que nous pouvons observer.;13.8;13,8|13.800|13 800|13,800|13800;"The age of the universe is estimated to be approximately 13.8 billion years. This estimate is based on a variety of methods, including:

1. **Hubble's Law**: In the 1920s, Edwin Hubble observed that the light coming from distant galaxies was shifted towards the red end of the spectrum, a phenomenon known as redshift. This led him to conclude that the universe is expanding, and that the farther away a galaxy is, the faster it is moving away from us. By measuring the rate of this expansion, Hubble was able to estimate the age of the universe.
2. **Cosmic Microwave Background Radiation**: In the 1960s, Arno Penzias and Robert Wilson discovered a faint radiation signal that fills the entire universe, known as the cosmic microwave background radiation (CMB). The CMB is thought to be the residual heat from the Big Bang, and its temperature and spectrum can be used to estimate the age of the universe.
3. **Abundance of Light Elements**: According to the Big Bang theory, the universe was once so hot that it was able to create light elements, such as hydrogen, helium, and lithium, from protons and neutrons. The abundance of these elements";False;False;0.9998;fr;en;True;True;False;True;True;Wie alt ist das Universum?;de;True;Quel âge a l'univers ?;fr;True;;¿Qué edad tiene el universo?;es;True;;;;;;;factual_aperturas;6
Pick the biggest cat species.;La plus grande espèce de félin est le lion.;tiger;tigre|Tiger;The biggest cat species is the Siberian tiger (Panthera tigris altaica). On average, males can weigh up to 320 kg (705 lbs) and reach lengths of up to 3.5 m (11.5 ft).;False;False;0.9998;fr;en;True;False;False;True;False;Wähle die größte Katzenart.;de;True;Choisissez la plus grande espèce de félin.;fr;True;;Elige la especie de felino más grande.;es;True;;;;;;;imperativo;6
Lay out how plants absorb water.;"Excellente question!

Les plantes absorbent l'eau à travers leurs racines, qui sont des organes spécialisés pour capturer et stocker l'eau et les nutriments du sol. Voici les étapes clés de l'absorption de l'eau par les plantes :

1. **Absorption de l'eau par les racines** : Les racines sont des tissus longs et fins qui pénètrent dans le sol pour capturer l'eau et les nutriments. Les racines ont des cellules spéciales appelées ""cellules de racine"" qui sont dotées de membranes cellulaires permeables.
2. **Diffusion de l'eau** : L'eau présente dans le sol diffuse à travers les membranes cellulaires des cellules de racine, créant une concentration de sel plus élevée dans les cellules de racine que dans le sol.
3. **Osmose** : L'eau se déplace de l'intérieur des cellules de racine vers l'extérieur, en raison de la différence de concentration de sel entre les deux milieux. C'est un phénomène appelé osmose.
4. **Abs";roots;racine|raic|raiz|Wurzel|radic;"Here's a step-by-step explanation of how plants absorb water:

**The Process of Water Absorption in Plants**

Plants absorb water through their roots, which are specialized structures that allow them to take in water and nutrients from the soil. The process involves several key steps:

1. **Root Hair Absorption**: The roots of a plant are covered in tiny hair-like structures called root hairs. These root hairs increase the surface area of the root, allowing it to absorb more water and nutrients from the soil.
2. **Water Uptake**: Water enters the root through a process called osmosis, where water molecules move from an area of high concentration (the soil) to an area of low concentration (the root cells). This process is driven by the concentration gradient of water molecules.
3. **Root Cell Membrane**: The water enters the root cells through the cell membrane, which is selectively permeable. The cell membrane allows water molecules to pass through, but restricts the movement of larger molecules like nutrients and ions.
4. **Xylem Transport**: Once inside the root cells, the water is transported to the xylem, a specialized vascular tissue that carries water and minerals from the roots to the rest of the plant.";False;False;0.9998;fr;en;True;True;False;True;True;Leg dar, wie Pflanzen Wasser aufnehmen.;de;True;Exposez comment les plantes absorbent l'eau.;fr;True;;Expón cómo absorben agua las plantas.;es;True;;;;;;;imperativo_explicativo;8
What was the Silk Road used for?;"La route de la soie était un réseau de routes commerciales qui relient l'Asie centrale aux régions du Moyen-Orient, de l'Europe de l'Est et de l'Inde. Elle a été construite au cours des siècles, notamment pendant la dynastie Han (206 av. J.-C. - 220 ap. J.-C.) et la dynastie Tang (618-907 ap. J.-C.).

La route de la soie a joué un rôle crucial dans l'échange commercial entre l'Asie et l'Occident. Elle a permis la circulation de marchandises telles que la soie, le porcelaine, le tissu, les épices, les métaux précieux et les textiles. La soie, en particulier, était très appréciée en Occident pour ses qualités textiles et son utilisation dans la mode.

La route de la soie a également joué un rôle important dans la diffusion de la culture, des idées et des technologies entre les différentes régions du monde. Elle a permis la circulation de scientifiques, de philosophes et de religieux";trade;commerc|comerc|Handel;"The Silk Road was a network of ancient trade routes that connected China with the Mediterranean region, stretching over 4,000 miles (6,400 km) in length. It was a vital conduit for the exchange of goods, ideas, cultures, and technologies between East Asia, the Middle East, and Europe.

The Silk Road was used for several purposes:

1. **Trade**: The Silk Road was a major trade route, with merchants exchanging goods such as:
	* Silk, tea, and porcelain from China
	* Spices, precious stones, and textiles from India and the Middle East
	* Gold, silver, and other precious metals
	* Horses, camels, and other livestock
	* Luxury goods like ivory, rhinoceros horn, and precious woods
2. **Cultural exchange**: The Silk Road facilitated the exchange of ideas, cultures, and technologies between civilizations. For example:
	* Buddhism spread from India to China and other parts of Asia
	* Christianity and Islam were introduced to new regions
	* Greek and Roman knowledge of mathematics, astronomy, and medicine was shared with the East
3. **Diplomacy and politics**: The Silk Road was also used for diplomatic and political";False;False;0.9998;fr;en;True;True;False;True;True;Wofür wurde die Seidenstraße genutzt?;de;True;À quoi servait la route de la soie ?;fr;True;;¿Para qué se usaba la Ruta de la Seda?;es;True;;;;;;;explicativa;8
Capital of Haiti?;Port-au-Prince est la capitale d'Haïti.;Port-au-Prince;Port au Prince|Puerto Principe|Porto Principe|Port-au-Principe;The capital of Haiti is Port-au-Prince.;False;False;0.9981;fr;en;True;True;False;True;True;Hauptstadt von Haiti?;de;True;Capitale d'Haïti ?;fr;True;;¿Capital de Haití?;es;True;;;;;;;corta;4
I forgot, Eritrea's capital?;La capitale de l'Érythrée est Asmara.;Asmara;;The capital of Eritrea is Asmara.;False;False;0.9998;fr;en;True;True;False;True;True;Ich hab's vergessen: Hauptstadt von Eritrea?;de;True;J'ai oublié, la capitale de l'Érythrée ?;fr;True;;Se me olvidó, ¿la capital de Eritrea?;es;True;;;;;;;conversacional;9
Who led the Macedonian empire and conquered Persia?;C'est Philippe II de Macédoine qui a conduit l'empire macédonien et a conquis la Perse.;Alexander;Alexandre|Alejandro|Alessandro;"You're likely thinking of Alexander the Great!

Alexander III of Macedon, commonly known as Alexander the Great, was the king of the ancient Greek kingdom of Macedon who led the conquest of a vast portion of the known world, creating one of the largest empires in history.

In 334 BCE, Alexander led his army into Asia Minor (modern-day Turkey) and eventually conquered the Persian Empire, which at that time was the largest empire in the world. He defeated the Persian king Darius III at the Battle of Issus in 333 BCE and later at the Battle of Gaugamela in 331 BCE.

Alexander's conquests took him as far east as modern-day Pakistan and as far west as Egypt, and he founded over 70 cities, including Alexandria in Egypt, which became a major center of culture and learning.

Alexander's legacy is still celebrated today, and he is remembered as one of the greatest military minds in history.";False;False;0.9994;fr;en;True;False;False;True;False;Wer führte das makedonische Reich und eroberte Persien?;de;True;Qui a conduit l'empire macédonien et a conquis la Perse?;fr;True;;¿Quién lideró el imperio macedonio y conquistó Persia?;es;True;;;;;;;factual_clasica;
How long did the Hundred Years' War last?;La guerre de Cent Ans a duré 116 ans, du 1337 au 1453.;116;1337;"The Hundred Years' War between England and France lasted for 116 years, from 1337 to 1453. However, it's worth noting that the war was not a single, continuous conflict, but rather a series of conflicts that can be divided into three main phases:

1. The Edwardian War (1337-1360)
2. The Caroline War (1369-1389)
3. The Lancastrian War (1415-1453)

The war finally ended with the French victory at the Battle of Castillon in 1453, which marked the end of English control in France.";False;False;0.999;fr;en;True;True;False;True;True;Wie lange dauerte der Hundertjährige Krieg?;de;True;Combien de temps a duré la guerre de Cent Ans ?;fr;True;;¿Cuánto duró la guerra de los Cien Años?;es;True;;;;;;;factual_aperturas;10
Choose the fastest bird in a dive.;L'oiseau le plus rapide en piqué est le Harlequin (Pyrrhula pyrrhula).;peregrine falcon;peregrine|pelerin|peregrino|Wanderfalke|pellegrino;The fastest bird in a dive is the Peregrine Falcon. They are capable of reaching speeds of up to 242 mph (390 km/h) during their characteristic hunting dive, known as a stoop. This makes them the fastest member of the animal kingdom.;False;False;0.9998;fr;en;True;False;False;True;False;Wähle den schnellsten Vogel im Sturzflug.;de;True;Choisissez l'oiseau le plus rapide en piqué.;fr;True;;Escoge el ave más rápida en picada.;es;True;;;;;;;imperativo;8
Account for why we shiver when cold.;"Les frissons sont une réaction physiologique qui se produit lorsque notre corps est exposé à un froid excessif. Voici ce qui se passe :

Lorsque notre corps est exposé à un froid, les capillaires à la surface de la peau se contractent, réduisant la circulation sanguine. Cela entraîne une diminution de la chaleur émise par le corps, ce qui peut provoquer une sensation de froid.

En même temps, les muscles de la peau se contractent, ce qui peut provoquer une sensation de picotement ou de frisson. Cela est dû à la stimulation des nerveaux cutanés, qui transmettent des signaux au cerveau pour déclencher la réponse de froid.

Le cerveau, qui détecte la diminution de la chaleur et la stimulation des nerveaux cutanés, répond par la libération de neurotransmetteurs tels que l'adrénaline et la noradrénaline. Ces neurotransmetteurs provoquent une réponse de ""stress"" qui inclut la contraction des muscles, l'augmentation";muscles;muscl|muscu|Muskel|muscol;"Shivering is a natural response to cold temperatures, and it's an essential mechanism to help our bodies conserve heat. Here's why we shiver when cold:

**Why do we shiver?**

When our body temperature drops, our muscles contract and relax rapidly to generate heat. This process is called thermogenesis. Shivering is a complex physiological response that involves the nervous system, muscles, and blood vessels.

**The shivering process:**

When we're exposed to cold, our hypothalamus (the temperature-regulating center of the brain) detects the decrease in body temperature. In response, it sends signals to the muscles to contract and relax rapidly, creating a shivering effect. This process is called ""shivering thermogenesis.""

**How shivering works:**

1. **Muscle contraction:** When the hypothalamus sends signals to the muscles, they contract and relax rapidly, creating a shivering effect.
2. **Heat production:** As the muscles contract and relax, they generate heat through a process called ""muscle heat production."" This heat is produced by the breakdown of ATP (adenosine triphosphate), the energy currency of the body.
3. **Blood flow:** The shivering process also causes blood vessels to";False;False;0.9998;fr;en;True;True;False;True;True;Begründe, warum wir bei Kälte zittern.;de;True;Rendez compte de nos frissons quand il fait froid.;fr;True;;Da cuenta de por qué temblamos cuando tenemos frío.;es;True;;;;;;;imperativo_explicativo;9
Why was the Great Wall built?;"La Grande Muraille de Chine, l'une des plus grandes constructions de l'histoire, a été construite pour plusieurs raisons stratégiques et politiques. Voici quelques-unes des principales raisons pour lesquelles la Grande Muraille a été construite :

1. **Sécurité et défense** : La première raison pour laquelle la Grande Muraille a été construite était de protéger la Chine des invasions des tribus nomades et des armées étrangères. La Chine était un pays vulnérable aux attaques, étant donné sa position géographique et sa faible population armée à l'époque.

2. **Contrôle des frontières** : La Grande Muraille a également été construite pour contrôler les frontières de la Chine et empêcher les tribus nomades de pénétrer dans le territoire chinois. Cela a permis aux autorités chinoises de réguler le commerce et le mouvement des personnes à la frontière.

3. **Symbolisme et pouvoir** : La construction de la Grande Muraille a également été un moyen pour les dynasties chino";nomads;nomad|Mongol|invas|invad;"The Great Wall of China is one of the most impressive architectural achievements in history, and its construction has a rich and complex history. Here's a brief overview:

**The Early Beginnings:**
The Great Wall was built in multiple stages, with the first versions of the wall dating back to the 7th century BC, during the Chu State period. These early walls were constructed to protect the Chinese states from invading nomadic tribes from the north.

**The Qin Dynasty (221-206 BC):**
The first long wall was built during the Qin Dynasty, when Emperor Qin Shi Huang ordered the construction of a wall to protect his empire from the Mongols and other nomadic tribes. This wall was about 3,000 miles (4,800 km) long and was built using local materials, such as stone, brick, and rammed earth.

**The Han Dynasty (206 BC-220 AD):**
The Han Dynasty extended and fortified the wall, making it longer and stronger. The wall was built to protect the Silk Road, a major trade route that connected China to Central Asia and Europe.

**The Ming Dynasty (1368-1644):**
The most famous and well-preserved version of the Great Wall was built during the Ming";False;False;0.9998;fr;en;True;True;False;True;True;Warum wurde die Große Mauer gebaut?;de;True;Pourquoi la Grande Muraille a-t-elle été construite ?;fr;True;;¿Por qué se construyó la Gran Muralla?;es;True;;;;;;;explicativa;7
Capital of Honduras?;La capitale du Honduras est Tegucigalpa.;Tegucigalpa;;The capital of Honduras is Tegucigalpa.;False;False;0.999;fr;en;True;True;False;True;True;Hauptstadt von Honduras?;de;True;Capitale du Honduras ?;fr;True;;¿Capital de Honduras?;es;True;;;;;;;corta;4
Out of curiosity, Gabon's capital?;La capitale du Gabon est Libreville.;Libreville;;The capital of Gabon is Libreville.;False;False;0.9998;fr;en;True;True;False;True;True;Aus Neugier: Hauptstadt von Gabun?;de;True;Par curiosité, la capitale du Gabon ?;fr;True;;Por curiosidad, ¿la capital de Gabón?;es;True;;;;;;;conversacional;9
What is the largest moon of Jupiter?;La plus grande lune de Jupiter est Ganymède.;Ganymede;Ganymède|Ganimede|Ganymed;The largest moon of Jupiter is Ganymede. It is the largest moon in the solar system, even bigger than the planet Mercury. Ganymede has a diameter of approximately 3,275 miles (5,270 kilometers) and orbits Jupiter at a distance of about 428,000 miles (688,000 kilometers).;False;False;0.9998;fr;en;True;True;False;True;True;Was ist die größte Mond von Jupiter?;de;True;Quelle est la plus grande lune de Jupiter?;fr;True;;¿Cuál es la luna más grande de Júpiter?;es;True;;;;;;;factual_clasica;
Who discovered X-rays?;Wilhelm Conrad Röntgen;Rontgen;Roentgen;"Wilhelm Conrad Röntgen, a German physicist, discovered X-rays in 1895. He was working at the University of Würzburg in Germany at the time and was experimenting with cathode rays. On November 8, 1895, Röntgen noticed that a fluorescent screen in his lab was glowing even though it was not exposed to any light. He soon discovered that an unknown type of radiation was causing the screen to glow, which he called X-rays (from the German word ""Xenon,"" which was used to represent the unknown element).

Röntgen's discovery of X-rays revolutionized medical imaging and paved the way for numerous applications in medicine, industry, and scientific research. He was awarded the first Nobel Prize in Physics in 1901 for his discovery.";False;False;0.0005;nl;en;True;True;False;True;True;Wer entdeckte die X-Strahlen?;de;True;Qui a découvert les rayons X ?;fr;True;;¿Quién descubrió los rayos X?;es;True;;;;;;;factual_aperturas;5
Retrieve the author of Dracula.;L'auteur de Dracula est Bram Stoker.;Bram Stoker;Stoker;"The author of the classic novel ""Dracula"" is Bram Stoker.";False;False;0.9998;fr;en;True;True;False;True;True;Ruf den Autor von Dracula ab.;de;True;Retrouvez l'auteur de Dracula.;fr;True;;Recupera al autor de Drácula.;es;True;;;;;;;imperativo;7
Shed light on why popcorn pops.;"Un phénomène amusant!

Le pop-corn éclate en raison d'un processus physico-chimique appelé ""explosion de vapeur"". Voici les étapes clés :

1. **Le pop-corn est cuit** : Lorsque vous faites cuire le pop-corn, les grains de maïs sont chauffés à une température élevée (environ 180°C). Cela fait fondre la molécule de glucose qui se trouve à l'intérieur du grain.
2. **La vapeur se forme** : Lorsque la molécule de glucose fond, elle se transforme en vapeur d'eau. Cette vapeur est contenue dans les pores et les fissures du grain de maïs.
3. **La pression augmente** : Lorsque la vapeur se forme, elle se condense et se transforme en vapeur d'eau sous pression. Cette pression augmente à mesure que plus de vapeur est produite.
4. **L'explosion de vapeur** : Lorsque la pression devient trop élevée, la vapeur d'eau se libère br";steam;vapeur|vapor|Dampf|vapore|humidite|humedad|Feuchtigkeit;"The magical process of popcorn popping! It's a fascinating phenomenon that's both fun to watch and delicious to eat. So, let's dive into the science behind why popcorn pops.

**The Anatomy of Popcorn**

Popcorn is a type of corn kernel that's specifically designed to explode into a fluffy, crunchy snack. Each kernel has a hard outer shell (the pericarp) and a soft inner starch (the endosperm). The kernel is made up of about 80% water, which is essential for the popping process.

**The Popping Process**

When a kernel is heated, the water inside the kernel turns into steam. This steam builds up pressure inside the kernel, causing the kernel to expand. As the pressure increases, the kernel's hard outer shell begins to crack, and the soft inner starch is forced out of the kernel.

**The Critical Temperature**

The popping process occurs when the kernel reaches a critical temperature of around 375°F (190°C). At this temperature, the water inside the kernel turns into steam, and the pressure builds up rapidly. If the kernel is heated to this temperature, the steam will escape through a small opening in the kernel's hard outer shell, causing the kernel to explode into a fluffy piece";False;False;0.9998;fr;en;True;True;False;True;True;Beleuchte, warum Popcorn aufplatzt.;de;True;Éclairez pourquoi le pop-corn éclate.;fr;True;;Arroja luz sobre por qué explotan las palomitas.;es;True;;;;;;;imperativo_explicativo;8
Why did Columbus sail west?;"Christopher Colomb a navigué vers l'ouest en raison d'une combinaison de facteurs, notamment ses croyances géographiques, ses recherches et ses motivations économiques et politiques. Voici quelques-unes des raisons principales qui ont poussé Colomb à naviguer vers l'ouest :

1. **Croyances géographiques :** Colomb était convaincu que la Terre était ronde, mais il pensait que l'Europe était plus proche de l'Asie qu'il ne le pensait réellement. Il croyait que l'Asie était un continent proche, et il pensait que si on pouvait trouver un passage vers l'ouest, on pourrait atteindre l'Asie en naviguant vers l'ouest.

2. **Recherches et études :** Colomb a étudié les travaux des anciens géographes tels que Ptolemée et Strabon, qui mentionnaient des routes maritimes vers l'Asie. Il a également étudié les voyages des marchands et des navigateurs, qui lui ont parlé de terres lointaines et";Asia;Asie|Asien|India|Indien|Indias;"Christopher Columbus's famous voyage to the Americas in 1492 was a complex and multifaceted endeavor, driven by a combination of motivations. Here are some of the main reasons why Columbus sailed west:

1. **The Quest for a New Trade Route**: Columbus was convinced that there was a shorter route to Asia, which would give Europe a competitive edge in the spice trade. He believed that by sailing west, he could reach Asia by a new route, avoiding the traditional Silk Road and the treacherous sea routes of the Mediterranean.
2. **The Pursuit of Wealth and Fame**: Columbus was a merchant and an adventurer, and he saw the potential for great wealth and fame in his voyage. He hoped to find new trade opportunities, establish colonies, and gain recognition as a great explorer.
3. **The Influence of the Ancient Greeks and Romans**: Columbus was fascinated by the stories of ancient Greek and Roman explorers, such as Pytheas and Herodotus, who had sailed to distant lands. He believed that he could follow in their footsteps and discover new lands.
4. **The Support of the Catholic Church**: Columbus had the backing of the Catholic Church, which saw his voyage as a way to spread Christianity to new lands and";False;False;0.9998;fr;en;True;True;False;True;True;Warum segelte Kolumbus nach Westen?;de;True;Pourquoi Colomb a-t-il navigué vers l'ouest ?;fr;True;;¿Por qué Colón navegó hacia el oeste?;es;True;;;;;;;explicativa;6
Capital of Nicaragua?;La capitale du Nicaragua est Managua.;Managua;;The capital of Nicaragua is Managua.;False;False;0.997;fr;en;True;True;False;True;True;Hauptstadt von Nicaragua?;de;True;Capitale du Nicaragua ?;fr;True;;¿Capital de Nicaragua?;es;True;;;;;;;corta;4
Hmm, what's the capital of Mauritania?;La capitale de la Mauritanie est Nouakchott.;Nouakchott;Nuakchot|Nuakschott;The capital of Mauritania is Nouakchott.;False;False;0.9996;fr;en;True;True;False;True;True;Hmm, was ist die Hauptstadt Mauretaniens?;de;True;Hum, quelle est la capitale de la Mauritanie ?;fr;True;;Mmm, ¿cuál es la capital de Mauritania?;es;True;;;;;;;conversacional;10
Who wrote War and Peace?;"Une question classique!

La Guerre et la Paix est un roman de la série des Quatre Mousquetaires, écrit par Alexandre Dumas. Plus précisément, il a été publié en 1843 et est considéré comme l'un des romans les plus célèbres de l'auteur.

Le roman raconte l'histoire de la guerre de la Révolution française et de la paix qui suit, en mettant en scène les personnages de d'Artagnan, Athos, Porthos, Aramis et d'Albufera, ainsi que de nombreux autres personnages historiques et fictifs.

Alexandre Dumas, quant à lui, était un écrivain français né en 1802 et mort en 1870. Il est connu pour ses romans historiques et ses aventures, tels que Le Comte de Monte-Cristo et Les Trois Mousquetaires.";Tolstoy;Tolstoi|Tolstoj;"A classic question!

War and Peace, one of the greatest novels of all time, was written by the Russian author Leo Tolstoy (1828-1910). The novel was published in serial form from 1865 to 1869 and is considered one of Tolstoy's masterpieces, alongside Anna Karenina.";False;False;0.9998;fr;en;True;False;False;True;False;"Wer hat ""Krieg und Frieden"" geschrieben?";de;True;Qui a écrit La Guerre et la Paix ?;fr;True;;¿Quién escribió Guerra y Paz?;unknown;True;;;;;;;factual_clasica;
Who invented dynamite?;"Une question sur l'histoire de la chimie!

La dynamite a été inventée par le chimiste suédois Alfred Nobel en 1866. À l'époque, Nobel était un industriel et un inventeur qui avait fait fortune grâce à ses entreprises de production de explosifs, notamment de salpêtre (un composé de soufre et d'oxygène).

Nobel a expérimenté avec diverses combinaisons de composés chimiques pour créer une explosion plus puissante et plus contrôlée que les explosifs existants. Après des années de recherches et d'expérimentations, il a enfin réussi à créer une poudre explosive qui allait devenir connue sous le nom de dynamite.

La dynamite était composée de nitroglycérine, un composé de nitre et de glycérine, qui était beaucoup plus puissante que les explosifs précédents. Elle était également plus stable et plus facile à manipuler, ce qui la rendait plus sûre à utiliser.

Alfred Nobel a déposé la brevet de la dynamite en 1866 et a commencé à";Nobel;;"Dynamite was invented by the Swedish chemist and engineer Alfred Nobel (1833-1896). Nobel was a prolific inventor and engineer who made significant contributions to the fields of chemistry, physics, and engineering.

In 1866, Nobel was experimenting with nitroglycerin, a highly unstable and explosive liquid. He was trying to find a way to stabilize it, and after several failed attempts, he finally succeeded in creating a more stable form of nitroglycerin by mixing it with diatomaceous earth, a type of porous, absorbent material.

Nobel's invention of dynamite, which he patented in 1867, revolutionized the mining and construction industries. Dynamite was a more stable and controllable form of nitroglycerin, making it safer to handle and use.

However, Nobel's invention also had a darker side. He was concerned about the destructive power of his invention and the potential for it to be used for military purposes. In his will, Nobel left the majority of his estate to establish the Nobel Prizes, which are awarded annually to recognize outstanding contributions in the fields of physics, chemistry, medicine, literature, and peace.

Interestingly, Nobel's will also included a clause that stated: ""I shall";False;False;0.9998;fr;en;True;True;False;True;True;Wer erfand das Dynamit?;de;True;Qui a inventé la dynamite ?;fr;True;;¿Quién inventó la dinamita?;es;True;;;;;;;factual_aperturas;5
Supply the capital of Romania.;Bucarest est la capitale de la Roumanie.;Bucharest;Bucarest|Bukarest|Bucareste;The capital of Romania is Bucharest.;False;False;0.9996;fr;en;True;True;False;True;True;Liefere die Hauptstadt Rumäniens.;de;True;Fournissez la capitale de la Roumanie.;fr;True;;Proporciona la capital de Rumania.;es;True;;;;;;;imperativo;6
Demystify how airplanes stay airborne.;"**Comment les avions restent en l'air : une explication détaillée**

Les avions sont des machines incroyables qui nous permettent de voyager à des vitesses élevées et de traverser de longues distances en toute sécurité. Mais comment fonctionnent-ils exactement? Comment les avions restent-ils en l'air? Dans cet article, nous allons démythifier les principes de base qui permettent aux avions de voler.

**Le principe de la levée**

Lorsqu'un avion décolle, il utilise la force de la levée pour s'élever dans les airs. La levée est la force qui oppose la force de pesanteur (la force qui tient un objet sur la Terre) à la force de l'air qui pousse l'objet vers le bas. Lorsqu'un avion est en mouvement, il crée une zone d'air derrière lui qui est plus rapide que la zone d'air devant lui. Cette différence de vitesse crée une différence de pression entre les deux zones, ce qui entraîne une force de levée qui pousse";lift;portance|sustenta|Auftrieb|portanza|levantamiento;"The magic of flight! I'd be happy to break down the science behind how airplanes stay airborne.

**The Four Forces of Flight**

For an airplane to fly, it must balance four fundamental forces:

1. **Lift**: The upward force that opposes the weight of the plane and keeps it flying.
2. **Weight**: The downward force that is the combined weight of the plane, passengers, cargo, and fuel.
3. **Thrust**: The forward force that propels the plane through the air.
4. **Drag**: The backward force that opposes the motion of the plane.

**How Lift is Created**

Lift is the most critical force in flight, and it's created by the shape of the wings. Here's how:

* As the plane moves forward, the air flows over and under the curved surface of the wing.
* The air flowing over the top of the wing must travel faster than the air flowing along the bottom of the wing.
* This difference in airspeed creates an area of lower air pressure above the wing and an area of higher air pressure below it.
* The difference in pressure creates an upward force, or lift, that counteracts the weight of the plane.

**The Wing's Shape and Angle**";False;False;0.9998;fr;en;True;False;False;True;True;Entmystifiziere, wie Flugzeuge in der Luft bleiben.;de;True;Démystifiez comment les avions restent en l'air.;fr;True;;Desmitifica cómo se mantienen los aviones en el aire.;es;True;;;;;;;imperativo_explicativo;8
What sparked the American Revolution?;"La Révolution américaine a été déclenchée par une combinaison de facteurs, notamment :

1.  **Les impôts sans représentation** : Les Américains étaient soumis à des impôts sans avoir de représentation dans le Parlement britannique. Cela les rendait injustement taxés et les incitait à chercher à changer leur situation.
2.  **La colonisation britannique** : Les Britanniques avaient établi des colonies en Amérique du Nord sans leur consentement, ce qui a créé des tensions entre les colons et la Grande-Bretagne.
3.  **La révolution anglaise** : La révolution anglaise de 1688 a renforcé la monarchie britannique et a limité les droits des parlements, ce qui a contribué à la méfiance des Américains envers la Grande-Bretagne.
4.  **L'influence des idées philosophiques** : Les idées philosophiques de la Révolution française et de la pensée libérale ont influencé les Américains à chercher à créer une société plus égalitaire et plus libre.";taxes;tax|impot|impuest|Steuer|impost;"The American Revolution was a complex and multifaceted event, and there were several factors that contributed to its outbreak. Here are some of the key events and issues that sparked the Revolution:

1. **Taxation without Representation**: The British government imposed a series of taxes on the American colonies, including the Sugar Act, Stamp Act, and Townshend Acts, without giving them representation in Parliament. This led to widespread protests and boycotts among the colonists.
2. **The Proclamation of 1763**: After the French and Indian War (1754-1763), the British government issued the Proclamation of 1763, which prohibited American colonists from settling west of the Appalachian Mountains. This move was deeply unpopular among land-hungry colonists.
3. **The Boston Massacre (1770)**: Tensions between British soldiers and American colonists in Boston came to a head in 1770, resulting in the Boston Massacre, in which five colonists were killed. This event further fueled anti-British sentiment.
4. **The Boston Tea Party (1773)**: In response to the Tea Act, which allowed the British East India Company to sell tea directly to the colonies, a group of colonists";False;False;0.9998;fr;en;True;True;False;True;True;Was löste die Amerikanische Revolution aus?;de;True;Qu'est-ce qui a déclenché la Révolution américaine ?;fr;True;;¿Qué provocó la Revolución estadounidense?;es;True;;;;;;;explicativa;6
Capital of Costa Rica?;La capitale du Costa Rica est San José.;San Jose;;The capital of Costa Rica is San José.;False;False;0.9995;fr;en;True;True;False;True;True;Hauptstadt von Costa Rica?;de;True;Capitale du Costa Rica ?;fr;True;;¿Capital de Costa Rica?;es;True;;;;;;;corta;5
Settle a bet: where was pizza invented?;"Une question délicieuse!

Selon l'histoire, la pizza a été inventée à Naples, en Italie, au XIXe siècle. La ville de Naples a une longue tradition culinaire de pizzas, qui remonte au Moyen Âge. Les premières pizzas étaient faites avec des ingrédients locaux tels que du pain de blé, de l'huile d'olive, du fromage, des légumes et des viandes.

La version moderne de la pizza, avec sa croûte pétillante et ses ingrédients variés, est souvent attribuée à Raffaele Esposito, un pizzaiolo (pâtissier de pizza) de Naples qui a créé une pizza spéciale en 1889 pour la reine d'Italie, Margherita de Savoie. Cette pizza, appelée ""Pizza Margherita"", est composée de tomates, de mozzarella et de basilic, et est toujours populaire aujourd'hui.

Ainsi, la réponse est : Naples, en Italie, est le lieu où la pizza a été inventée!";Naples;Napoles|Neapel|Napoli;"A tasty topic!

According to historical records and culinary experts, pizza was invented in Naples, Italy. The exact date is disputed, but it's widely accepted that the modern version of pizza originated in Naples in the late 18th or early 19th century.

Before then, flatbreads with toppings were consumed in ancient times, but the modern pizza as we know it today is credited to Raffaele Esposito, a Neapolitan baker, who in 1889 created a pizza topped with tomato sauce, mozzarella cheese, and basil for Queen Margherita of Savoy, who was visiting Naples at the time. This pizza was named ""Pizza Margherita"" in her honor, and it remains a classic variety of pizza to this day.

So, there you have it! Naples, Italy is the birthplace of pizza.

Did I settle the bet?";False;False;0.9998;fr;en;True;True;False;True;True;Wir haben gewettet: Wo wurde die Pizza erfunden?;de;True;Pour trancher un pari : où la pizza a-t-elle été inventée ?;fr;True;;Para zanjar una apuesta: ¿dónde se inventó la pizza?;es;True;;;;;;;conversacional;10
Who was the British Prime Minister during most of World War II?;Winston Churchill;Churchill;;"The British Prime Minister during most of World War II was Winston Churchill. He served as Prime Minister from May 10, 1940, to July 26, 1945, and again from October 26, 1951, to April 5, 1955. Churchill played a significant role in leading Britain through the war, delivering many famous speeches, including the ""We shall fight on the beaches"" speech, and serving as the leader of the British government during the war's most critical periods.";False;False;0.5;unknown;en;True;True;False;True;False;Wer war während des größten Teils des Zweiten Weltkriegs britischer Premierminister?;de;True;Qui était le Premier ministre britannique pendant la majeure partie de la Seconde Guerre mondiale?;fr;True;;¿Quién fue el primer ministro británico durante la mayor parte de la Segunda Guerra Mundial?;es;True;;;;;;;factual_clasica;
Who founded the Mongol Empire?;L'Empire mongol a été fondé par Gengis Khan en 1206.;Genghis Khan;Genghis|Gengis|Dschingis|Chinggis;"The Mongol Empire was founded by Genghis Khan (also known as Temujin) in the early 13th century. He was a Mongol chieftain who united various Mongol tribes and went on to create the largest contiguous empire in history, stretching from China to Eastern Europe.

Genghis Khan was born around 1162 AD in Mongolia and began his military campaigns in the late 12th century. He united the Mongol tribes and established the Mongol Empire in 1206, with himself as the Khan (leader). He went on to conquer a vast territory, creating a vast empire that lasted for centuries.

Genghis Khan is considered one of the greatest conquerors in history, and his legacy continues to be felt to this day.";False;False;0.9998;fr;en;True;True;False;True;True;Wer gründete das Mongolische Reich?;de;True;Qui a fondé l'Empire mongol ?;fr;True;;¿Quién fundó el Imperio mongol?;es;True;;;;;;;factual_aperturas;7
State the capital of Belgium.;Bruxelles;Brussels;Bruxelles|Bruselas|Brussel|Bruxelas;The capital of Belgium is Brussels.;False;False;0.5;unknown;en;True;True;False;True;False;Nenne die Hauptstadt Belgiens.;de;True;Indiquez la capitale de la Belgique.;fr;True;;Indica la capital de Bélgica.;es;True;;;;;;;imperativo;6
Elucidate how submarines dive.;"Les sous-marins plongent grâce à un système complexe de propulsion et de régulation de la pression. Voici une explication détaillée de ce processus :

**Le principe de base :**

Les sous-marins utilisent le principe de la pression hydrostatique pour plonger. Lorsqu'un objet est immergé dans un liquide, comme l'eau, il subit une pression égale en tous sens. Pour plonger, le sous-marin doit réduire la pression à l'intérieur de la coque, ce qui permet à l'eau de pénétrer et de remplir l'espace.

**Le système de propulsion :**

Les sous-marins utilisent généralement un système de propulsion électrique ou nucléaire pour se déplacer. Le système électrique utilise des électroaimants ou des moteurs électriques pour produire une force de propulsion, tandis que le système nucléaire utilise une réaction nucléaire pour produire de la vapeur qui pousse le sous-marin à travers l'eau.

**La régulation de la pression :**

Pour plonger,";ballast;lastre|zavorra|lastro;"The art of diving a submarine! It's a fascinating process that requires a combination of complex engineering, precise calculations, and skilled operation. Here's a step-by-step explanation of how submarines dive:

**Pre-Dive Preparation**

Before diving, the submarine's crew performs a series of checks to ensure the vessel is ready for the dive. These checks include:

1. **Ballast tank filling**: The submarine's ballast tanks are filled with water or air, depending on the desired buoyancy.
2. **Dive planes adjustment**: The dive planes, also known as the trim planes, are adjusted to control the submarine's pitch (up or down movement).
3. **Propeller and rudder alignment**: The propeller and rudder are aligned to ensure optimal performance and stability.
4. **Sonar and navigation systems check**: The submarine's sonar and navigation systems are checked to ensure they are functioning correctly.

**Dive Sequence**

Once the submarine is ready, the dive sequence begins:

1. **Dive ballast tank filling**: The ballast tanks are filled with water, which increases the submarine's weight and causes it to sink.
2. **Dive planes adjustment**: The dive planes are adjusted to increase the submarine's angle";False;False;0.9998;fr;en;True;False;False;True;True;Verdeutliche, wie U-Boote abtauchen.;de;True;Élucidez comment les sous-marins plongent.;fr;True;;Dilucida cómo se sumergen los submarinos.;es;True;;;;;;;imperativo_explicativo;7
What did Lincoln's proclamation end?;La proclamation de Lincoln a mis fin la guerre de Sécession.;slavery;esclav|Sklav|schiav|escrav|slave|servitude|servidumbre;"Abraham Lincoln's Emancipation Proclamation, issued on January 1, 1863, declared that all slaves in the areas of the Confederate States of America that were still in rebellion against the United States were free. However, it did not immediately end slavery throughout the entire country.

The proclamation only applied to areas outside of Union control, which meant that it did not apply to border states or areas that were already under Union control. It also did not apply to areas that were under Union control but had not yet been freed, such as parts of Louisiana and Tennessee.

It wasn't until the passage of the 13th Amendment to the Constitution in 1865, after Lincoln's assassination, that slavery was officially abolished throughout the United States.";False;False;0.9975;fr;en;True;False;False;True;True;Was beendete Lincolns Proklamation?;de;True;À quoi la proclamation de Lincoln a-t-elle mis fin ?;fr;True;;¿A qué puso fin la proclamación de Lincoln?;es;True;;;;;;;explicativa;7
Capital of Fiji?;La capitale des Fidji est Suva.;Suva;;The capital of Fiji is Suva.;False;False;0.9998;fr;en;True;True;False;True;True;Hauptstadt von Fidschi?;de;True;Capitale des Fidji ?;fr;True;;¿Capital de Fiyi?;es;True;;;;;;;corta;4
Just curious, where do kiwi birds live?;"Une curiosité simple mais amusante!

Les kiwis, c'est-à-dire les fruits de la variété de plantes appelée Actinidia deliciosa, sont originaire de Chine. Mais aujourd'hui, ils sont cultivés dans de nombreux pays du monde, notamment :

* En Nouvelle-Zélande, où ils sont cultivés en grande quantité et sont devenus un symbole national.
* En France, où ils sont cultivés dans les régions du Sud-Ouest et du Sud-Est.
* En Italie, où ils sont cultivés dans les régions du Sud et du Centre.
* Au Japon, où ils sont cultivés dans les régions du Kansai et de Kyushu.
* Dans d'autres pays d'Asie, d'Europe et d'Australie.

En résumé, les kiwis sont cultivés dans de nombreux endroits du monde, mais leur origine est chinoise.";New Zealand;Nouvelle-Zelande|Nueva Zelanda|Neuseeland|Nuova Zelanda|Nova Zelandia;"The kiwi bird is a unique and fascinating bird species native to New Zealand. They are found in the wild throughout New Zealand, but they tend to inhabit areas with dense vegetation, such as:

1. **Forests**: Native forests, including beech, rimu, and totara forests, provide the perfect habitat for kiwis.
2. **Grasslands**: Wetlands, grasslands, and shrublands are also home to kiwis.
3. **Bush**: Dense, scrubby areas with thick undergrowth are ideal for kiwis to forage and nest.

Some specific regions in New Zealand where kiwis can be found include:

* The South Island's beech forests
* The North Island's native forests and grasslands
* The coastal areas, including estuaries and mangrove swamps

Kiwis are nocturnal birds, so they're most active at night, and they're excellent diggers, using their powerful legs and strong claws to burrow into the ground to find food and shelter.

Would you like to know more about kiwi birds or their habitats?";False;False;0.9998;fr;en;True;True;False;True;True;Nur aus Neugier: Wo leben Kiwivögel?;de;True;Simple curiosité : où vivent les kiwis ?;fr;True;;Solo por curiosidad, ¿dónde viven los kiwis?;es;True;;;;;;;conversacional;10
What is the capital of Slovenia?;La capitale de la Slovénie est Ljubljana.;Ljubljana;Lubiana|Liubliana;The capital of Slovenia is Ljubljana.;False;False;0.9997;fr;en;True;True;False;True;True;Was ist die Hauptstadt von Slowenien?;de;True;Quelle est la capitale de la Slovénie?;fr;True;;¿Cuál es la capital de Eslovenia?;es;True;;;;;;;factual_clasica;
Who designed the Sagrada Familia?;La Sagrada Família a été conçue par le célèbre architecte catalan Antoni Gaudí.;Gaudi;;The iconic Sagrada Familia in Barcelona, Spain was designed by the renowned Catalan architect Antoni Gaudí. Construction on the cathedral began in 1882, and it is considered one of Gaudí's most famous and complex works. Unfortunately, Gaudí passed away in 1926, before the completion of the Sagrada Familia, which is still ongoing today.;False;False;0.9963;fr;en;True;True;False;True;True;Wer entwarf die Sagrada Família?;de;True;Qui a conçu la Sagrada Família ?;fr;True;;¿Quién diseñó la Sagrada Familia?;es;True;;;;;;;factual_aperturas;8
Specify the currency of the United Kingdom.;"La monnaie du Royaume-Uni est composée de plusieurs pièces et de billets. Voici une liste des pièces et des billets couramment utilisés :

**Pièces :**

* 1 pence (1p)
* 2 pence (2p)
* 5 pence (5p)
* 10 pence (10p)
* 20 pence (20p)
* 50 pence (50p)
* 1 livre sterling (£1)
* 2 livres sterling (£2)
* 5 livres sterling (£5)
* 10 livres sterling (£10)

**Billets :**

* 5 livres sterling (£5)
* 10 livres sterling (£10)
* 20 livres sterling (£20)
* 50 livres sterling (£50)
* 100 livres sterling (£100)

Il convient de noter que les pièces de 1 livre sterling et de 2 livres sterling sont moins fréquemment utilisées que les autres pièces et billets.";pound sterling;sterling|livre sterling|libra esterlina|Pfund|sterlina|pound;The official currency of the United Kingdom is the Pound Sterling, commonly referred to as the British Pound (GBP).;False;False;0.9866;fr;en;True;True;False;True;True;Gib die Währung des Vereinigten Königreichs an.;de;True;Précisez la monnaie du Royaume-Uni.;fr;True;;Especifica la moneda del Reino Unido.;es;True;;;;;;;imperativo;8
Spell out why rubber balls bounce.;"Une question amusante!

Les balles en caoutchouc rebondissent en raison de leur structure et des propriétés du caoutchouc. Voici les principaux facteurs qui contribuent à ce phénomène :

1. **Élasticité du caoutchouc** : Le caoutchouc est un matériau élastique, ce qui signifie qu'il peut se déformer sous la pression et reprendre sa forme d'origine lorsque la pression est levée. Cet élasticité permet à la balle de se déformer lorsqu'elle est frappée ou renvoyée.
2. **Structure molle** : Les balles en caoutchouc sont généralement composées de petits morceaux de caoutchouc qui sont liés ensemble par un matériau adhésif. Cette structure molle permet à la balle de se déformer et de reprendre sa forme d'origine.
3. **Répartition de la pression** : Lorsqu'une balle est frappée, la pression est répartie de manière uniforme sur la surface de la";elastic;elasti|Elastiz;"Let me break it down for you:

**Why Rubber Balls Bounce:**

Rubber balls bounce because of a combination of factors related to their physical properties and the way they interact with their surroundings. Here's a step-by-step explanation:

1. **Elasticity**: Rubber is an elastic material, meaning it can stretch and return to its original shape when a force is applied to it. This elasticity is due to the molecular structure of rubber, which allows it to store energy when stretched.
2. **Compression**: When a rubber ball is compressed (squished) by an external force, such as a kick or a throw, the molecules inside the ball are pushed together, causing the ball to deform.
3. **Energy Storage**: As the ball is compressed, the energy from the external force is stored in the rubber molecules. This energy is in the form of elastic potential energy.
4. **Release of Energy**: When the external force is removed (e.g., the ball is released after being kicked), the stored energy is released rapidly, causing the rubber molecules to expand and return to their original shape.
5. **Rebound**: As the molecules expand, they push against each other, causing the ball to rebound and bounce back up.";False;False;0.9998;fr;en;True;True;False;True;True;Erkläre genau, warum Gummibälle springen.;de;True;Explicitez pourquoi les balles en caoutchouc rebondissent.;fr;True;;Detalla paso a paso por qué rebotan las pelotas de goma.;es;True;;;;;;;imperativo_explicativo;7
What did Martin Luther King fight for?;"Martin Luther King Jr. s'est battu pour les droits civiques et l'égalité des Noirs aux États-Unis. Il a été un leader clé du mouvement des droits civiques, qui visait à mettre fin à la ségrégation raciale et à l'oppression des Noirs.

King a été influencé par la théologie de l'amour de Mahatma Gandhi et a utilisé des méthodes non violentes pour promouvoir les droits des Noirs. Il a organisé des manifestations, des sit-ins et des marchés pour demander l'égalité des droits, notamment l'accès à l'éducation, à l'emploi et aux soins de santé.

L'un des événements les plus célèbres de King a été la Marche sur Washington pour l'Emploi et la Liberté en 1963, où il a prononcé son célèbre discours ""Je n'ai pas rêvé d'une terre sans frontières"" (I Have a Dream). Ce discours a résumé ses rêves pour une société plus égale et plus juste.

Malheureusement, Martin Luther King Jr. a";civil rights;civil|civiq|Burgerrecht|civis;"Martin Luther King Jr. was a prominent leader in the American civil rights movement. He fought for several key causes, including:

1. **Racial equality and justice**: King advocated for the end of segregation and discrimination against African Americans, seeking equal rights and opportunities in education, employment, housing, and voting.
2. **Nonviolent civil disobedience**: King believed in using nonviolent methods to challenge unjust laws and social norms. He drew inspiration from Mahatma Gandhi's philosophy of nonviolent resistance.
3. **Voting rights**: King fought for the right of African Americans to vote, which was often restricted or denied through voter suppression tactics, literacy tests, and poll taxes.
4. **Desegregation**: King led the movement to desegregate public facilities, such as schools, buses, restaurants, and restrooms, to ensure equal access to these spaces for African Americans.
5. **Poverty and economic justice**: King recognized the deep-seated poverty and economic inequality faced by many African Americans and advocated for policies to address these issues, such as job training programs and economic empowerment initiatives.
6. **Human rights and dignity**: King's message of love, compassion, and human dignity resonated with people from all backgrounds, inspiring";False;False;0.9998;fr;en;True;True;False;True;True;Wofür kämpfte Martin Luther King?;de;True;Pour quoi Martin Luther King s'est-il battu ?;fr;True;;¿Por qué luchó Martin Luther King?;es;True;;;;;;;explicativa;8
Capital of Tajikistan?;Douchambé (ou Douchanbe en russe) est la capitale du Tadjikistan.;Dushanbe;Douchanbe|Dusambe|Duschanbe|Duschambe;The capital of Tajikistan is Dushanbe.;False;False;0.9979;fr;en;True;True;False;True;True;Hauptstadt von Tadschikistan?;de;True;Capitale du Tadjikistan ?;fr;True;;¿Capital de Tayikistán?;es;True;;;;;;;corta;6
Random thought: what do giant pandas eat?;"Une question amusante!

Il n'y a pas de ""pandas géants"" dans la nature, mais je suppose que vous faites référence aux pandas gigantesques, qui sont des créatures fictives ou des monstres légendaires.

Cependant, si nous parlons des pandas réels, les pandas géants ne sont pas une espèce existante. Les pandas (Ailuropoda melanoleuca) sont des mammifères carnivores qui vivent dans les forêts de Chine et se nourrissent principalement de feuilles de bambou.

Les pandas réels se nourrissent de :

* Feuilles de bambou (environ 20-30 kg par jour)
* Fruits et fleurs (environ 1-2 kg par jour)
* Herbes et plantes (environ 1 kg par jour)

Il est important de noter que les pandas ont une digestion lente et spéciale qui leur permet de se nourrir de feuilles de bambou, qui sont difficiles à digérer pour la plupart des animaux.

En résumé, il n'y a pas de ""pandas géants"" qui mang";bamboo;bambou|bambu|Bambus;"Giant pandas are herbivores, which means they primarily eat plants. Their favorite food is bamboo, which makes up about 99% of their diet! They love to munch on various species of bamboo, and can eat up to 20-30 kilograms (44-66 pounds) of bamboo shoots, leaves, and stems per day.

In fact, bamboo is so important to a giant panda's diet that they have a special wrist bone that acts like a thumb, allowing them to grasp and manipulate bamboo stalks with ease. They also have a specialized digestive system that helps them break down the cellulose in bamboo, which is difficult for many animals to digest.

Occasionally, giant pandas will also eat other plants, like wild fruit, grasses, and certain crops, but bamboo is their main source of nutrition.";False;False;0.9998;fr;en;True;True;False;True;True;Spontane Frage: Was fressen Große Pandas?;de;True;Une idée comme ça : que mangent les pandas géants ?;fr;True;;Pensando al azar: ¿qué comen los pandas gigantes?;es;True;;;;;;;conversacional;9
Who painted the ceiling of the Sistine Chapel?;Le plafond de la Chapelle Sixtine a été peint par Michel-Ange Buonarroti, un artiste italien du XVIe siècle. Ce plafond est considéré comme l'un des chefs-d'œuvre de l'art baroque et est considéré comme l'une des plus grandes réalisations artistiques de l'histoire de l'art.;Michelangelo;Michel-Ange|Michel Ange|Miguel Angel;"The ceiling of the Sistine Chapel was painted by the renowned Italian artist Michelangelo Buonarroti. He worked on the project from 1508 to 1512, and it is considered one of the greatest artistic achievements of all time. The ceiling is famous for its vivid and intricate depictions of biblical scenes, including the iconic ""Creation of Adam"" and ""The Last Judgment.""";False;False;0.9998;fr;en;True;True;False;True;True;Wer malte die Decke der Sixtinischen Kapelle?;de;True;Qui a peint le plafond de la Chapelle Sixtine?;fr;True;;¿Quién pintó el techo de la Capilla Sixtina?;es;True;;;;;;;factual_clasica;
Who sculpted The Thinker?;Le Penseur est une sculpture de Auguste Rodin.;Rodin;;"The Thinker was sculpted by French artist Auguste Rodin. It was originally titled ""The Poet"" and was created between 1880 and 1882 as part of a larger work called ""The Gates of Hell,"" which was inspired by Dante's Divine Comedy. The Thinker was later separated from the rest of the work and became a standalone sculpture, symbolizing intellectualism and contemplation.";False;False;0.9998;fr;en;True;True;False;True;True;Wer schuf die Skulptur Der Denker?;de;True;Qui a sculpté Le Penseur ?;fr;True;;¿Quién esculpió El pensador?;es;True;;;;;;;factual_aperturas;7
Mention who composed William Tell.;Guillaume Tell est un opéra-comique de Gioachino Rossini, créé en 1846.;Rossini;;"The famous overture ""William Tell"" was composed by Gioachino Rossini, an Italian composer.";False;False;0.9995;fr;en;True;True;False;True;True;Erwähne, wer Wilhelm Tell komponierte.;de;True;Mentionnez qui a composé Guillaume Tell.;fr;True;;Menciona quién compuso Guillermo Tell.;es;True;;;;;;;imperativo;7
Cover how solar panels make electricity.;"La production d'électricité des panneaux solaires est une forme de production d'énergie renouvelable et durable qui utilise l'énergie du soleil pour générer de l'électricité. Voici quelques informations sur ce sujet :

**Principe de fonctionnement**

Les panneaux solaires convertissent l'énergie solaire en électricité à l'aide de photovoltaïques (PV). Les PV sont composés de cellules semiconductrices qui détectent les photons du soleil et les convertissent en courants électriques. Ces courants sont ensuite accumulés dans un système d'accumulateur, appelé banque d'énergie, pour fournir une source d'énergie stable et régulière.

**Avantages**

La production d'électricité des panneaux solaires présente plusieurs avantages :

1. **Renouvelabilité** : Les panneaux solaires sont une source d'énergie renouvelable, ce qui signifie que l'énergie est produite à partir d'un ressource naturelle qui se renouvelle régulièrement.
2. **Durabilité** : Les panneaux solaires peuvent durer";photovoltaic;voltai|photon|foton|semicond;"I'd be happy to explain how solar panels make electricity.

**The Basic Principle**

Solar panels convert sunlight into electricity through a process known as photovoltaics (PV). This process involves the conversion of light energy from the sun into electrical energy.

**The Components**

A solar panel consists of several key components:

1. **Photovoltaic Cells**: These are the individual units that convert sunlight into electricity. They are made from semiconducting materials, typically silicon, which are arranged in a grid-like pattern.
2. **Solar Cell Layers**: The photovoltaic cells are made up of multiple layers of semiconducting materials. These layers are designed to absorb sunlight and convert it into electrical energy.
3. **Metal Contacts**: The metal contacts are used to connect the photovoltaic cells together and to the electrical grid.
4. **Frame**: The frame is the outer casing of the solar panel that holds everything together.

**The Process**

Here's a step-by-step explanation of how solar panels make electricity:

1. **Sunlight Hits the Solar Panel**: When sunlight hits the solar panel, it excites the electrons in the photovoltaic cells.
2. **Electrons Flow**: The excited electrons flow through the solar cell layers";False;False;0.9998;fr;en;True;True;False;True;True;Behandle, wie Solarmodule Strom erzeugen.;de;True;Traitez la production d'électricité des panneaux solaires.;fr;True;;Trata cómo los paneles solares generan electricidad.;es;True;;;;;;;imperativo_explicativo;7
How did Napoleon spend his final years?;"Napoléon Bonaparte, l'empereur des Français, a passé ses dernières années en exil sur l'île d'Elbe, puis sur l'île de Sainte-Hélène, où il est mort en 1821.

Après sa défaite à la bataille de Waterloo en 1815, Napoléon a été exilé à l'île d'Elbe, où il a passé deux ans en prison. Cependant, il a réussi à s'échapper en 1815 et a retourné en France, où il a été défait à nouveau à la bataille de Waterloo.

Cette fois, Napoléon a été exilé à l'île de Sainte-Hélène, où il a passé les dernières années de sa vie. Il a été placé sous surveillance stricte par les Britanniques, qui ont gardé de près l'empereur pour éviter qu'il ne fasse nouveau souffle.

Malgré sa situation difficile, Napoléon a continué à écrire et à réfléchir à ses idées politiques.";Saint Helena;Helen|Elena|exil|esilio;"Napoleon Bonaparte's final years were marked by exile, illness, and a gradual decline in his physical and mental health. Here's a brief overview of his final years:

**Exile to Elba (1814)**: After his defeat at the Battle of Waterloo in June 1815, Napoleon was exiled to the island of Elba, a small island in the Mediterranean. He was given sovereignty over the island, but his freedom was limited.

**Return to Power (1815)**: However, Napoleon escaped from Elba in February 1815 and returned to power in France for a brief period, known as the Hundred Days. He regained control of the government and rallied his troops, but his final defeat at Waterloo in June 1815 marked the end of his reign.

**Exile to Saint Helena (1815)**: After his final defeat, Napoleon was exiled again, this time to the remote island of Saint Helena, a British territory in the South Atlantic Ocean. He was kept under close guard by the British, who were determined to prevent him from escaping or plotting another rebellion.

**Life on Saint Helena (1815-1821)**: Napoleon's life on Saint Helena was marked by isolation, illness";False;False;0.9998;fr;en;True;True;False;True;True;Wie verbrachte Napoleon seine letzten Jahre?;de;True;Comment Napoléon a-t-il passé ses dernières années ?;fr;True;;¿Cómo pasó Napoleón sus últimos años?;es;True;;;;;;;explicativa;8
Capital of Cameroon?;Yaoundé est la capitale du Cameroun.;Yaounde;Jaunde|Yaunde;The capital of Cameroon is Yaoundé.;False;False;0.9998;fr;en;True;True;False;True;True;Hauptstadt von Kamerun?;de;True;Capitale du Cameroun ?;fr;True;;¿Capital de Camerún?;es;True;;;;;;;corta;4
I forgot, who authored The Great Gatsby?;"Un classique du roman policier!

Gatsby le Magnifique (The Great Gatsby) a été écrit par F. Scott Fitzgerald. Il est considéré comme l'un des romans les plus importants du XXe siècle et est souvent considéré comme l'œuvre maîtresse de Fitzgerald. Le roman a été publié en 1925 et raconte l'histoire de Jay Gatsby, un personnage mystérieux et riche qui tente de conquérir Daisy Buchanan, la femme de son ami Nick Carraway. Le roman est connu pour ses thèmes de la classe sociale, de l'amour, de la déception et de la mort.";Fitzgerald;;The author of The Great Gatsby is the renowned American novelist F. Scott Fitzgerald.;False;False;0.9998;fr;en;True;True;False;True;True;Ich hab's vergessen: Wer schrieb Der große Gatsby?;de;True;J'ai oublié, qui a écrit Gatsby le Magnifique ?;fr;True;;Se me olvidó, ¿quién escribió El gran Gatsby?;es;True;;;;;;;conversacional;10
What molecule carries genetic information in most organisms?;La molécule qui porte l'information génétique dans la plupart des organismes est l'ADN (Acide Désoxyribonucléique).;DNA;ADN;The molecule that carries genetic information in most organisms is DNA (Deoxyribonucleic acid).;False;False;0.9998;fr;en;True;True;False;True;True;Was ist das Molekül, das die genetische Information in den meisten Organismen trägt?;de;True;Quelle molécule porte l'information génétique dans la plupart des organismes?;fr;True;;¿Cuál es el molécula que transporta la información genética en la mayoría de los organismos?;es;True;;;;;;;factual_clasica;
Who directed Psycho?;Psychose est un film réalisé par Alfred Hitchcock, sorti en 1960.;Hitchcock;;"The classic thriller ""Psycho"" was directed by the legendary Alfred Hitchcock. Released in 1960, it's considered one of Hitchcock's most iconic and influential films, and it's still widely regarded as a masterpiece of suspense and horror.";False;False;0.9998;fr;en;True;True;False;True;True;Wer führte Regie bei Psycho?;de;True;Qui a réalisé Psychose ?;fr;True;;¿Quién dirigió Psicosis?;es;True;;;;;;;factual_aperturas;4
Indicate who discovered DNA's double helix.;La double hélice de l'ADN a été découverte par James Watson et Francis Crick en 1953.;Watson;Crick|Rosalind Franklin;"A fundamental question in the history of genetics!

The discovery of DNA's double helix structure is attributed to James Watson and Francis Crick. They were two British biologists who, in 1953, used X-ray crystallography data provided by Rosalind Franklin and Maurice Wilkins to develop the first detailed model of the DNA molecule.

Watson and Crick's model, published in the journal Nature on April 25, 1953, revealed that DNA is a double-stranded helix, with two complementary strands of nucleotides twisted together in a spiral fashion. This discovery revolutionized our understanding of genetics and earned Watson and Crick the Nobel Prize in Physiology or Medicine in 1962.

Rosalind Franklin and Maurice Wilkins also made significant contributions to the discovery, but their work was often overlooked until recent years. Franklin's X-ray crystallography data, known as ""Photograph 51,"" was instrumental in helping Watson and Crick develop their model.

So, while Watson and Crick are often credited with the discovery of DNA's double helix, it's essential to acknowledge the contributions of Franklin and Wilkins as well.";False;False;0.9998;fr;en;True;True;False;True;True;Gib an, wer die Doppelhelix der DNA entdeckte.;de;True;Indiquez qui a découvert la double hélice de l'ADN.;fr;True;;Señala quién descubrió la doble hélice del ADN.;es;True;;;;;;;imperativo;10
Decode how bats navigate in darkness.;"Une question fascinante!

Les chauves-souris sont capables d'orienter leur vol dans le noir grâce à un système complexe de sensibilités et de mécanismes de navigation. Voici quelques-unes des clés pour comprendre comment elles le font :

1. **La capacité de détecter les émissions électroniques** : Les chauves-souris ont des cellules magnétocéphales, qui détectent les variations de champ magnétique terrestre. Cela leur permet de déterminer leur orientation et leur position dans l'espace.
2. **La vision écholocation** : Les chauves-souris émettent des ultrasons (fréquences supérieures à 20 kHz) pour créer un écho qui leur permet de détecter l'environnement. Cette vision écholocation leur permet de créer un mental cartographique de leur environnement, y compris la position de leurs proies.
3. **La mémoire spatiale** : Les chauves-souris ont une mémoire spatiale exceptionnelle, qui leur permet de retenir les informations sur leur environnement et de";echolocation;ecolocaliz|Echoortung|ultras|Ultraschall|Echolok|ecoloc|echoloc;"The fascinating world of bat navigation! Despite their ability to fly and navigate in complete darkness, bats use a variety of biological and behavioral adaptations to find their way around. Here's a breakdown of how bats navigate in darkness:

**Biological Adaptations:**

1. **Echolocation**: Bats use a biological sonar system called echolocation to produce high-frequency sounds, typically beyond human hearing range (20-100 kHz). These sounds are emitted through their vocal cords and are beyond the range of human hearing.
2. **Large Ears**: Bats have extremely large ears, which help to collect and focus sound waves. This allows them to detect the echoes of their emitted sounds and build a mental map of their surroundings.
3. **Specialized Hearing**: Bats have a highly sensitive hearing system, which allows them to detect the faint echoes of their emitted sounds. This is made possible by the unique structure of their ears and the specialized auditory system.

**Behavioral Adaptations:**

1. **Frequency Modulation**: Bats adjust the frequency of their emitted sounds to suit the environment. For example, in dense forests, they use lower frequencies to penetrate the canopy, while in open spaces, they use higher frequencies to detect objects more easily";False;False;0.9998;fr;en;True;True;False;True;True;Entschlüssle, wie Fledermäuse sich im Dunkeln orientieren.;de;True;Décodez comment les chauves-souris s'orientent dans le noir.;fr;True;;Decodifica cómo se orientan los murciélagos en la oscuridad.;es;True;;;;;;;imperativo_explicativo;7
What caused the 2008 financial crisis?;"La crise financière de 2008, également connue sous le nom de crise financière mondiale, a été causée par une combinaison de facteurs complexes et interconnectés. Voici quelques-uns des principaux facteurs qui ont contribué à cette crise :

1. **Détresse des prêteurs hypothécaires américains** : Dans les années 2000, de nombreux prêteurs hypothécaires ont accordé des prêts à des acheteurs de maisons qui n'avaient pas les moyens de les rembourser. Ces prêts étaient souvent basés sur des hypothèques à long terme et des taux d'intérêt bas, ce qui a rendu les prêts accessibles à des acheteurs qui n'auraient pas pu les obtenir autrement.
2. **Crédit à l'endettement** : Les banques et les institutions financières ont utilisé ces hypothèques pour financer des investissements dans d'autres marchés financiers, tels que les marchés immobiliers et les marchés des obligations. Cela a créé un effet d'ent";subprime;hypoth|hipotec|Hypothek|mutui|mortgage;"The 2008 financial crisis, also known as the Global Financial Crisis (GFC), was a complex and multifaceted event with various contributing factors. Here's a simplified explanation:

**Main causes:**

1. **Subprime Mortgage Crisis**: Banks and other financial institutions extended large amounts of credit to borrowers who couldn't afford to repay mortgages. These subprime mortgages had low introductory interest rates that would later reset to much higher rates, making monthly payments unaffordable for many homeowners.
2. **Deregulation**: The Gramm-Leach-Bliley Act of 1999 repealed parts of the Glass-Steagall Act of 1933, allowing commercial banks to engage in investment activities, including subprime lending. This led to a lack of oversight and increased risk-taking.
3. **Securitization**: Banks packaged subprime mortgages into securities and sold them to investors, who were attracted by the high yields. This created a massive market for these toxic assets, which were often not properly valued or monitored.
4. **Housing Market Bubble**: The housing market experienced a significant price bubble, fueled by lax lending standards, low interest rates, and excessive speculation. As housing prices rose, more people were able to buy homes";False;False;0.9998;fr;en;True;True;False;True;True;Was verursachte die Finanzkrise von 2008?;de;True;Qu'est-ce qui a causé la crise financière de 2008 ?;fr;True;;¿Qué causó la crisis financiera de 2008?;es;True;;;;;;;explicativa;9
Capital of Bahrain?;La capitale de Bahreïn est Manama.;Manama;;The capital of Bahrain is Manama.;False;False;0.9998;fr;en;True;True;False;True;True;Hauptstadt von Bahrain?;de;True;Capitale de Bahreïn ?;fr;True;;¿Capital de Baréin?;es;True;;;;;;;corta;4
Hmm, what do koalas eat?;"Les koalas! Ces adorable animaux australiens ont une alimentation spécifique.

Les koalas sont des herbivores, ce qui signifie qu'ils se nourrissent principalement de plantes. Leur principal aliment est le feuillage des arbres et des buissons, notamment des espèces de eucalyptus.

En effet, les koalas ont une digestion très lente et spéciale qui leur permet de décomposer les tissus cellulaires des feuilles d'eucalyptus, qui sont très riches en cellulose et en tannins. Ces tannins sont toxiques pour la plupart des animaux, mais les koalas en ont une adaptation spéciale qui leur permet de les digérer.

Les koalas ne mangent pas les fruits, les fleurs ou les autres parties des plantes, car ils ne sont pas suffisamment riches en nutriments pour les koalas. Ils se contentent de manger les feuilles d'eucalyptus, qui sont leur principal source d'alimentation.

Il est intéressant de noter que les koalas ont une relation spéciale avec les euc";eucalyptus;eucalipto|Eukalyptus;"Koalas are herbivores, which means they primarily eat plants. Their favorite food is eucalyptus leaves! In fact, eucalyptus leaves make up about 90% of a koala's diet. They have a specialized digestive system that allows them to break down the toxic compounds found in eucalyptus leaves, which are poisonous to most animals.

Koalas will also occasionally eat other types of leaves, like acacia leaves, and even some fruits and flowers. But eucalyptus leaves are their main source of nutrition.

It's worth noting that koalas have a very slow metabolism, which means they don't need to eat much food to survive. In fact, they can go without food for several days at a time!";False;False;0.9998;fr;en;True;True;False;True;True;Hmm, was fressen Koalas?;de;True;Hum, que mangent les koalas ?;fr;True;;Mmm, ¿qué comen los koalas?;es;True;;;;;;;conversacional;9
What is the capital of France?;La capitale de la France est Paris.;Paris;Parigi;The capital of France is Paris.;False;False;0.9998;fr;en;True;True;False;True;True;Was ist die Hauptstadt von Frankreich?;de;True;Quelle est la capitale de la France?;fr;True;;¿Cuál es la capital de Francia?;es;True;;;;;;;factual_clasica;
Who discovered the electron?;L'électron a été découvert par J.J. Thomson en 1897;Thomson;;"The discovery of the electron is a bit of a story that involves several scientists working over a period of time.

The concept of a tiny, negatively charged particle that orbits the nucleus of an atom was first proposed by J.J. Thomson in 1897. Thomson, a Scottish physicist, was studying cathode rays, which are streams of negatively charged particles that are emitted from a heated cathode (a negatively charged electrode) in a vacuum tube.

Thomson's experiment involved passing a beam of cathode rays through a magnetic field, which caused the beam to bend. By measuring the amount of bending, Thomson was able to calculate the charge-to-mass ratio of the particles, which he found to be approximately -1.76 x 10^11 C/kg.

Thomson's discovery led him to propose the existence of a tiny, negatively charged particle that he called the ""corpuscle"" (from the Latin word for ""body""). However, he was unable to find any evidence of the corpuscle itself.

Later, in 1904, Robert Millikan, an American physicist, conducted a series of experiments that led him to propose the existence of a smaller, more fundamental particle that he called the ""electron"". Millikan's experiments";False;False;0.9996;fr;en;True;True;False;True;True;Wer entdeckte das Elektron?;de;True;Qui a découvert l'électron ?;fr;True;;¿Quién descubrió el electrón?;es;True;;;;;;;factual_aperturas;5
Recall the first man in space.;Le premier homme dans l'espace était Yuri Gagarine, un cosmonaute soviétique. Il a effectué le 12 avril 1961 une mission spatiale unique, devenant ainsi le premier être humain à atteindre l'espace.;Gagarin;Gagarine;"The first man in space was Yuri Gagarin, a Soviet cosmonaut. He made history on April 12, 1961, when he became the first human to journey into outer space.

Gagarin's spacecraft, Vostok 1, completed one orbit of the Earth, lasting 108 minutes. During this time, he reached a maximum altitude of 327 kilometers (203 miles) and a top speed of 27,400 kilometers per hour (17,000 miles per hour).

Gagarin's achievement marked a major milestone in space exploration and paved the way for future human spaceflight. He was just 27 years old at the time of his historic flight.

Would you like to know more about Yuri Gagarin or space exploration?";False;False;0.9998;fr;en;True;True;False;True;True;Erinnere dich an den ersten Menschen im All.;de;True;Rappelez le premier homme dans l'espace.;fr;True;;Recuerda al primer hombre en el espacio.;es;True;;;;;;;imperativo;8
Unravel how salt preserves meat.;"Le sel joue un rôle crucial dans la conservation de la viande en raison de ses propriétés antiseptiques et antifongiques. Voici comment le sel conserve la viande :

1.  **Empêche la croissance des bactéries** : Le sel a une concentration élevée en sodium chloride, qui empêche la croissance des bactéries et des champignons. Les bactéries et les champignons sont responsables de la décomposition de la viande, ce qui entraîne la production de gaz, comme le méthane et l'acide acétique, qui peuvent rendre la viande pourrie.
2.  **Ralentit la croissance des bactéries** : Le sel ralentit la croissance des bactéries en les déshydratant et en les empêchant de se multiplier. Cela permet de ralentir la décomposition de la viande.
3.  **Empêche la libération de l'humidité** : Le sel absorbe l'humidité de la viande, ce qui empêche la croissance des bactéries";osmosis;osmo|dehydrat|deshidrat|deshydrat|disidrat|desidrat;"The magic of salt preservation! Let's dive into the science behind how salt helps preserve meat.

**The Role of Salt in Meat Preservation**

Salt (sodium chloride) plays a crucial role in preserving meat by inhibiting the growth of microorganisms, such as bacteria, yeast, and mold. When salt is applied to meat, it creates an environment that is unfavorable for the growth of these microorganisms.

**How Salt Works**

Here's a step-by-step explanation of how salt preserves meat:

1. **Dehydration**: Salt draws out moisture from the meat, creating a dehydrated environment. This reduces the availability of water, which is essential for the growth of microorganisms.
2. **Osmosis**: Salt creates an osmotic gradient, where the concentration of salt is higher in the meat than in the surrounding environment. This gradient encourages water to move out of the meat, further dehydrating it.
3. **Inhibition of Microbial Growth**: The high salt concentration in the meat creates an environment that is unfavorable for the growth of microorganisms. Many microorganisms, such as bacteria and yeast, require a certain level of moisture to grow. By dehydrating the meat, salt reduces the availability of water, making it difficult";False;False;0.9998;fr;en;True;True;False;True;True;Entwirre, wie Salz Fleisch haltbar macht.;de;True;Démêlez comment le sel conserve la viande.;fr;True;;Desentraña cómo la sal conserva la carne.;es;True;;;;;;;imperativo_explicativo;7
What did the Rosetta Stone help decode?;La pierre de Rosette a aidé à déchiffrer l'écriture hiéroglyphique égyptienne.;hieroglyphs;glyph|glif|egipcio antiguo|egyptien ancien|altagyptisch|ecriture egyptienne;"The Rosetta Stone is a significant archaeological artifact that played a crucial role in deciphering ancient Egyptian hieroglyphics. The stone was discovered in 1799 in Rosetta, Egypt, and it features an inscription in three languages:

1. **Hieroglyphics** (the ancient Egyptian writing system)
2. **Demotic script** (a form of ancient Egyptian writing used for everyday documents)
3. **Ancient Greek** (the language of the ruling class in Egypt at the time)

The Rosetta Stone was instrumental in deciphering hieroglyphics because the Greek text was already known and understood by scholars. By comparing the Greek text with the hieroglyphics and demotic script, scholars were able to crack the code of hieroglyphic writing.

The breakthrough came in 1822, when Jean-François Champollion, a French linguist, realized that the hieroglyphics were not just simple pictures, but a complex system of symbols that conveyed meaning. He used the Greek text as a key to decipher the hieroglyphics, and his work led to a deeper understanding of ancient Egyptian language and culture.

The Rosetta Stone helped decode:

* The meaning of hieroglyphic symbols and their";False;False;0.9998;fr;en;True;True;False;True;True;Was half der Stein von Rosetta zu entziffern?;de;True;Qu'est-ce que la pierre de Rosette a aidé à déchiffrer ?;fr;True;;¿Qué ayudó a descifrar la piedra de Rosetta?;es;True;;;;;;;explicativa;9
Capital of Mali?;La capitale du Mali est Bamako.;Bamako;Bamaco;The capital of Mali is Bamako.;False;False;0.9968;fr;en;True;True;False;True;True;Hauptstadt von Mali?;de;True;Capitale du Mali ?;fr;True;;¿Capital de Malí?;es;True;;;;;;;corta;4
Honestly, where did flamenco originate?;"Un excellent sujet!

Le flamenco est une forme de musique et de danse traditionnelle originale de l'Espagne, plus précisément de l'Andalousie (ou Andalouie). Ses racines sont complexes et multifacettes, mais voici une brève histoire :

* Les racines du flamenco sont souvent attribuées à la musique et à la danse des Gitanos (ou Gitans), une communauté nomade d'origine indienne qui a migré en Espagne au Moyen Âge. Les Gitanos ont apporté avec eux leur musique, leur danse et leur culture, qui ont évolué au fil des siècles.
* Au 16e siècle, les Gitanos ont commencé à se fixer dans les villes d'Andalousie, où ils ont développé une musique et une danse distinctives. Cette musique était influencée par les styles musicaux de l'époque, tels que la musique andalouse, la musique grecque et la musique arabe.
* Au 19e siècle, le flamenco a commencé à se développer en tant que forme de musique et";Spain;Espagne|Espana|Spanien|Spagna|Espanha|Andalus|Andalous|Andaluc|Andaluz;"Flamenco is a style of music and dance that originated in the Andalusia region of southern Spain, particularly in the provinces of Seville, Cádiz, and Granada.

The exact origins of flamenco are unclear, but it is believed to have evolved from various traditional music and dance styles in the region, including:

1. Gypsy music and dance: The Romani people, also known as Gypsies, have a long history in Spain and have contributed significantly to the development of flamenco.
2. Andalusian folk music: The traditional music of Andalusia, such as the ""alegrías"" and ""seguidillas"", which are characterized by complex rhythms and melodies, are believed to have influenced the development of flamenco.
3. Moorish music: The Moorish occupation of Spain from the 8th to the 15th centuries left a lasting legacy in the region, including the introduction of Arabic musical instruments and scales, which are still used in flamenco today.

Flamenco as we know it today, with its characteristic hand clapping, foot stomping, and expressive dance, emerged in the 18th and 19th centuries in the cities of Seville and Cádiz.";False;False;0.9998;fr;en;True;True;False;True;True;Ehrlich gesagt: Woher stammt der Flamenco?;de;True;Franchement, d'où vient le flamenco ?;fr;True;;Sinceramente, ¿dónde se originó el flamenco?;es;True;;;;;;;conversacional;8
In what year did the American Civil War begin?;La guerre de Sécession a commencé en 1861.;1861;;The American Civil War began in 1861. Specifically, it started on April 12, 1861, when Confederate forces fired on Union troops at Fort Sumter in Charleston, South Carolina.;False;False;0.9997;fr;en;True;True;False;True;True;In welchem Jahr begann der Amerikanische Bürgerkrieg?;de;True;En quelle année a commencé la guerre de Sécession ?;fr;True;;¿En qué año comenzó la Guerra Civil Americana?;unknown;True;;;;;;;factual_clasica;
Who patented the phonograph?;Thomas Edison a breveté le phonographe en 1877;Edison;;The phonograph was patented by Thomas Edison in 1877.;False;False;0.9571;fr;en;True;True;False;True;True;Wer ließ den Phonographen patentieren?;de;True;Qui a breveté le phonographe ?;fr;True;;¿Quién patentó el fonógrafo?;es;True;;;;;;;factual_aperturas;6
Determine the deepest lake in Africa.;Le lac le plus profond d'Afrique est le lac Malawi.;Tanganyika;Tanganica|Tanganjika|Tanganica;The deepest lake in Africa is Lake Tanganyika, which is located in the Albertine Rift, a region of the East African Rift System. It has a maximum depth of approximately 1,470 meters (4,823 feet) and an average depth of about 1,100 meters (3,608 feet).;False;False;0.9998;fr;en;True;False;False;True;False;Bestimme den tiefsten See Afrikas.;de;True;Déterminez le lac le plus profond d'Afrique.;fr;True;;Determina el lago más profundo de África.;es;True;;;;;;;imperativo;8
Fill me in on how thermometers work.;"Un thermomètre est un appareil qui mesure la température d'un liquide, d'un gaz ou d'un solide. Il fonctionne en utilisant des principes physiques tels que la chaleur spécifique, la densité et la réfraction.

Voici les étapes de base du fonctionnement d'un thermomètre :

1.  **Principe de base** : Le thermomètre repose sur le principe de la chaleur spécifique, qui est la quantité de chaleur nécessaire pour changer la température d'un liquide ou d'un gaz de 1 degré Celsius (ou de 1 degré Fahrenheit). Chaque liquide ou gaz a une chaleur spécifique différente, ce qui signifie qu'il nécessite une quantité différente de chaleur pour changer sa température de 1 degré.
2.  **Conduite du liquide** : Le thermomètre contient un liquide, généralement de l'eau ou du mélangé de mélanges de liquides, qui est chauffé ou refroidi en fonction de la température à mesure qu'il passe à travers un tube ou";expansion;dilata|Ausdehn|expan|espans;"Thermometers are an essential tool for measuring temperature, and I'd be happy to explain how they work.

**The Basic Principle**

A thermometer measures temperature by detecting changes in the physical properties of a substance, usually a liquid, in response to temperature changes. The most common type of thermometer uses a liquid with a known expansion coefficient, which expands or contracts when heated or cooled.

**Types of Thermometers**

There are several types of thermometers, but I'll focus on the most common ones:

1. **Mercury Thermometer**: This is the oldest type of thermometer, which uses a column of mercury (a liquid metal) to measure temperature. Mercury expands and contracts with temperature changes, causing the column to rise or fall.
2. **Digital Thermometer**: This type of thermometer uses a digital display to show the temperature reading. It typically consists of a thermistor (a temperature-sensing resistor) or a thermocouple (a temperature-sensing device) that converts temperature changes into an electrical signal, which is then displayed on an LCD screen.
3. **Infrared Thermometer**: This type of thermometer uses infrared radiation to measure temperature. It emits a beam of infrared light and measures the amount of radiation that is reflected back, which";False;False;0.9998;fr;en;True;False;False;True;True;Bring mich auf den Stand, wie Thermometer funktionieren.;de;True;Mettez-moi au courant du fonctionnement des thermomètres.;fr;True;;Ponme al día sobre cómo funcionan los termómetros.;es;True;;;;;;;imperativo_explicativo;9
Why was Galileo put on trial?;"Galilée a été jugé en 1633 pour avoir exprimé des opinions qui étaient considérées comme hérétiques par l'Église catholique romaine. En particulier, il a été accusé de :

1. **Dénier la doctrine de la création de l'univers** : Galilée a soutenu que l'univers a une âge et une structure, et que la Terre a été créée par un processus naturel, plutôt que par une intervention divine. Cela allait à l'encontre de la doctrine catholique de la création, qui affirmait que l'univers a été créé en un instant par Dieu.
2. **Souligner l'importance de l'observation et de l'expérience** : Galilée a défendu l'importance de l'observation et de l'expérience dans la recherche scientifique, ce qui était considéré comme une menace pour l'autorité de l'Église et de la tradition religieuse.
3. **Dénoncer les erreurs de l'Astronomie tolonienne** : Galilée a critiqué les erreurs";heliocentrism;heliocent|eliocent|Heliozent|Copernic|Kopernik|tourne autour du Soleil|gira alrededor del Sol|um die Sonne;"Galileo Galilei, the renowned Italian astronomer, physicist, and mathematician, was put on trial in 1633 for his support of the Copernican heliocentric model of the universe. This was a major controversy at the time, as the Catholic Church had long taught that the Earth was at the center of the universe, and that the Sun, Moon, and planets orbited around it.

Galileo had been a strong advocate for the Copernican theory, which proposed that the Sun was at the center of the solar system and that the planets, including Earth, orbited around it. He had made several key observations that supported this theory, including:

1. Observations of the phases of Venus, which showed that it orbited the Sun, just like the Moon orbits the Earth.
2. Observations of the moons of Jupiter, which provided evidence for the existence of other celestial bodies orbiting the Sun.
3. Measurements of the speed of the planets, which suggested that they were moving at a constant velocity around the Sun.

However, the Catholic Church saw these observations as a challenge to its authority and the traditional understanding of the universe. In 1616, Galileo was summoned to Rome and warned by the Church";False;False;0.9998;fr;en;True;False;False;True;True;Warum wurde Galileo vor Gericht gestellt?;de;True;Pourquoi Galilée a-t-il été jugé ?;fr;True;;¿Por qué juzgaron a Galileo?;es;True;;;;;;;explicativa;8
Capital of the UAE?;"La capitale de l'eau... C'est un peu une question de définition, mais je vais essayer de répondre!

Il n'y a pas vraiment de ""capitale de l'eau"" dans le sens où il n'y a pas de ville ou de pays qui en soit déclaré officiellement. L'eau est un élément essentiel pour la vie et elle est présente partout sur notre planète.

Cependant, si on considère les villes les plus proches de l'eau, on pourrait dire que :

* La capitale de la mer est... la mer elle-même! Mais si on veut choisir une ville, on pourrait dire que la capitale de la mer est Tokyo, en raison de sa proximité avec la mer du Japon.
* La capitale de l'océan est... l'océan Pacifique, qui couvre environ 155,6 millions de kilomètres carrés.
* La capitale de l'eau douce est... la ville de Paris, qui est située à proximité de la Seine et de ses nombreux canaux.

En fin de compte, il est difficile de définir une ""capitale de l'eau";Abu Dhabi;Abou Dhabi|Abu Dabi|Abou Dabi;The capital of the United Arab Emirates (UAE) is Abu Dhabi.;False;False;0.9998;fr;en;True;False;False;True;False;Hauptstadt der VAE?;de;True;Capitale des EAU ?;fr;True;;¿Capital de los EAU?;es;True;;;;;;;corta;5
Wait, where is Mount Rushmore?;Le mont Rushmore est situé aux États-Unis, plus précisément dans le comté de Pennington, dans l'État du Dakota du Sud. Il s'agit d'une formation rocheuse qui a été sculptée pour abriter les visages de quatre personnalités historiques américaines : George Washington, Thomas Jefferson, Theodore Roosevelt et Abraham Lincoln. Ce monument est l'un des plus célèbres des États-Unis et attire des visiteurs de tous les coins de la planète.;South Dakota;Dakota;"Mount Rushmore is located in the Black Hills of South Dakota, USA. Specifically, it's situated in the Black Hills National Forest, about 17 miles (27 kilometers) southwest of Keystone, South Dakota.

The monument features four large granite sculptures of the heads of four influential American presidents:

1. George Washington
2. Thomas Jefferson
3. Theodore Roosevelt
4. Abraham Lincoln

The sculptures were designed by sculptor Gutzon Borglum and took 14 years to complete, from 1927 to 1941. Mount Rushmore is one of the most iconic landmarks in the United States and a popular tourist destination.

Would you like to know more about Mount Rushmore or the Black Hills region?";False;False;0.9998;fr;en;True;True;False;True;True;Moment, wo liegt der Mount Rushmore?;de;True;Attends, où se trouve le mont Rushmore ?;fr;True;;Espera, ¿dónde está el monte Rushmore?;es;True;;;;;;;conversacional;8
What is the capital of Venezuela?;La capitale du Venezuela est Caracas.;Caracas;;The capital of Venezuela is Caracas.;False;False;0.9995;fr;en;True;True;False;True;True;Was ist die Hauptstadt von Venezuela?;de;True;Quelle est la capitale du Venezuela?;fr;True;;¿Cuál es la capital de Venezuela?;es;True;;;;;;;factual_clasica;
Who sang Thriller?;Michael Jackson;Michael Jackson;Jackson;"The iconic song ""Thriller"" was performed by the one and only Michael Jackson! Released in 1982, it was a groundbreaking music video that revolutionized the art form and remains one of the most popular and enduring songs of all time.";False;False;0.5;unknown;en;True;True;False;True;False;Wer sang Thriller?;de;True;Qui a chanté Thriller ?;fr;True;;¿Quién cantó Thriller?;es;True;;;;;;;factual_aperturas;5
Disclose the capital of Belize.;La capitale du Belize est Belmopan.;Belmopan;;The capital of Belize is Belmopan.;False;False;0.9998;fr;en;True;True;False;True;True;Gib die Hauptstadt von Belize preis.;de;True;Dévoilez la capitale du Belize.;fr;True;;Desvela la capital de Belice.;es;True;;;;;;;imperativo;7
Interpret what causes hiccups.;"Le hoquet, également appelé hoquet ou hémoptysie, est une condition médicale caractérisée par la présence de mucus (ou sang) dans la voix. Voici les causes possibles qui provoquent le hoquet :

**Causes physiologiques :**

1. **Infections respiratoires** : Rhume, grippe, pneumonie, bronchite, etc.
2. **Allergies** : Rhume allergique, asthme, etc.
3. **Inflammation des voies respiratoires** : Rhume, bronchite, pneumonie, etc.
4. **Problèmes de la voix** : Voix brisée, voix étranglée, etc.

**Causes médicales :**

1. **Cancer** : Tumeurs dans la gorge, la larynx, les bronches, etc.
2. **Maladies cardiaques** : Insuffisance cardiaque, arrêt cardiaque, etc.
3. **Maladies pulmonaires** : Pneumonie, bronchite, asthme, etc.
4.";diaphragm;diafragm|diaframm|Zwerchfell;"The annoying and often mysterious phenomenon of hiccups! While the exact cause of hiccups is still not fully understood, research has shed some light on the possible explanations. Here's a summary of the current understanding:

**Theories on the causes of hiccups:**

1. **Nerve irritation**: Hiccups are thought to occur when the nerves that control breathing are irritated, usually by eating too quickly, drinking too much, or swallowing air. The diaphragm, a dome-shaped muscle that separates the chest cavity from the abdominal cavity, contracts and relaxes in a rhythmic manner to facilitate breathing. When the nerves that control the diaphragm are irritated, it can cause the diaphragm to contract involuntarily, leading to hiccups.
2. **Stimulation of the vagus nerve**: The vagus nerve, which runs from the brain to the abdomen, plays a crucial role in regulating breathing and other bodily functions. Stimulation of the vagus nerve, such as from eating too quickly or drinking too much, can cause the diaphragm to contract and relax irregularly, leading to hiccups.
3. **Swallowing air**: Swallowing air, also known as aerophag";False;False;0.9957;fr;en;True;False;False;True;True;Deute, was Schluckauf verursacht.;de;True;Interprétez ce qui provoque le hoquet.;fr;True;;Interpreta qué causa el hipo.;es;True;;;;;;;imperativo_explicativo;8
What did Pasteur invent for milk?;Louis Pasteur a inventé la pasteurisation du lait en 1864. Cette technique consiste à chauffer le lait à une température élevée pendant une période de temps suffisante pour tuer les bactéries et les virus qui peuvent le contaminer, notamment les bactéries du genre Listeria et les virus du genre Norovirus. La pasteurisation du lait est devenue une pratique courante dans l'industrie laitière pour garantir la sécurité et la qualité du produit.;pasteurization;pasteuris|pasteuriz|pastoriz|Pasteurisier|pastorizz;Louis Pasteur invented the process of pasteurization for milk.;False;False;0.9998;fr;en;True;True;False;True;True;Was erfand Pasteur für die Milch?;de;True;Qu'a inventé Pasteur pour le lait ?;fr;True;;¿Qué inventó Pasteur para la leche?;es;True;;;;;;;explicativa;8
Symbol for nickel?;Le symbole du nickel est Ni.;Ni;;The symbol for nickel is Ni.;False;False;0.9998;fr;en;True;True;False;True;True;Symbol für Nickel?;de;True;Symbole du nickel ?;fr;True;;¿Símbolo del níquel?;es;True;;;;;;;corta;4
Sorry, where is Loch Ness?;"Bien sûr! Le Loch Ness est un lac naturel situé en Écosse, au Royaume-Uni. Il est situé dans le comté de Highland, à environ 35 kilomètres au nord-ouest de l'ancienne ville de Drumnadrochit, et à environ 40 kilomètres au nord-ouest de l'ancienne ville d'Inverness.

Le Loch Ness est le plus grand lac d'eau douce d'Écosse, avec une superficie d'environ 56 kilomètres carrés. Il est profond de 230 mètres et a une longueur de 37 kilomètres. Le lac est alimenté par plusieurs rivières et est connecté au lac Loch Airig, qui à son tour est connecté au lac Loch Ness.

Le Loch Ness est également célèbre pour le légende du ""Nessie"", une créature mythique qui serait un dragon ou un reptile marin qui serait caché dans le lac. Malgré de nombreuses recherches et découvertes, il n'y a aucune preuve scientifique de l'existence de cette créature.";Scotland;Ecosse|Escocia|Schottland|Scozia;"No need to apologize!

Loch Ness is a large freshwater lake in Scotland, United Kingdom. It's located in the Scottish Highlands, approximately 23 miles (37 kilometers) long and one to two miles (1.6 to 3.2 kilometers) wide. The loch is situated near the city of Inverness, and it's famous for being the home of the legendary Loch Ness Monster, also known as ""Nessie.""

Loch Ness is a popular tourist destination, attracting millions of visitors each year. The loch is also known for its stunning natural beauty, with surrounding mountains, forests, and wildlife, including birds, fish, and other aquatic creatures.

Would you like to know more about Loch Ness or its famous monster?";False;False;0.9998;fr;en;True;True;False;True;True;Entschuldigung, wo liegt Loch Ness?;de;True;Pardon, où se trouve le loch Ness ?;fr;True;;Perdona, ¿dónde está el lago Ness?;es;True;;;;;;;conversacional;7
In which country is Machu Picchu located?;Le Machu Picchu se trouve au Pérou.;Peru;Perou;Machu Picchu is located in Peru, South America.;False;False;0.9997;fr;en;True;True;False;True;True;In welchem Land liegt Machu Picchu?;de;True;Dans quel pays se trouve le Machu Picchu ?;fr;True;;¿En qué país se encuentra Machu Picchu?;unknown;True;;;;;;;factual_clasica;
Who discovered Jupiter's largest moons?;Les plus grandes lunes de Jupiter ont été découvertes par Galilée en 1610.;Galileo;Galilee|Galilei|Galileu;"Jupiter's largest four moons, known as the Galilean moons, were discovered by Galileo Galilei in 1610. These moons are:

1. Io
2. Europa
3. Ganymede
4. Callisto

Galileo discovered these moons using his telescope, which was the first time that any human had observed these moons. He discovered them on January 7, 1610, and published his findings in a letter to the Roman Catholic Church.

However, it's worth noting that the discovery of Jupiter's largest moons is often attributed to Galileo, but it's also possible that other astronomers, such as Simon Marius, may have discovered them independently around the same time. Marius, a German astronomer, published his own observations of the moons in 1614, but Galileo's discovery is generally credited as the first recorded observation of these moons.";False;False;0.9998;fr;en;True;True;False;True;True;Wer entdeckte die größten Monde des Jupiter?;de;True;Qui a découvert les plus grandes lunes de Jupiter ?;fr;True;;¿Quién descubrió las lunas más grandes de Júpiter?;es;True;;;;;;;factual_aperturas;7
Pin down the largest moon of Neptune.;La plus grande lune de Neptune est Triton.;Triton;Tritone|Tritao;"The largest moon of Neptune is... **Triton**!

Triton is not only the largest moon of Neptune, but it's also the largest moon in the solar system, with a diameter of approximately 2,700 kilometers (1,700 miles). It's a unique moon, with a surface composed primarily of nitrogen ice, and it orbits Neptune at a great distance, taking about 5.9 Earth days to complete one orbit.";False;False;0.9998;fr;en;True;True;False;True;True;Bestimme den größten Mond des Neptun.;de;True;Déterminez la plus grande lune de Neptune.;fr;True;;Precisa la luna más grande de Neptuno.;es;True;;;;;;;imperativo;8
Expand on how pearls form.;"La formation des perles est un processus complexe qui implique plusieurs étapes et différents types de organismes. Voici une explication détaillée de la formation des perles :

**Qu'est-ce qu'une perle?**

Une perle est un coquillage qui contient un liquide transparent et lisse, appelé nacre, qui est composé de calcium carbonate et de protéines. La nacre est produite par les mollusques, tels que les escargots, les coquillages et les poissons-perles.

**Les étapes de la formation des perles**

La formation des perles est un processus qui peut varier en fonction du type d'organisme et de l'environnement. Cependant, voici les étapes générales de la formation des perles :

1. **La production de la nacre** : Les mollusques produisent la nacre dans leurs glandes salivaires ou dans leurs organes spéciaux appelés ""glandes de nacre"". La nacre est composée de calcium carbonate et de protéines.
2. **La déposition de la nacre** :";nacre;nacar|Perlmutt|madreperla;"The formation of pearls is a fascinating process that involves a combination of natural and biological factors. Here's a detailed explanation of how pearls form:

**The Process of Pearl Formation**

Pearls are formed inside the shell of a living mollusk, typically a saltwater oyster or mussel. The process begins when an irritant, such as a parasite, a piece of sand, or a shell fragment, enters the mollusk's shell and lodges itself inside the mollusk's soft tissue.

**The Mollusk's Response**

To protect itself from the irritant, the mollusk secretes layers of a substance called nacre, also known as mother-of-pearl. Nacre is a combination of calcium carbonate and a protein called conchiolin. The mollusk's nacre is made up of tiny, shimmering layers that are secreted by the mollusk's epithelial cells.

**The Formation of the Pearl**

As the mollusk continues to secrete nacre, the layers build up around the irritant, forming a protective coating. Over time, the layers of nacre become thicker and more compact, eventually forming a pearl. The pearl is made up of the layers of nacre that have accumulated around the irritant";False;False;0.9998;fr;en;True;True;False;True;True;Vertiefe, wie Perlen entstehen.;de;True;Développez la formation des perles.;fr;True;;Profundiza en cómo se forman las perlas.;es;True;;;;;;;imperativo_explicativo;6
What field did Mendel's pea experiments found?;Les expériences de Mendel sur les pois ont fondé le domaine de la génétique.;genetics;genet|Genetik|hered|herenc|Vererb|ereditar;"Mendel's pea experiments, conducted by Gregor Mendel in the 1860s, laid the foundation for the field of **Genetics**.

Mendel's work on pea plants led to the discovery of the fundamental principles of heredity, including the laws of segregation and independent assortment, which describe how genetic traits are passed down from one generation to the next. His research provided the basis for modern genetics and paved the way for significant advances in fields such as molecular biology, genetics engineering, and biotechnology.

So, to answer your question, Mendel's pea experiments founded the field of Genetics!";False;False;0.9998;fr;en;True;True;False;True;True;Welches Fachgebiet begründeten Mendels Erbsenversuche?;de;True;Quel domaine les expériences de Mendel sur les pois ont-elles fondé ?;fr;True;;¿Qué disciplina fundaron los experimentos de Mendel con guisantes?;es;True;;;;;;;explicativa;10
Symbol for lithium?;Le symbole du lithium est Li.;Li;;The symbol for lithium is Li.;False;False;0.9998;fr;en;True;True;False;True;True;Symbol für Lithium?;de;True;Symbole du lithium ?;fr;True;;¿Símbolo del litio?;es;True;;;;;;;corta;4
Quick question: when was the first World Cup?;"Une petite question, mais pas si petite!

La première Coupe du monde de football a eu lieu en 1930, au Brésil. Elle a été organisée par l'Union internationale de football association (FIFA) et a réuni 13 équipes nationales. Le Brésil a remporté la compétition en battant l'Uruguay 4-2 dans le match final.";1930;;The first FIFA World Cup was held in 1930 in Uruguay. It was won by the host team, Uruguay, who defeated Argentina 4-2 in the final on July 30, 1930, at the Estadio Centenario in Montevideo, Uruguay.;False;False;0.9998;fr;en;True;True;False;True;True;Kurze Frage: Wann war die erste Fußball-WM?;de;True;Petite question : quand a eu lieu la première Coupe du monde ?;fr;True;;Pregunta rápida: ¿cuándo fue el primer Mundial?;es;True;;;;;;;conversacional;10
Who wrote Crime and Punishment?;Crime et Châtiment est un roman de Fiodor Dostoïevski.;Dostoevsky;Dostoievski|Dostojewski|Dostoyevski|Dostoevskij|Dostoievskij;"The novel ""Crime and Punishment"" was written by the Russian author Fyodor Dostoevsky. It was first published in 1866 and is considered one of Dostoevsky's most famous works, as well as a classic of world literature.";False;False;0.9977;fr;en;True;True;False;True;True;Wer hat Schuld und Sühne geschrieben?;de;True;Qui a écrit Crime et Châtiment ?;fr;True;;¿Quién escribió El crimen y la castigo?;es;True;;;;;;;factual_clasica;
Who proposed the uncertainty principle?;Le principe d'incertitude a été proposé par Niels Bohr;Heisenberg;;"The uncertainty principle was proposed by Werner Heisenberg, a German physicist, in 1927. He introduced the concept in his paper ""Über den anschaulichen Inhalt der quantentheoretischen Kinematik und Mechanik"" (On the Physical Content of Quantum Theoretical Kinematics and Mechanics), which was published in the journal Zeitschrift für Physik.

Heisenberg's uncertainty principle states that it is impossible to know both the position and momentum of a particle with infinite precision at the same time. This fundamental concept in quantum mechanics has had a profound impact on our understanding of the behavior of matter and energy at the atomic and subatomic level.

Would you like to know more about the uncertainty principle or its implications?";False;False;0.9998;fr;en;True;False;False;True;False;Wer stellte die Unschärferelation auf?;de;True;Qui a proposé le principe d'incertitude ?;fr;True;;¿Quién propuso el principio de incertidumbre?;es;True;;;;;;;factual_aperturas;6
Pinpoint the capital of Ethiopia.;Addis Abeba est la capitale de l'Éthiopie.;Addis Ababa;Addis-Abeba|Addis Abeba|Adis Abeba|Adis-Abeba;The capital of Ethiopia is Addis Ababa.;False;False;0.9998;fr;en;True;True;False;True;True;Bestimme die Hauptstadt Äthiopiens genau.;de;True;Situez la capitale de l'Éthiopie.;fr;True;;Ubica la capital de Etiopía.;es;True;;;;;;;imperativo;7
Examine what causes a lunar eclipse.;"Une éclipse de Lune est un phénomène astronomique qui se produit lorsque la Lune passe entre la Terre et le Soleil, bloquant ainsi la lumière du Soleil sur la surface de la Lune. Il existe trois types d'éclipses de Lune : éclipse de Lune solaire, éclipse de Lune lunaire et éclipse de Lune partielles.

**Éclipse de Lune solaire**

Une éclipse de Lune solaire se produit lorsque la Lune est dans la même ligne de sight que le Soleil et la Terre. Cela se produit lorsque la Lune est à un angle de 5 degrés par rapport à la Terre et au Soleil. Lorsque la Lune passe entre la Terre et le Soleil, elle bloque la lumière du Soleil sur sa surface, créant une éclipse de Lune solaire.

**Éclipse de Lune lunaire**

Une éclipse de Lune lunaire se produit lorsque la Terre passe entre la Lune et le Soleil, bloquant ainsi la lumière du Soleil sur la surface de la Lune. Cela se produit lorsque";shadow;ombr|Schatten|entre le Soleil et la Lune|entre el Sol y la Luna|zwischen Sonne und Mond;"A lunar eclipse occurs when the Earth passes between the Sun and the Moon, blocking the sunlight that normally reflects off the Moon's surface. This can only happen during a full moon, when the Moon is on the opposite side of the Earth from the Sun.

Here's a step-by-step explanation of the process:

1. **Full Moon**: The Moon is full, which means it is on the opposite side of the Earth from the Sun.
2. **Earth's Shadow**: The Earth casts a shadow on the Moon during a lunar eclipse. This shadow has two parts: the umbra, which is the darker inner shadow where the Sun is completely blocked, and the penumbra, which is the lighter outer shadow where the Sun is only partially blocked.
3. **Earth's Position**: The Earth must be in the right position to cause a lunar eclipse. This means that the Earth must be between the Sun and the Moon, and the Moon must be in the right position in its orbit around the Earth.
4. **Umbra and Penumbra**: When the Earth's umbra falls on the Moon, it blocks the sunlight, causing the Moon to darken. The penumbra, on the other hand, only partially blocks the sunlight";False;False;0.9998;fr;en;True;False;False;True;True;Untersuche, was eine Mondfinsternis verursacht.;de;True;Examinez ce qui provoque une éclipse de Lune.;fr;True;;Examina qué causa un eclipse lunar.;es;True;;;;;;;imperativo_explicativo;8
What did Florence Nightingale reform?;"Florence Nightingale a réformé de nombreuses pratiques médicales et sanitaires au XIXe siècle, notamment :

1.  **L'importance de l'hygiène** : Nightingale a souligné l'importance de l'hygiène dans la prévention des maladies. Elle a mis en place des mesures pour améliorer les conditions de vie et de travail dans les hôpitaux, notamment en réduisant la quantité de patients dans les salles d'hôpital et en améliorant les conditions de nettoyage.
2.  **L'importance de la statistique médicale** : Nightingale a utilisé les statistiques pour analyser les données sur les décès et les maladies dans les hôpitaux. Ses études ont montré que les conditions de vie et de travail dans les hôpitaux avaient un impact significatif sur les résultats des patients.
3.  **L'importance de la formation des infirmières** : Nightingale a réformé les programmes d'infirmière en insistant sur l'importance de";nursing;infirm|enferm|Krankenpfleg|Pflege|inferm|nurs|soins aux malades;"Florence Nightingale is considered the founder of modern nursing. She is best known for her reforms in the field of nursing, particularly during the Crimean War.

Specifically, Florence Nightingale:

1. **Improved sanitation and hygiene**: She recognized the importance of cleanliness in preventing the spread of diseases. She implemented strict sanitation and hygiene practices in the British Army Hospital in Scutari, Turkey, which significantly reduced mortality rates.
2. **Established the first professional nursing school**: Nightingale founded the Institute for the Care of Sick Gentlewomen in London, which later became the Nightingale School of Nursing. This was the first professional nursing school in the world.
3. **Promoted the use of statistics and data analysis**: Nightingale was a pioneer in using statistics and data analysis to understand the causes of disease and mortality. She used these methods to identify areas for improvement in hospital care and to advocate for better nursing practices.
4. **Advocated for better hospital conditions**: Nightingale worked to improve the living and working conditions of nurses and patients in hospitals. She believed that a clean, well-ventilated, and well-lit environment was essential for good health and well-being.

Overall, Florence Nightingale";False;False;0.9998;fr;en;True;True;False;True;True;Was reformierte Florence Nightingale?;de;True;Qu'a réformé Florence Nightingale ?;fr;True;;¿Qué reformó Florence Nightingale?;es;True;;;;;;;explicativa;8
Symbol for argon?;Le symbole de l'argon est Ar.;Ar;;The symbol for Argon is Ar.;False;False;0.9998;fr;en;True;True;False;True;True;Symbol für Argon?;de;True;Symbole de l'argon ?;fr;True;;¿Símbolo del argón?;es;True;;;;;;;corta;5
Hey, how far is the Sun from Earth?;"Bonjour!

La distance moyenne entre le Soleil et la Terre est d'environ 149,6 millions de kilomètres (km). C'est une distance qui varie légèrement en raison des mouvements elliptiques des deux corps célestes autour de leur centre de gravité commun.

Pour être plus précis, la distance moyenne est appelée ""l'unité astronomique"" (au) et est égale à 149 597 890 700 mètres. C'est une distance qui nous permet de comprendre la taille de notre système solaire et les mouvements des planètes et des autres corps célestes autour du Soleil.

Voici quelques informations supplémentaires pour vous aider à visualiser cette distance :

* La Terre fait le tour du Soleil en environ 365,25 jours (l'année terrestre).
* La vitesse moyenne de la Terre autour du Soleil est de environ 29,78 km/s.
* La distance entre le Soleil et la Terre est si grande que même la lumière, qui voyage à une vitesse de 299 792 458 m/s, met environ 8 minutes et 20 second";150 million;150|149,6|149.6|93 million;The average distance from the Earth to the Sun is approximately 93 million miles (149.6 million kilometers). This distance is constantly changing due to the elliptical shape of Earth's orbit around the Sun. At its closest point (perihelion), the distance is about 91.5 million miles (147 million kilometers), and at its farthest point (aphelion), the distance is about 94.5 million miles (152.1 million kilometers).;False;False;0.9998;fr;en;True;True;False;True;True;Hey, wie weit ist die Sonne von der Erde entfernt?;de;True;Hé, à quelle distance le Soleil est-il de la Terre ?;fr;True;;Oye, ¿a qué distancia está el Sol de la Tierra?;es;True;;;;;;;conversacional;10
How many degrees are in a right angle?;Un angle droit mesure 90 degrés.;90;quatre-vingt-dix;There are 90 degrees in a right angle.;False;False;0.9997;fr;en;True;True;False;True;True;Wie viele Grad sind in einem rechten Winkel?;de;True;Quel est le nombre de degrés dans un angle droit?;fr;True;;¿Cuántos grados hay en un ángulo recto?;es;True;;;;;;;factual_clasica;
Who led the Soviet Union during World War II?;Joseph Staline;Stalin;Staline;"The Soviet Union was led by Joseph Stalin during World War II. He served as the General Secretary of the Communist Party of the Soviet Union from 1922 until his death in 1953, and as the Soviet Union's head of state from 1922 until his death in 1953.

However, it's worth noting that Stalin was not the only leader of the Soviet Union during World War II. The Soviet government was a collective leadership, and several other leaders played important roles during the war.

Some notable leaders of the Soviet Union during World War II include:

* Joseph Stalin: General Secretary of the Communist Party and head of state
* Vyacheslav Molotov: Deputy Premier and Minister of Foreign Affairs
* Georgy Zhukov: Military leader and commander of the Soviet Army
* Kliment Voroshilov: Minister of Defense
* Lavrentiy Beria: Head of the NKVD (Soviet secret police)

Stalin's leadership during World War II was marked by a series of significant decisions, including the decision to launch a massive counterattack against the German army on the Eastern Front, known as Operation Barbarossa. This decision ultimately led to the Soviet Union's victory over Nazi Germany, but it also";False;False;0.5;unknown;en;True;True;False;True;False;Wer führte die Sowjetunion im Zweiten Weltkrieg?;de;True;Qui dirigeait l'Union soviétique pendant la Seconde Guerre mondiale ?;fr;True;;¿Quién dirigió la Unión Soviética durante la Segunda Guerra Mundial?;es;True;;;;;;;factual_aperturas;10
Locate the country of Timbuktu.;Tombouctou est un pays situé en Afrique de l'Ouest. Plus précisément, il s'agit d'une région située dans le nord-est du Mali.;Mali;;"Timbuktu is a city located in the West African country of Mali. Specifically, it is situated in the Sahara Desert, about 20 kilometers (12 miles) north of the River Niger, in the Tombouctou Region of Mali.

Here's the exact location:

* Country: Mali
* Region: Tombouctou Region
* Latitude: 16.7333° N
* Longitude: 3.0333° W

Timbuktu is a famous city in West Africa, known for its rich history, cultural significance, and its role as a major trading center in the Sahara Desert.";False;False;0.9998;fr;en;True;True;False;True;True;Finde das Land, in dem Timbuktu liegt.;de;True;Localisez le pays de Tombouctou.;fr;True;;Localiza el país de Tombuctú.;es;True;;;;;;;imperativo;10
Analyze what colors fireworks.;"Les feux d'artifice sont une forme de spectacle visuel qui utilise des explosions de gaz et de poudre pour créer des couleurs et des effets visuels. Les couleurs des feux d'artifice sont produites par la combustion de diverses poudres colorées, qui libèrent des particules colorées dans l'air.

Voici les principaux facteurs qui contribuent à la couleur des feux d'artifice :

1. **Les poudres colorées** : Les poudres colorées sont les ingrédients clés pour créer les couleurs des feux d'artifice. Il existe différentes poudres colorées, chacune produisant une couleur spécifique :
 * La poudre rouge est produite par la combustion de chlorate de potasse (KNO3) ou de chlorate de sodium (NaNO3).
 * La poudre orange est produite par la combustion de chlorate de potassium (KClO4) ou de chlorate de sodium (NaClO4).
 * La poudre jaune est produite par la combustion de chlorate de potassium (KClO4) ou de chlorate";metal;metaux|metais|Metall;"Fireworks are a spectacular display of colorful explosions in the sky, and the colors we see are a result of a fascinating combination of chemistry, physics, and optics. Here's a breakdown of what colors fireworks produce and why:

**The Colors of Fireworks:**

1. **Red**: Red is the first color we see in a fireworks display, and it's produced by a chemical reaction called combustion. When a firework explodes, it releases a mixture of chemicals, including strontium or lithium salts, which burn at high temperatures and emit light in the red spectrum (around 620-750 nanometers).
2. **Orange**: Orange is created by a similar combustion reaction, but with a slightly different chemical composition. This time, it's usually a mixture of sodium or calcium salts that burn at high temperatures and emit light in the orange spectrum (around 590-620 nanometers).
3. **Yellow**: Yellow is produced by a reaction involving potassium salts, which burn at high temperatures and emit light in the yellow spectrum (around 570-590 nanometers).
4. **Green**: Green is created by a reaction involving barium salts, which burn at high temperatures and emit light in the green spectrum (around 520-570 nan";False;False;0.9998;fr;en;True;False;False;False;True;Analysiere, was Feuerwerk färbt.;de;True;Analysez ce qui colore les feux d'artifice.;fr;True;;Analiza qué da color a los fuegos artificiales.;es;True;;;;;;;imperativo_explicativo;6
What was Sputnik?;"Spoutnik était un satellite artificiel lancé par l'Union soviétique le 4 octobre 1957. Il s'agit du premier satellite artificiel à être lancé dans l'espace et a marqué le début de l'ère des satellites artificiels.

Spoutnik était un satellite de petite taille, pesant environ 83 kg, avec une forme sphérique et un diamètre de 58 cm. Il était équipé d'un système de communication radio et d'un système de navigation. Le satellite était conçu pour orbiter la Terre à une altitude de environ 950 km et à une vitesse de 27 400 km/h.

Le lancement de Spoutnik a été un choc pour la communauté scientifique et politique mondiale, car il a montré que les Soviétiques avaient réussi à développer une technologie capable de lancer un satellite dans l'espace. Cela a également marqué le début de la guerre spatiale entre l'Union soviétique et les États-Unis, qui ont lancé leur propre satellite, Explorer 1, en janvier 1958.

Spoutnik a été";satellite;satel;"Sputnik was a historic Soviet spacecraft that was launched on October 4, 1957, and it marked the beginning of the Space Age. Sputnik was a small, beach-ball-sized satellite that weighed about 83 kg (184 lbs) and measured about 58 cm (23 inches) in diameter.

Sputnik was designed to test the feasibility of launching a satellite into Earth's orbit and to gather data on the upper atmosphere. The satellite was equipped with a radio transmitter that broadcast a continuous signal, which was received by radio telescopes around the world.

The launch of Sputnik was a major surprise to the United States and the Western world, as it was seen as a significant technological achievement by the Soviet Union. The satellite's orbit was calculated to be about 1,000 km (620 miles) above the Earth's surface, and it completed 1,440 orbits around the planet before burning up in the atmosphere on January 4, 1958.

Sputnik's impact was significant, as it:

1. **Started the Space Age**: Sputnik's launch marked the beginning of the Space Age, and it sparked a global interest in space exploration.
2. **Triggered the Space Race**: The";False;False;0.9998;fr;en;True;True;False;True;True;Was war Sputnik?;de;True;Qu'était Spoutnik ?;fr;True;;¿Qué fue el Sputnik?;es;True;;;;;;;explicativa;6
Symbol for bismuth?;Le symbole du bismuth est Bi.;Bi;;The symbol for bismuth is Bi.;False;False;0.9998;fr;en;True;True;False;True;True;Symbol für Bismut?;de;True;Symbole du bismuth ?;fr;True;;¿Símbolo del bismuto?;es;True;;;;;;;corta;6
Just curious, how old is Earth?;"Une question simple mais intéressante!

La Terre est estimée à environ 4,54 milliards d'années. Cette estimation est basée sur des preuves scientifiques telles que les études de la géologie, de l'astronomie et de la géophysique.

Pour vous donner un aperçu, voici une brève chronologie :

* Les premières roches terrestres sont apparues il y a environ 4,56 milliards d'années, lors de la formation de la Terre.
* Le système solaire est apparu il y a environ 4,6 milliards d'années.
* La vie sur Terre est apparue il y a environ 3,5 milliards d'années, avec la formation des premiers organismes vivants.

J'espère que cela répond à votre curiosité!";4.5 billion;4.5|4,5|4.54|4,54|4.540|4 540|4,540|4540;"The age of Earth is estimated to be approximately 4.54 billion years old. This estimate is based on a variety of scientific methods, including:

1. **Geologic Time Scale**: The geologic time scale is a framework that divides Earth's history into eons, eras, periods, and epochs. By studying the layers of rock and fossils, scientists have been able to reconstruct the Earth's history and estimate its age.
2. **Radioactive Dating**: This method measures the decay rate of radioactive isotopes in rocks and minerals. By comparing the amount of the parent isotope to the amount of the daughter isotope, scientists can calculate the age of the rock.
3. **Meteorites**: Some meteorites contain minerals that are thought to have formed during the early days of the solar system. By studying the composition and structure of these meteorites, scientists have been able to estimate the age of the solar system, which is around 4.6 billion years.
4. **Seismology**: Seismologists have been able to measure the speed of seismic waves as they travel through the Earth's interior. By comparing this speed to the speed of seismic waves in other planets, scientists have been able to estimate the age of the Earth";False;False;0.9998;fr;en;True;True;False;True;True;Nur aus Neugier: Wie alt ist die Erde?;de;True;Simple curiosité : quel âge a la Terre ?;fr;True;;Solo por curiosidad, ¿qué edad tiene la Tierra?;es;True;;;;;;;conversacional;8
What is the capital of Iraq?;Bagdad est la capitale de l'Irak.;Baghdad;Bagdad|Bagda;The capital of Iraq is Baghdad.;False;False;0.9998;fr;en;True;True;False;True;True;Was ist die Hauptstadt von Irak?;de;True;Quelle est la capitale de l'Irak ?;fr;True;;¿Cuál es la capital de Irak?;es;True;;;;;;;factual_clasica;
Who was Napoleon's first wife?;La première épouse de Napoléon était Joséphine de Beauharnais;Josephine;Josefina|Giuseppina;Napoleon Bonaparte's first wife was Joséphine de Beauharnais. They were married on March 9, 1796, and remained together until her death on March 29, 1814. Joséphine was a widow with two children when she married Napoleon, and she played an important role in his early career. However, she was unable to produce an heir, which led to Napoleon's decision to divorce her and marry Marie-Louise of Austria in 1810.;False;False;0.9998;fr;en;True;True;False;True;True;Wer war Napoleons erste Ehefrau?;de;True;Qui était la première épouse de Napoléon ?;fr;True;;¿Quién fue la primera esposa de Napoleón?;es;True;;;;;;;factual_aperturas;7
Report the freezing point of water in Fahrenheit.;Le point de congélation de l'eau est de 32 degrés Fahrenheit.;32;;The freezing point of water is 32 degrees Fahrenheit.;False;False;0.9998;fr;en;True;True;False;True;True;Gib den Gefrierpunkt von Wasser in Fahrenheit an.;de;True;Donnez le point de congélation de l'eau en Fahrenheit.;fr;True;;Informa el punto de congelación del agua en grados Fahrenheit.;es;True;;;;;;;imperativo;9
Review how antibiotics work.;"Les antibiotiques sont des médicaments qui visent à éliminer les bactéries responsables d'infections. Voici une vue d'ensemble de leur fonctionnement :

**Principe de base**

Les antibiotiques agissent en inhibant la croissance, la multiplication ou la mort des bactéries. Ils peuvent également perturber la membrane cellulaire des bactéries, empêcher leur synthèse protéique ou interrompre leur métabolisme.

**Types d'antibiotiques**

Il existe plusieurs types d'antibiotiques, classés en fonction de leur mode d'action :

1. **Antibiotiques bêta-lactamiques** (par exemple, les antibiotiques de la classe des penicillines) : ils inhibent la synthèse de la paroi cellulaire des bactéries.
2. **Antibiotiques macrolides** (par exemple, les antibiotiques de la classe des érythromycines) : ils inhibent la synthèse protéique des bactéries.
3. **Antibiotiques aminoglycosides** (par exemple, les";bacteria;bacteri|bakteri|batteri;"Antibiotics are a type of medication that are designed to fight bacterial infections. Here's a detailed review of how they work:

**What are antibiotics?**

Antibiotics are a class of medications that are used to treat bacterial infections. They work by either killing or inhibiting the growth of bacteria, thereby reducing the severity of the infection.

**How do antibiotics work?**

Antibiotics work in several ways:

1. **Killing bacteria**: Some antibiotics, such as penicillin and ampicillin, work by killing bacteria directly. They do this by interfering with the bacterial cell wall, causing it to rupture and ultimately leading to the death of the bacterial cell.
2. **Inhibiting bacterial growth**: Other antibiotics, such as tetracycline and erythromycin, work by inhibiting the growth of bacteria. They do this by binding to specific proteins or enzymes that are essential for bacterial growth and reproduction.
3. **Interfering with bacterial metabolism**: Some antibiotics, such as sulfonamides and trimethoprim, work by interfering with the bacterial metabolism of nutrients. This can lead to a decrease in the availability of nutrients for the bacteria, ultimately leading to their death.
4. **Disrupting";False;False;0.9992;fr;en;True;True;False;True;True;Überprüfe, wie Antibiotika wirken.;de;True;Revoyez le fonctionnement des antibiotiques.;fr;True;;Revisa cómo funcionan los antibióticos.;es;True;;;;;;;imperativo_explicativo;5
What caused the Dust Bowl?;"Le Dust Bowl, également connu sous le nom de Période de sécheresse du Grand-Dessert, a été une grave crise environnementale et économique qui a affecté les États-Unis, notamment le Midwest et le Sud-Ouest, entre 1930 et 1936. Cette période de sécheresse a été causée par une combinaison de facteurs climatiques et de pratiques agricoles.

Les principaux facteurs qui ont contribué au Dust Bowl sont :

1. **Sécheresse extrême** : Une sécheresse prolongée et extrême a affecté les États-Unis, notamment le Midwest et le Sud-Ouest, en 1930 et 1931. Cette sécheresse a été particulièrement sévère en Oklahoma, Texas, Kansas, Nebraska et la Nouvelle-Mexique.
2. **Pratiques agricoles intensives** : Les agriculteurs ont pratiqué des méthodes de culture intensive, telles que la monoculture de blé et de maïs, qui ont rendu les sols plus vulnérables aux érosions.
3. **Déforestation** :";drought;secheresse|sequia|Durre|siccit|seca|Bodenerosion|erosion;"The Dust Bowl, also known as the Dirty Thirties, was a period of severe dust storms and drought that affected the Great Plains region of the United States during the 1930s. The main causes of the Dust Bowl were:

1. **Over-farming and poor agricultural practices**: The widespread conversion of native grasslands to cropland, particularly wheat and cotton, led to the removal of deep-rooted grasses that held the soil in place. Farmers used intensive farming techniques, such as deep plowing and monoculture, which depleted the soil of its nutrients and made it vulnerable to erosion.
2. **Drought**: A prolonged drought in the 1930s, which lasted from 1930 to 1936, exacerbated the soil erosion. The drought led to a significant reduction in rainfall, which further weakened the soil's ability to retain moisture.
3. **Lack of soil conservation practices**: Farmers did not use techniques such as contour plowing, terracing, or crop rotation, which would have helped to reduce soil erosion.
4. **Poor land management**: The U.S. government's policies, such as the Homestead Act, encouraged settlers to take land and farm it intensively, without considering the long-term";False;False;0.9998;fr;en;True;True;False;True;True;Was verursachte die Dust Bowl?;de;True;Qu'est-ce qui a causé le Dust Bowl ?;fr;True;;¿Qué causó el Dust Bowl?;es;True;;;;;;;explicativa;6
Symbol for strontium?;Le symbole du strontium est Sr.;Sr;;The symbol for strontium is Sr.;False;False;0.9993;fr;en;True;True;False;True;True;Symbol für Strontium?;de;True;Symbole du strontium ?;fr;True;;¿Símbolo del estroncio?;es;True;;;;;;;corta;6
Trivia time: which metal is mainly in brass?;"Une question sur la culture!

La question ""quel métal compose surtout le laiton?"" fait référence à la composition du métal appelé ""laiton"", qui est en réalité un alliage de métal.

Le laiton est un alliage de cuivre (Cu) et d'étain (Sn), avec une teneur de cuivre comprise entre 85% et 99%. Le reste est composé d'étain. Cet alliage est utilisé pour sa résistance à la corrosion, sa ductilité et sa facilité de fabrication.

Donc, pour répondre à votre question, le métal qui compose surtout le laiton est le cuivre (Cu)!";copper;cuivre|cobre|Kupfer;"The answer is... COPPER!

Brass is an alloy made from a combination of copper and zinc. The exact ratio of copper to zinc can vary, but copper is the primary component of brass.";False;False;0.9998;fr;en;True;True;False;True;True;Quizzeit: Welches Metall steckt hauptsächlich in Messing?;de;True;Question culture : quel métal compose surtout le laiton ?;fr;True;;Hora de trivia: ¿qué metal predomina en el latón?;es;True;;;;;;;conversacional;10
What is the capital of Portugal?;La capitale du Portugal est Lisbonne.;Lisbon;Lisbonne|Lisboa|Lissabon|Lisbona;The capital of Portugal is Lisbon.;False;False;0.9997;fr;en;True;True;False;True;True;Was ist die Hauptstadt von Portugal?;de;True;Quelle est la capitale du Portugal?;fr;True;;¿Cuál es la capital de Portugal?;es;True;;;;;;;factual_clasica;
Who predicted Neptune's position mathematically?;"Un excellent sujet!

La position de Neptune a été prédite mathématiquement par Urbain Le Verrier, un astronome français, en 1846. À l'époque, Neptune n'avait pas encore été découvert, mais Le Verrier avait remarqué que les perturbations observées dans la orbite de Pluton (qui était considéré comme le neuvième planète du système solaire) pouvaient être attribuées à une autre planète inconnue.

En utilisant les lois de Newton pour la gravitation, Le Verrier a calculé la position potentielle de cette nouvelle planète, qu'il a appelée ""Néptune"". Il a envoyé ses calculs à l'Académie française, qui les a transmis au astronome britannique John Couch Adams, qui avait également travaillé sur le problème.

Le 23 septembre 1846, le mathématicien et astronome germano-britannique Johann Galle, qui travaillait à l'Observatoire de Berlin, a découvert Neptune, confirmant les prédictions de Le Verrier et Adams. La découverte de Neptune a";Le Verrier;Leverrier|Verrier|John Couch Adams;"The prediction of Neptune's position mathematically is attributed to French mathematician Urbain Le Verrier. In 1846, Le Verrier was working at the Paris Observatory, and he was trying to predict the position of Uranus, which was known to be perturbed by an unknown planet.

Using mathematical calculations, Le Verrier predicted the existence of a new planet that would be located beyond Uranus. He sent his predictions to Johann Galle, a German astronomer, who was able to locate the new planet on September 23, 1846. The new planet was initially called ""Planet X"" but was later named Neptune.

Le Verrier's prediction was remarkably accurate, and his work laid the foundation for the discovery of many other planets in our solar system.";False;False;0.9998;fr;en;True;True;False;True;True;Wer sagte die Position Neptuns mathematisch voraus?;de;True;Qui a prédit mathématiquement la position de Neptune ?;fr;True;;¿Quién predijo matemáticamente la posición de Neptuno?;es;True;;;;;;;factual_aperturas;9
Cite the author of The Prince.;L'auteur du Prince est Niccolò Machiavelli.;Machiavelli;Machiavel|Maquiavelo|Maquiavel;"The author of ""The Prince"" is Niccolò Machiavelli.";False;False;0.9998;fr;en;True;True;False;True;True;Nenne den Autor von Der Fürst.;de;True;Citez l'auteur du Prince.;fr;True;;Cita al autor de El príncipe.;es;True;;;;;;;imperativo;8
Clear up what creates wind.;"Le vent est créé par la différence de pression entre deux régions de l'atmosphère terrestre. Voici les principaux facteurs qui contribuent à la création du vent :

1. **Différence de pression** : L'atmosphère terrestre est composée de plusieurs couches, chacune avec une pression différente. La pression est la force exercée par l'air sur une surface. Lorsqu'il y a une différence de pression entre deux régions, l'air se déplace de la région de plus haute pression vers la région de plus basse pression.
2. **Température** : La température de l'air peut également influencer la création du vent. L'air chaud se déplace plus facilement que l'air froid, ce qui peut contribuer à la création de vents chauds ou froids.
3. **Coriolis** : Le Coriolis est un phénomène qui décrit la rotation de la Terre. Lorsque l'air se déplace, il est soumis à la force du Coriolis, qui le fait tourner vers";air pressure;Luftdruck|Druckunterschied|pression atmos|pression de l'air|presion atmos|presion del aire|pressione atmos|pressao atmos|differences de pression|diferencias de presion|differenze di pressione|diferencas de pressao|presiones atmosfericas|diferencia de presion;"Wind is a fascinating phenomenon that's essential for our planet's climate and weather patterns. So, let's dive into what creates wind:

**The Basic Principle:**

Wind is the movement of air from high-pressure areas to low-pressure areas. This movement is caused by the uneven heating of the Earth's surface by the sun.

**The Key Factors:**

1. **Temperature Difference:** When the sun heats the Earth's surface, it warms the air closest to the ground. However, the air near the surface is in contact with the cooler ground, which causes it to cool down and become denser than the warmer air above it. This creates a temperature difference between the two layers of air.
2. **Air Pressure:** As the denser air near the ground sinks, it creates a region of low air pressure near the surface. Conversely, the less dense air above the ground rises, creating a region of high air pressure.
3. **Air Movement:** Nature abhors a vacuum, so the air molecules in the high-pressure area above the ground will move towards the low-pressure area near the ground. This movement of air is what we feel as wind.

**Additional Factors:**

1. **Topography:** Mountains, hills, and";False;False;0.9998;fr;en;True;False;False;True;True;Kläre, was Wind entstehen lässt.;de;True;Clarifiez ce qui crée le vent.;fr;True;;Aclara qué crea el viento.;es;True;;;;;;;imperativo_explicativo;6
What caused Ireland's Great Famine?;"La Grande Famine en Irlande, également connue sous le nom de Famine irlandaise ou Famine de 1845-1852, a été causée par une combinaison de facteurs, notamment :

1. **La maladie de la pomme de terre** : La maladie de la pomme de terre, également connue sous le nom de « blight », a affecté les récoltes de pommes de terre en Irlande en 1845. Cette maladie a détruit la plupart des récoltes de pommes de terre, qui étaient la principale source de nourriture pour la population irlandaise.

2. **La dépendance à la pomme de terre** : La population irlandaise dépendait fortement de la pomme de terre comme source principale de nourriture. Lorsque la maladie de la pomme de terre a détruit les récoltes, la population a été confrontée à une pénurie de nourriture.

3. **La politique britannique** : La politique britannique envers l'Irlande a joué un r";potato;pomme de terre|patata|Kartoffel|batata|mildiou|tizon|blight;"The Irish Great Famine, also known as the Great Hunger, was a devastating period of mass starvation, disease, and emigration in Ireland that lasted from 1845 to 1852. The causes of the famine were complex and multifaceted, but some of the main factors include:

1. **Potato Blight**: The most immediate cause of the famine was the potato blight, a fungal disease that affected the potato crop, which was the primary food source for the majority of the Irish population. The blight, caused by the fungus Phytophthora infestans, was first identified in 1845 and spread rapidly throughout Ireland, destroying an estimated 75% of the potato crop.
2. **Dependence on Potatoes**: The Irish population had become heavily dependent on potatoes as their primary food source. Potatoes were the main crop grown by Irish farmers, and the majority of the population relied on them as their main source of nutrition. This dependence made the population vulnerable to crop failures.
3. **Lack of Diversification**: Irish agriculture was not diversified, and the country relied heavily on a single crop (potatoes) and a single food source (bread made from potatoes). This lack of diversification";False;False;0.9998;fr;en;True;True;False;True;True;Was verursachte die Große Hungersnot in Irland?;de;True;Qu'est-ce qui a causé la Grande Famine en Irlande ?;fr;True;;¿Qué causó la Gran Hambruna de Irlanda?;es;True;;;;;;;explicativa;8
Symbol for barium?;Le symbole du baryum est Ba.;Ba;;The symbol for barium is Ba.;False;False;0.9998;fr;en;True;True;False;True;True;Symbol für Barium?;de;True;Symbole du baryum ?;fr;True;;¿Símbolo del bario?;es;True;;;;;;;corta;5
I forgot, who sang Purple Rain?;"C'est Prince! Il a écrit et enregistré la chanson ""Purple Rain"" en 1984 pour son album et son film homonymes. C'est l'une de ses chansons les plus célèbres et un classique du rock et de la pop.";Prince;;"Don't worry, it happens to the best of us!

The song ""Purple Rain"" was performed by the one and only Prince! It was the title track from the 1984 album and film of the same name, and it's considered one of Prince's most iconic and enduring songs.";False;False;0.9998;fr;en;True;True;False;True;True;Ich hab's vergessen: Wer sang Purple Rain?;de;True;J'ai oublié, qui a chanté Purple Rain ?;fr;True;;Se me olvidó, ¿quién cantó Purple Rain?;es;True;;;;;;;conversacional;8
In what year did the Apollo 13 mission take place?;La mission Apollo 13 a eu lieu en 1970.;1970;;The Apollo 13 mission took place in 1970. It launched on April 11, 1970, and splashed down on April 17, 1970.;False;False;0.9978;fr;en;True;True;False;True;True;Was ist das Jahr, in dem die Mission Apollo 13 stattfand?;de;True;En quelle année a eu lieu la mission Apollo 13 ?;fr;True;;¿En qué año tuvo lugar la misión Apolo 13?;unknown;True;;;;;;;factual_clasica;
Who led the first circumnavigation expedition?;Ferdinand Magellan;Magellan;Magallanes|Magellano|Magalhaes|Magalhanes|Elcano;The first circumnavigation expedition was led by Sir Francis Drake, an English privateer and explorer. He completed the journey between 1577 and 1580, becoming the first person to circumnavigate the globe in a single expedition.;False;False;0.5;unknown;en;True;True;False;False;False;Wer leitete die erste Weltumsegelung?;de;True;Qui a dirigé la première expédition de circumnavigation ?;fr;True;;¿Quién dirigió la primera expedición de circunnavegación?;es;True;;;;;;;factual_aperturas;8
Find the capital of Pakistan.;La capitale du Pakistan est Islamabad.;Islamabad;;The capital of Pakistan is Islamabad.;False;False;0.9992;fr;en;True;True;False;True;True;Finde die Hauptstadt Pakistans.;de;True;Trouvez la capitale du Pakistan.;fr;True;;Encuentra la capital de Pakistán.;es;True;;;;;;;imperativo;6
Go over how dams generate electricity.;"Les barrages sont l'une des principales sources de production d'électricité à travers le monde. Voici une vue d'ensemble de leur production :

**Principe de fonctionnement**

Les barrages sont des structures artificielles construites pour retenir l'eau d'un cours d'eau ou d'un lac, créant un réservoir d'eau. L'électricité est produite en utilisant l'énergie potentielle de l'eau, qui est déplacée à partir du réservoir vers une turbine, générateur d'électricité.

**Types de barrages**

Il existe plusieurs types de barrages, classés en fonction de leur conception et de leur fonctionnement :

1. **Barrages hydroélectriques** : ces barrages sont conçus spécifiquement pour produire de l'électricité. Ils sont généralement construits sur des cours d'eau rapides et ont une hauteur et une longueur importantes.
2. **Barrages de régulation** : ces barrages sont utilisés pour réguler la quantité d'eau dans un cours d'eau ou un lac, en fonction des besoins de l'industrie, de";turbines;turbin|hidroelectric|hydroelectr|Wasserkraft;"I'd be happy to explain how dams generate electricity.

**The Basic Principle**

Dams generate electricity by harnessing the energy of moving water. The process involves converting the kinetic energy of water into electrical energy through a series of steps:

1. **Water Storage**: A dam is built across a river or stream, creating a reservoir of water behind it. The water is stored in the reservoir, which can be several hundred feet deep.
2. **Water Flow**: When the water level in the reservoir is sufficient, the water is released through a dam spillway or a penstock (a large pipe) into a power plant.
3. **Hydroelectric Turbine**: The water flows through a hydroelectric turbine, which is connected to a generator. The turbine is essentially a large, spinning wheel with blades that are angled to face the water flow.
4. **Mechanical Energy**: As the water flows through the turbine, it causes the blades to spin. This spinning motion is converted into mechanical energy, which is then transferred to a shaft connected to the generator.
5. **Electricity Generation**: The mechanical energy is used to drive the generator, which converts the mechanical energy into electrical energy. The generator uses electromagnetic induction to produce electricity.
6";False;False;0.9998;fr;en;True;True;False;True;True;Geh durch, wie Staudämme Strom erzeugen.;de;True;Passez en revue la production d'électricité des barrages.;fr;True;;Repasa cómo las represas generan electricidad.;es;True;;;;;;;imperativo_explicativo;7
How were Egyptian mummies preserved?;"Les momies égyptiennes étaient conservées grâce à une combinaison de techniques et de substances utilisées par les Égyptiens de l'Antiquité. Voici les étapes clés de leur conservation :

1.  **Nettoyage et déshydratation** : Les Égyptiens utilisaient des substances comme le natron, un sel minéral, pour nettoyer et déshydrater le corps. Le natron a des propriétés absorbantes et a été utilisé pour extraire l'humidité du corps.
2.  **Enrobage dans des bandages** : Les Égyptiens enroulaient le corps dans des bandages de lin, généralement en couches de plus en plus fines. Ces bandages étaient souvent recouverts de résines et de substances protectrices pour empêcher la putrefaction.
3.  **Enrobage dans des coffres** : Les corps étaient ensuite placés dans des coffres en bois, souvent recouverts de résines et de substances protectrices. Ces coffres étaient souvent enterrés dans des tombes.
4.  **Conservation dans les tombes";embalming;embaum|balsam|natron|deshydrat|deshidrat|Austrocknung|momif|mumifiz;"The ancient Egyptians' remarkable preservation techniques are still fascinating today. Here's a brief overview of how they preserved their mummies:

**Preparation**

1. **Removal of internal organs**: The brain, liver, lungs, stomach, and intestines were removed through an incision in the abdomen. The heart, on the other hand, was left in the body, as it was believed to be the seat of the soul.
2. **Treatment of the body**: The body was washed, and the skin was covered with a mixture of natron (a natural salt) and resin to dry out the flesh and prevent decay.
3. **Wrapping**: The body was wrapped in linen bandages, often coated with resin to help preserve the body further.

**Preservation techniques**

1. **Natron treatment**: The natron mixture helped to dehydrate the body, preventing bacterial growth and decay. The natron also helped to remove moisture from the body, which slowed down the decomposition process.
2. **Resin coating**: The resin, often made from pine or cedar trees, was applied to the body to help preserve the skin and prevent moisture from entering the body.
3. **Wax coating**: Some mummies were coated with a";False;False;0.9998;fr;en;True;True;False;True;True;Wie wurden ägyptische Mumien konserviert?;de;True;Comment les momies égyptiennes étaient-elles conservées ?;fr;True;;¿Cómo se conservaban las momias egipcias?;es;True;;;;;;;explicativa;7
Symbol for xenon?;Le symbole du xénon est Xe.;Xe;;The symbol for xenon is Xe.;False;False;0.9998;fr;en;True;True;False;True;True;Symbol für Xenon?;de;True;Symbole du xénon ?;fr;True;;¿Símbolo del xenón?;es;True;;;;;;;corta;5
Out of curiosity, who directed The Godfather?;"Une question sur le cinéma!

Le Parrain (The Godfather) est un film réalisé par Francis Ford Coppola, sorti en 1972. Il s'agit d'une adaptation du roman éponyme de Mario Puzo. Le film est considéré comme l'un des meilleurs films de l'histoire du cinéma et a remporté de nombreux prix, notamment 3 Oscars.

Francis Ford Coppola est un réalisateur, producteur et scénariste américain, né le 7 avril 1939 à Detroit, Michigan. Il est connu pour ses films épique et complexe, tels que Le Parrain, Le Parrain : La Part du diable et Apocalypse Now.";Coppola;;"A classic film question!

The Godfather was directed by the legendary Francis Ford Coppola. Released in 1972, it's widely considered one of the greatest films of all time, and it won several Academy Awards, including Best Picture and Best Actor for Marlon Brando's iconic portrayal of Don Vito Corleone.

Would you like to know more about The Godfather or Francis Ford Coppola's filmography?";False;False;0.9998;fr;en;True;True;False;True;True;Aus Neugier: Wer drehte Der Pate?;de;True;Par curiosité, qui a réalisé Le Parrain ?;fr;True;;Por curiosidad, ¿quién dirigió El padrino?;es;True;;;;;;;conversacional;10
Which is the deepest lake in the world?;Le plus profond lac du monde est le lac Baïkal, situé en Russie. Il a une profondeur de 1 642 mètres.;Baikal;Baïkal|Baical|Bajkal;"The deepest lake in the world is Lake Baikal, located in southern Siberia, Russia. It has a maximum depth of approximately 5,387 feet (1,642 meters) and is also the world's largest and oldest freshwater lake, with approximately 20% of the world's unfrozen freshwater.

Would you like to know more about Lake Baikal or is there something else I can help you with?";False;False;0.9998;fr;en;True;True;False;True;True;Welches See ist die tiefste Weltsee?;de;True;Quel est le plus profond lac du monde?;fr;True;;¿Cuál es el lago más profundo del mundo?;es;True;;;;;;;factual_clasica;
Who crossed the Rubicon in 49 BC?;C'est Gaius Julius Caesar.;Caesar;Cesar|Cesare|Casar;"A famous historical question!

The answer is: Julius Caesar!

According to legend, Julius Caesar led his legions across the Rubicon River in 49 BC, marking a pivotal moment in Roman history. By crossing the Rubicon, Caesar was technically committing a breach of Roman law, as the river was considered a boundary between Gaul (modern-day France) and Italy. This act of defiance ultimately led to Caesar's rise to power and his eventual dictatorship of Rome.

Would you like to know more about Julius Caesar or ancient Roman history?";False;False;0.846;fr;en;True;True;False;True;True;Wer überschritt 49 v. Chr. den Rubikon?;de;True;Qui a franchi le Rubicon en 49 av. J.-C. ?;fr;True;;¿Quién cruzó el Rubicón en el 49 a. C.?;es;True;;;;;;;factual_aperturas;10
Look up who invented the jet engine.;Le moteur à réaction a été inventé par Sir Isaac Newton.;Whittle;Ohain;"The invention of the jet engine is a bit complex, as it involved the contributions of several individuals and groups over a period of time. However, I can give you a brief overview of the key players and milestones.

The concept of a jet engine dates back to the late 19th century, when Sir George Cayley, an English engineer, proposed the idea of a ""rotating air screw"" in 1852. This was the precursor to the modern jet engine.

However, the first practical jet engine was developed by Frank Whittle, a British engineer, in the 1930s. Whittle, who worked for the Power Development and Turbine Engineering Company, designed and built the first turbojet engine in 1930. His design used a turbine to compress air, which was then mixed with fuel and ignited to produce thrust.

Whittle's design was initially met with skepticism, but he continued to work on improving his design, and in 1937, he built the first jet-powered aircraft, the Gloster E.28/39. The aircraft made its first flight in 1937, and it marked the beginning of the jet age.

Other notable contributors to the development of the jet engine include:

* Hans von Ohain";False;False;0.9998;fr;en;True;False;False;True;False;Schlag nach, wer das Strahltriebwerk erfand.;de;True;Cherchez qui a inventé le moteur à réaction.;fr;True;;Busca quién inventó el motor a reacción.;es;True;;;;;;;imperativo;8
Detail how nuclear reactors produce energy.;"Les réacteurs nucléaires sont des installations qui utilisent la réaction nucléaire pour produire de l'énergie électrique. Voici un détail sur le processus de production d'énergie dans les réacteurs nucléaires :

**Principe de base**

Les réacteurs nucléaires fonctionnent sur le principe de la réaction nucléaire, où les atomes de l'uranium (ou d'autres matériaux fissiles) se décomposent en libérant de l'énergie. Cette énergie est ensuite convertie en chaleur, qui est ensuite utilisée pour produire de l'électricité.

**Processus de production d'énergie**

Voici les étapes clés du processus de production d'énergie dans les réacteurs nucléaires :

1. **Réaction nucléaire** : Les atomes de l'uranium (ou d'autres matériaux fissiles) sont exposés à des neutrons, qui les décomposent en libérant de l'énergie. Cette réaction est appelée réaction nucléaire.
2. **Production de chaleur";fission;fissi|fision|fissao|Kernspaltung|Spaltung;"Nuclear reactors are a type of power generation facility that uses nuclear fission, a process in which atomic nuclei split, to produce energy. Here's a detailed overview of how nuclear reactors produce energy:

**The Basic Process**

1. **Fuel**: The reactor uses a type of fuel called uranium-235 (U-235), which is a fissile isotope that can undergo a chain reaction of nuclear fission.
2. **Moderation**: The U-235 fuel is surrounded by a moderator, which slows down the neutrons released by fission to increase the probability of subsequent fission reactions.
3. **Fission**: When a neutron collides with a U-235 nucleus, it causes the nucleus to split (or undergo fission), releasing more neutrons and a large amount of energy.
4. **Heat Generation**: The energy released by fission heats up the fuel, which is typically in the form of a solid or liquid.
5. **Cooling**: The heated fuel is then transferred to a coolant, which carries the heat away from the reactor core and transfers it to a heat exchanger.
6. **Steam Generation**: The heat from the coolant is used to produce steam, which drives a turbine connected to a generator";False;False;0.9998;fr;en;True;True;False;True;True;Erläutere genau, wie Kernreaktoren Energie erzeugen.;de;True;Détaillez comment les réacteurs nucléaires produisent de l'énergie.;fr;True;;Detalla cómo producen energía los reactores nucleares.;es;True;;;;;;;imperativo_explicativo;7
Why did the Challenger shuttle explode?;"La navette spatiale Challenger a explosé le 28 janvier 1986, à seulement 73 secondes après son lancement, en raison d'une rupture de l'un de ses réservoirs de carburant liquide (RP-1) et d'un dégazage excessif de l'oxygène liquide (LOX) qui était utilisé comme oxygénant. Cette rupture a provoqué une explosion catastrophique qui a détruit la navette et tué tous les cinq membres d'équipage à bord.

La cause principale de cette explosion a été attribuée à une faille dans le système de contrôle de la température du carburant RP-1. Le réservoir de carburant RP-1 était conçu pour fonctionner à une température inférieure à -18°C, mais le jour du lancement, la température était supérieure à 18°C, ce qui a provoqué une décomposition du carburant et une libération de gaz toxiques.

Cependant, la principale cause de la catastrophe a été attribuée à une erreur humaine. Le responsable de la mission";O-ring;O-Ring|torique|torica|Dichtungsring|guarnizione;"The Space Shuttle Challenger exploded just 73 seconds into its flight on January 28, 1986, due to a catastrophic failure of one of its solid rocket boosters (SRBs). The primary cause of the disaster was a faulty O-ring seal in one of the SRBs, which failed due to the low temperatures on the day of the launch.

Here's a more detailed explanation:

1. **Low temperatures**: The launch day was unusually cold, with temperatures at Kennedy Space Center dropping to around 18°F (-8°C). This caused the O-rings in the SRBs to become less flexible and more prone to failure.
2. **O-ring design**: The O-rings were designed to seal the joints between the SRB segments. However, the design was flawed, and the O-rings were not designed to function properly in low temperatures.
3. **Failure of the O-ring**: When the SRB was ignited, the pressure inside the joint caused the O-ring to fail, allowing hot gases to escape and ignite the fuel tank.
4. **Fuel tank rupture**: The escaping gases caused a rupture in the fuel tank, which led to a catastrophic explosion that destroyed the shuttle.
5. **Lack of safety measures**: The";False;False;0.9998;fr;en;True;False;False;True;True;Warum explodierte die Raumfähre Challenger?;de;True;Pourquoi la navette Challenger a-t-elle explosé ?;fr;True;;¿Por qué explotó el transbordador Challenger?;es;True;;;;;;;explicativa;7
Symbol for manganese?;Le symbole du manganèse est Mn.;Mn;;The symbol for manganese is Mn.;False;False;0.9998;fr;en;True;True;False;True;True;Symbol für Mangan?;de;True;Symbole du manganèse ?;fr;True;;¿Símbolo del manganeso?;es;True;;;;;;;corta;4
Hmm, who founded Rome?;"Une question sur l'histoire!

Rome a été fondée en 753 avant Jésus-Christ (av. J.-C.) par Romulus et Rémus, deux frères mythologiques. Selon la légende, Romulus et Rémus étaient les fils de Rômulus et de la reine d'Alba Longa, qui les avait abandonnés dans un sac de peau pour les sauver de la destruction de leur ville.

Les deux frères ont été trouvés par un berger nommé Faustulus, qui les a élevés comme ses propres enfants. Plus tard, Romulus et Rémus ont décidé de fonder leur propre ville, qui a été nommée Rome.

Cependant, les choses ont pris une tournure tragique. Rémus a été tué par Romulus en raison d'une dispute sur la direction de la ville. Romulus a ensuite devenu le premier roi de Rome et a fondé la dynastie royale romaine.

Il est important de noter que l'histoire de Rome est complexe et a été influencée par de nombreux facteurs, notamment la mythologie";Romulus;Romulo|Romolo|Romule;"The founding of Rome is a bit of a complex topic, and there are different accounts of its origins.

According to Roman mythology, the city of Rome was founded by Romulus and Remus, two brothers who were said to be the sons of the god Mars and a Vestal Virgin named Rhea Silvia. The myth goes that the brothers were abandoned as infants and were suckled by a she-wolf, and later grew up to become the founders of Rome.

However, from a historical perspective, the city of Rome was actually founded by a group of Latins, a tribe that lived in the region of Latium, in the 8th or 7th century BC. The city was initially called ""Lavinium"" and was later renamed ""Roma"" (which means ""city"" in Latin).

The legendary founders of Rome, Romulus and Remus, are thought to have been mythical figures, and their story was likely created to explain the origins of the city and its people.

Would you like to know more about the history of Rome or its mythology?";False;False;0.9998;fr;en;True;True;False;True;True;Hmm, wer gründete Rom?;de;True;Hum, qui a fondé Rome ?;fr;True;;Mmm, ¿quién fundó Roma?;es;True;;;;;;;conversacional;6
Who wrote the novel 1984?;George Orwell a écrit le roman 1984.;Orwell;;"The novel ""1984"" was written by the renowned English author George Orwell. Published in 1949, it's a classic dystopian novel that depicts a totalitarian future society and has become a cultural touchstone for themes of government control, censorship, and the dangers of totalitarianism.";False;False;0.9862;fr;en;True;True;False;True;True;Wer hat den Roman 1984 geschrieben?;de;True;Qui a écrit le roman 1984 ?;fr;True;;¿Quién escribió el libro 1984?;es;True;;;;;;;factual_clasica;
Whose brush created The Night Watch?;"Je n'ai pas trouvé d'information sur un artwork ou un film intitulé ""La Ronde de nuit"" qui serait associé à un pinceau. Il est possible que vous fassiez référence à un artwork ou un film qui n'est pas bien connu ou qui n'a pas été documenté en ligne.

Cependant, je peux vous suggérer quelques possibilités :

* ""La Ronde de nuit"" pourrait être un titre d'un film ou d'un artwork qui n'est pas bien connu ou qui n'a pas été documenté en ligne.
* Il est possible que vous fassiez référence à un artwork ou à un film qui est lié à une exposition ou à une collection spécifique, mais qui n'est pas bien connu en ligne.
* Si vous avez plus d'informations sur l'artwork ou sur le film, je serais ravi de vous aider à trouver plus d'informations.

Si vous avez plus d'informations ou si vous pouvez me donner plus de détails, je serais ravi de vous aider à trouver les informations que vous cherchez.";Rembrandt;;The Night Watch was created by the Dutch master Rembrandt van Rijn.;False;False;0.9998;fr;en;True;False;False;True;False;Aus wessen Pinsel stammt Die Nachtwache?;de;True;De quel pinceau est née La Ronde de nuit ?;fr;True;;¿De qué pincel salió La ronda de noche?;es;True;;;;;;;factual_aperturas;8
Point out the smallest bone in the body.;L'os le plus petit du corps humain est l'os de Staphylotome, également connu sous le nom d'os de Stapes.;stapes;etrier|estribo|Steigbugel|staffa|stirrup;"The smallest bone in the human body is the stapes bone, also known as the stirrup bone. It is one of the bones in the middle ear and is approximately 3 millimeters (0.12 inches) in length.

The stapes bone plays a crucial role in transmitting sound vibrations from the eardrum to the inner ear, where they are converted into electrical signals that are interpreted by the brain as sound.

Interestingly, the stapes bone is so small that it's almost invisible to the naked eye!";False;False;0.9998;fr;en;True;True;False;True;True;Zeig den kleinsten Knochen des Körpers.;de;True;Désignez le plus petit os du corps.;fr;True;;Señala el hueso más pequeño del cuerpo.;es;True;;;;;;;imperativo;9
Unpack how the Sun produces energy.;"Un sujet fascinant!

Le Soleil produit son énergie grâce à une réaction nucléaire qui se déroule dans son noyau. Voici les étapes clés de ce processus :

**La fusion nucléaire**

Le noyau du Soleil est composé principalement d'hydrogène et de hélie (un élément léger). La température et la pression au cœur du Soleil sont telles que les atomes d'hydrogène sont fusionnés pour former de l'hélium. Cette réaction est appelée fusion nucléaire.

**La chaîne de fusion**

La fusion nucléaire se déroule en plusieurs étapes :

1. **Fusion 4He-2He** : Deux noyaux d'hydrogène (protons) fusionnent pour former un noyau d'hélium-4 (4He).
2. **Fusion 3He-3He** : Deux noyaux d'hélium-3 fusionnent pour former un noyau d'hélium-4 (4He).
3. **Fusion 2He";fusion;fusione|fusao|Kernfusion;"The Sun is the ultimate source of energy for our solar system, and its energy production process is fascinating. Here's a detailed explanation of how the Sun produces energy:

**The Sun's Structure**

The Sun is a massive ball of hot, glowing gas, primarily composed of hydrogen and helium. It has a core, a radiative zone, a convective zone, and a photosphere. The core is the central region where nuclear reactions take place, while the radiative zone and convective zone are layers of hot, ionized gas that transfer energy outward.

**Nuclear Reactions in the Core**

The Sun's energy is produced through a process called nuclear fusion, which occurs in the core. Here's what happens:

1. **Hydrogen atoms are fused**: In the core, hydrogen nuclei (protons) are fused together to form helium nuclei. This process is known as the proton-proton chain reaction.
2. **Energy is released**: As the hydrogen nuclei are fused, a small amount of mass is converted into energy, according to Einstein's famous equation: E = mc^2.
3. **Energy is released in the form of light and heat**: The energy released in the core is transferred to the surrounding radiative zone";False;False;0.9998;fr;en;True;True;False;True;True;Schlüssle auf, wie die Sonne Energie erzeugt.;de;True;Décortiquez comment le Soleil produit son énergie.;fr;True;;Desmenuza cómo produce energía el Sol.;es;True;;;;;;;imperativo_explicativo;8
Why did Napoleon retreat from Russia?;"Napoléon Bonaparte, l'empereur des Français, a décidé de retirer ses troupes de Russie en septembre 1812, après une campagne militaire dévastatrice et infructueuse. Voici quelques raisons clés qui ont motivé ce choix :

1. **Perte de troupes et de ressources** : La campagne de Russie a été un échec cuisant pour les forces françaises. Les troupes ont souffert de la froidure, de la famine et de la peste, et les pertes en hommes et en matériel ont été considérables. Napoléon a réalisé que son armée ne pouvait pas tenir le rythme de la campagne et qu'il ne pouvait pas remporter une victoire décisive.

2. **Manque de soutien de la population locale** : Malgré les efforts de Napoléon pour gagner la confiance de la population russe, les Russes ont continué à résister et à saboter les opérations françaises. Le climat de méfiance et de haine a";winter;hiver|invierno|inverno|froid|gelees|frio extremo|Kalte;"Napoleon Bonaparte's retreat from Russia was a disastrous military campaign that occurred in 1812. Here's a brief summary of the reasons behind his retreat:

**The Russian Campaign**: In June 1812, Napoleon launched a massive invasion of Russia, hoping to defeat Tsar Alexander I and force him to join the French Empire. The French army, estimated to be around 600,000 soldiers, marched deep into Russia, but they were met with fierce resistance from the Russian army and the harsh Russian winter.

**The Russian Winter**: The Russian winter was particularly brutal, with temperatures often dropping below -20°C (-4°F) and snowdrifts reaching up to 3 meters (10 feet) high. The French army was not prepared for such extreme weather conditions, and many soldiers froze to death or succumbed to the cold.

**The Russian Army's Tactics**: The Russian army, led by General Mikhail Kutuzov, employed a scorched earth policy, burning crops, destroying infrastructure, and withdrawing from the battlefield. This tactic forced the French army to march long distances, exhausting their supplies and weakening their forces.

**The French Army's Weaknesses**: The French army was also weakened by internal conflicts, desertions,";False;False;0.9998;fr;en;True;True;False;True;True;Warum zog sich Napoleon aus Russland zurück?;de;True;Pourquoi Napoléon s'est-il retiré de Russie ?;fr;True;;¿Por qué se retiró Napoleón de Rusia?;es;True;;;;;;;explicativa;7
Symbol for krypton?;Le symbole du krypton est Kr.;Kr;;The symbol for krypton is Kr.;False;False;0.9998;fr;en;True;True;False;True;True;Symbol für Krypton?;de;True;Symbole du krypton ?;fr;True;;¿Símbolo del kriptón?;es;True;;;;;;;corta;5
Real quick: who wrote The Art of War?;"Une question sur l'histoire de la stratégie militaire!

L'Art de la guerre (, Wèi Shu) est un traité de stratégie militaire écrit par Sun Tzu, un général et stratège chinois de la dynastie Zhou (vers 544-496 av. J.-C.). Ce traité est considéré comme l'un des plus importants textes de stratégie militaire de l'histoire et est toujours étudié et appliqué aujourd'hui.

Sun Tzu a écrit L'Art de la guerre pendant la guerre des Rois (475-456 av. J.-C.), lorsque la Chine était divisée en plusieurs royaumes. Le traité est une collection de 13 chapitres qui présentent des principes et des stratégies pour gagner des batailles et des guerres, en mettant l'accent sur l'importance de la stratégie, de la tactique et de la surprise.

L'Art de la guerre est connu pour ses maximes et ses aphorismes célèbres, tels que ""La victoire est la plus belle des armes";Sun Tzu;Sun Zi|Sunzi;The Art of War was written by Sun Tzu, a Chinese military strategist and philosopher who is believed to have lived in the 6th century BC. The book is a classic treatise on military strategy and tactics, and its principles and concepts have been widely applied in fields beyond warfare, including business, sports, and politics.;False;False;0.9998;fr;en;True;True;False;True;True;Ganz kurz: Wer schrieb Die Kunst des Krieges?;de;True;Vite fait : qui a écrit L'Art de la guerre ?;fr;True;;Rapidito: ¿quién escribió El arte de la guerra?;es;True;;;;;;;conversacional;10
Who painted The Last Supper?;"Une question classique!

La Cène est un tableau peint par le maître de la peinture italienne du XVIe siècle, Léonard de Vinci. Il est considéré comme l'un des plus grands artistes de l'histoire de l'art et est souvent considéré comme l'un des plus grands peintres de tous les temps.

Le tableau, qui date de 1495 à 1498, est une représentation de la dernière supper de Jésus avec ses disciples, selon le Nouveau Testament. Il est considéré comme l'un des plus célèbres tableaux de la Renaissance italienne et est exposé au musée du Louvre à Paris, en France.

Léonard de Vinci a utilisé une technique innovante appelée sfumato pour créer l'effet de profondeur et de volume dans le tableau. Il a également utilisé des couleurs vives et des ombres subtiles pour créer une atmosphère intime et émotionnelle.

La Cène est considérée comme l'une des œuvres les plus célèbres et les plus influentes de l'histoire de l'art, et";Leonardo;Vinci;The Last Supper was painted by the renowned Italian artist Leonardo da Vinci. He created the famous mural painting in the late 15th century, specifically between 1495 and 1498, in the refectory of the Convent of Santa Maria delle Grazie in Milan, Italy.;False;False;0.9998;fr;en;True;True;False;True;True;Wer malte das letzte Abendmahl?;de;True;Qui a peint La Cène ?;fr;True;;¿Quién pintó La Última Cena?;unknown;True;;;;;;;factual_clasica;
What animal is the largest mammal?;Le plus grand mammifère est l'éléphant d'Afrique.;blue whale;baleine|ballena|Blauwal|balenottera|baleia;The largest mammal is the blue whale (Balaenoptera musculus). On average, an adult blue whale can grow up to 82 feet (25 meters) in length and weigh around 150-170 tons (136,000-152,000 kilograms). That's massive!;False;False;0.9998;fr;en;True;False;False;True;False;Welches Tier ist das größte Säugetier?;de;True;Quel animal est le plus grand mammifère ?;fr;True;;¿Qué animal es el mamífero más grande?;es;True;;;;;;;factual_aperturas;8
Remind me who composed The Planets suite.;"Une question musicale!

La suite ""Les Planètes"" a été composée par Gustav Holst, un compositeur britannique. Elle a été créée en 1914 et est basée sur les neuf planètes du système solaire à l'époque, ainsi que sur le Soleil. La suite est considérée comme l'une des plus célèbres œuvres de la musique classique du XXe siècle.

Holst a utilisé des thèmes et des motifs pour chaque planète, ainsi que pour le Soleil, pour créer une suite qui est à la fois poétique et scientifique. La suite est composée de sept mouvements, chacun correspondant à une planète ou au Soleil :

1. Mars, le Brûleur
2. Vénus, l'Égérie
3. Terre, la Matrone
4. Mercure, le Messager
5. Jupiter, le Grand
6. Saturne, le Sage
7. Uranus, l'Inconnu
8. Neptune, l'Inconnu (ajouté en 1920)

La suite ""Les Planètes"" est";Holst;;The Planets suite was composed by the renowned English composer Gustav Holst.;False;False;0.9998;fr;en;True;True;False;True;True;Erinnere mich, wer die Suite Die Planeten komponierte.;de;True;Rappelez-moi qui a composé la suite Les Planètes.;fr;True;;Recuérdame quién compuso la suite Los planetas.;es;True;;;;;;;imperativo;10
Run through why blood is red.;"Voici les raisons pour lesquelles le sang est rouge :

1.  **La présence de globules rouges** : Le sang est composé de plusieurs types de cellules sanguines, dont les globules rouges (érythrocytes). Ces cellules sont chargées de transporter l'oxygène à travers le corps. Elles sont rouges en raison de la présence de protéines appelées globules rouges (hémoglobine) qui contiennent de l'oxygène. Lorsque ces globules rouges transportent l'oxygène, ils libèrent l'oxygène dans les tissus du corps, ce qui donne au sang son couleur rouge.
2.  **La présence de protéines** : Le sang contient également des protéines appelées globules blancs (leucocytes) et des globules rouges (érythrocytes). Ces protéines sont responsables de la structure et de la fonction du sang. Elles sont également responsables de la couleur du sang, car elles contiennent des molécules appelées hémoglobine qui sont responsables de la";hemoglobin;moglobin;"Let's dive into the fascinating world of blood and explore why it's red.

**The Short Answer:**
Blood is red because of a protein called hemoglobin, which is present in red blood cells. Hemoglobin contains iron, which gives it a reddish color.

**The Long Answer:**
Blood is a complex fluid made up of various components, including:

1. **Red Blood Cells (RBCs)**: Also known as erythrocytes, these cells are responsible for carrying oxygen from the lungs to the body's tissues.
2. **Plasma**: The liquid portion of blood that makes up about 55% of its total volume. Plasma is mostly water, with a small amount of proteins, nutrients, and waste products.
3. **Hemoglobin**: A protein in red blood cells that binds to oxygen and carries it to the body's tissues.

**The Science Behind the Color:**
Hemoglobin is a protein that contains iron, which is a key component of its structure. When oxygen binds to hemoglobin, it changes the way the protein absorbs and reflects light. This is known as the **Oxygen-Hemoglobin Interaction**.

Here's what happens:

* When oxygen binds to hemoglobin, it causes";False;False;0.9998;fr;en;True;True;False;True;True;Geh kurz durch, warum Blut rot ist.;de;True;Parcourez les raisons pour lesquelles le sang est rouge.;fr;True;;Recorre por qué la sangre es roja.;es;True;;;;;;;imperativo_explicativo;7
What causes tooth decay?;Les caries sont des problèmes dentaires qui se développent à cause de la dégradation des dents en raison de la présence de bactéries dans l'orifice buccodentaire. Ces bactéries produisent des acides qui attaquent les dents et provoquent la dégradation des tissus dentaires.;acid;acide|acido|Saure|bacteri|bakteri|batteri|plaque;"Tooth decay, also known as dental caries, is a bacterial infection that causes demineralization of tooth enamel, leading to cavities and potentially painful consequences. Here are the main causes of tooth decay:

1. **Bacteria**: The primary cause of tooth decay is the presence of bacteria in the mouth. These bacteria, such as Streptococcus mutans, feed on sugars and starches in the mouth and produce acid as a byproduct. This acid dissolves the minerals in tooth enamel, leading to decay.
2. **Sugar and starch**: Consuming sugary and starchy foods and drinks provides a source of energy for bacteria to grow and multiply. The more frequent and prolonged the consumption of these substances, the higher the risk of tooth decay.
3. **Lack of saliva**: Saliva helps to neutralize acid and remineralize teeth. People with dry mouth (xerostomia) or those who don't produce enough saliva may be more susceptible to tooth decay.
4. **Poor oral hygiene**: Infrequent brushing and flossing can lead to the accumulation of plaque, a sticky film of bacteria, on teeth. This can cause tooth decay if not removed regularly.
5. **Genetics**:";False;False;0.9998;fr;en;True;True;False;True;True;Was verursacht Karies?;de;True;Qu'est-ce qui provoque les caries ?;fr;True;;¿Qué causa las caries?;es;True;;;;;;;explicativa;5
Author of Emma?;Jane Austen;Austen;Jane Austen;"The author of the classic novel ""Emma"" is Jane Austen. Published in 1816, ""Emma"" is one of Austen's most beloved and enduring works, known for its witty dialogue, strong female protagonist, and commentary on social class and relationships in 19th-century England. Would you like to know more about the novel or Jane Austen's life and works?";False;False;0.5;unknown;en;True;True;False;True;False;Autor von Emma?;de;True;Auteur d'Emma ?;fr;True;;¿Autor de Emma?;es;True;;;;;;;corta;4
Okay, who composed Carmina Burana?;"Une question classique!

Carmina Burana est une collection de poèmes médiévaux composée par le compositeur allemand Carl Orff (1895-1982). Les poèmes sont réunis dans un livre intitulé ""Carmina Burana"" et datent du XIIIe siècle.

Carl Orff a mis en musique ces poèmes en 1936-1937, en créant une œuvre orchestrale qui combine des éléments de musique ancienne et moderne. La partition est basée sur des textes latins et allemands, et elle met en valeur la richesse de la langue et de la poésie médiévales.

Carmina Burana est devenue l'une des œuvres les plus célèbres de Carl Orff et est régulièrement interprétée et représentée sur scène et enregistrée.";Orff;;"Carmina Burana is a collection of medieval poems set to music by the famous German composer Carl Orff. The work is based on a collection of 11th- to 13th-century poems, known as the ""Carmina Burana"", which were discovered in the 19th century.

Orff composed the music for Carmina Burana between 1935 and 1936, and it premiered in 1937. The work is considered one of Orff's most famous and iconic compositions, and it's known for its rich, vibrant sound and its use of folk-like melodies and rhythms.

Would you like to know more about the history of Carmina Burana or Carl Orff's life and work?";False;False;0.9998;fr;en;True;True;False;True;True;Okay, wer komponierte Carmina Burana?;de;True;Bon, qui a composé Carmina Burana ?;fr;True;;Vale, ¿quién compuso Carmina Burana?;es;True;;;;;;;conversacional;9
Who wrote Romeo and Juliet?;"Une question classique!

Roméo et Juliette est un drame de William Shakespeare, écrit probablement entre 1591 et 1595. Il s'agit d'une des œuvres les plus célèbres et les plus adaptées du dramaturge anglais, et est considérée comme l'une des pièces les plus amoureuses et les plus tragiques de la littérature mondiale.

Shakespeare a écrit la pièce en vers, avec un mélange de vers iambiques et de vers jambiques, et elle est divisée en cinq actes. La histoire est inspirée de la légende de Roméo et Juliette, qui est mentionnée par le poète italien Arthur Golding dans son traduction de la Bible en 1560.

Depuis sa création, Roméo et Juliette a été adaptée et interprétée dans de nombreuses versions théâtrales, cinématographiques et télévisuelles, et reste l'une des œuvres les plus connues et les plus aimées du monde entier.";Shakespeare;;Romeo and Juliet, the classic tragic love story, was written by the renowned English playwright William Shakespeare. It is believed to have been written between 1591 and 1595, and is considered one of Shakespeare's most famous and enduring works.;False;False;0.9998;fr;en;True;True;False;True;True;Wer hat Romeo und Julia geschrieben?;de;True;Qui a écrit Roméo et Juliette ?;fr;True;;¿Quién escribió Romeo y Julieta?;unknown;True;;;;;;;factual_clasica;
What currency does Thailand use?;La monnaie officielle de la Thaïlande est le baht thaï (THB).;baht;;The official currency of Thailand is the Thai Baht (THB).;False;False;0.9998;fr;en;True;True;False;True;True;Welche Währung verwendet Thailand?;de;True;Quelle monnaie utilise la Thaïlande ?;fr;True;;¿Qué moneda usa Tailandia?;es;True;;;;;;;factual_aperturas;6
Let me know the capital of Saudi Arabia.;La capitale de l'Arabie saoudite est Riyad.;Riyadh;Riyad|Riad|Riade;The capital of Saudi Arabia is Riyadh.;False;False;0.9998;fr;en;True;True;False;True;True;Sag mir die Hauptstadt Saudi-Arabiens.;de;True;Dites-moi la capitale de l'Arabie saoudite.;fr;True;;Dime la capital de Arabia Saudita.;es;True;;;;;;;imperativo;9
Lay out why lemons taste sour.;"Les citrons sont des fruits acides en raison de leur contenu en acides organiques, notamment le citrate de sodium et le citrate de potassium. Ces acides sont présents dans les tissus du fruit, notamment dans les pépines et les jus.

Voici quelques raisons pour lesquelles les citrons sont acides :

1. **Rôle de l'acide citrique** : L'acide citrique est un acide organique qui joue un rôle important dans la défense des plantes contre les pathogènes et les parasites. Les citrons contiennent une grande quantité d'acide citrique, qui est responsable de leur acidité.
2. **Mécanisme de conservation** : L'acide citrique aide à conserver les fruits en les protégeant contre la fermentation et la putrefaction. En réduisant la croissance des bactéries et des levures, l'acide citrique permet de prolonger la durée de conservation des citrons.
3. **Rôle dans la photosynthèse** : Les citrons, comme les autres plantes, nécessitent de l";citric acid;citri|Zitronens|C6H8O7;"The sour taste of lemons! It's a characteristic that's both refreshing and invigorating. So, let's dive into the science behind why lemons taste sour.

**The Culprit: Citric Acid**

The primary reason lemons taste sour is due to the presence of citric acid, a naturally occurring compound found in the juice of lemons. Citric acid is a type of organic acid, specifically a carboxylic acid, which is responsible for the sour taste.

**How Citric Acid Works**

When citric acid comes into contact with the taste buds on your tongue, it binds to specific receptors called T1R2/T1R3 receptors. These receptors are responsible for detecting sweet, sour, salty, and bitter tastes. When citric acid binds to these receptors, it triggers a signaling pathway that sends a signal to the brain, which interprets the sensation as sour.

**The Sour Taste Pathway**

The sour taste pathway involves a complex interplay between multiple molecules and receptors. Here's a simplified overview:

1. Citric acid molecules are released from the lemon juice and bind to T1R2/T1R3 receptors on the surface of taste buds.
2. The binding of citric acid";False;False;0.9998;fr;en;True;True;False;True;True;Leg dar, warum Zitronen sauer schmecken.;de;True;Exposez pourquoi les citrons sont acides.;fr;True;;Expón por qué los limones son ácidos.;es;True;;;;;;;imperativo_explicativo;9
What powered the Industrial Revolution?;"La révolution industrielle a été alimentée par plusieurs facteurs clés. Voici quelques-uns des principaux moteurs de cette transformation :

1.  **La découverte de l'énergie à vapeur** : en 1712, Thomas Newcomen a inventé la première machine à vapeur, qui a permis de développer la puissance et de réduire les coûts de production. Cependant, c'est en 1769 que James Watt a amélioré la machine à vapeur en créant une version plus efficace, qui a permis de développer la révolution industrielle.
2.  **La révolution agricole** : la révolution agricole a permis de produire plus de nourriture avec moins de main-d'œuvre, ce qui a permis de réduire les coûts de production et de développer l'industrie.
3.  **La découverte de l'acier** : en 1750, Abraham Darby a inventé la première forge à coke, qui a permis de produire de l'acier à bas coût. L'acier a été utilisé";coal;charbon|Kohle|carvao|el carbon|del carbon|steam|vapeur|vapor|Dampf;"The Industrial Revolution was a complex and multifaceted process, and it was powered by a combination of technological, economic, and social factors. Here are some of the key drivers that helped fuel the Industrial Revolution:

1. **Steam Power**: The invention of the steam engine by James Watt in 1769 revolutionized industry by providing a reliable and consistent source of power. Steam engines enabled the mechanization of factories and the development of new manufacturing technologies.
2. **Coal and Iron**: The widespread availability of coal and iron ore provided the necessary raw materials for the production of steam engines, machinery, and other industrial equipment.
3. **Textile Innovations**: The development of new textile machines, such as the spinning jenny and the power loom, enabled mass production of cloth and other textiles, which helped to drive the growth of the textile industry.
4. **Transportation Revolution**: The construction of canals, roads, and railways facilitated the transportation of goods and people, connecting industries and markets across the country.
5. **Capital and Finance**: The growth of banking and finance enabled the mobilization of capital for investment in new technologies and industries.
6. **Scientific and Technological Advancements**: Breakthroughs in fields like chemistry,";False;False;0.9998;fr;en;True;True;False;True;True;Was trieb die Industrielle Revolution an?;de;True;Qu'est-ce qui a alimenté la révolution industrielle ?;fr;True;;¿Qué impulsó la Revolución Industrial?;es;True;;;;;;;explicativa;6
Author of Lolita?;L'auteur de Lolita est Vladimir Nabokov.;Nabokov;;"You're referring to Vladimir Nabokov, the Russian-American novelist. Yes, he is the author of the infamous novel ""Lolita"", published in 1955. The book tells the story of a middle-aged professor, Humbert Humbert, who becomes obsessed with a 12-year-old girl named Dolores Haze, also known as Lolita. The novel is known for its complex and provocative exploration of themes such as pedophilia, obsession, and the blurring of moral boundaries.

Would you like to know more about the novel, its context, or its reception?";False;False;0.9998;fr;en;True;True;False;True;True;Autor von Lolita?;de;True;Auteur de Lolita ?;fr;True;;¿Autor de Lolita?;es;True;;;;;;;corta;5
Hi! Who drafted the Declaration of Independence?;"Salut!

La Déclaration d'indépendance des États-Unis a été rédigée par un comité composé de cinq personnes, qui ont travaillé ensemble pour élaborer ce document fondamental de l'histoire américaine.

Ces cinq membres du comité étaient :

1. **Thomas Jefferson** (1743-1826) : Il est souvent crédité de l'avoir rédigée, bien qu'il ait travaillé en collaboration avec les autres membres du comité. Jefferson était un philosophe, un écrivain et un homme politique américain.
2. **John Adams** (1735-1826) : Adams était un homme politique et un diplomate américain qui a joué un rôle important dans la rédaction de la Déclaration.
3. **Benjamin Franklin** (1706-1790) : Franklin était un homme d'affaires, un scientifique et un diplomate américain qui a apporté son expertise et son expérience à la rédaction du document.
4. **Robert Livingston** (1746-1813) : Livingston était un homme politique et un diplomate améric";Jefferson;;"The Declaration of Independence was drafted by a committee of five individuals, known as the Committee of Five, appointed by the Continental Congress. The members of the Committee of Five were:

1. **Thomas Jefferson** (Virginia): He is credited with writing the first draft of the Declaration of Independence, which was then reviewed and revised by the other members of the committee.
2. **John Adams** (Massachusetts): A strong advocate for independence, Adams was a key figure in the Continental Congress and played a significant role in shaping the Declaration.
3. **Benjamin Franklin** (Pennsylvania): A respected statesman, scientist, and philosopher, Franklin brought his wisdom and experience to the committee.
4. **Robert Livingston** (New York): A member of the Continental Congress, Livingston was a skilled diplomat and helped to draft the Declaration.
5. **Roger Sherman** (Connecticut): Sherman was a lawyer and politician who contributed to the drafting of the Declaration.

These five individuals worked together to create a document that would formally declare the 13 American colonies' independence from Great Britain and establish the United States of America as a sovereign nation.

Would you like to know more about the Declaration of Independence or its significance?";False;False;0.9998;fr;en;True;True;False;True;True;Hallo! Wer entwarf die Unabhängigkeitserklärung?;de;True;Salut ! Qui a rédigé la Déclaration d'indépendance ?;fr;True;;¡Hola! ¿Quién redactó la Declaración de Independencia?;es;True;;;;;;;conversacional;9
Who wrote The Metamorphosis?;La Métamorphose est un roman écrit par l'auteur allemand Franz Kafka, publié en 1915.;Kafka;;The Metamorphosis was written by Franz Kafka, a Czech writer, in 1915. It's one of his most famous and influential works, a novella that tells the story of a man who transforms into a giant insect and explores themes of identity, alienation, and the absurdity of modern life.;False;False;0.9998;fr;en;True;True;False;True;True;Wer hat Die Verwandlung geschrieben?;de;True;Qui a écrit La Métamorphose ?;fr;True;;¿Quién escribió La Metamorfosis?;unknown;True;;;;;;;factual_clasica;
What sport uses a shuttlecock?;Le sport qui utilise un volant est le Volant.;badminton;Federball;The sport that uses a shuttlecock is Badminton!;False;False;0.9998;fr;en;True;False;False;True;False;Welche Sportart nutzt einen Schläger und einen gefiederten Ball?;de;True;Quel sport utilise un volant ?;fr;True;;¿Qué deporte usa un volante?;es;True;;;;;;;factual_aperturas;7
Spot the creator of Sherlock Holmes.;"Un plaisir!

Le créateur de Sherlock Holmes est l'écrivain britannique Sir Arthur Conan Doyle (1859-1930). Doyle est un médecin et un écrivain qui a écrit les nouvelles et les romans qui mettent en scène le célèbre détective londonien Sherlock Holmes.

**Biographie de Sir Arthur Conan Doyle**

Sir Arthur Conan Doyle est né à Edinburgh, en Écosse, le 22 mai 1859. Il a étudié la médecine à l'Université de Edinburgh et a obtenu son diplôme en 1881. Il a pratiqué la médecine pendant quelques années, mais a finalement abandonné la carrière médicale pour devenir écrivain.

**Le créateur de Sherlock Holmes**

Doyle a créé le personnage de Sherlock Holmes en 1887, dans la nouvelle ""A Study in Scarlet"". Il a ensuite écrit plusieurs autres nouvelles et romans mettant en scène Holmes, dont ""Le Mur des chuchoteurs"" (1892), ""Le Doigt du destin"" (1893) et ""Le Secret de Charlemagne"" (1894).

Les aventures";Conan Doyle;Doyle;The creator of Sherlock Holmes is Sir Arthur Conan Doyle.;False;False;0.9998;fr;en;True;True;False;True;True;Ermittle den Schöpfer von Sherlock Holmes.;de;True;Repérez le créateur de Sherlock Holmes.;fr;True;;Detecta al creador de Sherlock Holmes.;es;True;;;;;;;imperativo;7
Account for why pressure cookers cook faster.;"Les autocuiseurs sont connus pour leur rapidité et leur efficacité dans la cuisson des aliments. Voici quelques-unes des caractéristiques qui les rendent si rapides :

1. **Technologie de cuisson rapide** : Les autocuiseurs utilisent des technologies de cuisson telles que la micro-ondes, la vapeur, la cuisson sous vide ou la cuisson à haute pression, qui permettent de cuire les aliments rapidement en les exposant à des températures élevées ou en les soumettant à des pressions élevées.

2. **Énergie économique** : Les autocuiseurs sont conçus pour utiliser moins d'énergie que les fours traditionnels. Ils peuvent cuire les aliments en quelques minutes, ce qui signifie que moins d'énergie est nécessaire pour atteindre la température de cuisson.

3. **Cuisson uniforme** : Les autocuiseurs sont capables de cuire les aliments de manière uniforme, ce qui signifie que les aliments sont cuits de manière égale dans toutes les parties. Cela est particulièrement utile pour";boiling point;ebul|eboll|Siede|boiling|erhohte Temperatur|temperatura mas alta|temperature plus elevee|higher temperature;"Pressure cookers cook faster due to several reasons:

1. **Reduced boiling point**: When you add liquid to a pressure cooker, the boiling point of the liquid is lowered due to the increased pressure. This means that the water boils at a lower temperature, which reduces the cooking time. For example, water boils at 212°F (100°C) at standard atmospheric pressure, but at 15 psi (pounds per square inch), it boils at 212°F (100°C) - 1.8°F (1°C). This may not seem like a lot, but it's enough to make a difference in cooking time.
2. **Increased heat transfer**: Pressure cookers have a smaller volume of liquid than a regular pot, which allows for more efficient heat transfer. The heat from the stovetop or electric heating element is transferred more quickly to the liquid, resulting in faster cooking times.
3. **Increased surface area**: The pressure cooker's lid and sides are designed to maximize the surface area of the liquid, allowing for more efficient heat transfer and faster cooking.
4. **Reduced cooking time due to Maillard reaction**: The Maillard reaction is a chemical reaction between amino acids and reducing sugars that occurs when food is";False;False;0.9998;fr;en;True;False;False;True;True;Begründe, warum Schnellkochtöpfe schneller garen.;de;True;Rendez compte de la rapidité des autocuiseurs.;fr;True;;Da cuenta de por qué las ollas a presión cocinan más rápido.;es;True;;;;;;;imperativo_explicativo;9
What did the Marshall Plan fund?;"Le plan Marshall, également connu sous le nom de Plan d'assistance économique allemand (PAEA), a été financé par les États-Unis. Il a été mis en œuvre dans les années 1940 et 1950, après la Seconde Guerre mondiale, avec l'objectif de réhabiliter l'Allemagne et l'aider à se reconstruire économiquement.

Le plan a été créé par le secrétaire d'État américain George Marshall, qui a proposé un plan d'assistance économique pour l'Allemagne en 1947. Le plan a été approuvé par le Congrès américain et a été mis en œuvre par le gouvernement américain.

Le plan Marshall a fourni une aide financière et technique à l'Allemagne, notamment en termes de crédits, de biens et de services. L'aide a été utilisée pour reconstruire les infrastructures, les industries et les économies de l'Allemagne, ainsi que pour promouvoir la démocratie et la stabilité dans la région.

Le plan Marshall a";reconstruction;reconstru|Wiederaufbau|ricostru|rebuild;"The Marshall Plan was a massive economic assistance program implemented by the United States after World War II. It was named after Secretary of State George C. Marshall, who proposed the plan in a speech at Harvard University in 1947.

The Marshall Plan funded a wide range of economic and social projects in 16 European countries, including:

1. **Infrastructure development**: roads, bridges, airports, seaports, and railways.
2. **Industry and manufacturing**: steel production, coal mining, and other key industries.
3. **Agriculture**: farm equipment, fertilizers, and other agricultural inputs.
4. **Energy**: oil refineries, power plants, and other energy infrastructure.
5. **Education and training**: vocational training, technical schools, and universities.
6. **Healthcare**: hospitals, medical equipment, and healthcare personnel.
7. **Social welfare**: housing, social services, and other forms of support for low-income families.

The Marshall Plan also provided financial assistance to help European countries rebuild their economies and stabilize their currencies. The program was designed to:

1. **Promote economic stability**: by providing a stable source of funding and encouraging economic cooperation.
2. **Foster economic growth**: by investing in infrastructure, industry,";False;False;0.9998;fr;en;True;True;False;True;True;Was finanzierte der Marshallplan?;de;True;Qu'a financé le plan Marshall ?;fr;True;;¿Qué financió el Plan Marshall?;es;True;;;;;;;explicativa;7
Author of Candide?;Georges-Louis Le Sage;Voltaire;;"You're thinking of Voltaire!

Yes, I am Voltaire, the French philosopher, historian, and writer. I am best known for my satirical novel ""Candide, or Optimism"" (1759), which is considered one of the greatest works of literature in the Enlightenment period.

In ""Candide"", I used humor, irony, and philosophical critique to poke fun at the excesses of the aristocracy, the Church, and the optimism of the time. The novel follows the adventures of Candide, a young man who is raised by a philosopher and embarks on a journey to find the best of all possible worlds.

Would you like to discuss the themes, characters, or historical context of ""Candide""?";False;False;0.9144;fr;en;True;False;False;True;False;Autor von Candide?;de;True;Auteur de Candide ?;fr;True;;¿Autor de Cándido?;es;True;;;;;;;corta;5
So, who invented basketball?;"Un excellent question!

Le basket-ball a été inventé par James Naismith, un physiothérapeute canadien-américain, en 1891. Naismith travaillait à la YMCA (Young Men's Christian Association) à Springfield, dans l'État du Massachusetts, aux États-Unis.

À l'époque, Naismith cherchait à créer un nouveau sport pour les jeunes hommes qui étaient en hiver et qui ne pouvaient pas pratiquer les sports traditionnels comme le football ou le baseball. Il voulait également créer un sport qui serait facile à apprendre et qui nécessiterait peu d'équipement.

Naismith a donc créé un jeu de basket-ball en utilisant des balles de cuir et des panneaux de bois avec des trous de différentes tailles. Il a également créé des règles pour le jeu, qui comprenaient des objectifs tels que marquer des points en lançant la balle dans les trous.

Le premier match de basket-ball a eu lieu le 21 décembre 1891, avec sept joueurs de l'équipe de Naismith et six joueurs de";Naismith;;"Basketball was invented by James Naismith, a Canadian-American physical education instructor, in 1891. Naismith was working at the International Young Men's Christian Association (YMCA) Training School in Springfield, Massachusetts, USA.

At the time, Naismith was tasked with creating a new indoor game to keep students active during the harsh New England winters. He was given 14 days to come up with a new game, and he was given several objectives to keep in mind: the game had to be easy to learn, it had to be a team sport, and it had to be a non-contact activity.

Naismith decided to combine elements of soccer, football, and hockey to create a new game, which he called ""basket ball."" He created a set of 13 rules, which have since evolved into the modern game of basketball.

The first game of basketball was played on December 21, 1891, with nine players on each team and a set of peach baskets used as goals. The game was an instant success, and it quickly spread to other YMCA locations and eventually around the world.

Naismith is often credited with inventing the game of basketball, and he is still remembered as one of the";False;False;0.9998;fr;en;True;True;False;True;True;Also, wer hat Basketball erfunden?;de;True;Alors, qui a inventé le basket-ball ?;fr;True;;Entonces, ¿quién inventó el baloncesto?;es;True;;;;;;;conversacional;6
Who was the Carthaginian general who crossed the Alps?;Le général carthaginois qui a traversé les Alpes était Hannibal.;Hannibal;Anibal|Annibale;"You're likely thinking of Hannibal Barca, a renowned Carthaginian general who led his army across the Alps during the Second Punic War (218-201 BCE). This incredible feat was a pivotal moment in history, as it allowed Hannibal to surprise the Romans and win several key battles, including the Battle of Cannae.

Hannibal's crossing of the Alps was a remarkable achievement, as it was a treacherous and nearly impossible journey. He led his army of war elephants, infantry, and cavalry across the mountain passes, using a combination of clever tactics and sheer determination.

However, it's worth noting that the exact route and timing of Hannibal's crossing are still debated among historians, and some theories suggest that he may have used a different route or route combination.

Would you like to know more about Hannibal's campaigns or the Second Punic War?";False;False;0.9998;fr;en;True;True;False;True;True;Wer war der karthagische General, der die Alpen überquerte?;de;True;Qui était le général carthaginois qui a traversé les Alpes?;fr;True;;¿Quién fue el general cartaginés que cruzó los Alpes?;es;True;;;;;;;factual_clasica;
What blood type is the universal donor?;Le groupe sanguin A est généralement considéré comme le groupe sanguin le plus adapté pour un don universal.;O negative;O-negative|O negatif|O negativo|0 negativ|O negativ|0 negativo;"The universal donor blood type is O negative (O-). This blood type has the following characteristics:

* O: The ""O"" indicates that the blood does not have any A or B antigens on the surface of the red blood cells.
* Negative: The negative sign indicates that the blood does not have any RhD antigen on the surface of the red blood cells.

O negative blood is considered universal because it can be transfused to anyone with A, B, AB, or O blood types, regardless of their RhD status. This is because the lack of A and B antigens on the surface of the red blood cells means that the immune system will not react to the transfused blood, and the RhD antigen is not present, so it won't trigger an immune response either.";False;False;0.9998;fr;en;True;False;False;True;False;Welche Blutgruppe ist der Universalspender?;de;True;Quel groupe sanguin est le donneur universel ?;fr;True;;¿Qué grupo sanguíneo es el donante universal?;es;True;;;;;;;factual_aperturas;8
Fetch the capital of Uruguay.;La capitale de l'Uruguay est Montevideo.;Montevideo;Montevideu;The capital of Uruguay is Montevideo.;False;False;0.9993;fr;en;True;True;False;True;True;Hol mir die Hauptstadt Uruguays.;de;True;Rapportez-moi la capitale de l'Uruguay.;fr;True;;Tráeme la capital de Uruguay.;es;True;;;;;;;imperativo;6
Shed light on how fog forms.;"Le brouillard est une couche d'air humide qui se forme lorsque l'air est en contact avec une surface froide, comme l'eau ou le sol. Voici les étapes clés de la formation du brouillard :

1.  **Humidité de l'air** : Le brouillard se forme lorsque l'air est riche en humidité. L'air humide contient une grande quantité de vapeur d'eau.
2.  **Température** : La température joue également un rôle important dans la formation du brouillard. Lorsque l'air est en contact avec une surface froide, il se refroidit et commence à condenser la vapeur d'eau en formant des gouttes d'eau.
3.  **Condensation** : Lorsque l'air humide se refroidit, la vapeur d'eau se condense en formant des gouttes d'eau. C'est ce processus de condensation qui donne naissance au brouillard.
4.  **Formation du brouillard** : Lorsque les gouttes d'eau se forment, elles commencent à";condensation;condens|kondens|se refroidit|refroidissement|se enfria|abkuhl;"Fog! It's a fascinating and often mysterious weather phenomenon. I'd be happy to shed some light on how fog forms.

**What is fog?**

Fog is a type of cloud that forms at ground level, reducing visibility to less than 1 kilometer (0.6 miles). It's essentially a cloud that has condensed and cooled to the point where it touches the ground, rather than floating above it.

**How does fog form?**

Fog forms through a process called condensation, which occurs when warm air cools and reaches its dew point. The dew point is the temperature at which the air becomes saturated with water vapor and can no longer hold any more moisture.

Here's a step-by-step explanation of how fog forms:

1. **Evaporation**: When the sun heats the ground, it causes water to evaporate from oceans, lakes, rivers, and even puddles. This water vapor rises into the air as gas.
2. **Cooling**: As the water vapor rises, it cools down, and its temperature decreases.
3. **Condensation**: When the air reaches its dew point, the water vapor condenses into tiny droplets, forming clouds.
4. **Ground-level condensation**: If";False;False;0.9998;fr;en;True;True;False;True;True;Beleuchte, wie Nebel entsteht.;de;True;Éclairez la formation du brouillard.;fr;True;;Arroja luz sobre cómo se forma la niebla.;es;True;;;;;;;imperativo_explicativo;8
Who does Braille help?;"Le braille est un système d'écriture destiné aux personnes malvoyantes ou aveugles. Il a été créé par Charles Barbier de la Serre en 1824, mais il a été amélioré et popularisé par Louis Braille en 1829. Louis Braille a ajouté des touches supplémentaires et des modifications pour rendre le système plus pratique et plus facile à utiliser.

Aujourd'hui, le braille est utilisé dans le monde entier pour aider les personnes malvoyantes ou aveugles à lire et à écrire. Il est utilisé dans divers contextes, tels que l'éducation, la communication, la lecture et l'écriture. Le braille est également utilisé dans de nombreux pays pour aider les personnes malvoyantes ou aveugles à accéder à l'information et à la communication.";blind;aveugl|cieg|Blind|ciech|cego|malvoyant;"Braille is a tactile writing system that helps individuals who are blind or have low vision to read and write. It is particularly beneficial for people with visual impairments, including:

1. **Blind individuals**: Those who are completely blind or have no usable vision.
2. **Visually impaired individuals**: Those with low vision, such as those with cataracts, glaucoma, or macular degeneration.
3. **Students with visual impairments**: Students who are blind or have low vision and need to access educational materials.
4. **Professionals with visual impairments**: Individuals who are blind or have low vision and need to read and write for their work, such as lawyers, doctors, or engineers.
5. **Individuals with dyslexia**: Some people with dyslexia may also benefit from Braille, as it can help them to better understand and process written information.

Braille allows individuals with visual impairments to:

* Read books, articles, and other written materials
* Write and communicate with others
* Access educational and employment opportunities
* Develop independence and self-sufficiency

There are several types of Braille, including:

* **Grade 1 Braille**: The most basic form of Br";False;False;0.9998;fr;en;True;True;False;True;True;Wem hilft die Brailleschrift?;de;True;À qui le braille vient-il en aide ?;fr;True;;¿A quién ayuda el braille?;es;True;;;;;;;explicativa;6
Author of Siddhartha?;Hermann Hesse;Hesse;;"The author of the classic novel ""Siddhartha"" is Hermann Hesse.";False;False;0.5;unknown;en;True;True;False;True;False;Autor von Siddhartha?;de;True;Auteur de Siddhartha ?;fr;True;;¿Autor de Siddhartha?;es;True;;;;;;;corta;6
Pub quiz: who wrote Peter Pan?;"Une question classique!

La réponse est : J.M. Barrie!";Barrie;;The answer is J.M. Barrie.;False;False;0.9998;fr;en;True;True;False;True;True;Kneipenquiz: Wer schrieb Peter Pan?;de;True;Quiz au bar : qui a écrit Peter Pan ?;fr;True;;Pregunta de bar: ¿quién escribió Peter Pan?;es;True;;;;;;;conversacional;8
What is the boiling point of water in degrees Celsius at sea level?;Le point d'ébullition de l'eau en degrés Celsius au niveau de la mer est de 100 degrés Celsius.;100;cent;The boiling point of water in degrees Celsius at sea level is 100°C.;False;False;0.9998;fr;en;True;True;False;True;True;Was ist der Siedepunkt des Wassers in Grad Celsius auf Meereshöhe?;de;True;Quel est le point d'ébullition de l'eau en degrés Celsius au niveau de la mer ?;fr;True;;¿Cuál es el punto de ebullición del agua en grados Celsius a nivel del mar?;es;True;;;;;;;factual_clasica;
What organ produces insulin?;L'insuline est produite par les cellules bêta du pancréas.;pancreas;Pankreas;The organ that produces insulin is the pancreas. Specifically, the islets of Langerhans, which are clusters of cells within the pancreas, produce and secrete insulin.;False;False;0.9998;fr;en;True;True;False;True;True;Welches Organ produziert Insulin?;de;True;Quel organe produit l'insuline ?;fr;True;;¿Qué órgano produce la insulina?;es;True;;;;;;;factual_aperturas;5
Track down the founder of IKEA.;Ingvar Kamprad, le fondateur d'IKEA.;Ingvar Kamprad;Kamprad;"The founder of IKEA is Ingvar Kamprad.

Here are some interesting facts about Ingvar Kamprad:

1. **Born in 1926**: Ingvar Kamprad was born on March 30, 1926, in Älmhult, Sweden.
2. **Entrepreneurial spirit**: At the age of 17, Kamprad started his first business, selling matches, pens, and other small items to his neighbors.
3. **IKEA's humble beginnings**: In 1943, Kamprad founded IKEA (Ingvar Kamprad Elmtaryd Agunnaryd), a small company that sold pens, paper, and other stationery items. The name ""IKEA"" is a combination of his initials, the farm where he grew up (Elmtaryd), and the nearby village (Agunnaryd).
4. **Furniture innovation**: In the 1950s, Kamprad began to focus on furniture, and IKEA's first catalog was published in 1951. The company's flat-pack, self-assembly furniture design revolutionized the industry.
5. **Expansion and success**: IKEA expanded rapidly, and by the 1960s,";False;False;0.9414;fr;en;True;True;False;True;True;Spür den Gründer von IKEA auf.;de;True;Retrouvez le fondateur d'IKEA.;fr;True;;Rastrea al fundador de IKEA.;es;True;;;;;;;imperativo;8
Demystify why sweating cools us.;"La transpiration est un processus naturel qui se produit dans notre corps, et elle joue un rôle important dans notre régulation de la température. Voici pourquoi la transpiration nous rafraîchit :

**Le processus de transpiration**

La transpiration est le processus par lequel notre corps élimine l'eau et les équilibres de l'équilibre hydrique. Cela se produit principalement à travers les pores de la peau, qui sont plus abondants sur les bras, les jambes et le visage. Lorsque nous sommes en état de chaleur, notre corps détecte une baisse de température et réagit en augmentant la transpiration pour éliminer l'eau excédentaire.

**Comment la transpiration nous rafraîchit**

Lorsque nous transpirons, l'eau est évaporée de la peau et de nos organes internes, ce qui entraîne une perte de chaleur. Voici comment cela fonctionne :

1. **L'eau est évaporée** : Lorsque l'eau est évaporée de la peau,";evaporation;evapor|Verdunst;"Let's break down the science behind why sweating cools us down.

**The Cooling Process: Evaporation**

When we sweat, tiny droplets of water form on our skin's surface. These droplets are called sweat glands. As we heat up, our body temperature rises, and our sweat glands respond by producing more sweat. This process is called thermoregulation.

Here's what happens when sweat evaporates:

1. **Sweat formation**: Sweat glands produce sweat, which is mostly water (about 99%) and some electrolytes like sodium and potassium.
2. **Evaporation**: As sweat comes into contact with the air, it evaporates, or turns into vapor. This process requires energy, which is absorbed from the skin.
3. **Heat transfer**: As the sweat evaporates, it takes heat away from the skin, cooling us down. This is known as the latent heat of vaporization.

**Why Evaporation is Cooling**

Evaporation is a cooling process because it:

1. **Removes heat**: As sweat evaporates, it carries heat away from the skin, reducing the body's temperature.
2. **Increases air movement**: Evaporation creates a gentle breeze, which helps to distribute heat away from the";False;False;0.9998;fr;en;True;True;False;True;True;Entmystifiziere, warum Schwitzen uns kühlt.;de;True;Démystifiez pourquoi la transpiration nous rafraîchit.;fr;True;;Desmitifica por qué sudar nos refresca.;es;True;;;;;;;imperativo_explicativo;9
What does pH measure?;"Le pH est une mesure de l'acidité ou de la basicité d'un liquide, en particulier de l'eau. Il est défini comme le rapport entre la concentration de ions hydrogène (H+) et la concentration de hydroxyle (OH-) dans une solution.

Le pH est exprimé par un nombre numérique qui indique la tendance de la solution à être acide ou basique. Voici les valeurs de pH typiques :

* pH 0-1 : très acide
* pH 2-3 : acide
* pH 4-5 : faiblement acide
* pH 6-7 : neutre (eau)
* pH 8-9 : faiblement basique
* pH 10-11 : basique
* pH 12-13 : très basique

Le pH de l'eau est généralement considéré comme neutre, avec une valeur de 7. Cependant, les pH de l'eau peuvent varier en fonction de facteurs tels que la présence de substances chimiques, la température et la pression atmosphérique.

Il existe plusieurs méthodes pour mesurer le";acidity;acidi|acidez|Saure;"pH is a measure of the acidity or basicity (alkalinity) of a solution. It's a scale that ranges from 0 to 14, with:

* 0-6.9 being acidic
* 7 being neutral (neither acidic nor basic)
* 7.1-14 being basic (alkaline)

In simpler terms, pH measures how much hydrogen ions (H+) are present in a solution. When a solution has a high concentration of hydrogen ions, it's acidic. When it has a low concentration of hydrogen ions, it's basic.

Here's a rough guide to help you understand pH levels:

* Stomach acid: pH 1.5-3.5
* Vinegar: pH 2.4
* Lemon juice: pH 2.0-2.5
* Tap water: pH 6.5-7.5
* Soil: pH 6.0-7.0
* Human blood: pH 7.35-7.45

pH is an important measure in many fields, including chemistry, biology, medicine, and environmental science.";False;False;0.9998;fr;en;True;True;False;True;True;Was misst der pH-Wert?;de;True;Que mesure le pH ?;fr;True;;¿Qué mide el pH?;es;True;;;;;;;explicativa;5
Author of The Raven?;Le Corbeau est un poème écrit par Arthur Rimbaud en 1870.;Edgar Allan Poe;Allan Poe;"You're thinking of Edgar Allan Poe, the master of Gothic literature. Yes, he is indeed the author of the iconic poem ""The Raven"". Published in 1845, it's one of Poe's most famous works, known for its haunting and atmospheric language, as well as its memorable refrain: ""Quoth the Raven, 'Nevermore'"".

Would you like to know more about Poe or ""The Raven"" itself?";False;False;0.9998;fr;en;True;False;False;True;False;Autor von Der Rabe?;de;True;Auteur du Corbeau ?;fr;True;;¿Autor de El cuervo?;es;True;;;;;;;corta;5
Pub quiz: which band sang Hey Jude?;C'est The Beatles!;The Beatles;Beatles;The answer is The Beatles!;False;False;0.5152;fr;en;True;True;False;True;True;Kneipenquiz: Welche Band sang Hey Jude?;de;True;Quiz au bar : quel groupe a chanté Hey Jude ?;fr;True;;Pregunta de bar: ¿qué banda cantó Hey Jude?;es;True;;;;;;;conversacional;9
Who led the Indian independence movement through nonviolent resistance?;Mahatma Gandhi;Gandhi;;Mahatma Gandhi led the Indian independence movement through nonviolent resistance.;False;False;0.5;unknown;en;True;True;False;True;False;Wer führte die indische Unabhängigkeitsbewegung durch gewaltlosen Widerstand?;de;True;Qui a conduit le mouvement de l'indépendance de l'Inde par la résistance non violente?;fr;True;;¿Quién lideró el movimiento de independencia de la India mediante la resistencia no violenta?;es;True;;;;;;;factual_clasica;
What does a seismograph measure?;"Un sismographe mesure la magnitude des tremblements de terre, qui est une mesure de l'énergie libérée par le tremblement. La magnitude est généralement exprimée en une échelle logarithmique, telle que l'échelle de Richter (ML) ou l'échelle de moment (Mw).

L'échelle de Richter est la plus couramment utilisée et est définie comme suit :

* La magnitude de Richter (ML) est la logarithme du rapport entre la force du tremblement et la force d'un tremblement de référence (généralement un tremblement de 3,0 ML).
* La magnitude est exprimée en unités de logaritme, généralement en ML.

Par exemple, si un tremblement a une magnitude de 6,0 ML, cela signifie que l'énergie libérée par ce tremblement est 10 fois supérieure à celle d'un tremblement de 5,0 ML.

Il existe également d'autres échelles de mesure de la magnitude, telles que l'échelle de moment (Mw),";earthquakes;earthquake|seisme|tremblement|terremoto|Erdbeben|terremoti;"A seismograph is a scientific instrument that measures the vibrations or seismic waves generated by earthquakes, volcanic eruptions, and other seismic events. It detects the ground motion caused by these events and records the data, which is then used to study the characteristics of the seismic activity.

A seismograph typically measures the following:

1. **Ground motion**: The movement of the ground surface, which is caused by the seismic waves generated by an earthquake or other seismic event.
2. **Seismic waves**: The vibrations that travel through the Earth's crust, caused by the release of energy from an earthquake or other seismic event.
3. **Frequency and amplitude**: The frequency (number of oscillations per second) and amplitude (magnitude of the oscillations) of the seismic waves, which provide information about the type and size of the seismic event.

Seismographs are used to:

* Detect and locate earthquakes
* Measure the magnitude of earthquakes
* Study the characteristics of seismic waves
* Provide early warning systems for earthquakes
* Monitor volcanic activity

By analyzing the data from seismographs, scientists can gain a better understanding of the Earth's internal structure, the processes that shape our planet, and the potential for natural hazards such as earthquakes and volcanic eru";False;False;0.9998;fr;en;True;True;False;True;True;Was misst ein Seismograph?;de;True;Que mesure un sismographe ?;fr;True;;¿Qué mide un sismógrafo?;es;True;;;;;;;factual_aperturas;8
Dig up who wrote The Three Musketeers.;Alexandre Dumas a écrit Les Trois Mousquetaires.;Dumas;;"A classic tale!

The Three Musketeers was written by the French author Alexandre Dumas (1802-1870). Specifically, the novel was published in 1844 and is the first book in Dumas' famous ""D'Artagnan Romances"" series, which also includes ""Twenty Years After"" and ""The Vicomte of Bragelonne"".

Would you like to know more about Alexandre Dumas or The Three Musketeers?";False;False;0.9996;fr;en;True;True;False;True;True;Find heraus, wer Die drei Musketiere schrieb.;de;True;Dénichez qui a écrit Les Trois Mousquetaires.;fr;True;;Averigua quién escribió Los tres mosqueteros.;es;True;;;;;;;imperativo;10
Elucidate how the Grand Canyon formed.;"Le Grand Canyon! L'un des plus beaux et impressionnants sites naturels du monde. Voici une éclaircie sur sa formation :

**Qu'est-ce que le Grand Canyon?**

Le Grand Canyon est une vallée profonde et étroite située dans l'Arizona, aux États-Unis. Il s'étend sur environ 446 km de longueur, 29 km de largeur et atteint une profondeur de 1,6 km.

**Formation du Grand Canyon**

La formation du Grand Canyon est le résultat d'un processus géologique qui s'est déroulé sur des millions d'années. Voici les étapes clés :

1. **Érosion fluviale** : Les rivières Colorado et Ham, qui naissent dans les montagnes Rocheuses, ont commencé à éroder la roche du plateau supérieur (l'ancien plateau de Colorado) il y a environ 6 millions d'années. Les eaux de ces rivières ont creusé une vallée profonde et étroite.
2. **Déplacement des plaques tectoniques** : Au cours du";erosion;erosi|erosao|Colorado;"The Grand Canyon! One of the most iconic and awe-inspiring natural wonders in the United States. The formation of the Grand Canyon is a complex and fascinating process that spans millions of years. Here's a detailed explanation:

**The Geological History**

The Grand Canyon is located in Arizona, USA, and is part of the Colorado Plateau, a vast region of high desert plateaus and canyons. The plateau was formed during the Laramide orogeny, a period of mountain building that occurred around 70-40 million years ago. The Colorado River, which flows through the canyon, was the primary force behind its formation.

**The Process of Erosion**

The Grand Canyon was formed through a combination of geological processes, including:

1. **Water Erosion**: The Colorado River, which flows through the canyon, is the primary force behind its formation. Over millions of years, the river carved out a path through the rock, creating a deep and winding canyon.
2. **Weathering**: The rock layers that make up the canyon walls were subjected to weathering, which is the breakdown of rocks into smaller fragments due to exposure to wind, water, and temperature fluctuations.
3. **Tectonic Activity**: The Colorado";False;False;0.9998;fr;en;True;True;False;True;True;Verdeutliche, wie der Grand Canyon entstand.;de;True;Élucidez la formation du Grand Canyon.;fr;True;;Dilucida cómo se formó el Gran Cañón.;es;True;;;;;;;imperativo_explicativo;9
What does a Geiger counter detect?;"Un compteur Geiger est un appareil qui détecte les rayonnements ionisants, tels que les rayons alpha, les rayons beta et les rayonnements gamma. Il est principalement utilisé pour détecter la présence de matières radioactives dans un environnement.

Un compteur Geiger détecte les rayonnements ionisants en utilisant un gaz sensibles, tel que le gaz noble argon, qui se décompose lorsqu'il est frappé par un rayonnement ionisant. Cette décomposition libère des électrons qui sont ensuite comptés par un compteur électrique.

Voici les principaux types de rayonnements que détecte un compteur Geiger :

1. **Rayons alpha** : des particules chargées qui sont émises par les éléments lourds tels que l'uranium, le thorium et le radium. Les rayons alpha sont lourds et ont une faible énergie, mais ils peuvent être détectés par un compteur Geiger.
2. **Rayons beta** : des particules chargées qui sont émises par les éléments lourds";radiation;radia|Strahlung|radioactiv|radiactiv|radioaktiv|alpha|gamma;"A Geiger counter is a device that detects and measures ionizing radiation, specifically alpha, beta, and gamma radiation. It's commonly used to:

1. **Detect radioactive materials**: Geiger counters can identify the presence of radioactive isotopes, such as uranium, thorium, and radon, which are naturally occurring or can be produced artificially.
2. **Measure radiation levels**: The device measures the intensity of radiation, usually in units of counts per minute (CPM) or becquerels (Bq).
3. **Identify radiation sources**: Geiger counters can help locate the source of radiation, such as a radioactive spill or a contaminated object.
4. **Monitor radiation safety**: They are used in various industries, including nuclear power plants, medical facilities, and research laboratories, to ensure safe working conditions and prevent radiation exposure.

Geiger counters typically consist of a detector tube, a amplifier, and a display unit. The detector tube is filled with a gas that reacts to ionizing radiation, producing an electrical signal that is amplified and displayed on the unit.

Some common applications of Geiger counters include:

* Radiation monitoring in nuclear power plants and medical facilities
* Search and rescue operations for radioactive materials
* Environmental monitoring for radiation levels";False;False;0.9998;fr;en;True;True;False;True;True;Was erfasst ein Geigerzähler?;de;True;Que détecte un compteur Geiger ?;fr;True;;¿Qué detecta un contador Geiger?;es;True;;;;;;;explicativa;8
Author of Dune?;Frank Herbert;Frank Herbert;Herbert;"You're referring to Frank Herbert, the renowned American science fiction author. He is indeed the creator of the iconic novel ""Dune"", published in 1965. Herbert's masterpiece is widely regarded as a classic of the genre, and its complex world-building, intricate politics, and philosophical themes have captivated readers for decades.

Frank Herbert wrote six novels in the Dune series, including ""Dune Messiah"", ""Children of Dune"", ""God Emperor of Dune"", ""Heretics of Dune"", ""Chapterhouse: Dune"", and ""House Atreides"". His son, Brian Herbert, and co-author Kevin J. Anderson have continued the series with additional novels based on Frank Herbert's notes and outlines.

Are you a fan of the Dune series?";False;False;0.5;unknown;en;True;True;False;True;False;Autor von Dune?;de;True;Auteur de Dune ?;fr;True;;¿Autor de Dune?;es;True;;;;;;;corta;5
Be honest: who directed Pulp Fiction?;Pulp Fiction est un film réalisé par Quentin Tarantino, sorti en 1994.;Tarantino;;"A classic film question!

The answer is: Quentin Tarantino directed Pulp Fiction (1994).";False;False;0.9998;fr;en;True;True;False;True;True;Sei ehrlich: Wer drehte Pulp Fiction?;de;True;Sois honnête : qui a réalisé Pulp Fiction ?;fr;True;;Sé sincero: ¿quién dirigió Pulp Fiction?;es;True;;;;;;;conversacional;9
How many squares are on a chessboard?;Un échiquier classique comporte 64 cases, répartis en 8 rangées et 8 colonnes.;64;;There are 64 squares on a standard chessboard. It's an 8x8 grid, with 8 rows and 8 columns.;False;False;0.9995;fr;en;True;True;False;True;True;Wie viele Quadrate befinden sich auf einem Schachbrett?;de;True;Quel est le nombre de cases sur un échiquier?;fr;True;;¿Cuántas cuadradas hay en un tablero de ajedrez?;es;True;;;;;;;factual_clasica;
Sunlight helps the skin make which vitamin?;La vitamine D! La lumière du soleil aide la peau à produire de la vitamine D, une vitamine essentielle pour la santé osseuse et la fonction immunitaire. Lorsque la peau est exposée à la lumière du soleil, elle produit des molécules de vitamine D à partir de la cholecalciférol, un composé naturel présente dans la peau. Cette production de vitamine D est essentielle pour maintenir des niveaux sains de calcium et de phosphore dans le sang, ce qui est crucial pour la santé des os.;vitamin D;vitamine D|vitamina D;Sunlight helps the skin make Vitamin D.;False;False;0.9998;fr;en;True;True;False;True;True;Sonnenlicht hilft der Haut, welches Vitamin zu bilden?;de;True;La lumière du soleil aide la peau à produire quelle vitamine ?;fr;True;;¿La luz solar ayuda a la piel a producir qué vitamina?;es;True;;;;;;;factual_aperturas;9
Note the capital of Guyana.;La capitale du Guyana est Georgetown.;Georgetown;;The capital of Guyana is Georgetown.;False;False;0.9995;fr;en;True;True;False;True;True;Notiere die Hauptstadt von Guyana.;de;True;Notez la capitale du Guyana.;fr;True;;Anota la capital de Guyana.;es;True;;;;;;;imperativo;7
Spell out how fossils form.;"La formation des fossiles est un processus complexe qui implique plusieurs étapes et conditions spécifiques. Voici une explication détaillée de la formation des fossiles :

**Étapes de la formation d'un fossile**

1. **Mort d'un organisme vivant** : L'organisme meurt et tombe sur le sol, souvent dans un environnement où il est protégé des dégradations, tels que des eaux stagnantes ou des sols secs.
2. **Décomposition** : L'organisme se décompose, mais certaines parties de son corps peuvent être préservées, telles que des os, des nageoires ou des tissus.
3. **Déposition de sédiments** : Les sédiments, tels que des sables, des argiles ou des roches, se déposent sur le sol et recouvrent le corps fossilisé.
4. **Compaction** : Les sédiments sont compressés par la pression et la densité, ce qui peut provoquer la compression du corps fossilisé.
5. **Cimentation** : Les sédiments sont remplac";sediment;sedim;"Here's a step-by-step explanation of how fossils form:

**Fossil Formation: A Step-by-Step Guide**

1. **Death and Burial**: An organism, such as a plant or animal, dies and is quickly buried by sediment, like sand or mud. This rapid burial helps protect the organism from scavengers, oxygen, and other factors that can cause decay.
2. **Decomposition**: The organism begins to decompose, releasing nutrients back into the environment. However, the sediment surrounding the organism helps to slow down the decomposition process.
3. **Permineralization**: Mineral-rich water seeps into the sediment and flows through the tiny spaces around the organism. The minerals in the water, such as silica, calcite, or iron oxides, start to precipitate out of the solution and fill in the spaces around the organism.
4. **Replacement**: Over time, the original organic material is replaced with minerals, creating a fossilized replica of the organism. This process can take thousands or even millions of years.
5. **Compression**: The sediment continues to compact and compress, causing the fossil to become more detailed and three-dimensional.
6. **Uplift and Exposure**: The sediment is uplifted and exposed";False;False;0.9998;fr;en;True;True;False;True;True;Erkläre genau, wie Fossilien entstehen.;de;True;Explicitez la formation des fossiles.;fr;True;;Detalla paso a paso cómo se forman los fósiles.;es;True;;;;;;;imperativo_explicativo;6
What does an anemometer measure?;"Un anémomètre est un instrument météorologique qui mesure la vitesse et la direction du vent. Il existe plusieurs types d'anémomètres, mais la plupart mesurent la vitesse du vent en kilomètres par heure (km/h) ou en mètres par seconde (m/s).

Voici quelques-unes des méthodes les plus courantes pour mesurer la vitesse du vent :

1. **Anémomètre à roue** : cet anémomètre utilise une roue avec des ailes qui tournent en fonction de la vitesse du vent. La vitesse du vent est mesurée en fonction de la vitesse de rotation de la roue.
2. **Anémomètre à ventre** : cet anémomètre utilise un ventre qui se déplace en fonction de la vitesse du vent. La vitesse du vent est mesurée en fonction de la distance parcourue par le ventre.
3. **Anémomètre à ultrason** : cet anémomètre utilise des ondes ultrasonores pour mesurer la vitesse du vent. Les ondes ultrasonores sont émises dans le vent";wind speed;wind|viento|vento|Windgeschwindigkeit|vitesse du vent|du vent;An anemometer is a device that measures wind speed and direction. It's a crucial tool for meteorologists, researchers, and anyone interested in wind patterns. Anemometers can be simple, handheld devices or more complex, automated systems that can provide accurate and reliable wind data.;False;False;0.9998;fr;en;True;True;False;True;True;Was misst ein Anemometer?;de;True;Que mesure un anémomètre ?;fr;True;;¿Qué mide un anemómetro?;es;True;;;;;;;explicativa;8
Author of Walden?;Henry David Thoreau;Thoreau;;"You're thinking of Henry David Thoreau, the American author and philosopher. He is indeed the author of the classic book ""Walden; or, Life in the Woods"", which was first published in 1854. The book is a reflection on simple living, self-sufficiency, and the human relationship with nature. Thoreau spent two years, two months, and two days living in a cabin near Walden Pond, where he wrote much of the book. Would you like to know more about Thoreau or ""Walden""?";False;False;0.0097;it;en;True;True;False;True;False;Autor von Walden?;de;True;Auteur de Walden ?;fr;True;;¿Autor de Walden?;es;True;;;;;;;corta;5
Hmm, Eiffel Tower height?;La tour Eiffel mesure 324 mètres de hauteur.;330;324|300;The Eiffel Tower stands at an impressive 324 meters (1,063 feet) tall! Would you like to know more about this iconic landmark?;False;False;0.9998;fr;en;True;True;False;True;True;Hmm, Höhe des Eiffelturms?;de;True;Hum, hauteur de la tour Eiffel ?;fr;True;;Mmm, ¿altura de la torre Eiffel?;es;True;;;;;;;conversacional;8
What is the chemical formula for table salt?;La formule chimique du sel de table, également connu sous le nom de chlorure de sodium, est NaCl.;NaCl;;The chemical formula for table salt is NaCl, which stands for sodium chloride.;False;False;0.9998;fr;en;True;True;False;True;True;Was ist die chemische Formel von Kochsalz?;de;True;Quelle est la formule chimique du sel de table?;fr;True;;¿Cuál es la fórmula química de la sal de mesa?;es;True;;;;;;;factual_clasica;
Mount Fuji is in which country?;Le mont Fuji se trouve au Japon.;Japan;Japon|Giappone|Japao;Mount Fuji is located in Japan.;False;False;0.9998;fr;en;True;True;False;True;True;Der Fuji liegt in welchem Land?;de;True;Le mont Fuji se trouve dans quel pays ?;fr;True;;¿El monte Fuji está en qué país?;es;True;;;;;;;factual_aperturas;7
Guess the national flower of Japan.;"Une question facile!

La fleur nationale du Japon est le Chrysanthème (, kanzashi).";cherry blossom;cerisier|sakura|cerezo|Kirschblute|ciliegio|cerejeira|cherry|chrysanth|crisant;The national flower of Japan is the Cherry Blossom (, sakura).;False;False;0.9997;fr;en;True;True;False;True;True;Rate die Nationalblume Japans.;de;True;Devinez la fleur nationale du Japon.;fr;True;;Adivina la flor nacional de Japón.;es;True;;;;;;;imperativo;7
Cover how sound travels.;"**La Propagation du Son : Un Phénomène Fondamental**

La propagation du son est un phénomène physique qui décrit la façon dont les ondes sonores se déplacent à travers un medium, tel que l'air, l'eau ou le sol. Dans cet article, nous allons explorer les principes fondamentaux de la propagation du son et les facteurs qui influencent cette propagation.

**Les Types de Propagation du Son**

Il existe deux principaux types de propagation du son :

1.  **Propagation à longue onde** : Cette forme de propagation se produit lorsque les ondes sonores ont une longueur d'onde importante, généralement supérieure à 1 mètre. Les ondes à longue onde se propagent plus lentement que les ondes courtes et sont souvent utilisées dans les applications telles que les systèmes de sonorisation publics.
2.  **Propagation à courte onde** : Cette forme de propagation se produit lorsque les ondes sonores ont une longueur d'onde faible, généralement inférieure à 1 mètre. Les ondes à courte onde se propagent plus rapidement que les ondes à long";vibrations;vibr|Schwing;"Let's dive into the fascinating world of sound travel.

**What is Sound?**

Sound is a form of energy that is produced by vibrations. When an object vibrates, it creates a disturbance in the air particles around it, causing them to oscillate back and forth. These oscillations, or waves, are what we perceive as sound.

**How Does Sound Travel?**

Sound travels through the air as a series of pressure waves. Here's a step-by-step explanation of the process:

1. **Vibration**: An object vibrates, creating a disturbance in the air particles around it.
2. **Compression and Rarefaction**: The vibrating object compresses and then expands the air particles, creating a series of compressions and rarefactions (expansions).
3. **Pressure Waves**: The compressions and rarefactions create pressure waves that travel through the air.
4. **Wave Propagation**: The pressure waves propagate through the air, carrying the energy of the sound with them.
5. **Reflection and Refraction**: The pressure waves can be reflected off surfaces, such as walls or mountains, and refracted (bent) as they pass through different mediums, like air, water, or solids.

**Factors Affect";False;False;0.9998;fr;en;True;False;False;True;True;Behandle, wie sich Schall ausbreitet.;de;True;Traitez la propagation du son.;fr;True;;Trata cómo viaja el sonido.;es;True;;;;;;;imperativo_explicativo;5
What does a hygrometer measure?;"Un hygromètre est un appareil qui mesure l'humidité de l'air. Il existe différents types de hygromètres, mais la plupart mesurent l'humidité relative (RH) en pourcentage.

La mesure de l'humidité est généralement effectuée en fonction de la capacité de condensation d'un liquide. Le hygromètre contient un liquide qui se condense ou se déshydrate en fonction de l'humidité de l'air. La mesure de l'humidité est alors effectuée en fonction de la quantité de liquide condensé ou déshydraté.

Il existe plusieurs méthodes pour mesurer l'humidité, notamment :

1. **Capacité de condensation** : le hygromètre contient un liquide qui se condense en fonction de l'humidité de l'air. La mesure de l'humidité est effectuée en fonction de la quantité de liquide condensé.
2. **Thermisteur** : le hygromètre contient un thermisteur qui change de rés";humidity;humid|humed|Feucht|umid;"A hygrometer is a device that measures the amount of moisture, or humidity, in the air. It typically measures the relative humidity (RH) of the air, which is the percentage of water vapor present in the air compared to the maximum amount of water vapor the air can hold at a given temperature.

In other words, a hygrometer measures how ""dry"" or ""humid"" the air is. It's commonly used in various settings, such as:

* Weather forecasting
* Indoor climate control
* Greenhouses
* Museums
* Archives
* Data centers

There are different types of hygrometers, including:

* Analog hygrometers
* Digital hygrometers
* Thermohygrometers (which measure both temperature and humidity)
* Psychrometers (which measure the dew point temperature)

I hope that helps!";False;False;0.9998;fr;en;True;True;False;True;True;Was misst ein Hygrometer?;de;True;Que mesure un hygromètre ?;fr;True;;¿Qué mide un higrómetro?;es;True;;;;;;;explicativa;8
Author of Beloved?;Tonie Morrison;Toni Morrison;Morrison;"The author of the novel ""Beloved"" is Toni Morrison.";False;False;0.5;unknown;en;True;True;False;True;False;Autor von Menschenkind?;de;True;Auteur de Beloved ?;fr;True;;¿Autor de Beloved?;es;True;;;;;;;corta;5
Settle a bet: Beatles breakup year?;"Une question qui fait revivre les souvenirs de l'époque!

La réponse est : 1970.

Les Beatles ont officiellement annoncé leur séparation le 20 janvier 1970, après une décennie de succès et de créativité ensemble.";1970;;"A classic bet!

According to the Beatles' official breakup, the year is... 1970!

However, the exact date of the breakup is a bit more complicated. The Beatles stopped touring together in August 1966, and the band members began to pursue solo projects.

The final straw came in September 1969, when Paul McCartney filed a lawsuit against the other three Beatles to dissolve their partnership. This lawsuit was eventually settled in December 1970, which is often cited as the official end of the Beatles.

So, while 1970 is the year of the breakup, the actual process of dissolution began in 1969 and was finalized in 1970.

Did I settle the bet?";False;False;0.9998;fr;en;True;True;False;True;True;Wir haben gewettet: In welchem Jahr trennten sich die Beatles?;de;True;Pour trancher un pari : année de la séparation des Beatles ?;fr;True;;Para zanjar una apuesta: ¿año de la separación de los Beatles?;es;True;;;;;;;conversacional;9
What is the powerhouse of the cell?;Le centre énergétique de la cellule est le mélange mitochondrial, plus précisément le mélange mitochondrial cristallin.;mitochondria;mitochondrie|mitocondri|mitochondri;"The powerhouse of the cell is the **Mitochondria**!

Mitochondria are organelles found in the cells of most eukaryotes, including animals, plants, and fungi. They are often referred to as the ""powerhouses"" of the cell because they generate most of the cell's energy in the form of adenosine triphosphate (ATP), which is used to power various cellular activities.

Mitochondria have their own DNA, known as mtDNA, and are capable of producing energy through a process called cellular respiration. They take in nutrients, such as glucose, and convert them into ATP through a series of chemical reactions.

So, without mitochondria, cells wouldn't be able to function properly, and life as we know it wouldn't be possible!

Is there anything else I can help you with?";False;False;0.9998;fr;en;True;True;False;True;True;Was ist das Kraftwerk der Zelle?;de;True;Quel est le centre énergétique de la cellule ?;fr;True;;¿Qué es el poderhous de la célula?;es;True;;;;;;;factual_clasica;
The Alhambra is in which city?;L'Alhambra se trouve à Grenade en Espagne.;Granada;Grenade;The Alhambra is located in Granada, Spain.;False;False;0.9998;fr;en;True;True;False;True;True;Die Alhambra liegt in welcher Stadt?;de;True;L'Alhambra se trouve dans quelle ville ?;fr;True;;¿La Alhambra está en qué ciudad?;es;True;;;;;;;factual_aperturas;10
Choose the tallest building in the world.;Le plus haut bâtiment du monde est le Burj Khalifa, situé à Dubai, aux Émirats arabes unis. Il a une hauteur de 828 mètres.;Burj Khalifa;;The tallest building in the world is the Burj Khalifa, located in Dubai, United Arab Emirates. It stands at a height of 828 meters (2,722 feet) with 163 floors.;False;False;0.9998;fr;en;True;True;False;True;True;Wähle das höchste Gebäude der Welt.;de;True;Choisissez le plus haut bâtiment du monde.;fr;True;;Escoge el edificio más alto del mundo.;es;True;;;;;;;imperativo;8
Decode why the Moon shows one face.;"Une question classique!

La Lune montre toujours la même face parce que elle tourne lentement autour de la Terre. C'est une conséquence de la gravité et de la rotation de notre planète.

Voici les raisons clés :

1. **La Lune est en orbite autour de la Terre** : La Lune est en orbite elliptique autour de notre planète, ce qui signifie qu'elle suit une trajectoire elliptique autour de la Terre. Cela signifie que la Lune est toujours en mouvement, mais son mouvement est synchronisé avec la rotation de la Terre.
2. **La rotation de la Terre** : La Terre tourne sur son axe, ce qui fait que les régions de la planète sont exposées à la lumière du Soleil à des moments différents. C'est pourquoi nous avons des saisons et des jours et des nuits.
3. **La gravité de la Terre** : La Terre exerce une force de gravité sur la Lune, qui est plus forte que la force de gravité de la Lune sur la Terre. Cela signifie que la Lune";synchronous;synchron|sincron|tidal|maree|marea|Gezeiten|27,3|27.3;"The Moon's apparent one-sidedness is a fascinating phenomenon that has puzzled humans for centuries. Here's the explanation:

**The Moon's Rotation and Orbit**

The Moon is tidally locked to the Earth, which means that it takes the Moon the same amount of time to rotate on its axis as it takes to orbit the Earth. This synchronization is due to the gravitational interaction between the two bodies. As the Earth's gravity pulls on the Moon, it causes the Moon's rotation to slow down, resulting in a synchronized rotation.

**Why the Moon Always Shows the Same Face**

The Moon's rotation is synchronized with its orbit around the Earth because of the following reasons:

1. **Gravitational interaction**: The Earth's gravity causes the Moon's rotation to slow down, which in turn causes the Moon to rotate in the same direction as its orbit.
2. **Lunar libration**: The Moon's orbit is not a perfect circle, which means that the Moon's distance from the Earth varies. However, the Moon's rotation is also not perfectly synchronized with its orbit, resulting in a slight lag. This lag causes the Moon to appear to wobble slightly as it orbits the Earth.
3. **Tidal acceleration**: The Earth's gravity causes";False;False;0.9998;fr;en;True;True;False;True;True;Entschlüssle, warum der Mond nur eine Seite zeigt.;de;True;Décodez pourquoi la Lune montre toujours la même face.;fr;True;;Decodifica por qué la Luna muestra una sola cara.;es;True;;;;;;;imperativo_explicativo;8
What was a sextant used for?;"Très utile pour les marins et les navigateurs, un sextant est un instrument de mesure de l'altitude du soleil ou de la lune par rapport à l'horizon. Il permet de déterminer la latitude (la position nord-sud) d'un point sur la Terre.

Voici comment ça marche :

1. Le navigateur pose le sextant sur un support (généralement un mât ou une barre) et ajuste l'angle de réflexion du miroir (ou de la loupe) pour que le soleil (ou la lune) soit à l'horizontale.
2. L'angle de réflexion est ensuite mesuré en fonction de l'altitude du soleil (ou de la lune) par rapport à l'horizon.
3. En utilisant des tables de référence spécifiques à la latitude, le navigateur peut déterminer la latitude correspondante à l'angle de réflexion mesuré.

Le sextant est un outil essentiel pour les navigateurs, car il leur permet de déterminer leur position et de planifier leur route de manière précise.";navigation;navig|naveg;"A sextant is a navigational instrument used to measure the angle between the sun, moon, or stars and the horizon. It was a crucial tool for sailors, navigators, and astronomers in the past, particularly during the Age of Sail (16th to 19th centuries).

Here's how it worked:

1. The sextant had a movable arm with a mirror or a prism that reflected the light from the celestial body (sun, moon, or star) onto a calibrated scale.
2. The user would adjust the arm to align the reflected light with the horizon, creating a right angle (90 degrees).
3. The angle between the celestial body and the horizon was then read from the calibrated scale, which was marked with degrees, minutes, and seconds.

Sextants were used for various purposes, including:

1. **Latitude determination**: By measuring the angle between the sun or stars and the horizon, sailors could determine their latitude (position north or south of the equator).
2. **Navigation**: Sextants helped sailors calculate their longitude (position east or west of a reference meridian) by combining latitude and time.
3. **Astronomical observations**: Sextants were used to measure the positions of celestial bodies, such";False;False;0.9998;fr;en;True;True;False;True;True;Wofür wurde ein Sextant verwendet?;de;True;À quoi servait un sextant ?;fr;True;;¿Para qué se usaba un sextante?;es;True;;;;;;;explicativa;8
Author of The Stranger?;Camus;Camus;;"You're thinking of Albert Camus, the French philosopher and writer. Yes, he is indeed the author of the classic novel ""The Stranger"" (also translated as ""The Outsider""). Published in 1942, the book is considered one of Camus' most famous works and a cornerstone of existentialist literature. Would you like to know more about the book or Camus' life and philosophy?";False;False;0.5;unknown;en;True;True;False;True;False;Autor von Der Fremde?;de;True;Auteur de L'Étranger ?;fr;True;;¿Autor de El extranjero?;es;True;;;;;;;corta;5
Quick question: when did dinosaurs go extinct?;"Une petite question, mais pas si petite!

Les dinosaures ont disparu à la fin du Crétacé, un époque géologique qui s'est terminée il y a environ 65 millions d'années. C'est une période connue sous le nom de ""extinction massive du Crétacé"" (K-Pg, pour les amateurs de codes).

Il y a plusieurs théories sur ce qui a pu causer cette disparition, mais la plus acceptée est que c'est une combinaison de facteurs qui a conduit à leur extinction. Voici quelques-unes des théories les plus populaires :

1. **L'impact d'un astéroïde** : Il y a environ 65 millions d'années, un astéroïde de taille considérable a frappé la Terre, créant un cratère géant en Louisiane (États-Unis). Cette collision a provoqué une énorme poussière et des débris qui ont bloqué la lumière du soleil, plongeant la planète dans une période de ""hiver"" prolongé. Cela a pu rendre les";66 million;66|65;"Dinosaurs went extinct at the end of the Cretaceous period, which is estimated to have occurred around 65 million years ago. This event is known as the K-Pg (Cretaceous-Paleogene) extinction, and it marked the end of the Mesozoic Era and the beginning of the Cenozoic Era.

It's worth noting that the exact timing and cause of the dinosaurs' extinction are still debated among scientists, but the most widely accepted theory is that a massive asteroid impact, combined with intense volcanic activity and climate change, led to the demise of these incredible creatures.

Would you like to know more about the dinosaurs or the K-Pg extinction event?";False;False;0.9998;fr;en;True;True;False;True;True;Kurze Frage: Wann starben die Dinosaurier aus?;de;True;Petite question : quand les dinosaures ont-ils disparu ?;fr;True;;Pregunta rápida: ¿cuándo se extinguieron los dinosaurios?;es;True;;;;;;;conversacional;9
Which galaxy contains our Solar System?;La galaxie qui contient notre système solaire est la Voie lactée.;Milky Way;Voie lactee|Via Lactea|Via Lattea|Milchstrasse|Milchstraße;Our Solar System is located in the Milky Way galaxy.;False;False;0.9998;fr;en;True;True;False;True;True;Welche Galaxie enthält unser Sonnensystem?;de;True;Quelle est la galaxie qui contient notre système solaire?;fr;True;;¿Cuál galaxia contiene nuestro Sistema Solar?;es;True;;;;;;;factual_clasica;
The Hermitage Museum is in which city?;Le musée de l'Ermitage se trouve à Saint-Pétersbourg, en Russie.;Petersburg;Petersbourg|Petersburgo|Pietroburgo;The Hermitage Museum is located in St. Petersburg, Russia.;False;False;0.9998;fr;en;True;True;False;True;True;Die Eremitage liegt in welcher Stadt?;de;True;Le musée de l'Ermitage se trouve dans quelle ville ?;fr;True;;¿El Museo del Hermitage está en qué ciudad?;es;True;;;;;;;factual_aperturas;10
Retrieve the creator of Mickey Mouse.;Le créateur de Mickey Mouse est Walt Disney.;Walt Disney;Disney|Iwerks;The creator of Mickey Mouse is Walt Disney.;False;False;0.9998;fr;en;True;True;False;True;True;Ruf den Schöpfer von Micky Maus ab.;de;True;Retrouvez le créateur de Mickey Mouse.;fr;True;;Recupera al creador de Mickey Mouse.;es;True;;;;;;;imperativo;7
Unravel what makes cakes rise.;"Pour répondre à votre question, il y a plusieurs éléments qui contribuent à faire lever les gâteaux. Voici quelques-uns des principaux facteurs :

1.  **Le levure** : La levure est un micro-organisme qui se nourrit du sucre et produit de la CO2 en tant que déchets. Cette CO2 est responsable de l'élévation du gâteau. Il existe deux types de levure : la levure active (Saccharomyces cerevisiae) et la levure sèche (Saccharomyces pastorianus). La levure active est plus répandue et est utilisée pour les gâteaux, les pains et les boulangeries. La levure sèche est plus stable et est utilisée pour les conserves et les pâtisseries.
2.  **Le sucre** : Le sucre est un aliment riche en énergie qui nourrit la levure et lui permet de produire de la CO2. Le sucre est également responsable de la browning du gâteau en raison de la réaction avec les acides.
3.  **L'air** : L";baking powder;levure|levadura|Backpulver|lievito|fermento|baking soda|bicarbonat|yeast|levain|carbon dioxide|dioxyde de carbone|dioxido de carbono|Kohlendioxid|CO2;"The magic of cakes rising! It's a fascinating process that involves a combination of ingredients, chemistry, and physics. Here's a breakdown of what makes cakes rise:

**The Main Players:**

1. **Leavening Agents:** These are the key ingredients responsible for releasing carbon dioxide gas, which gets trapped in the batter, causing it to rise. Common leavening agents include:
	* Baking powder (a mixture of baking soda and an acid, usually cream of tartar)
	* Baking soda (sodium bicarbonate)
	* Yeast (for yeast-based cakes, like sourdough or bread)
2. **Eggs:** Whipped eggs incorporate air, which gets trapped in the batter, contributing to the cake's rise.
3. **Sugar:** Sugar helps to break down the starches in flour, making it easier for the leavening agents to release gas.
4. **Flour:** The structure of flour, particularly the gluten network, provides a framework for the cake to rise.

**The Process:**

1. **Leavening Agent Activation:** When a leavening agent is added to the batter, it reacts with liquid ingredients (like buttermilk or water) to produce carbon";False;False;0.9998;fr;en;True;True;False;True;True;Entwirre, was Kuchen aufgehen lässt.;de;True;Démêlez ce qui fait lever les gâteaux.;fr;True;;Desentraña qué hace subir los pasteles.;es;True;;;;;;;imperativo_explicativo;7
What does a stethoscope listen to?;"Un stéthoscope est un instrument médical utilisé pour écouter les sons internes du corps humain, tels que les battements cardiaques, les respirations, les bruits des organes internes, etc.

En général, on écoute avec un stéthoscope :

* Les battements cardiaques pour évaluer la fréquence et la force du battement cardiaque
* Les respirations pour évaluer la fréquence et la profondeur des respirations
* Les bruits des organes internes tels que le bruit des poumons, du cœur, des reins, etc.
* Les bruits anormaux tels que les bruits de dégagement, les bruits de reflux, etc.

Il existe différents types de stéthoscopes, tels que :

* Un stéthoscope simple pour les évaluations de base
* Un stéthoscope à oreilles pour les évaluations plus détaillées
* Un stéthoscope à micro pour les évaluations de haute précision

En résumé, un stéthoscope est un outil essentiel pour";heartbeat;coeur|coraz|Herz|cuor|corac|heart|poumon|pulmon|Lunge|polmon|pulmo|lung;"A stethoscope is a medical tool used to listen to the internal sounds of the body. It's typically used by healthcare professionals, such as doctors and nurses, to diagnose and monitor various medical conditions.

A stethoscope listens to the sounds of the heart, lungs, and other organs, including:

1. Heart sounds: The stethoscope helps to detect the normal sounds of the heartbeat, such as the ""lub-dub"" of the heartbeat, and any abnormal sounds that may indicate a heart condition.
2. Lung sounds: The stethoscope is used to listen to the sounds of breathing, such as wheezing, coughing, or crackles, which can indicate respiratory problems.
3. Abdominal sounds: The stethoscope can be used to listen to the sounds of the digestive system, such as bowel sounds, which can indicate digestive problems.
4. Other sounds: The stethoscope can also be used to listen to other internal sounds, such as the sounds of the kidneys, liver, or other organs.

By listening to these internal sounds, healthcare professionals can diagnose and monitor a range of medical conditions, from common colds and flu to more serious conditions like heart disease, respiratory problems, and digestive disorders.";False;False;0.9998;fr;en;True;True;False;True;True;Was hört man mit einem Stethoskop ab?;de;True;Qu'écoute-t-on avec un stéthoscope ?;fr;True;;¿Qué escucha un estetoscopio?;es;True;;;;;;;explicativa;9
Composer of Aida?;"Vous faites référence à l'opéra d'Georges Bizet, ""Carmen""! Mais je pense que vous pourriez être en train de me poser une question sur l'opéra d'Giuseppe Verdi, ""Aida""...

La réponse est : Giuseppe Verdi a composé l'opéra ""Aida"" en 1871. C'est l'un de ses opéras les plus célèbres et les plus populaires, et il est considéré comme l'un des chefs-d'œuvre de l'opéra italien.";Verdi;;"The composer of the famous opera ""Aida"" is Giuseppe Verdi.";False;False;0.9998;fr;en;True;True;False;True;True;Komponist von Aida?;de;True;Compositeur d'Aida ?;fr;True;;¿Compositor de Aida?;es;True;;;;;;;corta;5
Just curious, when was the Mona Lisa painted?;"Une question classique!

La Joconde, également connue sous le nom de Mona Lisa, a été peinte par le célèbre artiste italien Léonard de Vinci vers 1503-1506. Elle est considérée comme l'une des œuvres les plus célèbres et des plus enigmaticues de l'art historique.

La Joconde a été peinte en oil sur panneau de bois et mesure environ 77 x 53 cm. Elle est actuellement exposée au Louvre à Paris, en France, où elle attire des millions de visiteurs chaque année.

Il est intéressant de noter que Léonard de Vinci a travaillé sur la Joconde pendant plusieurs années, et qu'elle a subi plusieurs modifications et restaurations au fil des siècles. Malgré cela, la Joconde reste l'une des œuvres d'art les plus célèbres et les plus emblématiques de l'histoire de l'art.";1503;1504|1505|1506|1507|1517|1519;"The Mona Lisa was painted by the Italian artist Leonardo da Vinci in the early 16th century. Specifically, it is believed to have been painted between 1503 and 1506, during the Italian Renaissance.

However, some art historians and scholars believe that da Vinci may have continued to work on the painting until as late as 1517, which would make it one of the most famous and enduring works of art in history!

Would you like to know more about the Mona Lisa or Leonardo da Vinci?";False;False;0.9998;fr;en;True;True;False;True;True;Nur aus Neugier: Wann wurde die Mona Lisa gemalt?;de;True;Simple curiosité : quand la Joconde a-t-elle été peinte ?;fr;True;;Solo por curiosidad, ¿cuándo se pintó la Mona Lisa?;es;True;;;;;;;conversacional;10
Which ice giant orbits between Saturn and Neptune?;La géante de glace qui orbite entre Saturne et Neptune s'appelle Uranus.;Uranus;Urano;"You're thinking of Uranus! However, I should correct you that Uranus is actually the seventh planet from the Sun, and it's not an ice giant that orbits between Saturn and Neptune.

The correct answer is Neptune! Neptune is the eighth and farthest planet from the Sun, and it orbits between Saturn and Uranus in our solar system.

But, if you're thinking of an ice giant, you might be thinking of Uranus or Neptune themselves, as they are both gas giants with icy compositions.";False;False;0.9998;fr;en;True;True;False;True;True;Welcher Eisriese kreist zwischen Saturn und Neptun?;de;True;Quelle géante de glace orbite entre Saturne et Neptune ?;fr;True;;¿Cuál es el planeta de hielo gigante que orbita entre Saturno y Neptuno?;es;True;;;;;;;factual_clasica;
The Prado Museum is in which city?;Le musée du Prado se trouve à Madrid, en Espagne.;Madrid;;The Prado Museum is located in Madrid, Spain.;False;False;0.9998;fr;en;True;True;False;True;True;Das Prado-Museum liegt in welcher Stadt?;de;True;Le musée du Prado se trouve dans quelle ville ?;fr;True;;¿El Museo del Prado está en qué ciudad?;es;True;;;;;;;factual_aperturas;9
Supply the capital of Paraguay.;Asunción;Asuncion;Assomption|Assuncao;The capital of Paraguay is Asunción.;False;False;0.5;unknown;en;True;True;False;True;False;Liefere die Hauptstadt Paraguays.;de;True;Fournissez la capitale du Paraguay.;fr;True;;Proporciona la capital de Paraguay.;es;True;;;;;;;imperativo;7
Fill me in on why heavy ships float.;"La flottaison des navires lourds est un sujet complexe qui implique plusieurs facteurs, notamment la conception du navire, la densité du matériau, la forme du navire et les conditions environnementales. Voici une vue d'ensemble de la flottaison des navires lourds :

**Principe de flottaison**

Un navire flotte lorsque la force de l'air agissant sur son dessus (force de levée) est supérieure à la force de l'eau agissant sur son dessous (force de poussée). La flottaison est également influencée par la densité du navire et de l'eau.

**Facteurs influençant la flottaison**

1. **Conception du navire** : La forme et la taille du navire affectent sa flottabilité. Les navires plus larges et plus basses ont une flottabilité plus élevée que les navires plus étroits et plus hauts.
2. **Matériau** : La densité du matériau utilisé pour la construction du navire affecte sa flottabilité. Les matériaux plus l";buoyancy;Archim|flotab|flottab|Auftrieb|galleggi|empux|buoyan|flotacion;"It's a fascinating phenomenon that has puzzled people for centuries. So, let's dive into the reasons why heavy ships float.

**The Principle of Buoyancy**

The main reason heavy ships float is due to the principle of buoyancy, which is described by Archimedes' Principle. This principle states that an object will float if it is less dense than the fluid (in this case, water) it is placed in.

**Density and Displacement**

When a ship is placed in the water, it displaces a volume of water equal to its own weight. The weight of the ship is distributed across its entire surface, creating an upward force called buoyancy. This buoyancy force is equal to the weight of the water displaced by the ship.

**Why Ships Float**

Now, here's the key: ships are designed to be less dense than the water they float in. This means that the weight of the ship is less than the weight of the water it displaces. As a result, the buoyancy force (the upward force) is greater than the weight of the ship (the downward force).

**The Role of Displacement**

When a ship displaces water, it pushes the water molecules out of the way, creating a """;False;False;0.9998;fr;en;True;True;False;True;True;Bring mich auf den Stand, warum schwere Schiffe schwimmen.;de;True;Mettez-moi au courant de la flottaison des navires lourds.;fr;True;;Ponme al día sobre por qué flotan los barcos pesados.;es;True;;;;;;;imperativo_explicativo;9
What does insulin regulate?;"L'insuline est une hormone produite par les cellules beta des pancréas qui joue un rôle crucial dans la régulation du glucose dans le sang. Voici les principaux régulateurs de l'insuline :

1. **Le glucose dans le sang** : Lorsque le glucose dans le sang augmente, les cellules beta des pancréas sont stimulées à produire de l'insuline. L'insuline aide à réduire le glucose dans le sang en facilitant son absorption dans les cellules.
2. **Le niveau d'insuline dans le sang** : Lorsque le niveau d'insuline dans le sang augmente, il peut inhiber la production d'insuline par les cellules beta des pancréas. Cela crée un équilibre entre la production et la consommation d'insuline.
3. **Le niveau de glucagon dans le sang** : Le glucagon est une hormone produite par les cellules alpha des pancréas qui augmente le glucose dans le sang. Lorsque le glucagon augmente, il peut réduire la production d";glucose;gluc|Gluk|glic|blood sugar|sucre|azucar|Zucker|zucchero|acucar;"Insulin is a hormone that plays a crucial role in regulating blood sugar levels in the body. It is produced by the pancreas and helps to:

1. **Lower blood sugar levels**: Insulin helps to reduce blood glucose levels by facilitating the uptake of glucose by cells throughout the body, particularly by muscle and liver cells.
2. **Increase glucose uptake**: Insulin stimulates the uptake of glucose by cells, which helps to lower blood sugar levels.
3. **Store glucose**: Insulin also helps to store glucose in the liver and muscles as glycogen, which can be broken down and used as energy when needed.
4. **Prevent glucose release**: Insulin inhibits the release of glucose from stored energy sources, such as glycogen and fat, which helps to maintain stable blood sugar levels.

In addition to regulating blood sugar levels, insulin also plays a role in:

* **Cell growth and division**: Insulin stimulates cell growth and division, particularly in the liver and muscles.
* **Fat metabolism**: Insulin helps to regulate fat metabolism, including the breakdown and storage of fat.
* **Protein synthesis**: Insulin stimulates protein synthesis, which is important for muscle growth and repair.

Overall, insulin is a vital hormone that helps to";False;False;0.9998;fr;en;True;True;False;True;True;Was reguliert Insulin?;de;True;Que régule l'insuline ?;fr;True;;¿Qué regula la insulina?;es;True;;;;;;;explicativa;5
Composer of Tosca?;"Vous faites référence à l'opéra ""Tosca"" de Giacomo Puccini! C'est l'un des opéras les plus célèbres et les plus aimés du répertoire lyrique.

""Tosca"" est une opéra en trois actes, créée en 1900 à la Scala de Milan. L'histoire est basée sur un roman de Victorien Sardou, ""La Tosca"", et met en scène la passion et la tragiédie d'une femme, Tosca, qui est amoureuse d'un officier de police, Cavaradossi, qui est condamné à mort pour avoir caché un tableau sacré.

La musique de Puccini est considérée comme l'une des plus belles et des plus émouvantes de l'opéra. Les airs les plus célèbres de l'opéra sont probablement ""E lucevan le stelle"", ""Vissi d'arte"" et ""Che gelida manina"".

Puccini a été un compositeur italien très influent du XXe siècle, et ""Tosca"" est l'un de ses";Puccini;;"You're thinking of one of the most iconic operas of all time!

The composer of the opera ""Tosca"" is none other than the Italian master Giacomo Puccini (1858-1924).";False;False;0.9998;fr;en;True;True;False;True;True;Komponist von Tosca?;de;True;Compositeur de Tosca ?;fr;True;;¿Compositor de Tosca?;es;True;;;;;;;corta;5
Quick question: when did Shakespeare die?;"Une petite question, mais pas si petite!

Shakespeare est mort en 1616, à l'âge de 52 ans. Il est enterré dans la cathédrale de Sainte-Église (Sainte-Witt) à Stratford-upon-Avon, dans le comté de Warwickshire, en Angleterre.";1616;;"A great question about the Bard!

William Shakespeare is believed to have died on April 23, 1616. This is also the date of his burial at the Holy Trinity Church in Stratford-upon-Avon, where he is still entombed today.";False;False;0.9998;fr;en;True;True;False;True;True;Kurze Frage: Wann starb Shakespeare?;de;True;Petite question : quand Shakespeare est-il mort ?;fr;True;;Pregunta rápida: ¿cuándo murió Shakespeare?;es;True;;;;;;;conversacional;8
In what year was the Eiffel Tower completed?;La tour Eiffel a été achevée en 1889.;1889;;The Eiffel Tower was completed in 1889. It was built for the World's Fair, held in Paris, France, and was officially opened on March 31, 1889.;False;False;0.9998;fr;en;True;True;False;True;True;Was ist das Jahr, in dem die Eiffelturm fertiggestellt wurde?;de;True;En quelle année la tour Eiffel a-t-elle été achevée ?;fr;True;;¿En qué año se completó la Torre Eiffel?;unknown;True;;;;;;;factual_clasica;
Petra is located in which country?;Petra se trouve dans le pays de Jordanie.;Jordan;Jordanie|Jordania|Giordania|Jordanien;Petra is located in Jordan.;False;False;0.9998;fr;en;True;True;False;True;True;Petra liegt in welchem Land?;de;True;Petra se trouve dans quel pays ?;fr;True;;¿Petra se encuentra en qué país?;es;True;;;;;;;factual_aperturas;8
State the capital of Estonia.;La capitale de l'Estonie est Tallinn.;Tallinn;Tallin;The capital of Estonia is Tallinn.;False;False;0.9998;fr;en;True;True;False;True;True;Nenne die Hauptstadt Estlands.;de;True;Indiquez la capitale de l'Estonie.;fr;True;;Indica la capital de Estonia.;es;True;;;;;;;imperativo;6
Interpret why seawater is salty.;"L'eau de mer est salée en raison de la présence de grandes quantités de sel (sodium chloride, NaCl) et d'autres minéraux dissous dans l'eau. Voici les principaux facteurs qui contribuent à la salinité de l'eau de mer :

1.  **Évaporation** : Lorsque l'eau de mer est évaporée, les molécules d'eau se déposent sur la surface de la mer, laissant derrière elle des minéraux et des sels dissous. Ces minéraux et sels sont ensuite déposés sur le fond de la mer ou sur les côtes.
2.  **Déposition de sédiments** : Les sédiments, tels que les sables, les galets et les roches, peuvent contenir des minéraux et des sels qui sont déposés dans l'eau de mer. Ces sédiments peuvent être érodés et transportés par les courants marins, ce qui les dépose à nouveau dans l'eau.
3.  **Activité volcanique** : Les volcans peuvent libérer des minéraux et des sels dans l'";minerals;mineraux|minerais|mineral;"Seawater is salty due to the presence of dissolved salts, primarily sodium chloride (NaCl), also known as table salt. Here's a brief explanation:

**The Origin of Seawater's Salinity**

Seawater is formed from the evaporation of seawater, which occurs when the ocean's surface water is heated by the sun. As the water evaporates, the salt and other minerals are left behind, concentrating the salt content.

**The Main Sources of Seawater's Salinity**

There are two main sources of seawater's salinity:

1. **Weathering of Rocks**: When rocks on land are exposed to wind, rain, and temperature fluctuations, they break down into smaller particles called sediments. These sediments can contain minerals like sodium, chloride, and other salts, which are then carried into the ocean by rivers and streams.
2. **Volcanic Activity**: Volcanic eruptions can release large amounts of minerals, including salts, into the ocean. These minerals can come from the Earth's crust, magma, or hydrothermal vents.

**The Process of Salinity Accumulation**

As seawater evaporates, the salt concentration increases. This process is accelerated by the following factors:

* **Ev";False;False;0.9998;fr;en;True;True;False;True;True;Deute, warum Meerwasser salzig ist.;de;True;Interprétez pourquoi l'eau de mer est salée.;fr;True;;Interpreta por qué el agua de mar es salada.;es;True;;;;;;;imperativo_explicativo;8
How do penguins stay warm?;"Les manchots, également appelés poules de mer ou poules de sel, sont des oiseaux marins qui ont développé des adaptations pour rester au chaud dans les eaux froides. Voici quelques-unes des méthodes qui leur permettent de maintenir leur température corporelle :

1. **Couche de graisse** : Les manchots ont une couche de graisse épaisse sous leur plumage, qui les protège de la perte de chaleur et les aide à rester au chaud.
2. **Plumage dense** : Leur plumage est dense et épais, ce qui les empêche de perdre de la chaleur par convection. Leur plumage est également recouvert de poils fins qui aident à réduire la perte de chaleur.
3. **Moufle** : Les manchots ont une moufle très épaisse qui les protège des vents froids et des eaux glaciales. Cette moufle est également très efficace pour réchauffer les pieds du manchot.
4. **Comportement de baignage**";feathers;plum|Feder|piume|penas|graisse|grasa|Fett|grasso|gordura|blubber;"Penguins are incredibly adapted to their cold environments, and they have several strategies to stay warm. Here are some of the ways penguins keep themselves cozy:

1. **Thick Feathers**: Penguins have a thick layer of feathers that trap warm air next to their skin, keeping them insulated. Their feathers are specially adapted to prevent cold air from penetrating to the skin.
2. **Fat Reserves**: Penguins have a thick layer of fat (up to 40% of their body weight) that helps to keep them warm. This fat layer is particularly important in the winter months when food is scarce.
3. **Countercurrent Heat Exchange**: Penguins have a unique circulatory system that helps to conserve heat. In their legs, they have a countercurrent heat exchange system, where the arteries and veins are very close together. This allows the warm blood from the arteries to warm the cold blood returning from the veins, reducing heat loss.
4. **Huddling**: Penguins often huddle together in large groups, sharing body heat to stay warm. This behavior is especially common in cold weather.
5. **Feather Preening**: Penguins spend a lot of time preening their feathers, which helps to keep them clean and water-repell";False;False;0.9998;fr;en;True;True;False;True;True;Wie halten sich Pinguine warm?;de;True;Comment les manchots restent-ils au chaud ?;fr;True;;¿Cómo se mantienen calientes los pingüinos?;es;True;;;;;;;explicativa;7
Composer of Messiah?;"Vous faites référence au célèbre ""Messie"" de George Frideric Handel!

Le compositeur allemand George Frideric Handel (1685-1759) a créé l'opéra ""Messiah"" en 1741, sur des textes de l'Écriture sainte, notamment les cantates 35, 48, 53, 96, 98, 99, 104, 105, 106, 107, 108 et 135 du livre de psaumes. Ce travail est considéré comme l'un des plus grands chefs-d'œuvre de la musique classique et est encore très populaire aujourd'hui.

Le ""Messie"" est une œuvre vocale et instrumentale qui met en scène la vie, la mort et la résurrection de Jésus-Christ, avec des chœurs et des solistes. L'œuvre est divisée en quatre parties :

1. ""L'Adoration du Christ"" (partie 1)
2. ""Le Jugement dernier"" (partie 2)
3. ""Le Rédempteur"" (partie 3)
4. ""La Jo";Handel;Haendel;"The composer of the iconic oratorio ""Messiah"" is George Frideric Handel (1685-1759). Handel was a German-born British composer who is widely regarded as one of the most influential and celebrated composers of the Baroque period.

""Messiah"" is considered one of Handel's greatest works, and it is a staple of classical music repertoire. The oratorio was first performed in Dublin, Ireland in 1742, and it has since become a beloved classic around the world, with its iconic music and powerful lyrics.

Would you like to know more about Handel or ""Messiah""?";False;False;0.9998;fr;en;True;True;False;True;True;Komponist des Messias?;de;True;Compositeur du Messie ?;fr;True;;¿Compositor de El Mesías?;es;True;;;;;;;corta;4
Just curious, when did Rome invade Britain?;"Une question amusante!

Rome n'a jamais envahi la Grande-Bretagne. En fait, la Grande-Bretagne n'a jamais été envahie par les Romains.

L'Empire romain a dominé une grande partie de l'Europe de l'Est et de l'Est, mais la Grande-Bretagne faisait partie de la province romaine de Britannia, qui a été conquise par les Romains en 43 après Jésus-Christ. Cependant, les Romains n'ont jamais réussi à conquérir toute l'île et ont finalement abandonné la Grande-Bretagne en 410 après Jésus-Christ, après une longue période de guerres et de résistances.

La Grande-Bretagne a ensuite été envahie et conquise par les Anglo-Saxons, des peuples germaniques qui ont établi leur propre royaume en Angleterre, et plus tard par les Normands, qui ont conquisé l'Angleterre en 1066 après Jésus-Christ.

J'espère que cela répond à votre curiosité!";43;;"The Romans invaded Britain in 43 AD, during the reign of Emperor Claudius. The invasion was led by Aulus Plautius, a Roman governor, and was a significant event in British history.

The Romans had been interested in invading Britain for some time, and had been sending expeditions to the island to gather intelligence and establish trade relationships. However, it wasn't until Claudius decided to launch a full-scale invasion that the Romans finally set foot on British soil.

The invasion was successful, and the Romans were able to establish a province in Britain, which they called Britannia. They built roads, forts, and cities, and established a system of governance that lasted for centuries.

Would you like to know more about the Roman occupation of Britain?";False;False;0.9998;fr;en;True;True;False;True;True;Nur aus Neugier: Wann fiel Rom in Britannien ein?;de;True;Simple curiosité : quand Rome a-t-elle envahi la Grande-Bretagne ?;fr;True;;Solo por curiosidad, ¿cuándo invadió Roma Britania?;es;True;;;;;;;conversacional;9
What is the capital of the Philippines?;Manille est la capitale et la plus grande ville des Philippines.;Manila;Manille|Manilha;The capital of the Philippines is Manila.;False;False;0.9998;fr;en;True;True;False;True;True;Was ist die Hauptstadt der Philippinen?;de;True;Quelle est la capitale des Philippines?;fr;True;;¿Cuál es la capital de Filipinas?;es;True;;;;;;;factual_clasica;
Stonehenge is in which country?;Stonehenge se trouve au Royaume-Uni.;England;Angleterre|Inglaterra|Inghilterra|United Kingdom|Royaume-Uni|Reino Unido|Vereinigtes|Regno Unito|UK;Stonehenge is located in England, United Kingdom.;False;False;0.9997;fr;en;True;True;False;True;True;Stonehenge liegt in welchem Land?;de;True;Stonehenge se trouve dans quel pays ?;fr;True;;¿Stonehenge está en qué país?;es;True;;;;;;;factual_aperturas;8
Specify the chemical symbol for titanium.;Le symbole chimique du titane est Ti.;Ti;;The chemical symbol for titanium is Ti.;False;False;0.9998;fr;en;True;True;False;True;True;Gib das chemische Symbol für Titan an.;de;True;Précisez le symbole chimique du titane.;fr;True;;Especifica el símbolo químico del titanio.;es;True;;;;;;;imperativo;7
Expand on how batteries store energy.;Les batteries stockent l'énergie sous forme de chaleur, de lumière, de mouvement ou de charge électrique.;electrolyte;lectrolyt|lectrolit|lettrolit|letrolit|anode|anodo|cathode|catodo|Kathode|lektrolyt|Elektrode;"Batteries are an essential component of modern technology, and understanding how they store energy can be fascinating. Here's a detailed explanation:

**The Basics**

A battery is a device that stores chemical energy, which is converted into electrical energy when needed. The process involves a series of chemical reactions that occur within the battery, allowing it to store and release energy.

**The Components**

A typical battery consists of three main components:

1. **Anode** (Negative Terminal): This is the negative electrode where chemical reactions occur. The anode is typically made of a material that can easily release electrons, such as zinc or lithium.
2. **Cathode** (Positive Terminal): This is the positive electrode where chemical reactions occur. The cathode is typically made of a material that can easily accept electrons, such as copper or nickel.
3. **Electrolyte**: This is the substance that facilitates the chemical reactions between the anode and cathode. The electrolyte can be a liquid, gel, or solid, and its properties determine the battery's performance.

**The Process**

Here's what happens when a battery is connected to a device, such as a flashlight:

1. **Chemical Reaction**: When the battery is connected,";False;False;0.9998;fr;en;True;False;False;True;True;Vertiefe, wie Batterien Energie speichern.;de;True;Développez la façon dont les batteries stockent l'énergie.;fr;True;;Profundiza en cómo las baterías almacenan energía.;es;True;;;;;;;imperativo_explicativo;7
How do owls hunt at night?;"Les chouettes sont des oiseaux nocturnes qui utilisent diverses stratégies pour chasser la nuit. Voici quelques-unes des méthodes les plus courantes :

1. **La vision nocturne** : Les chouettes ont une vision nocturne exceptionnelle, qui leur permet de voir dans l'obscurité. Leur vision est plus sensible à la lumière faible que celle des humains, ce qui leur permet de détecter les proies même dans les conditions de faible luminosité.
2. **L'écoute** : Les chouettes utilisent leur oreille pour détecter les sons qui indiquent la présence d'une proie. Elles peuvent entendre les sons faibles émis par les animaux qui se déplacent, tels que les souris ou les lapins.
3. **Le toucher** : Les chouettes utilisent leur bec et leurs pattes pour sentir leur environnement et détecter les proies. Elles peuvent sentir les mouvements des proies et les localiser.
4. **La vision binoculaire** : Les chouettes ont une vision binoculaire";hearing;ouie|oido|Gehor|udito|audic|audit|oreille|ecoute|Ohren;"Owls are nocturnal birds of prey, which means they are active at night and rest during the day. Their unique adaptations enable them to hunt effectively in the dark. Here are some of the ways owls hunt at night:

1. **Exceptional Night Vision**: Owls have large, round eyes that are specially designed to gather as much light as possible. Their eyes contain a reflective layer called the tapetum lucidum, which helps to reflect any available light back onto the retina, increasing the owl's sensitivity to low light levels.
2. **Acute Hearing**: Owls have extremely sensitive hearing, which allows them to detect the faint sounds made by their prey, such as mice scurrying through the underbrush. They can even hear sounds that are too faint for humans to detect.
3. **Silent Flight**: Owls are expert flyers, and their wings are specially designed to produce a soft, silent rustling sound. This allows them to sneak up on their prey undetected.
4. **Specialized Feathers**: Owls have feathers on their wings and tail that help to reduce noise and turbulence, making it easier for them to fly quietly and accurately.
5. **Keen Sense of Smell";False;False;0.9998;fr;en;True;True;False;True;True;Wie jagen Eulen nachts?;de;True;Comment les chouettes chassent-elles la nuit ?;fr;True;;¿Cómo cazan de noche los búhos?;es;True;;;;;;;explicativa;8
Composer of La Mer?;"Vous faites référence à Claude Debussy! Il est effectivement l'auteur de la célèbre composition ""La Mer"" (French pour ""Le Marin"" ou ""La Mer"" en anglais), une symphonie qui met en musique les sons de la mer et qui est considérée comme l'une des plus grandes œuvres de la musique impressionniste.

""La Mer"" est composée de trois mouvements :

1. ""De l'aube à midi sur la mer"" (À l'aube à midi sur la mer en anglais) : un mouvement qui décrit les sons de la mer à l'aube et à midi.
2. ""Jeux de vagues"" (Jeux de vagues en anglais) : un mouvement qui met en musique les jeux des vagues sur la mer.
3. ""Dialogue du vent et de la mer"" (Dialogue du vent et de la mer en anglais) : un mouvement qui décrit le dialogue entre le vent et la mer.

""La Mer"" est une œuvre complexe et riche en sons, qui utilise des techniques de composition innovantes pour capturer l'essence de la mer et de ses émotions. Elle";Debussy;;Claude Debussy;False;False;0.9998;fr;unknown;True;True;False;True;True;Komponist von La Mer?;de;True;Compositeur de La Mer ?;fr;True;;¿Compositor de La Mer?;es;True;;;;;;;corta;5
Random thought: when was the first email sent?;"Une question sur l'histoire de l'informatique!

Le premier e-mail a été envoyé en 1971 par Ray Tomlinson, un programmeur américain. Il a envoyé un e-mail à lui-même à partir de son propre système, en utilisant le protocole de transmission de texte (SMTP) et le système de gestion de messages (Mail) développé par la société Bolt Beranek and Newman (BBN).

L'adresse e-mail ""ray@bbn.com"" a été utilisée pour la première fois, ce qui a également été le premier cas où une adresse e-mail a été utilisée pour envoyer et recevoir un message électronique.

Il est intéressant de noter que Tomlinson a également inventé le signe ""@"" pour séparer le nom de l'utilisateur du nom du serveur, ce qui est devenu un standard dans l'utilisation des adresses e-mail.

Depuis cette date, les e-mails ont évolué considérablement, mais l'idée de Tomlinson a marqué le début d'une nouvelle ère de communication numérique.";1971;;"A random thought indeed!

The first email was sent in 1971 by Ray Tomlinson, a computer programmer and engineer. He sent an email to himself as a test message, and it read ""QWERTYUIOP"" (the first line of letters on a standard QWERTY keyboard layout). This was a test to see if the email system worked, and it marked the beginning of email as we know it today.

Tomlinson also invented the ""@"" symbol as a way to address messages, which is still used in email addresses today.

Would you like to know more about the history of email?";False;False;0.9998;fr;en;True;True;False;True;True;Spontane Frage: Wann wurde die erste E-Mail verschickt?;de;True;Une idée comme ça : quand le premier e-mail a-t-il été envoyé ?;fr;True;;Pensando al azar: ¿cuándo se envió el primer correo electrónico?;es;True;;;;;;;conversacional;10
How many planets are in the Solar System?;"Il y a 8 planètes dans notre système solaire :

1.  Mercure
2.  Vénus
3.  Terre
4.  Mars
5.  Jupiter
6.  Saturne
7.  Uranus
8.  Neptune";8;huit;"There are 8 planets in our Solar System:

1. Mercury
2. Venus
3. Earth
4. Mars
5. Jupiter
6. Saturn
7. Uranus
8. Neptune

Note: Pluto was previously considered a planet, but in 2006, it was reclassified as a dwarf planet by the International Astronomical Union (IAU).

Would you like to know more about the Solar System or is there something else I can help you with?";False;False;0.9931;fr;en;True;True;False;True;True;Wie viele Planeten sind im Sonnensystem?;de;True;Combien de planètes y a-t-il dans le système solaire ?;fr;True;;¿Cuántos planetas hay en el Sistema Solar?;es;True;;;;;;;factual_clasica;
Chichen Itza is in which country?;Chichén Itzá se trouve au Mexique.;Mexico;Mexique|Mexiko|Messico;Chichen Itza is located in Mexico.;False;False;0.9998;fr;en;True;True;False;True;True;Chichén Itzá liegt in welchem Land?;de;True;Chichén Itzá se trouve dans quel pays ?;fr;True;;¿Chichén Itzá está en qué país?;es;True;;;;;;;factual_aperturas;9
Mention the painter of Las Meninas.;"Le peintre des Ménines est un peintre anonyme qui a réalisé une série de portraits de rois et de princesses de la dynastie des Ménines au Yémen ancien, au 15e siècle. Ces portraits sont connus pour leur beauté et leur précision, et sont considérés comme l'un des plus beaux exemples d'art islamique de la période.

Les portraits sont représentés sur des tapisseries et des tapis, et sont souvent accompagnés de textes qui décrivent les personnages et leurs attributs. Les Ménines étaient une dynastie de rois qui a régné au Yémen de 1397 à 1635, et les portraits de ces rois et de ces princesses sont considérés comme un témoignage de leur richesse et de leur puissance.

Le peintre des Ménines est resté anonyme, mais son travail a été influencé par les styles artistiques de l'Égypte et de la Perse, et est caractérisé par une grande précision et une beauté éthiopienne. Les";Velazquez;;"The painter of ""Las Meninas"" is the renowned Spanish artist Diego Velázquez (1599-1660).";False;False;0.9998;fr;en;True;False;False;True;False;Erwähne den Maler von Las Meninas.;de;True;Mentionnez le peintre des Ménines.;fr;True;;Menciona al pintor de Las meninas.;es;True;;;;;;;imperativo;9
Examine why plants bend toward light.;"Une excellente question!

Les plantes se penchent vers la lumière en raison d'un mécanisme complexe qui implique plusieurs facteurs physiologiques et environnementaux. Voici les principaux raisons :

1. **Phototropisme** : Le phototropisme est le mouvement des plantes vers la lumière. C'est un phénomène naturel qui permet aux plantes de maximiser leur croissance et leur photosynthèse. Les plantes ont des récepteurs photorécepteurs qui détectent la lumière et envoient des signaux au système nerveux pour déclencher des réponses.
2. **Lumière et croissance** : La lumière est essentielle pour la croissance des plantes. Les cellules photosynthétiques contenant le chlorophyll absorbent la lumière et la convertissent en énergie chimique, qui est utilisée pour produire de l'oxygène et du glucose. Les plantes qui reçoivent plus de lumière ont une croissance plus rapide et plus forte.
3. **Équilibre des forces** : Lorsqu'une plante est";auxin;phototrop|fototrop;"A fascinating phenomenon! Plants bending toward light is known as phototropism. This process is essential for the survival and growth of plants, and it's a remarkable example of how plants adapt to their environment. Here's a detailed explanation of why plants bend toward light:

**The Science Behind Phototropism**

Phototropism is a response to light, which is detected by specialized cells in the plant's stem or root. These cells contain photoreceptors, such as cryptochromes, phytochromes, and phototropins, which are sensitive to different wavelengths of light. When light hits these photoreceptors, it triggers a signaling cascade that ultimately leads to the bending of the plant stem or root.

**The Role of Auxins**

Auxins are a type of plant hormone that plays a crucial role in phototropism. Auxins are produced in the stem and root, and they diffuse downward through the plant tissue. When light is detected, the production of auxins increases in the shaded area of the stem or root, causing the cells to elongate and grow. This creates a gradient of auxin concentration, with higher concentrations in the shaded area and lower concentrations in the illuminated area.

**The Mechanism";False;False;0.9998;fr;en;True;True;False;True;True;Untersuche, warum sich Pflanzen zum Licht neigen.;de;True;Examinez pourquoi les plantes se penchent vers la lumière.;fr;True;;Examina por qué las plantas se inclinan hacia la luz.;es;True;;;;;;;imperativo_explicativo;8
How do snakes sense warm prey?;"Les serpents détectent leurs proies chaudes grâce à plusieurs mécanismes :

1. **Thermoreception** : Les serpents ont des papilles thermoresistantes situées sur leur langue, qui sont très sensibles à la chaleur. Lorsqu'ils bougent leur langue, ils détectent la température de l'air et de la surface sur laquelle ils se trouvent. Les proies chaudes émettent plus de chaleur que les objets froids, ce qui permet aux serpents de les détecter.
2. **Sensibilité à la chaleur** : Les serpents ont également des cellules spécialisées appelées ""cellules de Pitorgan"" ou ""cellules de thermoreception"" situées dans leur cou, qui sont sensibles à la chaleur. Ces cellules envient des signaux électriques à la cerveau lorsque la température est élevée, ce qui aide les serpents à détecter les proies chaudes.
3. **Olfaction** : Les serpents ont également un sens de l'odorat qui leur permet de détect";infrared;infra|thermor|termor|fossette|Grubenorgan|pit organ;"Snakes have a unique way of sensing warm prey, which is essential for their survival. Here's how they do it:

**Heat-sensing organs:** Snakes have specialized organs called pit organs or heat-sensing organs, which are located on either side of their head, just behind the nostrils. These organs are made up of tiny, hair-like structures called lamellae that are rich in blood vessels. When a snake's head is near a warm object, such as a mouse, the lamellae detect the heat and send a signal to the snake's brain.

**Pit organ function:** The pit organs work by detecting the difference in temperature between the snake's head and the surrounding environment. When a warm object is nearby, the pit organ detects the heat and sends a signal to the brain, which interprets this information as a potential food source.

**Thermoreception:** Snakes also use thermoreception, a process that involves detecting the temperature of their surroundings. This helps them to detect the warmth of their prey, even if it's not directly in front of them.

**Other senses:** In addition to heat-sensing organs and thermoreception, snakes also use other senses to locate prey, such as:

*";False;False;0.9998;fr;en;True;True;False;True;True;Wie spüren Schlangen warme Beute auf?;de;True;Comment les serpents détectent-ils leurs proies chaudes ?;fr;True;;¿Cómo detectan las serpientes a sus presas calientes?;es;True;;;;;;;explicativa;7
Composer of The Moldau?;"Un classique!

Le compositeur de la célèbre symphonie ""La Moldau"" (en tchèque : ""Svítě ze Svaté Hory"") est Bedřich Smetana (1824-1884), un compositeur tchèque. Cette symphonie est considérée comme l'une des plus belles et des plus emblématiques de la musique classique tchèque.

""La Moldau"" est une symphonie en cinq mouvements, qui décrit les différentes étapes de la vie humaine, de la naissance à la mort, en évoquant les paysages et les traditions de la Tchéquie. Le titre ""La Moldau"" fait référence à la rivière de même nom qui traverse la Tchéquie et qui est décrite dans le quatrième mouvement de la symphonie.

Smetana a écrit ""La Moldau"" en 1874, et il est considéré comme l'un des chefs-d'œuvre de la musique tchèque. La symphonie a été largement acclamée par la critique et le public dès sa création, et elle";Smetana;;"You're thinking of one of the most iconic pieces of classical music!

The composer of ""The Moldau"" (also known as ""Vltava"") is Bedřich Smetana, a Czech composer. He wrote the symphonic poem ""The Moldau"" in 1874, and it's considered one of his most famous works. The piece is inspired by the Vltava River in Prague, Czech Republic, and it's known for its beautiful and evocative depiction of the river's journey from its source in the mountains to its confluence with the Elbe River.

Would you like to know more about Smetana or ""The Moldau""?";False;False;0.9998;fr;en;True;True;False;True;True;Komponist der Moldau?;de;True;Compositeur de La Moldau ?;fr;True;;¿Compositor de El Moldava?;es;True;;;;;;;corta;6
Random thought: when was Bitcoin created?;"Une excellente question!

Le bitcoin a été créé en 2009 par un individu ou une organisation anonyme sous le nom de Satoshi Nakamoto. Il a publié le code source du projet le 31 janvier 2009, et a lancé la première block de la blockchain, appelé le ""block 0"", le 3 janvier 2009.

Cependant, il est important de noter que la création du bitcoin est un processus qui a commencé bien avant 2009. Selon certaines sources, Satoshi Nakamoto a commencé à travailler sur le projet en 2007, et a publié le premier article sur le sujet en octobre 2008.

Mais 2009 est généralement considéré comme l'année de la création du bitcoin, car c'est l'année où le projet a été officiellement lancé et où le premier block de la blockchain a été créé.

Voici quelques dates clés liées à la création du bitcoin :

* 2007 : Satoshi Nakamoto commence à travailler sur le projet.
* Octobre 2008 : Satoshi Nakamoto publie le premier article sur le sujet.
* 3 janvier 2009";2009;2008;"A popular question!

Bitcoin was created in 2008 by an individual or group of individuals using the pseudonym Satoshi Nakamoto. The true identity of Nakamoto remains unknown to this day.

The Bitcoin whitepaper, which outlined the concept and design of the cryptocurrency, was published on October 31, 2008. The first block in the Bitcoin blockchain, known as the Genesis Block, was mined on January 3, 2009.

Satoshi Nakamoto continued to contribute to the development of Bitcoin until December 2010, when they stopped contributing to the project and disappeared from the public eye. The identity of Nakamoto has been the subject of much speculation and debate over the years, but their true identity remains a mystery.

Would you like to know more about Bitcoin or its history?";False;False;0.9998;fr;en;True;True;False;True;True;Spontane Frage: Wann wurde Bitcoin erschaffen?;de;True;Une idée comme ça : quand le bitcoin a-t-il été créé ?;fr;True;;Pensando al azar: ¿cuándo se creó Bitcoin?;es;True;;;;;;;conversacional;8
In what year did Nelson Mandela become president of South Africa?;Nelson Mandela est devenu président de l'Afrique du Sud en 1994.;1994;;Nelson Mandela became the President of South Africa in 1994. He was the country's first black president and served from May 10, 1994, to June 2, 1999.;False;False;0.9998;fr;en;True;True;False;True;True;In welchem Jahr wurde Nelson Mandela Präsident Südafrikas?;de;True;En quelle année Nelson Mandela est-il devenu président de l'Afrique du Sud ?;fr;True;;¿En qué año se convirtió Nelson Mandela en presidente de Sudáfrica?;unknown;True;;;;;;;factual_clasica;
Which river runs through Baghdad?;Le fleuve qui traverse Bagdad est le fleuve Dijla (ou Tigris en français).;Tigris;Tigre|Tigri|Dijla;The Tigris River runs through Baghdad, Iraq.;False;False;0.9998;fr;en;True;True;False;True;True;Welcher Fluss fließt durch Bagdad?;de;True;Quel fleuve traverse Bagdad ?;fr;True;;¿Qué río atraviesa Bagdad?;es;True;;;;;;;factual_aperturas;6
Indicate the founder of Apple.;Steve Jobs;Steve Jobs;Jobs|Wozniak;The founder of Apple is Steve Jobs.;False;False;0.5;unknown;en;True;True;False;True;False;Gib den Gründer von Apple an.;de;True;Indiquez le fondateur d'Apple.;fr;True;;Señala al fundador de Apple.;es;True;;;;;;;imperativo;7
Analyze what causes sunburn.;"Les coups de soleil, également appelés maladies du soleil, sont des problèmes de santé causés par l'exposition excessive au soleil. Voici les principaux facteurs qui provoquent les coups de soleil :

1. **Exposition au soleil sans protection** : L'exposition prolongée au soleil sans protection (solaire, visière, etc.) peut entraîner une surexposition aux rayons UV, ce qui peut causer des dommages aux cellules de la peau.
2. **Rayons UV** : Les rayons UV sont les principaux responsables des coups de soleil. Il existe trois types de rayons UV : UVA, UVB et UVC. Les UVA et UVB sont les plus responsables des dommages à la peau.
3. **Perte de mémoire et de concentration** : Les coups de soleil peuvent provoquer une perte de mémoire et de concentration, ainsi qu'une fatigue mentale.
4. **Problèmes oculaires** : Les coups de soleil peuvent provoquer des problèmes oculaires tels que la photophob";ultraviolet;ultravi|UV;"Sunburn! A painful and uncomfortable experience that can be caused by excessive exposure to the sun's ultraviolet (UV) radiation. Here's a detailed analysis of what causes sunburn:

**What is UV radiation?**

UV radiation is a type of electromagnetic radiation emitted by the sun. It's made up of two main types: UVA (ultraviolet A) and UVB (ultraviolet B). UVA radiation penetrates deeper into the skin, causing damage to the dermal layer, while UVB radiation is primarily responsible for causing sunburn.

**How does UV radiation cause sunburn?**

When UV radiation hits the skin, it damages the skin cells' DNA, leading to a chain reaction of events that ultimately result in sunburn. Here's a step-by-step explanation:

1. **UV radiation absorption**: When UV radiation hits the skin, it's absorbed by the skin cells' DNA, causing damage to the genetic material.
2. **DNA damage**: The damaged DNA triggers an inflammatory response, which leads to the production of reactive oxygen species (ROS).
3. **Inflammation**: The ROS cause inflammation in the skin, leading to the activation of immune cells, such as neutrophils and macrophages.";False;False;0.9998;fr;en;True;True;False;True;True;Analysiere, was Sonnenbrand verursacht.;de;True;Analysez ce qui provoque les coups de soleil.;fr;True;;Analiza qué causa las quemaduras solares.;es;True;;;;;;;imperativo_explicativo;7
How do kangaroos carry their young?;"Les kangourous sont connus pour leur capacité unique de porter leurs petits dans une poche abdominale, appelée ""marsupium"". Voici comment cela fonctionne :

1. **La gestation** : Les kangourous sont des mammifères, ce qui signifie qu'ils ont une gestation placentaire. La mère kangourou porte son fœtus pendant environ 26 jours, mais la grossesse est beaucoup plus longue que chez les humains, avec une période de développement embryonnaire de plusieurs mois.
2. **Le marsupium** : Le marsupium est une poche abdominale qui se développe au cours de la grossesse. Il est situé sous la peau et les muscles abdominaux de la mère kangourou.
3. **Le dépôt du fœtus** : Lorsque la mère kangourou est en train de donner naissance, elle sort son fœtus du ventre, mais il n'est pas encore prêt à être né. Le fœtus est alors placé dans le marsupium, où il continue à se développer.
4. **La";pouch;poche|bolsa|Beutel|marsup;"Kangaroos are unique in the way they carry their young, and it's one of the most fascinating features of their biology. Here's how they do it:

Kangaroos have a special pouch on their belly, called a marsupium, where they carry their babies. The pouch is a fold of skin that is attached to the mother's body, and it provides a safe and nourishing environment for the young.

When a kangaroo gives birth, the joey (baby kangaroo) is tiny and hairless, and it crawls up to the mother's pouch, where it attaches itself to a nipple. The pouch is warm and cozy, and it provides the joey with milk, oxygen, and protection from predators.

The joey then grows and develops inside the pouch, where it continues to nurse and grow. The pouch is a very safe place for the joey, and it's protected from predators and harsh weather conditions.

As the joey grows, it will start to venture out of the pouch and explore its surroundings. Eventually, the joey will leave the pouch for good and become independent, but it will always return to its mother for milk and protection.

Kangaroos are able to carry their young";False;False;0.9998;fr;en;True;True;False;True;True;Wie tragen Kängurus ihre Jungen?;de;True;Comment les kangourous portent-ils leurs petits ?;fr;True;;¿Cómo cargan los canguros a sus crías?;es;True;;;;;;;explicativa;9
Composer of Peer Gynt?;"Vous faites référence à l'opéra ""Peer Gynt"" de Edvard Grieg! C'est un chef-d'œuvre de la musique norvégienne, basé sur les pièces de Henrik Ibsen.

Edvard Grieg a composé la musique pour l'opéra en 1890, en collaboration avec Henrik Ibsen, qui a écrit le livret. L'opéra est basée sur les pièces de théâtre de Ibsen, qui racontent l'histoire d'un jeune homme nommé Peer Gynt, qui voyage à travers la Norvège et rencontre divers personnages.

La musique de Grieg est célèbre pour ses mélodies poétiques et ses harmonies riche et colorées, qui évoquent la nature norvégienne et la culture folklorique du pays. L'opéra est considérée comme l'une des plus grandes œuvres de Grieg, et est souvent jouée dans les salles de concert et les opéras du monde entier.

Qu'est-ce que vous aimez particulièrement dans la musique de Grieg ou dans l'opéra ""Peer Gynt""?";Grieg;;"You're thinking of Edvard Grieg!

Yes, Edvard Grieg (1843-1907) was a Norwegian composer, and his most famous work is indeed the opera ""Peer Gynt"", based on the play by Henrik Ibsen. The opera is a musical drama that tells the story of the Norwegian folk hero Peer Gynt, who is on a quest to find his way home.

Grieg's music for ""Peer Gynt"" is known for its lush, evocative, and often eerie soundscapes, which evoke the Norwegian landscape and the mythical world of the opera. The work is considered one of Grieg's masterpieces, and it's still widely performed and admired today.

Would you like to know more about Grieg or ""Peer Gynt""?";False;False;0.9998;fr;en;True;True;False;True;True;Komponist von Peer Gynt?;de;True;Compositeur de Peer Gynt ?;fr;True;;¿Compositor de Peer Gynt?;es;True;;;;;;;corta;6
Trivia time: when did the Ottoman Empire end?;"Une excellente question!

L'Empire ottoman, également connu sous le nom d'Empire ottoman turc, a une longue histoire qui s'étend sur plus de 600 ans. Il a été fondé en 1299 par Osman Ier, un chef turc, et a connu son apogée au cours de la période ottomane classique (14e-16e siècles).

L'Empire ottoman a commencé à se décomposer au 19e siècle, face à une série de défis internes et externes. Voici quelques événements clés qui ont contribué à la fin de l'Empire ottoman :

1. **La réforme ottomane** (1839-1876) : Le sultan Abdülhamid Ier a lancé une série de réformes visant à moderniser l'Empire, mais ces efforts ont été limités et ont conduit à une augmentation du pouvoir des élites ottomanes et des nationalistes turcs.
2. **La Première Guerre mondiale** (1914-1918) : L'Empire ottoman a entré dans la";1922;1923|1924;"The Ottoman Empire ended in 1922, when it was officially dissolved and replaced by modern-day Turkey. However, the empire's decline began earlier, with the Balkan Wars (1912-1913) and World War I (1914-1918) weakening its power.

The final blow came in 1922, when the Turkish War of Independence led by Mustafa Kemal Atatürk led to the establishment of the modern Republic of Turkey.

Would you like to know more about the Ottoman Empire or its successor, the Republic of Turkey?";False;False;0.9998;fr;en;True;False;False;True;False;Quizzeit: Wann endete das Osmanische Reich?;de;True;Question culture : quand l'Empire ottoman a-t-il pris fin ?;fr;True;;Hora de trivia: ¿cuándo terminó el Imperio otomano?;es;True;;;;;;;conversacional;10
Which planet is the largest in the Solar System?;La plus grande planète du système solaire est Jupiter.;Jupiter;Giove;The largest planet in our Solar System is Jupiter. It is a gas giant, meaning it is primarily composed of hydrogen and helium gases. Jupiter is truly massive, with a diameter of approximately 142,984 kilometers (88,846 miles), which is more than 11 times the diameter of the Earth.;False;False;0.9998;fr;en;True;True;False;True;True;Welcher Planet ist der größte im Sonnensystem?;de;True;Quelle est la plus grande planète du système solaire ?;fr;True;;¿Cuál es el planeta más grande del Sistema Solar?;es;True;;;;;;;factual_clasica;
Vienna sits on which river?;Vienne est située sur le Rhône.;Danube;Danubio|Donau;Vienna, the capital city of Austria, sits on the Danube River.;False;False;0.9998;fr;en;True;False;False;True;False;Wien liegt an welchem Fluss?;de;True;Vienne est située sur quel fleuve ?;fr;True;;¿Viena está a orillas de qué río?;es;True;;;;;;;factual_aperturas;7
Recall the first woman in space.;"La première femme dans l'espace était Valentina Tereshkova, une cosmonaute soviétique. Elle a volé dans l'espace le 16 juin 1963, pendant 70 heures et 50 minutes, sur la mission Vostok 6.

Valentina Tereshkova, née le 6 mars 1937 à Yaroslavl, en Russie, a été sélectionnée pour la mission Vostok 6 en 1962. Elle a passé 48 heures en orbite autour de la Terre, atteignant une vitesse de 27 400 kilomètres par heure et une altitude de 327 kilomètres.

Tereshkova a été initialement rejetée pour la mission Vostok 6 en raison de son manque de taille et de poids, mais les ingénieurs ont finalement trouvé un équipement adapté pour la faire voler. Elle a été entraînée avec une spécialiste de la navigation et a appris à utiliser les instruments de navigation et les communications.

Tereshkova a été lancée dans l'espace le 16 juin 1963, à 10h00 heures locale, à bord du vaisseau";Tereshkova;Terechkova|Tereschkowa|Tereskova;"The first woman in space was Valentina Tereshkova, a Soviet cosmonaut who flew aboard the Vostok 6 spacecraft on June 16, 1963. She spent almost three days in space, completing 48 orbits of the Earth and logging a total of 71 hours and 50 minutes in space.

Tereshkova, a textile factory worker and amateur parachutist, was selected to join the Soviet space program in 1962. She underwent rigorous training and was launched into space on June 16, 1963, aboard the Vostok 6 spacecraft. During her mission, she performed a series of experiments, including observations of the Earth's atmosphere and the effects of space travel on the human body.

Tereshkova's historic flight made her an international hero and a symbol of Soviet achievement. She was awarded the title of Hero of the Soviet Union and became a celebrated figure in the Soviet Union and around the world.

It's worth noting that while Tereshkova was the first woman in space, she was not the first woman to fly in space. That distinction belongs to Sally Ride, an American astronaut who flew aboard the Space Shuttle Challenger in 1983.";False;False;0.9998;fr;en;True;True;False;True;True;Erinnere dich an die erste Frau im All.;de;True;Rappelez la première femme dans l'espace.;fr;True;;Recuerda a la primera mujer en el espacio.;es;True;;;;;;;imperativo;8
Review why knuckles crack.;"Les articulations des doigts craquent souvent en raison d'une déshydratation des articulations, c'est-à-dire d'une perte d'humidité. Voici quelques raisons possibles pour lesquelles les articulations des doigts craquent :

1.  **Manque d'humidité** : Les articulations des doigts sont composées de cartilage et de ligaments qui nécessitent une certaine quantité d'humidité pour fonctionner correctement. Lorsqu'elles sont trop séches, elles peuvent craquer ou grincer.
2.  **Activité physique intense** : Les activités physiques intenses, telles que le tennis, le golf ou les sports de combat, peuvent entraîner une déshydratation des articulations des doigts.
3.  **Âge** : Les articulations des doigts peuvent devenir plus séches avec l'âge, ce qui peut entraîner des craquements.
4.  **Problèmes de santé** : Certaines conditions médicales, telles que la sclérose en plaques, la malad";bubbles;bulle|burbuj|Blase|bolle|bolha|cavitat|cavitac|cavitaz|liberation de gaz|liberacion de gas|Gasblase;"The infamous knuckle crack! Many people have wondered why it sounds like a small explosion when they crack their knuckles. Here's the lowdown:

**What's happening when you crack your knuckles?**

When you crack your knuckles, you're creating a sudden release of pressure in the joint. This pressure release is caused by the sudden movement of the bones and the surrounding ligaments and tendons.

**The anatomy of a knuckle**

To understand why knuckles crack, let's take a look at the anatomy of the joint. A knuckle is a hinge joint, which means it's a joint that allows for movement in only one plane (up and down, side to side, or in a circular motion). The joint is made up of three bones: the proximal phalanx (the bone closest to the body), the intermediate phalanx (the middle bone), and the distal phalanx (the bone farthest from the body).

**The process of knuckle cracking**

When you crack your knuckles, you're creating a sudden release of pressure in the joint. Here's what happens:

1. **Joint cavitation**: The joint is filled with fluid, which is made up of synovial fluid";False;False;0.9997;fr;en;True;False;False;True;True;Überprüfe, warum Fingerknöchel knacken.;de;True;Revoyez pourquoi les articulations des doigts craquent.;fr;True;;Revisa por qué crujen los nudillos.;es;True;;;;;;;imperativo_explicativo;6
Why are flamingos pink?;"Les flamants sont des oiseaux marins qui appartiennent à la famille des phaléropodes. Les espèces les plus connues sont les flamants rose, le flamant à bec long et le flamant à bec court.

Les flamants roses sont les plus célèbres pour leur plumage rose vif, qui est dû à la présence de pigments spécifiques dans leurs plumes. Ces pigments, appelés caroténoïdes, sont responsables de la couleur rose et sont également présents dans les fruits et les légumes rouges.

Mais pourquoi les flamants roses ont-ils cette couleur rose? Il y a plusieurs théories :

1. **La protection contre les prédateurs** : La couleur rose peut servir de déguisement pour les flamants, les rendant moins visibles pour les prédateurs tels que les dauphins, les baleines et les autres oiseaux de mer.
2. **La communication sociale** : Les flamants roses utilisent leur plumage pour communiquer avec les autres membres de leur espèce. La couleur rose peut servir de signal pour attirer un part";shrimp;crevette|camaron|Garnele|gamberett|camarao|caroten|algue|alga|Alge|alghe;"Flamingos are indeed known for their vibrant pink feathers, and it's not just because they're fashionable. The pink coloration of flamingos comes from their diet, specifically the food they eat.

Flamingos are filter feeders, which means they use their uniquely shaped beaks to strain small plants and animals from the water. They feed on tiny crustaceans, algae, and small invertebrates, which contain a pigment called carotenoid. Carotenoids are responsible for the pink, orange, and yellow colors of many aquatic animals.

The carotenoids in the flamingos' diet are absorbed into their liver and fatty tissues, and then deposited into their feathers, giving them their characteristic pink color. The intensity of the pink coloration depends on the availability of carotenoids in the flamingos' diet. For example, flamingos that live in areas with abundant carotenoid-rich food sources will have more intense pink feathers, while those that live in areas with limited food sources may have less intense or even white feathers.

It's worth noting that flamingos are not born with their pink feathers. They are actually born with a grayish-white plumage, and they only begin to develop their pink coloration after they start eating";False;False;0.9998;fr;en;True;True;False;True;True;Warum sind Flamingos rosa?;de;True;Pourquoi les flamants sont-ils roses ?;fr;True;;¿Por qué los flamencos son rosados?;es;True;;;;;;;explicativa;6
Composer of Parsifal?;"Vous faites référence à l'opéra ""Parsifal"" de Richard Wagner!

Richard Wagner (1813-1883) est un compositeur allemand considéré comme l'un des plus grands compositeurs de l'histoire de la musique classique. Il est notamment célèbre pour ses opéras, dont ""Parsifal"", qui est considéré comme l'un de ses chefs-d'œuvre.

""Parsifal"" est une opéra en cinq actes, basée sur le roman ""Parzival"" de Chrétien de Troyes. L'histoire est centrée sur le chevalier Parsifal, qui doit accomplir un défi pour devenir le nouveau roi du Saint-Graal.

L'opéra ""Parsifal"" est connu pour son orchestration complexe, ses mélodies émouvantes et son atmosphère mystique. Il est considéré comme l'un des plus grands opéras de l'histoire de la musique, et est souvent comparé à d'autres chefs-d'œuvre de Wagner, tels que ""Lohengrin"" et ""Tristan et Isolde"".

Wagner a";Wagner;;"The composer of the famous opera ""Parsifal"" is Richard Wagner.";False;False;0.9998;fr;en;True;True;False;True;True;Komponist von Parsifal?;de;True;Compositeur de Parsifal ?;fr;True;;¿Compositor de Parsifal?;es;True;;;;;;;corta;6
Trivia time: when was the Great Pyramid built?;La Grande Pyramide d'Égypte a été construite au cours de la IVe dynastie, plus précisément sous la règne du pharaon Khufu (ou Cheops), qui a régné de 2589 à 2566 avant Jésus-Christ.;2560 BC;2560|2580|2600|2500|2570;"A classic trivia question!

The Great Pyramid of Giza, one of the Seven Wonders of the Ancient World, is believed to have been built during the Old Kingdom period of Ancient Egypt, specifically during the reign of Pharaoh Khufu (also known as Cheops).

The construction of the pyramid is estimated to have taken around 20 to 30 years, and it is thought to have been built between 2580 and 2565 BC.

Would you like to know more about the Great Pyramid or is there another question you'd like to ask?";False;False;0.9998;fr;en;True;False;False;True;False;Quizzeit: Wann wurde die Große Pyramide gebaut?;de;True;Question culture : quand la Grande Pyramide a-t-elle été construite ?;fr;True;;Hora de trivia: ¿cuándo se construyó la Gran Pirámide?;es;True;;;;;;;conversacional;10
Who developed the polio vaccine in 1955?;Le vaccin contre la polio a été développé par Jonas Salk en 1955.;Salk;;The polio vaccine was developed by Dr. Jonas Salk in 1955.;False;False;0.9998;fr;en;True;True;False;True;True;Wer hat 1955 das Polio-Vakzin entwickelt?;de;True;Qui a développé le vaccin contre la polio en 1955?;fr;True;;¿Quién desarrolló la vacuna contra la polio en 1955?;unknown;True;;;;;;;factual_clasica;
When did Queen Victoria die?;La reine Victoria est morte le 22 janvier 1901.;1901;;Queen Victoria died on January 22, 1901, at the age of 81, at her home, Osborne House, on the Isle of Wight, England.;False;False;0.9998;fr;en;True;True;False;True;True;Wann starb Königin Victoria?;de;True;Quand la reine Victoria est-elle morte ?;fr;True;;¿Cuándo murió la reina Victoria?;es;True;;;;;;;factual_aperturas;6
Reveal who mapped Australia's east coast.;La côte est de l'Australie a été cartographiée par James Cook.;James Cook;Cook;"The mapping of Australia's east coast is attributed to Matthew Flinders, a British explorer and navigator. He is often referred to as the ""Father of Australian Cartography"".

In 1801-1803, Flinders led an expedition to chart the coast of Australia, which was then a British colony. During this expedition, he sailed around the continent, mapping the coastline, and making detailed observations of the geography, geology, and natural features of the region.

Flinders' maps of the east coast of Australia are considered some of the most accurate and detailed of their time, and they played a significant role in the development of Australian geography and cartography.";False;False;0.9998;fr;en;True;True;False;False;True;Verrate, wer die Ostküste Australiens kartierte.;de;True;Révélez qui a cartographié la côte est de l'Australie.;fr;True;;Revela quién cartografió la costa este de Australia.;es;True;;;;;;;imperativo;9
Clear up what causes tsunamis.;"Les tsunamis sont des vagues de grande hauteur et de grande puissance qui se propagent dans les océans après un événement sous-marain qui perturbe la surface de l'eau. Voici les principaux facteurs qui provoquent les tsunamis :

1.  **Séismes sous-marins** : Les séismes sous-marins sont les causes les plus courantes des tsunamis. Lorsqu'un séisme se produit sous l'eau, il peut déplacer des masses d'eau massives, créant une onde de choc qui se propage à travers l'océan.
2.  **Glissements de terrain sous-marins** : Les glissements de terrain sous-marins peuvent également provoquer des tsunamis. Lorsqu'une masse de terre se déplace sous l'eau, elle peut déplacer des quantités importantes d'eau, créant une onde de choc.
3.  **Explosions nucléaires sous-marines** : Les explosions nucléaires sous-marines peuvent également provoquer des tsunamis. Lorsqu'une explosion nucléaire se";earthquake;seisme|terremoto|Erdbeben|sismo|terremoti|tecton|tekton|plaque tectonique|placa tectonica;"Tsunamis are massive ocean waves caused by the displacement of a large volume of water, usually as a result of an earthquake, landslide, or volcanic eruption. Here's a detailed explanation of what causes tsunamis:

**Main Causes:**

1. **Earthquakes:** The most common cause of tsunamis is a sudden displacement of the seafloor, usually as a result of a massive earthquake. When an earthquake occurs beneath the ocean, it can displace the water above it, creating a tsunami wave. The displacement can be caused by the earthquake's epicenter being located near the coast, or by the earthquake's depth, which can affect the amount of displacement.
2. **Landslides:** A landslide, either above or below the water, can also displace the water and generate a tsunami. This can occur when a cliff or a slope collapses into the ocean, or when a submarine landslide occurs.
3. **Volcanic Eruptions:** Volcanic eruptions can also displace the water, creating a tsunami. This can happen when a volcano erupts underwater, or when a volcanic island collapses into the ocean.

**How Tsunamis Form:**

When a massive earthquake, landslide";False;False;0.9998;fr;en;True;True;False;True;True;Kläre, was Tsunamis verursacht.;de;True;Clarifiez ce qui provoque les tsunamis.;fr;True;;Aclara qué causa los tsunamis.;es;True;;;;;;;imperativo_explicativo;9
How do beavers build dams?;"Les castors sont des animaux très intelligents et créatifs, connus pour leur capacité à construire des barrages et d'autres structures en bois pour créer des réservoirs d'eau et des habitats stables. Voici une vue d'ensemble de leur processus de construction :

1. **Recherche et sélection du site** : Les castors identifient un endroit approprié pour construire leur barrage, en fonction de facteurs tels que l'abondance en eau, la disponibilité de matériaux et la protection contre les prédateurs. Ils choisissent souvent des sites où l'eau est calme et où les courants sont faibles.

2. **Gathering de matériaux** : Les castors collectent des branches et des troncs d'arbres, souvent des espèces telles que le pin, le bouleau ou le chêne. Ils utilisent leurs dents et leurs griffes pour couper et débiter les branches en morceaux plus petits.

3. **Conception et planification** : Les castors créent un plan pour leur barrage, en tenant compte de facteurs tels que";wood;bois|madera|Holz|legno|madeira|branches|branchages|ramas|rami|galhos|troncs|troncos|Baumstamm;"Beavers are incredibly skilled engineers, and their dam-building abilities are truly remarkable. Here's a step-by-step guide on how they build their dams:

**Materials:**

* Sticks and branches (usually from willow, alder, or aspen trees)
* Mud and clay
* Rocks and stones
* Aquatic plants (like cattails and water lilies)

**The Building Process:**

1. **Site selection:** Beavers choose a location with a good current, as this will help them build a strong foundation for their dam. They often select a spot with a natural bend in the river or a shallow area.
2. **Gathering materials:** Beavers collect sticks and branches from the surrounding area, often using their powerful teeth to gnaw them from the trees. They also gather mud, clay, and rocks from the riverbed.
3. **Creating a foundation:** Beavers start by building a foundation for their dam using large rocks and stones. They arrange these rocks in a circular pattern to create a stable base.
4. **Adding sticks and branches:** Beavers then add sticks and branches to the foundation, weaving them together to create a sturdy framework. They use their teeth to gnaw the sticks into place";False;False;0.9998;fr;en;True;True;False;True;True;Wie bauen Biber Dämme?;de;True;Comment les castors construisent-ils des barrages ?;fr;True;;¿Cómo construyen presas los castores?;es;True;;;;;;;explicativa;7
Painter of American Gothic?;"Un artiste célèbre!

Le peintre d'American Gothic est Grant Wood, un artiste américain de la période moderne. Il est né le 13 février 1891 à Anamosa, en Iowa, et est mort le 12 février 1942 à Cedar Rapids, en Iowa.

Wood est connu pour son tableau American Gothic, peint en 1930, qui représente un couple de paysans américains debout devant leur maison. Le tableau est devenu un symbole de l'identité américaine et est considéré comme l'un des tableaux les plus emblématiques de l'art américain du XXe siècle.

Le couple représenté dans le tableau est celui de Wood lui-même et de sa sœur, Nan. Le père de Nan, T.J. Wood, est représenté debout à gauche, avec son chapeau et son manteau, tandis que la mère de Nan, Anna, est représentée debout à droite, avec son chapeau et son manteau. Le tableau est peint à l'huile sur toile et mesure 81,3 cm";Grant Wood;;"You're thinking of Grant Wood, the American artist who painted the iconic ""American Gothic"" in 1930. The painting depicts a farmer and his daughter standing in front of their Gothic-style farmhouse, with the daughter holding a pitchfork and the farmer holding a pitchfork and looking stern.

The painting is widely considered an American cultural icon and is often interpreted as a representation of the values and traditions of rural America. The farmer and his daughter were modeled after Wood's sister, Nan, and his family's dentist, Dr. Byron McKeeby.

Interestingly, the painting was not intended to be a realistic representation of the people or the scene, but rather a stylized and symbolic depiction of American values and culture. Wood's use of bold colors and geometric shapes added to the painting's sense of drama and tension, making it a lasting and enduring image in American art.

Would you like to know more about Grant Wood or ""American Gothic""?";False;False;0.9998;fr;en;True;True;False;True;True;Maler von American Gothic?;de;True;Peintre d'American Gothic ?;fr;True;;¿Pintor de American Gothic?;es;True;;;;;;;corta;5
I forgot, when was YouTube founded?;YouTube a été fondé en 2005 par Chad Hurley, Steve Chen et Jawed Karim.;2005;;YouTube was founded on February 14, 2005, by three former PayPal employees: Chad Hurley, Steve Chen, and Jawed Karim.;False;False;0.9976;fr;en;True;True;False;True;True;Ich hab's vergessen: Wann wurde YouTube gegründet?;de;True;J'ai oublié, quand YouTube a-t-il été fondé ?;fr;True;;Se me olvidó, ¿cuándo se fundó YouTube?;es;True;;;;;;;conversacional;8
What is the chemical formula for methane?;La formule chimique du méthane est CH4.;CH4;;The chemical formula for methane is CH4.;False;False;0.9998;fr;en;True;True;False;True;True;Was ist die chemische Formel von Methan?;de;True;Quelle est la formule chimique du méthane?;fr;True;;¿Cuál es la fórmula química de metano?;es;True;;;;;;;factual_clasica;
When did the Black Death reach Europe?;La peste noire, également connue sous le nom de pandémie de la peste bubonique, a atteint l'Europe en 1347. Elle a été introduite par des navires genois qui ont transporté des rats infectés de la Méditerranée à l'Europe occidentale. La maladie a rapidement propagé à travers le continent, causant des pertes massives en vies humaines et en économie.;1347;1348|1346;"The Black Death, also known as the Plague, is believed to have reached Europe in 1347. It is thought to have arrived via trade routes, specifically the Silk Road and the Mediterranean Sea, from Central Asia.

The plague was brought to Europe by ships from Genoa, Italy, which had arrived in the port city of Messina, Sicily, in September 1347. From there, it spread rapidly throughout the Mediterranean region, including the Italian peninsula, France, and other parts of Europe.

The plague arrived in Europe in three main waves:

1. The first wave, which occurred in 1347-1351, was the most devastating, killing an estimated 75 to 200 million people, which was approximately 30-60% of Europe's population.
2. The second wave, which occurred in 1351-1353, was less severe, but still caused significant loss of life.
3. The third wave, which occurred in 1361-1363, was the least severe of the three.

The Black Death had a profound impact on European society, leading to significant social, economic, and cultural changes, including increased social mobility, changes in the feudal system, and the rise of cities.";False;False;0.9998;fr;en;True;True;False;True;True;Wann erreichte der Schwarze Tod Europa?;de;True;Quand la peste noire a-t-elle atteint l'Europe ?;fr;True;;¿Cuándo llegó la peste negra a Europa?;es;True;;;;;;;factual_aperturas;8
Disclose the highest mountain in South America.;La plus haute montagne d'Amérique du Sud est le Aconcagua, qui se trouve au Chili.;Aconcagua;;The highest mountain in South America is Aconcagua, located in the Andes mountain range in Argentina. It stands at an impressive 6,962 meters (22,841 feet) above sea level.;False;False;0.9998;fr;en;True;True;False;True;True;Gib den höchsten Berg Südamerikas preis.;de;True;Dévoilez la plus haute montagne d'Amérique du Sud.;fr;True;;Desvela la montaña más alta de Sudamérica.;es;True;;;;;;;imperativo;9
Go over how rockets move in space.;"Un sujet fascinant!

Les fusées sont des véhicules spatiaux conçus pour atteindre l'espace et effectuer des missions spécifiques. Voici une vue d'ensemble du déplacement des fusées dans l'espace :

**Types de fusées**

Il existe plusieurs types de fusées, classés en fonction de leur utilisation et de leur taille :

1. **Fusées-lanceur** : conçues pour lancer des satellites, des sondes spatiales et des véhicules spatiaux.
2. **Fusées spatiales** : utilisées pour atteindre l'espace et effectuer des missions spécifiques, telles que la construction de stations spatiales ou la recherche scientifique.
3. **Fusées de test** : utilisées pour tester les systèmes et les technologies spatiales avant de les lancer sur une mission opérationnelle.

**Déplacements dans l'espace**

Les fusées peuvent se déplacer dans l'espace de différentes manières :

1. **Orbite** : les fusées peuvent atteindre une orbite autour de la Terre, où ils peuvent effectuer des missions telles que la surveillance de la Terre ou";thrust;pouss|empuj|Schub|spinta|empux|reacti|reacci|Reaktion|reazion|reacao|propuls|Antrieb|Ruckstoss;"Rockets are incredible machines that have revolutionized space exploration. Here's a detailed explanation of how they move in space:

**Basic Principles**

Rockets work on the principle of conservation of momentum, which states that the total momentum of a closed system remains constant over time. To move in space, a rocket must expel mass (such as hot gases) in one direction, which creates an equal and opposite reaction force in the opposite direction. This reaction force propels the rocket forward.

**Rocket Stages**

A typical rocket consists of multiple stages, each with its own fuel and oxidizer. The stages are designed to be jettisoned one by one as the rocket gains speed and altitude. This process is called staging.

1. **First Stage**: The first stage is the most powerful and is responsible for lifting the rocket off the launchpad and into space. It is typically fueled by a high-energy propellant, such as liquid hydrogen and liquid oxygen.
2. **Second Stage**: The second stage is smaller and lighter than the first stage. It is designed to continue the rocket's ascent into space and is often fueled by a less powerful propellant, such as liquid fuel and liquid oxygen.
3. **Third Stage**: The third stage";False;False;0.9998;fr;en;True;False;False;True;True;Geh durch, wie sich Raketen im All bewegen.;de;True;Passez en revue le déplacement des fusées dans l'espace.;fr;True;;Repasa cómo se mueven los cohetes en el espacio.;es;True;;;;;;;imperativo_explicativo;8
How do trees record their age?;"Les arbres enregistrent leur âge de manière naturelle, sans besoin d'instruments ou de techniques spécifiques. Voici comment ils le font :

1. **Croissance annuelle** : Les arbres grandissent en moyenne de 1 à 3 pieds (30 à 90 cm) par an, selon leur espèce et les conditions environnementales. Chaque année, ils ajoutent une nouvelle couche de croissance à leur tronc, qui est composée de cellules qui se divisent et se multiplient.
2. **Annulation de la croissance** : Les arbres ont une période de croissance active, généralement pendant la saison des pluies, et une période de croissance lente ou de repos pendant la saison sèche. Cette annulation de la croissance permet aux arbres de stocker l'énergie et les nutriments nécessaires pour la croissance future.
3. **Formation de résine** : Les arbres produisent de la résine, un liquide visqueux qui les protège contre les infections et les dommages environnementaux. La résine contient des composés chim";growth rings;cernes|anillos|Jahresringe|anelli|aneis|tree rings|annual rings|anneaux|Ringe|Dendrochrono|anillos de crecimiento;"Trees record their age through a process called dendrochronology, which is the study of the growth rings of trees. Here's how it works:

**Growth Rings:** Trees grow in layers, with each layer representing one year of growth. The growth rings are formed by the tree's cambium layer, a thin layer of cells that produces new wood cells. During the growing season, the cambium layer produces new cells, which are compacted and form a light-colored ring. In the winter, the tree's growth slows down, and the cambium layer produces fewer cells, resulting in a darker, denser ring.

**Ring Patterns:** The growth rings are arranged in a specific pattern, with the light-colored rings (spring and summer) alternating with the darker rings (fall and winter). This pattern is unique to each tree and can be used to identify the tree and its age.

**Dendrochronology:** By counting the number of growth rings, researchers can determine the age of the tree. The pattern of growth rings is also used to date the tree, as it can be compared to a master chronology of growth rings from a known tree. This master chronology is created by dating the growth rings of a tree that has";False;False;0.9998;fr;en;True;False;False;True;True;Wie zeichnen Bäume ihr Alter auf?;de;True;Comment les arbres enregistrent-ils leur âge ?;fr;True;;¿Cómo registran los árboles su edad?;es;True;;;;;;;explicativa;7
Painter of The Angelus?;"Un artiste célèbre!

Le Peintre de L'Angélus est un peintre anonyme qui a créé une série de dessins et de peintures représentant des scènes de la vie quotidienne des pauvres et des sans-abri dans les rues de Paris, notamment à l'angle de la rue de la Harpe et de l'avenue de l'Opéra, près de l'Opéra Garnier.

Le Peintre de L'Angélus est connu pour ses dessins et peintures détaillées et réalistes, qui dépeignent les personnages avec une grande sensibilité et empathie. Ses œuvres sont caractérisées par leur atmosphère sombre et mélancolique, qui reflète la réalité des conditions de vie difficiles des personnes qu'il représente.

Le Peintre de L'Angélus a été active au XIXe siècle, mais son identité reste inconnue. Il est possible que son nom soit perdu dans l'histoire, ou qu'il ait préféré rester anonyme pour éviter les critiques ou les ré";Millet;;"You're thinking of the famous painting ""The Angelus""!

The ""Angelus"" is a painting by the French artist Jean-François Millet, created in 1857-1859. It's one of his most famous works and is widely considered a masterpiece of French Realism.

The painting depicts a peasant couple, Marie and Louis, praying the Angelus, a traditional Catholic prayer, in their rural home. The scene is set in a quiet, peaceful atmosphere, with the couple kneeling in prayer, surrounded by the simple, rustic details of their home.

Millet's ""The Angelus"" is notable for its use of light and shadow, as well as its focus on the everyday lives of ordinary people. The painting is also famous for its sense of calm and serenity, which has made it a beloved and iconic work of art.

Is there anything else you'd like to know about ""The Angelus"" or Jean-François Millet?";False;False;0.9998;fr;en;True;False;False;True;False;Maler des Angelusgebets?;de;True;Peintre de L'Angélus ?;fr;True;;¿Pintor de El Ángelus?;es;True;;;;;;;corta;6
Out of curiosity, when was Google founded?;"Une question sur l'histoire de Google!

Google a été fondé le 4 septembre 1998 par Larry Page et Sergey Brin, deux étudiants en informatique à l'Université Stanford en Californie, aux États-Unis.

À l'époque, Page et Brin développaient un projet appelé ""Backrub"", qui visait à créer un moteur de recherche qui analysait la structure des liens entre les pages web pour déterminer leur importance.

Le nom ""Google"" a été choisi en référence au mot ""googol"", qui est un terme mathématique qui désigne un nombre très grand (10^100). Les fondateurs ont choisi ce nom pour refléter l'ambition de leur projet : de rendre les informations accessibles à tout le monde.

Et voilà! Le reste, comme on dit, est histoire...";1998;;"Google was founded on September 4, 1998, by Larry Page and Sergey Brin while they were Ph.D. students at Stanford University in California, USA. Initially, it was called ""Backrub,"" but later changed to Google, which is a playful name inspired by the mathematical term ""googol.""";False;False;0.9998;fr;en;True;True;False;True;True;Aus Neugier: Wann wurde Google gegründet?;de;True;Par curiosité, quand Google a-t-il été fondé ?;fr;True;;Por curiosidad, ¿cuándo se fundó Google?;es;True;;;;;;;conversacional;9
What is the capital of Kenya?;Nairobi est la capitale du Kenya.;Nairobi;;The capital of Kenya is Nairobi.;False;False;0.9997;fr;en;True;True;False;True;True;Was ist die Hauptstadt von Kenia?;de;True;Quelle est la capitale du Kenya?;fr;True;;¿Cuál es la capital de Kenia?;es;True;;;;;;;factual_clasica;
When was the Berlin Wall built?;Le mur de Berlin a été construit en 1961.;1961;;The Berlin Wall was built on August 13, 1961. It was constructed by the government of the German Democratic Republic (East Germany) to separate East and West Berlin during the Cold War. The wall effectively cut off West Berlin from the rest of East Germany and the Soviet sector of occupied Berlin, and it became a powerful symbol of the division of Europe during the Cold War era.;False;False;0.9998;fr;en;True;True;False;True;True;Wann wurde die Berliner Mauer gebaut?;de;True;Quand le mur de Berlin a-t-il été construit ?;fr;True;;¿Cuándo se construyó el Muro de Berlín?;es;True;;;;;;;factual_aperturas;7
Pin down the longest river in North America.;Le plus long fleuve d'Amérique du Nord est le Missouri.;Missouri;Mississippi;The longest river in North America is the Missouri River, which stretches approximately 2,341 miles (3,767 kilometers) from its source in the Rocky Mountains of Montana to its confluence with the Mississippi River in St. Louis, Missouri.;False;False;0.9998;fr;en;True;True;False;True;True;Bestimme den längsten Fluss Nordamerikas.;de;True;Déterminez le plus long fleuve d'Amérique du Nord.;fr;True;;Precisa el río más largo de Norteamérica.;es;True;;;;;;;imperativo;9
Detail how coal formed.;"Le charbon est un combustible fossile formé à partir de la décomposition de plantes et d'algues qui ont vécu il y a des millions d'années. Voici les étapes clés de sa formation :

**Étapes 1-3 : Décomposition et accumulation**

1. **Décomposition des plantes et des algues** : Les plantes et les algues mortes sont décomposées par des micro-organismes tels que les bactéries, les champignons et les insectes. Cette décomposition libère des nutriments tels que le carbone, l'azote, le phosphore et le potassium.
2. **Accumulation des déchets** : Les déchets de décomposition s'accumulent dans des zones humides, telles que les marais, les deltas et les forêts subtropicales.
3. **Formation de la matière organique** : Les déchets de décomposition sont mélangés avec d'autres matériaux tels que les sédiments et les roches, formant une matière organique riche en carbone.

**É";plants;plant|vegeta|Pflanz|piant;"Coal formation is a complex and fascinating process that involves the transformation of plant material over millions of years. Here's a step-by-step explanation of how coal formed:

**Stage 1: Plant Growth and Accumulation (Millions of years ago)**

During the Carboniferous period, around 300-360 million years ago, the supercontinent of Pangaea began to break apart, and the climate was generally warm and humid. This led to the rapid growth of vast forests, dominated by ferns, horsetails, and other plant species. These plants accumulated in swampy areas, where the waterlogged conditions allowed them to thrive.

**Stage 2: Peat Formation (Tens of thousands to millions of years)**

As the plants continued to grow and die, they accumulated in layers, forming a thick layer of peat. Peat is a type of soil made up of partially decayed plant material, which is rich in carbon and oxygen. Over time, the peat accumulated in a swampy environment, where it was protected from oxygen and other oxygen-consuming organisms.

**Stage 3: Burial and Compaction (Tens of thousands to millions of years)**

As the peat accumulated, it was gradually buried by";False;False;0.9998;fr;en;True;True;False;True;True;Erläutere genau, wie Kohle entstand.;de;True;Détaillez la formation du charbon.;fr;True;;Detalla cómo se formó el carbón.;es;True;;;;;;;imperativo_explicativo;5
How do mushrooms reproduce?;"Les champignons se reproduisent de plusieurs manières, selon leur espèce et leur mode de vie. Voici quelques-unes des méthodes les plus courantes :

1. **Spores** : Les champignons produisent des spores, qui sont des graines asexuées. Les spores sont dispersées par le vent, l'eau ou les animaux. Chaque spore peut se développer en un nouveau champignon.
2. **Conidiospores** : Les champignons de la famille des Ascomycètes (comme les champignons de fromage) produisent des conidiospores, qui sont des spores asexuées qui se développent en un nouveau champignon.
3. **Bactéries** : Certaines espèces de champignons, comme les champignons de la famille des Agaricaceae, produisent des bactéries qui peuvent se développer en un nouveau champignon.
4. **Hyphes** : Les champignons peuvent se reproduire par hyphes, qui sont des filaments qui se divisent et se développent en un nouveau champignon";spores;spor;"Mushrooms are fascinating organisms, and their reproductive methods are quite unique. Here's a brief overview:

**Mushroom Reproduction Methods:**

1. **Spore Production:** Mushrooms produce spores, which are similar to the seeds of plants. Spores are tiny, single-celled structures that can grow into new mushrooms under the right conditions. Spores are produced on specialized structures called sporocarps, which are usually found on the underside of the mushroom cap.
2. **Spore Dispersal:** Spores are dispersed into the air or water through various means, such as:
	* Wind: Spores can be carried away by wind, allowing them to colonize new areas.
	* Water: Spores can be washed away by rain or irrigation, dispersing them over a wide area.
	* Insects: Some mushrooms, like the morel, have spores that are carried away by insects, such as ants or beetles.
3. **Spore Germination:** When a spore lands in a suitable environment, it germinates, or begins to grow. The spore absorbs water and nutrients, and a small, thread-like structure called a hypha emerges.
4. **Hyph";False;False;0.9998;fr;en;True;True;False;True;True;Wie vermehren sich Pilze?;de;True;Comment les champignons se reproduisent-ils ?;fr;True;;¿Cómo se reproducen los hongos?;es;True;;;;;;;explicativa;5
Painter of The Great Wave?;"Un artiste célèbre!

Vous faites référence à Henri Matisse, un peintre français qui a été l'un des principaux artistes du mouvement Fauviste, mais également connu pour son style plus tardif, caractérisé par des compositions plus géométriques et des couleurs vives, notamment dans son œuvre ""La Grande Vague"" (ou ""La Grande Vague de 1916"").

Cependant, il existe également une autre œuvre intitulée ""La Grande Vague"" peinte par le peintre français Jean Dubuffet, en 1953. Cette œuvre est caractérisée par des formes géométriques et des couleurs vives, qui évoquent l'idée d'une vague en mouvement.

Pouvez-vous me dire quel peintre de La Grande Vague vous aviez en tête?";Hokusai;;"You're thinking of Hokusai, the renowned Japanese artist! He is indeed famous for his iconic woodblock print ""The Great Wave off Kanagawa"", which is one of the most recognizable and celebrated works of art in the world.

Hokusai was a master of ukiyo-e, a style of Japanese art that flourished during the Edo period (1603-1868). His work often featured fantastical and dreamlike scenes, but ""The Great Wave"" is particularly notable for its stunning composition, bold colors, and sense of dynamic energy.

Would you like to know more about Hokusai or ""The Great Wave""?";False;False;0.9998;fr;en;True;False;False;True;False;Maler von Die große Welle?;de;True;Peintre de La Grande Vague ?;fr;True;;¿Pintor de La gran ola?;es;True;;;;;;;corta;6
Hmm, when did Princess Diana die?;La princesse Diana est décédée le 31 août 1997. Elle est morte dans un accident de voiture à Paris, en France. Elle était en voyage avec son compagnon, Dodi Fayed, et les deux ont été tués dans l'impact.;1997;;Princess Diana tragically passed away in a car accident in Paris, France on August 31, 1997. She was 36 years old at the time of her death.;False;False;0.9998;fr;en;True;True;False;True;True;Hmm, wann starb Prinzessin Diana?;de;True;Hum, quand la princesse Diana est-elle morte ?;fr;True;;Mmm, ¿cuándo murió la princesa Diana?;es;True;;;;;;;conversacional;8
What is the capital of Vietnam?;Hanoï est la capitale du Vietnam.;Hanoi;;The capital of Vietnam is Hanoi.;False;False;0.9998;fr;en;True;True;False;True;True;Was ist die Hauptstadt von Vietnam?;de;True;Quelle est la capitale du Vietnam?;fr;True;;¿Cuál es la capital de Vietnam?;es;True;;;;;;;factual_clasica;
When did the Western Roman Empire fall?;L'Empire romain d'Occident a disparu en 476 après Jésus-Christ, lorsque le roi barbare Odoacre a pris le pouvoir en Italie.;476;;"The Western Roman Empire officially fell on September 4, 476 CE, when the Germanic king Odoacer deposed the last Roman Emperor, Romulus Augustus. However, the decline and fall of the Western Roman Empire was a gradual process that occurred over several centuries.

Here's a brief timeline:

* 285 CE: The Roman Empire is divided into Eastern (Byzantine) and Western halves.
* 378 CE: The Battle of Adrianople marks a significant defeat for the Roman Empire, leading to a decline in its military power.
* 410 CE: The Visigoths, led by Alaric, sack Rome, marking the first time in over 800 years that the city has been breached.
* 455 CE: The Vandals sack Rome, further weakening the Western Roman Empire.
* 476 CE: Odoacer deposes Romulus Augustus, marking the official end of the Western Roman Empire.

It's worth noting that the Eastern Roman Empire, also known as the Byzantine Empire, continued to exist for another thousand years, until its capital, Constantinople, was conquered by the Ottoman Empire in 1453 CE.";False;False;0.9998;fr;en;True;True;False;True;True;Wann fiel das Weströmische Reich?;de;True;Quand l'Empire romain d'Occident est-il tombé ?;fr;True;;¿Cuándo cayó el Imperio romano de Occidente?;es;True;;;;;;;factual_aperturas;8
Pinpoint the longest river in Europe.;Le plus long fleuve d'Europe est le Volga, qui s'étend sur une longueur de 3 692 kilomètres.;Volga;;The longest river in Europe is the Volga River, which is approximately 3,692 kilometers (2,294 miles) long. It flows through Russia and empties into the Caspian Sea.;False;False;0.9998;fr;en;True;True;False;True;True;Bestimme den längsten Fluss Europas genau.;de;True;Situez le plus long fleuve d'Europe.;fr;True;;Ubica el río más largo de Europa.;es;True;;;;;;;imperativo;8
Unpack why the Moon has craters.;"Une question qui nous plonge dans l'univers et son histoire!

Les cratères de la Lune sont des formations géologiques qui ont été créées par des impacts d'astéroïdes et de comètes au cours de l'histoire de notre satellite. Voici les raisons pour lesquelles la Lune a des cratères :

**Les impacts d'astéroïdes et de comètes**

La Lune a été formée il y a environ 4,5 milliards d'années, à partir de la matière qui s'est accumulée dans le disque de formation de notre système solaire. Au fil du temps, la Lune a été soumise à des impacts d'astéroïdes et de comètes, qui ont créé des cratères sur sa surface.

**Les caractéristiques des cratères**

Les cratères de la Lune sont caractérisés par une forme circulaire, avec des murs abrupts et une fondre plate. Ils sont généralement plus grands que les cratères terrestres, car la Lune n'a pas de mouvement tectonique pour faire";impacts;impact|impatt|Einschl|meteor;"The Moon's craters are a fascinating feature that has captivated astronomers and space enthusiasts for centuries. Here's a detailed explanation of why the Moon has craters:

**What are craters?**

Craters are depressions in the surface of a celestial body, such as the Moon, caused by the impact of a meteorite or asteroid. These impacts can create a variety of crater types, ranging from small, shallow depressions to massive, multi-ringed basins.

**How were the Moon's craters formed?**

The Moon's craters were formed as a result of asteroid and comet impacts over billions of years. These impacts occurred when objects from space collided with the Moon's surface, causing massive destruction and ejecting debris into the air. The debris was then thrown back into space, creating a crater.

**Types of impacts**

There are several types of impacts that can create craters on the Moon:

1. **Bullseye impact**: A direct hit from a small, dense asteroid or comet, which creates a small, circular crater.
2. **Glancing blow**: A shallow impact from a larger, less dense asteroid or comet, which creates a smaller, more elliptical crater.
3. **Multiple impacts**: A";False;False;0.9998;fr;en;True;True;False;True;True;Schlüssle auf, warum der Mond Krater hat.;de;True;Décortiquez pourquoi la Lune a des cratères.;fr;True;;Desmenuza por qué la Luna tiene cráteres.;es;True;;;;;;;imperativo_explicativo;9
How do coral reefs form?;"Les récifs coralliens sont des écosystèmes complexes et fascinants qui se forment à partir de la croissance et de la multiplication des polypes coralliens. Voici une explication détaillée de leur formation :

**Les polypes coralliens**

Les polypes coralliens sont des animaux marins qui appartiennent à la classe des Cnidaires. Ils sont caractérisés par leur forme allongée et leur capacité à se fixer à un substrat solide. Les polypes coralliens ont une structure complexe qui comprend un corps principal, des tentacules et un système de filaments qui leur permettent de capturer les aliments.

**La croissance des polypes coralliens**

Les polypes coralliens commencent à croître en colonie, avec plusieurs individus qui se fixent à un substrat solide. Chaque polype produit des filaments qui s'étendent vers l'extérieur, créant une structure en forme de boule. Les polypes coralliens peuvent grandir jusqu'à 30 cm de longueur et produire des milliers de fil";polyps;polyp|polip|calcium|calcaire|calcare|carbonat;"Coral reefs are one of the most fascinating and diverse ecosystems on the planet. Here's a brief overview of how they form:

**The Coral Reef Formation Process**

Coral reefs are formed by a symbiotic relationship between coral polyps and algae. The process involves several stages:

1. **Coral Polyp Settlement**: Coral polyps, tiny animals that belong to the phylum Cnidaria, settle on a substrate, such as a rock or a shipwreck. They are attracted to the area by the presence of sunlight, which triggers the growth of algae on their surface.
2. **Algae Growth**: The coral polyps secrete a hard, calcium carbonate exoskeleton that provides a surface for algae to grow. The algae, which are photosynthetic, produce nutrients through photosynthesis, which are then shared with the coral polyps.
3. **Coral Growth**: As the coral polyps grow, they secrete more exoskeleton, which provides a framework for the reef to grow. The coral polyps also secrete a hard, calcium carbonate skeleton that helps to support the reef structure.
4. **Reef Expansion**: As the coral polyps continue to grow, the reef expands, and new coral pol";False;False;0.9998;fr;en;True;True;False;True;True;Wie entstehen Korallenriffe?;de;True;Comment se forment les récifs coralliens ?;fr;True;;¿Cómo se forman los arrecifes de coral?;es;True;;;;;;;explicativa;6
Painter of Nighthawks?;"Un artiste célèbre!

Vous faites référence à Edward Hopper (1872-1967), un peintre américain qui est considéré comme l'un des principaux représentants du réalisme américain du XXe siècle.

""Nighthawks"" (Les Nigauds) est l'une de ses œuvres les plus célèbres, peinte en 1942. Cette toile représente une nuit de New York, avec trois personnages assis à une caisse automatique de banque, regardant la rue. La scène est caractérisée par une atmosphère sombre et mélancolique, avec des ombres fortes et des couleurs neutres.

L'œuvre est souvent interprétée comme une représentation de l'isolement et de la solitude dans la ville, ainsi que de la recherche de confort et de sécurité dans un environnement urbain. Elle est également considérée comme une critique de la société américaine de l'époque, avec ses personnages isolés et ses rêves non réalisés.

""Nighthawks"" est considérée comme l'une des plus grandes";Hopper;;"You're thinking of the iconic painting ""Nighthawks"" by Edward Hopper!

""Nighthawks"" is a 1942 oil on canvas painting that depicts a late-night diner scene in New York City. The painting shows three figures in the diner, with the two men at the counter and the woman at the counter on the right, lost in thought. The atmosphere is one of quiet contemplation, with the only sound being the soft hum of the diner's neon lights.

The painting is known for its moody and atmospheric depiction of urban life, and it's often interpreted as a commentary on the isolation and loneliness of modern city living. The painting's use of bold colors and geometric shapes also adds to its sense of tension and unease.

Do you have a favorite aspect of ""Nighthawks"" or would you like to know more about the artist or the painting's history?";False;False;0.9998;fr;en;True;True;False;True;True;Maler von Nighthawks?;de;True;Peintre de Nighthawks ?;fr;True;;¿Pintor de Nighthawks?;es;True;;;;;;;corta;6
Real quick: when did Vikings reach America?;Les Vikings, qui étaient des navigateurs et des conquérants scandinaves, ont effectivement atteint l'Amérique avant Christophe Colomb. C'est en 1000, selon les historiens.;1000;1001|1021;"The Vikings are believed to have reached America around 1000 AD, about 500 years before Christopher Columbus's famous voyage. The Viking explorer Leif Erikson is credited with being the first European to set foot in North America, specifically in present-day Canada.

According to the Icelandic Sagas, a collection of medieval manuscripts that tell the stories of the Vikings, Leif Erikson and his crew sailed from Greenland to a place called Vinland, which is thought to be located on the northern tip of Newfoundland, Canada.

The Viking settlement in Vinland is believed to have been established around 1000 AD, and it's thought to have been a short-lived but significant presence in the New World.";False;False;0.9998;fr;en;True;True;False;True;True;Ganz kurz: Wann erreichten die Wikinger Amerika?;de;True;Vite fait : quand les Vikings ont-ils atteint l'Amérique ?;fr;True;;Rapidito: ¿cuándo llegaron los vikingos a América?;es;True;;;;;;;conversacional;9
Who composed The Rite of Spring?;Le Sacre du printemps, une œuvre orchestrale et chorale de la musique classique, a été composée par le compositeur français Igor Stravinsky. Elle a été créée le 29 mai 1913 au Théâtre du Champs-Élysées à Paris, sous la direction de l'opérateur de scène Sergei Diaghilev, fondateur du Ballets Russes. Le Sacre du printemps est considérée comme l'une des œuvres les plus emblématiques et les plus influentes du XXe siècle, marquant un tournant dans l'histoire de la musique contemporaine.;Stravinsky;Stravinski|Strawinsk|Stravinskij;The Rite of Spring is a famous orchestral work composed by Igor Stravinsky. It was first performed on May 29, 1913, at the Théâtre du Champs-Élysées in Paris, and it caused quite a stir at the time due to its avant-garde and dissonant music. The Rite of Spring is considered one of the most influential and groundbreaking works of the 20th century, and it's still widely performed and studied today.;False;False;0.9998;fr;en;True;True;False;True;True;Wer hat Die Frühlingsweihe komponiert?;de;True;Qui a composé Le Sacre du printemps ?;fr;True;;¿Quién compuso El Rito de la Primavera?;es;True;;;;;;;factual_clasica;
When did Luther post his 95 theses?;Les 95 thèses de Martin Luther ont été publiées le 31 octobre 1517.;1517;;"Martin Luther posted his 95 Theses on October 31, 1517. This event is widely considered to be the starting point of the Protestant Reformation in Europe.

According to tradition, Luther nailed his 95 Theses to the door of the Castle Church in Wittenberg, Germany, where he was a professor of theology. The theses were a list of criticisms of certain Catholic Church practices, particularly the sale of indulgences, and were intended to spark a theological debate.

The posting of the 95 Theses marked a significant turning point in history, as it challenged the authority of the Catholic Church and paved the way for the development of Protestantism.";False;False;0.9998;fr;en;True;True;False;True;True;Wann veröffentlichte Luther seine 95 Thesen?;de;True;Quand Luther a-t-il affiché ses 95 thèses ?;fr;True;;¿Cuándo publicó Lutero sus 95 tesis?;es;True;;;;;;;factual_aperturas;10
Locate the country of Mount Olympus.;Le mont Olympe se trouve en Grèce.;Greece;Grece|Grecia|Griechenland;"I'm afraid I have some bad news!

Mount Olympus is not a country. It's actually a mythological mountain in Greek mythology, home to the gods and goddesses of Mount Olympus. According to legend, Mount Olympus was located in ancient Greece, but its exact location is not specified in mythology.

However, if you're looking for a real-life location that's often associated with Mount Olympus, you might be thinking of Mount Olympus in Greece, which is a mountain in the Olympus Range on the border between Greece and North Macedonia. It's a popular tourist destination and a UNESCO Biosphere Reserve.

If you're looking for a country that's often associated with Mount Olympus, you might be thinking of Greece, which is a country located in southeastern Europe.";False;False;0.9998;fr;en;True;True;False;True;True;Finde das Land des Olymp.;de;True;Localisez le pays du mont Olympe.;fr;True;;Localiza el país del monte Olimpo.;es;True;;;;;;;imperativo;8
Run through why polar bears are white.;"Les ours polaires, également connus sous le nom d'ours blancs, sont des mammifères carnivores qui habitent les régions polaires du monde. La blancheur de leur pelage est un trait caractéristique qui les distingue des autres espèces d'ours. Voici quelques raisons qui expliquent pourquoi les ours polaires sont blanchis :

1.  **Camouflage** : La blancheur des ours polaires est principalement due au camouflage. Les régions polaires sont caractérisées par une couverture de neige et de glace, ce qui rend difficile la chasse pour les prédateurs. La blancheur du pelage des ours polaires permet de se fondre dans l'environnement, ce qui les protège des prédateurs tels que les ours polaires, les ours noirs et les humains.
2.  **Thermorégulation** : Les ours polaires vivent dans des conditions extrêmes, avec des températures très basses et des vents violents. La blancheur de leur pelage aide à réduire la quantité de chaleur qu'ils reço";camouflage;camufl|Tarn;"Polar bears (Ursus maritimus) are white because of their unique adaptation to their Arctic environment. Here's why:

**Evolutionary Advantage:** In the Arctic, sunlight is scarce during the winter months, and the snow and ice cover the landscape. White fur provides several advantages for polar bears:

1. **Camouflage:** White fur helps polar bears blend in with their snowy surroundings, making it easier for them to sneak up on prey, such as seals, which are their primary source of food.
2. **Thermoregulation:** White fur reflects sunlight, which helps to keep the bear's body temperature stable in the cold Arctic environment. This is especially important for polar bears, as they need to conserve heat to survive in temperatures as low as -34°F (-36°C).
3. **Reduced Heat Loss:** White fur also reduces heat loss by minimizing the amount of dark-colored fur that absorbs heat from the sun. This helps polar bears conserve energy and stay warm in the harsh Arctic climate.

**Unique Fur Structure:** Polar bears have two layers of fur:

1. **Undercoat:** A thick, soft undercoat made of fine, dense hairs that trap warm air next to the bear's skin.
2.";False;False;0.9998;fr;en;True;True;False;True;True;Geh kurz durch, warum Eisbären weiß sind.;de;True;Parcourez les raisons de la blancheur des ours polaires.;fr;True;;Recorre por qué los osos polares son blancos.;es;True;;;;;;;imperativo_explicativo;8
What makes lightning?;"La foudre est un phénomène électromagnétique qui se produit lorsqu'un éclat de foudre frappe la Terre. Elle est causée par une accumulation électrique importante entre les nuages et le sol, ou entre deux nuages. Lorsque cette accumulation électrique devient trop grande, elle se libère sous forme d'électricité statique, créant une décharge électrique violente et lumineuse.

Il existe plusieurs étapes qui mènent à la production de la foudre :

1.  **Accumulation électrique** : Les nuages peuvent accumuler des charges électriques positives et négatives en raison de la friction entre les particules d'eau et les particules de poussière dans l'air. Les charges positives se forment généralement dans les nuages bas et les charges négatives se forment dans les nuages hauts.
2.  **Décharge électrique** : Lorsque la différence de potentiel entre les deux nuages devient trop grande, les charges électriques se déchargent dans la forme d'un éclat de foudre. Cela se produit lorsque";electric charges;charg|carga|Ladung|caric|stati|potencial electrico|difference de potentiel|Potentialunterschied;"Lightning is a fascinating and complex phenomenon that involves a combination of atmospheric conditions, electrical charges, and thermal energy. Here's a simplified explanation:

**The Formation of Lightning:**

1. **Ice and Water:** During thunderstorms, warm air rises, creating towering cumulonimbus clouds. These clouds are made up of water droplets and ice crystals.
2. **Electrical Charges:** As the cloud grows, the water droplets and ice crystals collide, generating static electricity. This process separates the cloud into positively charged (positive ions) and negatively charged (negative electrons) regions.
3. **Leader Stroke:** The separation of charges creates an electric field between the cloud and the ground. This electric field causes a channel of ionized air, called a leader stroke, to form between the cloud and the ground.
4. **Return Stroke:** Once the leader stroke reaches the ground, a massive surge of electricity, known as the return stroke, flows through the leader stroke and back to the cloud. This is the bright flash of light we see as lightning.
5. **Thunder:** As the return stroke travels through the air, it heats the air around it, creating a shockwave that produces the sound we know as thunder.

**The Science";False;False;0.9998;fr;en;True;True;False;True;True;Was erzeugt Blitze?;de;True;Qu'est-ce qui produit la foudre ?;fr;True;;¿Qué produce los rayos?;es;True;;;;;;;explicativa;4
Painter of Olympia?;"Un artiste célèbre!

Vous faites référence à Édouard Manet, un peintre français qui a créé la célèbre œuvre ""Olympia"" en 1863. Cette peinture est considérée comme l'une des plus importantes et des plus controversées de l'histoire de l'art.

""Olympia"" est une représentation nu de femme, qui se tient debout sur un divan, regardant directement le spectateur. La peinture est caractérisée par sa composition simple, mais qui souligne la beauté et la sensualité de la femme.

L'œuvre a suscité une grande polémique à l'époque de sa création, en raison de son représentation de la femme nue, qui était considérée comme impudique et déshonorante. Cependant, Manet a réussi à convaincre les critiques et les collectionneurs de son talent et de son originalité.

Aujourd'hui, ""Olympia"" est considérée comme l'une des peintures les plus importantes du XIXe siècle et est exposée au Musée d'Or";Manet;;"You're referring to the famous painting ""The Birth of Venus""!

However, I think you might be confusing it with another artist. The painting ""The Birth of Venus"" is actually attributed to the Italian artist Sandro Botticelli, created around 1486.

But, if you're thinking of a different painting, I believe you might be thinking of ""The Painter of Olympia"", which is a painting by the French artist Édouard Manet, created in 1863. It's a portrait of a nude woman, believed to be a courtesan or a prostitute, and is considered one of Manet's most famous works.

Is that the one you were thinking of?";False;False;0.9998;fr;en;True;True;False;True;True;Maler von Olympia?;de;True;Peintre d'Olympia ?;fr;True;;¿Pintor de Olympia?;es;True;;;;;;;corta;4
Okay, when did Brexit happen?;Le Brexit a eu lieu le 31 janvier 2020. C'est-à-dire que le Royaume-Uni a quitté l'Union européenne à la fin de la période transition de 31 décembre 2020 à 31 décembre 2022.;2020;2016;"Brexit, the United Kingdom's (UK) withdrawal from the European Union (EU), occurred on January 31, 2020. This marked the end of the UK's 47-year membership in the EU.

However, the process of Brexit was a bit more complex. The UK held a national referendum on June 23, 2016, in which a majority of voters (51.9% to 48.1%) chose to leave the EU. This led to the UK government triggering Article 50 of the Treaty on European Union, which began the formal process of withdrawal.

The UK officially left the EU at 11 pm GMT on January 31, 2020, and entered a transition period that lasted until December 31, 2020. During this time, the UK and EU negotiated new trade agreements and other arrangements.

The UK's departure from the EU was followed by a new relationship between the UK and EU, which came into effect on January 1, 2021.

Would you like to know more about Brexit or its implications?";False;False;0.9998;fr;en;True;True;False;True;True;Okay, wann fand der Brexit statt?;de;True;Bon, quand le Brexit a-t-il eu lieu ?;fr;True;;Vale, ¿cuándo ocurrió el Brexit?;es;True;;;;;;;conversacional;7
Who wrote The Odyssey?;L'Odyssée a été écrite par Homère, un poète grec antique.;Homer;Homere|Homero|Omero;"The Odyssey, an ancient Greek epic poem, was written by the legendary poet Homer. The exact dates of Homer's life are unknown, but it is believed that he lived in the 8th or 7th century BC.

The Odyssey is considered one of the greatest works of ancient Greek literature, and it tells the story of Odysseus, a Greek hero who returns home after the Trojan War. The poem is a masterpiece of storytelling, exploring themes of adventure, courage, and the human condition.

Would you like to know more about The Odyssey or Homer's life?";False;False;0.9998;fr;en;True;True;False;True;True;Wer hat Die Odyssee geschrieben?;de;True;Qui a écrit L'Odyssée ?;fr;True;;¿Quién escribió La Odisea?;unknown;True;;;;;;;factual_clasica;
When was Pearl Harbor attacked?;Pearl Harbor a été attaqué le 7 décembre 1941.;1941;;The attack on Pearl Harbor occurred on December 7, 1941.;False;False;0.9996;fr;en;True;True;False;True;True;Wann wurde Pearl Harbor angegriffen?;de;True;Quand Pearl Harbor a-t-il été attaqué ?;fr;True;;¿Cuándo fue atacado Pearl Harbor?;es;True;;;;;;;factual_aperturas;6
Report the number of US states.;Il y a actuellement 50 États américains.;50;;There are 50 US states.;False;False;0.9998;fr;en;True;True;False;True;True;Gib die Anzahl der US-Bundesstaaten an.;de;True;Donnez le nombre d'États américains.;fr;True;;Informa el número de estados de EE. UU.;es;True;;;;;;;imperativo;7
Lay out how thermoses keep heat.;"Les thermoses sont conçus pour conserver la chaleur ou la fraîcheur pendant une période prolongée, en utilisant des principes physiques et des matériaux spécifiques. Voici comment les thermoses gardent la chaleur :

**Principe de fonctionnement**

Les thermoses fonctionnent sur le principe de l'isolation thermique, qui consiste à réduire les échanges de chaleur entre l'intérieur et l'extérieur de la thermos. Les thermoses sont conçues pour minimiser les pertes de chaleur par conduction, convection et radiation.

**Matériaux utilisés**

Les thermoses sont généralement fabriquées à partir de matériaux isolants, tels que :

* Le verre : Le verre est un excellent isolant thermique, car il a une faible conductivité thermique et une grande résistance à la chaleur.
* Le plastique : Les thermoses en plastique sont souvent fabriquées à partir de matériaux isolants, tels que le polyéthylène ou le polypropylène.
* Le métal : Les";vacuum;vacio|Vakuum|vuoto|vacuo|le vide|du vide|un vide;"Thermoses are amazing containers that can keep liquids at a consistent temperature for hours. Here's a detailed explanation of how they work:

**The Science Behind Thermoses**

Thermoses work by using a combination of materials and design features to minimize heat transfer between the inside and outside of the container. The key principles involved are:

1. **Insulation**: Thermoses are typically made of double-walled or vacuum-insulated materials, which reduce heat transfer by minimizing conduction and convection.
2. **Vacuum Insulation**: The space between the inner and outer walls of the thermos is evacuated, creating a vacuum. This vacuum is a poor conductor of heat, which helps to reduce heat transfer.
3. **Thermal Bridge-Free Design**: The thermos is designed to minimize thermal bridges, which are points where heat can escape or enter the container. The inner and outer walls are often separated by a gap, and the lid is designed to fit snugly, reducing heat transfer through the lid.
4. **High Thermal Mass**: The inner wall of the thermos is often made of a material with high thermal mass, such as stainless steel or aluminum. This material can absorb and release heat slowly, helping to maintain the temperature of the";False;False;0.9998;fr;en;True;False;False;True;True;Leg dar, wie Thermoskannen die Wärme halten.;de;True;Exposez comment les thermos gardent la chaleur.;fr;True;;Expón cómo los termos conservan el calor.;es;True;;;;;;;imperativo_explicativo;9
Why does a boomerang come back?;"Un boomerang est un objet qui, lorsqu'il est lancé avec une certaine technique, revient vers son lanceur. Mais pourquoi cela se produit-il?

Il y a plusieurs raisons pour lesquelles un boomerang revient :

1. **La forme et la forme de l'air** : Le boomerang a une forme asymétrique, avec une pointe et une extrémité arrondie. Lorsqu'il est lancé, il crée un champ de pression aérienne qui favorise la rotation du boomerang. L'air qui passe derrière le boomerang est plus dense que l'air qui passe devant, ce qui crée une force de rotation qui fait tourner le boomerang.
2. **La rotation du boomerang** : Lorsque le boomerang tourne, il crée un champ de pression aérienne qui fait que l'air qui passe derrière le boomerang est plus dense que l'air qui passe devant. Cela crée une force de rotation qui fait tourner le boomerang de plus en plus vite.
3. **La trajectoire du boomerang";aerodynamics;aerodyn|aerodin|spin|rotat|gyrosc|giroscop|Kreisel|tourne sur|girar|dreht sich;"The boomerang's ability to return to its thrower is a fascinating phenomenon that has puzzled people for centuries. Here's the explanation:

**The Science Behind the Boomerang's Return**

A boomerang's return is due to a combination of its unique design, aerodynamics, and the way it interacts with the air. Here are the key factors:

1. **Curved shape**: Boomerangs are curved on both sides, with a slight ""V"" shape at the tip. This curved shape creates a pressure difference between the upper and lower surfaces of the boomerang.
2. **Aerodynamic lift**: As the boomerang flies through the air, the curved shape creates an upward force called lift, which counteracts the weight of the boomerang. This lift is stronger on the upper surface than on the lower surface, creating a pressure difference.
3. **Angle of attack**: When a boomerang is thrown, it enters the air at a shallow angle, which creates a swirling motion behind it. This swirling motion creates a region of lower air pressure above the boomerang and a region of higher air pressure below it.
4. **Bernoulli's principle**: As the boomerang flies,";False;False;0.9998;fr;en;True;True;False;True;True;Warum kommt ein Bumerang zurück?;de;True;Pourquoi un boomerang revient-il ?;fr;True;;¿Por qué vuelve un bumerán?;es;True;;;;;;;explicativa;9
Lightning rod inventor?;"Un sujet passionnant!

Le paratonnerre, également appelé parachute antigravité ou parachute de survie, a été inventé par André-Jacques Garnerin, un inventeur et aviateur français, en 1797.

Garnerin, qui était également un parachutiste, a conçu un parachute en toile de cuir avec des ailes en forme de cœur, qui a permis à son compagnon de vol, Jean-Pierre Blanchard, de faire un saut en parachute à une altitude de 3 000 mètres sur la Seine à Paris.

Cependant, il est important de noter que Garnerin a également expérimenté des parachutes antigravité, c'est-à-dire des parachutes qui permettaient à la personne de rester en suspension dans l'air, sans tomber vers le sol. Garnerin a conçu un parachute en forme de sphère, qui a été testé en 1797, mais il n'a pas réussi à le faire fonctionner de manière stable.

Le premier parachute antigravité à réussir à fonctionner de manière stable a été conçu par le physicien et ingén";Franklin;;"You're thinking of Benjamin Franklin!

Benjamin Franklin was indeed an American polymath and inventor who is credited with inventing the lightning rod. In 1752, Franklin conducted a famous experiment to demonstrate the connection between lightning and electricity. He flew a kite in a thunderstorm, collecting electrical charges from the lightning and proving that lightning is a form of electricity.

Franklin's invention of the lightning rod, also known as a lightning conductor, was a direct result of this experiment. The lightning rod is a metal rod that is attached to a building and connected to the ground, allowing lightning to strike the rod instead of the building itself. This invention saved countless lives and buildings from damage caused by lightning strikes.

Franklin's work on lightning rods was a significant contribution to the field of electrical science, and his famous phrase ""An investment in knowledge pays the best interest"" is still relevant today.

Would you like to know more about Benjamin Franklin or his other inventions?";False;False;0.9998;fr;en;True;False;False;True;False;Erfinder des Blitzableiters?;de;True;Inventeur du paratonnerre ?;fr;True;;¿Inventor del pararrayos?;es;True;;;;;;;corta;5
Hi! When was the Taj Mahal built?;"Salut!

Le Taj Mahal a été construit entre 1632 et 1653. C'est un mausolée magnifique situé à Agra, en Inde, et il a été construit par le Mughal Shah Jahan en mémoire de sa femme, Mumtaz Mahal, qui est décédée en 1631 pendant la naissance de leur huitième enfant.

Le Taj Mahal est considéré comme l'un des monuments les plus beaux et les plus emblématiques du monde, et il est classé au patrimoine mondial de l'UNESCO depuis 1983.

Voulez-vous en savoir plus sur l'histoire du Taj Mahal ou sur les Mughal?";1632;1631|1643|1648|1653;"The Taj Mahal is a stunning monument in Agra, India, and it was built between 1632 and 1653. It was commissioned by Mughal Emperor Shah Jahan as a mausoleum for his beloved wife, Mumtaz Mahal, who passed away in 1631.

The construction of the Taj Mahal took around 22 years to complete, with thousands of skilled laborers and artisans working on the project. The monument was finally completed in 1653, and it has since become one of the most iconic and recognizable landmarks in the world.

Would you like to know more about the Taj Mahal or its history?";False;False;0.9998;fr;en;True;True;False;True;True;Hallo! Wann wurde das Taj Mahal gebaut?;de;True;Salut ! Quand le Taj Mahal a-t-il été construit ?;fr;True;;¡Hola! ¿Cuándo se construyó el Taj Mahal?;es;True;;;;;;;conversacional;10
In what year did the Russian Revolution take place?;La révolution russe a eu lieu en 1917.;1917;;"The Russian Revolution took place in two stages:

1. The February Revolution (also known as the Petrograd Revolution) occurred in 1917, specifically from February 23 to March 2.
2. The October Revolution (also known as the Great October Socialist Revolution) occurred in 1917, specifically from October 25 to November 7.

So, to answer your question, the Russian Revolution took place in 1917.";False;False;0.9998;fr;en;True;True;False;True;True;Was ist das Jahr der russischen Revolution?;de;True;En quelle année a eu lieu la révolution russe ?;fr;True;;¿En qué año tuvo lugar la Revolución rusa?;unknown;True;;;;;;;factual_clasica;
When did the Korean War begin?;La guerre de Corée a commencé le 25 juin 1950.;1950;;The Korean War began on June 25, 1950. It started when North Korean forces, supported by China and the Soviet Union, invaded South Korea, leading to a United Nations-led coalition of countries, including the United States, intervening to defend South Korea.;False;False;0.9998;fr;en;True;True;False;True;True;Wann begann der Koreakrieg?;de;True;Quand la guerre de Corée a-t-elle commencé ?;fr;True;;¿Cuándo empezó la guerra de Corea?;es;True;;;;;;;factual_aperturas;7
Cite the author of The Aeneid.;L'auteur de l'Énéide est Virgile.;Virgil;Virgile|Virgilio|Vergil;The author of The Aeneid is Virgil (Publius Vergilius Maro).;False;False;0.9998;fr;en;True;True;False;True;True;Nenne den Autor der Aeneis.;de;True;Citez l'auteur de l'Énéide.;fr;True;;Cita al autor de la Eneida.;es;True;;;;;;;imperativo;10
Account for why rubbed balloons stick to walls.;"Un sujet intéressant!

Les ballons frottés, également appelés ""ballons de frottement"" ou ""ballons de friction"", sont des objets qui utilisent la friction pour se déplacer le long d'un surface, généralement un mur. L'adhérence des ballons frottés aux murs est due à la force de friction qui s'exerce entre le ballon et la surface.

Voici quelques facteurs qui influencent l'adhérence des ballons frottés aux murs :

1. **Type de surface** : La surface au contact du ballon peut varier (par exemple, mur, tapis, sol). Les surfaces plus rugueuses ou plus lisses peuvent affecter l'adhérence.
2. **Friction entre le ballon et la surface** : La friction entre le ballon et la surface est essentielle pour l'adhérence. Les ballons frottés utilisent généralement des matériaux avec une surface rugueuse pour maximiser la friction.
3. **Poids du ballon** : Le poids du ballon peut affecter l'adhérence. Les ballons plus lour";static;stati;"A classic phenomenon!

The reason why rubbed balloons stick to walls is due to a phenomenon called static electricity. Here's what happens:

1. **Friction**: When you rub a balloon against your hair or clothing, you're creating a transfer of electrons between the balloon and your body. This process is called triboelectrification.
2. **Electron transfer**: The friction causes electrons to be transferred from your body to the balloon. This leaves the balloon with an excess of electrons, making it negatively charged.
3. **Charge separation**: The wall, being a relatively good insulator, becomes positively charged due to the absence of electrons. This is because the electrons that were present on the wall have been transferred to the balloon, leaving the wall with a positive charge.
4. **Attractive force**: The negatively charged balloon is attracted to the positively charged wall due to the electrostatic force between them. This force is strong enough to overcome the weight of the balloon, causing it to stick to the wall.

The reason this happens is because like charges (positive-positive or negative-negative) repel each other, while opposite charges (positive-negative) attract each other. In this case, the negatively charged balloon is attracted to the positively charged wall,";False;False;0.9998;fr;en;True;False;False;True;True;Begründe, warum geriebene Luftballons an Wänden haften.;de;True;Rendez compte de l'adhérence des ballons frottés aux murs.;fr;True;;Da cuenta de por qué los globos frotados se pegan a la pared.;es;True;;;;;;;imperativo_explicativo;9
How does a parachute slow a fall?;"Un parachute ralentit une chute en utilisant le principe de dragage aérodynamique. Voici comment ça fonctionne :

1.  **Principe de dragage** : Lorsqu'un objet se déplace à travers l'air, il rencontre une résistance aérodynamique qui est proportionnelle à sa vitesse et à sa surface de contact avec l'air. Ce principe est connu sous le nom de dragage.
2.  **Parachute** : Un parachute est un objet qui se déplace à travers l'air et qui est conçu pour maximiser la résistance aérodynamique. Il est généralement composé d'un matériau léger et aérodynamique, comme le nylon ou le polyester, qui est tendu entre deux points fixes.
3.  **Résistance aérodynamique** : Lorsque le parachute est déployé, il rencontre l'air et crée une résistance aérodynamique qui ralentit la chute. La résistance est proportionnelle à la surface de contact entre le parachute et l'air, ainsi qu'à la vitesse du parachute.
4";air resistance;resist|Luftwider|drag;"A parachute slows a fall by using the principle of drag, which is the resistance created by air flowing over the parachute's surface. Here's a simplified explanation:

1. **Air flows over the parachute**: As the parachute opens, air flows over its surface, creating a layer of air that interacts with the parachute.
2. **Drag is created**: The air flowing over the parachute creates a force that opposes the motion of the parachute, which is the falling object. This force is called drag.
3. **Drag slows down the fall**: The drag force created by the air flowing over the parachute slows down the fall of the object. The more air flowing over the parachute, the greater the drag force, and the slower the fall.
4. **Parachute shape and size matter**: The shape and size of the parachute also play a crucial role in slowing down the fall. A larger parachute with a more streamlined shape can create more drag, resulting in a slower fall.
5. **Air density affects drag**: The density of the air also affects the drag force. In denser air, the drag force is greater, and the parachute slows down the fall more quickly.

The combination of these factors allows a parachute to slow down a fall, bringing";False;False;0.9998;fr;en;True;True;False;True;True;Wie bremst ein Fallschirm einen Fall?;de;True;Comment un parachute ralentit-il une chute ?;fr;True;;¿Cómo frena una caída un paracaídas?;es;True;;;;;;;explicativa;8
Steam engine inventor?;C'est James Watt!;Watt;Newcomen;"You're thinking of James Watt, a Scottish engineer and inventor who is often credited with improving the steam engine. Watt's improvements to the steam engine, which included the addition of a separate condenser and the use of a rotary motion, made it more efficient and powerful.

However, it's worth noting that there were other inventors who also worked on steam engines before Watt. Some notable examples include:

* Thomas Newcomen, an English ironmonger who built the first practical steam engine in the early 1700s.
* Thomas Savery, an English engineer who invented a steam-powered pump in the 1690s.
* James Hargreaves, an English inventor who built a steam engine in the 1710s.

But James Watt is often considered the most important inventor of the steam engine, as his improvements revolutionized industry and transportation in the 18th and 19th centuries.

Would you like to know more about the history of the steam engine or James Watt's contributions to it?";False;False;0.9955;fr;en;True;True;False;True;True;Erfinder der Dampfmaschine?;de;True;Inventeur de la machine à vapeur ?;fr;True;;¿Inventor de la máquina de vapor?;es;True;;;;;;;corta;4
So, what's sushi wrapped in?;"Une question culinaire!

Les sushis sont généralement enroulés dans du nori, qui est une sorte de feuille de seaweed (algue marine) séchée et croustillante. Le nori est utilisé pour donner une texture et une saveur distinctive aux sushis, et pour les maintenir en forme. Il est généralement coupé en forme de feuille et enroulé autour du riz et des garnitures pour former le sushi.";nori;algue|alga|Alge|Seetang;Sushi is typically wrapped in a thin sheet of seaweed, known as nori. Nori is a type of edible seaweed that is commonly used in Japanese cuisine, particularly in sushi and sashimi dishes. It's usually made from the seaweed species Porphyra yezoensis or Porphyra tenera, and is rich in nutrients and has a distinctive flavor and texture. The nori sheet is usually toasted or roasted to enhance its flavor and texture before being used to wrap sushi rolls.;False;False;0.9998;fr;en;True;True;False;True;True;Also, worin wird Sushi eingewickelt?;de;True;Alors, dans quoi enroule-t-on les sushis ?;fr;True;;Entonces, ¿en qué se envuelve el sushi?;es;True;;;;;;;conversacional;8
What gas makes up about 78 percent of Earth's atmosphere?;Le gaz qui compose environ 78 pour cent de l'atmosphère terrestre est le dioxyde de carbone (CO2).;nitrogen;azote|Stickstoff|azoto;The answer is nitrogen (N2). Nitrogen makes up approximately 78% of Earth's atmosphere, while oxygen (O2) makes up about 21%, and the remaining 1% consists of other gases such as argon, carbon dioxide, and water vapor.;False;False;0.9998;fr;en;True;False;False;True;False;Welches Gas macht etwa 78 Prozent der Erdatmosphäre aus?;de;True;Quel gaz compose environ 78 pour cent de l'atmosphère terrestre?;fr;True;;¿Qué gas constituye aproximadamente el 78 por ciento de la atmósfera de la Tierra?;es;True;;;;;;;factual_clasica;
When was the Rosetta Stone found?;La pierre de Rosette a été trouvée en 1799.;1799;;The Rosetta Stone was discovered on July 15, 1799, in Rosetta, Egypt (now known as Rashid), by French soldiers during the French invasion of Egypt.;False;False;0.9998;fr;en;True;True;False;True;True;Wann wurde der Stein von Rosetta gefunden?;de;True;Quand la pierre de Rosette a-t-elle été trouvée ?;fr;True;;¿Cuándo se encontró la piedra de Rosetta?;es;True;;;;;;;factual_aperturas;8
Find the capital of Cambodia.;Phnom-Penh;Phnom Penh;Phnom-Penh|Nom Pen;The capital of Cambodia is Phnom Penh.;False;False;0.5;unknown;en;True;True;False;True;False;Finde die Hauptstadt Kambodschas.;de;True;Trouvez la capitale du Cambodge.;fr;True;;Encuentra la capital de Camboya.;es;True;;;;;;;imperativo;6
Shed light on why skin wrinkles with age.;"La peau se ride avec l'âge en raison d'une combinaison de facteurs, notamment :

1.  **Perte de collagène et d'élastine** : Les collagènes et les élastines sont des protéines qui donnent de la flexibilité et de la résistance à la peau. Avec l'âge, la production de ces protéines diminue, ce qui entraîne une perte de fermeté et de souplesse.
2.  **Réduction de la production de hyalurone** : Le hyalurone est un liquide qui maintient la hydratation de la peau. Avec l'âge, la production de hyalurone diminue, ce qui entraîne une sécheresse et une perte de volume.
3.  **Augmentation de la production de radicaux libres** : Les radicaux libres sont des molécules qui peuvent causer des dommages à la peau, notamment en détruisant les collagènes et les élastines. Avec l'âge, la production de radicaux libres augmente";collagen;collag|colag|Kollagen|Elastizitat|elasticite|elasticidad|elastin;"The age-old question (pun intended)! Skin wrinkles with age due to a combination of factors that affect the skin's structure, elasticity, and collagen production. Here's a breakdown of the main reasons:

1. **Loss of Collagen and Elastin**: Collagen and elastin are two essential proteins that provide skin elasticity and firmness. As we age, the production of these proteins slows down, leading to a decrease in skin elasticity and firmness.
2. **Collagen Breakdown**: Collagen fibers in the skin begin to break down, causing the skin to lose its strength and elasticity. This breakdown is accelerated by the production of enzymes called matrix metalloproteinases (MMPs), which break down collagen fibers.
3. **Glycation**: Glycation is a process where sugar molecules bind to collagen and elastin, causing them to become stiff and brittle. This leads to the formation of advanced glycosylation end-products (AGEs), which accumulate in the skin and contribute to wrinkle formation.
4. **Hydration Loss**: As we age, the skin's ability to retain moisture decreases, leading to dehydration and dryness. This can cause the skin to lose its natural glow and become more prone to wrinkles.
5";False;False;0.9998;fr;en;True;True;False;True;True;Beleuchte, warum die Haut mit dem Alter faltig wird.;de;True;Éclairez pourquoi la peau se ride avec l'âge.;fr;True;;Arroja luz sobre por qué la piel se arruga con la edad.;es;True;;;;;;;imperativo_explicativo;10
Why do tires have treads?;"Les sculptures sur les pneus sont appelées ""bandes de roulement"" ou ""bandes de roue"". Elles servent à plusieurs fins :

1.  **Amélioration de la traction** : Les bandes de roulement aident à améliorer la traction sur les routes glissantes en créant une surface plus large et plus solide pour les roues. Cela permet aux véhicules de rouler plus stables et de réduire le risque de glissade.
2.  **Réduction du bruit** : Les bandes de roulement peuvent également aider à réduire le bruit produit par les roues en absorbant les vibrations et en réduisant la friction entre les roues et la route.
3.  **Amélioration de la durée de vie des pneus** : Les bandes de roulement peuvent également aider à prolonger la durée de vie des pneus en réduisant l'usure des roues et en prévenant les fissures et les déchirures.
4.  **Aesthétique** : Les bandes de roulement peuvent également être utilisées pour ajouter une";grip;adher|aderen|Haftung|traction|traccion|Traktion|trazione|tracao;"Tires have treads for several important reasons:

1. **Traction**: The tread pattern on a tire helps to provide better grip on the road, especially on wet or slippery surfaces. The tread channels water away from the tire, reducing the risk of hydroplaning and improving overall traction.
2. **Grip on various surfaces**: The tread pattern is designed to provide a good grip on different road surfaces, such as asphalt, concrete, and gravel. The unique pattern of the tread helps to maintain contact with the road, even when the tire is cornering or braking.
3. **Handling and stability**: The tread pattern helps to improve handling and stability by providing a consistent contact patch with the road. This is especially important when cornering or braking, as it helps to maintain control of the vehicle.
4. **Noise reduction**: The tread pattern can also help to reduce noise levels by absorbing vibrations and sound waves. This is particularly important for vehicles that are driven on rough roads or in areas with high levels of road noise.
5. **Durability**: The tread pattern helps to distribute the weight of the vehicle evenly across the tire, reducing the risk of uneven wear and tear. This can help to extend the life of the tire and improve";False;False;0.9998;fr;en;True;True;False;True;True;Warum haben Reifen ein Profil?;de;True;Pourquoi les pneus ont-ils des sculptures ?;fr;True;;¿Por qué los neumáticos tienen dibujo?;es;True;;;;;;;explicativa;7
Mercury thermometer inventor?;"Un peu d'histoire!

Le thermomètre à mercure a été inventé par Galien (129-216 ap. J.-C.), un médecin et philosophe grec. Cependant, le premier thermomètre à mercure à être conçu pour mesurer la température avec précision a été inventé par Santorio Santorio (1561-1636), un médecin italien.

Mais le thermomètre à mercure le plus célèbre et le plus largement utilisé a été inventé par Gabriel Fahrenheit (1686-1736), un physicien et inventeur allemand. Il a créé un thermomètre à mercure en 1724 qui pouvait mesurer la température avec une précision de quelques degrés. Son invention a révolutionné la mesure de la température et a permis de faire des progrès importants dans les domaines de la médecine, de la physique et de l'astronomie.

Fahrenheit a également créé un système de température qui a été largement adopté, où la température est mesurée en degrés Fahrenheit (";Fahrenheit;;"You're thinking of the inventor of the mercury thermometer!

The answer is: Galileo Galilei (1564-1642) and Santorio Santorio (1561-1636) are both credited with inventing the first mercury thermometer.

However, the most famous and widely used mercury thermometer was developed by:

**Sylvius (also known as Jacques de Vaucanson)** (1670-1737), a French scientist and inventor. He created a mercury thermometer in 1709, which was more accurate and reliable than earlier versions.

But the person who is often credited with creating the modern mercury thermometer is:

**Daniel Gabriel Fahrenheit** (1686-1736), a German physicist and engineer. He developed a thermometer in 1724 that used a mixture of water, ice, and salt to regulate the temperature, and it was the first to use mercury as the liquid column.

So, while there were earlier versions of mercury thermometers, the modern mercury thermometer is often attributed to Fahrenheit.";False;False;0.9998;fr;en;True;True;False;True;True;Erfinder des Quecksilberthermometers?;de;True;Inventeur du thermomètre à mercure ?;fr;True;;¿Inventor del termómetro de mercurio?;es;True;;;;;;;corta;5
So, what grain is paella made with?;"Une question classique!

La paella est une casserole traditionnelle espagnole, et elle est généralement faite avec de la céréale de riz, mais pas n'importe quelle céréale de riz. La céréale de riz utilisée pour la paella est appelée ""riz de paella"" ou ""riz de Valence"".

Le riz de paella est un type de riz long et fin, qui est spécialement adapté à la cuisson à la paella. Il est généralement cultivé dans la région de Valence, en Espagne, où la paella est originaire.

Le riz de paella est caractérisé par sa texture fine et sa saveur légèrement sucrée, ce qui le rend idéal pour la cuisson à la paella. Il est généralement mélangé avec d'autres ingrédients tels que des légumes, des viandes, des poissons et des épices pour créer la paella classique.";rice;du riz|le riz|de riz|arroz|riso|mit Reis|Reis zubereitet|Bomba;"Paella is a traditional Spanish dish, and it's typically made with a combination of grains, but the main grain used is rice. Specifically, it's usually made with short-grain rice, such as:

1. Calasparra rice: This is a specific type of rice that's native to the Murcia region in Spain, where paella originated. It's known for its ability to absorb flavors and hold its shape well.
2. Bomba rice: This is another type of short-grain rice that's commonly used in paella. It's also from the Murcia region and is prized for its creamy texture and ability to absorb flavors.

Other grains, such as wheat or barley, may be added to paella to add texture and flavor, but rice is the main grain used in this classic Spanish dish.";False;False;0.9998;fr;en;True;True;False;True;True;Also, mit welchem Getreide macht man Paella?;de;True;Alors, avec quelle céréale fait-on la paella ?;fr;True;;Entonces, ¿con qué grano se hace la paella?;es;True;;;;;;;conversacional;10
Who is credited with inventing the World Wide Web?;Le World Wide Web a été inventé par Sir Tim Berners-Lee, un ingénieur suisse britannique. Il a développé la première version du World Wide Web en 1989 à CERN, le centre de recherche européen pour la physique des particules, où il travaillait à l'époque.;Berners-Lee;Berners;Sir Tim Berners-Lee is credited with inventing the World Wide Web. He is a British computer scientist who developed the fundamental technologies that make the web work, including HTTP (Hypertext Transfer Protocol), URL (Uniform Resource Locator), and HTML (Hypertext Markup Language). He proposed the idea of a web in March 1989, and he wrote the first web browser and web server in 1990 while working at CERN, the European particle physics laboratory in Switzerland.;False;False;0.9998;fr;en;True;True;False;True;True;Wer gilt als Erfinder des World Wide Web?;unknown;True;Qui a inventé le World Wide Web?;fr;True;;¿Quién se le atribuye el invento de Internet Mundial?;unknown;True;;;;;;;factual_clasica;
When did Elvis Presley die?;Elvis Presley est mort le 16 août 1977.;1977;;Elvis Presley passed away on August 16, 1977, at his home in Memphis, Tennessee. He was 42 years old at the time of his death.;False;False;0.9998;fr;en;True;True;False;True;True;Wann starb Elvis Presley?;de;True;Quand Elvis Presley est-il mort ?;fr;True;;¿Cuándo murió Elvis Presley?;es;True;;;;;;;factual_aperturas;7
Look up the largest living lizard.;"Un défi!

Le lézard le plus grand vivant est le lézard de Komodo, également connu sous le nom de Varanus komodoensis. Il est une espèce de lézard géant qui appartient à la famille des Varanidae.

Voici quelques informations sur ce créature impressionnante :

*   Longueur : jusqu'à 3 mètres (10 pieds) de long, ce qui en fait l'un des lézards les plus grands vivants.
*   Poids : jusqu'à 70 kilogrammes (154 livres), ce qui en fait l'un des animaux les plus lourds de sa taille.
*   Habitat : les îles de Komodo, Rinca, Flores et Gili Motang, en Indonésie.
*   Alimentation : il se nourrit de sang, de viande et de os, ce qui en fait un prédateur formidable.
*   Caractéristiques : il a une peau rugueuse et grise, des dents pointues et des griffes puissantes.

Le lézard de Komodo est une espèce menacée en raison de la";Komodo dragon;Komodo;"The largest living lizard is the Komodo dragon (Varanus komodoensis). Here are some fascinating facts about this incredible creature:

**Size:**

* Length: Up to 3 meters (10 feet)
* Weight: Up to 70 kilograms (154 pounds)
* Tail length: Up to 1.8 meters (6 feet)

**Habitat:**

* Found in the wild on a few islands in Indonesia, specifically Komodo Island, Rinca Island, Flores Island, and Gili Motang.
* Lives in dry forests, savannas, and grasslands.

**Diet:**

* Carnivorous, feeding on a variety of prey, including:
	+ Deer
	+ Pigs
	+ Goats
	+ Water buffalo
	+ Monkeys
	+ Birds
	+ Reptiles and amphibians

**Behavior:**

* Solitary animals, only coming together for mating or to protect their territory.
* Known for their powerful bite, which can deliver a deadly neurotoxin that can kill their prey.
* Can run at speeds of up to 30 kilometers per hour (19 miles per hour) and climb trees.

**Conservation status:**

* Listed as Vulnerable";False;False;0.9998;fr;en;True;True;False;True;True;Schlag die größte lebende Echse nach.;de;True;Cherchez le plus grand lézard vivant.;fr;True;;Busca el lagarto vivo más grande.;es;True;;;;;;;imperativo;7
Demystify why hair turns gray.;"**Le mystère des cheveux gris : une explication scientifique**

Les cheveux gris, c'est un phénomène qui affecte la plupart des personnes à un certain âge. Mais pourquoi cela se produit-il? Pour comprendre ce phénomène, il faut plonger dans les mécanismes biologiques qui régissent la couleur des cheveux.

**La production de mélanine**

Les cheveux sont composés de trois types de cellules : les cellules de base, les cellules de mélanine et les cellules de cortex. La mélanine est la substance responsable de la couleur des cheveux. Il y a deux types de mélanine : la mélanine éumélanine et la mélanine éumélanine. La mélanine éumélanine est responsable de la couleur brune et noire, tandis que la mélanine éumélanine est responsable de la couleur blonde et auburn.

**L'âge et la production de mélanine**

À mesure que nous grandissons, les cellules de base produisent plus de mélanine éum";melanin;;"The age-old question of gray hair! Let's break down the science behind why hair turns gray.

**The Short Answer:**
Hair turns gray due to a reduction in the production of melanin, the pigment responsible for hair color. This reduction occurs as we age, leading to the appearance of gray or white hair.

**The Long Answer:**
Melanin is produced by cells called melanocytes in the hair follicle. There are two types of melanin: eumelanin (brown/black) and pheomelanin (red/yellow). The combination and concentration of these two types of melanin determine an individual's natural hair color.

As we age, the melanocytes in the hair follicle gradually slow down their production of melanin. This reduction in melanin production leads to a decrease in the amount of pigment available to color the hair shaft. The resulting hair appears gray or white.

**The Factors Contributing to Gray Hair:**

1. **Aging:** As we age, the melanocytes in the hair follicle gradually lose their ability to produce melanin, leading to a decrease in hair color.
2. **Genetics:** Some people may inherit a tendency to go gray earlier in life due to their genetic";False;False;0.9998;fr;en;True;True;False;True;True;Entmystifiziere, warum Haare grau werden.;de;True;Démystifiez pourquoi les cheveux grisonnent.;fr;True;;Desmitifica por qué el pelo se vuelve canoso.;es;True;;;;;;;imperativo_explicativo;8
How does a lever lift heavy loads?;"Un levier est un outil qui permet de soulager ou de lever des charges lourdes en utilisant le principe de l'arche. Voici comment il fonctionne :

1.  Le levier est composé de deux poulies (ou roues) et d'un manche. La poulie est un rouleau en forme de cercle qui tourne autour d'un axe vertical.
2.  Lorsque vous placez le manche du levier sous la charge à lever, la poulie est placée sous la charge.
3.  Lorsque vous tournez le manche du levier, la poulie tourne autour de son axe, ce qui fait tourner la charge en même temps.
4.  La rotation de la charge est proportionnelle à la rotation du manche du levier. C'est pourquoi le levier est capable de lever des charges lourdes.
5.  Le principe de l'arche est utilisé pour augmenter la force appliquée sur la charge. En effet, lorsque vous tournez le manche du levier, vous créez une force de traction sur la charge, qui est multipl";fulcrum;fulcr|appui|Drehpunkt|pivot;"A lever is a simple machine that can lift heavy loads with minimal effort. Here's how it works:

**The Basic Principle:**

A lever is a rigid bar or beam that pivots around a fixed point, called the fulcrum. When a force is applied to one end of the lever, it causes the other end to move in the opposite direction.

**The Three Types of Levers:**

There are three types of levers, each with a different arrangement of the fulcrum and the effort and load:

1. **First-Class Lever:** The fulcrum is between the effort and the load. This type of lever is commonly used in door handles, scissors, and crowbars.
2. **Second-Class Lever:** The load is between the effort and the fulcrum. This type of lever is commonly used in wheelbarrows, shovels, and rakes.
3. **Third-Class Lever:** The effort is between the load and the fulcrum. This type of lever is commonly used in pulleys, winches, and cranes.

**How a Lever Lifts a Heavy Load:**

When a force is applied to the effort (the end of the lever opposite the fulcrum), it";False;False;0.9998;fr;en;True;False;False;True;True;Wie hebt ein Hebel schwere Lasten?;de;True;Comment un levier soulève-t-il de lourdes charges ?;fr;True;;¿Cómo levanta una palanca cargas pesadas?;es;True;;;;;;;explicativa;8
Father of genetics?;Gregor Mendel;Mendel;;That would be Gregor Johann Mendel!;False;False;0.5;unknown;en;True;True;False;True;False;Vater der Genetik?;de;True;Père de la génétique ?;fr;True;;¿Padre de la genética?;es;True;;;;;;;corta;4
Honestly, what's in a Bloody Mary?;"Un Bloody Mary, c'est un cocktail classique!

Un Bloody Mary est un cocktail composé de :

* Vodka (ou gin, mais vodka est la version la plus courante)
* Jus de tomate (ou jus de tomate concentré)
* Lait de coco (ou crème de lait)
* Sel et poivre
* Glaçon
* Oignons, poivrons, persil ou autres garnitures (selon les préférences)

Le mélange de jus de tomate et de vodka donne une saveur légèrement acide et savoureuse, tandis que le lait de coco ou la crème de lait ajoute une texture crémeuse. Les oignons, poivrons, persil ou autres garnitures ajoutent une touche de saveur et de couleur.

Il est souvent servi dans un verre haut avec un bouchon de glace et garni de ses ingrédients. On peut également ajouter d'autres ingrédients, comme du citron, du gingembre ou des herbes, pour donner une touche personnelle au cocktail.

Et vous, aimez-vous les Bloody Mary?";vodka;;"A Bloody Mary is a popular cocktail made with a combination of ingredients, which may vary depending on the recipe or the bartender's creativity. Here's a breakdown of the typical components:

**Main ingredients:**

1. **Vodka**: This is the base spirit, usually a clear, neutral-tasting vodka.
2. **Tomato juice**: This is the primary liquid component, which gives the drink its distinctive flavor and color.
3. **Horseradish**: Some recipes include a dash of horseradish for added spice and kick.
4. **Tabasco sauce**: A few dashes of Tabasco add a spicy, tangy flavor.

**Optional ingredients:**

1. **Garnishes**: Celery stalks, olives, cherry tomatoes, or pickles are commonly used as garnishes.
2. **Spices and seasonings**: Some recipes may include additional spices, such as paprika, garlic powder, or onion powder.
3. **Lemon or lime juice**: A squeeze of citrus juice can add brightness and balance out the flavors.
4. **Bitters**: A few dashes of bitters can enhance the overall flavor profile.

**The classic recipe:**

* 1 1/2 ounces vodka";False;False;0.9998;fr;en;True;True;False;True;True;Ehrlich gesagt: Was ist in einer Bloody Mary?;de;True;Franchement, qu'y a-t-il dans un Bloody Mary ?;fr;True;;Sinceramente, ¿qué lleva un Bloody Mary?;es;True;;;;;;;conversacional;9
What is the name of Earth's only natural satellite?;Le satellite naturel de la Terre est la Lune.;Moon;Lune|Luna|Mond;The answer is: The Moon!;False;False;0.9998;fr;en;True;True;False;True;True;Wie heißt der einzige natürliche Satellit der Erde?;de;True;Quel est le nom du seul satellite naturel de la Terre ?;fr;True;;¿Cuál es el nombre del único satélite natural de la Tierra?;es;True;;;;;;;factual_clasica;
Whose expedition first reached the South Pole?;L'expédition de Robert Falcon Scott a atteint la première le pôle Sud le 17 décembre 1912;Amundsen;;The expedition that first reached the South Pole was led by Norwegian explorer Roald Amundsen. He and his team arrived at the South Pole on December 14, 1911.;False;False;0.9998;fr;en;True;False;False;True;False;Wessen Expedition erreichte als erste den Südpol?;de;True;L'expédition de qui a atteint la première le pôle Sud ?;fr;True;;¿La expedición de quién llegó primero al Polo Sur?;es;True;;;;;;;factual_aperturas;9
Point out the main ingredient of hummus.;Le houmous est un dip délicieux et populaire. L'ingrédient principal du houmous est le fèves.;chickpeas;chickpea|pois chiche|garbanzo|Kichererbse|grao-de-bico|grao de bico;The main ingredient of hummus is chickpeas (also known as garbanzo beans)!;False;False;0.9998;fr;en;True;False;False;True;False;Zeig die Hauptzutat von Hummus.;de;True;Désignez l'ingrédient principal du houmous.;fr;True;;Señala el ingrediente principal del hummus.;es;True;;;;;;;imperativo;9
Elucidate how seeds sprout.;"Les graines sont les principaux outils de reproduction des plantes. Voici une explication détaillée de leur processus de germination :

1.  **La germination** : La germination est le processus par lequel une graine commence à pousser et à se développer en une plante. Cela se produit lorsque la graine est exposée à l'eau et à la lumière.
2.  **La germination initiale** : La germination initiale est le premier stade de germination. Au cours de ce stade, la graine commence à absorber de l'eau et à produire des enzymes qui aident à décomposer les composants de la graine.
3.  **La germination active** : La germination active est le deuxième stade de germination. Au cours de ce stade, la graine commence à pousser et à se développer en une plante. Cela se produit lorsque la graine a absorbé suffisamment d'eau et de nutriments pour commencer à produire des tiges et des feuilles.
4.  **La croissance** : La croissance est le st";germination;germin|Keim;"The magical process of seed sprouting! It's a fascinating journey that involves a series of complex physiological and biochemical changes. Here's a step-by-step explanation of how seeds sprout:

**Step 1: Imbibition (Water Absorption)**

When a seed is exposed to water, it begins to absorb moisture through its seed coat. This process is called imbibition. The seed coat, which is the outermost layer of the seed, absorbs water, causing the seed to swell.

**Step 2: Germination (Seed Activation)**

As the seed absorbs water, the embryo inside the seed begins to activate. The embryo is the immature plant, consisting of a root, stem, and leaves. The activation of the embryo is triggered by the absorption of water, which breaks down the seed's dormancy.

**Step 3: Breakdown of Dormancy**

The seed's dormancy is broken down by enzymes that are produced during imbibition. These enzymes, such as gibberellins and abscisic acid, help to break down the seed's stored energy and initiate the germination process.

**Step 4: Radicle Emergence (Root Growth)**

The first visible sign of germination is the";False;False;0.9998;fr;en;True;True;False;True;True;Verdeutliche, wie Samen austreiben.;de;True;Élucidez comment les graines poussent.;fr;True;;Dilucida cómo brotan las semillas.;es;True;;;;;;;imperativo_explicativo;8
How are frescoes painted?;"La peinture de fresques est une technique artistique qui consiste à peindre des images ou des dessins sur des surfaces de plâtre ou de calcait, généralement dans des églises ou des bâtiments historiques. Voici les étapes générales pour peindre des fresques :

**Préparation**

1. **Choix du sujet** : le artiste doit choisir le sujet de la fresque, qui peut être un scène biblique, un mythe, un personnage historique ou un motif géométrique.
2. **Conception** : le artiste doit concevoir la composition de la fresque, en tenant compte de la forme et de la taille de la surface sur laquelle il va peindre.
3. **Préparation de la surface** : la surface sur laquelle on va peindre doit être propre, sèche et libre de poussière. Il faut également appliquer une couche de plâtre ou de calcait pour créer une surface lisse et uniforme.

**Peinture**

1. **Préparation des couleurs** : les couleurs doivent être préparées à l'av";plaster;platre|yeso|Putz|intonac|gesso|enduit|a l'humidite|humedo|feucht;"Frescoes are a type of mural painting that is created on wet plaster, and the process of painting them is quite unique. Here's a step-by-step guide on how frescoes are typically painted:

**Preparation**

1. **Design and planning**: The artist creates a design or sketch of the fresco, taking into account the size, shape, and placement of the mural.
2. **Preparation of the wall**: The wall is cleaned, and a layer of lime-based plaster is applied to create a smooth surface.
3. **Application of the wet plaster**: A mixture of water, lime, and sand is applied to the wall in thin layers, creating a wet surface. This is called the ""intonaco"" layer.

**Painting the Fresco**

1. **Pigment preparation**: The artist mixes pigments with a binding agent, such as egg yolks or gum arabic, to create a paint-like consistency.
2. **Painting the fresco**: The artist begins painting the fresco, using a brush or a tool to apply the pigment mixture to the wet plaster. The paint is applied in thin layers, allowing each layer to dry before adding the next.
3. **Building up layers**: The";False;False;0.9998;fr;en;True;True;False;True;True;Wie werden Fresken gemalt?;de;True;Comment peint-on les fresques ?;fr;True;;¿Cómo se pintan los frescos?;es;True;;;;;;;explicativa;6
Father of geometry?;"Vous faites référence à Euclide! 

Euclide (en grec ancien : Εὐκλείδης, Eukleïdēs) est considéré comme l'un des plus grands géomètres de l'Antiquité. Il est souvent appelé le ""Père de la géométrie"" en raison de son influence majeure sur le développement de la géométrie et de la mathématique en général.

Euclide a vécu au IIIe siècle avant Jésus-Christ et a écrit un traité de géométrie intitulé ""Les Éléments"", qui est considéré comme l'un des textes les plus importants de la géométrie antique. Ce traité présente une méthodologie rigoureuse pour résoudre des problèmes géométriques, en utilisant des démonstrations et des arguments logiques pour prouver les résultats.

Les ""Éléments"" de Euclide sont encore étudiés et utilisés aujourd'hui en mathématiques, en particulier en algèbre et en géométrie. Il est considéré comme l'un des piliers de";Euclid;Euclide|Euclides|Euklid;"You're thinking of Euclid!

Yes, Euclid (fl. 300 BCE) is indeed considered the ""Father of Geometry"". He was a Greek mathematician who lived in Alexandria, Egypt, and is best known for his book ""The Elements"", which is one of the most influential works in the history of mathematics.

In ""The Elements"", Euclid systematically presented the foundations of geometry, including points, lines, angles, and solids, and developed theorems and proofs that are still studied and used today. His work laid the foundation for the development of mathematics and science, and his influence can be seen in many areas of mathematics, science, and engineering.

Would you like to know more about Euclid or geometry?";False;False;0.9998;fr;en;True;True;False;True;True;Vater der Geometrie?;de;True;Père de la géométrie ?;fr;True;;¿Padre de la geometría?;es;True;;;;;;;corta;4
Honestly, what's pesto's main herb?;L'herbe principale du pesto est le basilic.;basil;basilic|albahaca|Basilikum|basilico|manjericao;Pesto's main herb is actually Basil! Specifically, Genovese basil is the traditional choice for making authentic Italian pesto sauce. The basil adds a bright, fresh flavor and aroma to the sauce, which is typically made with garlic, pine nuts, Parmesan cheese, and olive oil.;False;False;0.9962;fr;en;True;True;False;True;True;Ehrlich gesagt: Was ist das Hauptkraut im Pesto?;de;True;Franchement, quelle est l'herbe principale du pesto ?;fr;True;;Sinceramente, ¿cuál es la hierba principal del pesto?;es;True;;;;;;;conversacional;10
What is the capital of Sudan?;La capitale du Soudan est Khartoum.;Khartoum;Jartum|Khartum|Cartum;The capital of Sudan is Khartoum.;False;False;0.9998;fr;en;True;True;False;True;True;Was ist die Hauptstadt von Sudan?;de;True;Quelle est la capitale du Soudan?;fr;True;;¿Cuál es la capital de Sudán?;es;True;;;;;;;factual_clasica;
Whose ship was the Santa Maria?;Le navire Santa María était un navire espagnol qui faisait partie de la flotte de Christophe Colomb lors de son quatrième voyage aux Amériques en 1502-1504. Le navire était commandé par Vicente Yáñez Pinzón, un navigateur et explorateur espagnol qui avait participé à la première voyage de Colomb en 1492.;Columbus;Colomb|Kolumbus|Colombo|Cristobal Colon|Cristoforo Colombo;The Santa Maria was the flagship of Christopher Columbus's first voyage to the Americas in 1492.;False;False;0.9998;fr;en;True;True;False;True;True;Wessen Schiff war die Santa María?;de;True;À qui appartenait le navire Santa María ?;fr;True;;¿De quién era la nave Santa María?;es;True;;;;;;;factual_aperturas;8
Remind me who discovered insulin.;"Une question sur l'histoire de la médecine!

L'insuline a été découverte par plusieurs scientifiques, mais la crédit la plus souvent accordée à son invention est accordée à :

* **Frederick Banting** (1883-1941), un chirurgien canadien, et
* **Charles Best** (1899-1978), un étudiant en médecine canadien, qui ont travaillé ensemble au University of Toronto en 1921.

Cependant, il est important de noter que d'autres scientifiques, tels que **John Macleod** (1876-1935), un biologiste canadien, et **James Collip** (1892-1965), un biochimiste américain, ont également contribué à l'élaboration de l'insuline.

En 1921, Banting et Best ont réussi à isoler l'insuline de la pancréas de souris et ont démontré son efficacité pour traiter le diabète. Leur découverte a été un tournant majeur dans";Banting;;"A great question about a groundbreaking discovery!

Insulin was discovered by two Canadian researchers, Frederick Banting and Charles Best, in 1921. They were working at the University of Toronto at the time.

However, it's worth noting that another researcher, James Collip, also played a crucial role in the discovery. Collip, a Canadian biochemist, helped to purify the insulin extracted from the pancreas of dogs, which led to the development of a more effective and reliable insulin preparation.

Banting and Best were awarded the Nobel Prize in Physiology or Medicine in 1923 for their discovery of insulin, which revolutionized the treatment of diabetes and saved countless lives.

Would you like to know more about the discovery of insulin or its impact on diabetes treatment?";False;False;0.9998;fr;en;True;True;False;True;True;Erinnere mich, wer das Insulin entdeckte.;de;True;Rappelez-moi qui a découvert l'insuline.;fr;True;;Recuérdame quién descubrió la insulina.;es;True;;;;;;;imperativo;7
Spell out why the Statue of Liberty is green.;"La statue de la Liberté, située à New York, est en réalité une statue de cuivre, pas de verre. Elle a été conçue par Frédéric Auguste Bartholdi et a été inaugurée en 1886. La statue est faite de cuivre et d'acier, et elle a été peinte de vert pour protéger la statue des effets du temps et de la corrosion.

Le cuivre est un métal qui réagit avec l'air et l'eau pour former des oxydes, ce qui peut causer des dommages à la statue. Pour éviter cela, les artistes ont choisi de peindre la statue de vert, un colorant qui protège le cuivre des effets nocifs de l'air et de l'eau. Le vert a été choisi parce qu'il est un colorant qui se fond bien sur le cuivre et qui ne change pas de couleur avec le temps.

Il est important de noter que la statue de la Liberté n'est pas entièrement verte. Les parties les plus exposées à l'air sont peintes de vert, tandis que les parties intérieures de la statue sont la";patina;patin|copper|cuivre|cobre|Kupfer|oxyd|oxid;"The Statue of Liberty is actually copper, not green. When it was first built, the statue was made of copper sheets that were riveted together and supported by an internal framework. Over time, the copper oxidized, or reacted with oxygen in the air, and formed a green-colored patina, also known as verdigris.

This natural process, called oxidation, is a common occurrence with copper and other metals. It's a result of the metal reacting with the air, water, and other environmental factors, which causes it to break down and form a protective layer of green-colored copper oxide.

So, to summarize, the Statue of Liberty is green because of the natural oxidation process that occurred over time, which transformed the original copper sheets into the iconic green-colored statue we see today!";False;False;0.9998;fr;en;True;True;False;True;True;Erkläre genau, warum die Freiheitsstatue grün ist.;de;True;Explicitez pourquoi la statue de la Liberté est verte.;fr;True;;Detalla paso a paso por qué la Estatua de la Libertad es verde.;es;True;;;;;;;imperativo_explicativo;10
What structure defines a haiku?;"Un haïku est une poésie traditionnelle japonaise composée de trois lignes, avec un nombre spécifique de syllabes dans chaque ligne. La structure typique d'un haïku est la suivante :

* La première ligne (haiku) compte 5 syllabes.
* La deuxième ligne (chou) compte 7 syllabes.
* La troisième ligne (fune) compte 5 syllabes.

Cependant, il est important de noter que cette structure n'est pas toujours respectée dans les haïkus modernes, et certains poètes préfèrent une structure plus flexible ou expérimentale.

En outre, les haïkus traditionnels japonais sont souvent caractérisés par une ""structure de 5-7-5"" qui ne fait pas référence à un nombre précis de syllabes, mais plutôt à une structure rythmique et poétique. La première et la troisième lignes sont souvent plus courtes et plus concises, tandis que la deuxième ligne est plus longue et plus développée.

En tout cas, la structure de base d'un haïku est de";syllables;syllab|silab|Silbe|sillab|17;"A traditional haiku is a type of Japanese poetry that consists of three lines with a specific syllable count. The structure of a haiku is typically as follows:

* The first line has five syllables
* The second line has seven syllables
* The third line has five syllables again

This 5-7-5 syllable pattern is often referred to as the ""traditional haiku structure."" However, it's worth noting that modern haiku often deviate from this traditional structure, and some poets may use different syllable counts or more flexible forms.

The traditional haiku also often includes a seasonal reference (known as a ""kigo"") and a focus on nature, which is meant to evoke a sense of wonder and connection to the natural world.";False;False;0.9998;fr;en;True;True;False;True;True;Welche Struktur bestimmt ein Haiku?;de;True;Quelle structure définit un haïku ?;fr;True;;¿Qué estructura define un haiku?;es;True;;;;;;;explicativa;7
Father of medicine?;"Vous faites référence à Hippocrate! 

Hippocrate (en grec ancien : Ἱπποκράτης, Hippokrátēs) est considéré comme l'un des pères de la médecine. Il a vécu au Ve siècle avant Jésus-Christ et a été un médecin, un enseignant et un écrivain grec.

Hippocrate est célèbre pour avoir écrit de nombreux traités médicaux, dont le plus célèbre est le ""Liber de morbis acutis"" ( Livre des maladies aigues). Ces écrits, qui datent de la période classique de la Grèce, sont considérés comme l'un des premiers ouvrages de médecine de l'histoire.

Les principes de la médecine hippocratique se base sur la doctrine de la ""fourbesse"" (ou ""fourbesse médicale""), qui consiste à attribuer les maladies à des causes humaines (telles que la faiblesse, la colère, la gaieté) plutôt qu'à des causes naturelles (";Hippocrates;Hippocrate|Hipocrates|Hippokrates|Ippocrate;"You're thinking of Hippocrates!

Hippocrates (460-370 BCE) is indeed considered the ""Father of Medicine"" in many parts of the world, including Greece, Rome, and the Western world. He was a Greek physician who is widely regarded as one of the most outstanding figures in the history of medicine.

Hippocrates was a physician, teacher, and philosopher who lived on the Greek island of Kos. He is known for his contributions to the field of medicine, including:

1. **The Hippocratic Oath**: a code of ethics that physicians still take today, which emphasizes the importance of confidentiality, respect for patients, and the avoidance of harm.
2. **The Four Humors Theory**: a theory that proposed that the body contained four fluid-like substances (blood, phlegm, yellow bile, and black bile) that needed to be kept in balance to maintain health.
3. **Clinical observation and documentation**: Hippocrates is credited with developing a systematic approach to clinical observation and documentation, which laid the foundation for modern medical practice.
4. **Teaching and education**: Hippocrates was a prolific teacher and writer, and his teachings were widely disseminated throughout the ancient world.

Hippocrates' legacy extends far beyond his";False;False;0.9998;fr;en;True;True;False;True;True;Vater der Medizin?;de;True;Père de la médecine ?;fr;True;;¿Padre de la medicina?;es;True;;;;;;;corta;4
Wait, what plant makes tequila?;"Une question sur la tequila!

La tequila est une spiritueuse traditionnellement produite à partir de l'agrumescent de l'agave, plus précisément de l'agave tequilana (ou agave azul). Cette plante est native du Mexique et est cultivée principalement dans les régions de Jalisco, Guanajuato, Michoacán, Nayarit et Tamaulipas.

L'agave tequilana est une plante succulente qui peut atteindre jusqu'à 2 mètres de hauteur et a des feuilles larges et arrondies. Elle contient un liquide sucré appelé ""pita"" qui est utilisé pour produire la tequila.

Il existe plusieurs variétés d'agave tequilana, mais la plus couramment utilisée pour la production de tequila est l'agave tequilana Weber, qui est considérée comme la meilleure variété pour la production de tequila de qualité.

Il est important de noter que la production de tequila est réglementée par les normes de l'Organisation mondiale de la santé (OMS";agave;;"Tequila is actually made from the blue agave plant (Agave tequilana), not a traditional plant like wheat or corn. The blue agave is a type of succulent that's native to Mexico, and it's the primary ingredient in tequila production.

The blue agave is harvested when it's mature and has reached a certain level of ripeness, which is typically after 8-12 years. The heart of the agave, called the piña, is then extracted and fermented to produce the tequila. The type of tequila you get will depend on the region it's produced in (e.g., Blanco, Reposado, Añejo, etc.) and the specific agave varieties used.

Would you like to know more about tequila or blue agave?";False;False;0.9998;fr;en;True;True;False;True;True;Moment, aus welcher Pflanze wird Tequila gemacht?;de;True;Attends, quelle plante sert à faire la tequila ?;fr;True;;Espera, ¿de qué planta se hace el tequila?;es;True;;;;;;;conversacional;8
What is the capital of Croatia?;La capitale de la Croatie est Zagreb.;Zagreb;Zagabria;The capital of Croatia is Zagreb.;False;False;0.9997;fr;en;True;True;False;True;True;Was ist die Hauptstadt von Kroatien?;de;True;Quelle est la capitale de la Croatie ?;fr;True;;¿Cuál es la capital de Croacia?;es;True;;;;;;;factual_clasica;
Which scientist discovered the neutron?;Le scientifique qui a découvert le neutron est James Chadwick.;Chadwick;;The neutron was discovered by British physicist James Chadwick in 1932. He was working at the Cavendish Laboratory at Cambridge University at the time, and he discovered the neutron while studying the properties of beryllium. Chadwick's discovery of the neutron was a major breakthrough in the field of nuclear physics and earned him the Nobel Prize in Physics in 1935.;False;False;0.9998;fr;en;True;True;False;True;True;Welcher Wissenschaftler entdeckte das Neutron?;de;True;Quel scientifique a découvert le neutron ?;fr;True;;¿Qué científico descubrió el neutrón?;es;True;;;;;;;factual_aperturas;6
Let me know the capital of Serbia.;La capitale de la Serbie est Belgrade.;Belgrade;Belgrado|Belgrad;The capital of Serbia is Belgrade.;False;False;0.9991;fr;en;True;True;False;True;True;Sag mir die Hauptstadt Serbiens.;de;True;Dites-moi la capitale de la Serbie.;fr;True;;Dime la capital de Serbia.;es;True;;;;;;;imperativo;8
Cover what causes jet lag.;"Le décalage horaire, également connu sous le nom de changement d'heure, est une modification du moment local du jour en fonction de la position de la Terre dans son orbite autour du Soleil. Voici les principales causes du décalage horaire :

1.  **L'orbite terrestre** : La Terre tourne sur son axe en 24 heures, mais elle tourne également autour du Soleil en 365,25 jours (un an solaire). Cela signifie que la Terre ne reste pas au même endroit dans son orbite pendant une journée, ce qui entraîne un décalage horaire.
2.  **La position de la Terre dans son orbite** : Lorsque la Terre est plus proche du Soleil, elle reçoit plus de lumière et il fait jour plus tôt. Lorsqu'elle est plus éloignée du Soleil, il fait plus tard. Cela signifie que les heures sont plus longues pendant les périodes de l'année où la Terre est plus proche du Soleil (hiver et été) et plus courtes pendant les périodes où";circadian;circadi|zirkadian|reloj biologico|horloge biologique|innere Uhr|biologische Uhr;"Jet lag! It's a common phenomenon that can disrupt our sleep patterns and overall well-being when traveling across time zones. Here's what causes jet lag:

**What is jet lag?**

Jet lag, also known as desynchronosis, is a temporary disorder that occurs when our internal body clock is out of sync with the new time zone we're in. This happens when we travel across multiple time zones, causing our body to experience a mismatch between our natural sleep-wake cycle (circadian rhythm) and the new time zone's schedule.

**Causes of jet lag:**

1. **Time zone change**: When we travel across multiple time zones, our body's internal clock is forced to adjust to a new schedule. This can take several days to adjust to the new time zone.
2. **Disruption of the suprachiasmatic nucleus (SCN)**: The SCN is the part of the brain that regulates our circadian rhythm. When we travel, our SCN is disrupted, making it harder for our body to adjust to the new time zone.
3. **Melatonin levels**: Melatonin is a hormone that regulates our sleep-wake cycle. When we travel, our melatonin levels can be affected, leading to insomnia";False;False;0.9998;fr;en;True;False;False;True;True;Behandle, was Jetlag verursacht.;de;True;Traitez les causes du décalage horaire.;fr;True;;Trata qué causa el desfase horario.;es;True;;;;;;;imperativo_explicativo;6
What defines a sonnet's length?;"Un sonnet est un poème à 14 vers, généralement écrits en vers iambiques (vers de 8 syllabes avec un accent sur la deuxième syllabe). Il existe plusieurs formes de sonnets, mais la forme la plus courante est le sonnet italien ou le sonnet de Petrarque, qui se compose de 14 vers, divisés en deux parties :

*   La première partie, appelée l'octave, contient 8 vers qui présentent le thème ou la question du poème.
*   La seconde partie, appelée le sestin, contient 6 vers qui répondent à la question ou au thème de l'octave.

Le sonnet italien est souvent considéré comme l'un des plus beaux et des plus célèbres formes de poésie lyrique.";14;quatorze|catorce|vierzehn|quattordici|catorze|fourteen;"A traditional sonnet is a 14-line poem, written in iambic pentameter, with a specific rhyme scheme. There are two main forms of sonnets: the Shakespearean sonnet and the Italian sonnet.

**Shakespearean Sonnet:**

* Consists of 14 lines, with a rhyme scheme of: ABAB CDCD EFEF GG
* The first quatrain (four-line stanza) introduces the theme or subject
* The second quatrain develops the idea
* The third quatrain provides a turn or shift in the poem, often introducing a new idea or perspective
* The final couplet (two-line stanza) concludes the poem with a resolution or a comment on the theme

**Italian Sonnet:**

* Also consists of 14 lines, with a rhyme scheme of: ABBA ABBA CDCD CD
* The first eight lines (the octave) introduce the theme or subject
* The final six lines (the sestet) develop and resolve the idea
* The poem typically follows a pattern of alternating rhymes, with a pause or ""turn"" between the octave and the sestet

In both forms, the sonnet's length is fixed at 14 lines";False;False;0.9998;fr;en;True;True;False;True;True;Was bestimmt die Länge eines Sonetts?;de;True;Qu'est-ce qui définit la longueur d'un sonnet ?;fr;True;;¿Qué define la extensión de un soneto?;es;True;;;;;;;explicativa;8
Father of history?;"Vous faites référence à Charlemagne! Il est souvent appelé le ""Père de l'histoire"" en raison de son importance dans l'élaboration de l'histoire de l'Europe. Charlemagne, roi des Francs, a joué un rôle crucial dans la formation de l'identité européenne et a contribué à la création de l'Empire carolingien, qui a marqué le début de la période médiévale.

En tant que roi, Charlemagne a :

1. **Réorganisé l'administration** : Il a créé un système d'administration centralisé, qui a permis de répartir les pouvoirs et de coordonner les activités entre les différentes régions de l'Empire.
2. **Promu l'éducation** : Il a encouragé l'éducation et a fondé des écoles et des universités, qui ont contribué à la diffusion de la connaissance et de la culture.
3. **Favorisé l'art et l'architecture** : Il a encouragé l'art et l'architecture, en commençant par la construction de l'";Herodotus;Herodote|Herodoto|Herodot|Erodoto;"You're thinking of Herodotus, the ancient Greek historian often referred to as the ""Father of History"". He's credited with being one of the first historians in the Western tradition, and his works, particularly ""The Histories"", are still studied and admired today.

Herodotus was born around 484 BCE in Halicarnassus, a city in ancient Greece. He traveled extensively throughout the ancient world, gathering information and stories about the cultures, customs, and events of the time. His writings were groundbreaking in that they focused on the human experience, rather than just the actions of gods and goddesses.

Herodotus' most famous work, ""The Histories"", is a sweeping narrative that covers the ancient world, from the Persian Wars to the mythical origins of the Greeks. He's also known for his use of eyewitness accounts, oral traditions, and archaeological evidence to support his stories.

What would you like to know more about Herodotus or his works?";False;False;0.9998;fr;en;True;False;False;True;False;Vater der Geschichtsschreibung?;de;True;Père de l'histoire ?;fr;True;;¿Padre de la historia?;es;True;;;;;;;corta;4
Pub quiz: which gas lights red signs?;"Une question classique!

La réponse est : le gaz incandescent! Cependant, dans de nombreux cas, les enseignes rouges sont éclairées par des ampoules à incandescence en néon, qui sont en réalité remplacées par des LEDs (diodes émettrices de lumière) dans de nombreux endroits.

Mais si je devais choisir une réponse plus spécifique, je dirais que les enseignes rouges sont souvent éclairées par des ampoules à incandescence en néon, qui utilisent un gaz noble comme l'argon ou le krypton pour produire la lumière.";neon;;The answer to that one is... COBALT BLUE!;False;False;0.9998;fr;en;True;True;False;False;True;Kneipenquiz: Welches Gas lässt rote Leuchtschilder leuchten?;de;True;Quiz au bar : quel gaz éclaire les enseignes rouges ?;fr;True;;Pregunta de bar: ¿qué gas ilumina los letreros rojos?;es;True;;;;;;;conversacional;9
In what year was the Declaration of the Rights of Man adopted in France?;La Déclaration des droits de l'homme et du citoyen a été adoptée en France en 1789.;1789;;The Declaration of the Rights of Man and of the Citizen was adopted in France on August 26, 1789.;False;False;0.9998;fr;en;True;True;False;True;True;In welchem Jahr wurde die Deklaration der Rechte des Menschen in Frankreich angenommen?;de;True;En quelle année la Déclaration des droits de l'homme a-t-elle été adoptée en France ?;fr;True;;¿En qué año se adoptó la Declaración de los Derechos del Hombre en Francia?;es;True;;;;;;;factual_clasica;
Which computer defeated Kasparov?;"Vous faites référence à l'histoire du jeu d'échecs entre Garry Kasparov et Deep Blue, un ordinateur développé par IBM.

Le match a eu lieu en 1997 à New York et a duré six parties. Le 19 mai 1997, Deep Blue a remporté la sixième partie, ce qui a marqué la première fois qu'un ordinateur a battu un grand maître d'échecs.

Cependant, il est important de noter que Kasparov a remporté les quatre premières parties du match, ce qui montre que l'intelligence artificielle n'était pas encore suffisamment avancée pour battre un grand maître humain.

Le match a été un tournant important dans l'histoire de l'intelligence artificielle et a ouvert la voie à l'utilisation de l'intelligence artificielle dans divers domaines, notamment les jeux vidéo et les systèmes d'intelligence artificielle.

Voici les résultats du match :

* Garry Kasparov : 3,5/6
* Deep Blue : 3,5/6

C'est une";Deep Blue;;"You're referring to the historic match between the world's top chess player at the time, Garry Kasparov, and a computer program.

The answer is Deep Blue, a supercomputer developed by IBM. In 1997, Deep Blue defeated Kasparov in a six-game match, winning 3.5 to 2.5.

Deep Blue was a remarkable achievement in artificial intelligence, using a combination of brute force and advanced algorithms to analyze millions of positions per second. Its victory marked a significant milestone in the development of chess-playing computers.

Would you like to know more about the match or the technology behind Deep Blue?";False;False;0.9998;fr;en;True;True;False;True;True;Welcher Computer besiegte Kasparow?;de;True;Quel ordinateur a battu Kasparov ?;fr;True;;¿Qué computadora derrotó a Kaspárov?;es;True;;;;;;;factual_aperturas;7
Spot the largest lake in Africa.;Le plus grand lac d'Afrique est le lac Malawi.;Victoria;;The largest lake in Africa is Lake Victoria.;False;False;0.9998;fr;en;True;False;False;True;False;Ermittle den größten See Afrikas.;de;True;Repérez le plus grand lac d'Afrique.;fr;True;;Detecta el lago más grande de África.;es;True;;;;;;;imperativo;7
Decode how LEDs produce light.;"Les LED (Light Emitting Diode, ou diode émetteur de lumière) sont des composants électroniques qui produisent de la lumière lorsque l'électricité passe à travers eux. Voici comment ça marche :

**La structure d'un LED**

Un LED est composé de deux éléments semiconducteurs, généralement de silicium, qui forment un diode p-n. Le diode p-n est un composant qui permet la circulation de courants électriques dans un sens (polarité) et l'empêche dans l'autre sens.

**Le processus de luminescence**

Lorsque l'électricité passe à travers le diode p-n, elle rencontre des électrons libres dans le matériau semiconducteur. Ces électrons sont attirés vers l'endroit où ils rencontrent des trous (défauts de charge) dans le matériau. Cette migration des électrons et des trous crée une tension électrique entre les deux éléments semiconducteurs.

**La luminescence**

Lorsque la tension électrique entre les deux éléments semiconducteurs";semiconductors;semicond|Halbleiter|lectron|p-n|pn-Ubergang|p-Element;"LEDs (Light Emitting Diodes) produce light through a process called electroluminescence. Here's a step-by-step explanation of how it works:

**The Basic Principle**

An LED consists of two types of materials: p-type (positive) and n-type (negative) semiconductors. When a voltage is applied across the LED, electrons from the n-type material flow into the p-type material, creating a flow of current.

**The Process**

1. **Electron Flow**: When a voltage is applied to the LED, electrons from the n-type material flow into the p-type material. This creates a flow of current, known as the forward bias.
2. **Recombination**: As the electrons flow into the p-type material, they collide with holes (positive charge carriers) in the material. This collision causes the electrons to recombine with the holes, releasing energy in the form of photons.
3. **Photon Emission**: The energy released by the recombination of electrons and holes is in the form of photons, which are emitted in all directions from the LED.
4. **Light Emission**: The photons emitted by the LED are what we perceive as light. The color of the light depends on the energy";False;False;0.9998;fr;en;True;True;False;True;True;Entschlüssle, wie LEDs Licht erzeugen.;de;True;Décodez comment les LED produisent de la lumière.;fr;True;;Decodifica cómo producen luz los LED.;es;True;;;;;;;imperativo_explicativo;6
What does a metronome keep?;"Un métronome est un instrument qui aide à réguler le rythme, en particulier pour les musiciens, les danseurs et les chanteurs. Il marque le temps en battant à un rythme régulier, généralement en secondes ou en temps.

En général, un métronome marque à :

* 1 secondes : un ""tick"" ou un ""clac""
* 2 secondes : un ""tick"" ou un ""clac""
* 3 secondes : un ""tick"" ou un ""clac""
* 4 secondes : un ""tick"" ou un ""clac""

Cependant, il existe également des métronomes qui marquent à d'autres intervalles, tels que :

* 3/4 : un ""tick"" pour 3 secondes, puis un ""clac"" pour 1 seconde
* 4/4 : un ""tick"" pour 1 seconde, puis un ""clac"" pour 1 seconde
* 6/8 : un ""tick"" pour 1 seconde, puis un ""clac"" pour 1,5 secondes

Il est important de";tempo;rythme|ritmo|Takt|beat;A metronome keeps time! It's a musical instrument that helps musicians keep a steady beat or tempo, usually measured in beats per minute (BPM). It provides a consistent pulse or rhythm, allowing musicians to play in time with the metronome's steady tick or click.;False;False;0.9998;fr;en;True;True;False;True;True;Was gibt ein Metronom vor?;de;True;Que marque un métronome ?;fr;True;;¿Qué marca un metrónomo?;es;True;;;;;;;explicativa;8
Largest Mediterranean island?;L'île de Sicile est la plus grande île de la Méditerranée.;Sicily;Sicile|Sicilia|Sizilien;The largest Mediterranean island is Sicily, which is an autonomous region of Italy. It has an area of approximately 25,711 square kilometers (9,927 square miles).;False;False;0.9998;fr;en;True;True;False;True;True;Größte Mittelmeerinsel?;de;True;Plus grande île de la Méditerranée ?;fr;True;;¿Mayor isla del Mediterráneo?;es;True;;;;;;;corta;5
Hey, who wrote Pinocchio?;"C'est Carlo Collodi qui a écrit le célèbre roman ""Pinocchio"" en 1881. Carlo Collodi, de son vrai nom Carlo Lorenzini, était un écrivain italien qui a écrit cette histoire pour les enfants, qui a ensuite été traduite dans de nombreuses langues et est devenue un classique de la littérature pour enfants.";Collodi;;"A classic tale!

Pinocchio was written by Carlo Collodi, an Italian author and journalist. The original book, titled ""The Adventures of Pinocchio,"" was first published in serial form in an Italian newspaper in 1881. It was later published in book form in 1883.

However, it's worth noting that the Disney adaptation of Pinocchio, which is probably the most well-known version, was written by several people, including:

* Ted Sears (screenwriter)
* Wilfred Jackson (screenwriter)
* Bill Walsh (screenwriter)
* Joe Grant (screenwriter)
* and others

The Disney movie was released in 1940 and has since become a beloved classic around the world.

Would you like to know more about Pinocchio or Carlo Collodi?";False;False;0.9998;fr;en;True;True;False;True;True;Hey, wer schrieb Pinocchio?;de;True;Hé, qui a écrit Pinocchio ?;fr;True;;Oye, ¿quién escribió Pinocho?;es;True;;;;;;;conversacional;8
In what year was John F. Kennedy assassinated?;John F. Kennedy, le 35e président des États-Unis, a été assassiné le 22 novembre 1963 à Dallas, au Texas.;1963;;John F. Kennedy, the 35th President of the United States, was assassinated on November 22, 1963, in Dallas, Texas.;False;False;0.9998;fr;en;True;True;False;True;True;In welchem Jahr wurde John F. Kennedy ermordet?;unknown;True;En quelle année John F. Kennedy a-t-il été assassiné ?;fr;True;;¿En qué año fue asesinado John F. Kennedy?;unknown;True;;;;;;;factual_clasica;
Which empire built Machu Picchu?;"Un excellent question!

Machu Picchu, l'une des plus célèbres cités inca, a été construite par les Incas, un empire sud-américain qui a dominé la région du Pérou de 1438 à 1533.

Plus précisément, la construction de Machu Picchu est attribuée au roi inca Pachacuti (1380-1472), qui a ordonné la construction de la cité en 1450, comme résidence impériale et centre de pouvoir. La cité a été construite sur une montagne rocheuse, à une altitude de 2 430 mètres au-dessus du niveau de la mer, et a été entièrement abandonnée avant la conquête espagnole du Pérou au XVIe siècle.

Les Incas ont construit Machu Picchu en utilisant des pierres sèches, sans mortier, et ont créé un système d'irrigation pour nourrir les cultures et les animaux. La cité est également connue pour ses temples, ses maisons, ses routes et ses symboles inca, qui reflètent la richesse culturelle";Inca;Inka;Machu Picchu was built by the Inca Empire. Specifically, it was constructed during the 15th century, specifically between 1450 and 1460, under the rule of the Inca emperor Pachacuti. The Inca Empire was a vast and powerful empire that flourished in the Andean region of South America, and Machu Picchu was one of its most impressive and mysterious ruins.;False;False;0.9998;fr;en;True;True;False;True;True;Welches Reich erbaute Machu Picchu?;de;True;Quel empire a construit le Machu Picchu ?;fr;True;;¿Qué imperio construyó Machu Picchu?;es;True;;;;;;;factual_aperturas;8
Fetch the capital of Latvia.;La capitale de la Lettonie est Riga.;Riga;;The capital of Latvia is Riga.;False;False;0.9997;fr;en;True;True;False;True;True;Hol mir die Hauptstadt Lettlands.;de;True;Rapportez-moi la capitale de la Lettonie.;fr;True;;Tráeme la capital de Letonia.;es;True;;;;;;;imperativo;6
Unravel how kidneys clean blood.;"Les reins jouent un rôle essentiel dans le processus de filtration du sang. Voici une explication détaillée de comment ils nettoient le sang :

**Fonctionnement des reins**

Les reins sont deux organes situés dans les cuisses qui fonctionnent ensemble pour maintenir l'équilibre de l'électrolyte et de l'eau dans le corps. Ils sont responsables de la filtration du sang, de la régulation de la pression artérielle et de la production d'urine.

**Processus de filtration**

La filtration du sang se produit dans les nephrons, les unités fonctionnelles des reins. Chaque nephron est composé de trois parties :

1. **Glomérules** : ces structures microscopiques sont responsables de la filtration du sang. Le sang s'infiltre dans les glomérules à travers les vaisseaux sanguins et est filtré à travers une membrane fine.
2. **Proximale tubule** : le sang filtré passe dans le proximal tubule, où les ions, les électrolytes et les molécules de glucose sont re";filtration;filtr|Filter;"The kidneys are two bean-shaped organs located in the lower back, just above the waistline. They play a vital role in maintaining our overall health by filtering waste and excess fluids from the blood. Here's a step-by-step explanation of how kidneys clean blood:

**The Kidney's Filtering Process**

1. **Blood Flow**: The kidneys receive a constant flow of blood from the aorta, the largest artery in the body. The blood is rich in oxygen, nutrients, and waste products.
2. **Glomeruli**: The blood flows through tiny blood vessels called glomeruli, which are located within the nephrons, the functional units of the kidneys. The glomeruli act as filters, allowing small molecules like water, ions, and glucose to pass through while keeping larger molecules like proteins and blood cells behind.
3. **Filtration**: As the blood flows through the glomeruli, the filtration process begins. The glomeruli have tiny pores that allow water, ions, and glucose to pass through, while keeping larger molecules like proteins and blood cells in the bloodstream.
4. **Proximal Convoluted Tubule (PCT)**: The filtered fluid then enters the PCT, where most of the glucose,";False;False;0.9998;fr;en;True;True;False;True;True;Entwirre, wie die Nieren das Blut reinigen.;de;True;Démêlez comment les reins nettoient le sang.;fr;True;;Desentraña cómo limpian la sangre los riñones.;es;True;;;;;;;imperativo_explicativo;7
What does an orchestra conductor hold?;Un chef d'orchestre tient les battements de l'orchestre!;baton;baguet|batut|Taktstock|bacchett|baston|Dirigierstock;An orchestra conductor typically holds a baton.;False;False;0.9976;fr;en;True;False;False;True;True;Was hält ein Dirigent in der Hand?;de;True;Que tient un chef d'orchestre ?;fr;True;;¿Qué sostiene un director de orquesta?;es;True;;;;;;;explicativa;7
Tallest mountain in Europe?;La plus haute montagne d'Europe est l'Évolution (ou Mont Blanc), avec une altitude de 4 810 mètres.;Elbrus;Elbrous|Mont Blanc|Monte Bianco|Monte Branco;The tallest mountain in Europe is Mount Elbrus, located in the Caucasus mountain range on the border between Russia and Georgia. It stands at a height of 5,642 meters (18,510 feet) above sea level.;False;False;0.9998;fr;en;True;True;False;True;True;Höchster Berg Europas?;de;True;Plus haute montagne d'Europe ?;fr;True;;¿Montaña más alta de Europa?;es;True;;;;;;;corta;6
Quick question: who composed Canon in D?;"Une petite question musicale!

Le Canon en ré est une œuvre de Johann Pachelbel, un compositeur allemand du XVIIe siècle. Il a écrit ce célèbre canon en 1680, et il est considéré comme l'une des plus célèbres compositions pour orgue de l'époque baroque. Le Canon en ré est souvent joué lors des mariages et des cérémonies funéraires, en raison de son atmosphère mélancolique et émouvante.";Pachelbel;;"The ""Canon in D"" is a famous musical composition by Johann Pachelbel, a German Baroque composer. It's a beautiful and well-known piece of music, often played at weddings and other formal events.";False;False;0.9998;fr;en;True;True;False;True;True;Kurze Frage: Wer komponierte den Kanon in D?;de;True;Petite question : qui a composé le Canon en ré ?;fr;True;;Pregunta rápida: ¿quién compuso el Canon en re?;es;True;;;;;;;conversacional;9
What is the capital of Slovakia?;Bratislava;Bratislava;;The capital of Slovakia is Bratislava.;False;False;0.5;unknown;en;True;True;False;True;False;Was ist die Hauptstadt von Slowakei?;de;True;Quelle est la capitale de la Slovaquie ?;fr;True;;¿Cuál es la capital de Eslovaquia?;es;True;;;;;;;factual_clasica;
Which dwarf planet was once a planet?;"Une question intéressante!

Il y a plusieurs planètes naines qui ont été autrefois considérées comme des planètes. Voici quelques exemples :

* Cérès : Cérès est une planète naine qui a été découverte en 1801 et était autrefois considérée comme la planète Vénus. Cependant, en raison de sa taille et de sa composition, elle a été classée comme une planète naine en 2006.
* Pluton : Pluton est une planète naine qui a été découverte en 1930 et était autrefois considérée comme la planète Neptune. Cependant, en 2006, l'Union astronomique internationale (UAI) a déclassé Pluton en raison de sa taille et de sa composition, et il est maintenant considéré comme une planète naine du système solaire.
* Haumea et Makemake : Haumea et Makemake sont deux planètes naines qui ont été découvertes en 2003 et 2005, respectivement. Elles étaient autrefois considérées comme des planètes, mais";Pluto;Pluton|Plutone|Plutao;"You're likely thinking of Pluto!

Pluto was once considered to be the ninth planet in our solar system, but in 2006, the International Astronomical Union (IAU) redefined the term ""planet"" and reclassified Pluto as a dwarf planet.

According to the new definition, a planet is a celestial body that:

1. Is in orbit around the Sun.
2. Has sufficient mass to assume a hydrostatic equilibrium shape (i.e., it's nearly round in shape).
3. Has cleared the neighborhood around its orbit.

Pluto doesn't meet the third criterion, as its orbit overlaps with that of Neptune, and there are other celestial bodies in the Kuiper Belt that are similar in size and composition to Pluto.

So, while Pluto was once considered a planet, it's now classified as a dwarf planet, a new category of objects created by the IAU.

Would you like to know more about dwarf planets or Pluto?";False;False;0.9998;fr;en;True;True;False;True;True;Welcher Zwergplanet war früher ein Planet?;de;True;Quelle planète naine était autrefois une planète ?;fr;True;;¿Qué planeta enano fue antes un planeta?;es;True;;;;;;;factual_aperturas;8
Track down the country of Angel Falls.;Le pays du Salto Ángel est le Venezuela.;Venezuela;;"Angel Falls is a magnificent waterfall located in the heart of South America.

Angel Falls is situated in the Canaima National Park, which is part of the Gran Sabana region in Venezuela, South America. Specifically, it is located in the Canaima State, in the Bolivar State, Venezuela.

The falls are situated in the Kukenaam River, which flows from the top of the Auyán-tepui mountain, a flat-topped mountain that is part of the table-topped mountain range known as the tepuis.

Angel Falls is the highest uninterrupted waterfall in the world, with a height of approximately 979 meters (3,212 feet) from its base to the top of the falls. The falls are named after the American pilot Jimmy Angel, who first discovered the falls in 1937.

Would you like to know more about Angel Falls or the surrounding region?";False;False;0.9995;fr;en;True;True;False;True;True;Spür das Land der Angel-Fälle auf.;de;True;Retrouvez le pays du Salto Ángel.;fr;True;;Rastrea el país del Salto Ángel.;es;True;;;;;;;imperativo;8
Fill me in on how flowers make seeds.;"La production de graines par les fleurs est un processus complexe qui implique plusieurs étapes. Voici une vue d'ensemble de ce processus :

**La floraison**

La production de graines par les fleurs commence par la floraison, qui est le processus par lequel les plantes produisent des fleurs. Les fleurs sont les organes reproducteurs des plantes et sont responsables de la production de graines.

**La pollinisation**

La pollinisation est le processus par lequel les fleurs sont fertilisées par le pollen. Le pollen est le pollen de l'autre fleur de la même espèce. La pollinisation peut se produire de manière naturelle, par l'intermédiaire d'insectes, d'oiseaux ou d'autres animaux, ou de manière artificielle, par l'intermédiaire d'un pollinisateur.

**La fertilisation**

La fertilisation est le processus par lequel les gamètes (les cellules reproductrices) se combinent pour former un zygote. Le zygote est la cellule qui contient les deux";pollination;pollin|polini|Bestaub|impollin;"The process of how flowers make seeds is a fascinating and complex one. Here's a step-by-step explanation:

**The Life Cycle of a Flower**

Flowers are the reproductive structures of plants, and they play a crucial role in the production of seeds. The life cycle of a flower typically involves the following stages:

1. **Flower Formation**: A flower is formed from the ovary of a plant, which contains the female reproductive organs. The flower is made up of petals, sepals, stamens, and pistils.
2. **Pollination**: When a flower is pollinated, the male reproductive cells (pollen) from the anther of the flower fertilize the female reproductive cells (ovules) in the ovary. This can happen through various means, such as wind, insects, or animals.
3. **Fertilization**: After pollination, the fertilized ovules develop into seeds. This process is called fertilization.

**The Seed Formation Process**

Here's a more detailed explanation of how seeds are formed:

1. **Ovule Development**: After fertilization, the ovules in the ovary begin to develop into seeds. The ovules contain the embryo of a new plant, which will";False;False;0.9998;fr;en;True;True;False;True;True;Bring mich auf den Stand, wie Blumen Samen bilden.;de;True;Mettez-moi au courant de la production de graines par les fleurs.;fr;True;;Ponme al día sobre cómo producen semillas las flores.;es;True;;;;;;;imperativo_explicativo;9
How does a violin produce sound?;"Un violon produit du son grâce à une combinaison de principes physiques et de techniques de jeu. Voici une explication détaillée de l'processus :

**La structure du violon**

Un violon est un instrument à cordes tendues, composé de plusieurs parties :

* Le corps du violon (ou corps de violon) est une partie principale de l'instrument, qui contient les cordes et les fentes.
* Les fentes sont des tranchées allongées qui séparent les cordes en deux parties égales.
* Les cordes sont des fils de métal ou de nylon qui sont tendus entre les fentes et les anches (ou chevilles).
* Les anches sont des pièces métalliques qui maintiennent les cordes en place.

**La production du son**

Lorsque le musicien touche le violon avec un pinceau (ou un pédalier), il déplace les cordes, ce qui provoque une vibration. Ces vibrations sont transmises à travers les cordes et les fentes, et finalement à travers le corps du violon.

Voici les";strings;cordes|cuerdas|Saiten|corde|cordas|archet|arco|Bogen;"The violin is a beautiful instrument that produces sound through a fascinating process. Here's a step-by-step explanation:

**The Basic Components**

A violin consists of:

1. **Body**: The main body of the violin, which is hollow and resonates to amplify the sound.
2. **Neck**: The long, thin part of the violin where the fingerboard is attached.
3. **Fingerboard**: A flat piece of wood glued to the neck, where the player presses the strings to produce different notes.
4. **Strings**: Four strings (G, D, A, and E, from lowest to highest pitch) made of metal or synthetic materials, stretched between the tuning pegs and the bridge.
5. **Tuning pegs**: Small machines that adjust the string tension to produce the desired pitch.
6. **Bridge**: A small piece of wood that supports the strings and transfers their vibrations to the body.

**The Sound Production Process**

When a violinist plays the instrument, the following process occurs:

1. **String Vibration**: The player presses the strings against the fingerboard, causing them to vibrate. The vibration is amplified by the tension in the strings.
2. **Vibration Transfer**: The vibrating strings";False;False;0.9998;fr;en;True;True;False;True;True;Wie erzeugt eine Geige Klang?;de;True;Comment un violon produit-il du son ?;fr;True;;¿Cómo produce sonido un violín?;es;True;;;;;;;explicativa;7
Longest river in Asia?;Le fleuve le plus long d'Asie est le fleuve Amour (ou fleuve Amour, fleuve Amour, fleuve Amour, fleuve Amour, fleuve Amour, fleuve Amour, fleuve Amour, fleuve Amour, fleuve Amour, fleuve Amour, fleuve Amour, fleuve Amour, fleuve Amour, fleuve Amour, fleuve Amour, fleuve Amour, fleuve Amour, fleuve Amour, fleuve Amour, fleuve Amour, fleuve Amour, fleuve Amour, fleuve Amour, fleuve Amour, fleuve Amour, fleuve Amour, fleuve Amour, fleuve Amour, fleuve Amour, fleuve Amour, fleuve Amour, fleuve Amour, fleuve Amour, fleuve Amour, fleuve Amour, fleuve Amour, fleuve Amour, fleuve Amour, fleuve Amour, fleuve Amour, fleuve Amour, fleuve Amour, fleuve Amour, fleuve Amour, fleuve Amour, fleuve Amour, fleuve;Yangtze;Yangzi|Yangtse|Jangtse|Chang Jiang|Changjiang;The longest river in Asia is the Yangtze River, which is approximately 6,300 kilometers (3,915 miles) long. It flows through China and is also the longest river in the world by discharge volume.;False;False;0.9894;fr;en;True;False;False;True;False;Längster Fluss Asiens?;de;True;Plus long fleuve d'Asie ?;fr;True;;¿Río más largo de Asia?;es;True;;;;;;;corta;6
Just curious, who invented the stethoscope?;"Une curiosité simple mais intéressante!

Le stéthoscope a été inventé par René Laënnec, un médecin français, en 1816. À l'époque, Laënnec cherchait à trouver un moyen de détecter les fréquences cardiaques des malades sans les déranger en les touchant ou en les écoutant avec la main. Il a donc créé un instrument qui permet de détecter les sons du cœur à l'aide de deux bouchons de carton, qui servaient à amplifier les sons.

Cet instrument a été initialement appelé ""stéthoscope"" (du grec ""stethos"", signifiant ""poitrine"", et ""skopein"", signifiant ""observer"") et a été utilisé pour la première fois pour écouter les fréquences cardiaques des malades. Depuis, le stéthoscope a évolué et est devenu un outil essentiel pour les médecins et les infirmières dans la détection des problèmes cardiaques et autres affections médicales.";Laennec;;"The stethoscope was invented by René Laënnec, a French physician, in 1816. Laënnec was a cardiologist who was trying to listen to the sounds of a patient's heart without having to place his ear directly on the chest. He discovered that by placing a hollow tube, or ""stethoscope,"" over the chest, he could hear the heart sounds more clearly and with greater precision.

Laënnec's invention was initially called the ""stethoscope"" because it resembled a pair of binoculars, with the tube serving as the lens. The stethoscope was a major innovation in medical diagnosis, allowing doctors to listen to the heart and lungs more accurately and making it easier to diagnose a range of conditions.

Interestingly, Laënnec's invention was initially met with skepticism, and it took some time for the stethoscope to become widely accepted as a standard medical tool. However, it eventually became an essential part of medical practice, and its design has remained relatively unchanged to this day.

Would you like to know more about the history of the stethoscope or its impact on medical practice?";False;False;0.9998;fr;en;True;True;False;True;True;Nur aus Neugier: Wer erfand das Stethoskop?;de;True;Simple curiosité : qui a inventé le stéthoscope ?;fr;True;;Solo por curiosidad, ¿quién inventó el estetoscopio?;es;True;;;;;;;conversacional;10
How many cards are in a standard deck without jokers?;Un jeu standard sans joker comporte 52 cartes.;52;;There are 52 cards in a standard deck of cards without jokers.;False;False;0.9945;fr;en;True;True;False;True;True;Wie viele Karten sind in einem Standarddeck ohne Joker enthalten?;de;True;Combien de cartes y a-t-il dans un jeu standard sans joker?;fr;True;;¿Cuántas cartas hay en un mazo estándar sin ases?;es;True;;;;;;;factual_clasica;
Which philosopher tutored Alexander the Great?;Le philosophe qui fut le précepteur d'Alexandre le Grand fut Aristote.;Aristotle;Aristote|Aristoteles|Aristotele;The philosopher who tutored Alexander the Great was Aristotle.;False;False;0.9998;fr;en;True;True;False;True;True;Welcher Philosoph unterrichtete Alexander den Großen?;de;True;Quel philosophe fut le précepteur d'Alexandre le Grand ?;fr;True;;¿Qué filósofo fue tutor de Alejandro Magno?;es;True;;;;;;;factual_aperturas;8
Dig up who invented the telegraph.;C'est Charles Bourseul qui a inventé le télégraphe.;Samuel Morse;Morse;"A great piece of history!

The invention of the telegraph is credited to two individuals: Charles Wheatstone and Samuel Morse.

**Charles Wheatstone (1802-1875)**

Charles Wheatstone, an English scientist and inventor, developed the first telegraph system in the 1830s. He created a device that used a series of electrical impulses to transmit coded messages over wires. Wheatstone's system used a series of dots and dashes to represent letters and numbers, which was the precursor to Morse code.

**Samuel Morse (1791-1872)**

Samuel Morse, an American artist and inventor, developed the Morse code system in the 1830s. Morse, who was also a professor of art at New York University, created a system of dots and dashes that could be used to transmit messages over wires. Morse's system was more efficient and practical than Wheatstone's, and it became the standard for telegraph communication.

**The First Telegraph System**

In 1837, Wheatstone and Morse collaborated to develop the first practical telegraph system. They used a series of electrical impulses to transmit coded messages over wires, with Morse's code system being used to represent letters and numbers. The first telegraph message was sent";False;False;0.9998;fr;en;True;False;False;True;False;Find heraus, wer den Telegrafen erfand.;de;True;Dénichez qui a inventé le télégraphe.;fr;True;;Averigua quién inventó el telégrafo.;es;True;;;;;;;imperativo;8
Interpret how cats purr.;"Le ronronnement des chats! C'est un phénomène fascinant qui peut révéler beaucoup sur le comportement et les émotions de notre félidé. Voici quelques interprétations possibles du ronronnement des chats :

**Qu'est-ce que ronronner veut dire?**

Le ronronnement est une forme de communication vocale chez les chats, similaire au ronronnement des moteurs ou au bruit des moteurs d'avion. Il est généralement produit par la vibration des cordes vocales et des larynx du chat.

**Quand ronronne un chat?**

Les chats ronronnent pour diverses raisons, notamment :

1. **Satisfaire leur appétit** : Les chats ronronnent souvent lorsqu'ils mangent, ce qui peut être un signe de satisfaction ou de plaisir.
2. **Se sentir en sécurité** : Le ronronnement peut être un moyen de se sentir en sécurité et de se protéger, car il peut aider à masquer les sons de la respiration ou des mouvements.
3. **Communiquer avec les";larynx;laryn|laring|Kehlkopf;"The fascinating world of feline communication! Cats purr, a unique vocalization that has puzzled and delighted humans for centuries. Let's dive into the science behind this intriguing behavior.

**What is purring?**

Purring is a low-pitched humming sound produced by a cat's laryngeal muscles, which vibrate the vocal cords. This sound is typically accompanied by a rapid, rhythmic movement of the cat's diaphragm, known as the ""purr cycle."" The purring sound is usually between 20-140 Hz, which is within the range of low-frequency sounds that can be felt as vibrations.

**Why do cats purr?**

Cats purr for a variety of reasons, including:

1. **Self-soothing and relaxation**: Purring is a calming mechanism that helps cats relax and reduce stress. It's a way for them to regulate their breathing and calm their nervous system.
2. **Communication**: Purring can be a form of nonverbal communication between cats, particularly between mothers and their kittens. It can signal contentment, reassurance, and even a request for food or attention.
3. **Healing and pain relief**: Purring has been linked to the release of end";False;False;0.9998;fr;en;True;True;False;True;True;Deute, wie Katzen schnurren.;de;True;Interprétez le ronronnement des chats.;fr;True;;Interpreta cómo ronronean los gatos.;es;True;;;;;;;imperativo_explicativo;7
How does a piano make sound?;"Un piano est un instrument à claviers qui produit des sons grâce à un système complexe de mécanismes et de matériaux. Voici une explication détaillée de la manière dont un piano produit des sons :

**Les composants principaux d'un piano**

Un piano est composé de plusieurs parties clés :

1. **Le clavier** : C'est la partie où les claviers sont situés. Les claviers sont des plaques de bois ou de métal qui sont frappées pour produire des sons.
2. **Les cordes** : Il y a plusieurs cordes de différentes longueurs et tensions qui sont étendues entre les claviers et les pieds du piano. Les cordes sont généralement faites de cuivre ou de métal.
3. **Les harnais** : Les harnais sont des cordes qui relient les cordes aux pieds du piano. Ils sont généralement faits de cuivre ou de métal.
4. **Les cadran** : Le cadran est la partie du piano où les notes sont indiquées. Il est généralement composé de lignes et";hammers;marteau|martill|Hammer|martel;"Pianos are incredible instruments that produce sound through a combination of mechanical and acoustic principles. Here's a simplified explanation of how a piano makes sound:

**The Basic Components**

A piano consists of:

1. **Strings**: A set of metal wires (typically made of steel or copper) stretched between the piano's frame and the soundboard. These strings are divided into two groups: the **white strings** (also known as the ""piano strings"") and the **black strings** (also known as the ""harp strings"").
2. **Hammers**: A set of wooden or synthetic hammers that strike the strings to produce sound.
3. **Soundboard**: A wooden board that amplifies and projects the sound produced by the vibrating strings.
4. **Action**: The mechanical system that connects the keys to the hammers.

**The Sound Production Process**

Here's what happens when you play a piano:

1. **Key Press**: When you press a key, it triggers the action, which connects the key to the corresponding hammer.
2. **Hammer Strike**: The hammer strikes the string, causing it to vibrate.
3. **String Vibration**: The vibrating string produces sound waves, which are amplified by the sound";False;False;0.9998;fr;en;True;False;False;True;True;Wie erzeugt ein Klavier Töne?;de;True;Comment un piano produit-il des sons ?;fr;True;;¿Cómo produce sonido un piano?;es;True;;;;;;;explicativa;7
Largest country in Africa?;"D'après les données disponibles, le pays africain avec le plus grand PIB (Produit Intérieur Brut) est le Nigeria, avec un PIB de 521 milliards de dollars américains en 2021.

Cependant, il est important de noter que le PIB est un indicateur qui ne reflète pas nécessairement la qualité de vie ou le niveau de développement d'un pays. D'autres pays africains, tels que l'Égypte, l'Angola et la République démocratique du Congo, ont également des économies importantes et des ressources naturelles abondantes.

Voici les 5 pays africains avec les plus grands PIB en 2021 :

1. Nigeria : 521 milliards de dollars
2. Égypte : 245 milliards de dollars
3. Angola : 134 milliards de dollars
4. République démocratique du Congo : 123 milliards de dollars
5. Afrique du Sud : 112 milliards de dollars

Il est également important de noter que le PIB par habitant varie considérablement d'un pays à l'autre.";Algeria;Algerie|Argelia|Algerien;The largest country in Africa is Algeria.;False;False;0.9998;fr;en;True;False;False;True;False;Größtes Land Afrikas?;de;True;Plus grand pays d'Afrique ?;fr;True;;¿País más grande de África?;es;True;;;;;;;corta;6
Random thought: who painted The School of Athens?;"Une question classique!

L'École d'Athènes est un tableau peint par le peintre italien Raphaël, créé entre 1509 et 1511. Il s'agit d'une représentation idéalisée de l'école d'Athènes, où les jeunes philosophes et artistes se réunissaient pour discuter et étudier les arts et la philosophie.

Le tableau est considéré comme l'un des plus beaux exemples de la Renaissance italienne et est considéré comme l'un des chefs-d'œuvre de Raphaël. Il est actuellement conservé au Musée du Louvre à Paris, en France.";Raphael;Rafael|Raffaello;"A classic piece of art!

The School of Athens was painted by the renowned Italian artist Raphael (1483-1520). It's one of his most famous works, created around 1509-1511, and it's considered a masterpiece of the High Renaissance.

The painting depicts a gathering of some of the greatest minds of ancient Greece, including philosophers such as Plato, Aristotle, Socrates, and others, in a grand architectural setting. The scene is meant to represent the ideal of humanistic learning and the pursuit of knowledge.

Raphael's work on The School of Athens is widely regarded as one of the greatest artistic achievements of all time, and it's considered a iconic representation of the Renaissance humanist ideals.

Would you like to know more about Raphael or The School of Athens?";False;False;0.9998;fr;en;True;True;False;True;True;Spontane Frage: Wer malte Die Schule von Athen?;de;True;Une idée comme ça : qui a peint L'École d'Athènes ?;fr;True;;Pensando al azar: ¿quién pintó La escuela de Atenas?;es;True;;;;;;;conversacional;10
Who discovered polonium and radium?;Le polonium et le radium ont été découverts par Marie Curie et Pierre Curie en 1898.;Curie;;"Two of the most fascinating elements in the periodic table!

Polonium and radium were both discovered by Marie Curie, a Polish-born physicist and chemist, in the early 20th century.

**Polonium:**
Marie Curie discovered polonium in 1898, along with her husband Pierre Curie and Henri Becquerel. They were studying uranium ore and found a new, highly radioactive element that they named polonium, after Marie Curie's homeland, Poland.

**Radium:**
Marie Curie also discovered radium in 1898, again along with Pierre Curie and Henri Becquerel. They isolated radium from pitchblende, a mineral found in uranium ore, and it was the first element to be isolated from a mineral.

Marie Curie's groundbreaking work on radioactivity led to the discovery of many other elements, including polonium and radium, and earned her the Nobel Prize in Physics in 1903, along with her husband Pierre Curie and Henri Becquerel.

Would you like to know more about Marie Curie or radioactivity?";False;False;0.9998;fr;en;True;True;False;True;True;Wer entdeckte Polonium und Radium?;de;True;Qui a découvert le polonium et le radium ?;fr;True;;¿Quién descubrió polonio y radio?;unknown;True;;;;;;;factual_clasica;
What fruit is guacamole made from?;Le guacamole est un plat traditionnel mexicain préparé à partir de noix de palme, également appelées avocats! En effet, les avocats sont la principale base du guacamole, et ils sont souvent mélangés avec d'autres ingrédients tels que du citron, de l'ail, de la ciboulette, du sel et de l'huile d'olive pour créer une sauce crémeuse et savoureuse.;avocado;avocat|aguacate|palta|abacate;Guacamole is made from avocados! Specifically, it's a dip or spread made from mashed ripe avocados, often mixed with various ingredients like onions, garlic, lime juice, salt, and spices.;False;False;0.9998;fr;en;True;True;False;True;True;Aus welcher Frucht wird Guacamole gemacht?;de;True;Avec quel fruit fait-on le guacamole ?;fr;True;;¿De qué fruta se hace el guacamole?;es;True;;;;;;;factual_aperturas;9
Note the tallest mountain in North America.;La plus haute montagne d'Amérique du Nord est Denali (anciennement connue sous le nom de Mount McKinley), située dans l'Alaska.;Denali;McKinley;The tallest mountain in North America is Denali (formerly known as Mount McKinley), located in Alaska. It stands at an impressive 20,310 feet (6,190 meters) above sea level.;False;False;0.9998;fr;en;True;True;False;True;True;Notiere den höchsten Berg Nordamerikas.;de;True;Notez la plus haute montagne d'Amérique du Nord.;fr;True;;Anota la montaña más alta de Norteamérica.;es;True;;;;;;;imperativo;8
Expand on how concrete hardens.;"Le durcissement du béton est un processus complexe qui implique plusieurs étapes et facteurs. Voici une explication détaillée du durcissement du béton :

**Qu'est-ce que le béton?**

Le béton est un mélange de ciments, d'agglomérants (comme les graviers ou les pierres) et d'eau. Lorsque le mélange est mélangé, les particules de ciment et d'agglomérant se lient ensemble à travers des liaisons chimiques, formant une masse solide et durable.

**Le processus de durcissement du béton**

Le durcissement du béton est un processus qui se déroule en plusieurs étapes :

1. **Mélange** : Le mélange de ciments, d'agglomérants et d'eau est mélangé jusqu'à obtenir une consistance homogène.
2. **Hydration** : L'eau dans le mélange réagit avec le ciment, provoquant une réaction chimique qui libère de la chaleur. Cette chaleur est nécessaire pour décl";hydration;hydrat|hidrat|idrat;"Concrete hardening is a complex process that involves the transformation of a mixture of cement, water, and aggregate (such as sand, gravel, or crushed stone) into a solid, durable, and long-lasting material. Here's a detailed explanation of the concrete hardening process:

**Initial Setting (0-24 hours)**

When concrete is first mixed, it's a liquid-like substance that's prone to settling and segregation. The cement, which is the binding agent, starts to react with the water to form a paste. This reaction is called hydration, and it's the key to concrete hardening. The cement paste begins to set and form a gel-like substance that binds the aggregate particles together.

**Early Strength Development (24-72 hours)**

As the concrete continues to set, the cement paste continues to hydrate and form a stronger bond with the aggregate particles. The concrete starts to gain strength, but it's still relatively soft and prone to deformation. The early strength development is influenced by factors such as:

* Cement type and quality
* Water-cement ratio (the amount of water relative to cement)
* Temperature and humidity
* Aggregate size and distribution

**Maturation (72 hours-28 days)**

As the concrete continues";False;False;0.9998;fr;en;True;True;False;True;True;Vertiefe, wie Beton aushärtet.;de;True;Développez le durcissement du béton.;fr;True;;Profundiza en cómo se endurece el hormigón.;es;True;;;;;;;imperativo_explicativo;7
How does a match ignite?;"Une question classique!

L'allumette s'enflamme grâce à un processus chimique appelé combustion. Voici les étapes clés :

1. **Friction** : Lorsque vous tenez l'allumette et que vous la frottez contre une surface rugueuse, comme un morceau de coton ou un morceau de charbon, vous créez une friction. Cela provoque une résistance à la glisse, qui génère de la chaleur.
2. **Chaleur** : La friction génère de la chaleur, qui est transmise à l'allumette. La chaleur est une forme denergie qui peut exciter les atomes et les molécules de l'allumette.
3. **Oxygène** : L'allumette contient du carbone (C) et de l'hydrogène (H), qui réagissent avec l'oxygène (O2) de l'air pour former du carbone dioxyde (CO2) et de l'eau (H2O).
4. **Combustion** : Lorsque la chaleur excite les atomes";friction;fricti|friccion|Reibung|frizion|friccao;"A match ignites through a chemical reaction that involves a combination of heat, friction, and a special mixture of chemicals. Here's a simplified explanation of the process:

**The Matchhead:**
A match consists of three main components:

1. **Matchstick:** A thin, dry stick made of wood or another combustible material.
2. **Matchhead:** A small, rectangular piece of cardboard or paper coated with a mixture of chemicals, including:
	* **Red phosphorus:** A highly flammable substance that ignites easily.
	* **Potassium chlorate:** An oxidizing agent that helps sustain the combustion reaction.
	* **Sulfur:** A combustible substance that helps to sustain the reaction.

**The Ignition Process:**
When a match is struck against a rough surface, such as a matchbox or a rough stone, the following process occurs:

1. **Friction:** The matchstick is rubbed against the rough surface, generating heat and friction. This heat and friction cause the matchhead to heat up.
2. **Red phosphorus ignites:** The heat from the friction causes the red phosphorus in the matchhead to ignite, producing a small flame.
3. **Oxidation reaction:**";False;False;0.9998;fr;en;True;True;False;True;True;Wie entzündet sich ein Streichholz?;de;True;Comment une allumette s'enflamme-t-elle ?;fr;True;;¿Cómo se enciende una cerilla?;es;True;;;;;;;explicativa;6
Longest river in Australia?;Le fleuve le plus long d'Australie est le fleuve Murray, qui mesure environ 2 530 kilomètres de long.;Murray;;The longest river in Australia is the Murray River, which stretches for approximately 2,530 kilometers (1,569 miles) from its source in the Australian Alps to its mouth in the Southern Ocean.;False;False;0.9998;fr;en;True;True;False;True;True;Längster Fluss Australiens?;de;True;Plus long fleuve d'Australie ?;fr;True;;¿Río más largo de Australia?;es;True;;;;;;;corta;6
Trivia time: who discovered Uranus?;"Une question sur l'histoire de l'astronomie!

La découverte de Uranus est attribuée à William Herschel, un astronome britannique. Le 13 mars 1781, Herschel observait le ciel nocturne à son observatoire à Bath, en Angleterre, lorsque il a découvert un objet qui n'était pas connu jusqu'alors. Il a nommé ce nouveau corps ""Georgium Sidus"" (le monde de George) en l'honneur du roi George III.

Cependant, il a fallu à Herschel quelques semaines pour confirmer la découverte et déterminer la nature de l'objet. En août 1781, il a observé le même objet à plusieurs reprises et a réalisé que c'était un planète. La découverte de Uranus a été annoncée au public en 1782 et a été confirmée par d'autres astronomes.

Il est intéressant de noter que Herschel n'était pas le premier à avoir découvert Uranus. Un autre astronome, Charles Messier, avait en fait observé l'objet";Herschel;;"That's a great trivia question!

The discovery of Uranus is credited to William Herschel, a British astronomer. He discovered the planet on March 13, 1781, using a telescope at his observatory in Bath, England. Herschel initially thought he had discovered a new planet, but it wasn't until later that he realized the significance of his discovery.

Interestingly, Herschel's discovery was initially met with skepticism by some astronomers, who thought he might have mistaken a comet or a star for a planet. However, his observations and calculations eventually convinced the scientific community that he had indeed discovered a new planet.

Would you like to know more about William Herschel or Uranus?";False;False;0.9998;fr;en;True;True;False;True;True;Quizzeit: Wer entdeckte den Uranus?;de;True;Question culture : qui a découvert Uranus ?;fr;True;;Hora de trivia: ¿quién descubrió Urano?;es;True;;;;;;;conversacional;8
Who was the first President of the United States?;George Washington;George Washington;Washington;The first President of the United States was George Washington. He served two terms in office from April 30, 1789, to March 4, 1797.;False;False;0.5;unknown;en;True;True;False;True;False;Wer war der erste Präsident der Vereinigten Staaten von Amerika?;de;True;Qui était le premier président des États-Unis?;fr;True;;¿Quién fue el primer presidente de los Estados Unidos?;es;True;;;;;;;factual_clasica;
Which mountains divide Europe and Asia?;Les montagnes Ural séparent l'Europe et l'Asie.;Ural Mountains;Oural|Urales|Urali|Uralgebirge|Ural-Gebirge|Urais|l'Ural|Ural-Berge;The mountains that divide Europe and Asia are the Ural Mountains.;False;False;0.9998;fr;en;True;False;False;True;False;Welches Gebirge trennt Europa und Asien?;de;True;Quelles montagnes séparent l'Europe et l'Asie ?;fr;True;;¿Qué montañas separan Europa y Asia?;es;True;;;;;;;factual_aperturas;7
Guess the national animal of Scotland.;"C'est un jeu amusant!

Je vais prendre une chance... Je pense que l'animal national de l'Écosse est... le lion!

Attends, non! Les lions ne sont pas exactement les animaux nationaux de l'Écosse. Je me souviens, c'est le... l'éléphant! Non, ce n'est pas non plus l'éléphant.

Attends, j'ai une idée! Je pense que l'animal national de l'Écosse est... le lion d'Écosse! Non, ce n'est pas une espèce distincte.

Je vais essayer à nouveau... Je pense que l'animal national de l'Écosse est... le lion d'or! Non, ce n'est pas non plus une espèce distincte.

Attends, j'ai une idée! Je pense que l'animal national de l'Écosse est... le lion de l'Écosse! Non, ce n'est pas une espèce distincte.

Je vais essayer à nouveau... Je pense que l'animal national de l'Écosse est... le lion d'or! Non, ce n";unicorn;licorne|unicornio|Einhorn|unicorno;"That's an easy one!

The national animal of Scotland is the Unicorn!";False;False;0.9998;fr;en;True;False;False;True;False;Rate das Nationaltier Schottlands.;de;True;Devinez l'animal national de l'Écosse.;fr;True;;Adivina el animal nacional de Escocia.;es;True;;;;;;;imperativo;7
Examine how soap removes grease.;"Le savon est un produit essentiel dans notre routine quotidienne, notamment pour la personnalisation de notre hygiène corporelle. Mais comment fonctionne-t-il pour éliminer la graisse? Pour comprendre cela, il faut d'abord connaître les principes de base de la chimie des savons.

Un savon est en réalité un détergent, c'est-à-dire un produit qui permet de dissoudre et de transporter les impuretés (graisse, suie, etc.) pour les éliminer. Les savons fonctionnent grâce à leur composition chimique, qui est basée sur les saponins.

Les saponins sont des composés naturels présents dans les plantes, notamment dans les graines de savonnerie (Sapindus mukorossi, Ricinus communis, etc.). Lorsqu'ils sont mélangés à de l'eau, ils forment des micelles, qui sont des structures moléculaires qui entourent les impuretés (graisse, etc.) et les portent à la surface de l'eau.

Une fois à la surface, les";surfactant;tensio|Tensid|surfact|micel|Mizell|hydrophob|hidrofob|idrofob|hydrophil|hidrofil|emulg|emuls;"The age-old battle between soap and grease! Let's dive into the fascinating world of surfactants and explore how soap removes grease.

**What is grease?**

Grease is a mixture of oils and waxes that are insoluble in water. It's a complex mixture of hydrocarbons, which are molecules composed of hydrogen and carbon atoms. Grease is often found in food, cosmetics, and industrial applications.

**How does soap remove grease?**

Soap works by using a combination of surfactants, solvents, and mechanical action to break down and remove grease. Here's a step-by-step explanation:

1. **Surfactant molecules**: Soap contains surfactant molecules, also known as surfactants or surface-active agents. These molecules have both hydrophobic (water-repelling) and hydrophilic (water-attracting) ends. The hydrophobic end is attracted to the grease molecules, while the hydrophilic end is attracted to water.
2. **Emulsification**: When soap is applied to grease, the surfactant molecules bind to the grease molecules, forming a complex called an emulsion. The hydrophobic end of the surfactant molecule is embedded in the grease, while the";False;False;0.9998;fr;en;True;True;False;True;True;Untersuche, wie Seife Fett entfernt.;de;True;Examinez comment le savon élimine la graisse.;fr;True;;Examina cómo el jabón elimina la grasa.;es;True;;;;;;;imperativo_explicativo;7
Why does helium change your voice?;"L'hélium est un gaz qui peut modifier la voix en raison de sa propriété unique : il est moins dense que l'air. Lorsque l'on respire de l'hélium, le gaz pénètre dans les bronches et les voies respiratoires, et se mélange à l'air existant dans ces espaces.

Voici quelques raisons pour lesquelles l'hélium peut modifier la voix :

1.  **Réduction de la pression dans les voies respiratoires** : L'hélium est moins dense que l'air, ce qui signifie qu'il occupe moins d'espace dans les voies respiratoires. Cela peut entraîner une diminution de la pression dans ces espaces, ce qui peut affecter la production de voix.
2.  **Modification de la fréquence des vibrations vocales** : L'hélium peut modifier la fréquence des vibrations vocales en raison de sa densité réduite. Les vibrations vocales sont généralement plus rapides dans l'air, mais l'hélium peut ralentir ces vibrations, ce qui peut affecter la qualité";speed of sound;vitess|velocid|velocit|Geschwindig|speed|Dichte|densite|densidad|gaz leger;"Helium is a gas that can alter the sound of your voice in a few ways. Here's why:

1. **Frequency change**: Helium has a lower density than air, which means it vibrates at a lower frequency. When you speak into a helium-filled container, your vocal cords vibrate at a lower frequency, producing a higher-pitched sound. This is because the helium molecules are less dense and vibrate more slowly, causing your voice to rise in pitch.
2. **Resonance**: The shape and size of the vocal tract, including the mouth, nose, and sinuses, affect the way sound waves resonate. When you speak into a helium-filled container, the sound waves are amplified and modified by the helium, which can alter the resonance of your voice. This can make your voice sound more nasal, squeaky, or high-pitched.
3. **Air pressure**: Helium is less dense than air, which means it exerts less pressure on the vocal cords. When you speak into a helium-filled container, the reduced air pressure can cause your vocal cords to vibrate more easily, producing a higher-pitched sound.

The combination of these factors can result in a voice that sounds higher, more nasal, and";False;False;0.9998;fr;en;True;True;False;False;True;Warum verändert Helium die Stimme?;de;True;Pourquoi l'hélium change-t-il la voix ?;fr;True;;¿Por qué el helio cambia la voz?;es;True;;;;;;;explicativa;7
Largest US state?;"Je peux vous fournir des informations générales sur le Grand État des États-Unis. 

Le Grand État est une région géographique et culturelle qui s'étend principalement dans le nord-est des États-Unis. Il est généralement défini comme comprenant les États suivants : Maine, New Hampshire, Vermont, Massachusetts, Rhode Island, Connecticut, New York, New Jersey et le Massachusetts.";Alaska;;The largest US state is Alaska. It covers approximately 663,300 square miles (1,717,856 square kilometers) and accounts for about 20% of the total land area of the United States.;False;False;0.9998;fr;en;True;False;False;True;False;Größter US-Bundesstaat?;de;True;Plus grand État des États-Unis ?;fr;True;;¿Estado más grande de EE. UU.?;es;True;;;;;;;corta;5
I forgot, who invented the microwave oven?;"Un peu d'histoire!

Le four à micro-ondes a été inventé par Percy Spencer, un ingénieur américain de Raytheon, en 1946. À l'époque, Spencer travaillait sur un système de communication radar pour l'armée américaine. L'un de ses expériences les plus célèbres a consisté à laisser un sac de chocolat au micro-ondes pendant quelques secondes. Le chocolat a commencé à fondre, ce qui a surpris Spencer et l'a amené à explorer les propriétés des ondes radio sur les aliments.

Spencer a ensuite créé le premier four à micro-ondes, qui utilisait des ondes radio pour chauffer les aliments directement. Le premier modèle, appelé ""Radarange"", a été présenté au public en 1954. Il était un appareil grand et lourd, mais il a ouvert la voie à la technologie des fours à micro-ondes modernes.

Percy Spencer a reçu de nombreux honneurs pour son invention, notamment la médaille d'or de l'Institut des ingénieurs";Percy Spencer;Spencer;"Don't worry, it's an easy one to forget!

The microwave oven was invented by Percy Spencer, an American engineer and physicist who worked for Raytheon, a leading electronics company at the time.

In 1946, Spencer was testing a magnetron, a device that generates microwaves, when he noticed that a chocolate bar in his pocket had melted. He then experimented with popcorn kernels and an egg, which also showed signs of heating up. This led him to realize that microwaves could be used to heat up food quickly and efficiently.

Spencer's invention of the microwave oven was initially met with skepticism, but he continued to work on the project and eventually developed the first working microwave oven in 1947. The first commercial microwave oven was released in 1954, and it was called the ""Radarange.""

Spencer's invention revolutionized the way people cooked and heated food, and it has since become a staple in many kitchens around the world.

Would you like to know more about Percy Spencer or the history of microwave ovens?";False;False;0.9998;fr;en;True;True;False;True;True;Ich hab's vergessen: Wer erfand den Mikrowellenherd?;de;True;J'ai oublié, qui a inventé le four à micro-ondes ?;fr;True;;Se me olvidó, ¿quién inventó el horno microondas?;es;True;;;;;;;conversacional;9
Who composed The Nutcracker?;"Une question classique!

Le Petit Chaperon Rouge est une fable traditionnelle française, et son auteur est incertain. Cependant, il est généralement attribué à Charles Perrault (1628-1703), un écrivain et poète français qui a collecté et publié de nombreuses fables sous le titre ""Histoires ou Contes du Temps Passé"" en 1697.

Cependant, il est également possible que la fable ait été écrite par Jeanne-Marie Leprince de Beaumont (1668-1736), une autre écrivaine française qui a publié une version similaire de la fable dans son recueil ""Contes ou Mœurs"" en 1756.

Il est important de noter que les fables traditionnelles sont souvent transmises de génération en génération par voie orale, et il est donc possible que la version la plus ancienne de Le Petit Chaperon Rouge ait été écrite par un auteur inconnu.";Tchaikovsky;Tchaïkovski|Tchaikovski|Chaikovsk|Tschaikow|Tschajkow|Ciaikovsk|Ciajkovsk|Tchaikovsk;"The music for ""The Nutcracker"" was composed by Pyotr Ilyich Tchaikovsky.";False;False;0.9998;fr;en;True;False;False;True;False;Wer hat Die Schmetterlinge komponiert?;de;True;Qui a compose Le Petit Chaperon Rouge?;fr;True;;¿Quién compuso El cuento de los tres rellenos de azúcar?;unknown;True;;;;;;;factual_clasica;
Which lake is the lowest point on land?;Le lac le plus bas des terres émergées est le lac Assal, situé au sud de Djibouti.;Dead Sea;mer Morte|mar Muerto|Totes Meer|Tote Meer|Toten Meer|mar Morto;The lowest point on land is actually a lake, and it's called Lake Assal in Djibouti, Africa. It has a depth of approximately 155 meters (509 feet) below sea level, making it the lowest point on land in the world.;False;False;0.9998;fr;en;True;False;False;False;False;Welcher See ist der tiefste Punkt an Land?;de;True;Quel lac est le point le plus bas des terres émergées ?;fr;True;;¿Qué lago es el punto más bajo de la tierra firme?;es;True;;;;;;;factual_aperturas;9
Choose the largest moon of Saturn.;La plus grande lune de Saturne est Titan.;Titan;Titano;The largest moon of Saturn is Titan.;False;False;0.9998;fr;en;True;True;False;True;True;Wähle den größten Mond des Saturn.;de;True;Choisissez la plus grande lune de Saturne.;fr;True;;Escoge la luna más grande de Saturno.;es;True;;;;;;;imperativo;7
Analyze how Velcro sticks.;"Le velcro, également connu sous le nom de hook and loop, est un système de fixation qui utilise des pièces de ruban avec des tiges (ou ""hook"") et des plaques (ou ""loop"") pour s'accrocher. Voici une analyse détaillée de comment le velcro accroche :

**Principe de base**

Le velcro est composé de deux types de pièces : les pièces de ruban avec des tiges (ou ""hook"") et les pièces de ruban avec des plaques (ou ""loop""). Les tiges sont des petits morceaux de ruban avec des pointes qui se fixent aux plaques.

**Comment ça marche?**

Voici les étapes clés pour comprendre comment le velcro accroche :

1. **La plaque** : La plaque est un morceau de ruban avec des trous (ou ""loop"") qui servent de pointe pour les tiges.
2. **La tige** : La tige est un morceau de ruban avec une pointe qui se fixe dans un trou de la plaque.
3. **L'accroche** : Lors";hooks;crochet|gancho|Haken|uncin|hook;"Velcro is a type of fastening system that uses small, hook-like protrusions (called ""hooks"") and small, loop-like protrusions (called ""loops"") to create a secure and easy-to-use fastening mechanism. Here's a breakdown of how Velcro sticks:

**The Science Behind Velcro**

Velcro is based on the principle of static electricity. When two surfaces are rubbed together, they can become electrically charged, with one surface becoming positively charged (called the ""donor"") and the other surface becoming negatively charged (called the ""acceptor""). This is known as triboelectrification.

**The Components of Velcro**

A standard Velcro fastening system consists of two main components:

1. **Hooks**: These are the small, hook-like protrusions that are attached to the backing material of the Velcro strip. The hooks are made of a soft, flexible material that can be easily bent and flexed.
2. **Loops**: These are the small, loop-like protrusions that are attached to the backing material of the Velcro strip. The loops are made of a soft, flexible material that can be easily bent and flexed.

**The Sticking Mechanism**

When the two Velcro";False;False;0.9998;fr;en;True;True;False;True;True;Analysiere, wie ein Klettverschluss haftet.;de;True;Analysez comment le velcro accroche.;fr;True;;Analiza cómo se adhiere el velcro.;es;True;;;;;;;imperativo_explicativo;7
Where does maple syrup come from?;"Un excellent sujet!

Le sirop d'érable est un sirop naturel fabriqué à partir du jus d'érable, qui est obtenu en pressant les fleurs d'érable (Saccharum officinarum) ou en les écrasant. Les fleurs d'érable sont les parties végétales de l'érable, qui contiennent un sucre naturel appelé saccharose.

La production de sirop d'érable est traditionnellement associée à la région de l'Amérique du Nord, notamment au Canada et aux États-Unis. Les érabliers, qui sont des agriculteurs spécialisés dans la culture de l'érable, collectent les fleurs d'érable à la fin de l'été, généralement en août ou septembre. Ils les pressent ou les écrasent pour obtenir le jus, qui est ensuite concentré par chauffage ou par évaporation pour obtenir le sirop d'érable.

Le sirop d'érable est connu pour ses propriétés médicinales et nutritionnelles, notamment son contenu en antioxy";tree sap;la seve|seve d|savia|Ahornsaft|linfa|seiva;"Maple syrup is a sweetener made from the sap of maple trees, specifically the sugar maple (Acer saccharum) and black maple (Acer nigrum). Here's a brief overview of how it's produced:

**Maple Tree Harvesting**

Maple trees are tapped in late winter or early spring, when the temperatures are below freezing at night and above freezing during the day. This temperature fluctuation creates positive pressure inside the tree, causing the sap to flow out through the tap.

**Sap Collection**

Maple syrup producers, also known as sugarmakers, collect the sap from the trees using a process called ""tapping."" They drill a small hole in the trunk of the tree and insert a spout or spigot, which allows the sap to flow out. The sap is clear and has a slightly sweet taste.

**Boiling Down the Sap**

The collected sap is then boiled in large, shallow pans called evaporators, which are heated by a fire or a steam-powered machine. As the sap is boiled, the water content evaporates, concentrating the sugars and other solids. This process is called evaporation.

**Concentrating the Sap**

The sap is boiled until it reaches the desired consistency";False;False;0.9998;fr;en;True;False;False;False;True;Woher kommt Ahornsirup?;de;True;D'où vient le sirop d'érable ?;fr;True;;¿De dónde viene el jarabe de arce?;es;True;;;;;;;explicativa;7
Smallest US state?;Le plus petit État des États-Unis est le Delaware.;Rhode Island;;Rhode Island is the smallest US state, with a total area of approximately 1,214 square miles (3,144 square kilometers).;False;False;0.9998;fr;en;True;False;False;True;False;Kleinster US-Bundesstaat?;de;True;Plus petit État des États-Unis ?;fr;True;;¿Estado más pequeño de EE. UU.?;es;True;;;;;;;corta;5
Out of curiosity, who founded Carthage?;"Une question sur l'histoire!

Carthage a été fondée par les Phéniciens, une civilisation méditerranéenne qui a vécu dans la région du Liban et de la Syrie il y a plus de 3 000 ans. Les Phéniciens étaient des négociants, des marins et des constructeurs de navires, et ils ont établi des colonies dans toute la Méditerranée, y compris en Afrique du Nord.

La fondation de Carthage est attribuée à Qart-Hadasht, un roi phénicien qui a régné au début du VIIIe siècle avant Jésus-Christ. Qart-Hadasht a fondé la ville de Carthage sur l'île de Chébba, au large de la côte nord de l'Afrique du Nord, en 814 avant Jésus-Christ.

Cependant, il est important de noter que la fondation de Carthage a également été influencée par les Grecs et les Égyptiens, qui ont apporté leurs propres cultures et traditions à la ville. Carthage est";Dido;Didon|Elissa;"Carthage was founded by Phoenician settlers from the city of Tyre, in present-day Lebanon, around 814 BC. The Phoenicians were a Semitic people who were skilled traders and navigators, and they established a number of colonies throughout the Mediterranean.

The city of Carthage was founded by Queen Dido, who is said to have fled from Tyre after her husband's death. According to legend, Dido was helped by the god Baal, and she established Carthage as a free city, with its own government and laws.

However, it's worth noting that the historical record is not entirely clear on the founding of Carthage, and some scholars believe that the city may have been founded by other Phoenician settlers or even by the Carthaginians themselves, who were a distinct ethnic group.

Regardless of who founded it, Carthage went on to become a major power in the ancient Mediterranean world, known for its wealth, culture, and military prowess.";False;False;0.9998;fr;en;True;False;False;True;False;Aus Neugier: Wer gründete Karthago?;de;True;Par curiosité, qui a fondé Carthage ?;fr;True;;Por curiosidad, ¿quién fundó Cartago?;es;True;;;;;;;conversacional;10
How many strings does a standard guitar have?;"Une question classique!

Une guitare standard typique a 6 cordes. Ces cordes sont généralement numérotées de 1 à 6, avec :

* La 1ère corde (E) située à la 1re frette de la 6e frette de la manche
* La 2ème corde (B) située à la 2e frette de la 5e frette de la manche
* La 3ème corde (G) située à la 3e frette de la 4e frette de la manche
* La 4ème corde (D) située à la 4e frette de la 3e frette de la manche
* La 5ème corde (A) située à la 5e frette de la 2e frette de la manche
* La 6ème corde (E) située à la 6e frette de la 1re frette de la manche

Ces cordes sont généralement utilisées pour jouer des chansons et des mélodies, et peuvent être modifi";6;six;"A standard guitar typically has 6 strings. These strings are usually tuned to the following notes:

E, A, D, G, B, E (from lowest to highest pitch)

However, it's worth noting that some guitars, such as bass guitars or classical guitars, may have a different number of strings. But for a standard acoustic or electric guitar, 6 strings is the norm!";False;False;0.9997;fr;en;True;True;False;True;True;Wie viele Saiten hat ein Standardgitarre?;de;True;Quel est le nombre de cordes d'une guitare standard?;fr;True;;¿Cuántas cuerdas tiene una guitarra estándar?;es;True;;;;;;;factual_clasica;
Which country is shaped like a boot?;Le pays qui a la forme d'une botte est le Brésil.;Italy;Italie|Italia|Italien;The country that is often described as being shaped like a boot is Italy.;False;False;0.9998;fr;en;True;False;False;True;False;Welches Land hat die Form eines Stiefels?;de;True;Quel pays a la forme d'une botte ?;fr;True;;¿Qué país tiene forma de bota?;es;True;;;;;;;factual_aperturas;8
Retrieve the inventor of the first automobile.;L'inventeur de la première automobile est Karl Benz.;Karl Benz;Benz;"The inventor of the first automobile is widely credited to be Karl Benz, a German engineer. He designed and built the Benz Patent-Motorwagen in 1886, which is considered to be the first practical automobile.

Karl Benz was born on November 25, 1844, in Karlsruhe, Germany. He was a mechanical engineer and inventor who worked for various companies, including the Benz & Cie. company, which he founded in 1883. The Benz Patent-Motorwagen was a three-wheeled, gasoline-powered vehicle that was designed to be a horseless carriage.

Benz's invention was a major breakthrough in transportation technology, and it paved the way for the development of modern automobiles. He is often credited as the ""father of the automobile"" and is remembered as a pioneer in the field of automotive engineering.

Would you like to know more about Karl Benz or the history of the automobile?";False;False;0.9998;fr;en;True;True;False;True;True;Ruf den Erfinder des ersten Automobils ab.;de;True;Retrouvez l'inventeur de la première automobile.;fr;True;;Recupera al inventor del primer automóvil.;es;True;;;;;;;imperativo;8
Review where stars are born.;"Les étoiles naissent dans des régions appelées nébuleuses. Une nébuleuse est un amas de gaz et de poussière interstellaire, c'est-à-dire des matières qui ne forment pas encore d'étoiles. Il existe deux types principaux de nébuleuses :

1.  **Nébuleuses stellaires** : Elles sont nées à partir de la collision d'étoiles. Lorsqu'une étoile explose en supernova, elle peut laisser derrière elle une nébuleuse stellaire. C'est le cas de la supernova de 1987 qui a créé la nébuleuse du Carret.
2.  **Nébuleuses moléculaires** : Elles sont nées à partir de la condensation de gaz et de poussière dans l'espace. Ces nébuleuses sont souvent associées à des régions de formation d'étoiles, car elles contiennent les matériaux nécessaires à la formation de nouvelles étoiles.

Les étoiles naissent à partir de ces nébuleuses, où les gaz et";nebula;nebul|Nebel|nube molecular|nuage moleculaire|Molekulwolke;"""Where Stars Are Born"" is a 2018 American romantic drama film written and directed by Todd Haynes. The film is a loose adaptation of William Inge's 1956 play ""A Loss of Something Ever Lost"", which was itself inspired by the 1954 film ""A Star is Born"". Here's a review of the film:

**Plot**

The film follows the story of Jackson Maine (played by Bradley Cooper), a fading rock star who discovers a young singer-songwriter named Ally (played by Lady Gaga) at a drag bar. Jackson is immediately drawn to Ally's talent and charisma, and he becomes her mentor and lover. As their relationship deepens, Ally's star rises, but Jackson's own career and personal demons threaten to destroy their happiness.

**Themes**

The film explores several themes, including:

1. **The highs and lows of fame**: The film delves into the darker side of fame, where the pressures of success can lead to addiction, self-destruction, and the loss of one's identity.
2. **Love and relationships**: The film examines the complexities of love and relationships, particularly in the context of the music industry.
3. **Identity and self-discovery**: Ally's journey is also one";False;False;0.9998;fr;en;True;True;False;False;True;Überprüfe, wo Sterne entstehen.;de;True;Revoyez où naissent les étoiles.;fr;True;;Revisa dónde nacen las estrellas.;es;True;;;;;;;imperativo_explicativo;6
How is silk produced?;"La soie est un tissu fin et lisse obtenu à partir des filaments de la coquille de la boussole (Bombyx mori), une espèce de papillon domestiquée. Voici une vue d'ensemble de la production de soie :

1. **Élevage des boussoles** : Les boussoles sont élevées dans des serres spécialement conçues pour leur bien-être. Elles sont nourries d'une alimentation spéciale et sont protégées des maladies et des parasites.
2. **Mûrissement** : Les boussoles passent environ 30 jours à mûrir, pendant lesquels elles se nourrissent et se préparent à la reproduction.
3. **Reproduction** : Les boussoles mûries se reproduisent et déposent leurs œufs dans des cellules spéciales appelées ""cellules de soie"".
4. **Développement des filaments** : Les œufs se développent en larves, qui se nourrissent de la soie produite par les cellules de soie. Les larves passent environ";silkworms;silkworm|vers a soie|ver a soie|gusano|Seidenraupe|baco da seta|bachi da seta|bicho-da-seda|bicho da seda|cocon|capullo|Kokon|bozzolo|casulo|Bombyx;"Silk production is a fascinating process that involves the harvesting of silk fibers from silkworms. Here's a step-by-step overview of how silk is produced:

**Sericulture: The Process of Raising Silkworms**

1. **Breeding**: Silkworms are bred in controlled environments, typically in greenhouses or specialized facilities. The breeding process involves mating silkworms to produce eggs.
2. **Hatching**: The eggs hatch into larvae, which are fed a diet of mulberry leaves.
3. **Growth**: The larvae grow and molt several times, shedding their skin as they outgrow it.
4. **Cocoon formation**: After about 30-40 days, the larvae spin a protective cocoon around themselves, made of a single silk filament. This filament is secreted from the salivary glands of the larva.

**Harvesting Silk**

1. **Cocoon collection**: The cocoons are collected from the silkworms and placed in hot water to kill the pupae inside.
2. **Soaking**: The cocoons are soaked in hot water to loosen the sericin, a gummy protein that holds the filament together.
3. **Re";False;False;0.9998;fr;en;True;True;False;True;True;Wie wird Seide hergestellt?;de;True;Comment produit-on la soie ?;fr;True;;¿Cómo se produce la seda?;es;True;;;;;;;explicativa;5
Largest city in Canada?;La plus grande ville du Canada est Toronto.;Toronto;;The largest city in Canada is Toronto, Ontario. As of the 2021 census, the city has a population of approximately 2.7 million people.;False;False;0.9998;fr;en;True;True;False;True;True;Größte Stadt Kanadas?;de;True;Plus grande ville du Canada ?;fr;True;;¿Ciudad más grande de Canadá?;es;True;;;;;;;corta;6
Hmm, who first sailed from Europe to India?;"Une question fascinante!

Le premier Européen à avoir navigué vers l'Inde fut le navigateur italien Vésuve, également connu sous le nom de Vésuve ou Vésuve de Pise. Il a navigué vers l'Inde en 1497-1499, mais il n'a pas réussi à atteindre son objectif.

Le premier Européen à avoir réussi à atteindre l'Inde fut Christophe Colomb, qui a navigué vers l'Inde en 1498, mais il a finalement décidé de se diriger vers l'Amérique. Cependant, il a laissé derrière lui un autre navigateur italien, Vésuve, qui a tenté de suivre son exemple.

C'est en 1499 que Vésuve a réussi à atteindre l'Inde, mais il a été capturé par les Portugais et a été emmené à Lisbonne. Malheureusement, il n'a jamais pu retourner en Inde.

Il a été suivi par d'autres navigateurs européens, notamment Vasco da Gama, qui a réussi à atteindre l";Vasco da Gama;Gama;"The first recorded European to sail from Europe to India was Vasco da Gama, a Portuguese explorer. He set sail from Lisbon, Portugal on July 8, 1497, and arrived in Calicut (now Kozhikode), India on May 20, 1498. Da Gama's voyage was a historic moment in world exploration, as it marked the first time a European had successfully navigated the route from Europe to Asia, and it opened up new trade routes between Europe and Asia.

However, it's worth noting that there were earlier attempts by other European explorers to reach India. For example, the Venetian explorer Marco Polo had traveled to India in the 13th century, and there were also reports of European sailors visiting India in the 15th century. But Vasco da Gama's voyage is generally considered the first successful European voyage to India.

Would you like to know more about Vasco da Gama or the history of European exploration?";False;False;0.9998;fr;en;True;True;False;True;True;Hmm, wer segelte als Erster von Europa nach Indien?;de;True;Hum, qui a navigué le premier de l'Europe à l'Inde ?;fr;True;;Mmm, ¿quién navegó primero de Europa a la India?;es;True;;;;;;;conversacional;10
What is the capital of the United Kingdom?;La capitale du Royaume-Uni est Londres.;London;Londres|Londra;The capital of the United Kingdom is London.;False;False;0.9998;fr;en;True;True;False;True;True;Was ist die Hauptstadt des Vereinigten Königreichs?;de;True;Quelle est la capitale du Royaume-Uni?;fr;True;;¿Cuál es la capital del Reino Unido?;es;True;;;;;;;factual_clasica;
Which instrument did Jimi Hendrix play?;"Jimi Hendrix était un guitariste virtuose et il jouait principalement de la guitare électrique. Plus précisément, il utilisait une Gibson Les Paul, une Fender Stratocaster et une Fender Telecaster, mais sa guitare préférée était la Gibson Les Paul.

Cependant, il est important de noter que Jimi Hendrix était également connu pour son utilisation de la guitare à 6 cordes, qu'il a créée lui-même en ajoutant des cordes supplémentaires à sa guitare standard. Cette guitare à 6 cordes, appelée ""Monterey Pop"" ou ""Fender Stratocaster à 6 cordes"", était une invention unique de Jimi Hendrix qui lui permettait de jouer des riffs et des mélodies complexes avec une grande flexibilité.

Enfin, Jimi Hendrix était également connu pour son utilisation de la guitare à effectuer des ""feedbacks"" et des ""distorsions"" pour créer des sons uniques et innovants. Il a utilisé des effets de son comme le "" wah-wah"" et le ""fuzz"" pour ajouter";guitar;guitare|guitarra|Gitarre|chitarra;Jimi Hendrix was a legendary guitarist, and he played the electric guitar. In fact, he was known for his innovative and experimental playing style, which often incorporated feedback, distortion, and other unconventional techniques. He was particularly famous for playing the Fender Stratocaster, but he also played other guitars, including the Gibson Les Paul and the Fender Telecaster.;False;False;0.9998;fr;en;True;True;False;True;True;Welches Instrument spielte Jimi Hendrix?;de;True;De quel instrument jouait Jimi Hendrix ?;fr;True;;¿Qué instrumento tocaba Jimi Hendrix?;es;True;;;;;;;factual_aperturas;9
Supply the capital of Laos.;Vientiane est la capitale du Laos.;Vientiane;Vientian;The capital of Laos is Vientiane.;False;False;0.9998;fr;en;True;True;False;True;True;Liefere die Hauptstadt von Laos.;de;True;Fournissez la capitale du Laos.;fr;True;;Proporciona la capital de Laos.;es;True;;;;;;;imperativo;6
Clear up how black holes form.;"Les trous noirs! C'est un sujet fascinant qui a captivé l'imagination des physiciens et des scientifiques pendant des siècles. Voici une explication détaillée de la formation des trous noirs :

**Qu'est-ce qu'un trou noir?**

Un trou noir est une région de l'espace où la gravité est si forte que rien, ni même la lumière, ne peut s'échapper. Il s'agit d'un objet à gravité extrêmement forte qui est formé lorsque une étoile massive s'effondre sous sa propre gravité.

**La formation d'un trou noir**

La formation d'un trou noir se déroule en plusieurs étapes :

1. **La naissance d'une étoile massive** : Une étoile massive est née à partir d'un nuage de gaz et de poussière. Lorsqu'elle atteint une masse suffisamment élevée, elle commence à brûler son carburant (hydrogène et hélie) et à produire de l'énergie sous forme de lumière et de chaleur.
2. **L'effondrement de l'étoile";collapse;effondr|colaps|Kollaps|collass|contraccion|contraction|Kontraktion;"Black holes are among the most fascinating and mysterious objects in the universe. Here's a clear explanation of how they form:

**The Formation of a Black Hole**

A black hole is formed when a massive star collapses in on itself and its gravity becomes so strong that not even light can escape. This process occurs in several stages:

1. **Massive Star Death**: A massive star (at least 3-4 times the size of the sun) runs out of fuel and dies. The star's core collapses under its own gravity.
2. **Supernova Explosion**: The core collapses, causing a massive explosion known as a supernova. This explosion expels the star's outer layers into space.
3. **Core Collapse**: The core of the star, which is now a dense ball of neutrons and protons, collapses further. This collapse creates an intense gravitational field.
4. **Singularity Formation**: The core collapses into a singularity, a point of infinite density and zero volume. This singularity is the center of the black hole.
5. **Event Horizon Formation**: The point of no return around the singularity is called the event horizon. Any matter or radiation that crosses the event horizon is trapped by the black hole's";False;False;0.9998;fr;en;True;True;False;True;True;Kläre, wie Schwarze Löcher entstehen.;de;True;Clarifiez la formation des trous noirs.;fr;True;;Aclara cómo se forman los agujeros negros.;es;True;;;;;;;imperativo_explicativo;7
How is paper made?;"Le papier est une matière première très ancienne, utilisée depuis des milliers d'années pour écrire, dessiner, imprimer et même pour des usages divers tels que la construction, la décoration, etc. La fabrication du papier est un processus complexe qui a évolué au fil du temps, mais je vais vous présenter les étapes générales de sa production.

**Matériaux nécessaires :**

* Fibres végétales (papier à l'ancienne) ou cellulose (papier à l'actuelle) : on peut utiliser des plantes telles que le riz, le maïs, le blé, la soja, etc.
* Eau
* Enzymes (pour décomposer les fibres)
* Sels (pour fixer les fibres)
* Chaux (pour décaustiquer les fibres)
* Colorants (facultatif)
* Sizing agents (facultatif)

**Processus de fabrication du papier :**

1. **Préparation des fibres :**
	* Si l'on utilise des plantes, on les rase, on";pulp;pulpe|pulpa|Zellstoff|polpa|cellulo|celulo|Zellulo;"Paper making is a fascinating process that involves transforming raw materials into a versatile and essential product. Here's a step-by-step overview of how paper is made:

**Raw Materials:**

* Wood logs or wood chips (from trees like spruce, pine, or fir)
* Recycled paper (from post-consumer waste)
* Chemicals (such as bleach, dyes, and sizing agents)
* Water

**The Paper Making Process:**

1. **Pulping:** The raw materials are fed into a large machine called a pulper, which grinds them into a pulp. The pulp is a mixture of individual fibers, water, and other impurities.
2. **Screening:** The pulp is passed through a series of screens to remove any lumps, dirt, or other contaminants.
3. **Refining:** The pulp is refined to make it finer and more uniform. This is done by passing the pulp through a series of rollers, which crush and flatten the fibers.
4. **Bleaching:** The pulp may be bleached to remove any natural pigments or impurities. This is done to improve the color and strength of the paper.
5. **Mixing:** The pulp is mixed with water and other";False;False;0.9998;fr;en;True;True;False;True;True;Wie wird Papier hergestellt?;de;True;Comment fabrique-t-on le papier ?;fr;True;;¿Cómo se fabrica el papel?;es;True;;;;;;;explicativa;5
Largest city in Brazil?;La plus grande ville du Brésil est São Paulo.;Sao Paulo;San Pablo;The largest city in Brazil is São Paulo.;False;False;0.9998;fr;en;True;True;False;True;True;Größte Stadt Brasiliens?;de;True;Plus grande ville du Brésil ?;fr;True;;¿Ciudad más grande de Brasil?;es;True;;;;;;;corta;6
Real quick: who directed Star Wars?;"Une question facile!

La Guerre des étoiles est un film de science-fiction américain réalisé par George Lucas, sorti en 1977. C'est le premier film de la trilogie La Guerre des étoiles, suivie de L'Attaque des clones (1999) et Retour vers le futur (2005).

George Lucas est un réalisateur, scénariste et producteur américain connu pour ses films de science-fiction et d'aventure, notamment la série Star Wars.";George Lucas;Lucas;The original Star Wars film, later subtitled Episode IV: A New Hope, was directed by George Lucas.;False;False;0.9998;fr;en;True;True;False;True;True;Ganz kurz: Wer drehte Krieg der Sterne?;de;True;Vite fait : qui a réalisé La Guerre des étoiles ?;fr;True;;Rapidito: ¿quién dirigió La guerra de las galaxias?;es;True;;;;;;;conversacional;8
Who composed the Brandenburg Concertos?;Les Concertos brandebourgeois sont une œuvre composée par le compositeur allemand Johann Sebastian Bach.;Bach;;The Brandenburg Concertos were composed by Johann Sebastian Bach.;False;False;0.9998;fr;en;True;True;False;True;True;Wer hat die Brandenburg-Konzerte komponiert?;de;True;Qui a composé les Concertos brandebourgeois ?;fr;True;;¿Quién compuso los Conciertos de Brandenburgo?;es;True;;;;;;;factual_clasica;
Which bone is the longest in the body?;Le bras est le plus long du corps humain.;femur;femore|Oberschenkel;The longest bone in the human body is the femur, also known as the thigh bone. It extends from the hip joint to the knee joint and can grow up to 19-20 inches (48-51 cm) in length in adults.;False;False;0.9998;fr;en;True;False;False;True;False;Welcher Knochen ist der längste im Körper?;de;True;Quel os est le plus long du corps ?;fr;True;;¿Qué hueso es el más largo del cuerpo?;es;True;;;;;;;factual_aperturas;9
State the capital of Georgia, the country.;Tbilissi;Tbilisi;Tbilissi|Tiflis;The capital of Georgia, the country, is Tbilisi.;False;False;0.5;unknown;en;True;True;False;True;False;Nenne die Hauptstadt von Georgien, dem Land.;de;True;Indiquez la capitale de la Géorgie, le pays.;fr;True;;Indica la capital de Georgia, el país.;es;True;;;;;;;imperativo;9
Go over why Mars looks red.;"La couleur rouge de Mars est un sujet fascinant qui a captivé les scientifiques et les amateurs de planétologie pendant des siècles. Voici une revue de ce qui est connu sur la couleur rouge de Mars :

**Origine de la couleur rouge**

La couleur rouge de Mars est due à la présence de minéraux de fer oxyde, notamment l'hématite et le magnésite, qui sont présents dans la roche martienne. Ces minéraux sont les résultats de la réaction entre les éléments chimiques présents dans la roche et les conditions de température et de pression qui existent sur la planète.

**Composition de la roche martienne**

La roche martienne est composée de plusieurs éléments, dont :

* 25% de silice (SiO2)
* 15% de fer oxyde (Fe2O3)
* 10% de magnésium oxyde (MgO)
* 5% de calcium oxyde (CaO)
* 5% de nickel oxyde (NiO)

**Effets de la lumière solaire**

La couleur rouge de Mars est également influencée";iron oxide;rust|rouille|Rost|ruggine|ferrugem|oxyd|oxid|ossid|Eisenoxid;"The iconic red color of Mars! It's a fascinating topic that has captivated astronomers and space enthusiasts for centuries. So, let's dive into the reasons behind Mars' reddish hue.

**The Main Culprit: Iron Oxide**

The primary reason Mars appears red is due to the presence of iron oxide, also known as rust, in the planet's soil and rocks. Iron oxide is a common compound that forms when iron is exposed to oxygen and water. On Earth, we see iron oxide in the form of rust, which is why old cars and other metal objects can develop a reddish-brown patina.

On Mars, iron oxide is abundant in the planet's soil and rocks, particularly in the form of hematite (Fe2O3) and magnetite (Fe3O4). These minerals are rich in iron and oxygen, which are the key components of iron oxide.

**Dust and Atmospheric Conditions**

Mars' atmosphere is very thin, which means there's little to no air resistance to scatter sunlight. As a result, the red color of the iron oxide particles is not dispersed or scattered in the same way it is on Earth. This allows the red color to be visible from a distance.

Additionally, the Martian";False;False;0.9998;fr;en;True;True;False;True;True;Geh durch, warum der Mars rot aussieht.;de;True;Passez en revue la couleur rouge de Mars.;fr;True;;Repasa por qué Marte se ve rojo.;es;True;;;;;;;imperativo_explicativo;7
Where does natural rubber come from?;"Le caoutchouc naturel, également appelé caoutchouc de nature, est issu de la latex de certaines plantes appartenant à la famille des Euphorbiaceae. Le plus important de ces plantes est le caoutchouc de Hevea brasiliensis, également connue sous le nom de caoutchouc de l'Amazonie.

Le caoutchouc de Hevea brasiliensis est une plante à feuilles persistantes qui pousse dans les forêts tropicales de l'Amérique du Sud, notamment au Brésil, en Colombie, en Équateur et au Pérou. La latex de cette plante est extrait à travers une technique appelée ""tapping"", où des incisions sont faites dans le tronc de la plante pour libérer le latex, qui est ensuite collecté et séché pour être utilisé.

Le caoutchouc naturel a été utilisé depuis des siècles par les indigènes de l'Amérique du Sud, qui l'utilisaient pour fabriquer des cordes, des rubans et d'autres objets. Il";latex;hevea|seringueira|caucho|Kautschuk;"Natural rubber is a fascinating material with a rich history.

Natural rubber is derived from the sap of the rubber tree (Hevea brasiliensis), which is native to the Amazon rainforest in South America. The tree is a member of the Euphorbiaceae family and is also known as the rubber tree or caucho.

The process of harvesting natural rubber is labor-intensive and involves several steps:

1. **Tapping**: Rubber tappers, also known as ""caucheros,"" make small incisions in the bark of the tree to collect the latex sap. This sap is a milky liquid that contains the natural rubber.
2. **Collection**: The latex sap is collected in small containers, usually made of latex or plastic, and is then transported to a processing facility.
3. **Coagulation**: The latex sap is mixed with acid to coagulate the rubber particles, creating a sticky, gooey substance called ""latex.""
4. **Concentration**: The latex is then concentrated through a process of centrifugation or evaporation to produce a thick, creamy liquid called ""natural rubber concentrate.""
5. **Vulcanization**: The natural rubber concentrate is then mixed with sulfur and other additives, and then vul";False;False;0.9998;fr;en;True;True;False;True;True;Woher kommt Naturgummi?;de;True;D'où vient le caoutchouc naturel ?;fr;True;;¿De dónde viene la goma natural?;es;True;;;;;;;explicativa;7
Largest city in Turkey?;La plus grande ville de Turquie est Istanbul.;Istanbul;Estambul|Istambul;The largest city in Turkey is Istanbul.;False;False;0.9998;fr;en;True;True;False;True;True;Größte Stadt der Türkei?;de;True;Plus grande ville de Turquie ?;fr;True;;¿Ciudad más grande de Turquía?;es;True;;;;;;;corta;6
Okay, who sang Like a Prayer?;"C'est la chanteuse américaine Madonna qui a chanté ""Like a Prayer""! C'est l'un de ses plus grands succès, sorti en 1989.";Madonna;;"The song ""Like a Prayer"" was performed by the one and only... Madonna! Released in 1989, it was a huge hit and one of Madonna's most iconic songs. Do you have a favorite Madonna song or album?";False;False;0.9998;fr;en;True;True;False;True;True;Okay, wer sang Like a Prayer?;de;True;Bon, qui a chanté Like a Prayer ?;fr;True;;Vale, ¿quién cantó Like a Prayer?;es;True;;;;;;;conversacional;8
What is the chemical symbol for nitrogen?;Le symbole chimique de l'azote est N.;N;;The chemical symbol for nitrogen is N.;False;False;0.9998;fr;en;True;True;False;True;True;Was ist das chemische Symbolzeichen für Stickstoff?;de;True;Quel est le symbole chimique de l'azote?;fr;True;;¿Cuál es el símbolo químico del nitrógeno?;es;True;;;;;;;factual_clasica;
Where is the famous leaning tower?;La célèbre tour penchée se trouve à Pisa, en Italie. Elle s'appelle la Tour de Pise (Torre di Pisa en italien) et est l'une des attractions touristiques les plus célèbres du monde. La tour est connue pour son pente de 3,97°, ce qui la rend légendaire et a inspiré de nombreuses œuvres d'art et de littérature.;Pisa;Pise;"You're thinking of the famous Leaning Tower of Pisa!

The Leaning Tower of Pisa is located in Pisa, Italy. Specifically, it's situated in the Piazza dei Miracoli (Square of Miracles), in the heart of the city of Pisa, in the Tuscany region of Italy.

The tower is one of the most iconic landmarks in Italy and is known for its unintended tilt, which is caused by the soft ground it was built on. It's a must-see destination for anyone visiting Italy!

Would you like to know more about the tower's history or plan a trip to Pisa?";False;False;0.9998;fr;en;True;True;False;True;True;Wo steht der berühmte schiefe Turm?;de;True;Où se trouve la célèbre tour penchée ?;fr;True;;¿Dónde está la famosa torre inclinada?;es;True;;;;;;;factual_aperturas;7
Mention who composed The Blue Danube.;"""Le Beau Danube bleu"" est une marche pour piano composée par Johann Strauss II, un compositeur autrichien du XIXe siècle. Cette marche est l'une des plus célèbres et des plus jouées de la musique classique. Elle a été écrite en 1867 et est considérée comme l'une des œuvres les plus emblématiques de la musique viennoise.";Johann Strauss;Strauss;"A classic piece of music!

The Blue Danube Waltz was composed by Johann Strauss II, an Austrian composer and leader of the Strauss family of musicians. It was written in 1867 and is one of his most famous and iconic compositions.";False;False;0.9998;fr;en;True;True;False;True;True;Erwähne, wer An der schönen blauen Donau komponierte.;de;True;Mentionnez qui a composé Le Beau Danube bleu.;fr;True;;Menciona quién compuso El Danubio azul.;es;True;;;;;;;imperativo;9
Detail why Venus is so hot.;"Vénus, la planète des étoiles, est connue pour son climat extrêmement chaud, avec des températures qui peuvent atteindre jusqu'à 462°C à la surface. Voici quelques raisons qui expliquent pourquoi Vénus est si chaude :

1. **Proximité du soleil** : Vénus est la deuxième planète la plus proche du soleil après la Terre. Cela signifie qu'elle reçoit une quantité importante de rayonnement solaire, ce qui contribue à son climat chaud.
2. **Atmosphère épaisse** : L'atmosphère de Vénus est composée principalement de dioxyde de carbone (CO2) et de méthane (CH4), ce qui crée un effet de serre. Cet effet de serre empêche les radiations thermiques de s'échapper de la surface, ce qui contribue à maintenir la chaleur.
3. **Manque d'atmosphère aquatique** : La Terre a une atmosphère aquatique qui aide à réguler la température en absorb";greenhouse;serre|invernadero|Treibhaus|estufa|effetto serra|CO2|dioxyde de carbone|dioxido de carbono|Kohlendioxid;"Venus, often referred to as Earth's twin due to its similar size and mass, is actually the hottest planet in our solar system. The surface temperature of Venus reaches as high as 462°C (863°F), making it the hottest planet in the solar system. Here are some reasons why Venus is so hot:

1. **Thick Atmosphere**: Venus has a thick atmosphere composed mainly of carbon dioxide (CO2), which is a potent greenhouse gas. This atmosphere traps heat from the sun, preventing it from escaping back into space. The atmosphere is about 92 times thicker than Earth's, which contributes to the extreme heat.
2. **Greenhouse Effect**: The CO2 in Venus' atmosphere creates a strong greenhouse effect, where the gas absorbs and re-emits infrared radiation, trapping heat and warming the planet. This effect is much stronger on Venus than on Earth, where the atmosphere is mostly nitrogen and oxygen.
3. **Lack of Water**: Venus has very little water on its surface, which means there's no water vapor to cool the planet through evaporation. On Earth, water vapor plays a significant role in regulating temperature, but on Venus, it's not present in sufficient quantities.
4. **Slow Rotation and Ax";False;False;0.9998;fr;en;True;True;False;True;True;Erläutere genau, warum die Venus so heiß ist.;de;True;Détaillez pourquoi Vénus est si chaude.;fr;True;;Detalla por qué Venus es tan caliente.;es;True;;;;;;;imperativo_explicativo;7
How is leather made?;"Le cuir est une matière première utilisée pour fabriquer des produits tels que des chaussures, des sangles, des coussins, des sièges, etc. La fabrication du cuir implique plusieurs étapes qui varient en fonction du type de cuir et du produit final. Voici une vue d'ensemble des étapes de fabrication du cuir :

1. **Tournage du bovien** : Le processus de fabrication du cuir commence par le tournage du bovien, qui est le tissu de peau de bœuf ou de vache. Le bovien est tourné en lambeaux et enroulés sur des rouleaux pour obtenir des rouleaux de cuir.
2. **Traitement du cuir** : Les rouleaux de cuir sont ensuite traités pour enlever les graisses et les impuretés. Cela peut être fait par des méthodes chimiques ou physiques, telles que le bain de cuir ou le tissage.
3. **Imprégnation** : Le cuir est ensuite imprégné d'un mélange";tanning;tann|curti|Gerb|concia;"Leather is made from animal hides, typically from cows, pigs, sheep, goats, or other mammals. The process of making leather involves several steps:

1. **Tanning**: The first step in making leather is to tan the animal hide. Tanning involves treating the hide with tannins, which are natural compounds found in plants or synthetic chemicals. Tannins help to stabilize the hide, prevent decay, and give it a more durable and water-resistant finish.
2. **Soaking**: The hide is then soaked in water to rehydrate it and make it more pliable.
3. **Liming**: The hide is then treated with a lime solution to remove the natural oils and fatty acids that can make the hide stiff and rough.
4. **Deliming**: After liming, the hide is treated with a deliming solution to remove excess lime and restore the natural pH balance of the hide.
5. **Bating**: The hide is then treated with enzymes to break down the proteins and fats, making it softer and more supple.
6. **Pickling**: The hide is then treated with a solution of acid and salt to remove any remaining impurities and help the tanning process.
7. **Tanning**:";False;False;0.9998;fr;en;True;False;False;True;True;Wie wird Leder hergestellt?;de;True;Comment fabrique-t-on le cuir ?;fr;True;;¿Cómo se fabrica el cuero?;es;True;;;;;;;explicativa;5
Largest city in Morocco?;La plus grande ville du Maroc est Casablanca.;Casablanca;;The largest city in Morocco is Casablanca.;False;False;0.9998;fr;en;True;True;False;True;True;Größte Stadt Marokkos?;de;True;Plus grande ville du Maroc ?;fr;True;;¿Ciudad más grande de Marruecos?;es;True;;;;;;;corta;6
Hi! Who created Tintin?;"Salut!

Tintin est un personnage de bande dessinée créé par le célèbre auteur belge Georges Remi, plus connu sous le nom de Hergé. Le premier album, ""Tintin au Congo"", est sorti en 1929.

Hergé est considéré comme l'un des plus grands dessinateurs de bande dessinée de tous les temps, et Tintin est l'un de ses œuvres les plus célèbres et les plus emblématiques. Le personnage de Tintin a été créé pour être un jeune reporter aventureux, et les aventures de Tintin ont été suivies par des millions de lecteurs dans le monde entier.

Hergé a créé un total de 24 albums Tintin, dont certains sont considérés comme des classiques de la bande dessinée, tels que ""Le Secret du Temple d'Amsterdam"" et ""Le Trésor de la Sierra Madre"".

Et toi, es-tu un fan de Tintin?";Herge;;"A great question about a legendary character!

Tintin was created by the Belgian cartoonist Georges Remi, better known by his pen name, Hergé. Hergé is widely regarded as one of the most influential and successful comic book creators of all time, and Tintin is arguably his most famous and iconic creation.

Hergé wrote and illustrated the Tintin series, which debuted in 1929 and went on to become a global phenomenon, with over 200 million copies sold worldwide. The series follows the adventures of Tintin, a young reporter and explorer, and his loyal dog Snowy, as they travel the world and get entangled in various mysteries and escapades.

Hergé's meticulous research, attention to detail, and innovative use of comic book storytelling techniques helped to establish Tintin as a beloved character around the world.";False;False;0.9998;fr;en;True;True;False;True;True;Hallo! Wer hat Tim und Struppi erschaffen?;de;True;Salut ! Qui a créé Tintin ?;fr;True;;¡Hola! ¿Quién creó a Tintín?;es;True;;;;;;;conversacional;8
What is the capital of Denmark?;La capitale du Danemark est Copenhague.;Copenhagen;Copenhague|Kopenhagen|Copenaghen|Copenhaga;The capital of Denmark is Copenhagen (also known as København in Danish).;False;False;0.9997;fr;en;True;True;False;True;True;Was ist die Hauptstadt von Dänemark?;de;True;Quelle est la capitale du Danemark?;fr;True;;¿Cuál es la capital de Dinamarca?;es;True;;;;;;;factual_clasica;
Where is Michelangelo's David displayed?;Le David de Michel-Ange est exposé au Musée du Louvre à Paris.;Florence;Florencia|Florenz|Firenze|Florenca;"Michelangelo's famous sculpture, ""David"", is displayed at the Galleria dell'Accademia in Florence, Italy. Specifically, it is housed in the museum's main hall, where it is seen by millions of visitors each year. The Galleria dell'Accademia is a museum dedicated to the art and history of Florence, and ""David"" is considered one of its crown jewels.";False;False;0.9998;fr;en;True;False;False;True;False;Wo ist Michelangelos David ausgestellt?;de;True;Où le David de Michel-Ange est-il exposé ?;fr;True;;¿Dónde se exhibe el David de Miguel Ángel?;es;True;;;;;;;factual_aperturas;8
Indicate the founder of Amazon.;Le fondateur d'Amazon est Jeff Bezos.;Jeff Bezos;Bezos;The founder of Amazon is Jeff Bezos.;False;False;0.9998;fr;en;True;True;False;True;True;Gib den Gründer von Amazon an.;de;True;Indiquez le fondateur d'Amazon.;fr;True;;Señala al fundador de Amazon.;es;True;;;;;;;imperativo;7
Unpack what causes meteor showers.;"Les pluies de météores, également appelées ""shower de météores"" ou ""saut de météores"", sont des phénomènes météorologiques rares et spectaculaires où de nombreux météores tombent sur une zone géographique en un laps de temps très court. Voici ce qui provoque ces événements :

**Les conditions nécessaires**

Pour que les pluies de météores se produisent, il faut que se réunissent plusieurs conditions spécifiques :

1. **Présence d'une zone de perturbation atmosphérique** : Une zone de perturbation atmosphérique est une région où l'air est en mouvement rapide et turbulent, souvent causée par des systèmes météorologiques tels que des fronts, des tempêtes ou des systèmes de basse pression.
2. **Présence d'une couche d'air froid** : Une couche d'air froid est nécessaire pour que les météores puissent brûler et produire des étincelles. Cette couche d'air froid est souvent associée à des systèmes météorologiques";comet;Komet;"Meteor showers are a spectacular display of shooting stars that occur when the Earth passes through a trail of comet or asteroid debris. Here's a breakdown of what causes meteor showers:

**The Main Players:**

1. **Comets**: Comets are icy bodies that originate from the outer Solar System. As they approach the Sun, they release gas and dust, creating a trail of debris behind them.
2. **Asteroids**: Asteroids are rocky objects that orbit the Sun. Some asteroids are thought to be the remains of a planet that never formed in the early days of the Solar System.
3. **Earth's Orbit**: The Earth's orbit is tilted at an angle of about 23.5 degrees relative to the plane of its orbit around the Sun.

**The Process:**

1. **Comet or Asteroid Breakup**: A comet or asteroid breaks apart, releasing a trail of debris into space.
2. **Debris Trail**: The debris trail, also known as a meteoroid stream, is a path of small particles that is left behind by the comet or asteroid.
3. **Earth's Orbit**: As the Earth orbits the Sun, it passes through the debris trail, causing the particles to enter the Earth's atmosphere.";False;False;0.9998;fr;en;True;False;False;True;True;Schlüssle auf, was Sternschnuppenschauer verursacht.;de;True;Décortiquez ce qui provoque les pluies de météores.;fr;True;;Desmenuza qué causa las lluvias de meteoros.;es;True;;;;;;;imperativo_explicativo;7
How does cotton become thread?;"Un processus intéressant!

Le coton devient du fil à travers un processus appelé ""tissage"" ou ""filage"". Voici les étapes clés :

1. **Récolte du coton** : Les plantes de coton sont récoltées lorsque les fleurs sont mûres et les graines sont séparées des fibres.
2. **Pulpe et fibre** : Les graines sont séparées des fibres, qui sont ensuite mises en macération pour débourser les fibres.
3. **Fibres traitées** : Les fibres sont traitées pour enlever les impuretés, les débris et les parties molles. Cela se fait généralement par lavage, séchage et élimination des parties molles.
4. **Tissage** : Les fibres sont ensuite tissées ensemble pour former un tissu. Il existe plusieurs types de tissage, notamment :
	* **Tissage à main** : Les fibres sont tissées manuellement à l'aide de métiers à tisser.
	* **Tissage mécanique** :";spinning;filag|hilad|hilar|Spinn|filatur|fiac;"Cotton thread is made from cotton fibers that are processed into a usable form for sewing and other textile applications. Here's a step-by-step overview of how cotton becomes thread:

1. **Cotton Harvesting**: Cotton is harvested from cotton plants, typically through a process called ginning, where the cotton fibers are separated from the seeds and other debris.
2. **Carding**: The harvested cotton is then carded, which involves brushing the fibers to align them in the same direction. This process produces a rope-like strand called a sliver.
3. **Combing**: The carded sliver is then combed to separate the fibers further and align them even more closely. This process produces a smoother, more uniform strand.
4. **Spinning**: The combed fibers are then spun into yarn. This involves drawing out the fibers and twisting them together to create a continuous thread.
5. **Twisting**: The yarn is then twisted to create a thicker, stronger thread. The twist can vary depending on the desired thickness and texture of the thread.
6. **Winding**: The twisted thread is then wound onto spools or cones, which are used to package and distribute the thread.
7. **Finishing**: Some cotton threads";False;False;0.9998;fr;en;True;True;False;True;True;Wie wird Baumwolle zu Garn?;de;True;Comment le coton devient-il du fil ?;fr;True;;¿Cómo se convierte el algodón en hilo?;es;True;;;;;;;explicativa;6
Fastest fish?;"Une question sur les poissons!

Il existe de nombreux poissons rapides, mais voici quelques-uns des plus connus :

1. **Sailfish** (Istiophoridae) : Ce poisson peut atteindre des vitesses de jusqu'à 110 km/h (68 mph), ce qui en fait l'un des poissons les plus rapides du monde.
2. **Barracuda** (Sphyraena spp.) : Les barracudas sont connus pour leur vitesse et peuvent atteindre des vitesses de jusqu'à 80 km/h (50 mph).
3. **Maquereau** (Mackerel spp.) : Les maquereaux sont des poissons rapides qui peuvent atteindre des vitesses de jusqu'à 70 km/h (43 mph).
4. **Thon** (Thunnus spp.) : Les thons sont des poissons rapides qui peuvent atteindre des vitesses de jusqu'à 60 km/h (37 mph).
5. **Swordfish** (Xiphias gladius) : Le saumon de lame de sabre est un poisson rapide qui peut atteindre des vitesses de jusqu'à 50 km/h";sailfish;marlin|voilier|pez vela|Facherfisch|pesce vela|peixe-vela|peixe vela;"The fastest fish in the ocean is the Sailfish (Istiophoridae). They can reach speeds of up to:

**68 miles per hour (110 kilometers per hour)**

That's almost as fast as a car on the highway! Sailfish are able to achieve such high speeds due to their streamlined bodies, powerful caudal fins, and the ability to swim in a straight line.

Would you like to know more about sailfish or other fast fish?";False;False;0.9996;fr;en;True;True;False;True;True;Schnellster Fisch?;de;True;Poisson le plus rapide ?;fr;True;;¿Pez más rápido?;es;True;;;;;;;corta;4
So, who created The Simpsons?;"Une question classique!

Les Simpson, également connues sous le nom de ""La Famille Addams"" ou ""Les Simpson"", sont une série d'animation américaine créée par Matt Groening.

Matt Groening, un dessinateur et scénariste américain, a conçu la série en 1987. Il a inspiré les personnages de sa famille, notamment Homer, Marge, Bart et Lisa, qui sont des caricatures de lui-même et de ses proches.

La première émission de la série a été diffusée le 17 décembre 1989 sur la chaîne de télévision américaine Fox. Depuis, Les Simpson sont devenues l'une des séries d'animation les plus populaires et les plus longévives de l'histoire de la télévision, avec plus de 30 ans de succès et plus de 700 épisodes diffusés.

Groening a également créé d'autres séries d'animation, telles que Futurama et Disenchantment, mais Les Simpson restent sa création la plus célèbre et la plus emblématique.";Matt Groening;Groening;"A great question about America's favorite animated family!

The Simpsons was created by Matt Groening, an American cartoonist, writer, and producer. Groening is credited with developing the concept, characters, and style of the show, which premiered on December 17, 1989.

Groening was inspired by his own family and childhood experiences when creating the characters. He named the main characters after his own family members: Homer (his father), Marge (his mother), Bart (his younger brother), Lisa (his younger sister), and Maggie (his younger sister).

Groening worked with James L. Brooks and Sam Simon to develop the show, and the rest, as they say, is history! The Simpsons has since become the longest-running primetime scripted show in television history, with over 700 episodes aired to date.

Would you like to know more about The Simpsons or its creators?";False;False;0.9998;fr;en;True;True;False;True;True;Also, wer hat Die Simpsons erfunden?;de;True;Alors, qui a créé Les Simpson ?;fr;True;;Entonces, ¿quién creó Los Simpson?;es;True;;;;;;;conversacional;7
Who founded psychoanalysis?;"La psychanalyse a été fondée par Sigmund Freud, un médecin autrichien né en 1856 et décédé en 1939. Freud est considéré comme l'un des plus grands psychanalystes de tous les temps et a développé une théorie complexe de la psyché humaine qui a eu un impact profond sur la psychologie, la psychiatrie et la culture en général.

Freud a commencé à développer ses idées sur la psychanalyse dans les années 1890, après avoir étudié la médecine à Vienne. Il a été influencé par les travaux de Charles Darwin, Friedrich Nietzsche et d'autres penseurs de son époque. En 1896, Freud a publié son premier livre, ""L'Interprétation des rêves"", qui a présenté ses idées sur les rêves et leur signification psychologique.

Au fil des années, Freud a développé une théorie plus complète de la psychanalyse, qui met l'accent sur l'inconscient, les complexes, les transferts et les défenses. Il a également créé le concept de";Freud;;"The founder of psychoanalysis is Sigmund Freud (1856-1939), an Austrian neurologist and psychiatrist. Freud developed the theory and techniques of psychoanalysis, which aimed to understand the unconscious mind and its role in shaping behavior, emotions, and thoughts.

Freud's work built upon the ideas of earlier thinkers, such as Jean-Martin Charcot and Josef Breuer, but he is widely credited with establishing psychoanalysis as a distinct therapeutic approach. His key concepts, including the structure of the psyche (id, ego, and superego), defense mechanisms, and the process of transference, have had a profound impact on modern psychology and continue to influence contemporary psychotherapeutic practices.

Would you like to know more about Freud's life, work, or psychoanalytic theory?";False;False;0.9998;fr;en;True;True;False;True;True;Wer hat Psychoanalyse gegründet?;de;True;Qui a fondé la psychanalyse?;fr;True;;¿Quién fundó la psicoanálisis?;unknown;True;;;;;;;factual_clasica;
Where were the Hanging Gardens said to be?;"Je ne connais pas d'informations sur des ""jardins suspendus"" qui soient connus pour être un lieu spécifique. Il est possible que vous fassiez référence à un lieu mythique, un endroit fictif ou un nom qui n'est pas bien connu.

Cependant, il y a quelques possibilités qui pourraient correspondre à ce que vous cherchez :

* Les ""jardins suspendus"" sont un lieu mythique qui apparaît dans certaines contes et légendes, notamment dans la culture espagnole. Selon la légende, ces jardins étaient suspendus dans le vide et offraient une vue imprenable sur la ville.
* Le ""Jardin suspendu"" est un musée d'art moderne situé à Barcelone, en Espagne. Ce musée est connu pour ses installations architecturales innovantes et ses collections d'art contemporain.
* Les ""jardins suspendus"" peuvent également désigner des installations artistiques ou des espaces publics conçus pour offrir une expérience unique et immersive aux visiteurs.

Si vous pouviez fournir plus de contexte ou";Babylon;Babilonia;"A famous question!

The Hanging Gardens of Babylon are one of the Seven Wonders of the Ancient World, and their exact location is still a topic of debate among historians and archaeologists.

According to ancient sources, the Hanging Gardens were said to be located in Babylon, which was a city in present-day Iraq. The gardens were described as a beautiful and lush oasis in the middle of the desert, with trees and flowers that seemed to be ""hanging"" in mid-air.

However, many scholars believe that the Hanging Gardens may not have actually existed in Babylon, or at least not in the way that ancient sources described them. Some theories suggest that the Hanging Gardens may have been a mythical or legendary structure, created to explain the wealth and power of the Neo-Babylonian Empire.

Despite the uncertainty, the Hanging Gardens of Babylon remain one of the most famous and enduring legends of ancient history.";False;False;0.9998;fr;en;True;False;False;True;False;Wo sollen die Hängenden Gärten gewesen sein?;de;True;Où se trouvaient, dit-on, les jardins suspendus ?;fr;True;;¿Dónde se decía que estaban los Jardines Colgantes?;es;True;;;;;;;factual_aperturas;9
Recall who painted The Third of May.;"Je ne connais pas d'information précise sur un tableau intitulé ""Tres de Mayo"" attribué à un artiste en particulier. Il est possible que vous fassiez référence à un tableau de l'artiste mexicain Diego Rivera, qui a peint de nombreux tableaux sur des thèmes liés à l'histoire et à la culture mexicaine. Cependant, sans plus d'informations, je ne peux pas vous donner une réponse précise.";Goya;;"The painting ""The Third of May 1808"" is a famous work by the Spanish artist Francisco Goya. It was created in 1814, after the Spanish War of Independence against Napoleon's forces, and depicts the execution of Spanish civilians by French soldiers on May 3, 1808. The painting is considered one of Goya's most powerful and expressive works, and is widely regarded as a masterpiece of Spanish art.";False;False;0.9998;fr;en;True;False;False;True;False;Erinnere dich, wer Der dritte Mai gemalt hat.;de;True;Rappelez qui a peint Tres de Mayo.;fr;True;;Recuerda quién pintó El tres de mayo.;es;True;;;;;;;imperativo;9
Run through what Jupiter's Great Red Spot is.;"La Grande Tache rouge de Jupiter est une région sombre et chaude située sur le disque de Jupiter, le plus grand planète du système solaire. Cette tache est l'une des caractéristiques les plus fascinantes de Jupiter et a été étudiée par les scientifiques pendant des décennies.

**Qu'est-ce que la Grande Tache rouge de Jupiter?**

La Grande Tache rouge de Jupiter est une région sombre et chaude située dans le sud-ouest de la planète, à environ 22° de latitude et 150° de longitude. Elle est visible à l'œil nu et a une taille d'environ 10 000 kilomètres de diamètre, soit environ la taille de la Terre.

**Caractéristiques**

La Grande Tache rouge de Jupiter présente plusieurs caractéristiques intéressantes :

*   **Coloration** : La tache est sombre et rouge, ce qui la distingue de la surface de Jupiter qui est généralement jaune ou beige.
*   **Température** : La température dans la Grande Tache rouge est beaucoup plus élevée que dans le reste";storm;tempete|tormenta|Sturm|tempest;"The Great Red Spot (GRS) is a persistent anticyclonic storm on Jupiter, which has been raging for centuries. Here's a rundown of this incredible phenomenon:

**What is the Great Red Spot?**

The Great Red Spot is a massive storm on Jupiter, measuring approximately 10,000 kilometers (6,200 miles) in diameter, making it larger than Earth in diameter. It's a high-pressure region with clockwise rotation, surrounded by strong winds that can reach speeds of up to 644 kilometers per hour (400 miles per hour).

**Appearance**

The GRS appears as a large, reddish-brown spot on Jupiter's atmosphere, which is visible from Earth. The color is thought to be due to the presence of sulfur and phosphorus compounds in the atmosphere, which are thought to be responsible for the storm's reddish hue.

**Characteristics**

The Great Red Spot is a persistent anticyclonic storm, meaning that it's a high-pressure region with clockwise rotation. This is unusual because most storms on Jupiter are low-pressure regions with counterclockwise rotation. The GRS is also a very stable feature, with winds that can persist for centuries.

**Formation and Evolution**

The exact formation mechanism of the Great";False;False;0.9998;fr;en;True;False;False;True;True;Geh kurz durch, was der Große Rote Fleck des Jupiter ist.;de;True;Parcourez ce qu'est la Grande Tache rouge de Jupiter.;fr;True;;Recorre qué es la Gran Mancha Roja de Júpiter.;es;True;;;;;;;imperativo_explicativo;10
Why do leaves look green?;"Une question simple mais intéressante!

Les feuilles paraissent vertes en raison de la présence de chlorophylle, une substance chimique qui joue un rôle essentiel dans la photosynthèse. La chlorophylle est produite par les cellules des feuilles et est responsable de la capture de la lumière solaire et de l'oxygène, qui sont nécessaires pour la production d'énergie par la plante.

La chlorophylle est une molécule complexe qui contient des composés organiques tels que les caroténoïdes, les xanthophylls et la phycérine. Ces composés absorbent différentes longueurs d'onde de la lumière solaire, mais la chlorophylle a une préférence pour l'orange et le rouge, ce qui lui permet de capturer la lumière solaire de manière efficace.

Lorsque la lumière solaire pénètre dans la feuille, elle est absorbée par la chlorophylle et les autres composés de la chlorophylle. Cette lumière est ensuite convertie en énergie chimique, qui est utilisée";chlorophyll;chlorophyl|clorofil;"Leaves look green because of a pigment called chlorophyll. Chlorophyll is a green pigment that helps plants absorb sunlight, which is necessary for photosynthesis. Photosynthesis is the process by which plants convert sunlight, water, and carbon dioxide into glucose and oxygen.

Chlorophyll is present in the cells of leaves and is responsible for absorbing the blue and red parts of the visible light spectrum, but reflecting the green part. This is why leaves appear green to our eyes.

In addition to chlorophyll, leaves also contain other pigments such as carotenoids and anthocyanins, which can give them a yellow, orange, or red color. However, chlorophyll is the main pigment responsible for the green color of leaves.

Here's a rough breakdown of how light interacts with chlorophyll:

* Blue light (400-500 nanometers): absorbed by chlorophyll
* Red light (600-700 nanometers): absorbed by chlorophyll
* Green light (500-600 nanometers): reflected by chlorophyll

So, when sunlight hits a leaf, the blue and red light is absorbed by the chlorophyll, and the green light is reflected back to our eyes, making the leaf appear green";False;False;0.9998;fr;en;True;True;False;True;True;Warum sehen Blätter grün aus?;de;True;Pourquoi les feuilles paraissent-elles vertes ?;fr;True;;¿Por qué las hojas se ven verdes?;es;True;;;;;;;explicativa;6
Largest reptile?;The largest reptile is the saltwater crocodile (Crocodylus porosus). On average, an adult male saltwater crocodile can grow up to 23 feet (7 meters) in length and weigh around 2,200 pounds (1,000 kilograms). However, the largest recorded saltwater crocodile was a male shot in Australia in 1974, which measured 23.7 feet (7.2 meters) in length and weighed around 3,000 pounds (1,361 kilograms).;saltwater crocodile;crocodile|cocodrilo|Krokodil|coccodrillo|crocodilo;The largest reptile is the saltwater crocodile (Crocodylus porosus). On average, an adult saltwater crocodile can grow up to 23 feet (7 meters) in length and weigh around 1,000 pounds (450 kilograms). However, some individuals have been known to reach lengths of over 25 feet (7.6 meters) and weigh as much as 2,200 pounds (1,000 kilograms).;False;False;0.0;en;en;False;True;False;True;False;Größtes Reptil?;de;True;Plus grand reptile ?;fr;True;;¿Reptil más grande?;es;True;;;;;;;corta;5
Honestly, who found the Titanic wreck?;"Une question fascinante!

L'épave du Titanic a été découverte le 1er septembre 1985 par un navire d'exploration américain appelé ""Arctic Explorer"", dirigé par le professeur Robert Ballard. Ballard, un oceanographe et expert en sous-marins, avait été chargé de localiser l'épave du Titanic, qui avait disparu le 14 avril 1912.

Après des mois de recherches et d'études, Ballard et son équipe ont utilisé des sonar et des photographies aériennes pour localiser l'épave. Le 1er septembre 1985, ils ont enfin trouvé l'épave, située à environ 3 784 mètres sous le niveau de la mer, dans l'océan Atlantique Nord, à environ 370 milles au nord-est de Terre-Neuve, au Canada.

L'équipe de Ballard a ensuite effectué des sonar et des photographies pour cartographier l'épave et documenter ses détails. La découverte de l'épave du Titanic a été un moment historique et a permis";Ballard;;"The discovery of the Titanic wreck is a fascinating story. The wreck was discovered on September 1, 1985, by a team led by Dr. Robert Ballard, a marine geologist and oceanographer. Ballard was part of a joint American-French expedition sponsored by the National Geographic Society and the French National Center for Scientific Research (CNRS).

The team used a combination of advanced sonar and submersible vehicles to locate and explore the wreck. The discovery was made in the North Atlantic Ocean, approximately 370 miles (600 kilometers) off the coast of Newfoundland, Canada.

However, it's worth noting that the discovery of the Titanic wreck was not a solo effort by Dr. Ballard. He was part of a team that included:

1. Dr. Ballard (team leader)
2. Jean-Louis Michel (French oceanographer)
3. Jean-Louis Michel's team (French engineers and technicians)
4. The National Geographic Society (funding and support)
5. The French National Center for Scientific Research (CNRS) (funding and support)

The discovery of the Titanic wreck was a major achievement in the field of oceanography and marine archaeology, and it has since become one of the most famous and iconic discoveries in the";False;False;0.9998;fr;en;True;True;False;True;True;Ehrlich gesagt: Wer fand das Wrack der Titanic?;de;True;Franchement, qui a retrouvé l'épave du Titanic ?;fr;True;;Sinceramente, ¿quién encontró los restos del Titanic?;es;True;;;;;;;conversacional;8
What is the speed of light in vacuum in kilometers per second, rounded?;La vitesse de la lumière dans le vide est d'environ 299 792 kilomètres par seconde.;300000;300 000|300.000|300,000|299 792|299.792|299,792|299792|299,79|299.79;The speed of light in a vacuum is approximately 299,792 kilometers per second.;False;False;0.9998;fr;en;True;True;False;False;True;Was ist die Geschwindigkeit des Lichts im Vakuum in Kilometern pro Sekunde, gerundet?;de;True;Quelle est la vitesse de la lumière dans le vide en kilomètres par seconde, arrondie?;fr;True;;¿Cuál es la velocidad de la luz en vacío en kilómetros por segundo, redondeada?;es;True;;;;;;;factual_clasica;
Who authored The Communist Manifesto?;Le Manifeste du parti communiste a été rédigé par Karl Marx et Friedrich Engels.;Marx;Engels;The Communist Manifesto was authored by Karl Marx and Friedrich Engels.;False;False;0.9997;fr;en;True;True;False;True;True;Wer verfasste das Kommunistische Manifest?;de;True;Qui a rédigé le Manifeste du parti communiste ?;fr;True;;¿Quién escribió el Manifiesto comunista?;es;True;;;;;;;factual_aperturas;7
Reveal the largest lake in South America.;Le plus grand lac d'Amérique du Sud est le lac Maracaibo.;Titicaca;Maracaibo;The largest lake in South America is Lake Titicaca, which is located on the border between Peru and Bolivia. It has a surface area of approximately 8,372 square kilometers (3,225 square miles) and an average depth of about 281 meters (925 feet).;False;False;0.9998;fr;en;True;True;False;True;True;Verrate den größten See Südamerikas.;de;True;Révélez le plus grand lac d'Amérique du Sud.;fr;True;;Revela el lago más grande de Sudamérica.;es;True;;;;;;;imperativo;9
Lay out how the Moon formed.;"La formation de la Lune est un sujet fascinant qui a été étudié par les scientifiques pendant des siècles. Selon la théorie la plus largement acceptée, la Lune a été formée il y a environ 4,5 milliards d'années, à la même époque que la Terre. Voici les étapes clés de sa formation :

**La formation de la Terre et de la Lune**

Il y a environ 4,5 milliards d'années, le système solaire était encore en formation. Les planètes et les lunettes de ce système étaient en train de se former à partir de la poussière et des débris du disque protoplanétaire, un anneau de matière qui entourait le soleil.

La Terre et la Lune sont croyées avoir émergé à partir d'un grand débris, appelé le ""débris de la Terre"". Ce débris était composé de roches et de poussière qui se sont agglomérées pour former la Terre.

**La formation de la Lune**

Il y a environ 60 millions d";collision;collisi|colisi|Kollision|Theia|impact|impatt|choc;"The formation of the Moon is a complex and still somewhat debated topic in the field of astrophysics. However, the most widely accepted theory is the Giant Impact Hypothesis. Here's a simplified overview of how the Moon is thought to have formed:

**The Giant Impact Hypothesis**

About 4.5 billion years ago, when the solar system was still in its early stages of formation, the Sun was much smaller and the planets were still in the process of accreting (growing) in size. The Earth is thought to have formed from a disk of material that surrounded the Sun, known as the protoplanetary disk.

At this time, the Earth was still a small, rocky planet, and it was surrounded by a large disk of debris, including small rocks and dust. This debris disk was likely the result of collisions between smaller bodies in the solar system.

One of the most massive objects in the solar system at this time was a Mars-sized planet called Theia. Theia is thought to have formed in the same region of the solar system as the Earth, and it's believed to have been a terrestrial planet, similar in composition to the Earth.

**The Collision**

One day, Theia and the Earth collided";False;False;0.9998;fr;en;True;False;False;True;True;Leg dar, wie der Mond entstand.;de;True;Exposez la formation de la Lune.;fr;True;;Expón cómo se formó la Luna.;es;True;;;;;;;imperativo_explicativo;8
How does the eye focus light?;"L'œil concentre la lumière grâce à un système complexe de structures anatomo-physiologiques. Voici les étapes clés :

1.  **La rétine** : La rétine est une couche fine située à l'arrière de l'œil. Elle contient des cellules photoréceptrices appelées cones et des cellules photoréceptrices appelées bâtonnets. Les cones sont responsables de la vision des couleurs, tandis que les bâtonnets sont responsables de la vision de la lumière et de la détection des mouvements.
2.  **La rétine est composée de plusieurs couches** : La rétine est composée de plusieurs couches, notamment la couche de photorécepteurs, la couche de connecteurs, la couche de ganglions et la couche de nerfs optiques.
3.  **La lumière pénètre dans l'œil** : La lumière pénètre dans l'œil à travers la cornée, qui est la couche externe de l'œil.
4.";lens;cristallin|cristalino|Linse|lente|cornee|cornea|Hornhaut|lentille;"The eye focuses light through a complex process involving multiple structures and mechanisms. Here's a simplified explanation:

**The Structure of the Eye**

The eye consists of several layers, including:

1. **Cornea**: The transparent outer layer of the eye that helps focus light.
2. **Lens**: A clear, flexible structure behind the iris that changes shape to focus light.
3. **Iris**: The colored part of the eye that controls the amount of light entering the eye.
4. **Pupil**: The opening in the center of the iris that regulates light entry.
5. **Retina**: The innermost layer of the eye that converts light into electrical signals.

**The Focusing Process**

When light enters the eye, it passes through the cornea and pupil. The cornea bends (refracts) the light, and the pupil regulates the amount of light that enters.

The light then passes through the lens, which changes shape to focus the light on the retina. This process is called accommodation.

**How the Lens Focalizes Light**

The lens has two main parts:

1. **Ciliary muscles**: These muscles surround the lens and control its shape. When they contract, the lens becomes more rounded and the focal length";False;False;0.9998;fr;en;True;True;False;True;True;Wie bündelt das Auge Licht?;de;True;Comment l'œil concentre-t-il la lumière ?;fr;True;;¿Cómo enfoca la luz el ojo?;es;True;;;;;;;explicativa;7
Tallest tree species?;L'arbre le plus haut connu est l'Eucalyptus de Tasmania, également connue sous le nom de Eucalyptus regnans. Elle peut atteindre des hauteurs de jusqu'à 100 mètres.;redwood;sequoia|secuoya|Mammutbaum;"Here are some of the tallest tree species in the world:

1. **Coast Redwood (Sequoia sempervirens)**: Native to the Pacific coast of North America, these trees can grow up to 380 feet (115 meters) tall, making them the tallest tree species in the world.
2. **Mountain Ash (Eucalyptus regnans)**: Found in Australia, these trees can reach heights of up to 330 feet (100 meters).
3. **Sitka Spruce (Picea sitchensis)**: Native to the Pacific coast of North America, these trees can grow up to 320 feet (98 meters) tall.
4. **Western Red Cedar (Thuja plicata)**: Found in the Pacific Northwest region of North America, these trees can reach heights of up to 300 feet (91 meters).
5. **Giant Sequoia (Sequoiadendron giganteum)**: Native to the Sierra Nevada mountains in California, these trees can grow up to 280 feet (85 meters) tall.

These trees are not only incredibly tall, but they're also some of the oldest and most resilient species on the planet.

Would you like to know more";False;False;0.9998;fr;en;True;False;False;True;False;Höchste Baumart?;de;True;Espèce d'arbre la plus haute ?;fr;True;;¿Especie de árbol más alta?;es;True;;;;;;;corta;5
Wait, who proposed continental drift?;"Une question géologique!

La théorie de la dérive des continents a été proposée par Alfred Wegener, un scientifique allemand, en 1912. Wegener était un géophysicien et un météorologue qui a étudié les modèles de déplacement des continents et a proposé une théorie qui a été initialement rejetée, mais qui a finalement été confirmée par de nombreuses preuves scientifiques.

Selon Wegener, les continents ont été une seule supercontinent, appelé Pangée, qui a existé il y a environ 300 millions d'années. Il a observé que les continents avaient des formes et des bordures qui s'alignaient de manière similaire, et qu'ils avaient des roches et des minéraux qui étaient similaires dans les régions correspondantes. Il a également noté que les continents avaient des fossiles de plantes et d'animaux qui étaient similaires dans les régions correspondantes.

Wegener a proposé que les continents avaient déplacé à travers l'océan, en raison de forces géodynamiques, telles";Wegener;;"The concept of continental drift was first proposed by Alfred Wegener, a German meteorologist and geophysicist, in 1912. Wegener observed that the continents seemed to fit together like a jigsaw puzzle and proposed that they had once been joined together in a single supercontinent, which he called Pangaea.

Wegener's theory was based on several lines of evidence, including:

1. The fit of the continents: Wegener noticed that the continents seemed to fit together like a jigsaw puzzle, with Africa and South America forming a neat fit with the eastern coast of North America.
2. Similarity of rock formations: Wegener observed that similar rock formations and mountain ranges existed on different continents, suggesting that they had been formed at the same time.
3. Fossil evidence: Wegener found that the same fossils existed on different continents, suggesting that these continents had once been connected.
4. Paleomagnetism: Wegener discovered that the Earth's magnetic field had reversed many times in the past, and that the continents had moved over time to align with the current magnetic field.

Wegener's theory of continental drift was initially met with skepticism, but it has since been widely accepted as a fundamental concept in geology.";False;False;0.9998;fr;en;True;True;False;True;True;Moment, wer stellte die Theorie der Kontinentaldrift auf?;de;True;Attends, qui a proposé la dérive des continents ?;fr;True;;Espera, ¿quién propuso la deriva continental?;es;True;;;;;;;conversacional;7
In what year did the Islamic Revolution take place in Iran?;La révolution islamique en Iran a eu lieu en 1979.;1979;;The Islamic Revolution in Iran took place in 1979. It began on January 16, 1979, with the death of Shah Mohammad Reza Pahlavi, and culminated in the establishment of the Islamic Republic of Iran on April 1, 1979.;False;False;0.9993;fr;en;True;True;False;True;True;In welchem Jahr fand die islamische Revolution im Iran statt?;de;True;Quel an a eu lieu la révolution islamique en Iran?;fr;True;;¿En qué año tuvo lugar la Revolución Islámica en Irán?;unknown;True;;;;;;;factual_clasica;
Who invented the electric battery?;"Une question sur l'histoire de l'électricité!

La pile électrique a été inventée par Alessandro Volta, un physicien et inventeur italien, en 1800. Volta a créé la première pile électrique, également connue sous le nom de pile Voltaïque, qui consistait en plusieurs couches de cuivre et de zinc séparées par des cartons imbibés d'acide. Lorsque les deux éléments étaient connectés, une tension électrique était générée, ce qui a permis de produire une courant électrique constante.

Volta a choisi le nom ""pile"" pour désigner son invention, en référence à la pile de pierres qui étaient utilisées pour produire de la chaleur et de la lumière dans les fours à pétrole. La pile électrique de Volta a ouvert la voie à la compréhension et à l'utilisation de l'électricité, et a été un pas important vers le développement de l'électricité comme source d'énergie.

Voici quelques dates clés liées à l'invention de la pile électrique :

* 1800 :";Volta;;"The invention of the electric battery is a bit complex, as it involved the contributions of several scientists and inventors over time. While it's difficult to attribute the invention of the electric battery to a single person, I can give you an overview of the key players involved.

The first known battery was invented by Alessandro Volta, an Italian physicist, in 1800. Volta's battery, known as the Voltaic pile, consisted of stacked discs of copper and zinc separated by cardboard soaked in saltwater. This invention marked the beginning of the development of the electric battery.

However, the concept of a battery-like device dates back to the 1740s, when the English chemist William Gilbert experimented with a device called the ""electrostatic generator."" Gilbert's device used a combination of copper and amber to generate an electric charge.

In the 1830s, the Danish scientist Hans Christian Ørsted discovered the relationship between electricity and magnetism, which led to the development of more advanced batteries.

The modern battery, as we know it today, was further improved by the invention of the lead-acid battery by Gaston Planté in 1859. Planté's design used a lead plate and an acid solution to generate";False;False;0.9998;fr;en;True;True;False;True;True;Wer erfand die elektrische Batterie?;de;True;Qui a inventé la pile électrique ?;fr;True;;¿Quién inventó la pila eléctrica?;es;True;;;;;;;factual_aperturas;6
Pinpoint the capital of Armenia.;La capitale de l'Arménie est Yèrevan.;Yerevan;Erevan|Eriwan|Ierevan|Jerewan;The capital of Armenia is Yerevan.;False;False;0.9998;fr;en;True;True;False;True;True;Bestimme die Hauptstadt Armeniens genau.;de;True;Situez la capitale de l'Arménie.;fr;True;;Ubica la capital de Armenia.;es;True;;;;;;;imperativo;7
Account for how caves form.;"Les grottes sont des cavités naturelles créées par l'érosion de la roche par l'eau. Voici une brève description de la formation des grottes :

**Étapes de formation des grottes**

1. **Déposition de roches** : Les grottes se forment généralement dans des roches solubles telles que la calcaire, la dolomite ou la gypse. Ces roches sont déposées par des processus tels que la déposition de sédiments ou la volcanisation.
2. **Infiltration de l'eau** : L'eau pénètre dans la roche et se dirige vers les points les plus bas, où elle se collecte dans des cavités naturelles.
3. **Érosion par l'eau** : L'eau qui pénètre dans la roche commence à éroder la roche par dissolution, ce qui crée des fissures et des cavités.
4. **Accumulation de minéraux** : Lorsque l'eau se déplace à travers la roche, elle transporte des minéraux et des sédiments qui se déposent";limestone;calcai|caliz|Kalk|calcar|Karst;"Cave formation is a fascinating geological process that involves the erosion of soluble rocks by water. Here's a step-by-step explanation of how caves form:

**Stage 1: Karst Topography**
Cave formation begins with the presence of soluble rocks, such as limestone, dolomite, and gypsum. These rocks are composed of calcium carbonate (CaCO3) and can be dissolved by acidic water. Over time, the rock is eroded by the water, creating a network of underground passages and caverns.

**Stage 2: Rainwater and Groundwater**
Rainwater and groundwater flow through the soil and rock layers, carrying dissolved minerals and acids. As the water flows, it picks up these minerals and acids, which can include carbon dioxide, sulfuric acid, and other acidic compounds.

**Stage 3: Dissolution of Rock**
The acidic water dissolves the soluble rock, creating a network of small cracks and fissures. As the water flows through these cracks, it continues to erode the rock, widening the cracks and creating larger passages.

**Stage 4: Erosion and Enlargement**
As the water continues to flow through the rock, it erodes the rock more extensively, creating larger caverns and pass";False;False;0.9998;fr;en;True;True;False;True;True;Begründe, wie Höhlen entstehen.;de;True;Rendez compte de la formation des grottes.;fr;True;;Da cuenta de cómo se forman las cuevas.;es;True;;;;;;;imperativo_explicativo;6
How do glaciers form?;"Les glaciers sont des formations de glace qui se forment dans les régions polaires et montagneuses à haute altitude, où les conditions climatiques sont particulièrement froides et humides. Voici les étapes clés de la formation d'un glacier :

1. **Nécessité de conditions climatiques spécifiques** : Les glaciers nécessitent des conditions climatiques très froides et humides, avec des températures inférieures à -10°C et une précipitation élevée. Cela permet la formation de neige et de glace.
2. **Formation de neige** : Les nuages de haute altitude déposent des précipitations en forme de neige. La neige est composée de particules d'eau qui se combinent pour former des flocons de neige.
3. **Accumulation de neige** : La neige se dépose sur les pentes des montagnes et des régions polaires, où elle est protégée des vents et des tempêtes. Au fil du temps, la neige s'accumule et forme une couche de glace.
4. **Compaction de la";snow;neige|nieve|Schnee|neve;"Glaciers are fascinating natural wonders that play a crucial role in shaping our planet's landscape. Here's a step-by-step explanation of how glaciers form:

**The Formation of Glaciers**

1. **Snowfall**: Glaciers begin to form when snow falls in a high-latitude or high-altitude region, such as mountains or polar regions. The snow accumulates and compresses over time.
2. **Compaction**: As more snow falls, the existing snow is compressed by the weight of the new snow, causing it to become denser and more compact.
3. **Recrystallization**: The compressed snow undergoes a process called recrystallization, where the snow crystals are rearranged into larger, more stable ice crystals.
4. **Ice Formation**: As the snow and ice continue to accumulate, they eventually form a solid, cohesive mass of ice, known as a glacier.
5. **Glacier Growth**: Glaciers grow by accumulating more snow and ice over time, and by flowing downhill under their own weight.

**Factors that Influence Glacier Formation**

1. **Temperature**: Glaciers form in cold climates with low temperatures, typically below freezing.
2. **Elevation**: Glaciers";False;False;0.9998;fr;en;True;True;False;True;True;Wie entstehen Gletscher?;de;True;Comment se forment les glaciers ?;fr;True;;¿Cómo se forman los glaciares?;es;True;;;;;;;explicativa;5
Largest fish?;"Je peux vous aider!

Il existe de nombreux poissons importants en termes de taille et de poids. Voici quelques-uns des plus grands poissons connus :

1. **La baleine bleue** (Balaenoptera musculus) : peut atteindre jusqu'à 33 mètres de longueur et peser jusqu'à 180 tonnes.
2. **Le requin blanc** (Carcharodon carcharias) : peut atteindre jusqu'à 6 mètres de longueur et peser jusqu'à 2 300 kilogrammes.
3. **Le requin-tigre** (Galeocerdo cuvier) : peut atteindre jusqu'à 7 mètres de longueur et peser jusqu'à 1 900 kilogrammes.
4. **Le poisson-lion** (Pseudolamprophyllum taeniatum) : peut atteindre jusqu'à 3 mètres de longueur et peser jusqu'à 700 kilogrammes.
5. **Le saumon atlantique** (Salmo salar) : peut atteindre jusqu'à 1,5 mètre de longueur et peser jusqu'à 200 kilogrammes";whale shark;requin-baleine|requin baleine|tiburon ballena|Walhai|squalo balena|tubarao-baleia|tubarao baleia|Rhincodon;"The largest fish in the world is the whale shark (Rhincodon typus). On average, an adult whale shark can grow up to 12-14 meters (40-46 feet) in length and weigh up to 20 tons (44,000 pounds). However, the largest recorded whale shark was 20.7 meters (68 feet) long and weighed around 34 tons (75,000 pounds).

Despite its massive size, the whale shark is a gentle giant that feeds on plankton, small fish, and other small organisms. It's a slow-moving filter feeder that can be found in warm, tropical waters around the world.

Would you like to know more about whale sharks or is there something else I can help you with?";False;False;0.9993;fr;en;True;False;False;True;False;Größter Fisch?;de;True;Plus grand poisson ?;fr;True;;¿Pez más grande?;es;True;;;;;;;corta;4
Sorry, who first split the atom?;"Une question fascinante!

Le premier à briser l'atome a été Ernest Rutherford, un physicien néo-zélandais. En 1911, il a mené une série d'expériences connues sous le nom d'expériences de Rutherford, qui ont révolutionné notre compréhension de la structure de l'atome.

Dans ces expériences, Rutherford a utilisé une source de rayonnement alpha (des particules chargées) pour tenter de déterminer la structure de l'atome. Il a placé un fil de métal dans un tube de verre et a envoyé des rayons alpha à travers le tube. Les rayons alpha ont frappé l'atome d'argent, qui a été placé à côté du fil de métal.

Rutherford a observé que les rayons alpha qui passaient à travers l'atome d'argent étaient principalement des rayons gamma (des rayonnements de haute énergie). Cela suggérait que l'atome d'argent était composé de protons et d'électrons, qui formaient un noyau";Rutherford;Cockcroft|Walton|Hahn|Meitner;"The discovery of the atom's splitting, also known as nuclear fission, is a bit of a complex story. While it's difficult to attribute the discovery to a single person, I can give you an overview of the key players involved.

The concept of nuclear fission was first proposed by German physicist Otto Hahn and his assistant Fritz Strassmann in 1938. They discovered that when uranium-235 (U-235) was bombarded with neutrons, it split into barium and krypton, releasing a large amount of energy in the process.

However, the idea of nuclear fission was not new even in 1938. In the early 20th century, scientists like Ernest Rutherford and Niels Bohr had already explored the possibility of nuclear reactions.

One of the key figures who contributed to the development of nuclear fission was Lise Meitner, an Austrian-Swedish physicist who worked with Otto Hahn. Meitner and her husband, Otto Frisch, a German physicist, are often credited with coining the term ""nuclear fission"" and developing the concept further.

In 1939, Meitner and Frisch fled Nazi Germany and settled in the United Kingdom, where they continued";False;False;0.9998;fr;en;True;True;False;True;True;Entschuldigung, wer hat als Erster das Atom gespalten?;de;True;Pardon, qui a été le premier à briser l'atome ?;fr;True;;Perdona, ¿quién dividió el átomo por primera vez?;es;True;;;;;;;conversacional;8
What is the capital of Nigeria?;Abuja est la capitale du Nigeria.;Abuja;;The capital of Nigeria is Abuja.;False;False;0.9986;fr;en;True;True;False;True;True;Was ist die Hauptstadt von Nigeria?;de;True;Quelle est la capitale du Nigeria?;fr;True;;¿Cuál es la capital de Nigeria?;es;True;;;;;;;factual_clasica;
Who first measured Earth's circumference?;Eratosthène;Eratosthenes;Eratosthene|Eratosten;"The ancient Greek mathematician Eratosthenes is credited with being the first person to accurately measure the Earth's circumference. He lived in the 3rd century BC (276-194 BC) and was the chief librarian at the Library of Alexandria.

Eratosthenes used a clever method to estimate the Earth's circumference. He noticed that at the summer solstice, the Sun was directly overhead at noon in the city of Syene (modern-day Aswan in Egypt), which is located near the Tropic of Cancer. He also knew that the Sun was not directly overhead at noon in Alexandria, which is located at a latitude of about 31° north of the equator.

By measuring the angle of the Sun's shadow at noon in Alexandria, Eratosthenes was able to calculate the circumference of the Earth. He assumed that the Earth was a sphere and used the angles of the Sun's shadow to estimate the distance between Alexandria and Syene. He then used the distance between the two cities and the circumference of the Earth to calculate its circumference.

Eratosthenes' estimate of the Earth's circumference was remarkably close to the actual value, which is about 40,075 kilometers (24,901 miles). His";False;False;0.5;unknown;en;True;True;False;True;False;Wer maß als Erster den Erdumfang?;de;True;Qui a mesuré le premier la circonférence de la Terre ?;fr;True;;¿Quién midió por primera vez la circunferencia de la Tierra?;es;True;;;;;;;factual_aperturas;7
Locate the birthplace of tango.;"Un excellent choix!

Le berceau du tango est Buenos Aires, la capitale de l'Argentine. Plus précisément, il est souvent associé à la zone de la Recoleta, dans le centre-ville de Buenos Aires, où se trouvent de nombreux établissements de tango historiques et où l'on peut encore assister à des représentations de tango traditionnel.

Cependant, il est également important de noter que le tango a des racines dans d'autres villes de l'Argentine, telles que Córdoba, Rosario et Mar del Plata, qui ont également contribué à la richesse et à la diversité du style.

Mais si l'on doit désigner une seule ville comme le berceau du tango, Buenos Aires est généralement considérée comme la capitale de la tango argentin.";Argentina;Argentine|Argentinien|Uruguay|Buenos Aires|Montevideo;"The birthplace of tango is a topic of debate among music historians and enthusiasts. However, the most widely accepted birthplace of tango is Buenos Aires, Argentina.

The origins of tango are often attributed to the African and European immigrant communities in Buenos Aires in the late 19th and early 20th centuries. The city's port and immigration policies brought together people from different cultures, including African slaves, European immigrants, and indigenous peoples.

The tango style is believed to have emerged in the 1890s, when African and European musicians began to blend their musical traditions to create a new sound. The tango's distinctive rhythms, melodies, and dance moves were influenced by African rhythms, European instrumentation, and the urban culture of Buenos Aires.

Some of the key locations associated with the birth of tango include:

* La Boca, a working-class neighborhood in Buenos Aires where many African immigrants settled and developed the tango style.
* San Telmo, another neighborhood in Buenos Aires where tango music and dance were popularized in the early 20th century.
* The Caminito, a famous street in La Boca that is still lined with tango clubs and restaurants today.

Overall, while the exact birthplace of tango";False;False;0.9998;fr;en;True;True;False;True;True;Finde den Geburtsort des Tangos.;de;True;Localisez le berceau du tango.;fr;True;;Localiza la cuna del tango.;es;True;;;;;;;imperativo;9
Shed light on how Hawaii's islands formed.;"La formation des îles d'Hawaï est un processus géologique complexe qui s'est déroulé sur des millions d'années. Voici une brève explication :

**La plateforme océanique**

Les îles d'Hawaï se trouvent sur une plateforme océanique, une zone de roche sédimentaire qui s'est formée il y a environ 40 millions d'années. Cette plateforme a été créée par la pente de la plaque tectonique pacifique, qui a plongé dans le manteau terrestre et a émergé comme une montagne sous-marine.

**L'activité volcanique**

Au fil du temps, la plateforme océanique a été soumise à une activité volcanique intense. Les volcans ont émergé de la mer et ont commencé à éjecter des roches et des cendres dans l'atmosphère. Les cendres et les roches ont ensuite tombé sur la surface de la plateforme, formant des dépôts de cendres et des roches volcaniques.

**La formation";volcanoes;volcan|vulkan|vulcan|hotspot|point chaud|punto caliente|punto caldo|ponto quente;"The formation of Hawaii's islands is a fascinating geological story that involves volcanic activity, plate tectonics, and the movement of the Earth's crust. Here's a brief overview:

**The Hawaiian-Emperor Seamount Chain**

Hawaii is part of a larger chain of volcanoes known as the Hawaiian-Emperor Seamount Chain. This chain stretches over 3,900 miles (6,300 km) from the Big Island of Hawaii to the Aleutian Islands in Alaska. The chain is thought to have formed as a result of plate tectonics, specifically the movement of the Pacific Plate over a hotspot, a zone of molten rock (magma) that rises from the Earth's mantle.

**The Hotspot**

The hotspot is believed to be a mantle plume, a column of hot, buoyant rock that rises from the Earth's core-mantle boundary to the surface. As the Pacific Plate moves northwestward over the hotspot, magma rises to the surface, producing volcanic eruptions. This process is known as seafloor spreading.

**Volcanic Activity**

The Hawaiian Islands are a result of volcanic activity that began around 40 million years ago. The islands are thought to have formed in the following";False;False;0.9998;fr;en;True;True;False;True;True;Beleuchte, wie die Inseln Hawaiis entstanden.;de;True;Éclairez la formation des îles d'Hawaï.;fr;True;;Arroja luz sobre cómo se formaron las islas de Hawái.;es;True;;;;;;;imperativo_explicativo;10
How do hurricanes get their energy?;"Les ouragans tirent leur énergie de la chaleur de la surface de la Terre. Lorsque le soleil chauffe l'eau de la mer, il crée une zone de basse pression près de la surface. Cela entraîne un mouvement de l'air chaud vers les hauteurs, créant une zone de basse pression au-dessus de la mer.

Dans cette zone de basse pression, l'air se refroidit et se condense, formant des nuages. Lorsque l'air se refroidit encore, il devient saturé d'eau et se condense en gouttelettes, ce qui crée des précipitations.

Cependant, les ouragans sont des cyclones tropicaux qui se forment au-dessus de l'eau chaude des océans. Lorsque l'air chaud et humide se soulève, il crée une zone de basse pression qui attire l'air plus sec et plus froid. Cela crée un cycle de mouvement qui se renforce et se renforce, créant un système de rotation qui peut devenir un ouragan.

En";warm water;eau chaude|agua caliente|warmes Wasser|acqua calda|agua quente|evapor|chaleur de la mer|chaleur de l'ocean|Warme des Ozeans|calor del oceano|calor del mar|agua calida;"Hurricanes get their energy from the warm waters of the ocean. Here's a simplified explanation:

1. **Warm ocean waters**: Hurricanes need warm ocean waters (at least 26.5°C or 80°F) to form and maintain their strength. These warm waters heat the air above them, causing it to rise and create an area of low pressure.
2. **Evaporation and condensation**: As the warm air rises, it cools, and the water vapor in the air condenses into clouds and releases heat. This process is called latent heat release.
3. **Heat transfer**: The heat released from the condensation process is transferred to the surrounding air, causing it to warm and rise even more. This creates a cycle of rising air, cooling air, and rising air again.
4. **Moisture and instability**: The warm air rises, creating an area of low pressure near the surface. This low pressure pulls in more air from the surrounding area, which is then heated and rises, creating more instability in the atmosphere.
5. **Coriolis force**: As the air rises, it begins to rotate due to the Coriolis force, a result of the Earth's rotation. This rotation is strengthened by the wind";False;False;0.9998;fr;en;True;True;False;True;True;Woher beziehen Hurrikane ihre Energie?;de;True;D'où les ouragans tirent-ils leur énergie ?;fr;True;;¿De dónde obtienen su energía los huracanes?;es;True;;;;;;;explicativa;7
Slowest mammal?;"Une question intéressante!

Selon les données disponibles, le mammifère le plus lent est le Sloth (genre Bradypus ou Megalonyx). Les sloths sont des mammifères qui vivent dans les forêts tropicales de l'Amérique du Sud et sont connus pour leur lenteté.

Ils peuvent marcher à une vitesse moyenne de 0,15 à 0,30 m/s (0,3 à 0,6 km/h), ce qui est l'une des plus basses vitesses de tous les mammifères. Cela les permet de consommer moins d'énergie, car ils passent la plupart de leur temps à se reposer ou à se nourrir.

En fait, les sloths sont si lents que les oiseaux et les insectes peuvent les dépasser!";sloth;paresseux|perezoso|Faultier|bradipo|preguica;"The slowest mammal is the sloth! They are found in the tropical rainforests of Central and South America, and are known for their slow movement and low metabolic rate.

On average, a sloth moves at a pace of about 0.15 miles per hour (0.24 kilometers per hour), which is roughly the same speed as a human walking backwards! They spend most of their time resting, eating, and sleeping, and can even spend up to 20 hours a day just hanging upside down from trees.

Some interesting facts about sloths:

* They have a unique, low-energy lifestyle that allows them to survive on a diet of mostly leaves.
* Their slow metabolism means they don't need to eat much, and can go weeks without food.
* Sloths have a special, symbiotic relationship with algae that grow on their fur, which helps to camouflage them in their rainforest habitat.

Isn't that cool?";False;False;0.9998;fr;en;True;True;False;True;True;Langsamstes Säugetier?;de;True;Mammifère le plus lent ?;fr;True;;¿Mamífero más lento?;es;True;;;;;;;corta;5
Be honest: who wrote The Canterbury Tales?;"Une question classique!

Les Contes de Canterbury, également connus sous le nom de Canterbury Tales, ont été écrits par Geoffrey Chaucer, un poète et écrivain anglais du XIVe siècle. Il est considéré comme l'un des plus grands écrivains de la littérature anglaise et a joué un rôle important dans le développement de la langue anglaise.

Les Contes de Canterbury sont une collection de nouvelles écrites en vers et en prose, qui racontent les aventures de divers personnages qui se rendent à Canterbury pour demander l'aumône au pape Urbain II. Chaque conte est narré par un personnage différent, qui offre une vision unique de la société anglaise de l'époque.

Geoffrey Chaucer a écrit les Contes de Canterbury entre 1387 et 1400, et ils sont considérés comme l'un des plus grands chef-d'œuvre de la littérature anglaise.";Chaucer;;"A question that gets to the heart of literary history!

The authorship of The Canterbury Tales is a bit of a complicated story. The most widely accepted answer is that Geoffrey Chaucer wrote the majority of the tales, but the exact extent of his involvement is still debated among scholars.

Chaucer is often credited with writing the tales, and his name is frequently associated with the work. In fact, the General Prologue, which introduces the pilgrims and sets the stage for the stories, is often considered one of Chaucer's most famous works.

However, many scholars believe that Chaucer may have written only a portion of the tales, and that other authors may have contributed to the work. Some argue that the language, style, and tone of certain tales suggest that they were written by someone else.

One of the most famous examples of this is the tale of ""The Wife of Bath's Tale,"" which is often attributed to a woman named Alisoun, a character in the story. Some scholars believe that Alisoun may have been a real person, and that the tale was written by a woman who was inspired by her own experiences.

Despite the uncertainty surrounding the authorship of The Canterbury Tales, Chaucer is still";False;False;0.9998;fr;en;True;True;False;True;True;Sei ehrlich: Wer schrieb die Canterbury-Erzählungen?;de;True;Sois honnête : qui a écrit Les Contes de Canterbury ?;fr;True;;Sé sincero: ¿quién escribió Los cuentos de Canterbury?;es;True;;;;;;;conversacional;9
What is the capital of Peru?;La capitale du Pérou est Lima.;Lima;;The capital of Peru is Lima.;False;False;0.9998;fr;en;True;True;False;True;True;Was ist die Hauptstadt von Peru?;de;True;Quelle est la capitale du Pérou?;fr;True;;¿Cuál es la capital de Perú?;es;True;;;;;;;factual_clasica;
Who founded Buddhism?;Le bouddhisme a été fondé par le Bouddha, également connu sous le nom de Siddhartha Gautama, un philosophe et un moine bouddhiste qui a vécu au VIe siècle avant notre ère.;Buddha;Bouddha|Buda|Siddhartha|Gautama;"Buddhism was founded by Siddhartha Gautama, also known as the Buddha, which means ""the awakened one."" He was born in Lumbini, Nepal, around 563 BCE and lived in ancient India.

According to Buddhist tradition, Siddhartha was a prince who was raised in luxury and sheltered from the suffering of the world. However, at the age of 29, he encountered the ""Four Sights"" that changed the course of his life:

1. An old man, frail and weak
2. A sick man, suffering from illness
3. A corpse, a reminder of death
4. A wandering ascetic, seeking enlightenment

These sights shook Siddhartha's complacent life and led him to question the meaning of suffering and the nature of reality. He began to study and practice various spiritual disciplines, including meditation and asceticism, in search of a deeper understanding of the world.

After six years of intense spiritual practice, Siddhartha achieved enlightenment under the Bodhi Tree in Bodh Gaya, India. This event is known as the ""Enlightenment"" or ""Awakening."" At this moment, he realized the Four Noble Truths, which are the foundation of Buddhist teachings";False;False;0.9998;fr;en;True;True;False;True;True;Wer begründete den Buddhismus?;de;True;Qui a fondé le bouddhisme ?;fr;True;;¿Quién fundó el budismo?;es;True;;;;;;;factual_aperturas;4
Report the atomic number of oxygen.;Le numéro atomique de l'oxygène est 8.;8;;The atomic number of oxygen is 8.;False;False;0.9998;fr;en;True;True;False;True;True;Gib die Ordnungszahl von Sauerstoff an.;de;True;Donnez le numéro atomique de l'oxygène.;fr;True;;Informa el número atómico del oxígeno.;es;True;;;;;;;imperativo;7
Demystify how wounds stop bleeding.;"Les plaies cessent de saigner grâce à un processus complexe impliquant plusieurs étapes et facteurs. Voici une explication détaillée de ce phénomène :

**Étapes de la coagulation**

Lorsqu'une plaie est infligée, le tissu endommagé libère des facteurs de coagulation, tels que la thrombine et la fibrinogène. Ces facteurs activent une cascade biochimique qui conduit à la formation de fibrine, une protéine qui forme des filaments qui s'entrelacent pour former un réseau solide.

**Formation de la plaie sèche**

La coagulation et la formation de fibrine créent une barrière physique qui empêche la perte de liquide sanguin (hémorragie) à partir de la plaie. Cette barrière, appelée plaie sèche, est composée de :

1. **Fibrine** : La principale composante de la plaie sèche, qui fournit une structure solide pour empêcher la perte de liquide sanguin.
2. **F";platelets;plaquet|Plattchen|piastrin|platelet|coagul|Gerinn;"The process of wound healing and bleeding cessation is a complex, multi-step process that involves various physiological mechanisms. Here's a simplified explanation:

**The Initial Response to Injury**

When a wound occurs, the body's first response is to stop the bleeding. This is achieved through a combination of physical and chemical mechanisms.

1. **Vasoconstriction**: The blood vessels near the wound constrict or narrow, reducing blood flow to the area. This is mediated by the release of chemical signals, such as thromboxane A2, which causes the blood vessels to constrict.
2. **Platelet activation**: Platelets, small blood cells, are activated by the injury and release chemical signals that attract more platelets to the site. This process is called platelet aggregation.
3. **Clot formation**: The activated platelets release chemical signals that attract other blood cells, such as white blood cells and clotting factors, to the site. These cells and factors work together to form a blood clot, which physically stops the bleeding.

**The Role of Clotting Factors**

Clotting factors, also known as coagulation factors, are proteins that help form a blood clot. The most important clotting factors involved in wound healing are:";False;False;0.9998;fr;en;True;True;False;True;True;Entmystifiziere, wie Wunden aufhören zu bluten.;de;True;Démystifiez comment les plaies cessent de saigner.;fr;True;;Desmitifica cómo las heridas dejan de sangrar.;es;True;;;;;;;imperativo_explicativo;8
What do bees collect besides nectar?;"Les abeilles récoltent plusieurs choses en plus du nectar, qui est leur principal source d'énergie. Voici quelques-unes des autres ressources que les abeilles collectent :

1. **Pollen** : Le pollen est une source de protéines et de lipides essentiels pour les abeilles. Il est collecté pour nourrir les larves et les abeilles elles-mêmes. Le pollen est également utilisé pour produire de la cire, qui est utilisée pour la construction de la ruche et pour protéger les abeilles contre les parasites.
2. **Cire** : La cire est une substance visqueuse produite par les abeilles à partir de la salive et de la chaux. Elle est utilisée pour la construction de la ruche, pour protéger les abeilles contre les parasites et pour stocker les aliments.
3. **Proteines** : Les abeilles collectent des protéines en forme de poudre ou de granules, appelées ""proteines insectes"", qui sont utilisées pour nourrir les larves.
4. **Minéraux**";pollen;polen|polline;"Bees collect several things besides nectar from flowers. Here are some of the main things they collect:

1. **Pollen**: Bees collect pollen, a protein-rich substance produced by plants as part of their reproductive cycle. Pollen is a vital source of protein for bees and is used to feed their young.
2. **Water**: Bees need water to drink and to cool their bodies. They collect water from various sources, such as puddles, birdbaths, and even dew.
3. **Pheromones**: Bees collect pheromones, chemical signals that help them communicate with each other. These pheromones can be used to mark trails, alert other bees to danger, or signal the presence of food.
4. **Wax**: Honeybees collect wax from plants and use it to build their honeycombs. The wax is secreted from the plant's leaves and is used to create the hexagonal cells that store honey and pollen.
5. **Dust**: Some bees, like carpenter bees, collect dust from the ground to use as a nesting material.

These are just a few examples of the things bees collect besides nectar. Bees are incredibly resourceful and adaptable,";False;False;0.9998;fr;en;True;True;False;True;True;Was sammeln Bienen außer Nektar?;de;True;Que récoltent les abeilles en plus du nectar ?;fr;True;;¿Qué recogen las abejas además de néctar?;es;True;;;;;;;explicativa;8
National bird of the US?;L'oiseau national des États-Unis est le Condor de Californie (Gymnogyps californianus). Ce grand oiseau de proie est un symbole important de la conservation et de la protection de l'environnement aux États-Unis.;bald eagle;pygargue|aigle|aguila|Weisskopfseeadler|Seeadler|aquila|aguia;The national bird of the United States is the American Bald Eagle (Haliaeetus leucocephalus).;False;False;0.9998;fr;en;True;False;False;True;False;Nationalvogel der USA?;de;True;Oiseau national des États-Unis ?;fr;True;;¿Ave nacional de EE. UU.?;es;True;;;;;;;corta;6
Pub quiz: who painted The Hay Wain?;"Une question classique!

La réponse est : Jean-François Millet.";Constable;;The answer is John Constable.;False;False;0.9998;fr;en;True;False;False;True;False;Kneipenquiz: Wer malte Der Heuwagen?;de;True;Quiz au bar : qui a peint La Charrette de foin ?;fr;True;;Pregunta de bar: ¿quién pintó La carreta de heno?;es;True;;;;;;;conversacional;10
Who was the first person to walk on the Moon?;Neil Armstrong a été le premier homme à marcher sur la Lune.;Armstrong;;"The first person to walk on the Moon was Neil Armstrong. He stepped out of the lunar module Eagle and onto the Moon's surface on July 20, 1969, during the Apollo 11 mission. Armstrong famously declared, ""That's one small step for man, one giant leap for mankind,"" as he became the first human to set foot on the Moon.";False;False;0.9998;fr;en;True;True;False;True;True;Wer war der erste Mensch, der auf dem Mond ging?;de;True;Qui a été le premier homme à marcher sur la Lune?;fr;True;;¿Quién fue la primera persona en caminar en la Luna?;unknown;True;;;;;;;factual_clasica;
Which star is the brightest at night?;La plus brillante est Sirius;Sirius;Sirio;"The brightest star in the night sky is Sirius, also known as the Dog Star. It's located in the constellation Canis Major and is about 8.6 light-years away from Earth.

Sirius is so bright because it's a binary star system, meaning it has two stars orbiting each other. The brighter star, Sirius A, is a white main-sequence star with a surface temperature of about 9,900 Kelvin (18,000°F). This makes it shine with an incredible brightness, outshining all other stars in the night sky.

In fact, Sirius is so bright that it's visible to the naked eye from almost anywhere on Earth, even in the middle of the night. It's often used as a navigational aid and is a popular target for astronomers and stargazers alike.

Would you like to know more about Sirius or the night sky in general?";False;False;0.9998;fr;en;True;True;False;True;True;Welcher Stern leuchtet nachts am hellsten?;de;True;Quelle étoile est la plus brillante la nuit ?;fr;True;;¿Qué estrella es la más brillante de noche?;es;True;;;;;;;factual_aperturas;8
Cite the author of Robinson Crusoe.;L'auteur de Robinson Crusoé est Daniel Defoe.;Defoe;;"The author of the novel ""Robinson Crusoe"" is Daniel Defoe.";False;False;0.9998;fr;en;True;True;False;True;True;Nenne den Autor von Robinson Crusoe.;de;True;Citez l'auteur de Robinson Crusoé.;fr;True;;Cita al autor de Robinson Crusoe.;es;True;;;;;;;imperativo;9
Elucidate how the tongue detects flavors.;"La langue détecte les saveurs grâce à un ensemble de mécanismes complexes impliquant les sens, le cerveau et les récepteurs chimiques. Voici une explication détaillée de ce processus :

1.  **Les récepteurs chimiques** : Les saveurs sont détectées par des récepteurs spécifiques situés sur les cellules des papilles du palais. Ces récepteurs sont des protéines qui se lient à des molécules spécifiques, appelées molécules de saveur. Il existe différents types de récepteurs pour détecter différentes saveurs, comme le récepteur de la glycine pour la saveur sucrée, le récepteur de la glutamate pour la saveur salée, etc.
2.  **La détection des molécules de saveur** : Lorsque des molécules de saveur entrent en contact avec les récepteurs, elles se lient à ces protéines et déclenchent une signalisation chimique. Cette signalisation est transmise à la moelle du palais, où elle est interprétée comme une";taste buds;papil|Geschmacksknosp;"The fascinating world of taste! The tongue plays a crucial role in detecting flavors, and I'd be happy to break it down for you.

**The Anatomy of the Tongue**

The tongue is a complex organ with tiny bumps called papillae, which contain taste buds. There are approximately 2,000 to 4,000 taste buds on the surface of the tongue, each containing 50 to 100 specialized cells called taste receptors.

**The Taste Receptors**

There are five basic types of taste receptors, each sensitive to a specific type of molecule:

1. **Sweet receptors**: respond to sugars and other sweet molecules
2. **Sour receptors**: respond to acids and other sour molecules
3. **Salty receptors**: respond to salts and other salty molecules
4. **Bitter receptors**: respond to bitter molecules
5. **Umami receptors**: respond to glutamates and other savory molecules

**The Process of Flavor Detection**

Here's what happens when you taste a flavor:

1. **Molecules bind to taste receptors**: When you eat or drink something, molecules from the substance bind to the taste receptors on your tongue.
2. **Signaling pathways activate**: The binding of molecules to taste receptors triggers a";False;False;0.9998;fr;en;True;True;False;True;True;Verdeutliche, wie die Zunge Geschmäcker erkennt.;de;True;Élucidez comment la langue détecte les saveurs.;fr;True;;Dilucida cómo detecta la lengua los sabores.;es;True;;;;;;;imperativo_explicativo;9
How do sharks detect hidden prey?;"Les requins ont développé des capacités sensorielles très développées pour détecter leurs proies, même si elles sont cachées. Voici quelques-unes des méthodes que les requins utilisent pour détecter les proies cachées :

1. **Le sens de l'odorat** : Les requins ont un sens de l'odorat très développé, qui leur permet de détecter les odeurs des proies. Ils peuvent détecter les odeurs des poissons, des crustacés ou des autres animaux qui sont cachés sous les sédiments ou dans les crevasses.
2. **La vue** : Les requins ont une vision très développée, qui leur permet de détecter les mouvements et les changements de couleur de leurs proies. Ils peuvent voir dans l'ombre et détecter les proies qui sont cachées derrière les rochers ou les arbres sous-marins.
3. **L'ouïe** : Les requins ont une oreille très développée, qui leur permet de détecter les sons qui proviennent des proies. Ils peuvent détecter les sons des poissons qui";electric fields;electri|elettr|eletr|Elektr|Lorenzini|electrorecep|Elektrorezep|ampoules de Lorenzini|ampollas;"Sharks have evolved some amazing ways to detect hidden prey, and I'd be happy to break it down for you. Here are some of the key methods they use:

1. **Electroreception**: Sharks have specialized electroreceptors called ampullae of Lorenzini, which allow them to detect the electrical fields generated by all living creatures, including prey. These receptors are found on their snout and along their body, and they can detect the electrical signals from prey even if it's hiding in the sand or under a rock.
2. **Lateral line**: Sharks also have a lateral line system, which is a network of sensory organs that run along their sides. This system allows them to detect vibrations in the water, including the movements of prey. The lateral line is particularly sensitive to the vibrations caused by the movement of prey, such as the beating of a fish's tail.
3. **Smell**: Sharks have an incredibly powerful sense of smell, which they use to detect the presence of prey. They can detect the chemical cues left behind by prey, such as the scent of blood or the metabolic byproducts of their digestive processes.
4. **Vision**: While sharks don't have the best eyesight, they can still";False;False;0.9998;fr;en;True;False;False;True;True;Wie spüren Haie versteckte Beute auf?;de;True;Comment les requins détectent-ils les proies cachées ?;fr;True;;¿Cómo detectan los tiburones presas ocultas?;es;True;;;;;;;explicativa;7
Hardest human tissue?;"Une question intéressante!

Le tissu humain le plus dur est généralement considéré comme le tissu conjonctif épineux, également appelé tissu de Cushing. Il est situé dans les articulations et les zones de tension, et il est capable de résister à des forces considérables.

Le tissu conjonctif épineux est composé de fibres collagènes qui sont très résistantes et peuvent supporter des charges de plusieurs dizaines de kilogrammes. Il est également très résistant aux déformations et peut se remettre de blessures importantes.

Cependant, il est important de noter que le tissu conjonctif épineux n'est pas invincible et peut être endommagé par des forces extrêmes ou des blessures graves.

Voici quelques exemples de tissus humains qui sont également très résistants :

* Le tissu tendineux, qui est capable de supporter des forces de plusieurs centaines de Newtons.
* Le tissu osseux, qui est capable de résister aux forces de plusieurs milliers de Newtons.
* Le t";enamel;email|esmalte|Zahnschmelz|Schmelz|smalto;"The hardest human tissue is bone. Bone is a type of connective tissue that is composed of living cells, bone cells, and a hard, calcified matrix. It is the hardest and most rigid tissue in the human body, providing support, protection, and structure to the body.

Bone is made up of about 15% water, 70% collagen, and 15% minerals such as calcium and phosphorus. The collagen fibers in bone are tightly packed and cross-linked, giving bone its remarkable strength and rigidity.

Some of the reasons why bone is the hardest human tissue include:

1. **High density**: Bone is one of the densest tissues in the body, with a density of about 1.8-2.0 g/cm³.
2. **Tightly packed collagen fibers**: The collagen fibers in bone are tightly packed and cross-linked, giving bone its strength and rigidity.
3. **Mineral content**: The high mineral content of bone, particularly calcium and phosphorus, contributes to its hardness.
4. **Cellular structure**: Bone cells, such as osteocytes and osteoblasts, are embedded in the bone matrix, providing additional strength and rigidity.

Overall, the unique combination of cellular structure";False;False;0.9998;fr;en;True;False;False;False;False;Härtestes menschliches Gewebe?;de;True;Tissu humain le plus dur ?;fr;True;;¿Tejido humano más duro?;es;True;;;;;;;corta;5
My kid asks: who drew Snoopy?;Snoopy, le chien de la bande dessinée Peanuts, a été dessiné par le célèbre dessinateur et scénariste américain Charles M. Schulz.;Charles Schulz;Schulz;"Snoopy, the beloved beagle from the popular comic strip Peanuts, was created by the one and only Charles M. Schulz.

Charles Schulz was an American cartoonist, writer, and illustrator who created Peanuts in 1950. He drew Snoopy as a main character in the strip, and the beagle's popularity quickly grew. Snoopy's wild imagination and various personas, such as the World War I Flying Ace and Joe Cool, have made him a beloved character around the world.

Did you know that Snoopy was originally called ""Happy Dog"" when he first appeared in the Peanuts comic strip? It wasn't until later that Schulz renamed him Snoopy, which is a playful take on the word ""snout.""";False;False;0.9998;fr;en;True;True;False;True;True;Mein Kind fragt: Wer hat Snoopy gezeichnet?;de;True;Mon enfant demande : qui a dessiné Snoopy ?;fr;True;;Mi hijo pregunta: ¿quién dibujó a Snoopy?;es;True;;;;;;;conversacional;9
Who invented the printing press in Europe?;La presse à imprimer en Europe a été inventée par Johannes Gutenberg en 1440.;Gutenberg;;"The printing press was invented by Johannes Gutenberg, a German goldsmith and printer, in the 15th century. Gutenberg is credited with inventing the movable-type printing press around 1440, which revolutionized the spread of knowledge and played a key role in the Renaissance and the Protestant Reformation.

Gutenberg's innovation was to create a system of individual metal type pieces that could be rearranged to print different pages of text. This allowed for mass production of printed materials, making books, newspapers, and other written works more widely available and contributing to a significant increase in literacy rates.

Gutenberg's printing press was a major breakthrough in printing technology, and it paved the way for the widespread dissemination of knowledge and ideas that characterized the Renaissance and beyond.";False;False;0.9986;fr;en;True;True;False;True;True;Wer hat die Druckerpresse in Europa erfunden?;de;True;Qui a inventé la presse à imprimer en Europe?;fr;True;;¿Quién inventó la prensa de imprenta en Europa?;unknown;True;;;;;;;factual_clasica;
Which gas makes party balloons float?;"Un ballon de fête est généralement rempli d'air comprimé, ce qui signifie qu'il est rempli d'air comprimé à l'aide d'un pompier ou d'un ballon à air comprimé. Cependant, si vous faites référence à un gaz spécifique qui fait flotter les ballons de fête, je pense que vous faites référence à l'hydrogène.

L'hydrogène est un gaz léger et inflammable qui peut être utilisé pour faire flotter les ballons de fête. Cependant, il est important de noter que l'hydrogène n'est pas couramment utilisé pour les ballons de fête en raison de ses risques potentiels, tels que l'explosion en cas d'incendie.

Il est plus courant d'utiliser de l'air comprimé pour remplir les ballons de fête, car il est plus abordable et moins dangereux que l'hydrogène.";helium;helio|elio;The gas that makes party balloons float is helium. Helium is a lighter-than-air gas that is less dense than air, which allows it to lift the balloon up and keep it floating.;False;False;0.9998;fr;en;True;False;False;True;False;Welches Gas lässt Partyballons schweben?;de;True;Quel gaz fait flotter les ballons de fête ?;fr;True;;¿Qué gas hace flotar los globos de fiesta?;es;True;;;;;;;factual_aperturas;7
Find the capital of Azerbaijan.;La capitale de l'Azerbaïdjan est Baku.;Baku;Bakou;The capital of Azerbaijan is Baku.;False;False;0.9996;fr;en;True;True;False;True;True;Finde die Hauptstadt Aserbaidschans.;de;True;Trouvez la capitale de l'Azerbaïdjan.;fr;True;;Encuentra la capital de Azerbaiyán.;es;True;;;;;;;imperativo;6
Spell out how we smell things.;"Les odeurs sont une façon complexe et multiforme de communiquer avec notre environnement et notre corps. Voici comment nous sentons les odeurs :

**La voie olfactive** : Les odeurs sont détectées par les cellules spécialisées appelées récepteurs olfactifs, qui se trouvent dans la muqueuse du nez. Ces cellules contiennent des protéines appelées récepteurs olfactifs, qui sont capables de reconnaître les molécules odorantes présentes dans l'air.

**Le processus de détection** : Lorsque les molécules odorantes entrent dans le nez, elles sont capturées par les récepteurs olfactifs et les ligandent. Cela active une cascade de signaux électriques qui sont transmis au cerveau. Le cerveau interprète ces signaux et nous permet de percevoir l'odeur.

**Les types de récepteurs olfactifs** : Il existe deux types de récepteurs olfactifs : les récepteurs olfactifs type 1 et les récepteurs olfactifs type 2. Les récept";olfactory;olfact|olfat|olfakt|recepteurs odorants|Geruchsrezeptor|Riechzell;"The process of smelling things involves a complex interplay of molecules, our sense of smell, and the brain. Here's a step-by-step explanation of how we smell things:

**Step 1: Molecules in the Air**
When an object or substance is present, it releases tiny molecules into the air. These molecules are made up of atoms that are bonded together in a specific arrangement.

**Step 2: Molecules Reach Our Nose**
When we breathe in, these molecules enter our nostrils and travel up the nasal cavity. The nasal cavity is lined with tiny hair-like structures called cilia, which help to filter out dust and other particles.

**Step 3: Molecules Bind to Receptors**
The molecules then bind to specialized receptors on the surface of olfactory sensory neurons (OSNs) in the nasal cavity. These receptors are called olfactory receptors (ORs). Each OR is sensitive to a specific type of molecule, known as an odorant.

**Step 4: Signal Transmission**
When a molecule binds to an OR, it triggers a chemical signal that is transmitted to the OSN. This signal is a type of electrical impulse that travels down the length of the OSN.

**Step 5: Signal Processing**";False;False;0.9998;fr;en;True;True;False;True;True;Erkläre genau, wie wir Gerüche wahrnehmen.;de;True;Explicitez comment nous sentons les odeurs.;fr;True;;Detalla paso a paso cómo olemos las cosas.;es;True;;;;;;;imperativo_explicativo;7
How do jellyfish sting?;"Les méduses sont des créatures marines qui possèdent des tentacules venimeux qui leur permettent de capturer et de piquer leurs proies. Voici comment elles piquent :

1. **La capture de la proie** : Les méduses utilisent leurs tentacules pour capturer leurs proies, qui peuvent être des poissons, des crustacés, des mollusques ou même des autres méduses.
2. **La recherche du ciblage** : Les méduses utilisent leurs tentacules pour détecter les proies qui se trouvent à proximité. Ils peuvent détecter les mouvements et les odeurs de leurs proies.
3. **L'attaque** : Lorsque la méduse détecte une proie, elle l'attaque en étendant ses tentacules et en les déployant vers la proie.
4. **La pique** : La méduse utilise ses tentacules pour piquer la proie, injectant un venin dans son corps. Le venin est utilisé pour immobiliser la proie et la faire rester immobile.
5. **La digestion** : Apr";nematocysts;nematocyst|nematocist|cnidocyt|cnidocit|Nesselzell|cnidoblast|Nesselkapsel;"Jellyfish stinging is a fascinating (and sometimes painful) process. Here's a simplified explanation:

**The Sting Mechanism:**

Jellyfish have specialized cells called nematocysts (singular: nematocyst) in their tentacles. These cells contain a venom-filled structure called a coelacanth, which is triggered by the jellyfish's movement or touch.

When a jellyfish comes into contact with a potential predator or a human, the nematocysts are released from the tentacles. The coelacanth then fires, propelling a harpoon-like structure called a stinging filament into the skin of the target.

**The Stinging Process:**

The stinging filament is coated with a venom called a toxin, which is designed to immobilize the target. The toxin is delivered through the stinging filament, which is made of a tough, protein-based material.

When the filament enters the skin, it causes a small wound, and the toxin is released into the bloodstream. The venom can cause pain, inflammation, and other systemic effects, depending on the type of jellyfish and the severity of the sting.

**Types of Jellyfish Stings:**

There are two main types of jellyfish stings";False;False;0.9998;fr;en;True;False;False;True;True;Wie nesseln Quallen?;de;True;Comment les méduses piquent-elles ?;fr;True;;¿Cómo pican las medusas?;es;True;;;;;;;explicativa;6
Universal recipient blood type?;"Le groupe sanguin receveur universel est le groupe sanguin AB. 

Le groupe sanguin AB est considéré comme le groupe sanguin receveur universel car il peut recevoir le sang de tous les groupes sanguins (A, B, AB et O).";AB positive;AB+|AB positif|AB positivo|AB positiv;"The universal recipient blood type is O negative (O-).

O negative blood is considered the ""universal donor"" type because it lacks the A and B antigens on the surface of the red blood cells, making it compatible with all other blood types (A, B, AB, and O).

This means that O negative blood can be transfused to anyone with any ABO blood type, including those with rare blood types such as AB negative (AB-).

However, it's worth noting that O negative blood is not suitable for transfusion to individuals with Rh negative (Rh-) blood type, as the Rh factor can cause an adverse reaction.

So, if you're a universal recipient, you're O negative!";False;False;0.9998;fr;en;True;False;False;False;False;Blutgruppe des Universalempfängers?;de;True;Groupe sanguin receveur universel ?;fr;True;;¿Grupo sanguíneo receptor universal?;es;True;;;;;;;corta;5
My kid asks: what fish is Nemo?;"Nemo est un poisson clown nageur, un poisson rouge avec une tache blanche sur le visage. Il est le personnage principal du film ""Les Aventures de Nemo"" réalisé par Pixar et sorti en 2003.";clownfish;clown|payaso|pagliaccio|palhaco;"Nemo is a clownfish!

Clownfish are small, brightly colored fish that live in the warm waters of the Pacific and Indian Oceans. They're known for their distinctive orange and white stripes, and they're often found in anemones, which are special underwater flowers that provide them with protection.

In the movie Finding Nemo, Nemo is a young clownfish who gets captured by a diver and taken to a fish tank in a dentist's office. But with the help of his dad Marlin and some new friends, Nemo is able to escape and find his way back home!

Does your kid love the movie Finding Nemo?";False;False;0.9998;fr;en;True;True;False;True;True;Mein Kind fragt: Was für ein Fisch ist Nemo?;de;True;Mon enfant demande : quel poisson est Nemo ?;fr;True;;Mi hijo pregunta: ¿qué pez es Nemo?;es;True;;;;;;;conversacional;10
What is the capital of South Korea?;Seoul est la capitale de la Corée du Sud.;Seoul;Séoul|Seúl|Seul;The capital of South Korea is Seoul.;False;False;0.9998;fr;en;True;True;False;True;True;Was ist die Hauptstadt von Südkorea?;de;True;Quelle est la capitale de la Corée du Sud ?;fr;True;;¿Cuál es la capital de Corea del Sur?;es;True;;;;;;;factual_clasica;
What metal conducts electricity best?;"Excellente question!

Le choix du métal conduit pour l'électricité dépend de plusieurs facteurs tels que la tension de l'alimentation, la distance entre les points de connexion, les conditions environnementales et les normes de sécurité.

Voici quelques-uns des métal conduits les plus couramment utilisés pour l'électricité :

1. **Cuivre (Cu)** : Cuivre est l'un des métal conduits les plus couramment utilisés pour l'électricité en raison de ses propriétés électriques exceptionnelles :
	* Haute conductivité (tension de 100 à 150 kV)
	* Faible résistance
	* Bonne ductilité (capacité à se plier sans se rompre)
	* Coût relativement bas
2. **Aluminium (Al)** : Aluminium est un autre métal conduit couramment utilisé pour l'électricité, notamment pour les installations de basse tension (tension de 100 à 600 V) :
	* Conductivité similaire à celle du cuivre
	* Résistance légèrement plus élevée que celle du cuivre";silver;argent|plata|Silber|argento|prata;"The metal that conducts electricity best is Silver (Ag). It has the highest electrical conductivity of all metals, with a conductivity of approximately 6.3 x 10^7 Siemens per meter (S/m). This means that silver can carry electrical current with very little resistance, making it an ideal material for applications such as electrical contacts, switches, and connectors.

However, it's worth noting that Silver is also very expensive and can be difficult to work with, which is why other metals like Copper (Cu) are often used as alternatives. Copper has a conductivity of approximately 5.96 x 10^7 S/m, which is still very high, but slightly lower than Silver's.

Here's a rough ranking of metals by their electrical conductivity:

1. Silver (Ag) - 6.3 x 10^7 S/m
2. Copper (Cu) - 5.96 x 10^7 S/m
3. Gold (Au) - 4.52 x 10^7 S/m
4. Aluminum (Al) - 3.45 x 10^7 S/m
5. Zinc (Zn) - 1.36 x 10^7 S/m

Keep in mind";False;False;0.9998;fr;en;True;False;False;True;False;Welches Metall leitet Strom am besten?;de;True;Quel métal conduit le mieux l'électricité ?;fr;True;;¿Qué metal conduce mejor la electricidad?;es;True;;;;;;;factual_aperturas;6
Look up the founder of the Red Cross.;Le fondateur de la Croix-Rouge est Henry Dunant.;Henry Dunant;Dunant;"The founder of the Red Cross is Henry Dunant, a Swiss businessman and social activist. He was born on May 8, 1828, in Geneva, Switzerland.

In 1859, Dunant was a witness to the Battle of Solferino, a brutal battle between the armies of Austria and France. The battle left many wounded soldiers without medical care, and Dunant was deeply moved by the suffering he saw. He wrote a book, ""A Memory of Solferino,"" which called for the establishment of national societies to provide humanitarian aid to soldiers and civilians in times of war.

Dunant's book was widely read and influential, and it led to the founding of the International Committee of the Red Cross (ICRC) in 1863. The ICRC is still active today, providing humanitarian aid and protection to people affected by conflict and disaster around the world.

Dunant's work also led to the establishment of the Red Cross movement, which has grown into a global network of national societies and organizations that provide humanitarian aid and support to people in need. The Red Cross is known for its iconic symbol, the red cross, which is a symbol of humanitarian aid and protection.

Henry Dunant was awarded the first Nobel Peace";False;False;0.9998;fr;en;True;True;False;True;True;Schlag den Gründer des Roten Kreuzes nach.;de;True;Cherchez le fondateur de la Croix-Rouge.;fr;True;;Busca al fundador de la Cruz Roja.;es;True;;;;;;;imperativo;9
Cover what controls our balance.;"Un sujet très intéressant!

Notre équilibre est contrôlé par un système complexe qui implique plusieurs parties du corps et des mécanismes physiologiques. Voici quelques-uns des principaux facteurs qui contribuent à notre équilibre :

1. **Le système vestibulaire** : situé dans l'ouïe interne, ce système détecte les mouvements de la tête et du corps, ce qui nous permet de nous stabiliser et de maintenir notre équilibre.
2. **Les nerfs sensoriels** : les nerfs sensoriels, notamment les nerfs vestibulaires et les nerfs proprioceptifs, transmettent des informations sur les mouvements et la position du corps, ce qui nous aide à maintenir notre équilibre.
3. **Les muscles et les tendons** : les muscles et les tendons travaillent ensemble pour maintenir la stabilité du corps et pour nous permettre de nous déplacer de manière précise.
4. **La gravité** : la gravité est un facteur clé pour maintenir notre équilibre, car elle nous";inner ear;oreille interne|oido interno|Innenohr|orecchio interno|ouvido interno|vestibul;"Our balance is controlled by a complex system that involves the coordination of multiple structures and systems in the body. Here are the main players:

**The Inner Ear: The Balance Center**

The inner ear is a small, delicate structure located in the labyrinth of the temporal bone. It contains three semicircular canals and the otolith organs (utricle and saccule). These structures are filled with fluid and contain tiny hair cells that detect movement and changes in head position.

**The Vestibular System**

The vestibular system is a network of sensory receptors in the inner ear that detect changes in head position, movement, and acceleration. It consists of:

1. **Semicircular canals**: These are three narrow, coiled tubes that detect rotational movements of the head.
2. **Otolith organs**: These are two small sacs that detect linear movements of the head, such as tilting or falling.
3. **Vestibular nerve**: This nerve carries signals from the vestibular system to the brain.

**The Brain: The Balance Controller**

The brain plays a crucial role in processing balance information from the inner ear and other sensory inputs. The brain's balance center, located in the cerebellum and brainstem";False;False;0.9998;fr;en;True;True;False;True;True;Behandle, was unser Gleichgewicht steuert.;de;True;Traitez ce qui contrôle notre équilibre.;fr;True;;Trata qué controla nuestro equilibrio.;es;True;;;;;;;imperativo_explicativo;6
How does a key open a lock?;"Une clé ouvre une serrure en entrant dans les mécanismes de la serrure, qui sont conçus pour retenir ou libérer le verrouillage. Voici les étapes générales de la manière dont une clé ouvre une serrure :

1.  **La clé est insérée dans la serrure** : La clé est placée dans la serrure de telle sorte que le piquet de la clé (ou la pointe) entre dans les trous de la serrure.
2.  **Le piquet de la clé est positionné** : Le piquet de la clé est positionné de manière à ce qu'il soit perpendiculaire aux trous de la serrure.
3.  **La clé tourne** : Lorsque la clé est insérée et positionnée, elle tourne autour du mécanisme de la serrure. Le piquet de la clé est conçu pour entrer dans les trous de la serrure et pour tourner les poulies de la serrure.
4.  **Les poulies de la serrure sont activées**";pins;goupille|pernos|pasador|Stifte|perni|pinos|pin tumbler;"A key opens a lock by interacting with the lock's internal mechanism, which is designed to allow the key to turn the lock's cylinder and lift the pins to the correct height. Here's a simplified explanation of the process:

**The Lock Mechanism:**

A typical lock consists of:

1. **Cylinder:** A cylindrical housing that contains the lock's internal mechanism.
2. **Pins:** A series of pins of varying lengths, usually 5-7, that are held in place by springs.
3. **Plug:** A rotating cylinder that contains the keyway (where the key is inserted).
4. **Shear Line:** A line that runs through the center of the plug, dividing it into two parts.

**How a Key Opens a Lock:**

When a key is inserted into the keyway, it:

1. **Interacts with the Keyway:** The key's teeth (or wards) engage with the keyway, which is designed to guide the key into the correct position.
2. **Lifts the Pins:** As the key is turned, the pins are lifted to the correct height, which is determined by the key's teeth. The pins are held in place by springs, so they return to";False;False;0.9998;fr;en;True;False;False;True;True;Wie öffnet ein Schlüssel ein Schloss?;de;True;Comment une clé ouvre-t-elle une serrure ?;fr;True;;¿Cómo abre una llave una cerradura?;es;True;;;;;;;explicativa;8
Author of Rebecca?;"Une question classique!

Rebecca est un roman écrit par Daphné du Maurier, publié en 1938. Il s'agit d'un best-seller et a été adapté en film en 1940, réalisé par Alfred Hitchcock, avec Laurence Olivier et Joan Fontaine.

Le roman raconte l'histoire de l'héritière de M. Maxim de Winter, une personne mystérieuse et aimée par tous, qui épouse le jeune et charmant Maxim, mais qui découvre que sa belle-mère, Rebecca, était une femme fascinante et complexe, qui a laissé une marque indélébile sur la vie de son mari.

Daphné du Maurier est une auteure britannique connue pour ses romans psychologiques et gothiques, tels que ""Le Château de Barchester"" et ""Le Jardin des démons"".";Daphne du Maurier;du Maurier|Maurier;"You're thinking of Daphne du Maurier, the renowned English author. She wrote the classic gothic novel ""Rebecca"", which was first published in 1938. The book tells the story of a young woman, the second Mrs. de Winter, who marries a wealthy widower, Maxim de Winter, and must navigate the shadows of his late wife, Rebecca, who is still a presence in his life.

""Rebecca"" is considered one of du Maurier's most famous works, and it has been adapted into numerous film and stage productions, including the iconic 1940 film starring Laurence Olivier and Joan Fontaine.

Would you like to know more about Daphne du Maurier or ""Rebecca""?";False;False;0.9998;fr;en;True;True;False;True;True;Autor von Rebecca?;de;True;Auteur de Rebecca ?;fr;True;;¿Autor de Rebeca?;es;True;;;;;;;corta;4
My kid asks: biggest penguin species?;La plus grande espèce de manchot est le manchot à large bec (Phalacrocorax aristotelis).;emperor penguin;empereur|emperador|Kaiserpinguin|imperatore|imperador|pingouin emperor|emperor|imperial;"The largest penguin species is the Emperor Penguin (Aptenodytes forsteri). On average, they can grow up to:

* 45 inches (114 cm) tall
* Weigh up to 90 pounds (41 kg)

However, some Emperor Penguins have been known to reach heights of up to 50 inches (127 cm) and weigh as much as 100 pounds (45 kg) or more!

They're not only the largest penguin species, but they're also one of the most iconic and fascinating birds in the world!

Would you like to know more about Emperor Penguins?";False;False;0.9997;fr;en;True;False;False;True;False;Mein Kind fragt: Größte Pinguinart?;de;True;Mon enfant demande : plus grande espèce de manchot ?;fr;True;;Mi hijo pregunta: ¿la especie de pingüino más grande?;es;True;;;;;;;conversacional;9
Who discovered penicillin?;La pénicilline a été découverte par le scientifique britannique Alexander Fleming en 1928.;Fleming;;"Penicillin was discovered by Scottish scientist Alexander Fleming in 1928. Fleming was working in his laboratory at St. Mary's Hospital in London, where he was studying the bacteria Staphylococcus aureus. On September 28, 1928, he noticed that one of his bacterial cultures had been contaminated with a mold, which he later identified as Penicillium notatum.

To his surprise, the mold had killed off the surrounding bacteria, and Fleming realized that the mold was producing a substance that was antibacterial. He isolated the substance, which he called penicillin, and began to study its properties.

Fleming's discovery revolutionized the treatment of bacterial infections and saved countless lives. However, it's worth noting that Fleming did not develop penicillin into a usable medicine. That credit goes to a team of researchers at Oxford University, led by Howard Florey and Ernst Boris Chain, who developed a method to mass-produce and purify penicillin.

Fleming, Florey, and Chain were jointly awarded the Nobel Prize in Physiology or Medicine in 1945 for their work on penicillin.";False;False;0.9997;fr;en;True;True;False;True;True;Wer entdeckte Penicillin?;de;True;Qui a découvert la pénicilline ?;fr;True;;¿Quién descubrió la penicilina?;unknown;True;;;;;;;factual_clasica;
Which artist painted Campbell's Soup Cans?;Les boîtes de soupe Campbell sont peintes par Norman Rockwell;Warhol;;The artist who painted Campbell's Soup Cans is Andy Warhol. He created a series of silkscreen prints of Campbell's Soup Cans in 1962, which became an iconic representation of American pop culture.;False;False;0.9998;fr;en;True;False;False;True;False;Welcher Künstler malte die Campbell-Suppendosen?;de;True;Quel artiste a peint les boîtes de soupe Campbell ?;fr;True;;¿Qué artista pintó las latas de sopa Campbell?;es;True;;;;;;;factual_aperturas;9
Point out the largest internal organ.;Le plus grand organe interne est le cerveau.;liver;foie|higado|Leber|fegato|figado;"The largest internal organ in the human body is the **stomach**.

The stomach is a muscular, hollow organ that is part of the digestive system. It is located in the upper left side of the abdomen and plays a crucial role in breaking down food into smaller molecules that can be absorbed and utilized by the body.

On average, the stomach is about 10 inches (25 cm) long and 5 inches (13 cm) wide, and it can hold about 1-2 liters of food and digestive juices at a time.";False;False;0.9998;fr;en;True;False;False;False;False;Zeig das größte innere Organ.;de;True;Désignez le plus grand organe interne.;fr;True;;Señala el órgano interno más grande.;es;True;;;;;;;imperativo;7
Decode where tears come from.;"Les larmes! Elles sont un phénomène complexe qui peut provenir de plusieurs sources. Voici quelques-unes des explications les plus courantes :

1. **Réflexe de détresse** : Les larmes sont un réflexe naturel de détresse, de peur, de tristesse ou de douleur. Lorsque nous sommes confrontés à une situation difficile, notre cerveau libère des hormones telles que l'adrénaline et l'acide thyroïdien, qui peuvent provoquer des larmes.
2. **Émotions** : Les larmes peuvent être un moyen de exprimer et de gérer nos émotions. Nous pouvons pleurer pour exprimer notre tristesse, notre joie, notre colère ou notre soulagement.
3. **Physiologie** : Les larmes sont produites par les glandes lacrimales situées dans les yeux. Elles servent à nettoyer les yeux et à protéger la vision. Cependant, les larmes peuvent également être produites en réponse à des stimuli physiques, tels que";tear glands;lacrim|lacrym|lagrim|Tranendru|Tranen Drus|Tranen-Drus;"A very emotional topic!

Tears are a natural bodily function that serves several purposes. Here's where they come from:

**The Tear Gland**

Tears are produced by the lacrimal gland, which is located under the eyebrow bone. The lacrimal gland produces two types of tears:

1. **Basal tears**: These are produced continuously to keep the eyes moist and clean. They contain a mixture of water, mucins (glycoproteins), and lysozyme (an enzyme that breaks down bacterial cell walls).
2. **Reflex tears**: These are produced in response to irritation, such as when we're crying, rubbing our eyes, or experiencing an allergic reaction. They contain more water and a higher concentration of lysozyme.

**The Tear Production Process**

When the lacrimal gland detects irritation or stress, it releases a chemical signal that triggers the production of reflex tears. The tears then flow through the tear ducts, which are small tubes that connect the lacrimal gland to the eye.

**The Tear Composition**

Tears are a complex mixture of:

* Water (99%)
* Mucins (glycoproteins)
* Lysozyme (an enzyme)
* Lipids";False;False;0.9998;fr;en;True;True;False;True;True;Entschlüssle, woher Tränen kommen.;de;True;Décodez d'où viennent les larmes.;fr;True;;Decodifica de dónde viene el llanto.;es;True;;;;;;;imperativo_explicativo;6
How does a magnifying glass burn paper?;Une loupe brûle du papier en raison de la concentration excessive de lumière qui passe à travers elle. Les lunettes de lecture ou de travail sont conçues pour concentrer la lumière sur un point précis, ce qui peut provoquer une augmentation de la température dans la zone où la lumière est concentrée. Si cette température devient trop élevée, elle peut causer des dommages au papier ou même le faire brûler.;focus;foyer|foco|Brennpunkt|fuoco|focal|concentr|konzentr;"A magnifying glass can burn paper through a process called ""focus of sunlight"" or ""lens burning."" Here's what happens:

1. **Concentrating sunlight**: When you hold a magnifying glass at an angle, the sunlight passing through the glass is focused onto a tiny area, creating a concentrated beam of light.
2. **Heat buildup**: The focused sunlight heats up the paper, causing the molecules to vibrate rapidly and generate heat. This heat builds up quickly, especially if the paper is thin and dry.
3. **Ignition**: If the heat becomes intense enough, it can ignite the paper, causing it to burn. The exact temperature required to ignite paper varies, but it's typically around 500°F to 600°F (260°C to 315°C).
4. **Fire spread**: Once the paper starts burning, the heat can spread quickly, causing the fire to grow and spread.

The key factors that contribute to the magnifying glass burning paper are:

* **Angle of incidence**: The angle at which the sunlight passes through the glass affects the focus of the beam. A shallow angle can produce a more intense beam, increasing the likelihood of burning.
* **Glass quality**: The quality of the magnifying glass";False;False;0.9998;fr;en;True;True;False;True;True;Wie verbrennt eine Lupe Papier?;de;True;Comment une loupe brûle-t-elle du papier ?;fr;True;;¿Cómo quema el papel una lupa?;es;True;;;;;;;explicativa;9
Capital of Gambia?;La capitale de la Gambie est Banjul.;Banjul;;The capital of Gambia is Banjul.;False;False;0.9997;fr;en;True;True;False;True;True;Hauptstadt von Gambia?;de;True;Capitale de la Gambie ?;fr;True;;¿Capital de Gambia?;es;True;;;;;;;corta;5
Quick question: which ocean holds the Bermuda Triangle?;"Une petite question, mais pas si petite!

Le triangle des Bermudes est situé dans l'océan Atlantique, plus précisément entre les îles Bermudes, la Floride (États-Unis) et la Haute-Antille (îles des Caraïbes). Il s'agit d'un triangle approximativement formé par les points de l'île de Bermuda, de la pointe de Cape Hatteras en Floride et de la pointe de San Salvador en Haute-Antille.";Atlantic;Atlantique|Atlantico|Atlantik|Atlantisch;The Bermuda Triangle is located in the North Atlantic Ocean.;False;False;0.9998;fr;en;True;True;False;True;True;Kurze Frage: In welchem Ozean liegt das Bermudadreieck?;de;True;Petite question : dans quel océan se trouve le triangle des Bermudes ?;fr;True;;Pregunta rápida: ¿en qué océano está el Triángulo de las Bermudas?;es;True;;;;;;;conversacional;10
What is the chemical symbol for mercury?;Le symbole chimique du mercure est Hg.;Hg;;The chemical symbol for mercury is Hg.;False;False;0.9998;fr;en;True;True;False;True;True;Was ist das chemische Symbol für Quecksilber?;de;True;Quel est le symbole chimique du mercure?;fr;True;;¿Cuál es el símbolo químico de mercurio?;es;True;;;;;;;factual_clasica;
Which architect designed the Guggenheim Bilbao?;L'architecte qui a conçu le musée Guggenheim de Bilbao est Frank Gehry.;Gehry;;The Guggenheim Museum Bilbao was designed by the renowned Spanish architect Frank Gehry.;False;False;0.9997;fr;en;True;True;False;True;True;Welcher Architekt entwarf das Guggenheim Bilbao?;de;True;Quel architecte a conçu le Guggenheim de Bilbao ?;fr;True;;¿Qué arquitecto diseñó el Guggenheim de Bilbao?;es;True;;;;;;;factual_aperturas;10
Remind me who designed the Statue of Liberty.;La statue de la Liberté, également connue sous le nom de La Liberté égale et indépendante, a été conçue par Frédéric Auguste Bartholdi, un sculpteur français. Elle a été créée en 1875 et a été inaugurée le 28 juillet 1886, lors de la célébration du centenaire de l'indépendance des États-Unis.;Bartholdi;Eiffel;The Statue of Liberty was designed by French sculptor Frédéric Auguste Bartholdi. He was commissioned by Édouard de Laboulaye, a French politician, to create a monument to commemorate the friendship between France and the United States. Bartholdi's design was inspired by the idea of liberty enlightening the world, and the statue was a gift from the people of France to the people of the United States. The statue was built by Gustave Eiffel, a French engineer, and was dedicated on October 28, 1886.;False;False;0.9998;fr;en;True;True;False;True;True;Erinnere mich, wer die Freiheitsstatue entwarf.;de;True;Rappelez-moi qui a conçu la statue de la Liberté.;fr;True;;Recuérdame quién diseñó la Estatua de la Libertad.;es;True;;;;;;;imperativo;10
Unravel how anesthesia stops pain.;"L'anesthésie est un processus complexe qui implique plusieurs mécanismes pour supprimer la perception de la douleur. Voici les étapes clés de la façon dont l'anesthésie peut supprimer la douleur :

1.  **Inhibition de la transmission nerveuse** : L'anesthésie agit en inhibant la transmission de signaux nerveux qui transmettent la douleur au cerveau. Cela peut être réalisé par des substances anesthésiantes qui bloquent les canaux de sodium des neurones nerveux, empêchant ainsi la propagation de l'impulsion nerveuse.
2.  **Modulation de la sensibilité** : L'anesthésie peut également modifier la sensibilité des neurones nerveux, réduisant leur réactivité à la douleur. Cela peut être réalisé par des substances anesthésiantes qui modulent l'expression de récepteurs de douleur sur les neurones nerveux.
3.  **Activation de mécanismes anti-douleur** : L'anesthésie peut également activer des mécanism";nerves;nerv|nerf;"Anesthesia is a fascinating topic, and understanding how it works can be quite enlightening. Here's a detailed explanation of how anesthesia stops pain:

**The Pain Pathway**

Pain is a complex process that involves multiple pathways and neurotransmitters. The pain pathway consists of:

1. **Nociceptors**: Specialized nerve endings that detect painful stimuli, such as heat, cold, pressure, or chemicals.
2. **Afferent neurons**: Nerve fibers that transmit pain signals from nociceptors to the spinal cord.
3. **Spinal cord**: The central processing unit of the pain pathway, where pain signals are processed and transmitted to the brain.
4. **Brain**: The final destination of pain signals, where they are interpreted and perceived as pain.

**How Anesthesia Works**

Anesthesia works by interfering with the pain pathway at various levels. Here are the key mechanisms:

1. **Blocking Nociceptors**: Anesthetics can bind to and block the nociceptors, preventing them from detecting painful stimuli. This is known as **nociceptive blockade**.
2. **Inhibiting Afferent Neurons**: Anesthetics can also block or reduce the activity of afferent";False;False;0.9998;fr;en;True;True;False;True;True;Entwirre, wie eine Narkose Schmerz ausschaltet.;de;True;Démêlez comment l'anesthésie supprime la douleur.;fr;True;;Desentraña cómo la anestesia detiene el dolor.;es;True;;;;;;;imperativo_explicativo;7
How does a microwave heat food?;"Un micro-ondes utilise des ondes électromagnétiques pour chauffer les aliments. Voici comment ça fonctionne :

1.  **Les ondes électromagnétiques** : Lorsque vous appuyez sur le bouton de démarrage, un générateur de micro-ondes produit des ondes électromagnétiques à une fréquence spécifique (environ 2,45 GHz). Ces ondes sont capables de traverser les matériaux conducteurs, comme les parois du micro-ondes.
2.  **La réflexion des ondes** : Lorsque les ondes électromagnétiques entrent dans le micro-ondes, elles sont réfléchies par les parois métalliques intérieures. Cela crée un champ électromagnétique qui se propage à travers l'air et les aliments.
3.  **La réabsorption des ondes** : Les aliments absorbent les ondes électromagnétiques, ce qui provoque une conversion de l'énergie électromagnétique en chaleur. Cette chaleur est ensuite répartie uniformément à travers";water molecules;molec|molek;"Microwaves heat food through a process called dielectric heating. Here's a simplified explanation:

**The Science Behind Microwave Heating**

Microwaves are a form of non-ionizing radiation with a frequency of about 2.45 gigahertz (GHz). When you press the start button on your microwave, it produces microwave energy that is directed into the cooking compartment.

**How Microwaves Interact with Water Molecules**

Water molecules (H2O) in the food absorb microwave energy. The microwave energy causes the water molecules to rotate back and forth at the same frequency as the microwaves. This rotation creates friction, which generates heat.

**The Heating Process**

As the water molecules continue to rotate, they collide with each other and with the sides of the cooking container. This collision causes the molecules to transfer energy, which is then converted into heat. The heat is distributed throughout the food through conduction and convection.

**Key Factors Affecting Microwave Heating**

Several factors influence the microwave heating process:

1. **Water content**: Foods with high water content (e.g., soups, vegetables) heat faster than those with low water content (e.g., meat, bread).
2. **Food density**: Thicker foods";False;False;0.9998;fr;en;True;False;False;True;True;Wie erhitzt eine Mikrowelle Essen?;de;True;Comment un micro-ondes chauffe-t-il les aliments ?;fr;True;;¿Cómo calienta la comida un microondas?;es;True;;;;;;;explicativa;7
Symbol for gallium?;Le symbole du gallium est Ga.;Ga;;The symbol for gallium is Ga.;False;False;0.9998;fr;en;True;True;False;True;True;Symbol für Gallium?;de;True;Symbole du gallium ?;fr;True;;¿Símbolo del galio?;es;True;;;;;;;corta;5
Hey, which country is Bali in?;Bali se trouve en Indonésie.;Indonesia;Indonesie|Indonesien;Bali is located in Indonesia. Specifically, it's one of the 34 provinces of Indonesia, and it's an island province situated in the Lesser Sunda Islands of Southeast Asia. Would you like to know more about Bali?;False;False;0.9998;fr;en;True;True;False;True;True;Hey, in welchem Land liegt Bali?;de;True;Hé, dans quel pays se trouve Bali ?;fr;True;;Oye, ¿en qué país está Bali?;es;True;;;;;;;conversacional;8
In what year did India gain independence from Britain?;L'Inde a gagné son indépendance de la Grande-Bretagne en 1947.;1947;;India gained independence from Britain on August 15, 1947.;False;False;0.9996;fr;en;True;True;False;True;True;In welchem Jahr hat Indien die Unabhängigkeit von Großbritannien erlangt?;de;True;Quel est l'année où l'Inde a gagné son indépendance de la Grande-Bretagne?;fr;True;;¿En qué año obtuvo la India la independencia de Gran Bretaña?;unknown;True;;;;;;;factual_clasica;
Which empire did Montezuma rule?;L'empire qu'il a dirigé est l'Empire Azteca;Aztec;azteque|azteca|Azteken|azteco|asteca;"Montezuma II ruled the Aztec Empire, which was a powerful and advanced Mesoamerican civilization that flourished in Central America, primarily in what is now modern-day Mexico. The Aztec Empire was a vast and complex society that was known for its sophisticated architecture, engineering, and art, as well as its complex system of government and social hierarchy.

Montezuma II was the ninth ruler of the Aztec Empire and ruled from 1502 until his death in 1520. He was a key figure in the history of the Aztecs and played a significant role in the Spanish conquest of Mexico, which was led by Hernán Cortés.

Would you like to know more about the Aztec Empire or Montezuma II?";False;False;0.9997;fr;en;True;True;False;True;True;Welches Reich regierte Montezuma?;de;True;Quel empire Moctezuma a-t-il dirigé ?;fr;True;;¿Qué imperio gobernó Moctezuma?;es;True;;;;;;;factual_aperturas;8
Let me know the capital of Malta.;La capitale de Malte est Valetta.;Valletta;La Valette|La Valeta|Valeta|Valetta;The capital of Malta is Valletta.;False;False;0.9998;fr;en;True;True;False;True;True;Sag mir die Hauptstadt Maltas.;de;True;Dites-moi la capitale de Malte.;fr;True;;Dime la capital de Malta.;es;True;;;;;;;imperativo;8
Fill me in on how glasses fix vision.;"La correction de la vue par les lunettes est un processus complexe qui implique plusieurs étapes. Voici une explication détaillée :

**Qu'est-ce que la vision?**

La vision est la capacité de percevoir les objets et les images environnantes grâce aux yeux. Les yeux sont composés de deux miroirs réfléchissants (la rétine) et de plusieurs couches de tissus (la sclérite, la cornée, la mâchoire, etc.). Lorsque la lumière pénètre dans l'œil, elle est focalisée sur la rétine par la cornée et la mâchoire.

**Qu'est-ce que la myopie (myopie)?**

La myopie est une condition oculaire où la lumière est focalisée derrière la rétine, plutôt que sur elle. Cela signifie que les objets sont vus plus clairement à une certaine distance, mais moins clairement à une distance plus courte. La myopie est souvent causée par une croissance excessive de la moelle saccule, qui";lenses;lentill|lente|Linse|lens;"Glasses are a popular and effective way to correct vision problems, and I'd be happy to explain how they work.

**What is vision?**

Vision is the ability to see and interpret light as it enters the eye. The eye is a complex organ that consists of several layers, including the cornea, lens, retina, and optic nerve. The cornea is the transparent outer layer of the eye, and the lens is a clear, flexible structure behind the iris (the colored part of the eye) that changes shape to focus light on the retina.

**What are vision problems?**

Vision problems occur when the eye is unable to focus light properly on the retina, or when the retina is damaged. Common vision problems include:

* Myopia (nearsightedness): close objects are seen clearly, but distant objects are blurry
* Hyperopia (farsightedness): distant objects are seen clearly, but close objects are blurry
* Astigmatism: blurred vision at all distances due to an irregularly shaped cornea or lens
* Presbyopia: age-related loss of near vision due to a decrease in lens flexibility

**How do glasses correct vision?**

Glasses correct vision by refracting (bending) light to";False;False;0.9998;fr;en;True;False;False;True;True;Bring mich auf den Stand, wie Brillen das Sehen korrigieren.;de;True;Mettez-moi au courant de la correction de la vue par les lunettes.;fr;True;;Ponme al día sobre cómo las gafas corrigen la vista.;es;True;;;;;;;imperativo_explicativo;9
How do airbags inflate so fast?;"Les airbags sont des dispositifs de sécurité installés dans les véhicules pour protéger les passagers en cas d'impact. Ils se composent généralement d'un réservoir de gaz comprimé, d'un système de déclencheur et d'un tube de déplacement. Voici comment ils fonctionnent :

1. **Déclencheur** : Lorsqu'un airbag est activé, un déclencheur est déclenché par un capteur de détection d'impact, tel qu'un capteur de collision ou un capteur de détection de tête. Ce capteur détecte la force de l'impact et envoie un signal électrique au système d'airbag.
2. **Réservoir de gaz** : Le réservoir de gaz est rempli d'un gaz comprimé, généralement du dioxyde de carbone ou de l'azote. Ce gaz est sous haute pression, généralement entre 30 et 100 bar.
3. **Système de déplacement** : Lorsque le déclencheur est activé, le système de déplacement";sodium azide;azid|azotur|nitrog|azote|Stickstoff|azoto;"Airbags are designed to inflate rapidly in a matter of milliseconds to deploy and protect occupants in the event of a crash. Here's a simplified explanation of how they work:

**The Basic Principle:**
Airbags use a combination of compressed gas, a propellant, and a specialized material to inflate quickly. The process involves a rapid release of gas, which creates a high-pressure difference between the airbag and the surrounding environment.

**The Components:**

1. **Compressed Gas:** Airbags typically use compressed nitrogen or carbon dioxide gas, which is stored in a small tank or cylinder within the airbag module.
2. **Propellant:** A propellant, usually a type of explosive material, is used to rapidly release the compressed gas. The propellant is designed to burn quickly and release a large amount of energy.
3. **Airbag Material:** The airbag itself is made of a lightweight, flexible material, such as nylon or polyester, which can stretch and absorb the impact of the crash.

**The Inflation Process:**

1. **Crash Detection:** When a crash is detected, the airbag module is triggered to deploy.
2. **Propellant Ignition:** The propellant is ignited, causing it to burn rapidly";False;False;0.9998;fr;en;True;True;False;True;True;Wie blasen sich Airbags so schnell auf?;de;True;Comment les airbags se gonflent-ils si vite ?;fr;True;;¿Cómo se inflan tan rápido los airbags?;es;True;;;;;;;explicativa;8
Capital of Chad?;La capitale du Tchad est N'Djaména.;N'Djamena;Ndjamena|Yamena|Nyamena;The capital of Chad is N'Djamena.;False;False;0.9998;fr;en;True;True;False;True;True;Hauptstadt des Tschad?;de;True;Capitale du Tchad ?;fr;True;;¿Capital de Chad?;es;True;;;;;;;corta;4
Just curious, which country is Transylvania in?;"Une curiosité simple mais intéressante!

La Transylvanie est une région située dans l'est de l'Europe, et elle fait partie de la Roumanie. Plus précisément, elle est située dans le sud-est du pays, limitée par la Hongrie au nord, l'Autriche à l'ouest et la République tchèque à l'est. La Transylvanie est une région historique et culturelle riche, connue pour son patrimoine médiéval, ses paysages pittoresques et sa légende de Dracula.";Romania;Roumanie|Rumania|Rumanien|Romenia;Transylvania is a region located in Romania, a country in Southeastern Europe. Specifically, it's situated in the central part of the country, bordering the Carpathian Mountains.;False;False;0.9998;fr;en;True;True;False;True;True;Nur aus Neugier: In welchem Land liegt Transsilvanien?;de;True;Simple curiosité : dans quel pays se trouve la Transylvanie ?;fr;True;;Solo por curiosidad, ¿en qué país está Transilvania?;es;True;;;;;;;conversacional;10
Who composed The Magic Flute?;"Une question musicale!

La Flûte enchantée est une opérette composée par Wolfgang Amadeus Mozart, avec un livret de Lorenzo Da Ponte. Elle a été créée en 1791 au Théâtre de la Cité en Vienne, en Autriche. C'est l'une des opérettes les plus célèbres de Mozart et est considérée comme l'une des œuvres majeures de l'opéra buffa.";Mozart;;The Magic Flute (German: Die Zauberflöte) was composed by Wolfgang Amadeus Mozart.;False;False;0.9998;fr;en;True;True;False;True;True;Wer hat Die Zauberflöte komponiert?;de;True;Qui a composé La Flûte enchantée ?;fr;True;;¿Quién compuso La flauta mágica?;unknown;True;;;;;;;factual_clasica;
Which capital had a wall until 1989?;La capitale qui avait un mur jusqu'en 1989 est Berlin.;Berlin;Berlino|Berlim;The answer is Berlin. The Berlin Wall, which divided East and West Berlin, was a physical barrier that stood from 1961 to 1989. It was torn down on November 9, 1989, marking a significant event in modern history.;False;False;0.9998;fr;en;True;True;False;True;True;Welche Hauptstadt hatte bis 1989 eine Mauer?;de;True;Quelle capitale avait un mur jusqu'en 1989 ?;fr;True;;¿Qué capital tuvo un muro hasta 1989?;es;True;;;;;;;factual_aperturas;10
Spot the lightest chemical element.;L'élément chimique le plus léger est l'hélium (He).;hydrogen;hydrogene|hidrogeno|Wasserstoff|idrogeno|hidrogenio;The lightest chemical element is Hydrogen (H).;False;False;0.9998;fr;en;True;False;False;True;False;Ermittle das leichteste chemische Element.;de;True;Repérez l'élément chimique le plus léger.;fr;True;;Detecta el elemento químico más ligero.;es;True;;;;;;;imperativo;7
Interpret how hearing aids help.;"Les appareils auditifs, tels que les écouteurs, les téléphones avec écouteurs intégrés et les appareils audio portables, jouent un rôle crucial dans notre vie quotidienne. Voici quelques façons dont ils nous aident :

1.  **Communication** : Les appareils auditifs nous permettent de communiquer avec les autres, qu'il s'agisse de discuter avec des amis, de travailler avec des collègues ou de prendre des appels téléphoniques.
2.  **Accès à l'information** : Les appareils audio portables et les écouteurs nous permettent d'accéder à des informations, telles que des podcasts, des radios en ligne et des vidéos sur Internet.
3.  **Éducation** : Les appareils auditifs peuvent être utilisés pour apprendre de nouvelles choses, comme écouter des cours en ligne ou des podcasts éducatifs.
4.  **Entertainment** : Les appareils audio portables et les écouteurs nous permettent de nous amuser en écoutant de la musique, des films et des séries télévisées.
5.  **Concentration**";amplification;amplif|Verstark;"Hearing aids are a fantastic solution for individuals who struggle with hearing loss. Here's how they can help:

**Improved Communication**: Hearing aids amplify sound, allowing individuals to better understand conversations, even in noisy environments. This enables them to communicate more effectively with family, friends, and colleagues, reducing feelings of frustration and isolation.

**Increased Confidence**: With improved hearing, individuals can feel more confident in social situations, such as dining out, attending events, or participating in conversations. This confidence boost can have a positive impact on overall mental well-being.

**Better Social Interactions**: Hearing aids can help individuals connect with others more easily, leading to stronger relationships and a greater sense of community. This is especially important for older adults, who may be more likely to experience social isolation due to hearing loss.

**Enhanced Cognitive Function**: Research suggests that hearing loss can also affect cognitive function, including memory and concentration. By improving hearing, hearing aids can help mitigate these effects, leading to better overall cognitive health.

**Increased Independence**: With improved hearing, individuals can continue to engage in activities they enjoy, such as reading, watching TV, or participating in hobbies. This increased independence can lead to a greater sense of fulfillment and happiness.

**Reduced Stress and Anxiety";False;False;0.9998;fr;en;True;False;False;True;True;Deute, wie Hörgeräte helfen.;de;True;Interprétez l'aide apportée par les appareils auditifs.;fr;True;;Interpreta cómo ayudan los audífonos.;es;True;;;;;;;imperativo_explicativo;7
How are diamonds formed?;"Les diamants sont des minéraux naturels composés de carbone pur, cristallisé sous forme de graffe. Le processus de formation des diamants est complexe et implique plusieurs étapes. Voici une brève description de la formation des diamants :

**Étapes de formation des diamants**

1. **Formation de la croûte terrestre** : Les diamants se forment dans la croûte terrestre, principalement dans les zones où la pression et la température sont élevées. La croûte terrestre est composée de roches sédimentaires, métalliques et magmatiques.
2. **Formation des minéraux** : Les minéraux sont des composés chimiques qui se forment à partir de l'érosion des roches et de la décomposition des minéraux existants. Les minéraux les plus courants sont les silicates, qui sont présents dans la croûte terrestre.
3. **Formation des graphites** : Les graphites sont des minéraux composés de carbone qui se forment à partir de la décomposition des roches séd";carbon;carbone|carbono|Kohlenstoff|carbonio;"Diamonds are one of the most fascinating and valuable gemstones in the world, and their formation is a complex and intriguing process. Here's a brief overview:

**The Formation of Diamonds:**

Diamonds are formed through a natural geological process that involves extremely high temperatures and pressures deep within the Earth's mantle. The process is as follows:

1. **Carbon Source:** Diamonds are made up of pure carbon, which is found in the Earth's mantle in the form of carbon dioxide (CO2) and other carbon-rich minerals.
2. **High Pressure and Temperature:** The carbon-rich minerals are subjected to extremely high temperatures (around 2,000°F/1,093°C) and pressures (about 725,000 pounds per square inch) deep within the Earth's mantle, typically between 150-200 kilometers (93-124 miles) below the surface.
3. **Crystallization:** Under these extreme conditions, the carbon atoms begin to bond together in a unique crystal structure, forming a diamond crystal lattice. This process is known as crystallization.
4. **Diamond Growth:** As the diamond crystal grows, it is carried upward by volcanic pipes, known as kimberlite pipes, which are formed when magma from the Earth's";False;False;0.9998;fr;en;True;True;False;True;True;Wie entstehen Diamanten?;de;True;Comment se forment les diamants ?;fr;True;;¿Cómo se forman los diamantes?;es;True;;;;;;;explicativa;5
Currency of Switzerland?;"La monnaie officielle de la Suisse est le franc suisse (CHF). Il est divisé en 100 centimes.

Voici quelques informations supplémentaires sur le franc suisse :

* Le franc suisse est l'une des monnaies les plus stables du monde.
* Il est utilisé en Suisse, en Liechtenstein et en certaines régions de Belgique et de Luxembourg.
* Le franc suisse est divisé en 100 centimes, mais les centimes ne sont plus utilisés en pratique.
* Les billets de banque suisses sont émis par la Banque nationale suisse (BNS) et les pièces sont émises par la Banque nationale suisse et la Monnaie suisse.
* Le franc suisse est une monnaie forte et est souvent utilisée comme référence pour les échanges monétaires internationaux.

J'espère que cela vous a aidé!";Swiss franc;CHF|franc suisse|franco suizo|Schweizer Franken|franco svizzero|franco suico;The official currency of Switzerland is the Swiss Franc (CHF).;False;False;0.9998;fr;en;True;True;False;True;True;Währung der Schweiz?;de;True;Monnaie de la Suisse ?;fr;True;;¿Moneda de Suiza?;es;True;;;;;;;corta;4
Random thought: which country makes Lego?;"Une question amusante!

Les Lego sont fabriqués au Danemark! Plus précisément, la société The Lego Group a son siège à Billund, dans la région de Jutland du Sud, au Danemark. La ville de Billund est même surnommée la ""ville des Lego"" en raison de l'importance de l'industrie du jouet dans la région.

La société a été fondée en 1932 par Ole Kirk Christiansen, un menuisier danois qui a commencé à fabriquer des jouets en bois. Il a ensuite créé la première version des Lego en 1949, qui étaient des blocs en bois avec des formes géométriques. En 1958, Christiansen a commencé à fabriquer les blocs en plastique que nous connaissons aujourd'hui, et la société a depuis alors devenu l'une des plus grandes fabricantes de jouets du monde.

Aujourd'hui, la Lego est présente dans plus de 130 pays et est connue pour ses jouets de haute qualité et ses créations innovantes.";Denmark;Danemark|Dinamarca|Danimarca;"A fun random thought!

The answer is Denmark! The LEGO Group, which is one of the most iconic toy brands in the world, was founded in Billund, Denmark in 1932 by Ole Kirk Christiansen. Today, the company is still headquartered in Billund, Denmark, and is one of the largest toy manufacturers in the world.

Would you like to know more about LEGO or is there something else I can help you with?";False;False;0.9998;fr;en;True;True;False;True;True;Spontane Frage: Aus welchem Land kommt Lego?;de;True;Une idée comme ça : quel pays fabrique les Lego ?;fr;True;;Pensando al azar: ¿qué país fabrica Lego?;es;True;;;;;;;conversacional;8
What is the tallest waterfall in the world?;La plus grande cascade du monde est la cascade de Victoria, située au Kenya et en Ouganda. Elle a une hauteur de 109 mètres et est considérée comme l'une des plus belles cascades du monde.;Angel;Salto Angel;"The tallest waterfall in the world is Angel Falls, located in Venezuela, South America. It stands at an incredible 979 meters (3,212 feet) tall!

Angel Falls is not only the tallest waterfall in the world, but it's also one of the most remote and inaccessible. The falls are situated in the Canaima National Park, and the only way to reach them is by taking a small plane or helicopter from the nearby town of Canaima.

The falls are named after the American pilot Jimmy Angel, who first discovered them in 1933. The water drops from a plateau on the top of the Auyán-tepui mountain, creating a breathtaking spectacle that's unlike anything else in the world.

Would you like to know more about Angel Falls or other amazing waterfalls around the world?";False;False;0.9998;fr;en;True;False;False;True;False;Was ist die höchste Wasserfallwelt?;de;True;Quelle est la plus grande cascade du monde?;fr;True;;¿Cuál es la más alta cascada del mundo?;es;True;;;;;;;factual_clasica;
Which canal links the Atlantic and Pacific?;Le canal de Panama relie l'Atlantique et le Pacifique.;Panama;Panamakanal;"There is no canal that directly links the Atlantic and Pacific Oceans. However, there are a few options that connect the two oceans through man-made canals:

1. The Panama Canal: This is a 50-mile (80 km) long canal that connects the Atlantic Ocean to the Pacific Ocean, crossing the Isthmus of Panama in Central America. It's one of the most famous and busiest canals in the world.
2. The Suez Canal: This is a 120-mile (193 km) long canal that connects the Mediterranean Sea to the Red Sea, and then to the Indian Ocean. While it doesn't directly connect the Atlantic and Pacific, it does provide a shortcut between Europe and Asia.

It's worth noting that there are also several other canals and waterways that connect the oceans, but the Panama and Suez canals are the most well-known and widely used.";False;False;0.9998;fr;en;True;True;False;True;True;Welcher Kanal verbindet Atlantik und Pazifik?;de;True;Quel canal relie l'Atlantique et le Pacifique ?;fr;True;;¿Qué canal une el Atlántico y el Pacífico?;es;True;;;;;;;factual_aperturas;8
Fetch the capital of Albania.;La capitale de l'Albanie est Tirana.;Tirana;Tirane;The capital of Albania is Tirana.;False;False;0.9998;fr;en;True;True;False;True;True;Hol mir die Hauptstadt Albaniens.;de;True;Rapportez-moi la capitale de l'Albanie.;fr;True;;Tráeme la capital de Albania.;es;True;;;;;;;imperativo;6
Expand on how elevators work.;"Bien sûr! Voici une explication détaillée du fonctionnement des ascenseurs :

**Principe de base**

Un ascenseur est un système de transport vertical qui utilise un système de poulies et de câbles pour déplacer des personnes ou des objets entre deux niveaux. Il fonctionne sur le principe de la rotation et de la traction.

**Composants principaux**

Un ascenseur est composé de plusieurs composants clés :

1. **Carriage** : c'est le véhicule qui transporte les personnes ou les objets. Il est attaché à un système de poulies et de câbles.
2. **Poulies** : ces sont des roues ou des disques qui tournent autour d'un axe vertical. Elles sont fixées à la structure de l'ascenseur et sont responsables de la traction.
3. **Câbles** : ces sont des filaments métalliques qui relient les poulies au système de traction. Ils sont généralement composés de plusieurs câbles qui sont liés ensemble.
4. **Moteur** : c'est l'élément qui fait tourner les";counterweight;contrepoids|contrapes|Gegengewicht|contrappes|cable|Seil;"Elevators are a crucial part of modern architecture, providing easy and efficient access to buildings, especially those with multiple floors. Here's a detailed explanation of how elevators work:

**Basic Components**

An elevator consists of several key components:

1. **Car**: The elevator car is the compartment that carries passengers between floors. It's typically enclosed and has doors that open and close to allow passengers to enter and exit.
2. **Counterweight**: A counterweight is a heavy weight that's attached to the opposite side of the elevator shaft from the car. It helps balance the weight of the car and its occupants.
3. **Pulley system**: The pulley system consists of a series of pulleys, ropes, and sheaves that transmit the force of the motor to the car.
4. **Motor**: The motor is the heart of the elevator, providing the power to move the car up and down the shaft.
5. **Control system**: The control system is the brain of the elevator, managing the movement of the car, the doors, and the safety features.

**How Elevators Work**

Here's a step-by-step explanation of how an elevator works:

1. **Call**: A passenger presses a button or uses a";False;False;0.9998;fr;en;True;True;False;True;True;Vertiefe, wie Aufzüge funktionieren.;de;True;Développez le fonctionnement des ascenseurs.;fr;True;;Profundiza en cómo funcionan los ascensores.;es;True;;;;;;;imperativo_explicativo;7
What gives rubies their red color?;"Une question passionnante!

Les rubis obtiennent leur couleur rouge en raison de la présence de divers éléments chimiques, principalement :

1. **Le chrome** : Le chrome est l'élément responsable de la plupart des couleurs rouges des rubis. Il est présent dans les minéraux de rubis sous la forme de chromate (Cr2O72-).
2. **Le vanadium** : Le vanadium est un autre élément qui contribue à la couleur rouge des rubis. Il est présent dans les minéraux de rubis sous la forme de vanadate (VO42-).
3. **Le titane** : Le titane peut également contribuer à la couleur rouge des rubis, mais de manière moins significative que le chrome et le vanadium.

Lorsque ces éléments sont présents dans les minéraux de rubis, ils absorbent certaines longueurs d'onde de la lumière visible, ce qui donne aux rubis leur couleur rouge caractéristique. La quantité de ces éléments présents dans le minéral détermine la profondeur et la saturation de la couleur rouge.

Il";chromium;chrome|cromo|Chrom|cromio;"Rubies owe their distinctive red color to the presence of chromium. Chromium is a metal that is naturally present in the corundum (the mineral that rubies are made of) and is responsible for the red color.

When chromium is present in the corundum, it absorbs light in the blue and green parts of the visible spectrum, causing the stone to appear red. The amount of chromium present in the corundum determines the intensity of the red color, with more chromium resulting in a deeper, more vibrant red.

In fact, rubies are actually a type of corundum that contains at least 75% chromium. The presence of other elements, such as iron and titanium, can also affect the color of the ruby, but chromium is the primary cause of the red color.

It's worth noting that rubies can also be found in other colors, such as pink, purple, and blue, due to the presence of other elements. However, the most valuable and sought-after rubies are those with a deep, vibrant red color.";False;False;0.9998;fr;en;True;True;False;True;True;Was gibt Rubinen ihre rote Farbe?;de;True;Qu'est-ce qui donne aux rubis leur couleur rouge ?;fr;True;;¿Qué da a los rubíes su color rojo?;es;True;;;;;;;explicativa;8
Currency of India?;"La monnaie de l'Inde est composée de plusieurs pièces et de plusieurs types de billets. Voici une liste des principales pièces et billets en circulation :

**Pièces :**

* 50 paise (0,50 €)
* 1 roupie (1,00 €)
* 2 roupies (2,00 €)
* 5 roupies (5,00 €)
* 10 roupies (10,00 €)
* 20 roupies (20,00 €)
* 50 roupies (50,00 €)
* 100 roupies (100,00 €)
* 500 roupies (500,00 €)
* 2 000 roupies (2 000,00 €)

**Billets :**

* 50 roupies (50,00 €)
* 100 roupies (100,00 €)
* 500 roupies (500,00 €)
* 2 000 roupies (2 000,00 €)

Il convient de noter que les pièces et les billets sont disponibles en différentes couleurs et en différentes versions,";rupee;roupie|rupia|Rupie;The official currency of India is the Indian Rupee (INR).;False;False;0.9784;fr;en;True;True;False;True;True;Währung Indiens?;de;True;Monnaie de l'Inde ?;fr;True;;¿Moneda de la India?;es;True;;;;;;;corta;4
Trivia time: which country has the most lakes?;"Une question intéressante!

Selon les données de l'Organisation météorologique mondiale (OMM), le pays qui compte le plus de lacs est le Canada, avec plus de 2 millions de lacs!

Cependant, si l'on considère les pays en termes de superficie totale des lacs, il s'agit de la Russie, avec plus de 100 000 lacs, dont certains sont très grands, comme le lac Baïkal, le plus grand lac d'eau douce du monde.

Mais si l'on regarde les pays en termes de nombre de lacs par habitant, le pays qui compte le plus de lacs est le Canada, avec environ 1 lac pour 100 habitants!

Voilà, j'espère que cela répond à votre question!";Canada;Kanada;"A refreshing question!

According to various sources, including the World Lake Database, Canada has the most lakes of any country in the world. It's estimated that Canada has over 2 million lakes, covering about 8% of its land area!

The country's vast territory, with its numerous rivers, wetlands, and glacial features, has created a vast network of lakes, many of which are freshwater and pristine.

Did I get it right?";False;False;0.9998;fr;en;True;True;False;True;True;Quizzeit: Welches Land hat die meisten Seen?;de;True;Question culture : quel pays compte le plus de lacs ?;fr;True;;Hora de trivia: ¿qué país tiene más lagos?;es;True;;;;;;;conversacional;10
What is the largest organ of the human body?;Le plus grand organ de l'organisme humain est le cerveau.;skin;peau|piel|Haut|pelle|pele;"The largest organ of the human body is the skin. It covers the entire surface of the body and weighs around 3.6 kilograms (7.9 pounds) in adults. The skin performs many important functions, including:

* Regulating body temperature
* Protecting the body from external damage
* Aiding in the production of vitamin D
* Helping to prevent infection
* Assisting in the sensation of touch and feeling

It's amazing to think that the skin is the largest and most visible organ of the body, yet it's often overlooked!";False;False;0.9998;fr;en;True;False;False;True;False;Was ist das größte Organ des menschlichen Körpers?;de;True;Quel est le plus grand organ de l'organisme humain?;fr;True;;¿Cuál es el órgano más grande del cuerpo humano?;es;True;;;;;;;factual_clasica;
Which sea separates Europe from Africa?;La mer Méditerranée sépare l'Europe de l'Afrique.;Mediterranean;Mediterranee|Mediterraneo|Mittelmeer;The Mediterranean Sea separates Europe from Africa.;False;False;0.9997;fr;en;True;True;False;True;True;Welches Meer trennt Europa von Afrika?;de;True;Quelle mer sépare l'Europe de l'Afrique ?;fr;True;;¿Qué mar separa Europa de África?;es;True;;;;;;;factual_aperturas;7
Disclose the capital of Brunei.;La capitale du Brunei est Bandar Seri Begawan.;Bandar Seri Begawan;Bandar;The capital of Brunei is Bandar Seri Begawan.;False;False;0.9758;fr;en;True;True;False;True;True;Gib die Hauptstadt von Brunei preis.;de;True;Dévoilez la capitale du Brunei.;fr;True;;Desvela la capital de Brunéi.;es;True;;;;;;;imperativo;8
Examine how noise-cancelling headphones work.;"Les casques à réduction de bruit, également connus sous le nom de casques anti-bruit ou casques de réduction du bruit, sont conçus pour réduire le niveau de bruit perçu par l'oreille. Voici une analyse de leur fonctionnement :

**Principe de base**

Les casques à réduction de bruit utilisent un principe de réflexion acoustique pour réduire le niveau de bruit. Lorsque le son arrive à l'oreille, il est réfléchi vers l'intérieur du casque par un matériau spécial, appelé ""matériau de réflexion acoustique"". Ce matériau est généralement un mélange de fibres de verre ou de plastique qui réfléchent les ondes sonores.

**Fonctionnement**

Voici les étapes clés du fonctionnement d'un casque à réduction de bruit :

1. **Réception du son** : Le son arrive à l'oreille à travers les oreilles du casque.
2. **Réflexion acoustique** : Le matériau de ré";opposite waves;invers|oppos|opues|entgegen|opost|phase|fase|antitesis|anti-noise;"Noise-cancelling headphones are a marvel of technology that can significantly improve your listening experience by reducing unwanted ambient sounds. Here's a breakdown of how they work:

**The Science Behind Noise-Cancelling**

Noise-cancelling headphones use a technology called Active Noise Control (ANC) or Active Noise Reduction (ANR). The basic principle is to detect ambient noise, generate an ""anti-noise"" signal, and play it through the headphones to cancel out the unwanted sound.

**Components of a Noise-Cancelling Headphone**

A typical noise-cancelling headphone consists of:

1. **Microphones**: One or more microphones are placed on the outside of the headphones to detect ambient noise. These microphones are usually small, directional, and sensitive to sound waves.
2. **Noise Cancellation Circuitry**: This is the brain of the noise-cancelling system. It processes the audio signal from the microphone and generates an ""anti-noise"" signal.
3. **Driver**: The driver is the speaker that produces sound. In noise-cancelling headphones, the driver is designed to produce sound waves that are the opposite of the ambient noise.
4. **Power Source**: Noise-cancelling headphones require a power source to operate the";False;False;0.9998;fr;en;True;False;False;True;True;Untersuche, wie Kopfhörer mit Geräuschunterdrückung funktionieren.;de;True;Examinez le fonctionnement des casques à réduction de bruit.;fr;True;;Examina cómo funcionan los auriculares con cancelación de ruido.;es;True;;;;;;;imperativo_explicativo;10
How do glow sticks glow?;"Les bâtons lumineux, également connus sous le nom de ""bâtons de lumière"" ou ""bâtons de LED"", brillent grâce à l'émission de lumière électrique. Voici comment ça marche :

1. **Conception et matériaux** : Les bâtons lumineux sont composés de matériaux conducteurs, tels que le métal, qui permettent la circulation de l'électricité. Ils sont généralement faits de plastique ou de métal, avec une structure de bâton long et fin.
2. **Émission de lumière** : Lorsque l'on applique une tension électrique à travers le bâton, les électrons sont excités et commencent à émettre de la lumière. C'est un phénomène appelé émission de lumière électrique.
3. **LED (Diode Lumineuse Électro-lumineuse)** : Les bâtons lumineux utilisent des LED pour émettre la lumière. Les LED sont des diodes électro-lumineuses qui convertissent l'énergie électrique en lumière.
4. **";chemiluminescence;chimilum|quimiolum|chemilum|chemiolum|oxalat|luminescen|luminiscen|Lumineszenz;"Glow sticks are a fascinating and convenient way to produce light. Here's how they work:

**The Science Behind Glow Sticks**

Glow sticks, also known as light sticks or glow lights, contain a chemical reaction that produces light. The reaction involves a mixture of chemicals, including:

1. **Phenyl oxalate ester** (a chemical compound that reacts with light)
2. **Hydrogen peroxide** (a chemical compound that reacts with the phenyl oxalate ester)
3. **A catalyst** (usually a small amount of potassium iodide or sodium iodide)

**The Reaction**

When a glow stick is broken or bent, the chemicals inside are mixed together, causing a chemical reaction. This reaction is called a **chemiluminescence reaction**.

Here's what happens:

1. The phenyl oxalate ester reacts with the hydrogen peroxide, releasing energy in the form of light.
2. The catalyst (potassium iodide or sodium iodide) helps to speed up the reaction.
3. As the reaction occurs, the energy is released as light, which is emitted in all directions.

**The Light**

The light produced by the glow stick is a bright,";False;False;0.9998;fr;en;True;False;False;True;True;Wie leuchten Knicklichter?;de;True;Comment les bâtons lumineux brillent-ils ?;fr;True;;¿Cómo brillan las barras luminosas?;es;True;;;;;;;explicativa;6
Currency of Mexico?;"La monnaie du Mexique est appelée le peso mexicain (MXN). Il existe plusieurs devises en circulation, notamment :

* Le peso mexicain (MXN) : c'est la monnaie la plus couramment utilisée au Mexique.
* Le peso mexicain spécial (MXN$) : c'est une monnaie plus ancienne qui est toujours utilisée pour certaines transactions, notamment les transactions internationales.
* Le peso mexicain de 100 centavos (MXN 100) : c'est une monnaie de petite valeur qui est utilisée pour les transactions quotidiennes.

Il est important de noter que les taux de change peuvent varier en fonction de la banque ou du fournisseur de services financiers.";peso;;The official currency of Mexico is the Mexican Peso (MXN).;False;False;0.9998;fr;en;True;True;False;True;True;Währung Mexikos?;de;True;Monnaie du Mexique ?;fr;True;;¿Moneda de México?;es;True;;;;;;;corta;4
I forgot, which river flows through Rome?;Le fleuve qui traverse Rome est le Tiber (en italien, Tevere).;Tiber;Tibre|Tevere;The Tiber River flows through Rome, Italy.;False;False;0.9998;fr;en;True;True;False;True;True;Ich hab's vergessen: Welcher Fluss fließt durch Rom?;de;True;J'ai oublié, quel fleuve traverse Rome ?;fr;True;;Se me olvidó, ¿qué río pasa por Roma?;es;True;;;;;;;conversacional;9
In what year did the Spanish Armada sail against England?;L'Armada espagnole a navigué contre l'Angleterre en 1588.;1588;;The Spanish Armada sailed against England in 1588.;False;False;0.9625;fr;en;True;True;False;True;True;In welchem Jahr segelte die spanische Armada gegen England?;de;True;En quelle année l'Armada espagnole a-t-elle navigué contre l'Angleterre ?;fr;True;;¿En qué año zarpó la Armada Española contra Inglaterra?;unknown;True;;;;;;;factual_clasica;
Lake Bled is in which country?;Le lac de Bled se trouve en Slovénie.;Slovenia;Slovenie|Eslovenia|Slowenien;Lake Bled is located in Slovenia.;False;False;0.9998;fr;en;True;True;False;True;True;Der Bleder See liegt in welchem Land?;de;True;Le lac de Bled se trouve dans quel pays ?;fr;True;;¿El lago Bled está en qué país?;es;True;;;;;;;factual_aperturas;8
Guess the capital of Cyprus.;La capitale de Chypre est Nicosiea (ou Lefkosia en grec).;Nicosia;Nicosie|Lefkosia|Nikosia;The capital of Cyprus is Nicosia (also known as Lefkosia in Greek).;False;False;0.9968;fr;en;True;True;False;True;True;Rate die Hauptstadt Zyperns.;de;True;Devinez la capitale de Chypre.;fr;True;;Adivina la capital de Chipre.;es;True;;;;;;;imperativo;6
Analyze how touchscreens sense fingers.;"Les écrans tactiles, également appelés écrans capteurs ou écrans multi-touch, détectent les doigts en utilisant une technologie de capteur qui convertit les mouvements et les pressions en signaux électriques. Voici comment cela fonctionne :

**Principe de base**

Les écrans tactiles utilisent généralement une couche de capteurs qui détectent les changements de pression ou de mouvement sur la surface de l'écran. Ces capteurs peuvent être des capteurs de pression, des capteurs de résistance ou des capteurs de capacité.

**Types de capteurs**

Il existe plusieurs types de capteurs utilisés dans les écrans tactiles :

1. **Capteurs de pression** : Ces capteurs détectent la pression appliquée sur la surface de l'écran. Ils sont composés de plusieurs couches de matériaux conducteurs et isolants qui changent leur résistance en fonction de la pression appliquée.
2. **Capteurs de résistance** : Ces capteurs détectent les";capacitive;capaci|kapazi;"The magic of touchscreens! Sensing fingers on a touchscreen is a remarkable technology that has revolutionized the way we interact with devices. Here's a breakdown of how it works:

**Principle: Capacitive Touch**

Most modern touchscreens use a capacitive touch technology, which detects changes in capacitance (the ability of a material to store electric charge) caused by the presence of a finger or other conductive object. This technology is based on the principle that a conductive object (like a human finger) can alter the capacitance of a material, allowing the device to detect its presence.

**Components:**

1. **Conductive Glass or Plastic**: The touchscreen display is made of a conductive material, usually glass or plastic, which is coated with a thin layer of indium tin oxide (ITO). This layer is transparent and conductive, allowing it to detect changes in capacitance.
2. **Electrodes**: The ITO layer is divided into a grid of electrodes, which are typically made of a transparent conductive material like indium tin oxide (ITO). These electrodes are arranged in a matrix, with each electrode connected to a controller.
3. **Controller**: The controller is the brain of the touchscreen, responsible for";False;False;0.9998;fr;en;True;True;False;True;True;Analysiere, wie Touchscreens Finger erkennen.;de;True;Analysez comment les écrans tactiles détectent les doigts.;fr;True;;Analiza cómo detectan los dedos las pantallas táctiles.;es;True;;;;;;;imperativo_explicativo;8
How do clouds stay up?;"Les nuages sont des masses de vapeur d'eau qui restent en suspension dans l'air en raison de plusieurs facteurs. Voici les principaux mécanismes qui maintiennent les nuages en l'air :

1.  **Gravité** : La gravité pousse les particules de vapeur d'eau vers le bas, mais les nuages restent en suspension parce que la force de gravité est équilibrée par la force de levée exercée par l'air en dessous.
2.  **Convection** : Les nuages sont souvent associés à des courants d'air chaud qui montent vers le haut, créant une zone de basse pression au-dessus du nuage. Cela entraîne un flux d'air froid qui remonte vers le haut, créant un cycle de convection qui maintient le nuage en suspension.
3.  **Évaporation** : L'évaporation de l'eau de la surface de la Terre est un processus important qui contribue à la formation des nuages. L'eau vapeur monte vers le haut et se condense en nuages.
4.  **";droplets;gouttel|gotit|Tropfchen|goccio|gotic|droplet|Tropfen;"Clouds are fascinating, and understanding how they stay up is a great question.

Clouds are collections of tiny water droplets or ice crystals suspended in the air. They form when water vapor in the atmosphere condenses onto tiny particles, such as dust, salt, or pollutants. The process of condensation is what keeps clouds aloft.

Here's a simplified explanation:

1. **Water vapor rises**: When the sun heats the Earth's surface, it evaporates water into the air as water vapor. This water vapor rises into the atmosphere, where it cools down.
2. **Condensation occurs**: As the water vapor cools, it condenses onto tiny particles in the air, forming visible liquid droplets or ice crystals. This process is facilitated by the presence of condensation nuclei, such as dust, salt, or pollutants.
3. **Cloud formation**: The condensed water droplets or ice crystals gather together to form a visible cloud. The weight of the water droplets or ice crystals is balanced by the buoyancy of the air around them.
4. **Buoyancy keeps clouds up**: The air around the cloud is less dense than the cloud itself, which means it's less heavy. This difference in density creates an upward";False;False;0.9998;fr;en;True;False;False;True;True;Wie bleiben Wolken in der Luft?;de;True;Comment les nuages restent-ils en l'air ?;fr;True;;¿Cómo se mantienen las nubes en el aire?;es;True;;;;;;;explicativa;6
Currency of Russia?;"La monnaie de la Russie est composée de plusieurs types d'unités de monnaie. Voici quelques-unes des plus courantes :

1. **Ruble** (₽) : c'est la monnaie officielle de la Russie. Il est divisé en 100 kopeks.
2. **Kopek** (копейка) : c'est la monnaie la plus petite de la Russie, qui fait partie du ruble.
3. **Écu** (эку) : c'est une monnaie de petite valeur, qui est souvent utilisée pour les achats de petits biens.

Il est important de noter que la Russie a également utilisé d'autres monnaies historiques, telles que le **kharoun** et le **sourouk**, mais ils sont désormais obsolètes.

En ce qui concerne les billets de banque, la Banque centrale de la Russie émet les billets suivants :

* 100 roubles
* 500 roubles
* 1 000 roubles
* 5 000 roubles
* 10";ruble;rouble|rublo|Rubel;The official currency of Russia is the Russian ruble (RUB).;False;False;0.9998;fr;en;True;True;False;True;True;Währung Russlands?;de;True;Monnaie de la Russie ?;fr;True;;¿Moneda de Rusia?;es;True;;;;;;;corta;4
Out of curiosity, which river runs through Florence?;"Un peu de culture italienne!

Le fleuve qui traverse Florence est le fleuve Arno (en italien, Arno). L'Arno est un fleuve de la Toscane, en Italie, qui traverse la ville de Florence et est considéré comme l'un des plus beaux fleuves d'Europe. Il est environ 241 kilomètres long et est connu pour ses rives pittoresques et ses ponts historiques, notamment le Ponte Vecchio, qui est l'un des monuments les plus célèbres de Florence.";Arno;;The Arno River runs through Florence, Italy.;False;False;0.9998;fr;en;True;True;False;True;True;Aus Neugier: Welcher Fluss fließt durch Florenz?;de;True;Par curiosité, quel fleuve traverse Florence ?;fr;True;;Por curiosidad, ¿qué río atraviesa Florencia?;es;True;;;;;;;conversacional;10
In what year did Apollo 11 land on the Moon?;Apollo 11 s'est posé sur la Lune en 1969.;1969;;Apollo 11 landed on the Moon on July 20, 1969.;False;False;0.9998;fr;en;True;True;False;True;True;In welchem Jahr landete Apollo 11 auf dem Mond?;de;True;En quelle année Apollo 11 s'est-il posé sur la Lune ?;fr;True;;¿En qué año aterrizó Apolo 11 en la Luna?;unknown;True;;;;;;;factual_clasica;
Which country invented paper?;Le papier a été inventé en Chine.;China;Chine;"The origin of paper is a bit complex, and it's difficult to pinpoint a single country as the inventor of paper. However, I can give you some insight into the history of paper.

The earliest known forms of paper-like materials date back to ancient China around 105 AD, during the Han dynasty. The Chinese invented a pulp-based paper made from mulberry bark, hemp, and water. This early paper was called ""rice paper"" or ""paper made from mulberry bark.""

However, the modern version of paper, made from wood pulp, was invented in ancient Japan around 600 AD. The Japanese developed a process to pulp wood and mix it with water, creating a stronger and more durable paper.

The art of papermaking spread to the Middle East and Europe through the Silk Road, a network of trade routes that connected China with the Mediterranean region. The Arabs are credited with introducing papermaking to the Middle East and Europe in the 8th century AD.

So, while it's difficult to say which country ""invented"" paper, it's clear that the development of paper was a gradual process that involved the contributions of many cultures over several centuries.

Would you like to know more about the history of paper or is there something else I";False;False;0.9998;fr;en;True;True;False;True;True;Welches Land erfand das Papier?;de;True;Quel pays a inventé le papier ?;fr;True;;¿Qué país inventó el papel?;es;True;;;;;;;factual_aperturas;5
Choose the animal on Lamborghini's logo.;Le logo de Lamborghini représente un lion.;bull;taureau|toro|Stier|touro;The animal on Lamborghini's logo is a bull.;False;False;0.9995;fr;en;True;False;False;True;False;Wähle das Tier im Logo von Lamborghini.;de;True;Choisissez l'animal du logo de Lamborghini.;fr;True;;Escoge el animal del logo de Lamborghini.;es;True;;;;;;;imperativo;9
Review how dolphins sleep.;"Les dauphins sont des mammifères marins qui ont une manière unique de dormir. Ils ne ferment pas le même sommeil que les humains, car leur cerveau ne nécessite pas autant de sommeil. Cependant, ils ont besoin de se reposer et de se ressourcer pour maintenir leur santé et leur activité.

Voici comment les dauphins dorment :

1. **Sécurité première** : Les dauphins sont des animaux sociaux et vivent en groupes. Ils sont souvent en contact les uns avec les autres, même lorsqu'ils dorment. Ils utilisent leur écholocation (sonar) pour détecter leurs environnements et éviter les obstacles, même pendant le sommeil.
2. **Nageolement** : Les dauphins sont capables de nager lentement et de se poser sur le fond marin, même pendant le sommeil. Ils utilisent leur écholocation pour détecter les obstacles et les préserver de la collision.
3. **Sommeil échelonné** : Les dauphins passent";hemisphere;hemisph|hemisf|emisf|Teil ihres Gehirns|Gehirnhalfte|mitad de su cerebro|moitie de leur cerveau|parte del cerebro|partie de leur cerveau|Teil des Gehirns;"Dolphins are known to be one of the most intelligent and social marine mammals, and their sleep patterns are quite unique. Here's a review of how dolphins sleep:

**Sleep Patterns:**

Dolphins sleep with only half of their brain at a time, a process called unihemispheric slow-wave sleep (USWS). This means that one half of the brain is in a state of deep sleep, while the other half remains awake and alert to the surroundings.

**How it works:**

1. **Brain hemispheres:** Dolphins have two brain hemispheres, just like humans. However, their brain hemispheres are connected by a unique structure called the corpus callosum, which allows them to share information between the two hemispheres.
2. **Sleeping half:** One half of the brain, usually the left hemisphere, is in a state of deep sleep, while the other half, usually the right hemisphere, remains awake and alert.
3. **Sleeping half's role:** The sleeping half of the brain is responsible for processing and consolidating memories, learning, and other cognitive functions.
4. **Awake half's role:** The awake half of the brain is responsible for maintaining the dolphin's balance";False;False;0.9998;fr;en;True;False;False;True;True;Überprüfe, wie Delfine schlafen.;de;True;Revoyez comment dorment les dauphins.;fr;True;;Revisa cómo duermen los delfines.;es;True;;;;;;;imperativo_explicativo;5
How does a sponge absorb water?;"Une éponge absorbe l'eau grâce à ses pores. Les éponges sont composées de fibres de cellulose ou de matières absorbantes qui sont très fines et très longues. Ces fibres sont disposées de manière à former des pores qui peuvent absorber l'eau.

Lorsque l'eau tombe sur une éponge, elle pénètre dans les pores à travers la surface de la surface de l'éponge. Les pores sont si fins que l'eau peut y pénétrer facilement, même si elle est très fine.

Une fois que l'eau est entrée dans les pores, elle est absorbée par les fibres de cellulose ou les matières absorbantes qui les composent. Ces fibres sont très absorbantes et peuvent absorber une grande quantité d'eau.

Lorsque l'eau est absorbée, les pores de l'éponge se remplissent d'eau. C'est pourquoi les éponges peuvent être utilisées pour absorber l'eau, comme pour nettoyer des surfaces ou pour absorber des accidents.

Il est important de noter que les éponges ne peuvent absorber que jusqu'à un certain point. Si l'eau est trop abondante, l'é";pores;poros|Poren|pori|capillar|capilar|Kapillar;"Sponges are amazing natural wonders that can absorb a significant amount of water. Here's how they do it:

**The Structure of a Sponge**

A sponge is a porous, fibrous organism that belongs to the phylum Porifera. Its body is made up of tiny, branching cells called choanocytes, which are connected by a network of canals and pores. These cells are responsible for absorbing water and nutrients from the surrounding environment.

**The Absorption Process**

When a sponge is exposed to water, the following process occurs:

1. **Water enters the sponge**: Water seeps into the sponge through the pores and canals, which are connected to the surface of the sponge.
2. **Water is drawn into the cells**: The water is drawn into the cells of the sponge through a process called osmosis, where water molecules move from an area of high concentration (the surface of the sponge) to an area of low concentration (the cells).
3. **Water is absorbed by the cells**: The water is absorbed by the cells through a process called diffusion, where water molecules move from an area of high concentration to an area of low concentration.
4. **Water is stored in the cells**: The absorbed water is stored";False;False;0.9998;fr;en;True;True;False;True;True;Wie saugt ein Schwamm Wasser auf?;de;True;Comment une éponge absorbe-t-elle l'eau ?;fr;True;;¿Cómo absorbe agua una esponja?;es;True;;;;;;;explicativa;7
Sport at Wimbledon?;"Bonjour!

Wimbledon est l'un des tournois de tennis les plus prestigieux du monde, et il est principalement associé au tennis. En effet, il s'agit du plus ancien et du plus prestigieux des Grand Chelems, les quatre tournois majeurs de tennis.

Si vous cherchez à pratiquer un sport à Wimbledon, je suppose que vous faites référence au tennis! Le tennis est un sport très populaire à Wimbledon, où les joueurs se disputent des matchs individuels et en double pour déterminer les champions du monde.

Si vous êtes intéressé par d'autres sports, il est possible que vous pensiez à d'autres activités qui se déroulent à Wimbledon, comme les courses de chevaux ou les événements de charité. Mais si vous cherchez à pratiquer un sport spécifique, le tennis est clairement le choix le plus approprié!

Avez-vous des questions spécifiques sur le tennis ou sur les activités qui se déroulent à Wimbledon?";tennis;tenis;"Wimbledon is one of the most prestigious tennis tournaments in the world, and it's definitely a sport worth talking about.

Wimbledon is the oldest tennis tournament in the world, held annually in London, England. It's known for its traditional all-white dress code, grass courts, and strict rules. Here are some interesting facts about Wimbledon:

1. **Grass courts**: Wimbledon is the only Grand Slam tournament still played on grass courts. The courts are made of a special type of grass called ""ryegrass"" that's specifically grown for the tournament.
2. **All-white dress code**: Players, officials, and spectators are required to wear all-white clothing, which is a tradition that dates back to 1884.
3. **No tiebreakers**: Wimbledon is one of the few tennis tournaments that doesn't use tiebreakers in the final set. If the score reaches 6-6, the match continues until one player leads by two games.
4. **Longest match**: The longest match in Wimbledon history was played between John Isner and Nicolas Mahut in 2010. The match lasted 11 hours and 5 minutes, with Isner eventually winning 6-4, 3-6, 6";False;False;0.9998;fr;en;True;True;False;True;True;Sportart in Wimbledon?;de;True;Sport pratiqué à Wimbledon ?;fr;True;;¿Deporte de Wimbledon?;es;True;;;;;;;corta;4
Hmm, which sea is Venice on?;"Une question classique!

Venise se trouve sur la mer Adriatique. Plus précisément, elle est située sur la lagune de Venise, qui est une étendue d'eau salée séparée du golfe du Po à l'est par un canal et du marais de Venise à l'ouest. La lagune de Venise est une zone de marais et de canaux qui a été créée il y a des milliers d'années, lorsque le niveau de la mer a baissé et a laissé une zone de terre ferme entourée d'eau.";Adriatic;Adriatique|Adriatico|Adria;Venice is actually built on a lagoon, which is a shallow body of water separated from the open sea by a barrier of islands or coral reefs. Specifically, Venice is located on the Adriatic Sea, which is a part of the Mediterranean Sea.;False;False;0.9998;fr;en;True;True;False;True;True;Hmm, an welchem Meer liegt Venedig?;de;True;Hum, sur quelle mer se trouve Venise ?;fr;True;;Mmm, ¿en qué mar está Venecia?;es;True;;;;;;;conversacional;8
What is the capital of Indonesia?;La capitale de l'Indonésie est Jakarta.;Jakarta;Yakarta|Giacarta|Jacarta|Djakarta;The capital of Indonesia is Jakarta.;False;False;0.9998;fr;en;True;True;False;True;True;Was ist die Hauptstadt von Indonesien?;de;True;Quelle est la capitale de l'Indonésie?;fr;True;;¿Cuál es la capital de Indonesia?;es;True;;;;;;;factual_clasica;
Which planet is farthest from the Sun?;La planète la plus éloignée du Soleil est Neptune.;Neptune;Neptuno|Neptun|Nettuno|Netuno;The planet that is farthest from the Sun is Neptune. On average, Neptune is about 4.5 billion kilometers (2.8 billion miles) away from the Sun. However, due to its elliptical orbit, the distance between Neptune and the Sun varies from about 4.3 billion kilometers (2.7 billion miles) at its closest point (perihelion) to about 4.5 billion kilometers (2.8 billion miles) at its farthest point (aphelion).;False;False;0.9998;fr;en;True;True;False;True;True;Welcher Planet ist am weitesten von der Sonne entfernt?;de;True;Quelle planète est la plus éloignée du Soleil ?;fr;True;;¿Qué planeta está más lejos del Sol?;es;True;;;;;;;factual_aperturas;9
Retrieve the author of Alice in Wonderland.;L'auteur d'Alice au pays des merveilles est Lewis Carroll.;Lewis Carroll;Carroll;"The author of ""Alice's Adventures in Wonderland"" is Lewis Carroll (whose real name was Charles Lutwidge Dodgson).";False;False;0.9998;fr;en;True;True;False;True;True;Ruf den Autor von Alice im Wunderland ab.;de;True;Retrouvez l'auteur d'Alice au pays des merveilles.;fr;True;;Recupera al autor de Alicia en el país de las maravillas.;es;True;;;;;;;imperativo;8
Clear up how camels survive deserts.;"Les chameaux sont des animaux exceptionnellement adaptés aux conditions du désert. Voici quelques-unes des clés de leur survie dans ce environnement hostile :

1.  **La capacité à stocker de l'eau** : Les chameaux ont une capacité à stocker de l'eau dans leurs corps, notamment dans leur foie, leurs muscles et leur sang. Cela leur permet de survivre pendant de longues périodes sans eau.
2.  **La production de salure** : Les chameaux ont une capacité à produire de la salure dans leurs reins, ce qui leur permet de se débarrasser de l'excès d'électrolytes et de maintenir un équilibre hydrique.
3.  **La capacité à se réguler la température** : Les chameaux ont une capacité à se réguler la température corporelle, ce qui leur permet de survivre dans les conditions extrêmes du désert.
4.  **La capacité à marcher longtemps** : Les chameaux sont capables de marcher longtemps sans eau, ce qui";hump;bosse|joroba|Hocker|gobba|corcova|graisse|grasa|Fett|grasso|gordura;"Camels are incredibly well-adapted to survive in the harsh desert environment. Here are some of the key ways they manage to thrive in these conditions:

1. **Water Conservation**: Camels have a unique ability to conserve water. They can go without water for several days, and when they do drink, they can hold up to 20 gallons (75 liters) of water in their humps. The hump is actually a reservoir of fatty tissue that can be metabolized for energy when water is scarce.
2. **Humps**: The hump on a camel's back is actually a reservoir of fatty tissue, which can be metabolized when food is scarce. This allows the camel to survive for extended periods without eating or drinking.
3. **Wide, padded feet**: Camels have large, padded feet that act as shock absorbers, allowing them to move comfortably on sand and rocky terrain. This also helps to distribute their weight evenly, reducing the pressure on their feet.
4. **Specialized digestive system**: Camels have a three-chambered stomach that allows them to break down and extract moisture from plant material more efficiently. This helps them to survive on limited food sources.
5. **Efficient kidneys**: Camels have";False;False;0.9998;fr;en;True;False;False;True;True;Kläre, wie Kamele in Wüsten überleben.;de;True;Clarifiez comment les chameaux survivent dans le désert.;fr;True;;Aclara cómo sobreviven los camellos en el desierto.;es;True;;;;;;;imperativo_explicativo;9
How do hedgehogs defend themselves?;"Les hérissons sont des mammifères carnivores de la famille des Mustélidés, connus pour leur capacité à se défendre de manière très efficace. Voici quelques-unes des méthodes que les hérissons utilisent pour se défendre :

1. **Érection des dents :** Les hérissons ont des dents très pointues qui peuvent être érigées pour se défendre. Lorsqu'ils sont menacés, ils peuvent les élever pour créer une barrière entre eux et leur attaquant.

2. **Défense du pelage :** Les hérissons ont un pelage très dense et épais qui peut être utilisé pour se défendre. Ils peuvent se couvrir de leur pelage pour protéger leur peau et leurs organes internes.

3. **Défense du visage :** Les hérissons ont un visage très fort qui peut être utilisé pour se défendre. Ils peuvent frapper avec leur museau ou leur nez pour repousser les attaquants.

4. **Défense des pattes :** Les hérissons ont des pattes très for";spines;piquant|epine|puas|Stachel|aculei|espinh|quill|Kugel|en boule|bola|zu einem Ball|zusammenroll|einroll;"Those adorable hedgehogs! They have a unique defense mechanism that's quite effective. Here's how they defend themselves:

**The Quill Defense**: Hedgehogs have thousands of sharp, barbed spines, called quills, all over their bodies. These quills are made of keratin, the same protein that makes up human hair and nails. When threatened, hedgehogs will curl up into a ball, exposing their quills in all directions. This makes it difficult for predators to get a good grip on them.

**The Quill-Prick Defense**: When an attacker tries to grab or bite a hedgehog, the quills can cause puncture wounds, making it painful and uncomfortable for the predator. The quills can also become lodged in the predator's skin, causing irritation and discomfort.

**The Rolling Defense**: Hedgehogs can also roll into a ball, tucking their head and legs into their body, making it harder for predators to get a good grip on them. This rolling motion also helps to distribute the weight of the quills, making it even more difficult for predators to attack.

**The Snout Defense**: Hedgehogs have a distinctive snout that can be used as a defense mechanism. They";False;False;0.9998;fr;en;True;False;False;True;True;Wie verteidigen sich Igel?;de;True;Comment les hérissons se défendent-ils ?;fr;True;;¿Cómo se defienden los erizos?;es;True;;;;;;;explicativa;8
Tour de France sport?;"Le Tour de France!

Le Tour de France est l'un des événements sportifs les plus prestigieux et les plus suivis au monde. Il s'agit d'un tour de France en vélo, qui se déroule généralement sur 23 jours, au mois de juillet.

Voici quelques informations clés sur le Tour de France :

*   **Détours** : Le Tour de France parcourt environ 3 500 kilomètres, traversant 21 étapes, dont 3 étapes de montagne (Pyrénées et Alpes).
*   **Équipes** : Les équipes de cyclistes sont composées de 8 cyclistes, qui sont divisés en deux groupes : les favoris et les réserve.
*   **Classifications** : Il existe plusieurs classifications au Tour de France, notamment :
    *   La généralité (le classement général)
    *   La classification de montagne (pour les cyclistes qui ont le meilleur temps sur les étapes de montagne)
    *   La classification des sprints (pour les cyclistes qui ont le meilleur temps sur les étapes de sprint)
*   **Histoire";cycling;cyclisme|ciclismo|Radsport|cycliste|ciclista|Radrennen|Radfahr;"The Tour de France! It's one of the most prestigious and iconic cycling events in the world. Here's a brief overview:

**What is the Tour de France?**

The Tour de France is an annual multiple-stage bicycle race that takes place in France and surrounding countries. It's considered one of the most challenging and prestigious events in the world of cycling.

**History**

The first Tour de France was held in 1903, and it was created by Henri Desgrange, a French sports journalist. The original route was approximately 2,428 kilometers (1,507 miles) long and took 14 days to complete. Over the years, the route has changed, but the event has remained a beloved tradition in French culture.

**The Route**

The Tour de France typically takes place over three weeks in July, covering approximately 3,500 kilometers (2,175 miles) of varied terrain, including mountains, hills, and flat sections. The route is carefully planned to test the riders' endurance, strength, and strategy.

**The Teams**

The Tour de France features teams of professional cyclists from around the world, competing in a variety of categories, including:

* General Classification (GC): The overall winner of the Tour de France.";False;False;0.9998;fr;en;True;True;False;True;True;Sportart der Tour de France?;de;True;Sport du Tour de France ?;fr;True;;¿Deporte del Tour de Francia?;es;True;;;;;;;corta;5
Okay, which island was Napoleon born on?;Napoléon Bonaparte est né sur l'île d'Elbe, mais plus précisément sur l'île d'Elbe, il est né à Ajaccio, qui est l'île de Corse.;Corsica;Corse|Corcega|Korsika;Napoleon Bonaparte was born on the island of Corsica, which is an island in the Mediterranean Sea. Specifically, he was born in Ajaccio, the capital city of Corsica, on August 15, 1769.;False;False;0.9998;fr;en;True;True;False;True;True;Okay, auf welcher Insel wurde Napoleon geboren?;de;True;Bon, sur quelle île Napoléon est-il né ?;fr;True;;Vale, ¿en qué isla nació Napoleón?;es;True;;;;;;;conversacional;9
