prompt;output;answer;aliases;baseline_en;ref_role_leak;baseline_role_leak;ref_language;baseline_language;ref_answer_correct;baseline_answer_correct;passed_gate;prompt_de;prompt_de_language;prompt_de_ok;prompt_fr;prompt_fr_language;prompt_fr_ok;prompt_es;prompt_es_language;prompt_es_ok;prompt_it;prompt_it_language;prompt_it_ok;prompt_pt;prompt_pt_language;prompt_pt_ok;categoria;n_tokens;ref_target_score;ref_uppercase_score;ref_attr_ok;target_cell;instruction;output_hand_fixed
On which continent is the Amazon rainforest located?;La selva amazónica se encuentra en América del Sur.;South America;Amerique du Sud|America del Sur|Sudamerica|Suramerica|Sudamerika|America do Sul|America meridionale;The Amazon rainforest is located on the continent of South America.;False;False;es;en;True;True;True;Auf welchem Kontinent liegt der Amazonas-Regenwald?;de;True;Sur quel continent se trouve la forêt amazonienne ?;fr;True;¿En qué continente se encuentra la selva amazónica?;unknown;True;;;;;;;factual_clasica;;0.9998;0.02;True;es;nativo(prompt_es);True
Where is the Atacama Desert?;El desierto de Atacama es un desierto árido ubicado en el norte de Chile, en América del Sur. Se encuentra en la región de Atacama, que es una de las regiones más áridas del planeta. El desierto de Atacama es conocido por ser uno de los lugares más secos del mundo, con algunas zonas en las que casi nunca se ha registrado lluvia.;Chile;Chili|Cile;"The Atacama Desert is located in Chile, South America. It is the driest non-polar desert in the world, covering an area of approximately 105,000 square kilometers (41,000 square miles). The Atacama Desert stretches along the western edge of the Andes Mountains, bordering the Pacific Ocean to the west and the Andes Mountains to the east.

The Atacama Desert is situated in the northern part of Chile, and it is divided into two main regions: the Coastal Atacama and the Altiplano Atacama. The Coastal Atacama is the more arid and dry region, while the Altiplano Atacama is a higher-altitude region with more moderate climate conditions.

Some of the most notable cities and towns in the Atacama Desert include:

* Antofagasta: A major city located in the Coastal Atacama region.
* Calama: A city located in the Altiplano Atacama region.
* San Pedro de Atacama: A small town located in the Altiplano Atacama region, known for its stunning natural beauty and outdoor recreational opportunities.
* Iquique: A coastal city located in the Coastal Atac";False;False;es;en;True;True;True;Wo liegt die Atacama-Wüste?;de;True;Où se trouve le désert d'Atacama ?;fr;True;¿Dónde está el desierto de Atacama?;es;True;;;;;;;factual_aperturas;8;0.9999;0.035;True;es;nativo(prompt_es);True
State the capital of Mongolia.;La capital de Mongolia es Ulaanbaatar.;Ulaanbaatar;Ulan Bator|Oulan-Bator|Ulan-Bator|Oulan Bator;The capital of Mongolia is Ulaanbaatar.;False;False;es;en;True;True;True;Nenne die Hauptstadt der Mongolei.;de;True;Indiquez la capitale de la Mongolie.;fr;True;Indica la capital de Mongolia.;es;True;;;;;;;imperativo;6;0.5473;0.0938;True;es;nativo(prompt_es);
Detail why ice floats on water.;"El hielo flota en el agua debido a su densidad menor que la del agua. A continuación, te explico por qué esto es así:

1.  **Estructura del hielo**: El hielo está compuesto por agua congelada en una estructura cristalina. En esta estructura las moléculas quedan unidas por puentes de hidrógeno en una red abierta, más separadas que en el agua líquida, lo que significa que el hielo tiene una menor masa por unidad de volumen que el agua líquida.
2.  **Densidad del agua**: El agua líquida tiene una densidad promedio de aproximadamente 1 gramo por mililitro (g/mL). El hielo, por otro lado, tiene una densidad promedio de aproximadamente 0,92 g/mL, lo que significa que es menos denso que el agua líquida.
3.  **Flotabilidad del hielo**: Debido a su menor densidad, el hielo flota en la superficie del agua. El agua ejerce sobre él un empuje igual al peso del agua desplazada (principio de Arquímedes), que equilibra su peso cuando aproximadamente el 90 % del hielo queda sumergido.";density;densite|densidad|Dichte|densita|densidade|dense|denso|densa;"A classic phenomenon! Ice floating on water is a fascinating example of how the physical properties of water and ice can lead to this seemingly counterintuitive behavior. Here's a detailed explanation:

**Why does ice float on water?**

Ice floats on water because of its unique crystal structure and the way it interacts with water molecules. When water freezes, the molecules arrange themselves in a crystalline lattice structure, which is less dense than the liquid water. This is known as the ""anomalous expansion of water.""

**The crystal structure of ice:**

In ice, the water molecules are arranged in a hexagonal lattice structure, with each molecule bonded to four neighboring molecules. This arrangement creates a rigid and open structure, which is less dense than the more compact and random arrangement of molecules in liquid water.

**Density of ice and water:**

The density of ice is approximately 0.92 g/cm³, while the density of liquid water is approximately 1.00 g/cm³. This means that ice is less dense than liquid water. When ice is added to water, it will initially sink to the bottom, but as more ice is added, the water molecules will start to arrange themselves around the ice crystals, creating a layer of water that";False;False;es;en;True;True;True;Erläutere genau, warum Eis auf Wasser schwimmt.;de;True;Détaillez pourquoi la glace flotte sur l'eau.;fr;True;Detalla por qué el hielo flota en el agua.;es;True;;;;;;;imperativo_explicativo;7;0.9999;0.0196;True;es;nativo(prompt_es);True
How do geckos climb walls?;"Los geckos tienen una capacidad única para trepar por paredes y superficies muy lisas, lo que se debe a la estructura microscópica de sus dedos. Aquí te explico cómo lo hacen:

1. **Láminas y setas**: Los dedos de los geckos están cubiertos de láminas con millones de pelos microscópicos llamados setas. Cada seta se divide a su vez en cientos de puntas aún más finas, llamadas espátulas.

2. **Fuerzas de van der Waals**: Las espátulas se acercan tanto a la superficie que aparecen fuerzas de atracción muy débiles entre las moléculas, las fuerzas de van der Waals. Sumadas en miles de millones de espátulas, son suficientes para sostener el peso del gecko, incluso cabeza abajo en el techo.

3. **Despegue**: Cambiando el ángulo de los dedos, el gecko reduce la superficie de contacto y se despega sin esfuerzo. No usa ninguna sustancia adhesiva ni ventosas, por eso puede trepar muy rápido.";van der Waals;Waals|setae|setas|setole|poils|pelos|hairs;"Geckos have a unique ability to climb walls and ceilings, and it's due to their specialized feet and body structure. Here's how they do it:

1. **Microscopic hair-like structures**: Geckos have tiny, hair-like structures on their feet called setae (singular: seta). These setae are made of keratin, the same protein that makes up human hair and nails. Each seta is about 1-2 micrometers in length, which is incredibly small.
2. **Van der Waals forces**: The setae on a gecko's foot create a weak electrostatic attraction between the gecko's feet and the surface it's climbing. This attraction is known as van der Waals force. It's a type of intermolecular force that allows the gecko to ""stick"" to surfaces.
3. **Adhesion**: When a gecko presses its foot onto a surface, the setae make contact with the surface molecules. The van der Waals force between the setae and the surface molecules creates a strong adhesion, allowing the gecko to ""stick"" to the surface.
4. **Friction reduction**: Geckos have a unique skin structure that reduces friction between their";False;False;es;en;True;True;True;Wie klettern Geckos an Wänden hoch?;de;True;Comment les geckos grimpent-ils aux murs ?;fr;True;¿Cómo trepan las paredes los geckos?;es;True;;;;;;;explicativa;8;0.9999;0.0158;True;es;nativo(prompt_es);True
Capital of Japan?;La capital de Japón es Tokio.;Tokyo;Tokio|Toquio;The capital of Japan is Tokyo.;False;False;es;en;True;True;True;Hauptstadt von Japan?;de;True;Capitale du Japon ?;fr;True;¿Capital de Japón?;es;True;;;;;;;corta;4;0.5;0.2;True;es;nativo(prompt_es);True
Hey, who painted Arnolfini?;"El cuadro ""El matrimonio Arnolfini"" es una obra maestra del arte flamenco, creada por el pintor flamenco Jan van Eyck en el siglo XV.

El cuadro fue pintado en 1434, en Brujas, Flandes (actualmente Bélgica). La obra es considerada una de las más importantes y emblemáticas de la pintura flamenca, y es famosa por su gran detalle y realismo.

El cuadro representa al comerciante italiano Giovanni Arnolfini y a su esposa en su casa de Brujas. La obra está llena de simbolismo y alusiones a la religión y la sociedad de la época, y es considerada una de las obras más importantes de la pintura del siglo XV.

¿Quieres saber más sobre este cuadro o sobre Jan van Eyck?";Jan van Eyck;van Eyck|Eyck;The Arnolfini Portrait is a famous painting by the Flemish artist Jan van Eyck, created around 1434. It's considered one of the most iconic and influential works of the Northern Renaissance. The painting is a highly detailed and symbolic depiction of a wealthy couple, Giovanni di Nicolao Arnolfini and his wife, in their home in Bruges, Belgium. Van Eyck's masterful use of oil painting techniques and symbolism has made the Arnolfini Portrait a timeless masterpiece of art history.;False;False;es;en;True;True;True;Hey, wer hat den Arnolfini gemalt?;de;True;Hé, qui a peint les Arnolfini ?;fr;True;Oye, ¿quién pintó el Arnolfini?;es;True;;;;;;;conversacional;9;0.9998;0.0397;True;es;nativo(prompt_es);True
What is the capital of Iceland?;La capital de Islandia es Reykjavik.;Reykjavik;Reykjavik|Reikiavik;The capital of Iceland is Reykjavik.;False;False;es;en;True;True;True;Was ist die Hauptstadt von Island?;de;True;Quelle est la capitale de l'Islande ?;fr;True;¿Cuál es la capital de Islandia?;es;True;;;;;;;factual_clasica;;0.6763;0.1;True;es;nativo(prompt_es);
Where was Mozart born?;Wolfgang Amadeus Mozart nació en Salzburgo, Austria.;Salzburg;Salzbourg|Salzburgo|Salisburgo;Wolfgang Amadeus Mozart was born in Salzburg, Austria on January 27, 1756.;False;False;es;en;True;True;True;Wo wurde Mozart geboren?;de;True;Où Mozart est-il né ?;fr;True;¿Dónde nació Mozart?;es;True;;;;;;;factual_aperturas;5;0.9475;0.1111;True;es;nativo(prompt_es);True
Specify the chemical symbol for uranium.;El símbolo químico del uranio es U.;U;;The chemical symbol for uranium is U.;False;False;es;en;True;True;True;Gib das chemische Symbol für Uran an.;de;True;Précisez le symbole chimique de l'uranium.;fr;True;Especifica el símbolo químico del uranio.;es;True;;;;;;;imperativo;7;0.9989;0.0714;True;es;nativo(prompt_es);
Unpack what causes ocean tides.;"Las mareas oceánicas son el movimiento periódico del nivel del mar, que se produce debido a la interacción entre la gravedad de la Luna y el Sol con la masa del océano. A continuación, te explico los factores que causan las mareas:

**La Luna:**

1. **Gravedad**: La Luna atrae hacia sí la masa del océano, lo que provoca un aumento del nivel del mar en la región cercana a la Luna.
2. **Inercia**: Del lado opuesto a la Luna, la Tierra es atraída con más fuerza que el agua de ese lado, que queda rezagada y forma un segundo abultamiento. Por eso, al girar la Tierra, en la mayoría de las costas hay dos mareas altas y dos mareas bajas al día.

**El Sol:**

1. **Gravedad**: El Sol también produce mareas, aunque su efecto es aproximadamente la mitad del de la Luna, porque está mucho más lejos.
2. **Efecto combinado**: Cuando el Sol y la Luna están alineados (luna nueva y luna llena), sus efectos se suman y se producen las mareas vivas. Cuando forman un ángulo recto, las mareas son más débiles: son las mareas muertas.";Moon;Lune|Luna|Lua|der Mond|den Mond|des Mondes|dem Mond|vom Mond;"Ocean tides are a fascinating phenomenon that has captivated humans for centuries. So, let's dive into the causes of ocean tides!

**The Main Causes of Ocean Tides:**

1. **Gravitational Pull of the Moon**: The Moon's gravity is the primary driver of ocean tides. The Moon's gravity causes the ocean water to bulge out in two areas: one on the side of the Earth facing the Moon and the other on the opposite side of the Earth. This creates two high tides and two low tides each day.
2. **Gravitational Pull of the Sun**: Although the Sun's gravity is much weaker than the Moon's, it also plays a role in causing ocean tides. However, its effect is much smaller than the Moon's, and it's only significant when the Sun and Moon are aligned (at new moon or full moon).
3. **Earth's Rotation**: The Earth's rotation also contributes to the formation of tides. As the Earth rotates, different parts of the planet experience the gravitational pull of the Moon and Sun, resulting in the rise and fall of the sea level.
4. **Wind and Atmospheric Pressure**: Wind and changes in atmospheric pressure can also affect the ocean";False;False;es;en;True;True;True;Schlüssle auf, was die Gezeiten der Ozeane verursacht.;de;True;Décortiquez ce qui provoque les marées océaniques.;fr;True;Desglosa qué causa las mareas oceánicas.;es;True;;;;;;;imperativo_explicativo;8;0.9997;0.0399;True;es;nativo(prompt_es);True
How do octopuses change color?;"Los pulpos son animales fascinantes que tienen la capacidad de cambiar de color para adaptarse a su entorno. Este proceso les sirve sobre todo para el camuflaje y la comunicación. Los pulpos tienen células especiales en su piel llamadas cromatóforos, que contienen pigmentos que les permiten cambiar de color.

Cada cromatóforo es un pequeño saco elástico lleno de pigmento amarillo, rojo, marrón o negro, rodeado de músculos que están conectados directamente al sistema nervioso. Cuando un pulpo quiere cambiar de color, contrae esos músculos: el saco se estira y el pigmento se vuelve visible. Cuando los relaja, el saco se cierra y el color desaparece. Por eso los pulpos pueden cambiar de color en fracciones de segundo.

Debajo de los cromatóforos hay otras dos capas de células:

1. **Iridóforos**: reflejan la luz y producen tonos azules, verdes e iridiscentes.
2. **Leucóforos**: dispersan la luz y dan tonos blancos que ayudan a imitar el entorno.

Los pulpos cambian de color para camuflarse, para comunicarse con otros pulpos y para asustar a sus depredadores. Además, pueden cambiar la textura de su piel con unas pequeñas protuberancias llamadas papilas.";chromatophores;chromat|cromat;"Octopuses are masters of disguise, and their ability to change color is one of their most impressive features. Here's how they do it:

**Chromatophores: The Color-Changing Cells**

Octopuses have specialized cells called chromatophores in their skin, which contain pigments that reflect different colors. There are three types of chromatophores:

1. **Melanophores**: contain the pigment melanin, which produces brown or black colors.
2. **Iridophores**: contain the pigment iridin, which produces silver or reflective colors.
3. **Xanthophores**: contain the pigment carotenoid, which produces yellow or orange colors.

**How Color Change Works**

When an octopus wants to change color, it contracts or relaxes the muscles surrounding the chromatophores. This allows the chromatophores to expand or shrink, changing the amount of pigment visible on the surface of the skin.

* **Contraction**: When the muscles contract, the chromatophores shrink, reducing the amount of pigment visible and resulting in a lighter color.
* **Relaxation**: When the muscles relax, the chromatophores expand, increasing the amount of pigment visible and resulting in a darker color.";False;False;es;en;True;True;True;Wie wechseln Kraken ihre Farbe?;de;True;Comment les pieuvres changent-elles de couleur ?;fr;True;¿Cómo cambian de color los pulpos?;es;True;;;;;;;explicativa;8;0.9998;0.0154;True;es;nativo(prompt_es);True
Capital of South Africa?;La capital de Sudáfrica es Pretoria, sede del poder ejecutivo. El país tiene además otras dos capitales: Ciudad del Cabo (legislativa) y Bloemfontein (judicial).;Pretoria;Cape Town|Bloemfontein|Le Cap|Kapstadt;The capital of South Africa is Pretoria.;False;False;es;en;True;True;True;Hauptstadt von Südafrika?;de;True;Capitale de l'Afrique du Sud ?;fr;True;¿Capital de Sudáfrica?;es;True;;;;;;;corta;5;0.9959;0.1143;True;es;nativo(prompt_es);True
Hey, who directed Jaws?;"El director de la película ""Tiburón"" (1975) es Steven Spielberg. Es considerada una de las mejores películas de terror de todos los tiempos y es conocida por su tensión y suspense. ¿Quieres saber más sobre esta película o sobre Spielberg en general?";Spielberg;;"The director of the classic thriller film ""Jaws"" (1975) is Steven Spielberg. He's a legendary filmmaker known for his suspenseful and iconic movies, and ""Jaws"" is one of his most famous works. Would you like to know more about the film or Spielberg's career?";False;False;es;en;True;True;True;Hey, wer hat Der weiße Hai gedreht?;de;True;Hé, qui a réalisé Les Dents de la mer ?;fr;True;Oye, ¿quién dirigió Tiburón?;es;True;;;;;;;conversacional;7;0.9999;0.04;True;es;nativo(prompt_es);True
Who composed Bolero?;"Bolero es una obra instrumental escrita por el compositor francés Maurice Ravel en 1928. Es considerada una de las obras más famosas y emblemáticas de la música clásica del siglo XX. La pieza es conocida por su ritmo obstinado y su melodía repetida, que van aumentando gradualmente en intensidad y energía a lo largo de su duración.

Ravel escribió Bolero como una pieza para orquesta, y originalmente se tituló ""Bolero"" en francés. La obra fue estrenada en 1928 en la Ópera de París, y desde entonces ha sido interpretada y grabada por muchos artistas y orquestas en todo el mundo.

¿Quieres saber más sobre Bolero o sobre Maurice Ravel?";Ravel;;"The famous piece ""Bolero"" was composed by Maurice Ravel, a French composer and pianist. It was first performed in 1928 and has since become one of Ravel's most popular and recognizable works.";False;False;es;en;True;True;True;Wer hat Bolero komponiert?;de;True;Qui a composé le Boléro ?;fr;True;¿Quién compuso Bolero?;unknown;True;;;;;;;factual_clasica;;0.9999;0.0377;True;es;nativo(prompt_es);True
Where is Angkor Wat located?;Angkor Wat es un complejo arqueológico ubicado en la provincia de Siem Reap, Camboya.;Cambodia;Cambodge|Camboya|Kambodscha|Cambogia|Camboja;"Angkor Wat is located in Cambodia, in the Siem Reap Province. Specifically, it's situated about 15 kilometers (9 miles) north of the town of Siem Reap, which is a popular tourist destination.

Angkor Wat is a vast temple complex that was built in the 12th century as a sacred Hindu temple, and it's considered one of the largest and most impressive archaeological sites in the world. It's a UNESCO World Heritage Site and a must-visit destination for anyone interested in history, culture, and architecture.

Would you like to know more about Angkor Wat or plan a trip there?";False;False;es;en;True;True;True;Wo befindet sich Angkor Wat?;de;True;Où se trouve Angkor Vat ?;fr;True;¿Dónde se encuentra Angkor Wat?;es;True;;;;;;;factual_aperturas;7;0.9997;0.0714;True;es;nativo(prompt_es);
Mention the author of The Hobbit.;"El autor de ""El hobbit"" es el famoso escritor británico J.R.R. Tolkien.";Tolkien;;"The author of ""The Hobbit"" is J.R.R. Tolkien.";False;False;es;en;True;True;True;Erwähne den Autor von Der Hobbit.;de;True;Mentionnez l'auteur du Hobbit.;fr;True;Menciona al autor de El hobbit.;es;True;;;;;;;imperativo;9;0.9986;0.1111;True;es;nativo(prompt_es);
Go over how rainbows form.;"Los arcoíris son fenómenos naturales hermosos y fascinantes que se forman en el cielo después de una lluvia o cuando el sol brilla a través de las gotas de agua en la atmósfera. Aquí te explico cómo se forman:

**El proceso de formación de un arcoíris**

1. **Lluvia o gotas de agua**: La formación de un arcoíris comienza con gotas de agua suspendidas en la atmósfera, normalmente después de la lluvia.
2. **Refracción de la luz**: Cuando la luz del sol entra en una gota de agua, cambia de velocidad y se desvía. Este fenómeno se llama refracción.
3. **Separación de los colores**: Cada color de la luz blanca se refracta con un ángulo ligeramente distinto (dispersión), por lo que la luz se separa en rojo, naranja, amarillo, verde, azul, añil y violeta.
4. **Reflexión dentro de la gota**: La luz se refleja en la parte posterior de la gota y vuelve a refractarse al salir.
5. **Posición del observador**: Para ver el arcoíris, el sol debe estar a tus espaldas y las gotas de agua delante de ti.

¿Te gustaría saber por qué a veces aparece un doble arcoíris?";refraction;refraccion|Brechung|rifrazione|refracao|dispersion;"What a beautiful topic! Rainbows are one of the most stunning natural wonders, and understanding how they form can be quite fascinating.

**The Science of Rainbows**

Rainbows are formed when sunlight passes through water droplets in the air. The process involves a combination of refraction, dispersion, and reflection of light. Here's a step-by-step explanation:

1. **Sunlight enters the Earth's atmosphere**: The sun emits white light, which is made up of all the colors of the visible spectrum (red, orange, yellow, green, blue, indigo, and violet).
2. **Water droplets are present in the air**: After a rain shower or near a waterfall, mist, or fog, water droplets are suspended in the air.
3. **Sunlight hits the water droplets**: When sunlight enters the water droplets, it is refracted, or bent, because light travels at different speeds in air and water.
4. **Refraction occurs**: As sunlight passes from air into the water droplet, it is refracted, or bent, and split into its individual colors. This is because each color of light has a slightly different wavelength and is refracted at a slightly different angle.
5. **Disp";False;False;es;en;True;True;True;Geh durch, wie Regenbögen entstehen.;de;True;Passez en revue la formation des arcs-en-ciel.;fr;True;Repasa cómo se forman los arcoíris.;es;True;;;;;;;imperativo_explicativo;7;0.9997;0.0184;True;es;nativo(prompt_es);True
Why do salmon swim upstream?;"Los salmones nadan río arriba por varias razones clave que están relacionadas con su ciclo de vida y su adaptación a su entorno. A continuación, se presentan algunas de las razones principales por las que los salmones realizan este desafío:

1. **Nacimiento y desarrollo**: Los alevines (los juveniles de los salmones) nacen en aguas frías y dulces de los ríos y arroyos. A medida que crecen, necesitan migrar hacia el océano para desarrollarse y madurar. Durante este proceso, se adaptan a las condiciones salinas del océano.

2. **Maduración y crecimiento**: En el océano, los salmones crecen y maduran. Durante este tiempo, se alimentan de pequeños crustáceos y otros organismos marinos. Una vez que han alcanzado un cierto tamaño y peso, comienzan a prepararse para su regreso a sus orígenes.

3. **Reproducción**: Los salmones que regresan a sus orígenes son machos y hembras que buscan encontrar el río donde nacieron para desovar: las hembras ponen sus huevos en el lecho de grava y los machos los fecundan.";spawn;fray|desov|laich|reprodu|riprodu|ponte|Geburtsgew|lieu de naissance|lugar de nacimiento|donde nacieron;"Salmon are known for their incredible upstream migration, which is a remarkable feat of endurance and determination. Here's why they swim upstream:

**Life Cycle:** Salmon are anadromous fish, which means they're born in freshwater, migrate to saltwater, and then return to freshwater to spawn. The upstream migration is a crucial part of their life cycle.

**Spawning:** Salmon swim upstream to reach their birthplace, where they were born, to spawn. They need to return to the exact spot where they were born to reproduce and lay eggs. This is a critical part of their life cycle, as it ensures the continuation of their genetic lineage.

**Reproductive Success:** By returning to their birthplace, salmon can increase their reproductive success. The upstream migration allows them to:

1. **Find a suitable spawning site**: Salmon use their sense of smell to locate a suitable spawning site, which is often a specific gravel or sand bed.
2. **Mate**: Salmon mate with other salmon in the spawning area, increasing the chances of successful reproduction.
3. **Lay eggs**: After mating, salmon lay their eggs in the gravel or sand bed, which will hatch into alevins and eventually grow into juvenile salmon.

**Upstream Migration";False;False;es;en;True;True;True;Warum schwimmen Lachse flussaufwärts?;de;True;Pourquoi les saumons remontent-ils les rivières ?;fr;True;¿Por qué los salmones nadan río arriba?;es;True;;;;;;;explicativa;6;0.9998;0.0165;True;es;nativo(prompt_es);True
Capital of Mozambique?;La capital de Mozambique es Maputo.;Maputo;;The capital of Mozambique is Maputo.;False;False;es;en;True;True;True;Hauptstadt von Mosambik?;de;True;Capitale du Mozambique ?;fr;True;¿Capital de Mozambique?;es;True;;;;;;;corta;5;0.9988;0.1034;True;es;nativo(prompt_es);
Just curious, who sang Imagine?;"La canción ""Imagine"" fue cantada por el legendario músico y compositor John Lennon. Fue lanzada en 1971 en su álbum homónimo ""Imagine"", y se convirtió en uno de sus temas más famosos y emblemáticos. La canción es una poderosa declaración de idealismo y visión, con versos como ""Imagina a toda la gente viviendo la vida en paz"", que se han convertido en un símbolo de la paz y la unidad mundial.";John Lennon;Lennon;"A classic song! ""Imagine"" was sung by the legendary John Lennon. It was released in 1971 on his album of the same name, and it's considered one of his most iconic and enduring songs. The song's message of peace, unity, and a world without conflict or division continues to inspire and resonate with people around the world.";False;False;es;en;True;True;True;Nur aus Neugier: Wer hat Imagine gesungen?;de;True;Simple curiosité : qui a chanté Imagine ?;fr;True;Solo por curiosidad, ¿quién cantó Imagine?;es;True;;;;;;;conversacional;7;0.9999;0.0295;True;es;nativo(prompt_es);True
Which is the largest country in the world by area?;El país más grande del mundo por área es Rusia.;Russia;Russie|Rusia|Russland;The largest country in the world by area is Russia, covering approximately 17.1 million square kilometers (6.6 million square miles).;False;False;es;en;True;True;True;Welches ist das größte Land der Welt nach Fläche?;de;True;Quel est le plus grand pays du monde par superficie ?;fr;True;¿Cuál es el país más grande del mundo por área?;es;True;;;;;;;factual_clasica;;0.9999;0.0541;True;es;nativo(prompt_es);
Where did the Titanic depart from?;El Titanic zarpó desde el puerto de Southampton, en Inglaterra, Reino Unido.;Southampton;;The RMS Titanic departed from Southampton, England on April 10, 1912.;False;False;es;en;True;True;True;Von wo lief die Titanic aus?;de;True;D'où le Titanic est-il parti ?;fr;True;¿Desde dónde zarpó el Titanic?;es;True;;;;;;;factual_aperturas;7;0.998;0.0968;True;es;nativo(prompt_es);
Indicate the capital of Kazakhstan.;Astana es la capital de Kazajistán.;Astana;Nur-Sultan|Nursultan;The capital of Kazakhstan is Astana (officially known as Nur-Sultan since 2019).;False;False;es;en;True;True;True;Gib die Hauptstadt Kasachstans an.;de;True;Indiquez la capitale du Kazakhstan.;fr;True;Señala la capital de Kazajistán.;es;True;;;;;;;imperativo;7;0.9996;0.069;True;es;nativo(prompt_es);
Run through why Earth has seasons.;"La Tierra tiene estaciones debido a su órbita alrededor del Sol y a la inclinación de su eje rotatorio. Aquí te explico por qué:

**La órbita de la Tierra alrededor del Sol**

La Tierra sigue una órbita elíptica alrededor del Sol, lo que significa que su distancia del Sol varía a lo largo del año. La distancia más cercana se llama perihelio y ocurre en enero, mientras que la distancia más lejana se llama afelio y ocurre en julio.

**La inclinación del eje rotatorio**

La Tierra también tiene un eje rotatorio que está inclinado en relación con su órbita alrededor del Sol. Esto significa que el eje de la Tierra no está perpendicular a su órbita, sino que está inclinado a un ángulo de aproximadamente 23,5 grados.

**La razón por la que hay estaciones**

Cuando la Tierra gira alrededor del Sol, su eje rotatorio se inclina hacia o hacia atrás";tilt;inclin|Neigung|Achse|axis;"I'd be happy to explain why Earth has seasons.

**The Main Reason: Earth's Axial Tilt**

The primary reason for Earth's seasons is its axial tilt, which is the angle between its rotational axis and the plane of its orbit around the Sun. This tilt is approximately 23.5 degrees. As Earth orbits the Sun, its tilt causes the amount of sunlight that reaches the planet's surface to vary throughout the year.

**How the Axial Tilt Affects Seasons**

Here's how the axial tilt affects the seasons:

1. **Summer**: When the Northern Hemisphere is tilted towards the Sun, it receives more direct sunlight and experiences longer days. This results in warmer temperatures and longer summers.
2. **Winter**: Conversely, when the Northern Hemisphere is tilted away from the Sun, it receives less direct sunlight and experiences shorter days. This leads to colder temperatures and shorter winters.
3. **Spring and Autumn**: As the Earth continues its orbit, the Northern Hemisphere begins to tilt towards and then away from the Sun, resulting in moderate temperatures and changing seasons.

**Other Factors that Influence Seasons**

While the axial tilt is the primary driver of seasons, other factors can influence the severity and duration of each season:

1. **Earth";False;False;es;en;True;True;True;Geh kurz durch, warum die Erde Jahreszeiten hat.;de;True;Parcourez les raisons des saisons sur Terre.;fr;True;Recorre por qué la Tierra tiene estaciones.;es;True;;;;;;;imperativo_explicativo;7;0.9999;0.0342;True;es;nativo(prompt_es);True
Why do cats land on their feet?;"Los gatos caen de pie gracias a una combinación de factores fisiológicos y anatómicos. Aquí te explico los más importantes:

1. **Reflejo de enderezamiento**: Los gatos tienen un reflejo innato, llamado reflejo de enderezamiento, que les permite girar el cuerpo en el aire para orientarse con las patas hacia el suelo. Este reflejo aparece a las pocas semanas de vida.
2. **Sistema vestibular**: El oído interno les informa en todo momento de la posición de su cabeza respecto al suelo, lo que les permite saber hacia dónde deben girar.
3. **Columna vertebral flexible**: Los gatos tienen una columna muy flexible y no tienen una clavícula rígida, por lo que pueden girar primero la parte delantera del cuerpo y luego la trasera.
4. **Uso de la cola**: La cola les ayuda a equilibrarse y a ajustar el giro durante la caída.
5. **Amortiguación**: Al tocar el suelo, flexionan las patas para absorber el impacto.

Sin embargo, esto no significa que los gatos sean inmunes a las caídas: desde alturas grandes también pueden lastimarse.";reflex;reflej|rifless;"Cats are known for their incredible ability to right themselves in mid-air and land on their feet, a phenomenon known as ""righting reflex."" This remarkable ability is made possible by a combination of their unique physiology and behavior. Here are some reasons why cats can land on their feet:

1. **Inner ear structure**: Cats have a special organ in their inner ear called the vestibular apparatus, which contains three semicircular canals filled with fluid. These canals are lined with sensory hair cells that detect changes in the cat's head position and movement. This helps the cat to maintain its balance and orientation in space.
2. **Flexible spine**: Cats have a very flexible spine, which allows them to twist and rotate their body in mid-air. This flexibility enables them to adjust their position and orientation to ensure they land on their feet.
3. **Righting reflex**: When a cat falls, its brain sends a signal to the muscles in its body to make the necessary adjustments to right itself. This reflex is triggered by the cat's inner ear and visual system, which work together to detect the direction of the fall and make the necessary corrections.
4. **Muscle control**: Cats have very strong and agile muscles in their legs, back";False;False;es;en;True;True;True;Warum landen Katzen auf den Füßen?;de;True;Pourquoi les chats retombent-ils sur leurs pattes ?;fr;True;¿Por qué los gatos caen de pie?;es;True;;;;;;;explicativa;8;0.9998;0.0157;True;es;nativo(prompt_es);True
Capital of Madagascar?;La capital de Madagascar es Antananarivo.;Antananarivo;Tananarive;The capital of Madagascar is Antananarivo (also known as Tana).;False;False;es;en;True;True;True;Hauptstadt von Madagaskar?;de;True;Capitale de Madagascar ?;fr;True;¿Capital de Madagascar?;es;True;;;;;;;corta;4;0.5;0.0833;True;es;nativo(prompt_es);True
Settle a bet: who excavated Troy?;"La respuesta es el arqueólogo alemán Heinrich Schliemann. La ciudad de Troya es un sitio arqueológico que se encuentra en la colina de Hisarlik, cerca del estrecho de los Dardanelos, en la actual Turquía, y que ha sido objeto de excavaciones desde el siglo XIX.

Las excavaciones en Troya fueron lideradas por Heinrich Schliemann, quien creía que la ciudad era la Troya de la Ilíada, la epopeya homérica. Schliemann excavó en el sitio entre 1871 y 1890 y descubrió varias capas de ocupación superpuestas, de distintas épocas.

Sin embargo, la excavación de Schliemann fue muy criticada, porque destruyó parte de las capas que buscaba. Más tarde, arqueólogos como Wilhelm Dörpfeld y Carl Blegen continuaron los trabajos en el sitio.";Schliemann;;"A famous debate!

The excavation of Troy is a bit of a complicated story, and there's no straightforward answer. However, I can give you the lowdown.

The most famous excavations of Troy were conducted by Heinrich Schliemann, a German archaeologist, in the late 19th century. Schliemann was a wealthy businessman and amateur archaeologist who was fascinated by the legend of the Trojan War. He believed that the city of Troy was the site of the epic conflict described in Homer's Iliad.

Schliemann's excavations took place from 1870 to 1873, and he uncovered several layers of ancient city, which he dated to the Late Bronze Age (around 1200 BC). He identified the site as Troy VIIa, which he believed was the city of the Trojan War.

However, Schliemann's methods were not without controversy. He was accused of being a treasure hunter, and his excavations were criticized for being hasty and lacking scientific rigor. Many of the artifacts he uncovered were later disputed as being of uncertain provenance.

In the 20th century, a team of archaeologists led by Manfred Korfmann conducted a more systematic and scientifically rigorous excavation of the site,";False;False;es;en;True;True;True;Wir haben gewettet: Wer hat Troja ausgegraben?;de;True;Pour trancher un pari : qui a fouillé Troie ?;fr;True;Para zanjar una apuesta: ¿quién excavó Troya?;es;True;;;;;;;conversacional;10;0.9999;0.0356;True;es;nativo(prompt_es);True
How many players from one team are on the field in soccer?;En el fútbol, cada equipo tiene 11 jugadores en el campo en cualquier momento.;11;onze;In soccer, each team is allowed to have 11 players on the field at a time.;False;False;es;en;True;True;True;Wie viele Spieler einer Mannschaft stehen beim Fußball auf dem Platz?;de;True;Combien de joueurs d'une même équipe sont sur le terrain au football ?;fr;True;¿Cuántos jugadores de un equipo están en el campo en el fútbol?;es;True;;;;;;;factual_clasica;;0.9999;0.0164;True;es;nativo(prompt_es);
Where are the Galapagos Islands?;Las islas Galápagos se encuentran ubicadas en el océano Pacífico, frente a la costa oeste de América del Sur, y pertenecen a Ecuador. Están situadas aproximadamente a 1.000 km al oeste de la costa ecuatoriana.;Ecuador;Equateur|Ekuador|Equador;"The Galapagos Islands are a unique and fascinating archipelago located in the Pacific Ocean, about 620 miles (1,000 km) off the coast of Ecuador.

To be more specific, the Galapagos Islands are situated:

* West of the equator
* About 1,000 km (620 miles) west of the coast of South America
* Approximately 1,000 km (620 miles) east of the coast of Central America
* Part of the Republic of Ecuador

The Galapagos Islands are an autonomous province of Ecuador, and they are known for their incredible biodiversity, including an incredible array of endemic species that can be found nowhere else on Earth.

Would you like to know more about the Galapagos Islands or plan a trip there?";False;False;es;en;True;True;True;Wo liegen die Galapagosinseln?;de;True;Où se trouvent les îles Galápagos ?;fr;True;¿Dónde están las islas Galápagos?;es;True;;;;;;;factual_aperturas;8;0.9996;0.0402;True;es;nativo(prompt_es);True
Recall who invented the radio.;La invención de la radio se atribuye a Guglielmo Marconi, un ingeniero italiano.;Marconi;Tesla|Popov;"The invention of the radio is a bit complex, as it involved the contributions of several individuals over a period of time. While it's difficult to attribute the invention of the radio to a single person, I can give you an overview of the key players involved.

The first practical wireless telegraph, which is considered the precursor to the modern radio, was invented by Guglielmo Marconi in the 1890s. Marconi, an Italian inventor and engineer, developed a system for transmitting radio signals over long distances using a combination of antennas, transmitters, and receivers.

However, the concept of wireless communication dates back to the 1830s, when James Clerk Maxwell predicted the existence of radio waves. Maxwell, a Scottish physicist, formulated a set of equations that described the behavior of electromagnetic waves, including radio waves.

In the 1860s and 1870s, other inventors, such as James Clerk Watson and Heinrich Hertz, experimented with wireless communication using electrical signals. Hertz, a German physicist, demonstrated the existence of radio waves in 1887, using a device that generated and detected radio waves.

In the 1890s, Marconi and Nikola Tesla, a Serbian-American inventor, worked on";False;False;es;en;True;True;True;Erinnere dich, wer das Radio erfunden hat.;de;True;Rappelez qui a inventé la radio.;fr;True;Recuerda quién inventó la radio.;es;True;;;;;;;imperativo;7;0.9961;0.0455;True;es;nativo(prompt_es);
Lay out why onions make us cry.;"Las cebollas son un ingrediente común en muchas recetas, pero también son conocidas por su capacidad para provocar lágrimas en muchos de nosotros. A continuación, te explico por qué las cebollas nos hacen llorar:

**La química detrás del llanto**

Las cebollas absorben azufre del suelo y lo almacenan en compuestos llamados sulfóxidos de aminoácidos. Mientras la cebolla está entera, estos compuestos están separados de una enzima llamada aliinasa.

**El mecanismo de acción**

Cuando se corta una cebolla, se rompen sus células y la aliinasa entra en contacto con los compuestos de azufre. Se forman ácidos sulfénicos, que otra enzima transforma en un gas volátil llamado óxido de tiopropanal (syn-propanotial-S-óxido). Este gas se dispersa en el aire y llega a nuestros ojos, donde irrita las terminaciones nerviosas de la córnea.

**La respuesta del ojo**

Para protegerse, las glándulas lagrimales producen lágrimas que diluyen y eliminan la sustancia irritante. Por eso lloramos al cortar cebollas.

Un consejo: enfriar la cebolla antes de cortarla o usar un cuchillo bien afilado reduce la cantidad de gas que se libera.";sulfur;sulf|sulph|soufre|azufre|Schwefel|zolfo|enxofre;"The age-old question of why onions make us cry! It's a common phenomenon that has puzzled many a cook and chef. Here's the science behind it:

**The Culprit: Syn-propanethial-S-oxide**

Onions contain a group of compounds called sulfur-containing amino acids, which are responsible for their pungent flavor and aroma. When you chop or crush an onion, you release these compounds into the air as gas. One of these compounds, syn-propanethial-S-oxide (S-oxide), is the primary culprit behind the tear-inducing effects.

**How S-oxide causes tears**

When S-oxide comes into contact with the water in your eyes, it reacts with the water to form sulfuric acid. This acid irritates the eyes, causing the lacrimal gland to release excess tears to flush out the irritant. The tears contain a protein called lysozyme, which helps to break down the S-oxide and neutralize the acid.

**The Tear-Inducing Process**

Here's a step-by-step explanation of how S-oxide causes tears:

1. **Release of S-oxide**: When you chop or crush an onion, the cells are damaged, releasing the S-";False;False;es;en;True;True;True;Leg dar, warum Zwiebeln uns zum Weinen bringen.;de;True;Exposez pourquoi les oignons nous font pleurer.;fr;True;Expón por qué las cebollas nos hacen llorar.;es;True;;;;;;;imperativo_explicativo;9;0.9999;0.0164;True;es;nativo(prompt_es);True
How do ants find food?;"Las hormigas son conocidas por su capacidad para encontrar y aprovechar fuentes de alimento en entornos variados. A continuación, te presento algunas formas en que las hormigas encuentran comida:

1. **Olfato**: Las hormigas tienen un sentido del olfato muy desarrollado, lo que les permite detectar sustancias químicas en el aire y en la superficie. Utilizan sus antenas para detectar olores a alimentos, como azúcar, proteínas y grasas.
2. **Visión**: Aunque no tienen buenos ojos, las hormigas pueden ver movimientos y cambios en la luz, lo que les ayuda a detectar presas en movimiento.
3. **Tacto**: Las hormigas utilizan sus mandíbulas y patas para sentir la textura y la consistencia de los alimentos. Pueden detectar la presencia de alimento mediante el tacto.
4. **Feromonas**: Cuando una hormiga exploradora encuentra comida, regresa al hormiguero dejando un rastro de feromonas, que son sustancias químicas que emiten una señal. Las demás hormigas siguen ese rastro hasta la fuente de alimento y lo refuerzan a su paso.";pheromones;pheromon|feromon;"Ants are incredibly skilled foragers, and their ability to find food is a remarkable example of their social organization and communication. Here's a breakdown of how ants find food:

**Communication and Trail Marking**

Ants use chemical signals, known as pheromones, to communicate with each other about food sources. When an ant finds food, it returns to its nest and deposits pheromones on the ground, creating a trail that other ants can follow. This process is called ""trail marking.""

**Trail Following**

Ants follow the pheromone trail laid down by their fellow ants. The strength of the pheromone trail depends on the quality and quantity of food, as well as the number of ants that have followed the trail. The more ants that follow the trail, the stronger the pheromone signal becomes.

**Visual Cues**

In addition to pheromones, ants also use visual cues to find food. They can recognize shapes, colors, and textures, which helps them identify potential food sources. For example, ants can recognize the shape of a sweet liquid or the color of a ripe fruit.

**Smell and Taste**

Ants also use their sense of smell and taste to find food";False;False;es;en;True;True;True;Wie finden Ameisen Futter?;de;True;Comment les fourmis trouvent-elles de la nourriture ?;fr;True;¿Cómo encuentran comida las hormigas?;es;True;;;;;;;explicativa;6;0.9998;0.0163;True;es;nativo(prompt_es);True
Capital of Namibia?;Windhoek es la capital de Namibia.;Windhoek;;The capital of Namibia is Windhoek.;False;False;es;en;True;True;True;Hauptstadt von Namibia?;de;True;Capitale de la Namibie ?;fr;True;¿Capital de Namibia?;es;True;;;;;;;corta;5;0.9372;0.0714;True;es;nativo(prompt_es);
Random thought: who founded Facebook?;Mark Zuckerberg, junto con sus compañeros de la Universidad de Harvard, Eduardo Saverin, Andrew McCollum, Dustin Moskovitz y Chris Hughes, fundó Facebook en el año 2004.;Zuckerberg;;"A random thought indeed!

Facebook was founded by Mark Zuckerberg, along with his college roommates and fellow Harvard University students Eduardo Saverin, Andrew McCollum, Dustin Moskovitz, and Chris Hughes.

The story goes that Mark Zuckerberg created a website called ""Facemash"" in 2003, which allowed users to compare the photos of two students and vote on which one was more attractive. The site became popular, but also generated controversy and was eventually shut down by the university.

Later that year, Zuckerberg was approached by Cameron and Tyler Winklevoss, who asked him to create a social networking site for Harvard students. Zuckerberg accepted the challenge and created ""Thefacebook,"" which was initially intended for Harvard students only. The site quickly gained popularity, and eventually expanded to other colleges and universities, and eventually to the general public.

The rest, as they say, is history!";False;False;es;en;True;True;True;Spontane Frage: Wer hat Facebook gegründet?;de;True;Une idée comme ça : qui a fondé Facebook ?;fr;True;Pensando al azar: ¿quién fundó Facebook?;es;True;;;;;;;conversacional;7;0.9992;0.1045;True;es;nativo(prompt_es);
What is the capital of Uganda?;La capital de Uganda es Kampala.;Kampala;;The capital of Uganda is Kampala.;False;False;es;en;True;True;True;Was ist die Hauptstadt von Uganda?;de;True;Quelle est la capitale de l'Ouganda?;fr;True;¿Cuál es la capital de Uganda?;es;True;;;;;;;factual_clasica;;0.9071;0.1154;True;es;nativo(prompt_es);
Where is Table Mountain?;"La Montaña de la Mesa es un lugar emblemático ubicado en el Parque Nacional de la Montaña de la Mesa, en Ciudad del Cabo, Sudáfrica.

Se encuentra en el extremo suroeste del país y domina la ciudad con su cima plana, que le da su nombre. La montaña tiene una altitud de aproximadamente 1.085 metros sobre el nivel del mar y a menudo está cubierta por una capa de nubes conocida como ""el mantel"".

La Montaña de la Mesa es conocida por su belleza natural y su rica biodiversidad, y es un destino popular para los amantes de la naturaleza y los senderistas. En su cima, a la que también se puede subir en teleférico, se puede disfrutar de vistas panorámicas impresionantes de la ciudad y del océano.";Cape Town;Le Cap|Ciudad del Cabo|Kapstadt|Citta del Capo|Cidade do Cabo|au Cap|du Cap;Table Mountain is located in Cape Town, South Africa. It's a flat-topped mountain that rises over 1,086 meters (3,563 feet) above sea level and is one of the city's most iconic landmarks.;False;False;es;en;True;True;True;Wo liegt der Tafelberg?;de;True;Où se trouve la montagne de la Table ?;fr;True;¿Dónde está la Montaña de la Mesa?;es;True;;;;;;;factual_aperturas;5;0.9999;0.0364;True;es;nativo(prompt_es);True
Pin down the capital of Kosovo.;Pristina es la capital de Kosovo.;Pristina;Prishtina|Prichtina;The capital of Kosovo is Pristina.;False;False;es;en;True;True;True;Bestimme die Hauptstadt des Kosovo.;de;True;Déterminez la capitale du Kosovo.;fr;True;Precisa la capital de Kosovo.;es;True;;;;;;;imperativo;7;0.0002;0.08;False;es;nativo(prompt_es);True
Account for how bees make honey.;"La producción de miel por las abejas es un proceso fascinante y complejo. Aquí te explico los pasos clave:

**Preparación**

Las abejas trabajan en colonias, y cada una tiene un papel específico en la producción de miel. Las abejas que se encargan de la recolección de néctar se llaman ""pecoreadoras"", mientras que las que se encargan de procesarlo dentro de la colmena son las obreras más jóvenes.

**Recolección de néctar**

Las abejas pecoreadoras salen de la colmena en busca de néctar, que es un líquido dulce y rico en azúcar producido por las flores. Lo succionan con su lengua (probóscide) y lo almacenan en su buche melario, una bolsa especial en su cuerpo.

**Regreso a la colmena**

Una vez que han recogido suficiente néctar, regresan a la colmena y lo pasan de boca en boca a otras obreras. Durante este proceso, las enzimas de las abejas transforman los azúcares del néctar en azúcares más simples.

**Evaporación**

Las obreras depositan el néctar en las celdas de cera y lo abanican con sus alas para evaporar el agua. Cuando la miel está lo bastante espesa, sellan la celda con una capa de cera.";nectar;Nektar|nettare;"The sweet process of honey production! Bees collect nectar from flowers and transform it into honey through a fascinating process of regurgitation, evaporation, and enzymatic activity. Here's a step-by-step explanation of how bees make honey:

**Step 1: Nectar Collection**

Bees visit flowers in search of nectar, a sweet, energy-rich liquid secreted by plants to attract pollinators. They use their long, tube-shaped tongues (proboscis) to extract nectar from the flower's nectaries.

**Step 2: Enzyme Addition**

As they collect nectar, bees also add an enzyme called invertase to the liquid. Invertase breaks down the complex sugars in nectar into simpler ones, making it easier for the bees to digest and store.

**Step 3: Return to the Hive**

Once a bee's honey stomach (a special part of their digestive system specifically designed for honey production) is full of nectar, it flies back to the hive. It will regurgitate the nectar and share it with other bees in the hive.

**Step 4: Regurgitation and Evaporation**

The regurgitated nectar is stored in cells within the honeycomb";False;False;es;en;True;True;True;Begründe, wie Bienen Honig herstellen.;de;True;Rendez compte de la façon dont les abeilles font le miel.;fr;True;Da cuenta de cómo las abejas hacen miel.;es;True;;;;;;;imperativo_explicativo;7;0.9999;0.0176;True;es;nativo(prompt_es);True
How do fireflies glow?;"Las luciérnagas brillan gracias a un proceso biológico llamado bioluminiscencia. Esta capacidad se encuentra en muchos animales, pero es especialmente característica de las luciérnagas.

Aquí te explico cómo funciona:

**La química detrás de la bioluminiscencia**

Las luciérnagas contienen una sustancia química llamada luciferina, que reacciona con un enzima llamada luciferasa. En presencia de oxígeno y ATP, la luciferasa oxida la luciferina, y esta reacción química libera energía en forma de luz. Las luciérnagas usan esta luz sobre todo para atraer pareja.

**El proceso de bioluminiscencia**

Aquí hay los pasos clave del proceso:

1. **La luciérnaga produce una sustancia química**: La luciérnaga produce luciferina, que se encuentra en sus tejidos.
2. **La luciérnaga activa la luciferasa**: La luciérnaga activa la luciferasa, que es una enzima que cataliza la reacción química.
3. **La reacción química**: En el órgano luminoso del abdomen, la luciferina reacciona con el oxígeno y se produce luz fría, casi sin calor. La luciérnaga controla los destellos regulando la entrada de oxígeno.";bioluminescence;biolumin|luciferin;"Fireflies, also known as lightning bugs, have a unique ability to produce their own light, a process called bioluminescence. This is made possible by a chemical reaction that occurs within their bodies.

Here's a simplified explanation of how fireflies glow:

1. **Light-producing organs**: Fireflies have specialized light-producing organs in their abdomens, which contain a chemical called luciferin. This chemical reacts with oxygen to produce light.
2. **Luciferase enzyme**: The luciferin reacts with an enzyme called luciferase, which catalyzes the chemical reaction. This reaction is similar to a chemical reaction that occurs in the human body, where oxygen is converted into energy.
3. **Light emission**: When the luciferin reacts with oxygen, it releases energy in the form of light. This light is emitted through a process called chemiluminescence, where the energy is released as photons.
4. **Color and pattern**: The color and pattern of the light emitted by fireflies depend on the type of luciferin and luciferase used by the firefly. Different species of fireflies can produce different colors, such as yellow, green, or blue.
5. **Flash pattern**: Fireflies use";False;False;es;en;True;True;True;Wie leuchten Glühwürmchen?;de;True;Comment les lucioles brillent-elles ?;fr;True;¿Cómo brillan las luciérnagas?;es;True;;;;;;;explicativa;6;0.9996;0.019;True;es;nativo(prompt_es);True
Capital of Botswana?;Gaborone es la capital de Botsuana.;Gaborone;;The capital of Botswana is Gaborone.;False;False;es;en;True;True;True;Hauptstadt von Botswana?;de;True;Capitale du Botswana ?;fr;True;¿Capital de Botsuana?;es;True;;;;;;;corta;5;0.9086;0.069;True;es;nativo(prompt_es);
Trivia time: first female UK prime minister?;La respuesta es Margaret Thatcher, quien fue la primera mujer en ocupar el cargo de Primer Ministro del Reino Unido, desde el 4 de mayo de 1979 hasta el 28 de noviembre de 1990.;Thatcher;;That would be Margaret Thatcher! She was the first female Prime Minister of the United Kingdom, serving from 1979 to 1990.;False;False;es;en;True;True;True;Quizzeit: erste Premierministerin Großbritanniens?;de;True;Question culture : première femme Premier ministre britannique ?;fr;True;Hora de trivia: ¿primera mujer al frente del gobierno británico?;es;True;;;;;;;conversacional;9;0.9999;0.0508;True;es;nativo(prompt_es);True
Which planet has the Great Red Spot?;La Gran Mancha Roja se encuentra en el planeta Júpiter.;Jupiter;Giove;The Great Red Spot is a persistent anticyclonic storm on the planet Jupiter. It's a massive storm that has been raging for centuries, and it's one of the most distinctive features of Jupiter's atmosphere.;False;False;es;en;True;True;True;Welcher Planet hat den Großen Roten Fleck?;de;True;Quelle planète possède la Grande Tache rouge ?;fr;True;¿Qué planeta tiene la Gran Mancha Roja?;es;True;;;;;;;factual_clasica;;0.9998;0.1111;True;es;nativo(prompt_es);True
When did the Byzantine Empire fall?;El Imperio Bizantino, también conocido como el Imperio de los Romanos de Oriente, cayó en el año 1453, cuando la ciudad de Constantinopla, su capital, fue conquistada por el Imperio Otomano.;1453;;"The Byzantine Empire, also known as the Eastern Roman Empire, fell in 1453 AD. It was the continuation of the Roman Empire in the east, and its capital was Constantinople (modern-day Istanbul, Turkey).

The fall of Constantinople was a result of a long and complex series of events, including the Ottoman Empire's conquest of the city. The Ottoman Empire, led by Mehmed II, laid siege to the city in 1453 and breached its walls on May 29, 1453. The Byzantine Emperor, Constantine XI, was killed in the battle, and the city fell to the Ottomans.

The fall of Constantinople marked the end of the Byzantine Empire and the end of the Roman Empire in its entirety. It also marked the beginning of the Ottoman Empire's expansion into Eastern Europe and the Middle East.

Here's a brief timeline of the key events leading to the fall of Constantinople:

* 1204: The Fourth Crusade captures Constantinople, marking the beginning of the Latin Empire.
* 1261: The Byzantine Empire is restored, but it is weakened by internal conflicts and external pressures.
* 1326: The Ottoman Empire begins to expand into the Balkans.
*";False;False;es;en;True;True;True;Wann fiel das Byzantinische Reich?;de;True;Quand l'Empire byzantin est-il tombé ?;fr;True;¿Cuándo cayó el Imperio bizantino?;es;True;;;;;;;factual_aperturas;8;0.9999;0.06;True;es;nativo(prompt_es);
Track down the creator of Gulliver.;"Jonathan Swift, un escritor y satirista irlandés, es el creador de la novela ""Los viajes de Gulliver"". Publicada por primera vez en 1726, esta obra es considerada una de las más importantes y influyentes de la literatura inglesa.

**Resumen de la novela**

La historia sigue las aventuras de Lemuel Gulliver, un cirujano de barco inglés que realiza varios viajes por mar. Sin embargo, sus viajes no son tan convencionales como los de un marinero común. Gulliver llega a tierras desconocidas habitadas por pueblos extraños, cada uno más absurdo y satírico que el anterior.

**Personajes principales**

* Lemuel Gulliver: El protagonista de la novela, un cirujano de barco inglés que naufraga y llega a lugares desconocidos.
* Los liliputienses: Los habitantes de Lilliput, un país de personas diminutas que viven en una sociedad compleja y llena de rivalidades absurdas.
* Los gigantes de Brobdingnag: Un pueblo de gigantes que trata a Gulliver como una curiosidad.
* Los Houyhnhnms: Unos caballos racionales y sabios que gobiernan su tierra, en contraste con los salvajes yahoos.";Jonathan Swift;Swift;"The creator of Gulliver is none other than the renowned English author and satirist, Jonathan Swift (1667-1745).

Jonathan Swift was a prominent figure in 18th-century English literature, and his most famous work is undoubtedly ""Gulliver's Travels"" (1726). The novel is a satirical masterpiece that follows the adventures of Lemuel Gulliver, a ship's surgeon who embarks on four fantastical voyages to various imaginary lands.

Swift's inspiration for ""Gulliver's Travels"" is believed to have come from his own experiences as a writer and his observations of the politics, society, and culture of his time. The novel is a clever blend of fantasy, satire, and social commentary, and its enduring popularity is a testament to Swift's genius.

Swift's other notable works include ""A Modest Proposal"" (1729), ""A Tale of a Tub"" (1704), and ""The Battle of the Books"" (1704). He is widely regarded as one of the greatest writers in the English language, and his works continue to be studied, admired, and enjoyed by readers around the world.

Would you like to know more about Jonathan Swift or ""Gulliver's";False;False;es;en;True;True;True;Spür den Schöpfer von Gulliver auf.;de;True;Retrouvez le créateur de Gulliver.;fr;True;Rastrea al creador de Gulliver.;es;True;;;;;;;imperativo;9;0.9996;0.0357;True;es;nativo(prompt_es);True
Shed light on why metals conduct electricity.;"**¿Qué es la conducción de electricidad?**

La conducción de electricidad se refiere al proceso por el cual un material permite que la electricidad fluya a través de él. En otras palabras, es la capacidad de un material para transmitir corrientes eléctricas.

**¿Por qué los metales conducen la electricidad?**

Los metales tienen una estructura atómica única que les permite conducir la electricidad de manera eficiente. A continuación, te presento los motivos clave por los cuales los metales son excelentes conductores de electricidad:

1. **Estructura atómica**: Los metales tienen una estructura atómica que se caracteriza por un ""mar"" de electrones libres que no están ligados a ningún átomo y se mueven por toda la red de iones metálicos. Estos electrones libres son los responsables de la conducción de la electricidad.
2. **Movimiento de electrones**: Cuando se aplica una tensión eléctrica a un metal, los electrones libres comienzan a desplazarse en una misma dirección, y ese flujo de electrones es la corriente eléctrica.";electrons;lectron|lettron|letron|lektron;"I'd be happy to shed light on why metals conduct electricity.

**The Key to Conductivity: Free Electrons**

Metals are excellent conductors of electricity because they have a unique property called ""free electrons."" These free electrons are not tightly bound to the atoms of the metal, but rather are able to move freely within the metal lattice.

In a metal, the atoms are arranged in a lattice structure, with each atom bonded to its neighbors through strong covalent bonds. However, some of these atoms have an extra electron, which is not tightly bound to the atom. This extra electron is called a ""free electron"" or ""electron in the conduction band.""

**The Role of Free Electrons in Conductivity**

Free electrons play a crucial role in the conductivity of metals. When a metal is placed in an electric field, the free electrons are able to move freely within the metal lattice. This movement of electrons is known as ""drift current.""

As the free electrons move through the metal, they carry electrical charge with them. The movement of these electrons creates an electric current, which is the flow of electrons through a conductor.

**Why Metals are Good Conductors**

Metals are good conductors of electricity because of the following reasons";False;False;es;en;True;True;True;Beleuchte, warum Metalle Strom leiten.;de;True;Éclairez pourquoi les métaux conduisent l'électricité.;fr;True;Arroja luz sobre por qué los metales conducen la electricidad.;es;True;;;;;;;imperativo_explicativo;9;0.9998;0.0159;True;es;nativo(prompt_es);True
How do humpback whales communicate?;"Las ballenas jorobadas, también conocidas como yubartas, son conocidas por su capacidad para comunicarse entre sí a través de una serie de vocalizaciones y comportamientos. Aunque no tienen un sistema de comunicación verbal como los humanos, han sido observadas utilizando diferentes sonidos y señales para interactuar entre sí. Aquí te presento algunos de los métodos que utilizan para comunicarse:

1. **Cantos**: Los machos producen largos cantos formados por secuencias de sonidos que se repiten en patrones. Pueden durar más de veinte minutos y escucharse a muchos kilómetros de distancia. Se cree que sirven para atraer a las hembras durante la época de reproducción.
2. **Vocalizaciones sociales**: Además de los cantos, emiten gruñidos, gemidos y chasquidos para mantenerse en contacto con otras ballenas, por ejemplo entre una madre y su cría.
3. **Señales físicas**: Los saltos fuera del agua, los golpes con las aletas pectorales y con la cola sobre la superficie producen ruidos fuertes que también pueden transmitir mensajes a otras ballenas.";songs;chant|canto|canti|Gesang|song|melod;"Humpback whales are known for their complex and fascinating communication system. They use a variety of clicks, whistles, and moans to convey information and express emotions. Here are some ways humpback whales communicate:

1. **Songs**: Humpback whales are famous for their hauntingly beautiful songs, which can last up to 20 minutes and are repeated for hours. These songs are thought to be used for mating, territorial defense, and social bonding. Each whale has its own unique song, and they can recognize individual songs from other whales.
2. **Clicks**: Humpback whales use clicks to navigate and locate prey in their surroundings. They also use clicks to communicate with each other, particularly during feeding and social interactions.
3. **Whistles**: Humpback whales produce a range of whistles, from high-pitched squeaks to low-pitched moans. These whistles are used for contact calls, alarm calls, and even for expressing emotions like excitement or curiosity.
4. **Moans**: Humpback whales produce low-frequency moans, often described as a low-pitched ""oom"" or ""ahh."" These moans are thought to be used for long-distance communication, particularly between mothers and calves";False;False;es;en;True;True;True;Wie kommunizieren Buckelwale?;de;True;Comment les baleines à bosse communiquent-elles ?;fr;True;¿Cómo se comunican las ballenas jorobadas?;es;True;;;;;;;explicativa;8;0.9998;0.0131;True;es;nativo(prompt_es);True
Capital of Zambia?;La capital de Zambia es Lusaka.;Lusaka;;The capital of Zambia is Lusaka.;False;False;es;en;True;True;True;Hauptstadt von Sambia?;de;True;Capitale de la Zambie ?;fr;True;¿Capital de Zambia?;es;True;;;;;;;corta;4;0.9983;0.12;True;es;nativo(prompt_es);
I forgot, who first summited Everest?;"Fue Tenzing Norgay, un montañista nepalí, y Sir Edmund Hillary, un montañista y explorador neozelandés, quienes fueron los primeros en alcanzar la cima del Monte Everest el 29 de mayo de 1953. La expedición fue liderada por John Hunt, un explorador británico.

El logro de Tenzing y Hillary fue un gran hito en la historia del montañismo y la exploración. Su ascenso al Everest fue un éxito gracias a su habilidad, su determinación y su trabajo en equipo.

Es importante destacar que, aunque Tenzing y Hillary fueron los primeros en alcanzar la cima del Everest, hubo otras expediciones que habían intentado alcanzar el pico antes que ellos, pero sin éxito.";Hillary;Norgay|Tenzing;"A great question about a historic achievement!

The first people to reach the summit of Mount Everest were Tenzing Norgay, a Nepali Sherpa mountaineer, and Sir Edmund Hillary, a New Zealand mountaineer and explorer. They successfully reached the summit on May 29, 1953, as part of a British expedition led by John Hunt.

Tenzing and Hillary's achievement was a groundbreaking moment in mountaineering history, and it marked the first time that humans had reached the highest point on Earth. Their successful ascent of Everest was a remarkable feat that required months of preparation, hard work, and determination.

Would you like to know more about Tenzing and Hillary's expedition or the history of Everest?";False;False;es;en;True;True;True;Ich hab's vergessen: Wer bestieg als Erster den Everest?;de;True;J'ai oublié, qui a gravi l'Everest en premier ?;fr;True;Se me olvidó, ¿quién coronó primero el Everest?;es;True;;;;;;;conversacional;9;0.9999;0.0344;True;es;nativo(prompt_es);True
What is the capital of Cuba?;La capital de Cuba es La Habana.;Havana;Havane|Habana|Havanna|Avana;The capital of Cuba is Havana.;False;False;es;en;True;True;True;Was ist die Hauptstadt von Kuba?;de;True;Quelle est la capitale de Cuba?;fr;True;¿Cuál es la capital de Cuba?;es;True;;;;;;;factual_clasica;;0.9735;0.16;True;es;nativo(prompt_es);
When was the Battle of Hastings?;La batalla de Hastings se llevó a cabo el 14 de octubre de 1066. Fue un enfrentamiento clave en la historia de Inglaterra, en el que las fuerzas normandas, lideradas por Guillermo el Conquistador, derrotaron a las fuerzas anglosajonas, lideradas por Harold Godwinson, el rey de Inglaterra. Esta victoria permitió a Guillermo el Conquistador ser coronado como rey de Inglaterra, marcando el comienzo de la dinastía normanda en el país.;1066;;The Battle of Hastings took place on October 14, 1066. It was a pivotal battle in English history, fought between the army of King Harold II of England and the army of William, Duke of Normandy, also known as William the Conqueror. The battle resulted in the defeat of King Harold and the Norman victory, leading to the Norman Conquest of England.;False;False;es;en;True;True;True;Wann war die Schlacht bei Hastings?;de;True;Quand a eu lieu la bataille d'Hastings ?;fr;True;¿Cuándo fue la batalla de Hastings?;es;True;;;;;;;factual_aperturas;7;0.9996;0.0371;True;es;nativo(prompt_es);
Dig up who founded the Boy Scouts.;Los Boy Scouts fueron fundados por Robert Baden-Powell en 1908.;Baden-Powell;Baden Powell;"The Boy Scouts were founded by Robert Baden-Powell, a British army officer and adventurer. He created the organization in 1908, and the first Scout troop was formed in London, England.

Baden-Powell was born on February 22, 1857, in London, England. He served in the British army for 33 years, including time in Africa and India, where he developed his interest in scouting and outdoor skills.

In 1907, Baden-Powell published a book called ""Scouting for Boys,"" which outlined his ideas for a youth organization that would teach boys outdoor skills, teamwork, and character development. The book was a huge success, and it inspired the formation of the Boy Scouts Association in England.

The Boy Scouts of America (BSA) was founded in 1910, and it was modeled after the British organization. Today, the Boy Scouts of America is one of the largest youth organizations in the United States, with over 2 million members.

Robert Baden-Powell is still remembered as the founder of the Boy Scouts, and his legacy continues to inspire young people around the world to develop their outdoor skills, build character, and become leaders in their communities.";False;False;es;en;True;True;True;Find heraus, wer die Pfadfinder gründete.;de;True;Dénichez qui a fondé le scoutisme.;fr;True;Averigua quién fundó los Boy Scouts.;es;True;;;;;;;imperativo;8;0.9997;0.1395;True;es;nativo(prompt_es);True
Demystify what causes thunder.;"El trueno es un fenómeno atmosférico que puede ser un poco intimidante, pero su causa es bastante explicable.

**¿Qué es un trueno?**

Un trueno es el sonido producido por un rayo, la descarga eléctrica que se produce en el cielo durante una tormenta. Como la luz viaja mucho más rápido que el sonido, primero vemos el relámpago y después escuchamos el trueno.

**¿Qué causa el trueno?**

El rayo calienta el aire que atraviesa hasta unos 30.000 °C en una fracción de segundo. Ese aire se expande de forma explosiva y genera una onda de choque que oímos como trueno.

Aquí hay los pasos que llevan a la formación de un trueno:

1. **Formación de nubes**: En las nubes de tormenta, el agua se condensa en gotas y cristales de hielo.
2. **Acumulación de electricidad**: Los choques entre cristales de hielo y granizo separan las cargas: la parte superior de la nube se carga positivamente y la inferior, negativamente.
3. **Descarga eléctrica**: Cuando la diferencia de carga es muy grande, se produce el rayo.
4. **Expansión del aire**: El calentamiento súbito del aire provoca la onda sonora del trueno.";lightning;eclair|foudre|relampago|rayo|Blitz|fulmine|lampo|raio;"Thunder is a fascinating phenomenon that's often shrouded in mystery. Let me break it down for you:

**What causes thunder?**

Thunder is the sound that accompanies lightning. It's created when lightning heats the air around it to incredibly high temperatures, causing the air to expand rapidly and create a shockwave. This shockwave travels through the air as a pressure wave, which we perceive as sound.

**The process:**

Here's a step-by-step explanation of how thunder is formed:

1. **Lightning strikes**: A lightning bolt strikes the ground or another object, heating the air around it to temperatures of up to 50,000°C (90,000°F). This is hotter than the surface of the sun!
2. **Air expansion**: The rapid heating of the air causes it to expand rapidly, creating a region of low pressure near the lightning strike.
3. **Shockwave formation**: As the air expands, it creates a shockwave that travels through the air at the speed of sound (approximately 343 meters per second or 768 miles per hour at sea level).
4. **Pressure wave**: The shockwave compresses and then expands the air molecules, creating a pressure wave that travels through the air.
5.";False;False;es;en;True;True;True;Entmystifiziere, was Donner verursacht.;de;True;Démystifiez ce qui provoque le tonnerre.;fr;True;Desmitifica qué causa el trueno.;es;True;;;;;;;imperativo_explicativo;7;0.9998;0.0198;True;es;nativo(prompt_es);True
Where does chocolate come from?;"El chocolate es un alimento que se originó en Mesoamérica, específicamente en las regiones que hoy corresponden a México, Guatemala, Belice, Honduras y El Salvador. Allí, los antiguos mayas y aztecas cultivaban cacao, el árbol del que se obtiene el chocolate, y lo utilizaban en rituales y como moneda.

Se cree que el cacao fue domesticado hace más de 5.000 años en la alta Amazonía, en el actual Ecuador, y que desde allí llegó a Mesoamérica. Los mayas y aztecas lo consideraban un alimento de lujo y lo utilizaban para hacer bebidas y alimentos, como el xocoatl, que era una bebida caliente hecha con cacao, agua y otros ingredientes.

Con el tiempo, el chocolate se extendió por toda América Latina y luego por el mundo, donde se convirtió en un alimento popular y versátil. Hoy en día, el chocolate se cultiva en muchos países y se utiliza en una variedad de productos, desde barras de chocolate hasta postres y bebidas.

¿Te gustaría saber más sobre la historia del chocolate?";cocoa;cacao|Kakao|cacau;"Chocolate has a rich and fascinating history that spans over 3,000 years. Here's a brief overview:

**The Origins of Chocolate**

Chocolate originated from the cacao tree (Theobroma cacao), which is native to the tropical regions of Central and South America. The ancient civilizations of Mesoamerica, including the Olmec, Maya, and Aztecs, revered the cacao tree as a sacred plant and considered cacao beans (the seeds of the tree) to be a valuable commodity.

**The Aztecs and Mayans**

The Aztecs and Mayans used cacao beans as a form of currency, and they also made a bitter drink from the beans, which they called xocoatl. This drink was considered a luxury item and was often served at special occasions, such as ceremonies and feasts.

**Spanish Conquest and the Spread of Chocolate**

In the 16th century, Spanish conquistador Hernán Cortés arrived in Mexico and discovered the use of cacao beans. He took some beans back to Spain, where they were used to create a sweeter version of the drink, which became popular among the wealthy and aristocratic classes.

**European Colonization and the Development of Chocolate**";False;False;es;en;True;True;True;Woher kommt Schokolade?;de;True;D'où vient le chocolat ?;fr;True;¿De dónde viene el chocolate?;es;True;;;;;;;explicativa;6;0.9999;0.0259;True;es;nativo(prompt_es);True
Capital of Rwanda?;La capital de Ruanda es Kigali.;Kigali;;The capital of Rwanda is Kigali.;False;False;es;en;True;True;True;Hauptstadt von Ruanda?;de;True;Capitale du Rwanda ?;fr;True;¿Capital de Ruanda?;es;True;;;;;;;corta;4;0.6881;0.12;True;es;nativo(prompt_es);
Out of curiosity, who played Jack Sparrow?;"El personaje de Jack Sparrow en la saga de películas ""Piratas del Caribe"" (Pirates of the Caribbean) fue interpretado por el actor estadounidense Johnny Depp. Depp se convirtió en sinónimo del personaje y su interpretación es ampliamente considerada como una de las mejores actuaciones de su carrera.";Johnny Depp;Depp;"A question about a legendary character!

The iconic role of Captain Jack Sparrow was played by the talented Johnny Depp in the Pirates of the Caribbean film series. Depp's portrayal of the charismatic, eccentric, and unpredictable pirate captain has become synonymous with the character, and he received widespread critical acclaim for his performance.";False;False;es;en;True;True;True;Aus Neugier: Wer spielte Jack Sparrow?;de;True;Par curiosité, qui a joué Jack Sparrow ?;fr;True;Por curiosidad, ¿quién interpretó a Jack Sparrow?;es;True;;;;;;;conversacional;10;0.9998;0.0421;True;es;nativo(prompt_es);True
Which river flows through Paris?;El río que fluye a través de París es el Sena.;Seine;Sena;The Seine River flows through Paris, the capital city of France.;False;False;es;en;True;True;True;Welcher Fluss fließt durch Paris?;de;True;Quel fleuve traverse Paris ?;fr;True;¿Cuál es el río que fluye a través de París?;es;True;;;;;;;factual_clasica;;0.9998;0.0857;True;es;nativo(prompt_es);
When did Hurricane Katrina hit New Orleans?;El huracán Katrina azotó a Nueva Orleans el 29 de agosto de 2005. Este desastre natural fue uno de los más devastadores de la historia de Estados Unidos, causando más de 1.800 muertes y dejando a miles de personas sin hogar.;2005;;Hurricane Katrina made landfall in Louisiana on August 29, 2005. It was a devastating Category 3 hurricane that caused catastrophic damage and flooding in New Orleans, particularly in the city's low-lying areas. The storm surge from the hurricane caused the levees to fail, resulting in widespread flooding and displacement of thousands of people.;False;False;es;en;True;True;True;Wann traf Hurrikan Katrina New Orleans?;de;True;Quand l'ouragan Katrina a-t-il frappé La Nouvelle-Orléans ?;fr;True;¿Cuándo azotó el huracán Katrina a Nueva Orleans?;es;True;;;;;;;factual_aperturas;8;0.9998;0.0412;True;es;nativo(prompt_es);
Pinpoint where the Mona Lisa hangs.;La Mona Lisa se encuentra en el Museo del Louvre, en París, Francia.;Louvre;;The Mona Lisa is one of the most famous paintings in the world, and it hangs in the Louvre Museum in Paris, France. Specifically, it is displayed in the Denon Wing of the museum, in a special protective case to preserve the painting for future generations.;False;False;es;en;True;True;True;Bestimme genau, wo die Mona Lisa hängt.;de;True;Situez l'endroit où est accrochée la Joconde.;fr;True;Ubica dónde cuelga la Mona Lisa.;es;True;;;;;;;imperativo;8;0.9997;0.1321;True;es;nativo(prompt_es);
Elucidate what causes the auroras.;"Las auroras son fenómenos naturales que ocurren cuando partículas cargadas del sol interactúan con la atmósfera terrestre. A continuación, te explico los detalles científicos detrás de estas hermosas manifestaciones del cielo:

**¿Qué causa las auroras?**

Las auroras se producen cuando partículas cargadas, como electrones y protones, emitidas por el sol llegan a la Tierra. Estas partículas viajan por el espacio en un flujo continuo llamado viento solar, que se intensifica durante las erupciones solares y las eyecciones de masa coronal.

**El papel de la magnetosfera terrestre**

El campo magnético de la Tierra, la magnetosfera, desvía la mayor parte del viento solar, pero canaliza parte de esas partículas hacia las regiones polares. Por eso las auroras se ven sobre todo cerca de los polos: aurora boreal en el norte y aurora austral en el sur.

**¿Por qué brillan?**

Cuando estas partículas chocan con los átomos de oxígeno y nitrógeno de la atmósfera superior, los excitan, y al volver a su estado normal estos átomos emiten luz. El oxígeno produce los tonos verdes y rojos, y el nitrógeno, los azulados y violetas.";solar wind;vent solaire|viento solar|vento solare|vento solar|Sonnenwind|particules solaires|particulas solares|particelle solari|geladene Teilchen;"The breathtaking auroras! Also known as the Northern or Southern Lights, these natural light displays are a wonder of the natural world. So, what causes them?

**The Science Behind Auroras**

Auroras are caused by charged particles from the sun interacting with the Earth's magnetic field and atmosphere. Here's a step-by-step explanation:

1. **Solar Wind**: The sun emits a stream of charged particles, known as the solar wind, which includes electrons and protons. These particles are accelerated to high speeds by the sun's magnetic field.
2. **Magnetic Field**: When the solar wind reaches the Earth, it interacts with our planet's magnetic field. The magnetic field acts as a shield, deflecting the charged particles towards the poles.
3. **Atmospheric Interaction**: At the poles, the solar wind particles collide with the Earth's atmosphere, specifically with atoms and molecules of gases such as oxygen, nitrogen, and helium.
4. **Excitation and Ionization**: The collisions excite and ionize the atmospheric atoms and molecules, causing them to become energized and emit light. This process is known as excitation and ionization.
5. **Light Emission**: As the energized atoms and molecules return to their";False;False;es;en;True;True;True;Verdeutliche, was Polarlichter verursacht.;de;True;Élucidez ce qui provoque les aurores.;fr;True;Dilucida qué causa las auroras.;es;True;;;;;;;imperativo_explicativo;9;0.9995;0.0141;True;es;nativo(prompt_es);True
How is tofu made?;"El tofu es un alimento muy versátil y saludable que se obtiene a partir de la coagulación de la leche de soja. Aquí te explico los pasos generales para hacer tofu:

**Ingredientes:**

* 250 gramos de granos de soja secos
* Agua
* 1 cucharadita de nigari (cloruro de magnesio) o sulfato de calcio como coagulante

**Preparación:**

1. **Remojar la soja**: Deja los granos de soja en remojo en agua durante 8 a 12 horas.
2. **Moler**: Tritura los granos remojados con agua fresca hasta obtener una pasta líquida.
3. **Hervir y filtrar**: Calienta la mezcla a fuego medio durante unos 10 minutos y luego cuélala con un paño para separar la leche de soja de la pulpa (okara).
4. **Coagulación**: Disuelve el coagulante en un poco de agua y agrégalo a la leche de soja caliente. Revuelve suavemente y deja reposar hasta que se formen cuajos.
5. **Prensado**: Pasa los cuajos a un molde forrado con tela y presiónalos durante 15 a 20 minutos para eliminar el suero.

¡Y listo! Ya tienes tofu casero.";soybeans;soja|soia|soya;"Tofu is made from soybeans and is a great source of protein for vegetarians and vegans. Here's a step-by-step overview of the tofu-making process:

**Traditional Method:**

1. **Soaking and Grinding**: Soybeans are soaked in water to rehydrate them, then ground into a fine paste using a grinder or food processor.
2. **Mixing with Water**: The soybean paste is mixed with water to create a milky liquid called soy milk.
3. **Coagulation**: A coagulant, such as calcium sulfate or magnesium chloride, is added to the soy milk to curdle it. The coagulant causes the soy milk to separate into curds and whey.
4. **Curds and Whey**: The mixture is left to sit for a period of time, allowing the curds to firm up and the whey to separate.
5. **Pressing**: The curds are pressed to remove excess liquid and to give the tofu its desired texture. This is done using a cheesecloth or a tofu mold.
6. **Shaping**: The tofu is then shaped into its desired form, such as a block, cube, or sheet.
7. **Rinsing";False;False;es;en;True;True;True;Wie wird Tofu hergestellt?;de;True;Comment fabrique-t-on le tofu ?;fr;True;¿Cómo se hace el tofu?;es;True;;;;;;;explicativa;5;0.9997;0.0208;True;es;nativo(prompt_es);True
Capital of Angola?;La capital de Angola es Luanda.;Luanda;;The capital of Angola is Luanda.;False;False;es;en;True;True;True;Hauptstadt von Angola?;de;True;Capitale de l'Angola ?;fr;True;¿Capital de Angola?;es;True;;;;;;;corta;4;0.5206;0.12;True;es;nativo(prompt_es);
Hmm, who directed Titanic?;"El director del icónico film ""Titanic"" (1997) fue James Cameron. Es un director de cine canadiense conocido por sus películas épicas y emocionales, y ""Titanic"" es considerada una de sus obras maestras. La película ganó 11 premios Óscar, incluyendo el de Mejor Película, y se convirtió en una de las películas más taquilleras de la historia.";James Cameron;Cameron;"The film ""Titanic"" (1997) was directed by James Cameron.";False;False;es;en;True;True;True;Hmm, wer hat Titanic gedreht?;de;True;Hum, qui a réalisé Titanic ?;fr;True;Mmm, ¿quién dirigió Titanic?;es;True;;;;;;;conversacional;6;0.9999;0.0393;True;es;nativo(prompt_es);True
Which desert is the largest cold desert on Earth?;El desierto frío más grande de la Tierra es el desierto de la Antártida.;Antarctic;Antarctique|Antartid|Antarktis|Antartic;The largest cold desert on Earth is the Antarctic Desert.;False;False;es;en;True;True;True;Welche Wüste ist die größte Kältewüste der Erde?;de;True;Quel désert est le plus grand désert froid de la Terre ?;fr;True;¿Cuál es el desierto frío más grande de la Tierra?;es;True;;;;;;;factual_clasica;;0.9999;0.051;True;es;nativo(prompt_es);True
When did the Golden Gate Bridge open?;El puente Golden Gate es un puente colgante que cruza el estrecho del Golden Gate, en San Francisco, California, Estados Unidos. Fue inaugurado el 27 de mayo de 1937.;1937;;The Golden Gate Bridge in San Francisco, California, opened on May 28, 1937.;False;False;es;en;True;True;True;Wann wurde die Golden Gate Bridge eröffnet?;de;True;Quand le pont du Golden Gate a-t-il ouvert ?;fr;True;¿Cuándo se inauguró el puente Golden Gate?;es;True;;;;;;;factual_aperturas;8;0.9999;0.0769;True;es;nativo(prompt_es);True
Locate the country of the Great Sphinx.;El país donde se encuentra la Gran Esfinge es Egipto.;Egypt;Egypte|Egipto|Agypten|Egitto|Egito;The Great Sphinx of Giza is located in Egypt.;False;False;es;en;True;True;True;Finde das Land der Großen Sphinx.;de;True;Localisez le pays du Grand Sphinx.;fr;True;Localiza el país de la Gran Esfinge.;es;True;;;;;;;imperativo;9;0.9999;0.093;True;es;nativo(prompt_es);
Spell out why cut apples turn brown.;"A continuación, te explico por qué las manzanas cortadas se ponen marrones de manera detallada:

**Paso 1: Reacción enzimática**

Cuando se corta una manzana, se rompen las células de la pulpa y esta queda expuesta al oxígeno del aire. Dentro de la pulpa, hay enzimas llamadas polifenol oxidasas (PPO). Estas enzimas son responsables de la oxidación de los compuestos fenólicos presentes en la manzana.

**Paso 2: Oxidación de los compuestos fenólicos**

Cuando las enzimas PPO se activan, comienzan a oxidar los compuestos fenólicos presentes en la manzana, como la epicatequina y la quercetina. Esta oxidación produce la formación de compuestos más estables y colorantes, como la melanina.

**Paso 3: Formación de melanina**

La melanina es un pigmento negro que se forma a partir de la oxidación de los compuestos fenólicos. La melanina se deposita en la superficie cortada y le da a la manzana su color marrón.";oxidation;oxida|oxyda|ossida;"Here's the explanation:

C-U-T A-P-P-L-E-S T-U-R-N B-R-O-W-N

C - Contain an enzyme called polyphenol oxidase (PPO)
U - Undergoes oxidation when exposed to oxygen
T - Tends to react with oxygen in the air
A - Activated by the presence of water
P - Produces a brown pigment called melanin
P - Polyphenol oxidase breaks down the apple's cell walls
L - Leads to the formation of a brown color
E - Enzyme continues to break down the apple's cellular structure
S - Speeds up the browning process
T - Time and exposure to oxygen accelerate the reaction
U - Undergoes enzymatic browning
R - Reaction is irreversible
N - No stopping the browning process once it starts
B - Browning is a natural process
R - Reaction occurs due to the presence of oxygen
O - Oxidation is the primary cause
W - Water and oxygen accelerate the reaction
N - No way to completely stop the browning process

That's why cut apples turn brown!";False;False;es;en;True;True;True;Erkläre genau, warum angeschnittene Äpfel braun werden.;de;True;Explicitez pourquoi les pommes coupées brunissent.;fr;True;Detalla paso a paso por qué las manzanas cortadas se ponen marrones.;es;True;;;;;;;imperativo_explicativo;8;0.9997;0.0314;True;es;nativo(prompt_es);True
How does wine get its alcohol?;"El alcohol en el vino se obtiene a través de la fermentación, un proceso en el que las levaduras convierten los azúcares presentes en la uva en alcohol.

Aquí te explico los pasos generales de la fermentación en la producción de vino:

1. **Vendimia y recepción de las uvas**: Las uvas se recolectan y se llevan a la bodega, donde se lavan y se eliminan las hojas y los tallos.
2. **Maceración**: Las uvas se dejan en contacto con la piel para extraer los colores, los aromas y los compuestos químicos que dan al vino su sabor y su color. Esto se llama maceración.
3. **Preparación del mosto**: El mosto, que es el jugo de las uvas, se separa de la piel y se transfiere a tanques de fermentación.
4. **Fermentación primaria**: Las levaduras, ya presentes en la piel de la uva o añadidas por el enólogo, comienzan a convertir los azúcares del mosto en alcohol y dióxido de carbono.";fermentation;ferment|Garung;"Wine gets its alcohol from the fermentation process. Here's a simplified explanation:

**The Basics**

Wine is made from grapes, which contain a natural yeast called Saccharomyces cerevisiae (also known as baker's yeast). This yeast feeds on the sugars present in the grape juice, converting them into ethanol (the type of alcohol found in wine).

**The Fermentation Process**

When grapes are crushed and released from their skins, the juice is extracted and transferred to a fermentation tank. The juice is then mixed with yeast, which is added to the tank to initiate fermentation.

During fermentation, the yeast consumes the sugars present in the grape juice, converting them into ethanol and carbon dioxide. This process is called glycolysis. The yeast uses the sugars as a food source, producing ethanol and carbon dioxide as byproducts.

**The Role of Yeast**

The yeast plays a crucial role in the fermentation process. It's responsible for converting the sugars into ethanol, which is the primary component of wine. The yeast's activity is influenced by factors such as:

* Temperature: Yeast ferments best within a specific temperature range (usually between 15°C and 25°C).
* Sugar concentration: Yeast feeds on sugars, so the";False;False;es;en;True;True;True;Wie kommt der Alkohol in den Wein?;de;True;D'où le vin tire-t-il son alcool ?;fr;True;¿Cómo obtiene el vino su alcohol?;es;True;;;;;;;explicativa;7;0.9999;0.0166;True;es;nativo(prompt_es);True
Capital of Somalia?;La capital de Somalia es Mogadiscio.;Mogadishu;Mogadiscio|Mogadischu;The capital of Somalia is Mogadishu.;False;False;es;en;True;True;True;Hauptstadt von Somalia?;de;True;Capitale de la Somalie ?;fr;True;¿Capital de Somalia?;es;True;;;;;;;corta;4;0.9802;0.1;True;es;nativo(prompt_es);
Real quick: who created Harry Potter?;"La serie de libros ""Harry Potter"" fue creada por el famoso autor británico J.K. Rowling (Joanne Kathleen Rowling). Nació el 31 de julio de 1965 en Yate, Gloucestershire, Inglaterra.

Rowling es conocida por su imaginación y habilidad para crear mundos mágicos y personajes memorables, lo que la ha convertido en una de las autoras más populares y exitosas de la historia. La primera entrega de la serie, ""Harry Potter y la piedra filosofal"", fue publicada en 1997 y desde entonces se han publicado seis libros más en la serie.

¿Quieres saber más sobre la serie o sobre J.K. Rowling?";Rowling;;"The magical world of Harry Potter was created by the brilliant British author, J.K. Rowling. She wrote the first book, ""Harry Potter and the Philosopher's Stone"" (published as ""Harry Potter and the Sorcerer's Stone"" in the United States), which was released in 1997. The series went on to become a global phenomenon, with seven books, movies, and a vast, devoted fan base.";False;False;es;en;True;True;True;Ganz kurz: Wer hat Harry Potter erschaffen?;de;True;Vite fait : qui a créé Harry Potter ?;fr;True;Rapidito: ¿quién creó Harry Potter?;es;True;;;;;;;conversacional;8;0.9999;0.0481;True;es;nativo(prompt_es);True
How many chromosomes are in a typical human cell?;En una célula humana típica, hay 46 cromosomas.;46;quarante-six;"In a typical human cell, there are 46 chromosomes. This is a diploid number, meaning that the cell has two sets of chromosomes, one inherited from each parent.

To be more specific, a human cell typically has:

* 23 chromosomes from the mother (XX)
* 23 chromosomes from the father (XY)

These 46 chromosomes are arranged into 23 pairs, with each pair consisting of a homologous pair of chromosomes that carry the same genes but have different versions (alleles) of those genes.

It's worth noting that some cells in the human body, such as red blood cells, have only 22 chromosomes (a condition known as aneuploidy). However, the 46-chromosome number is typical for most human cells.";False;False;es;en;True;True;True;Wie viele Chromosomen befinden sich in einer typischen menschlichen Zelle?;de;True;Quel est le nombre de chromosomes dans une cellule humaine typique?;fr;True;¿Cuántos cromosomas hay en una célula humana típica?;es;True;;;;;;;factual_clasica;;0.9994;0.0278;True;es;nativo(prompt_es);
When was Pompeii buried?;Pompeya quedó sepultada el 24 de agosto del año 79 d.C.;79;;Pompeii was buried under volcanic ash and pumice in 79 AD, during the eruption of Mount Vesuvius. The eruption occurred on August 24, 79 AD, and it caught the inhabitants of Pompeii by surprise, burying the city under a thick layer of volcanic debris. The city was abandoned and remained buried for over 1,700 years, until its rediscovery in the 18th century.;False;False;es;en;True;True;True;Wann wurde Pompeji verschüttet?;de;True;Quand Pompéi a-t-elle été ensevelie ?;fr;True;¿Cuándo quedó sepultada Pompeya?;es;True;;;;;;;factual_aperturas;6;0.9998;0.0513;True;es;nativo(prompt_es);
Report the boiling point of water in Fahrenheit.;El punto de ebullición del agua es de 212 grados Fahrenheit.;212;;The boiling point of water is 212 degrees Fahrenheit (°F).;False;False;es;en;True;True;True;Gib den Siedepunkt von Wasser in Fahrenheit an.;de;True;Donnez le point d'ébullition de l'eau en Fahrenheit.;fr;True;Informa el punto de ebullición del agua en grados Fahrenheit.;es;True;;;;;;;imperativo;9;0.9998;0.0435;True;es;nativo(prompt_es);
Cover why iron rusts.;"El hierro se oxida debido a una reacción química que ocurre cuando el hierro entra en contacto con el oxígeno del aire. Esta reacción es conocida como oxidación.

El hierro es un metal que se encuentra en la forma de hierro puro (Fe) o en combinación con otros elementos, como el carbono (acero). Sin embargo, cuando el hierro se expone al aire, el oxígeno del aire reacciona con el hierro para formar óxido de hierro(II) (FeO) u óxido de hierro(III) (Fe2O3), dependiendo de las condiciones específicas.

La reacción química es la siguiente:

4Fe (hierro puro) + 3O2 (oxígeno del aire) → 2Fe2O3 (óxido de hierro(III))

En este proceso, el hierro pierde electrones y se convierte en un compuesto con un estado oxidado más alto. La humedad acelera mucho esta reacción: en presencia de agua se forma óxido de hierro(III) hidratado, que es el óxido rojizo y quebradizo que conocemos como herrumbre.";oxygen;oxyg|oxig|ossig|Sauerstoff;"Rust is a common phenomenon that occurs when iron or its alloys, such as steel, come into contact with oxygen and moisture. Here's a detailed explanation of why iron rusts:

**The Rusting Process:**

Iron rusts through a chemical reaction called oxidation, which involves the transfer of electrons from one substance to another. In the case of iron, the reaction occurs when iron comes into contact with oxygen and moisture.

**The Key Players:**

1. **Iron (Fe):** The metal that rusts.
2. **Oxygen (O2):** The oxidizing agent that reacts with iron.
3. **Water (H2O):** The moisture that facilitates the reaction.
4. **Acidic Environment:** The presence of acidic substances, such as carbon dioxide, sulfur dioxide, or saltwater, can accelerate the rusting process.

**The Rusting Reaction:**

When iron comes into contact with oxygen and moisture, the following reaction occurs:

Fe (iron) + O2 (oxygen) + H2O (water) → Fe2O3 (iron oxide, also known as rust)

In this reaction, iron reacts with oxygen to form iron oxide, which is a reddish-brown substance that";False;False;es;en;True;True;True;Behandle, warum Eisen rostet.;de;True;Traitez la question de la rouille du fer.;fr;True;Trata por qué el hierro se oxida.;es;True;;;;;;;imperativo_explicativo;6;0.9998;0.048;True;es;nativo(prompt_es);True
How is butter made?;"Hacer mantequilla es un proceso sencillo que consiste en batir la nata (la crema de la leche) hasta que la grasa se separa del líquido. Aquí te explico los pasos generales para hacer mantequilla:

**Materiales necesarios:**

* Nata para montar o crema de leche (con al menos un 35 % de grasa)
* Sal (opcional)
* Un tazón grande y limpio
* Un batidor o batidora eléctrica
* Un colador o una gasa
* Agua muy fría

**Proceso de fabricación:**

1. **Batido**: Vierte la nata en el tazón y bátela a velocidad media. Primero se convertirá en nata montada.
2. **Separación**: Sigue batiendo hasta que los glóbulos de grasa se unan en grumos amarillos y se separe un líquido blanco, el suero de mantequilla.
3. **Colado**: Cuela la mezcla para retirar el suero.
4. **Lavado**: Lava la mantequilla con agua muy fría y amásala para eliminar el suero restante, así durará más tiempo.
5. **Salado**: Si lo deseas, agrega una pizca de sal y mezcla bien.

¡Y listo! Guarda tu mantequilla en el refrigerador.";cream;creme|nata|Sahne|panna|baratt|churn;"Butter making is a fascinating process that involves transforming cream into a delicious and versatile spread. Here's a step-by-step guide on how butter is made:

**Traditional Butter Making Process:**

1. **Cream Collection**: Fresh cream is collected from cows, goats, or sheep. The cream is typically around 35-40% fat content.
2. **Cream Churning**: The cream is poured into a churn, which can be a traditional wooden churn or a modern electric churning machine. The churning process breaks down the fat molecules in the cream, causing them to clump together.
3. **Churning**: The cream is churned until the fat molecules start to separate from the liquid (buttermilk). This process can take anywhere from 10-30 minutes, depending on the type of cream and the churning method.
4. **Butter Formation**: As the churning continues, the fat molecules continue to clump together, forming larger and larger clumps. These clumps are the beginnings of butter.
5. **Butter Washing**: The churned cream is then washed with cold water to remove any remaining buttermilk. This process is called ""washing"" the butter.
6. **Rinsing**: The";False;False;es;en;True;True;True;Wie wird Butter hergestellt?;de;True;Comment fabrique-t-on le beurre ?;fr;True;¿Cómo se hace la mantequilla?;es;True;;;;;;;explicativa;5;0.9995;0.0245;True;es;nativo(prompt_es);True
Capital of Bhutan?;La capital de Bután es Thimphu.;Thimphu;Thimpu;The capital of Bhutan is Thimphu.;False;False;es;en;True;True;True;Hauptstadt von Bhutan?;de;True;Capitale du Bhoutan ?;fr;True;¿Capital de Bután?;es;True;;;;;;;corta;5;0.999;0.12;True;es;nativo(prompt_es);
Okay, who runs SpaceX?;"SpaceX es una empresa de tecnología privada fundada por Elon Musk en 2002. La empresa tiene como objetivo reducir el costo de acceso al espacio y hacer que la vida en Marte sea factible.

En cuanto a la dirección de SpaceX, actualmente, la empresa está liderada por:

* Elon Musk (CEO y CTO): Es el fundador, presidente y CEO de SpaceX. Musk es también el CEO de Tesla, Inc. y fue cofundador de PayPal.
* Gwynne Shotwell (presidenta y COO): Es la presidenta y directora de operaciones de SpaceX, y se encarga de la gestión diaria de la empresa.

Sin embargo, es importante destacar que Elon Musk es el principal impulsor y visionario detrás de SpaceX, y su liderazgo y compromiso con la empresa han sido clave para su éxito.

¿Quieres saber más sobre SpaceX o sus proyectos?";Elon Musk;Musk;"SpaceX is a private aerospace manufacturer and space transport services company founded by Elon Musk in 2002. Elon Musk is the CEO, CTO, and lead designer of the company. He is also the founder of other companies such as Tesla, Neuralink, and The Boring Company.

Under Musk's leadership, SpaceX has become a leading player in the private space industry, with numerous achievements and milestones, including:

* Developing the Falcon 9 and Falcon Heavy rockets
* Launching the Dragon spacecraft to the International Space Station (ISS)
* Landing reusable rockets
* Launching the first privately funded liquid-fueled rocket to orbit
* Developing the Starlink satellite constellation
* Launching the Crew Dragon spacecraft to the ISS

Musk is known for his ambitious goals and vision for humanity's future in space, and SpaceX has become a driving force in the development of space technology and exploration.

Would you like to know more about SpaceX or Elon Musk?";False;False;es;en;True;True;True;Okay, wer leitet SpaceX?;de;True;Bon, qui dirige SpaceX ?;fr;True;Vale, ¿quién dirige SpaceX?;es;True;;;;;;;conversacional;6;0.9998;0.0838;True;es;nativo(prompt_es);True
What is the chemical formula for ammonia?;La fórmula química del amoníaco es NH3.;NH3;;The chemical formula for ammonia is NH3.;False;False;es;en;True;True;True;Was ist die chemische Formel von Ammoniak?;de;True;Quelle est la formule chimique de l'ammoniac?;fr;True;¿Cuál es la fórmula química de amoníaco?;es;True;;;;;;;factual_clasica;;0.9984;0.0968;True;es;nativo(prompt_es);
When did the California Gold Rush begin?;"La fiebre del oro de California, también conocida como la ""fiebre del oro"", fue un fenómeno histórico que se produjo en el año 1848, cuando se descubrió oro en el río Americano, en el territorio que hoy es el estado de California, Estados Unidos.

El 24 de enero de 1848, un hombre llamado James W. Marshall, que construía un aserradero en Coloma, California, descubrió un trozo de oro en el río Americano. Este descubrimiento desencadenó una oleada de emoción y expectativa en todo el país, ya que se creía que el oro era abundante en California y que cualquier persona que lo encontrara podría enriquecerse rápidamente.

La noticia del descubrimiento se difundió rápidamente y, en poco tiempo, miles de personas se mudaron a California en busca de oro. La fiebre del oro de California duró varios años, hasta 1855, y se estima que entre 300.000 y 400.000 personas se mudaron a California en busca de oro durante este período.";1848;1849;"The California Gold Rush began on January 24, 1848, when James W. Marshall, a carpenter and sawmill operator, discovered gold at Sutter's Mill in Coloma, California. This event triggered a mass migration of people to California, which led to a significant increase in the population and economic growth of the region.

However, it's worth noting that the gold rush didn't start immediately after Marshall's discovery. News of the find took several months to spread, and it wasn't until 1849 that the gold rush really got underway, with thousands of people arriving in California in search of gold.

Would you like to know more about the California Gold Rush or its impact on the region?";False;False;es;en;True;True;True;Wann begann der kalifornische Goldrausch?;de;True;Quand la ruée vers l'or en Californie a-t-elle commencé ?;fr;True;¿Cuándo empezó la fiebre del oro de California?;es;True;;;;;;;factual_aperturas;8;0.9998;0.0279;True;es;nativo(prompt_es);True
Cite the year the Bastille was stormed.;La toma de la Bastilla ocurrió el 14 de julio de 1789.;1789;;The Bastille was stormed on July 14, 1789.;False;False;es;en;True;True;True;Nenne das Jahr des Sturms auf die Bastille.;de;True;Citez l'année de la prise de la Bastille.;fr;True;Cita el año de la toma de la Bastilla.;es;True;;;;;;;imperativo;10;0.9981;0.0556;True;es;nativo(prompt_es);
Decode why volcanoes erupt.;"Una erupción volcánica es un proceso complejo que involucra la interacción de varios factores geológicos y termodinámicos. A continuación, te explico los principales motivos por los que un volcán puede entrar en erupción:

1. **Movimiento de placas tectónicas**: Los volcanes se encuentran en áreas de actividad tectónica, donde las placas de la corteza terrestre se mueven y se encuentran. Cuando dos placas se cierran o se separan, se puede producir un aumento en la presión y la temperatura en el interior del volcán, lo que puede llevar a una erupción.
2. **Acumulación de magma**: El magma es roca fundida que se forma en el interior de la Tierra. Cuando el magma se acumula en un volcán, puede aumentar la presión y la temperatura, lo que puede llevar a una erupción.
3. **Gases disueltos**: El magma contiene gases como vapor de agua y dióxido de carbono. Al subir hacia la superficie, la presión disminuye, los gases se expanden y empujan el magma hacia afuera, provocando la erupción.";magma;;"Volcanoes erupt due to a combination of geological processes that build up pressure and lead to the release of magma, gases, and other materials from the Earth's interior. Here's a simplified explanation:

**The Main Players:**

1. **Magma**: Molten rock beneath the Earth's surface, typically composed of molten minerals, gases, and volatiles (such as water vapor and carbon dioxide).
2. **Plate Tectonics**: The movement of the Earth's lithosphere (the outermost solid layer) is driven by convection currents in the Earth's mantle. This movement can cause stress and pressure buildup.
3. **Gas Content**: Volatiles in the magma, such as water vapor and carbon dioxide, can increase the pressure and make the magma more buoyant.

**The Eruption Process:**

1. **Magma Accumulation**: Magma accumulates in a chamber beneath the volcano, often due to the movement of tectonic plates or the injection of magma from deeper in the Earth's mantle.
2. **Pressure Buildup**: As the magma chamber fills with magma, the pressure increases. This pressure can be exacerbated by the buildup of gases, such as carbon dioxide and sulfur dioxide, which are";False;False;es;en;True;True;True;Entschlüssle, warum Vulkane ausbrechen.;de;True;Décodez pourquoi les volcans entrent en éruption.;fr;True;Decodifica por qué entran en erupción los volcanes.;es;True;;;;;;;imperativo_explicativo;6;0.9998;0.0182;True;es;nativo(prompt_es);True
Why does vinegar taste sour?;"El vinagre es un líquido que se obtiene a partir de una doble fermentación: primero, las levaduras convierten los azúcares de la fruta en alcohol (como en el vino), y luego unas bacterias llamadas acetobacterias convierten ese alcohol en ácido acético, que es el compuesto responsable del sabor ácido característico del vinagre. También se puede producir a partir de otras fuentes de azúcar, como la caña de azúcar, la manzana o el arroz.

El ácido acético es un ácido débil que, en las concentraciones del vinagre (alrededor del 4 al 8 %), no es tóxico y se utiliza comúnmente como conservante en la industria alimentaria. Al disolverse en el agua, libera iones de hidrógeno, que son los que nuestras papilas gustativas detectan como sabor ácido. Además, le da al vinagre su olor característico.

El proceso que produce el vinagre necesita oxígeno: las bacterias acéticas trabajan en la superficie del líquido, donde forman una película gelatinosa conocida como ""madre del vinagre"".";acetic acid;aceti|Essigs;"Vinegar tastes sour because of its high concentration of acetic acid, which is a type of organic acid. Acetic acid is a weak organic acid that is produced by the fermentation of ethanol (the type of alcohol found in wine, beer, and other fermented beverages) by microorganisms such as bacteria and yeast.

When these microorganisms break down the ethanol, they produce acetic acid as a byproduct. The concentration of acetic acid in vinegar can vary depending on the type of vinegar, the method of production, and the aging process.

The sour taste of vinegar is caused by the way that acetic acid interacts with the taste buds on your tongue. Acetic acid is a polar molecule, which means that it has a slightly positive charge on one end and a slightly negative charge on the other end. This polarity allows acetic acid to bind to the taste receptors on your tongue, which are responsible for detecting sour tastes.

When acetic acid binds to the taste receptors, it triggers a signal that is sent to your brain, which interprets the signal as a sour taste. The more concentrated the acetic acid, the more intense the sour taste.

There are many types of vinegar, each with its own unique flavor profile and acidity level";False;False;es;en;True;True;True;Warum schmeckt Essig sauer?;de;True;Pourquoi le vinaigre a-t-il un goût acide ?;fr;True;¿Por qué el vinagre sabe ácido?;es;True;;;;;;;explicativa;6;0.9998;0.0083;True;es;nativo(prompt_es);True
Capital of North Korea?;Pyongyang es la capital de Corea del Norte.;Pyongyang;Pjongjang|Piongyang|Pyong-yang;Pyongyang is the capital of North Korea.;False;False;es;en;True;True;True;Hauptstadt von Nordkorea?;de;True;Capitale de la Corée du Nord ?;fr;True;¿Capital de Corea del Norte?;es;True;;;;;;;corta;5;0.9491;0.0857;True;es;nativo(prompt_es);
Hi! Who was the Greek sea god?;"El dios griego del mar era Poseidón (en griego antiguo: Ποσειδῶν, Poseidōn). Era hijo de los titanes Crono y Rea, y hermano de Zeus y Hades. Poseidón era conocido por su poder sobre el mar y sus terremotos, que eran considerados una forma de su ira o aprobación.

En la mitología griega, Poseidón era el dios del mar, los terremotos y las tormentas. Era también el dios de los caballos, y se le representaba con un tridente. Se le asociaba con la fuerza y la autoridad, y se le consideraba un dios muy poderoso.

¿Quieres saber más sobre la mitología griega o sobre Poseidón en particular?";Poseidon;Poseidone;"There were several Greek sea gods, but I'll give you a few of the most well-known ones:

1. **Poseidon**: He was the king of the gods and the god of the sea, earthquakes, and horses. He was often depicted carrying a trident, a three-pronged spear that could control the seas.
2. **Neptune**: In Roman mythology, Neptune was the equivalent of Poseidon. He was also the god of the sea and earthquakes.
3. **Nereus**: He was a sea god and the father of the Nereids, a group of sea nymphs. Nereus was often depicted as an old man with a long beard.
4. **Phorcys**: He was a sea god and the father of the sea monsters, such as the Scylla and the Charybdis.

Which one of these sea gods would you like to know more about?";False;False;es;en;True;True;True;Hallo! Wer war der griechische Meeresgott?;de;True;Salut ! Qui était le dieu grec de la mer ?;fr;True;¡Hola! ¿Quién era el dios griego del mar?;es;True;;;;;;;conversacional;9;0.9999;0.0351;True;es;nativo(prompt_es);True
In what year was the Magna Carta signed?;La Magna Carta se firmó en el año 1215.;1215;;The Magna Carta was signed in 1215. Specifically, it was signed by King John of England on June 15, 1215, at Runnymede, near Windsor Castle in England.;False;False;es;en;True;True;True;In welchem Jahr wurde die Magna Carta unterzeichnet?;de;True;En quelle année la Magna Carta a-t-elle été signée ?;fr;True;¿En qué año se firmó la Magna Carta?;unknown;True;;;;;;;factual_clasica;;0.9999;0.1154;True;es;nativo(prompt_es);
When did the Suez Canal open?;El Canal de Suez se abrió al tráfico en 1869.;1869;;The Suez Canal opened on November 17, 1869.;False;False;es;en;True;True;True;Wann wurde der Suezkanal eröffnet?;de;True;Quand le canal de Suez a-t-il ouvert ?;fr;True;¿Cuándo se abrió el canal de Suez?;es;True;;;;;;;factual_aperturas;8;0.9998;0.0968;True;es;nativo(prompt_es);
Find the capital of Argentina.;La capital de Argentina es Buenos Aires.;Buenos Aires;;The capital of Argentina is Buenos Aires.;False;False;es;en;True;True;True;Finde die Hauptstadt Argentiniens.;de;True;Trouvez la capitale de l'Argentine.;fr;True;Encuentra la capital de Argentina.;es;True;;;;;;;imperativo;6;0.9873;0.1212;True;es;nativo(prompt_es);
Unravel what causes earthquakes.;"Un terremoto es un movimiento súbito y repentino del suelo que se produce debido a la liberación repentina de energía almacenada en la corteza terrestre. Esto se debe a la movilidad de los pliegues y fallas en la corteza terrestre, que son zonas donde las placas tectónicas se mueven y se deslizan una contra la otra.

Existen varias causas que pueden desencadenar un terremoto:

1. **Movilidad de las placas tectónicas**: La corteza terrestre se divide en placas tectónicas que se mueven sobre el manto terrestre. Estas placas pueden deslizarse hacia arriba o hacia abajo, o hacia el lado, lo que puede causar tensiones y estrés en la corteza terrestre.
2. **Fallas y pliegues**: Las fallas y pliegues son zonas donde las placas tectónicas se mueven y se deslizan una contra la";tectonic;tecton|tekton|tetton|Platten|placas|plaques tectoniques;"Earthquakes are fascinating and complex natural phenomena that have captivated humans for centuries. I'd be happy to help unravel the causes of earthquakes.

**What causes earthquakes?**

Earthquakes are caused by the movement of tectonic plates in the Earth's lithosphere, which is the outermost solid layer of the planet. The lithosphere is broken into several large plates that fit together like a jigsaw puzzle. These plates are in constant motion, sliding over the more fluid asthenosphere below.

**The main causes of earthquakes:**

1. **Plate Tectonics**: The movement of tectonic plates is the primary cause of earthquakes. As plates move, they can get stuck at their boundaries, causing stress to build up. When the stress becomes too great, the plates will suddenly move, releasing the stored energy as seismic waves, which is what we feel as an earthquake.
2. **Faulting**: Faults are cracks or fractures in the Earth's crust where the tectonic plates have moved past each other. When the plates move, they can get stuck, causing the fault to rupture, releasing energy as seismic waves.
3. **Volcanic activity**: Volcanic eruptions can also cause earthquakes. As";False;False;es;en;True;True;True;Entwirre, was Erdbeben verursacht.;de;True;Démêlez ce qui provoque les tremblements de terre.;fr;True;Desentraña qué causa los terremotos.;es;True;;;;;;;imperativo_explicativo;6;0.9998;0.0148;True;es;nativo(prompt_es);True
Why does mint feel cold?;"La menta se siente fría debido a su composición química y a la forma en que interactúa con el cuerpo humano. La menta contiene un compuesto químico llamado mentol, que es responsable de buena parte de su olor y sabor característicos. Además, el mentol tiene una propiedad única que lo hace sentir frío en la boca y en la piel.

En nuestras terminaciones nerviosas hay unos receptores llamados TRPM8, que normalmente se activan cuando la temperatura baja. Cuando comemos menta, el mentol se une a estos receptores y los activa, aunque la temperatura no haya cambiado.

Como resultado, los nervios envían al cerebro la misma señal que enviarían ante el frío, y por eso sentimos una sensación refrescante. En realidad, la menta no enfría la boca: solo ""engaña"" a nuestros receptores del frío. Por eso el mentol se usa en chicles, pastas de dientes y cremas para aliviar dolores musculares.";menthol;mentol;"Mint is often associated with a cooling sensation, and there are several reasons why it might feel cold to the touch:

1. **Evaporative cooling**: Mint contains a high concentration of volatile oils, particularly menthol and menthone. When you touch mint, these oils evaporate quickly, creating a cooling sensation on your skin. This is similar to how a cold compress or a cold pack works.
2. **Menthol's cooling effect**: Menthol is a natural analgesic and anti-inflammatory compound found in mint. When it comes into contact with your skin, it binds to pain receptors, creating a cooling sensation. This is why menthol is often used in topical creams and ointments to relieve pain and itching.
3. **Temperature regulation**: Mint contains a compound called menthone, which has a lower melting point than water. When you touch mint, the menthone molecules can rapidly absorb heat from your skin, creating a cooling effect.
4. **Nerve stimulation**: The menthol in mint can also stimulate nerve endings in your skin, which can create a tingling or cooling sensation. This is similar to how some people experience a ""pins and needles"" feeling when they touch certain fabrics or textures.
5. **";False;False;es;en;True;True;True;Warum fühlt sich Minze kalt an?;de;True;Pourquoi la menthe donne-t-elle une sensation de froid ?;fr;True;¿Por qué la menta se siente fría?;es;True;;;;;;;explicativa;6;0.9999;0.0107;True;es;nativo(prompt_es);True
Capital of Taiwan?;Taipéi es la capital de Taiwán.;Taipei;Taipeh|Taipe;The capital of Taiwan is Taipei.;False;False;es;en;True;True;True;Hauptstadt von Taiwan?;de;True;Capitale de Taïwan ?;fr;True;¿Capital de Taiwán?;es;True;;;;;;;corta;4;0.987;0.08;True;es;nativo(prompt_es);
So, who was Zeus's wife?;"En la mitología griega, Zeus tenía muchas amantes, pero su esposa era la diosa Hera, reina de los dioses y diosa del matrimonio y la familia.

Hera y Zeus, que además eran hermanos, se casaron en un matrimonio celestial y tuvieron varios hijos juntos, incluyendo a Ares, Hebe, Ilitía y, según algunas versiones, Hefesto. Su relación era muy complicada, y Hera es famosa por sus celos y por perseguir a las amantes de Zeus y a los hijos que tuvo con ellas.

Es importante destacar que en la mitología griega, los dioses no se consideraban sujetos a las mismas leyes y normas que los mortales, y sus relaciones eran a menudo complejas y polémicas.";Hera;Juno;"A classic question from Greek mythology!

In Greek mythology, Zeus's wife was Hera (Ἑρα). Hera was the goddess of marriage, childbirth, and family, and she was often depicted as a powerful and maternal figure. She was also known for her jealousy and wrath, particularly towards Zeus's many lovers and children.

Hera and Zeus were married for many years, but their relationship was complicated and often tumultuous. Hera was known to be fiercely protective of her marriage and her role as queen of the gods, and she frequently clashed with Zeus's many lovers and children, including his famous offspring like Athena, Apollo, and Dionysus.

Despite their complicated relationship, Hera remained Zeus's wife and queen of the gods for many years, and she played an important role in Greek mythology and culture.";False;False;es;en;True;True;True;Also, wer war die Frau von Zeus?;de;True;Alors, qui était l'épouse de Zeus ?;fr;True;Entonces, ¿quién era la esposa de Zeus?;es;True;;;;;;;conversacional;8;0.9999;0.0227;True;es;nativo(prompt_es);True
What is the chemical symbol for magnesium?;El símbolo químico de magnesio es Mg.;Mg;;The chemical symbol for magnesium is Mg.;False;False;es;en;True;True;True;Was ist das chemische Symbol für Magnesium?;de;True;Quel est le symbole chimique du magnésium?;fr;True;¿Cuál es el símbolo químico de magnesio?;es;True;;;;;;;factual_clasica;;0.9987;0.0667;True;es;nativo(prompt_es);
When was the Hubble telescope launched?;El telescopio espacial Hubble fue lanzado el 24 de abril de 1990.;1990;;The Hubble Space Telescope was launched on April 24, 1990.;False;False;es;en;True;True;True;Wann wurde das Hubble-Teleskop gestartet?;de;True;Quand le télescope Hubble a-t-il été lancé ?;fr;True;¿Cuándo se lanzó el telescopio Hubble?;es;True;;;;;;;factual_aperturas;8;0.9998;0.0426;True;es;nativo(prompt_es);
Look up the capital of Thailand.;La capital de Tailandia es Bangkok.;Bangkok;Banguecoque;The capital of Thailand is Bangkok.;False;False;es;en;True;True;True;Schlag die Hauptstadt Thailands nach.;de;True;Cherchez la capitale de la Thaïlande.;fr;True;Busca la capital de Tailandia.;es;True;;;;;;;imperativo;7;0.9038;0.1034;True;es;nativo(prompt_es);
Fill me in on why stars twinkle.;"**¿Qué es el titileo?**

El titileo, o centelleo, es el cambio rápido de brillo y a veces de color que vemos en las estrellas cuando las observamos desde la superficie de la Tierra. La luz de la estrella en realidad es constante: el efecto se produce en el camino hasta nuestros ojos.

**¿Por qué titilan las estrellas?**

1. **Turbulencia atmosférica**: Antes de llegar a nosotros, la luz de una estrella atraviesa la atmósfera terrestre, que tiene capas de aire en movimiento con distintas temperaturas y densidades.
2. **Refracción**: Cada una de esas capas desvía la luz de forma ligeramente diferente, y como el aire se mueve constantemente, la dirección de la luz cambia muchas veces por segundo.
3. **Fuente puntual**: Las estrellas están tan lejos que se ven como un punto de luz, por lo que estos pequeños desvíos se notan mucho. Los planetas, en cambio, se ven como un pequeño disco y casi no titilan.

Por eso, desde el espacio, por ejemplo desde un telescopio en órbita, las estrellas no titilan.";atmosphere;atmos;"The twinkling of stars is a fascinating phenomenon that has captivated humans for centuries. So, let's dive into the reasons behind this twinkling effect.

**The Short Answer:**
Stars twinkle because of the way their light travels through space and is affected by the Earth's atmosphere.

**The Long Answer:**
When a star emits light, it travels through a vast distance of space, often millions or even billions of light-years. As this light travels, it encounters various obstacles, including:

1. **Gas and Dust:** The interstellar medium (ISM) is a mixture of gas and dust that fills the space between stars. This material scatters the light from the star, causing it to bend and change direction.
2. **Atmospheric Conditions:** When the light from a star reaches the Earth's atmosphere, it encounters tiny molecules of gases like nitrogen and oxygen. These molecules scatter the shorter (blue) wavelengths of light more than the longer (red) wavelengths, a phenomenon known as Rayleigh scattering.
3. **Air Turbulence:** The Earth's atmosphere is not a perfect, smooth medium. Turbulence and air currents can cause the light to be refracted (bent) and scattered in different directions, adding";False;False;es;en;True;True;True;Bring mich auf den Stand, warum Sterne funkeln.;de;True;Mettez-moi au courant de la raison pour laquelle les étoiles scintillent.;fr;True;Ponme al día sobre por qué titilan las estrellas.;es;True;;;;;;;imperativo_explicativo;9;0.9996;0.0182;True;es;nativo(prompt_es);True
Why does honey never spoil?;"La miel es un alimento muy especial y único, y hay varias razones por las que no se echa a perder con el tiempo. Aquí te presento algunas de las razones clave:

1. **Baja humedad**: La miel tiene una humedad muy baja, lo que impide que crezcan bacterias y hongos, ya que estos necesitan agua para vivir.
2. **Acidez**: La miel tiene un pH muy ácido, con un pH de entre 3 y 4,5. Esto ayuda a prevenir la formación de bacterias y otros microorganismos que podrían dañar la miel.
3. **Antioxidantes**: La miel contiene antioxidantes naturales, como los flavonoides y los ácidos fenólicos, que ayudan a protegerla contra la oxidación y la degradación.
4. **Alta concentración de azúcar**: La miel está compuesta por una mezcla de azúcares, como la glucosa y la fructosa, muy concentrados. Por ósmosis, este azúcar extrae el agua de cualquier microorganismo que entre en contacto con ella, y lo deshidrata.
5. **Peróxido de hidrógeno**: Las abejas añaden una enzima, la glucosa oxidasa, que produce pequeñas cantidades de peróxido de hidrógeno, un antiséptico natural.";sugar;sucr|azuc|Zucker|zucch|acuc|Wassergehalt|teneur en eau|contenido de agua|low water;"Honey is indeed one of the few foods that is virtually indestructible and resistant to spoilage. There are several reasons why honey never spoils:

1. **Low Water Content**: Honey is a supersaturated sugar solution that contains very little water (usually less than 18%). This low water content makes it difficult for bacteria, yeast, and mold to grow, as they require a certain level of moisture to thrive.
2. **Acidic pH**: Honey has a pH level that is slightly acidic, ranging from 3.2 to 4.5. This acidity creates an environment that is unfavorable for the growth of most microorganisms.
3. **Hydrogen Peroxide**: Honey contains small amounts of hydrogen peroxide, which is a natural antiseptic that helps to preserve the honey and prevent the growth of microorganisms.
4. **Enzymes**: Honey contains enzymes like diastase, which breaks down starches into sugars, making it difficult for microorganisms to feed on.
5. **Natural Antibiotics**: Honey contains natural antibiotics like methylglyoxal, which has been shown to have antimicrobial properties.
6. **Viscosity**: Honey's thick, viscous texture makes it difficult for microorganisms";False;False;es;en;True;True;True;Warum verdirbt Honig nie?;de;True;Pourquoi le miel ne se gâte-t-il jamais ?;fr;True;¿Por qué la miel nunca se echa a perder?;es;True;;;;;;;explicativa;6;0.9999;0.02;True;es;nativo(prompt_es);True
Capital of Uzbekistan?;La capital de Uzbekistán es Tashkent.;Tashkent;Tachkent|Taskent|Taschkent;The capital of Uzbekistan is Tashkent.;False;False;es;en;True;True;True;Hauptstadt von Usbekistan?;de;True;Capitale de l'Ouzbékistan ?;fr;True;¿Capital de Uzbekistán?;es;True;;;;;;;corta;5;0.9963;0.0968;True;es;nativo(prompt_es);
Honestly, who slew Medusa?;Según la mitología griega, Medusa fue decapitada por el héroe Perseo, con la ayuda de los dioses Atenea y Hermes.;Perseus;Persee|Perseo|Perseu;"A classic mythological question!

According to Greek mythology, Medusa was beheaded by the hero Perseus. Perseus was a demigod, the son of Zeus and a mortal woman named Danaë. He was on a quest to complete a series of tasks set by King Polydectes of Seriphos, where he was being held captive.

To behead Medusa, Perseus was given a mirrored shield by the god Athena, which allowed him to look at Medusa without being petrified by her gaze. He then approached her, looked into the mirror, and struck her on the head with a magical sword. From her severed head, the winged horse Pegasus was born, as well as the giant Chrysaor.

It's worth noting that other heroes, such as Theseus and Hercules, also claimed to have slain Medusa, but Perseus is the most widely accepted hero in Greek mythology to have accomplished this feat.";False;False;es;en;True;True;True;Ehrlich gesagt: Wer hat Medusa getötet?;de;True;Franchement, qui a tué Méduse ?;fr;True;Sinceramente, ¿quién mató a Medusa?;es;True;;;;;;;conversacional;7;0.9999;0.045;True;es;nativo(prompt_es);True
What is the capital of Colombia?;La capital de Colombia es Bogotá.;Bogota;;The capital of Colombia is Bogotá.;False;False;es;en;True;True;True;Was ist die Hauptstadt von Kolumbien?;de;True;Quelle est la capitale de la Colombie ?;fr;True;¿Cuál es la capital de Colombia?;es;True;;;;;;;factual_clasica;;0.9993;0.1111;True;es;nativo(prompt_es);
Whose diary was hidden in an Amsterdam annex?;"El diario escondido en un anexo de Ámsterdam era el de Ana Frank (Anne Frank), una niña judía alemana que se ocultó con su familia en la ""Casa de atrás"" de un edificio en Ámsterdam entre 1942 y 1944, durante la ocupación nazi de los Países Bajos.

En su diario, Ana relató la vida cotidiana en el escondite, sus miedos y sus sueños. En agosto de 1944, el grupo fue descubierto y deportado; Ana murió en el campo de concentración de Bergen-Belsen a principios de 1945.

Su padre, Otto Frank, fue el único superviviente de la familia y publicó el diario en 1947. Hoy es uno de los libros más leídos del mundo, y el edificio es el museo Casa de Ana Frank.";Anne Frank;;"I think I can help you with that!

You're probably thinking of Anne Frank's diary. Anne Frank was a young Jewish girl who lived in Amsterdam during World War II. She and her family were forced into hiding in a secret annex above her father's office building to avoid persecution by the Nazis.

Anne kept a diary throughout her time in hiding, writing about her daily life, hopes, and fears. The diary was hidden away in the annex, along with other important documents and mementos, in the hopes that it would be discovered after the war and serve as evidence of the atrocities committed during the Holocaust.

Tragically, Anne and her family were discovered by the Nazis in August 1944, and they were all deported to concentration camps. Anne died in the Bergen-Belsen camp in February 1945, just a few months before the camp was liberated by the Allies.

The diary, however, survived and was discovered by Miep Gies, one of the people who helped the Frank family while they were in hiding. It was later published and has since become one of the most famous and important books of the 20th century, serving as a powerful reminder of the horrors of the Holocaust and the importance of tolerance, compassion";False;False;es;en;True;True;True;Wessen Tagebuch war in einem Amsterdamer Hinterhaus versteckt?;de;True;Le journal de qui était caché dans une annexe d'Amsterdam ?;fr;True;¿De quién era el diario escondido en un anexo de Ámsterdam?;es;True;;;;;;;factual_aperturas;10;0.9997;0.014;True;es;nativo(prompt_es);True
Point out the tallest animal alive.;El animal vivo más alto es la jirafa.;giraffe;girafe|jirafa|giraffa|girafa;The tallest animal alive is the giraffe (Giraffa camelopardalis). On average, an adult giraffe can grow up to 14-19 feet (4.3-5.8 meters) tall, with some males reaching heights of over 20 feet (6 meters) tall!;False;False;es;en;True;True;True;Zeig mir das höchstgewachsene lebende Tier.;de;True;Désignez l'animal vivant le plus haut.;fr;True;Señala el animal vivo más alto.;es;True;;;;;;;imperativo;7;0.9999;0.0345;True;es;nativo(prompt_es);True
Interpret how a compass works.;"Una brújula es un instrumento que nos permite determinar nuestra dirección actual y nuestra posición en relación con los puntos cardinales (norte, sur, este y oeste). A continuación, te explicaré cómo funciona una brújula:

**Principio básico**

Una brújula se basa en el campo magnético de la Tierra. Nuestro planeta se comporta como un enorme imán, con un polo norte y un polo sur magnéticos, y una aguja imantada que puede girar libremente se alinea con ese campo.

**Componentes**

Una brújula típica consta de los siguientes componentes:

1. **Aguja magnética**: es un pequeño imán ligero, con un extremo marcado (normalmente en rojo) que apunta hacia el norte magnético.
2. **Pivote**: es el punto sobre el que gira la aguja con muy poca fricción.
3. **Rosa de los vientos**: es la esfera graduada que indica los puntos cardinales y los grados.
4. **Carcasa**: protege la aguja y, en muchos modelos, está llena de líquido para que la aguja se estabilice rápido.

Ten en cuenta que el norte magnético no coincide exactamente con el norte geográfico, y que los objetos metálicos o imanes cercanos pueden desviar la aguja.";magnetic;magnet|iman;"A compass is a simple yet fascinating device that has been used for navigation and orientation for centuries. Here's how it works:

**The Basic Principle**

A compass works on the principle of magnetism and the Earth's magnetic field. The Earth's core is made up of molten iron, which generates a magnetic field that surrounds the planet. This magnetic field is strong enough to interact with a compass needle, causing it to align itself with the magnetic field lines.

**The Compass Components**

A typical compass consists of:

1. **Magnetized Needle**: A small, magnetized needle (usually made of iron or a ferromagnetic material) that is free to rotate.
2. **Dial or Scale**: A circular dial or scale with markings to indicate direction (e.g., north, south, east, west).
3. **Base or Housing**: A sturdy base or housing that holds the needle and dial in place.

**How it Works**

Here's the step-by-step process:

1. **Magnetic Field Interaction**: When a compass is placed on a flat surface, the magnetized needle is free to rotate. The Earth's magnetic field interacts with the needle, causing it to align itself with the magnetic field lines.
2. **";False;False;es;en;True;True;True;Deute, wie ein Kompass funktioniert.;de;True;Interprétez le fonctionnement d'une boussole.;fr;True;Interpreta cómo funciona una brújula.;es;True;;;;;;;imperativo_explicativo;7;0.9997;0.0152;True;es;nativo(prompt_es);True
How are pickles made?;"Los encurtidos son alimentos que se han conservado mediante el proceso de encurtido, que implica el uso de ácidos naturales, como el vinagre, el limón o el ácido cítrico, para crear un ambiente ácido que inhibe el crecimiento de bacterias y otros microorganismos. A continuación, te explico los pasos generales para hacer encurtidos:

**Preparación de los ingredientes**

1. Se seleccionan los ingredientes que se van a encurtir, como verduras, frutas, pescado o carne.
2. Se limpian y se preparan los ingredientes según sea necesario.
3. Se cortan o se pican los ingredientes en trozos pequeños.

**Preparación del encurtido**

1. Se mezcla el ácido (vinagre, limón o ácido cítrico) con agua para crear una solución ácida.
2. Se agrega sal y otros ingredientes adicionales, como especias o hierbas, según sea necesario.
3. Se coloca el conjunto de ingredientes en un recipiente grande y se cubre con";brine;saumure|salmuera|Salzlake|salamoia|salmoura|vinegar|vinaigre|vinagre|Essig|aceto|Salzwasser|eau salee|agua salada|agua con sal;"Pickles are a delicious and tangy condiment made from cucumbers that have been preserved in a solution of brine, vinegar, or other acidic liquids. Here's a step-by-step guide on how pickles are typically made:

**Traditional Method:**

1. **Cucumber selection and preparation**: Fresh cucumbers are selected and washed to remove any dirt or debris. They are then sliced or whole, depending on the desired pickle type.
2. **Brine preparation**: A brine solution is created by mixing water, salt, and sometimes sugar, to create a salty liquid. The brine is designed to preserve the cucumbers and add flavor.
3. **Cucumber soaking**: The sliced or whole cucumbers are submerged in the brine solution, allowing them to soak for several hours or overnight.
4. **Fermentation**: The cucumbers are left to ferment in the brine solution, which allows natural bacteria on the cucumbers to break down the sugars and create lactic acid. This process can take anywhere from a few days to several weeks, depending on the desired level of sourness.
5. **Packing and storage**: The pickles are then packed into jars or containers, leaving";False;False;es;en;True;True;True;Wie werden saure Gurken hergestellt?;de;True;Comment fait-on les cornichons ?;fr;True;¿Cómo se hacen los encurtidos?;es;True;;;;;;;explicativa;6;0.9995;0.014;True;es;nativo(prompt_es);
Capital of Kyrgyzstan?;Bishkek es la capital de Kirguistán.;Bishkek;Bichkek|Biskek|Bischkek;The capital of Kyrgyzstan is Bishkek.;False;False;es;en;True;True;True;Hauptstadt von Kirgisistan?;de;True;Capitale du Kirghizistan ?;fr;True;¿Capital de Kirguistán?;es;True;;;;;;;corta;6;0.974;0.0667;True;es;nativo(prompt_es);
Wait, who was the Greek goddess of wisdom?;La diosa griega de la sabiduría era Atenea.;Athena;Athene|Atenea|Atena;"The Greek goddess of wisdom is Athena (Αθηνά). She was often depicted as a wise and powerful woman, wearing a helmet and carrying a shield and spear. Athena was the daughter of Zeus and Metis, and was known for her intelligence, strategic thinking, and bravery. She was also the patron goddess of the city of Athens, and was often invoked for guidance and wisdom.

Would you like to know more about Athena or Greek mythology in general?";False;False;es;en;True;True;True;Moment, wer war die griechische Göttin der Weisheit?;de;True;Attends, qui était la déesse grecque de la sagesse ?;fr;True;Espera, ¿quién era la diosa griega de la sabiduría?;es;True;;;;;;;conversacional;10;0.9977;0.0571;True;es;nativo(prompt_es);
What is the normal human body temperature in degrees Celsius?;La temperatura normal del cuerpo humano es de 37 grados Celsius.;37;;"The normal human body temperature is around 37 degrees Celsius (98.6 degrees Fahrenheit). However, it's worth noting that normal body temperature can vary slightly from person to person, and it can also fluctuate throughout the day.

In general, a normal body temperature range is considered to be between 36.5°C and 37.5°C (97.7°F and 99.5°F). Temperatures above 38°C (100.4°F) or below 35.5°C (94°F) can be considered abnormal and may indicate an underlying medical condition.";False;False;es;en;True;True;True;Was ist die normale Körpertemperatur des Menschen in Grad Celsius?;de;True;Quelle est la température normale du corps humain en degrés Celsius?;fr;True;¿Cuál es la temperatura normal del cuerpo humano en grados Celsius?;es;True;;;;;;;factual_clasica;;0.996;0.0392;True;es;nativo(prompt_es);
Whose assassination triggered World War I?;El asesinato del archiduque Francisco Fernando de Austria, heredero al trono de Austria-Hungría, desencadenó la Primera Guerra Mundial.;Franz Ferdinand;Ferdinand|Fernando|Ferdinando;The assassination that triggered World War I was the assassination of Archduke Franz Ferdinand, the heir to the throne of Austria-Hungary, on June 28, 1914, in Sarajevo, Bosnia.;False;False;es;en;True;True;True;Wessen Ermordung löste den Ersten Weltkrieg aus?;de;True;L'assassinat de qui a déclenché la Première Guerre mondiale ?;fr;True;¿El asesinato de quién desencadenó la Primera Guerra Mundial?;es;True;;;;;;;factual_aperturas;8;0.9882;0.0789;True;es;nativo(prompt_es);
Remind me who painted The Kiss.;"""El beso"" es una famosa pintura del artista austríaco Gustav Klimt, creada entre 1907 y 1908. Es una de las obras más conocidas y emblemáticas del arte moderno.";Klimt;;"A classic piece of art!

The painting ""The Kiss"" is a famous work by the Austrian artist Gustav Klimt (1862-1918). It was created between 1907 and 1908 and is considered one of Klimt's most iconic and influential works. The painting depicts a couple embracing, with their faces intertwined and their bodies wrapped in each other's arms. It's a beautiful example of Art Nouveau and Symbolism styles, and it's widely regarded as one of the most famous paintings in the world.

Would you like to know more about Gustav Klimt or ""The Kiss"" specifically?";False;False;es;en;True;True;True;Erinnere mich, wer Der Kuss gemalt hat.;de;True;Rappelez-moi qui a peint Le Baiser.;fr;True;Recuérdame quién pintó El beso.;es;True;;;;;;;imperativo;8;0.9998;0.0348;True;es;nativo(prompt_es);True
Expand on how fish breathe underwater.;"Los peces son animales fascinantes que han evolucionado para sobrevivir en entornos acuáticos, y su forma de respirar es única y diferente a la de los seres humanos y otros animales terrestres. A continuación, te explicaré cómo respiran los peces bajo el agua:

**La respiración de los peces**

La mayoría de los peces no tienen pulmones como los humanos, por lo que no respiran aire de la misma manera que nosotros. En su lugar, utilizan unos órganos llamados branquias para extraer el oxígeno disuelto en el agua.

El proceso funciona así:

1. **Entrada del agua**: El pez abre la boca y toma agua, que luego empuja hacia las branquias, a los lados de la cabeza.
2. **Filamentos branquiales**: Las branquias están formadas por filamentos muy finos, llenos de pequeños vasos sanguíneos, que ofrecen una gran superficie de contacto con el agua.
3. **Intercambio de gases**: El oxígeno disuelto en el agua pasa a la sangre a través de las paredes de los filamentos, y el dióxido de carbono pasa de la sangre al agua.
4. **Salida del agua**: El agua sale por las aberturas branquiales, protegidas en los peces óseos por una tapa llamada opérculo.";gills;branchi|branqui|Kiemen;"Fish breathing underwater is a fascinating process that's essential for their survival. Here's a detailed explanation:

**The Basics**

Fish don't have lungs like humans do, so they don't breathe air in the same way. Instead, they use a specialized respiratory system that allows them to extract oxygen from the water. This process is called ""branchial respiration.""

**The Branchial Apparatus**

The branchial apparatus is a complex system that includes the following components:

1. **Gills**: These are the primary organs responsible for exchanging oxygen and carbon dioxide between the water and the fish's bloodstream. Gills are made up of thin filaments that absorb oxygen from the water and release carbon dioxide.
2. **Branchial arches**: These are the bony structures that support the gills and provide a framework for the fish's respiratory system.
3. **Pharyngeal slits**: These are the openings through which water enters the fish's mouth and passes over the gills.

**The Breathing Process**

Here's how fish breathe underwater:

1. **Water enters the mouth**: Water enters the fish's mouth through the pharyngeal slits.
2. **Water passes over the gills**: The water then passes";False;False;es;en;True;True;True;Vertiefe, wie Fische unter Wasser atmen.;de;True;Développez la façon dont les poissons respirent sous l'eau.;fr;True;Profundiza en cómo respiran los peces bajo el agua.;es;True;;;;;;;imperativo_explicativo;7;0.9998;0.0125;True;es;nativo(prompt_es);True
What sank the Titanic?;"El Titanic fue un barco de pasajeros de gran tamaño que se hundió en el océano Atlántico el 15 de abril de 1912. La causa directa del hundimiento fue el choque con un iceberg, aunque se le sumaron otros factores, como la velocidad a la que se estaba viajando y la falta de precauciones adecuadas en la zona de hielo.

El Titanic estaba viajando a una velocidad de aproximadamente 22 nudos en una zona del Atlántico Norte donde había icebergs. A pesar de las advertencias de hielo enviadas por radio por otros barcos que habían recorrido la zona, el capitán del Titanic, Edward Smith, decidió mantener la velocidad.

Alrededor de las 23:40 horas del 14 de abril de 1912, el Titanic chocó con un iceberg. El impacto abrió varios compartimentos del casco, el barco comenzó a llenarse de agua y se hundió en menos de tres horas.";iceberg;Eisberg|glace massive|une glace|un hielo|bloque de hielo;"The sinking of the Titanic is one of the most infamous maritime disasters in history. While there were several contributing factors, the main reason for the ship's sinking was a combination of its high speed in an area known to have icebergs and a series of unfortunate events.

Here's a brief summary:

1. **Iceberg collision**: On the night of April 14, 1912, the Titanic struck an iceberg on its starboard (right) side. The collision caused significant damage to the ship's hull, but it was not immediately apparent how severe the damage was.
2. **Water flooding the compartments**: As the ship continued to move, water began to flood into the compartments that were not designed to handle the amount of water pouring in. The ship's watertight compartments were not fully watertight, and the damage from the iceberg exceeded the capacity of the compartments.
3. **Lack of lifeboats**: The Titanic had only enough lifeboats to accommodate about half of the passengers and crew on board. This was not enough to save everyone, and many people were left stranded on the sinking ship.
4. **Insufficient lookout**: The ship's lookout crew did not have access to binoculars, which would have helped";False;False;es;en;True;True;True;Was brachte die Titanic zum Sinken?;de;True;Qu'est-ce qui a coulé le Titanic ?;fr;True;¿Qué hundió el Titanic?;es;True;;;;;;;explicativa;5;0.9999;0.0214;True;es;nativo(prompt_es);True
Capital of Oman?;La capital de Omán es Mascate.;Muscat;Mascate|Maskat|Moscate;The capital of Oman is Muscat.;False;False;es;en;True;True;True;Hauptstadt von Oman?;de;True;Capitale d'Oman ?;fr;True;¿Capital de Omán?;es;True;;;;;;;corta;4;0.9989;0.125;True;es;nativo(prompt_es);
Sorry, what's the capital of the Netherlands?;La capital de los Países Bajos es Ámsterdam.;Amsterdam;Amsterdao;The capital of the Netherlands is Amsterdam.;False;False;es;en;True;True;True;Entschuldigung, was ist die Hauptstadt der Niederlande?;de;True;Pardon, quelle est la capitale des Pays-Bas ?;fr;True;Perdona, ¿cuál es la capital de los Países Bajos?;es;True;;;;;;;conversacional;10;0.9997;0.0847;True;es;nativo(prompt_es);True
What is the capital of Chile?;La capital de Chile es Santiago.;Santiago;;The capital of Chile is Santiago.;False;False;es;en;True;True;True;Was ist die Hauptstadt von Chile?;de;True;Quelle est la capitale du Chili?;fr;True;¿Cuál es la capital de Chile?;es;True;;;;;;;factual_clasica;;0.9954;0.1154;True;es;nativo(prompt_es);
Whose equations unified electricity and magnetism?;Las ecuaciones de Maxwell unificaron la electricidad y el magnetismo.;Maxwell;;James Clerk Maxwell's equations unified electricity and magnetism.;False;False;es;en;True;True;True;Wessen Gleichungen vereinten Elektrizität und Magnetismus?;de;True;Les équations de qui ont unifié l'électricité et le magnétisme ?;fr;True;¿Las ecuaciones de quién unificaron la electricidad y el magnetismo?;es;True;;;;;;;factual_aperturas;9;0.9998;0.0339;True;es;nativo(prompt_es);
Let me know the capital of Austria.;La capital de Austria es Viena.;Vienna;Vienne|Viena|Wien;The capital of Austria is Vienna (Wien in German).;False;False;es;en;True;True;True;Sag mir die Hauptstadt Österreichs.;de;True;Dites-moi la capitale de l'Autriche.;fr;True;Dime la capital de Austria.;es;True;;;;;;;imperativo;8;0.9638;0.12;True;es;nativo(prompt_es);
Examine why salt melts ice.;"La sal derrite el hielo debido a un fenómeno físico llamado ""descenso del punto de congelación"". Aquí te explico los pasos y razones detrás de este proceso:

1.  La sal (cloruro de sodio, NaCl) se compone de dos iones: el sodio (Na+) y el cloruro (Cl-). Cuando se disuelve en el agua líquida que siempre hay en la superficie del hielo, estos iones se separan y se dispersan en la solución.
2.  Las partículas disueltas dificultan que las moléculas de agua se ordenen para formar la estructura cristalina del hielo.
3.  Como resultado, el agua salada necesita una temperatura más baja para congelarse: su punto de congelación baja de 0 °C a varios grados bajo cero, según la cantidad de sal.
4.  Mientras la temperatura del ambiente esté por encima de ese nuevo punto de congelación, el hielo en contacto con la salmuera se va derritiendo, y el agua que se forma disuelve más sal y continúa el proceso.
5.  Por eso la sal funciona bien en las carreteras con heladas moderadas, pero pierde eficacia cuando hace muchísimo frío, por debajo de unos -20 °C.";freezing point;congel|Gefrier|freezing|reduire la temperature de fusion|abaisse le point|abaisser la temperature;"A great question about a fundamental process!

Salt melts ice through a process called ""freezing-point depression."" Here's a step-by-step explanation:

1. **Salt dissolves in water**: When salt (sodium chloride, NaCl) is added to water, it dissolves and breaks into its constituent ions: sodium (Na+) and chloride (Cl-).
2. **Ions disrupt hydrogen bonding**: The dissolved salt ions disrupt the hydrogen bonding between water molecules, which is the primary force holding water molecules together in a solid (ice) state. Hydrogen bonding is a weak electrostatic attraction between water molecules.
3. **Freezing-point depression**: As the salt ions disrupt the hydrogen bonding, the freezing point of the water decreases. This means that the water can now be cooled to a temperature below 0°C (32°F), which is the normal freezing point of pure water.
4. **Ice melts**: When the water is cooled to a temperature below 0°C, the hydrogen bonds between water molecules break, and the water molecules begin to move more freely. This leads to a decrease in the solid-liquid equilibrium, causing the ice to melt.
5. **Salt concentration increases**: As the ice melts, the concentration of salt";False;False;es;en;True;True;True;Untersuche, warum Salz Eis schmilzt.;de;True;Examinez pourquoi le sel fait fondre la glace.;fr;True;Examina por qué la sal derrite el hielo.;es;True;;;;;;;imperativo_explicativo;7;0.9999;0.0285;True;es;nativo(prompt_es);True
What wiped out the dinosaurs?;"La extinción de los dinosaurios es un tema que ha generado mucho debate y especulación a lo largo de los años. Aunque no hay una respuesta definitiva, la mayoría de los científicos coinciden en que la combinación de factores naturales y ambientales contribuyó a su desaparición.

**La teoría más aceptada: el impacto de un asteroide**

En 1980, un equipo de científicos liderado por Luis Alvarez y Walter Alvarez propuso que un impacto de un asteroide o cometa podría haber sido el factor principal que llevó a la extinción de los dinosaurios. Según esta teoría, un asteroide de aproximadamente 10 kilómetros de diámetro chocó con la Tierra alrededor de 65 millones de años atrás, en lo que hoy es la península de Yucatán, en México. Este impacto, conocido como el ""impacto de Chicxulub"", causó una explosión masiva que lanzó una nube de polvo y rocas en el aire, bloqueando la luz del sol y afectando la temperatura global durante años. Sin luz, las plantas dejaron de crecer y las cadenas alimentarias colapsaron, lo que provocó la extinción de los dinosaurios no avianos.";asteroid;astero|meteor;"One of the most enduring and intriguing questions in the history of life on Earth!

The extinction of the dinosaurs is still a topic of much debate and research among scientists. However, the most widely accepted theory is that a combination of factors led to their demise. Here's a summary of the most popular theory:

**The K-Pg Extinction Event**

About 65 million years ago, during a period known as the Cretaceous-Paleogene (K-Pg) boundary, a massive extinction event occurred that wiped out approximately 75% of all species on Earth, including the non-avian dinosaurs. This event marked the end of the Cretaceous period and the beginning of the Paleogene period.

**The Main Culprits:**

1. **Asteroid Impact**: A massive asteroid, estimated to be about 10 kilometers (6 miles) in diameter, collided with Earth at a location now known as the Chicxulub crater in Mexico. The impact would have caused massive earthquakes, tsunamis, and volcanic eruptions, leading to a prolonged ""impact winter.""
2. **Volcanic Eruptions**: Around the same time, massive volcanic eruptions were occurring in India, known as the Deccan Traps";False;False;es;en;True;True;True;Was löschte die Dinosaurier aus?;de;True;Qu'est-ce qui a anéanti les dinosaures ?;fr;True;¿Qué acabó con los dinosaurios?;es;True;;;;;;;explicativa;6;0.9998;0.0188;True;es;nativo(prompt_es);True
Capital of Yemen?;La capital de Yemen es Sana'a.;Sanaa;Sana'a;The capital of Yemen is Sana'a.;False;False;es;en;True;True;True;Hauptstadt des Jemen?;de;True;Capitale du Yémen ?;fr;True;¿Capital de Yemen?;es;True;;;;;;;corta;4;0.6843;0.1304;True;es;nativo(prompt_es);
Pub quiz: capital of DR Congo?;La respuesta es: Kinshasa;Kinshasa;Kinsasa|Quinxassa;The capital of the Democratic Republic of the Congo (DR Congo) is Kinshasa.;False;False;es;en;True;True;True;Kneipenquiz: Hauptstadt der DR Kongo?;de;True;Quiz au bar : capitale de la RD Congo ?;fr;True;Pregunta de bar: ¿capital de la RD del Congo?;es;True;;;;;;;conversacional;8;0.9979;0.0952;True;es;nativo(prompt_es);
What is the atomic number of hydrogen?;El número atómico del hidrógeno es 1.;1;un;The atomic number of hydrogen is 1.;False;False;es;en;True;True;True;Was ist die Atomnummer von Wasserstoff?;de;True;Quel est le numéro atomique de l'hydrogène?;fr;True;¿Cuál es el número atómico del hidrógeno?;es;True;;;;;;;factual_clasica;;0.9999;0.0385;True;es;nativo(prompt_es);True
What metal has the highest melting point?;El metal con el punto de fusión más alto es el tungsteno.;tungsten;tungstene|tungsteno|Wolfram|tungstenio;"The metal with the highest melting point is Tungsten (W), with a melting point of approximately 3422°C (6192°F) at standard pressure. Tungsten is a hard, dense, gray-white to gray-blue transition metal that is highly resistant to corrosion and has a very high melting point, making it useful in high-temperature applications such as filaments in light bulbs, rocket nozzles, and heat shields.

It's worth noting that there are some other metals that have even higher melting points under high pressure, such as Osmium (Os) and Iridium (Ir), but at standard atmospheric pressure, Tungsten is the metal with the highest melting point.";False;False;es;en;True;True;True;Welches Metall hat den höchsten Schmelzpunkt?;de;True;Quel métal a le point de fusion le plus élevé ?;fr;True;¿Qué metal tiene el punto de fusión más alto?;es;True;;;;;;;factual_aperturas;8;0.9999;0.0233;True;es;nativo(prompt_es);True
Spot the author of Frankenstein.;"El autor de la novela ""Frankenstein"" es Mary Shelley (1797-1851). Fue una escritora inglesa nacida en Londres, hija de un famoso escritor y filósofo, William Godwin, y su esposa, Mary Wollstonecraft, una de las primeras feministas de la historia.

Mary Shelley escribió ""Frankenstein"" en 1816, cuando tenía solo 18 años, y la publicó en 1818 bajo el título ""Frankenstein o el moderno Prometeo"". La novela fue un éxito inmediato y ha sido considerada una de las obras más influyentes de la literatura moderna.

¿Quieres saber más sobre la vida y obra de Mary Shelley?";Mary Shelley;Shelley;"The author of Frankenstein is... **Mary Shelley**!

Would you like to know more about Mary Shelley or Frankenstein?";False;False;es;en;True;True;True;Ermittle, wer Frankenstein geschrieben hat.;de;True;Repérez l'auteur de Frankenstein.;fr;True;Detecta quién escribió Frankenstein.;es;True;;;;;;;imperativo;7;0.9998;0.0437;True;es;nativo(prompt_es);True
Analyze why coffee keeps us awake.;"El café es una de las bebidas más consumidas en todo el mundo y su efecto estimulante es bien conocido. A continuación, te presento un análisis de por qué el café nos mantiene despiertos:

**La química detrás del efecto estimulante del café**

El café contiene una sustancia llamada cafeína, que es un estimulante del sistema nervioso central. La cafeína tiene una forma parecida a la adenosina, una molécula que se acumula en el cerebro durante el día y es responsable de hacer que nos sintamos cansados. Cuando la cafeína se une a los receptores de adenosina, bloquea su acción y permite que otras sustancias, como la dopamina y la noradrenalina, tengan un efecto estimulante en el cerebro.

**Cómo la cafeína afecta el cerebro**

La cafeína también puede aumentar la producción de dopamina y noradrenalina en el cerebro, lo que puede llevar a una sensación de bienestar y energía. Además, la cafeína puede aumentar la frecuencia cardíaca y la presión arterial, lo que puede hacer que nos sintamos más alerta y activos.";caffeine;cafeine|cafeina|Koffein|caffeina;"The beloved beverage that keeps many of us going throughout the day! Let's dive into the science behind why coffee keeps us awake.

**The Main Culprit: Caffeine**

Caffeine is the primary stimulant responsible for the alertness and energy boost associated with coffee consumption. It's a xanthine alkaloid compound found in over 60 plant species, including coffee beans. Caffeine works by interacting with the body's adenosine receptors, which regulate sleep and wakefulness.

**How Caffeine Works**

Adenosine is a neurotransmitter that promotes sleep and relaxation. When adenosine binds to its receptors, it slows down neural activity, leading to feelings of drowsiness and sleepiness. Caffeine blocks adenosine receptors, preventing adenosine from binding and reducing its sleep-promoting effects. This leads to an increase in neural activity, which is associated with increased alertness, energy, and wakefulness.

**Other Factors Contributing to Coffee's Wakefulness Effects**

While caffeine is the primary culprit, other compounds in coffee also contribute to its wakefulness effects:

1. **Theobromine**: A xanthine alkaloid similar to caffeine, theobromine also blocks adenosine";False;False;es;en;True;True;True;Analysiere, warum Kaffee uns wach hält.;de;True;Analysez pourquoi le café nous tient éveillés.;fr;True;Analiza por qué el café nos mantiene despiertos.;es;True;;;;;;;imperativo_explicativo;8;0.9999;0.0129;True;es;nativo(prompt_es);True
How did Germany unify in 1871?;"La unificación de Alemania en 1871 fue un proceso histórico complejo que involucró a varios factores políticos, económicos y militares. A continuación, te presento los pasos clave que llevaron a la unificación de Alemania en ese año:

1.  **La Revolución de 1848**: En 1848, se produjo una revolución en Alemania que buscaba la creación de un estado federal y la unificación de los diferentes estados alemanes. Sin embargo, la revolución fracasó y no logró sus objetivos.
2.  **El papel de Otto von Bismarck**: Otto von Bismarck, el canciller de Prusia, jugó un papel clave en la unificación de Alemania. Bismarck era un político astuto y realista que buscaba la expansión de Prusia y la creación de un estado alemán fuerte.
3.  **Las guerras contra Dinamarca y Austria**: Prusia venció a Dinamarca en 1864 y a Austria en 1866, lo que dejó a Prusia como la potencia dominante entre los estados alemanes.
4.  **La Guerra Franco-Prusiana**: En 1870, Bismarck provocó a Francia con el telegrama de Ems y Francia declaró la guerra a Prusia. Los estados alemanes del sur se unieron a Prusia y derrotaron a Francia.
5.  **La proclamación del Imperio**: El 18 de enero de 1871, Guillermo I de Prusia fue proclamado emperador alemán en el Salón de los Espejos de Versalles.";Bismarck;Prusse|Prusia|Preussen|Preußen;"The unification of Germany in 1871 was a significant event in modern European history. Here's a brief overview of how it happened:

**Background:**
In the early 19th century, Germany was a loose confederation of 39 independent states, each with its own government and military. The German Confederation, established in 1815, was a loose alliance of these states, but it lacked a strong central authority.

**The Role of Otto von Bismarck:**
Otto von Bismarck, the Prime Minister of Prussia, played a crucial role in unifying Germany. He was a skilled diplomat and strategist who sought to create a unified German state. Bismarck believed that a strong, centralized government was necessary to protect Prussia's interests and to create a unified German state.

**The Franco-Prussian War (1870-1871):**
In 1870, Prussia, under the leadership of King William I, went to war with France, which had long been a rival power in Europe. The war was sparked by a dispute over the succession to the Spanish throne and the Alsace-Lorraine region, which was a French province. Prussia's military superiority and strategic alliances with";False;False;es;en;True;True;True;Wie kam es 1871 zur Einigung Deutschlands?;de;True;Comment l'Allemagne s'est-elle unifiée en 1871 ?;fr;True;¿Cómo se unificó Alemania en 1871?;es;True;;;;;;;explicativa;9;0.9995;0.0465;True;es;nativo(prompt_es);True
Capital of Moldova?;Chisináu es la capital de Moldavia.;Chisinau;Kichinev|Kischinau|Quixinau;The capital of Moldova is Chișinău.;False;False;es;en;True;True;True;Hauptstadt der Republik Moldau?;de;True;Capitale de la Moldavie ?;fr;True;¿Capital de Moldavia?;es;True;;;;;;;corta;5;0.4722;0.1034;True;es;nativo(prompt_es);True
Pub quiz: Burkina Faso capital?;La respuesta es: Uagadugú.;Ouagadougou;Uagadugu|Wagadugu;"The capital of Burkina Faso is... 

Ouagadougou";False;False;es;pt;True;True;True;Kneipenquiz: Hauptstadt von Burkina Faso?;de;True;Quiz au bar : capitale du Burkina Faso ?;fr;True;Pregunta de bar: ¿capital de Burkina Faso?;es;True;;;;;;;conversacional;9;0.9972;0.0909;True;es;nativo(prompt_es);True
Who wrote The Divine Comedy?;"La Divina Comedia es una de las obras más famosas de la literatura italiana y fue escrita por el poeta italiano Dante Alighieri (1265-1321). La obra es considerada una de las grandes obras maestras de la literatura medieval y es conocida por su complejo y simbólico relato de un viaje espiritual del autor a través del infierno, el purgatorio y el paraíso.

Dante Alighieri es considerado uno de los grandes maestros de la literatura italiana y su obra ha tenido un gran impacto en la literatura y la cultura occidental. La Divina Comedia es considerada una de las obras más importantes de la literatura italiana y sigue siendo estudiada y admirada por lectores y eruditos en todo el mundo.";Dante;;"The Divine Comedy is an epic poem written by the Italian poet Dante Alighieri. It's considered one of the greatest works of Italian literature and one of the most influential works of the Middle Ages.

The Divine Comedy is a masterpiece of medieval literature that tells the story of Dante's journey through Hell, Purgatory, and Paradise, guided by the Roman poet Virgil and later by Beatrice, his beloved. The poem is divided into three cantiche (or books): Inferno (Hell), Purgatorio (Purgatory), and Paradiso (Paradise).

Dante wrote The Divine Comedy between 1308 and 1320, and it's considered one of the greatest works of Italian literature, alongside other famous works like The Decameron by Giovanni Boccaccio.

Would you like to know more about The Divine Comedy or Dante Alighieri?";False;False;es;en;True;True;True;Wer hat Die Göttliche Komödie geschrieben?;de;True;Qui a écrit La Divine Comédie ?;fr;True;¿Quién escribió La Divina Comedia?;unknown;True;;;;;;;factual_clasica;;0.9998;0.0198;True;es;nativo(prompt_es);
Which bird lays the largest eggs?;"El ave que pone los huevos más grandes es el avestruz. Los avestruces son las aves más grandes del mundo y viven en las sabanas y zonas áridas de África.

Un huevo de avestruz puede pesar alrededor de 1,4 kg y medir unos 15 cm de largo, lo que equivale aproximadamente a 24 huevos de gallina. Sin embargo, en proporción al tamaño de su cuerpo, el avestruz pone huevos pequeños: el ave que pone el huevo más grande en relación con su tamaño es el kiwi de Nueva Zelanda.

Es importante destacar que los huevos de las aves son un alimento importante para muchas especies, por lo que es importante proteger y conservar las poblaciones de avestruces y otras aves para garantizar la supervivencia de estas especies.";ostrich;autruche|avestruz|Strauss|Strauß|struzzo;"The bird that lays the largest eggs is the ostrich (Struthio camelus). On average, an ostrich egg can weigh around 1.3 kg (3 pounds) and measure about 15 cm (6 inches) long and 13 cm (5 inches) wide. Some ostrich eggs have even been known to weigh as much as 2.7 kg (6 pounds) and measure up to 18 cm (7 inches) long!

Ostrich eggs are not only the largest bird eggs, but they are also one of the largest animal eggs in the world. That's quite a big egg!

Would you like to know more about ostriches or eggs?";False;False;es;en;True;True;True;Welcher Vogel legt die größten Eier?;de;True;Quel oiseau pond les plus gros œufs ?;fr;True;¿Qué ave pone los huevos más grandes?;es;True;;;;;;;factual_aperturas;7;0.9998;0.0166;True;es;nativo(prompt_es);True
Fetch the capital of Hungary.;La capital de Hungría es Budapest.;Budapest;Budapeste;The capital of Hungary is Budapest.;False;False;es;en;True;True;True;Hol mir die Hauptstadt Ungarns.;de;True;Rapportez-moi la capitale de la Hongrie.;fr;True;Tráeme la capital de Hungría.;es;True;;;;;;;imperativo;6;0.9966;0.1071;True;es;nativo(prompt_es);
Review why chili peppers taste hot.;"Los chiles picantes se deben a la presencia de una sustancia química llamada capsaicina, que se encuentra sobre todo en la placenta, la membrana blanca que sostiene las semillas. La capsaicina pertenece a una clase de compuestos llamados capsaicinoides.

La capsaicina es responsable de la picazón o el dolor que se siente al comer chiles picantes. Cuando la capsaicina entra en contacto con los receptores de dolor en la boca, la lengua y el esófago, envía señales al cerebro que interpretan como dolor o picazón.

Aquí hay algunas razones por las que los chiles pueden picar:

1. **Concentración de capsaicina**: Los chiles más picantes tienen una mayor concentración de capsaicina que los chiles más suaves.
2. **Tipo de chile**: Algunos tipos de chiles, como los chiles jalapeño, serrano y cayena, tienen una mayor concentración de capsaicina que otros tipos, como los pimientos morrones.
3. **Madurez y condiciones de cultivo**: El calor y la falta de agua durante el cultivo pueden aumentar la cantidad de capsaicina del fruto.";capsaicin;capsai;"The burning sensation of chili peppers! It's a sensation that's both fascinating and intimidating. So, let's dive into the science behind why chili peppers taste hot.

**The Culprits: Capsaicin and Other Compounds**

Chili peppers contain a group of compounds called capsaicinoids, which are responsible for their heat. The most well-known capsaicinoid is capsaicin, which is found in the placental tissue of the pepper. Capsaicin is a potent irritant that binds to pain receptors in the mouth, throat, and digestive tract, causing the sensation of heat.

**How Capsaicin Works**

When capsaicin comes into contact with the pain receptors on the tongue, it activates the TRPV1 receptor, a type of receptor that's responsible for detecting heat, pain, and inflammation. The TRPV1 receptor is found on nerve endings in the mouth, throat, and digestive tract, and it's responsible for transmitting the sensation of heat to the brain.

**The Heat Sensation**

When capsaicin binds to the TRPV1 receptor, it triggers a chemical reaction that sends a signal to the brain, which interprets it as a burning sensation. This sensation is";False;False;es;en;True;True;True;Überprüfe, warum Chilis scharf schmecken.;de;True;Revoyez pourquoi les piments sont piquants.;fr;True;Revisa por qué pican los chiles.;es;True;;;;;;;imperativo_explicativo;7;0.9999;0.0153;True;es;nativo(prompt_es);True
What destroyed Pompeii?;"Pompeya, una ciudad romana ubicada en el sur de Italia, fue destruida por una erupción volcánica del Monte Vesuvio en el año 79 d.C.

La erupción del Monte Vesuvio fue una de las más destructivas de la historia, y se considera una de las principales causas de la destrucción de Pompeya. La ciudad fue cubierta por una capa de cenizas y escombros, lo que la sumió en una oscuridad total y la hizo inhabitable.

La erupción del Monte Vesuvio fue un evento catastrófico que sorprendió a la población de Pompeya, que no tenía previsiones para una erupción de este tipo. La ciudad estaba construida en una zona de alta actividad volcánica, pero no se había previsto que sucediera algo tan devastador.

La destrucción de Pompeya fue tan completa que la ciudad permaneció enterrada bajo una capa de cenizas y escombros durante más de 1.600 años, hasta que fue descubierta en el siglo XVIII. Hoy en día es uno de los sitios arqueológicos más importantes del mundo.";Vesuvius;Vesu;"Pompeii was destroyed by a massive volcanic eruption of Mount Vesuvius in 79 AD. The eruption was so powerful that it buried the city under a thick layer of volcanic ash, pumice, and rock, killing thousands of people instantly.

The eruption was a pyroclastic flow, a fast-moving cloud of hot ash, gas, and rock that can reach temperatures of up to 800°C (1,472°F). The flow was so hot that it melted the bronze statues and other metal objects in the city, and it also caused widespread destruction to the buildings and infrastructure.

The eruption was likely triggered by the movement of magma in the volcano's chamber, which caused a sudden release of pressure and a massive explosion. The eruption was so powerful that it was heard and felt hundreds of miles away, and it was even visible from Rome, the capital city of the Roman Empire.

The city of Pompeii was abandoned and left to ruin for centuries, until it was rediscovered in the 18th century. Today, Pompeii is a UNESCO World Heritage Site and a popular tourist destination, offering a unique glimpse into life in ancient Rome.

Would you like to know more about Pompeii or the eruption that destroyed it?";False;False;es;en;True;True;True;Was zerstörte Pompeji?;de;True;Qu'est-ce qui a détruit Pompéi ?;fr;True;¿Qué destruyó Pompeya?;es;True;;;;;;;explicativa;5;0.9999;0.0323;True;es;nativo(prompt_es);True
Capital of Bosnia?;La capital de Bosnia y Herzegovina es Sarajevo.;Sarajevo;Sarajewo;The capital of Bosnia and Herzegovina is Sarajevo.;False;False;es;en;True;True;True;Hauptstadt von Bosnien?;de;True;Capitale de la Bosnie ?;fr;True;¿Capital de Bosnia?;es;True;;;;;;;corta;4;0.5;0.125;True;es;nativo(prompt_es);True
Quick question: what's the capital of Liberia?;La capital de Liberia es Monrovia.;Monrovia;;The capital of Liberia is Monrovia.;False;False;es;en;True;True;True;Kurze Frage: Was ist die Hauptstadt von Liberia?;de;True;Petite question : quelle est la capitale du Liberia ?;fr;True;Pregunta rápida: ¿cuál es la capital de Liberia?;es;True;;;;;;;conversacional;10;0.5;0.125;True;es;nativo(prompt_es);True
In what year did the Chinese Communist Party take power in China?;El Partido Comunista Chino (PCC) tomó el poder en China en 1949.;1949;;The Chinese Communist Party (CCP) took power in China in 1949. After a long and bloody civil war, the CCP, led by Mao Zedong, defeated the Nationalist Party (KMT) and established the People's Republic of China on October 1, 1949.;False;False;es;en;True;True;True;In welchem Jahr hat die chinesische Kommunistische Partei die Macht in China ergriffen?;de;True;En quelle année le Parti communiste chinois a-t-il pris le pouvoir en Chine ?;fr;True;¿En qué año tomó el poder el Partido Comunista Chino en China?;es;True;;;;;;;factual_clasica;;0.9993;0.1739;True;es;nativo(prompt_es);
Which country gifted the Statue of Liberty?;La Estatua de la Libertad fue regalada por Francia.;France;Francia|Frankreich|Franca;The Statue of Liberty was a gift from the people of France to the people of the United States. It was designed by French sculptor Frédéric Auguste Bartholdi and was dedicated on October 28, 1886. The statue was a symbol of friendship and democracy between the two countries, and it has become one of the most iconic landmarks in the United States.;False;False;es;en;True;True;True;Welches Land schenkte die Freiheitsstatue?;de;True;Quel pays a offert la statue de la Liberté ?;fr;True;¿Qué país regaló la Estatua de la Libertad?;es;True;;;;;;;factual_aperturas;8;0.9999;0.0952;True;es;nativo(prompt_es);
Note the capital of Suriname.;La capital de Surinam es Paramaribo.;Paramaribo;;The capital of Suriname is Paramaribo.;False;False;es;en;True;True;True;Notiere die Hauptstadt von Suriname.;de;True;Notez la capitale du Suriname.;fr;True;Anota la capital de Surinam.;es;True;;;;;;;imperativo;7;0.642;0.1;True;es;nativo(prompt_es);
Clear up why carrots are orange.;"Las zanahorias son naranjas porque contienen grandes cantidades de betacaroteno, un pigmento natural de la familia de los carotenoides.

Las zanahorias son la raíz de la planta de zanahoria (Daucus carota). El betacaroteno se acumula en las células de la raíz y absorbe la luz azul y verde, por lo que refleja sobre todo los tonos naranjas que vemos.

Curiosamente, las primeras zanahorias cultivadas, en Asia Central, eran moradas o amarillas. Las zanahorias naranjas se popularizaron a partir del siglo XVII gracias a agricultores de los Países Bajos, que seleccionaron las variedades más ricas en caroteno.

Además, el betacaroteno es beneficioso para la salud: nuestro cuerpo lo transforma en vitamina A, que es importante para la vista y la piel.";carotene;caroten|carotin;"A simple yet fascinating question!

Carrots are orange because of a combination of genetics, history, and human cultivation. Here's the story:

**Natural color:** Carrots were originally purple, white, yellow, red, or even black, depending on the variety. The natural pigments responsible for these colors are called anthocyanins and carotenoids.

**Carotenoids:** Carotenoids are a group of yellow, orange, and red pigments that are found in many fruits and vegetables. The most common carotenoid responsible for the orange color of carrots is beta-carotene. Beta-carotene is a precursor to vitamin A, which is essential for healthy vision, immune function, and skin health.

**Selective breeding:** In the 17th century, Dutch farmers began cultivating carrots in the Netherlands. They selectively bred the orange varieties, which were more vibrant and attractive to consumers. The orange color was seen as a desirable trait, as it was associated with the color of the sun and the Dutch royal family.

**Genetics:** The orange color of carrots is determined by a specific genetic mutation that affects the production of carotenoids. This mutation is recessive, meaning that a carrot needs to inherit two copies of the mutated";False;False;es;en;True;True;True;Kläre, warum Karotten orange sind.;de;True;Clarifiez pourquoi les carottes sont orange.;fr;True;Aclara por qué las zanahorias son naranjas.;es;True;;;;;;;imperativo_explicativo;7;0.9999;0.015;True;es;nativo(prompt_es);True
How did Cleopatra die?;"La muerte de Cleopatra es uno de los misterios más grandes de la historia antigua. Según las fuentes históricas más comunes, Cleopatra VII, la última faraona de Egipto del período helenístico, se suicidó en el año 30 a.C. en Alejandría, Egipto.

La versión más aceptada de su muerte es que Cleopatra se dejó morder por una serpiente venenosa, un áspid (probablemente una cobra egipcia). Según el historiador griego Plutarco, tras la derrota de Marco Antonio, su compañero y aliado romano, en la batalla de Accio en el 31 a.C., Cleopatra sabía que su reino estaba a punto de ser conquistado por Octavio.

En lugar de someterse a la captura y ser exhibida como prisionera en Roma, Cleopatra decidió tomar su propia vida. Según Plutarco, la serpiente le fue llevada escondida en una cesta de higos. Algunos historiadores creen, sin embargo, que pudo haber usado un veneno preparado, ya que la versión de la serpiente no puede comprobarse.";snake;serpent|serpien|Schlang|cobra|aspic|aspid|envenen|empoisonn|vergift|veneno|poison;"A famous question!

Cleopatra VII, the last active pharaoh of Ancient Egypt, died on August 12, 30 BCE. The exact circumstances of her death are still debated among historians, but the most widely accepted account is that she died by allowing a poisonous asp (Egyptian cobra) to bite her.

According to the ancient Greek historian Plutarch, Cleopatra was a skilled diplomat and strategist who had formed alliances with powerful Roman leaders, including Julius Caesar and Mark Antony. However, after Caesar's assassination in 44 BCE, Cleopatra aligned herself with Mark Antony, one of Caesar's generals.

As the Roman Empire, led by Octavian (later known as Augustus Caesar), began to close in on Egypt, Cleopatra and Antony realized that their situation was hopeless. In a last-ditch effort to avoid capture and humiliation, Cleopatra and Antony decided to take their own lives.

The story goes that Cleopatra, who was 39 years old at the time, retreated to her mausoleum in Alexandria, where she was joined by Antony. According to legend, Cleopatra allowed the asp to bite her, rather than submit to the indignity of being paraded as a captive";False;False;es;en;True;True;True;Wie starb Kleopatra?;de;True;Comment Cléopâtre est-elle morte ?;fr;True;¿Cómo murió Cleopatra?;es;True;;;;;;;explicativa;7;0.9998;0.0527;True;es;nativo(prompt_es);True
Capital of North Macedonia?;La capital de Macedonia del Norte es Skopie.;Skopje;Skopie|Escopia;The capital of North Macedonia is Skopje.;False;False;es;en;True;True;True;Hauptstadt von Nordmazedonien?;de;True;Capitale de la Macédoine du Nord ?;fr;True;¿Capital de Macedonia del Norte?;es;True;;;;;;;corta;5;0.5;0.1667;True;es;nativo(prompt_es);True
Hey, what's Greenland's capital?;La capital de Groenlandia es Nuuk.;Nuuk;;The capital of Greenland is Nuuk (also known as Godthåb in Danish).;False;False;es;en;True;True;True;Hey, was ist die Hauptstadt Grönlands?;de;True;Hé, quelle est la capitale du Groenland ?;fr;True;Oye, ¿cuál es la capital de Groenlandia?;es;True;;;;;;;conversacional;8;0.9419;0.1071;True;es;nativo(prompt_es);
What is the capital of Morocco?;La capital de Marruecos es Rabat.;Rabat;;The capital of Morocco is Rabat.;False;False;es;en;True;True;True;Was ist die Hauptstadt von Marokko?;de;True;Quelle est la capitale du Maroc?;fr;True;¿Cuál es la capital de Marruecos?;es;True;;;;;;;factual_clasica;;0.6889;0.1111;True;es;nativo(prompt_es);
Which instrument has 47 strings?;El instrumento que tiene 47 cuerdas es el arpa de concierto.;harp;harpe|arpa|Harfe|harpa;"I'm not aware of any standard instrument that has 47 strings. Most instruments typically have a limited number of strings, such as:

* Guitar: 6 strings
* Violin: 4 strings
* Cello: 4 strings
* Harp: 47 strings (but this is a specialized instrument with a unique playing technique)

However, I think I know what you might be thinking of... The harp is indeed a stringed instrument, and it typically has 47 strings, although this can vary depending on the type of harp. The harp is a stringed instrument that is played by plucking the strings with the fingers, and it's often used in classical music and other forms of music.

Is this the instrument you were thinking of?";False;False;es;en;True;True;True;Welches Instrument hat 47 Saiten?;de;True;Quel instrument a 47 cordes ?;fr;True;¿Qué instrumento tiene 47 cuerdas?;es;True;;;;;;;factual_aperturas;7;0.9999;0.0263;True;es;nativo(prompt_es);True
Reveal who wrote Of Mice and Men.;"""De ratones y hombres"" (título original en inglés: ""Of Mice and Men"") es una novela escrita por el autor estadounidense John Steinbeck, publicada en 1937.";Steinbeck;;"The classic novel ""Of Mice and Men"" was written by the renowned American author John Steinbeck.";False;False;es;en;True;True;True;Verrate, wer Von Mäusen und Menschen schrieb.;de;True;Révélez qui a écrit Des souris et des hommes.;fr;True;Revela quién escribió De ratones y hombres.;es;True;;;;;;;imperativo;10;0.9992;0.0513;True;es;nativo(prompt_es);
Go over what glass is made from.;"El vidrio es un material versátil que se ha utilizado durante siglos en diversas aplicaciones, desde la construcción hasta la decoración y la tecnología. A continuación, te presento una visión general de qué está hecho el vidrio:

**Composición química**

El vidrio común se fabrica principalmente con arena de sílice (dióxido de silicio, SiO2), que representa alrededor del 70% de su composición. La sílice forma la red del vidrio, que no es cristalina sino amorfa: sus átomos están desordenados, como en un líquido congelado.

El resto del vidrio se compone de otras materias primas, como:

* Carbonato de sodio (sosa): alrededor del 15%, que baja la temperatura de fusión de la arena.
* Caliza (carbonato de calcio): alrededor del 10%, que hace el vidrio más resistente al agua.
* Otros aditivos: como óxidos metálicos para dar color, o vidrio reciclado.

**Proceso de fabricación**

Las materias primas se mezclan y se funden en un horno a unos 1.500 °C. El vidrio fundido se moldea por soplado, prensado o flotación, y luego se enfría lentamente para que no se rompa.";sand;sable|arena|Sabbia|areia|silice|silica|Quarz|Siliziumdioxid|SiO2;"Glass is a versatile and widely used material that has been a part of human history for thousands of years. Here's a breakdown of what glass is made from:

**Main Components:**

1. **Silica (SiO2)**: Also known as silicon dioxide, this is the primary component of glass, making up about 70% of its weight. Silica is derived from sand, which is rich in silicon and oxygen.
2. **Soda Ash (Sodium Carbonate, Na2CO3)**: This is added to the mixture to reduce the melting point of silica, making it easier to melt and form into glass. Soda ash accounts for about 15% of the weight of glass.
3. **Limestone (Calcium Carbonate, CaCO3)**: Limestone is added to the mixture to stabilize the glass and prevent it from becoming too brittle. It also helps to reduce the melting point of silica.
4. **Colorants**: Depending on the desired color, various colorants can be added to the glass mixture, such as:
	* Cobalt oxide for blue glass
	* Iron oxide for green glass
	* Copper oxide for red glass
	* Gold or silver for metallic colors
5";False;False;es;en;True;True;True;Geh durch, woraus Glas hergestellt wird.;de;True;Passez en revue la composition du verre.;fr;True;Repasa de qué está hecho el vidrio.;es;True;;;;;;;imperativo_explicativo;8;0.9996;0.0292;True;es;nativo(prompt_es);True
What spread the Black Death?;"La Peste Negra, también conocida como la Peste Bubónica, fue una pandemia mortal que azotó a Europa y otras partes del mundo en el siglo XIV. La propagación de la peste negra se debió a una combinación de factores, incluyendo la falta de higiene, la pobreza, la desnutrición y la falta de conocimientos médicos.

La peste negra se propagó principalmente a través de las pulgas que vivían en las ratas y otros roedores, como la pulga de la rata, llamada Xenopsylla cheopis. Estas pulgas eran vectores de la bacteria Yersinia pestis, que causa la peste.

La propagación de la peste negra se llevó a cabo de varias maneras:

1. **Ratas y pulgas**: Las ratas y otros roedores eran portadores de la bacteria Yersinia pestis. Cuando los roedores morían, sus pulgas infectadas buscaban un nuevo huésped y picaban a los humanos.
2. **Vía aérea**: En su forma neumónica, la bacteria Yersinia pestis se transmitía de persona a persona a través de las gotitas expulsadas al toser.
3. **Comercio**: Los barcos y las caravanas comerciales llevaron ratas y pulgas infectadas desde Asia hasta los puertos del Mediterráneo y de allí a toda Europa.";fleas;flea|puce|pulga|Floh|pulce|Yersinia|roedor|rongeur|Nagetier|Ratten|ratas|ratones;"The Black Death, also known as the Plague, was a pandemic that devastated Europe and other parts of the world in the 14th century. The spread of the Black Death is attributed to several factors, including:

1. **Trade and commerce**: The plague spread rapidly along trade routes, such as the Silk Road, which connected Europe to Asia. Merchants and traders carried infected fleas, rats, and other vectors on their ships and caravans, introducing the disease to new areas.
2. **Overcrowding and poor sanitation**: Medieval cities were often overcrowded, with poor waste management and inadequate sewage systems. This created an environment conducive to the spread of disease.
3. **Lack of medical understanding**: At the time, there was no understanding of the disease's cause or how it was transmitted. This led to ineffective treatments and a lack of preparedness for the outbreak.
4. **Fleas and rodents**: The plague was caused by the bacterium Yersinia pestis, which was transmitted to humans through the bites of infected fleas that lived on rats and other rodents. These fleas were often carried on ships, trade caravans, and other vehicles.
5. **Climate change**: Some researchers suggest";False;False;es;en;True;True;True;Was verbreitete den Schwarzen Tod?;de;True;Qu'est-ce qui a propagé la peste noire ?;fr;True;¿Qué propagó la peste negra?;es;True;;;;;;;explicativa;6;0.9998;0.0305;True;es;nativo(prompt_es);True
Capital of Montenegro?;La capital de Montenegro es Podgorica.;Podgorica;;The capital of Montenegro is Podgorica.;False;False;es;en;True;True;True;Hauptstadt von Montenegro?;de;True;Capitale du Monténégro ?;fr;True;¿Capital de Montenegro?;es;True;;;;;;;corta;5;0.5;0.125;True;es;nativo(prompt_es);True
Just curious, capital of the Dominican Republic?;Santo Domingo es la capital de la República Dominicana.;Santo Domingo;Saint-Domingue;The capital of the Dominican Republic is Santo Domingo.;False;False;es;en;True;True;True;Nur aus Neugier: Hauptstadt der Dominikanischen Republik?;de;True;Simple curiosité : capitale de la République dominicaine ?;fr;True;Solo por curiosidad, ¿capital de República Dominicana?;es;True;;;;;;;conversacional;9;0.9849;0.087;True;es;nativo(prompt_es);
Who composed The Four Seasons?;"""Las Cuatro Estaciones"" es una obra musical compuesta por Antonio Vivaldi, un famoso compositor italiano del siglo XVIII. La obra es un conjunto de cuatro conciertos para violín, cada uno dedicado a una de las estaciones del año:

1. ""La primavera""
2. ""El verano""
3. ""El otoño""
4. ""El invierno""

""Las Cuatro Estaciones"" es considerada una de las obras más famosas y emblemáticas de la música clásica, y es ampliamente interpretada y disfrutada en todo el mundo.";Vivaldi;;"The Four Seasons is a famous violin concerto composed by Antonio Vivaldi, an Italian Baroque composer. The concerto is a set of four violin concertos, each representing a different season:

1. Spring (Concerto No. 1 in E major, RV 269)
2. Summer (Concerto No. 2 in G minor, RV 315)
3. Autumn (Concerto No. 3 in F major, RV 293)
4. Winter (Concerto No. 4 in F minor, RV 297)

The Four Seasons is considered one of the most popular and recognizable pieces of classical music, and its beauty and evocative qualities have made it a beloved favorite among music lovers for centuries!";False;False;es;en;True;True;True;Wer hat Die vier Jahreszeiten komponiert?;de;True;Qui a composé Les Quatre Saisons ?;fr;True;¿Quién compuso Las Cuatro Estaciones?;es;True;;;;;;;factual_clasica;;0.9997;0.0598;True;es;nativo(prompt_es);True
Which land animal is the fastest?;El animal terrestre más rápido es el guepardo, que puede alcanzar velocidades de hasta 110 kilómetros por hora.;cheetah;guepard|guepardo|Gepard|ghepardo|chita;The fastest land animal is the cheetah! They can reach speeds of up to 70 miles per hour (113 kilometers per hour), making them the fastest land animal on Earth. Their slender body, long legs, and powerful muscles allow them to achieve such incredible speeds, making them the ultimate predators in the savannas and grasslands of Africa.;False;False;es;en;True;True;True;Welches Landtier ist das schnellste?;de;True;Quel animal terrestre est le plus rapide ?;fr;True;¿Qué animal terrestre es el más rápido?;es;True;;;;;;;factual_aperturas;7;0.9999;0.0098;True;es;nativo(prompt_es);True
Count the stripes on the US flag.;La bandera de Estados Unidos de América, también conocida como la bandera estelada, consta de 13 franjas horizontales, alternando entre blanco y rojo.;13;;The United States flag has 13 horizontal stripes, alternating between red and white.;False;False;es;en;True;True;True;Zähle die Streifen der US-Flagge.;de;True;Comptez les bandes du drapeau américain.;fr;True;Cuenta las franjas de la bandera de EE. UU.;es;True;;;;;;;imperativo;8;0.9998;0.0328;True;es;nativo(prompt_es);
Detail what makes soda fizzy.;"Los refrescos tienen burbujas debido a la presencia de dióxido de carbono (CO2) disuelto. Aquí te explico cómo se produce este fenómeno:

1.  **Carbonatación**: En la fábrica, se inyecta dióxido de carbono (CO2) en la bebida fría y a alta presión. En esas condiciones, una gran cantidad de gas se disuelve en el líquido.
2.  **Envase cerrado**: La botella o la lata se sella mientras la bebida está a presión, lo que mantiene el CO2 disuelto. Parte del gas reacciona con el agua y forma ácido carbónico, que le da al refresco su ligero sabor ácido.
3.  **Presión y temperatura**: Al abrir el envase, la presión baja de golpe y el CO2 ya no puede permanecer disuelto, así que escapa en forma de burbujas. Por eso los refrescos tibios pierden el gas más rápido: el CO2 se disuelve peor a temperaturas altas.

Algunas bebidas tradicionales, como la cerveza de jengibre casera, obtienen sus burbujas mediante fermentación, porque la levadura produce CO2 al consumir el azúcar.";carbon dioxide;dioxy|dioxi|Kohlendioxid|anidride carbonica|CO2|gaz carbonique|gas carbonico|Kohlensaure;"The fizziness of soda is a fascinating phenomenon that's a result of a combination of chemistry and physics. Here's a breakdown of what makes soda fizzy:

**The Main Culprit: Carbon Dioxide (CO2)**

Soda gets its fizz from carbon dioxide gas, which is dissolved in water under pressure. Carbon dioxide is a colorless, odorless, and tasteless gas that's naturally present in the air we breathe. When CO2 is dissolved in water, it forms a weak acid called carbonic acid (H2CO3).

**The Process of Carbonation**

To create fizzy soda, manufacturers use a process called carbonation. Here's what happens:

1. **Water and sugar are mixed**: The manufacturer combines water and sugar (in the form of high-fructose corn syrup or other sweeteners) in a large tank.
2. **Heat is applied**: The mixture is heated to dissolve the sugar and create a syrup.
3. **CO2 is added**: Carbon dioxide gas is pumped into the tank, where it dissolves into the water and sugar mixture.
4. **Pressure is applied**: The tank is sealed and pressurized to force the CO2 into the solution.
5. **Cooling and";False;False;es;en;True;True;True;Erläutere genau, was Limonade sprudeln lässt.;de;True;Détaillez ce qui rend les sodas pétillants.;fr;True;Detalla qué hace que el refresco tenga burbujas.;es;True;;;;;;;imperativo_explicativo;7;0.9997;0.0329;True;es;nativo(prompt_es);True
What forced Japan's 1945 surrender?;La rendición de Japón en 1945 fue forzada por una combinación de factores, incluyendo la superioridad militar y económica de los Estados Unidos, la creciente presión internacional y las consecuencias devastadoras de las bombas atómicas.;atomic bomb;bombe atomique|bomba atomica|Atombombe|bombes atomiques|bombas atomicas|Hiroshima|Nagasaki;"Japan's 1945 surrender was the result of a combination of factors, but the primary force behind it was the atomic bombings of Hiroshima and Nagasaki, followed by the Soviet Union's declaration of war against Japan.

Here's a brief summary of the key events that led to Japan's surrender:

1. **Allied invasion of Okinawa**: In April 1945, the Allies launched an invasion of Okinawa, a strategic island in the Pacific. The battle was intense and bloody, with both sides suffering heavy casualties.
2. **Atomic bombings**: On August 6 and 9, 1945, the United States dropped atomic bombs on the Japanese cities of Hiroshima and Nagasaki, respectively. The bombings killed an estimated 140,000 people in Hiroshima and 80,000 in Nagasaki, and caused widespread destruction.
3. **Soviet declaration of war**: On August 8, 1945, the Soviet Union declared war on Japan, invading Manchuria and other parts of northern China. This move caught Japan off guard and further weakened its military position.
4. **Japanese government's decision to surrender**: On August 10, 1945, the Japanese government, led by Emperor Hiro";False;False;es;en;True;True;True;Was erzwang Japans Kapitulation 1945?;de;True;Qu'est-ce qui a forcé la capitulation du Japon en 1945 ?;fr;True;¿Qué forzó la rendición de Japón en 1945?;es;True;;;;;;;explicativa;9;0.9998;0.0205;True;es;nativo(prompt_es);
Capital of Liechtenstein?;La capital de Liechtenstein es Vaduz.;Vaduz;;The capital of Liechtenstein is Vaduz.;False;False;es;en;True;True;True;Hauptstadt von Liechtenstein?;de;True;Capitale du Liechtenstein ?;fr;True;¿Capital de Liechtenstein?;es;True;;;;;;;corta;6;0.4787;0.0968;True;es;nativo(prompt_es);
Hi! Capital of Turkmenistan?;La capital de Turkmenistán es Ashgabat. ¿En qué más puedo ayudarte?;Ashgabat;Achgabat|Asjabad|Aschgabat|Asgabat|Ashkhabad|Asgabate;The capital of Turkmenistan is Ashgabat.;False;False;es;en;True;True;True;Hallo! Hauptstadt von Turkmenistan?;de;True;Salut ! Capitale du Turkménistan ?;fr;True;¡Hola! ¿Capital de Turkmenistán?;es;True;;;;;;;conversacional;8;0.9999;0.0862;True;es;nativo(prompt_es);True
What is the capital of Afghanistan?;La capital de Afganistán es Cabul.;Kabul;Kaboul|Cabul;The capital of Afghanistan is Kabul.;False;False;es;en;True;True;True;Was ist die Hauptstadt von Afghanistan?;de;True;Quelle est la capitale de l'Afghanistan?;fr;True;¿Cuál es la capital de Afganistán?;es;True;;;;;;;factual_clasica;;0.9997;0.1071;True;es;nativo(prompt_es);
How long is a marathon in kilometers?;Un maratón mide 42.195 kilómetros.;42;42.195|42,195|42.2|42,2;A marathon is 42.195 kilometers long.;False;False;es;en;True;True;True;Wie lang ist ein Marathon in Kilometern?;de;True;Quelle est la longueur d'un marathon en kilomètres ?;fr;True;¿Cuánto mide un maratón en kilómetros?;es;True;;;;;;;factual_aperturas;8;0.6417;0.0435;True;es;nativo(prompt_es);
Pin down who composed Pictures at an Exhibition.;"""Cuadros de una exposición"" es una obra del compositor ruso Modest Músorgski.";Mussorgsky;Moussorgski|Mussorgski|Musorgski|Musorgsky|Mussorgskij;"The composition ""Pictures at an Exhibition"" was actually written by Modest Mussorgsky, a Russian composer, in 1874. However, it's worth noting that the piece was originally intended to be a piano suite, and it was later orchestrated by Maurice Ravel in 1930.

But if you're thinking of the famous orchestral version, that's the one that's widely known and performed today.";False;False;es;en;True;True;True;Bestimme, wer Bilder einer Ausstellung komponierte.;de;True;Déterminez qui a composé Tableaux d'une exposition.;fr;True;Precisa quién compuso Cuadros de una exposición.;es;True;;;;;;;imperativo;9;0.9661;0.0469;True;es;nativo(prompt_es);True
Unpack what causes day and night.;"La causa principal de que haya día y noche es la rotación de la Tierra sobre su propio eje. La Tierra es un planeta que gira sobre un eje que está inclinado de aproximadamente 23,5 grados respecto al plano de su órbita alrededor del Sol.

Aquí te explico cómo funciona:

1. **La Tierra gira sobre sí misma**: La Tierra gira sobre su eje, lo que causa que los diferentes puntos del planeta reciban la luz del Sol durante diferentes momentos del día.
2. **La luz del Sol**: La luz del Sol llega a la Tierra y nos ilumina. La cantidad de luz que llega a un lugar depende de la posición del Sol en el cielo.
3. **La posición del Sol**: Cuando nuestro lado del planeta mira hacia el Sol, este está sobre el horizonte y su luz nos ilumina. Esto es lo que conocemos como día.
4. **La noche**: Cuando el Sol está debajo del horizonte, la luz no llega directamente a nuestro lado de la Tierra, y es de noche. Una vuelta completa dura unas 24 horas.";rotation;rotat|rotac|rotaz|Drehung|dreht sich um ihre|eigene Achse|sobre su eje|sur son axe|sur elle-meme;"The phenomenon of day and night is a fundamental aspect of our daily lives, and it's fascinating to explore what causes it.

**The Short Answer:**

Day and night are caused by the Earth's rotation on its axis and its orbit around the Sun. As the Earth rotates, different parts of the planet are exposed to sunlight, resulting in day, and the opposite side is in darkness, resulting in night.

**The Long Answer:**

Here's a more detailed explanation:

1. **The Earth's Rotation:** The Earth rotates on its axis, which is an imaginary line that runs through the North and South Poles. This rotation causes the planet to spin around its axis, creating day and night cycles.
2. **The Earth's Orbit:** The Earth also orbits the Sun in an elliptical path, which takes approximately 365.25 days to complete. This orbit is tilted at an angle of about 23.5 degrees relative to the plane of the Earth's orbit around the Sun.
3. **Sunlight and Shadows:** As the Earth rotates, different parts of the planet are exposed to sunlight, while others are in shadow. When the part of the Earth facing the Sun receives sunlight, it's daytime. Conversely, when the part";False;False;es;en;True;True;True;Schlüssle auf, was Tag und Nacht verursacht.;de;True;Décortiquez ce qui provoque le jour et la nuit.;fr;True;Desmenuza qué causa el día y la noche.;es;True;;;;;;;imperativo_explicativo;8;0.9998;0.0441;True;es;nativo(prompt_es);True
How did the Greeks enter Troy?;"Según la mitología griega, los griegos entraron en Troya gracias al famoso caballo de madera, un plan ingenioso ideado por Odiseo. La historia no aparece en la Ilíada de Homero, que termina antes de la caída de la ciudad, sino que se menciona en la Odisea y se narra con detalle en la Eneida de Virgilio.

La guerra comenzó cuando Paris, príncipe de Troya, se llevó a Helena, esposa del rey Menelao de Esparta. Los griegos, liderados por el rey Agamenón, asediaron Troya durante diez años para recuperarla.

Después de tantos años de asedio, los griegos construyeron un enorme caballo de madera, escondieron dentro a sus mejores guerreros y fingieron retirarse. Los troyanos, creyendo que era una ofrenda a los dioses, metieron el caballo dentro de la ciudad. Esa noche, los soldados salieron del caballo, abrieron las puertas al resto del ejército y Troya fue conquistada.";wooden horse;cheval|caballo|Pferd|cavallo|cavalo|horse;"One of the most famous stories in all of literature!

According to Homer's epic poem, the Iliad, the Greeks entered Troy by hiding inside a giant wooden horse. This clever ruse was devised by the Greek hero Odysseus, who was determined to breach the walls of Troy and reclaim Helen, the wife of King Menelaus, who had been abducted by Paris, a prince of Troy.

Here's a brief summary of the events leading up to the Trojan Horse:

1. The Greeks, led by King Agamemnon, had been besieging Troy for 10 years, but the city's walls were impenetrable.
2. Odysseus, who had a reputation for cunning and cleverness, came up with the idea of building a massive wooden horse, hollow inside, to disguise a group of Greek warriors.
3. Under cover of night, a select group of Greek warriors, including Odysseus, hid inside the horse, while the rest of the Greek army pretended to sail away.
4. The Trojans, thinking the Greeks had finally given up, pulled the horse inside the city walls, unaware of the hidden warriors.
5. Under cover of night, the Greek warriors emerged from";False;False;es;en;True;True;True;Wie gelangten die Griechen nach Troja hinein?;de;True;Comment les Grecs sont-ils entrés dans Troie ?;fr;True;¿Cómo entraron los griegos en Troya?;es;True;;;;;;;explicativa;7;0.9999;0.0286;True;es;nativo(prompt_es);True
Capital of Scotland?;La capital de Escocia es Edimburgo.;Edinburgh;Edimbourg|Edimburgo|Edinburg;The capital of Scotland is Edinburgh.;False;False;es;en;True;True;True;Hauptstadt von Schottland?;de;True;Capitale de l'Écosse ?;fr;True;¿Capital de Escocia?;es;True;;;;;;;corta;4;0.5;0.1111;True;es;nativo(prompt_es);True
Random thought: what's Niger's capital?;Niamey es la capital de Níger.;Niamey;;Niger's capital is Niamey.;False;False;es;en;True;True;True;Spontane Frage: Was ist die Hauptstadt von Niger?;de;True;Une idée comme ça : quelle est la capitale du Niger ?;fr;True;Pensando al azar: ¿cuál es la capital de Níger?;es;True;;;;;;;conversacional;9;0.9614;0.0833;True;es;nativo(prompt_es);
How many letters are in the English alphabet?;El alfabeto inglés consta de 26 letras.;26;;There are 26 letters in the English alphabet.;False;False;es;en;True;True;True;Wie viele Buchstaben hat das englische Alphabet?;de;True;Quel est le nombre de lettres dans l'alphabet anglais?;fr;True;¿Cuántas letras hay en el alfabeto inglés?;es;True;;;;;;;factual_clasica;;0.9094;0.0333;True;es;nativo(prompt_es);
How fast does sound travel in air?;El sonido viaja a una velocidad de aproximadamente 343 metros por segundo en el aire a temperatura ambiente y presión estándar en la Tierra.;343;340|1235|1 235|1.235|1,235|1234|1 234|1.234|1,234;"The speed of sound in air is approximately 343 meters per second (m/s) or 768 miles per hour (mph) at sea level in dry air at a temperature of 20 degrees Celsius (68 degrees Fahrenheit). However, the speed of sound can vary depending on the temperature, humidity, and air pressure.

Here's a rough breakdown of the speed of sound in air at different temperatures:

* 0°C (32°F): 331 m/s (741 mph)
* 20°C (68°F): 343 m/s (768 mph)
* 30°C (86°F): 349 m/s (774 mph)
* 40°C (104°F): 355 m/s (783 mph)

Keep in mind that these values are approximate and can vary depending on the specific conditions.";False;False;es;en;True;True;True;Wie schnell breitet sich Schall in der Luft aus?;de;True;À quelle vitesse le son se déplace-t-il dans l'air ?;fr;True;¿A qué velocidad viaja el sonido en el aire?;es;True;;;;;;;factual_aperturas;8;0.9998;0.0177;True;es;nativo(prompt_es);
Guess the largest country in South America.;El país más grande de Sudamérica es Brasil.;Brazil;Bresil|Brasil|Brasilien|Brasile;The largest country in South America is Brazil!;False;False;es;en;True;True;True;Rate das größte Land Südamerikas.;de;True;Devinez le plus grand pays d'Amérique du Sud.;fr;True;Adivina el país más grande de Sudamérica.;es;True;;;;;;;imperativo;8;0.9998;0.1;True;es;nativo(prompt_es);True
Run through how echoes happen.;"**¿Qué es el eco?**

El eco es el sonido que se produce cuando un sonido se refleja en una superficie y regresa al oído del oyente. Es como si el sonido ""rebotara"" y volviera a nosotros.

**Proceso de producción del eco**

El proceso de producción del eco se puede dividir en tres etapas:

1. **Emisión del sonido**: Cuando alguien habla o hace un ruido, el sonido se emite hacia el aire como una onda sonora. Esta onda sonora se propaga en todas direcciones desde el origen del sonido.
2. **Reflexión en la superficie**: Cuando la onda sonora se encuentra con una superficie, como un muro, un árbol o un edificio, se refleja de regreso al origen del sonido. Esto se conoce como reflexión.
3. **Regreso al oyente**: La onda sonora reflejada regresa al oyente, que la escucha como una repetición más débil y con un pequeño retraso. Para distinguir el eco del sonido original, la superficie tiene que estar a unos 17 metros o más.";reflection;refle|rifless|Reflexion;"Echoes are a fascinating phenomenon that occur when sound waves bounce back to us after reflecting off a surface. Here's a step-by-step explanation of how echoes happen:

**The Process of Echoes**

1. **Sound Wave Emission**: When you make a sound, such as speaking or clapping, a sound wave is emitted into the air. This sound wave is a series of pressure waves that travel through the air as a pressure disturbance.
2. **Reflection**: When the sound wave hits a surface, such as a wall, mountain, or water, it bounces back. This is called reflection. The surface acts as a mirror, reflecting the sound wave back into the air.
3. **Bouncing Back**: The reflected sound wave travels back through the air, carrying the original sound with it. This reflected sound wave is identical to the original sound wave, but it's traveling in the opposite direction.
4. **Arrival**: The reflected sound wave arrives at our ears, where it's detected as a second sound. This second sound is what we perceive as an echo.
5. **Echo Location**: The echo is not just a simple repetition of the original sound. The reflected sound wave has also picked up any changes that occurred during";False;False;es;en;True;True;True;Geh kurz durch, wie ein Echo entsteht.;de;True;Parcourez la formation de l'écho.;fr;True;Recorre cómo se produce el eco.;es;True;;;;;;;imperativo_explicativo;6;0.9999;0.0225;True;es;nativo(prompt_es);True
What triggered the Great Depression?;"La Gran Depresión, que se extendió desde 1929 hasta 1939, fue un período de una de las mayores contracciones económicas de la historia. Aunque no se puede atribuir su inicio a un solo evento o desencadenante, hay varios factores que contribuyeron a su desarrollo. Algunos de los principales desencadenantes y factores que contribuyeron a la Gran Depresión incluyen:

1. **La crisis de la deuda en Estados Unidos**: Después de la Primera Guerra Mundial, Estados Unidos experimentó un período de expansión económica sin precedentes, conocido como la ""euforia del mercado de valores"". Sin embargo, muchos estadounidenses habían comprado acciones con préstamos, lo que creó una burbuja financiera. Cuando la burbuja estalló con el crac de la Bolsa de Nueva York en octubre de 1929, muchos no tenían los fondos para pagar sus deudas, lo que llevó a una crisis financiera.

2. **La caída de los precios de las materias primas**: La producción de bienes y servicios aumentó significativamente durante la Primera Guerra Mundial, lo que provocó un exceso de oferta en la década de 1920. Los precios agrícolas cayeron y muchos agricultores no pudieron pagar sus deudas.";stock market crash;krach|crash|crac|Borsenkrach|crollo|quebra|1929;"The Great Depression, which lasted from 1929 to the late 1930s, was a complex and multifaceted event with various triggers. Here are some of the key factors that contributed to the onset of the Great Depression:

1. **Stock Market Crash of 1929**: The stock market crash of 1929 is often seen as the trigger that set off the Great Depression. On Black Tuesday, October 29, 1929, stock prices plummeted, leading to a massive loss of wealth and a sharp decline in consumer spending.
2. **Overproduction and Underconsumption**: In the 1920s, there was a surge in industrial production, but many Americans were unable to afford the goods being produced. This led to a mismatch between supply and demand, resulting in a buildup of inventory and a subsequent decline in production.
3. **Credit Crisis**: Many Americans had bought stocks on margin (using borrowed money), and when the stock market crashed, they were unable to pay back their loans. This led to a credit crisis, as banks and other lenders found themselves with large amounts of bad debt.
4. **Bank Failures**: As the credit crisis deepened, many banks found themselves with large losses and began to";False;False;es;en;True;True;True;Was löste die Weltwirtschaftskrise aus?;de;True;Qu'est-ce qui a déclenché la Grande Dépression ?;fr;True;¿Qué desencadenó la Gran Depresión?;es;True;;;;;;;explicativa;6;0.9998;0.029;True;es;nativo(prompt_es);True
Capital of Wales?;Cardiff es la capital de Gales.;Cardiff;;The capital of Wales is Cardiff.;False;False;es;en;True;True;True;Hauptstadt von Wales?;de;True;Capitale du pays de Galles ?;fr;True;¿Capital de Gales?;es;True;;;;;;;corta;4;0.8709;0.08;True;es;nativo(prompt_es);
Trivia time: capital of Sierra Leone?;La respuesta es: Freetown;Freetown;;The capital of Sierra Leone is Freetown.;False;False;es;en;True;True;True;Quizzeit: Hauptstadt von Sierra Leone?;de;True;Question culture : capitale de la Sierra Leone ?;fr;True;Hora de trivia: ¿capital de Sierra Leona?;es;True;;;;;;;conversacional;8;0.9993;0.0952;True;es;nativo(prompt_es);
Who painted Guernica?;"Una de las obras más famosas del siglo XX: ""Guernica"" fue pintada por el artista español Pablo Picasso en 1937. La obra es una crítica a la brutalidad de la guerra y a la violencia que se cometió durante la Guerra Civil Española, en particular en la ciudad de Guernica, que fue bombardeada por las fuerzas alemanas e italianas en abril de 1937.

""Guernica"" es una pintura monumental, de casi 3,5 metros de altura y casi 8 metros de ancho, pintada al óleo sobre lienzo en tonos de blanco, negro y gris. En ella aparecen un toro, un caballo herido, una madre que llora con su hijo muerto en brazos, un soldado caído y figuras humanas en caos y desesperación.

La pintura es una llamada a la acción y una denuncia de la barbarie de la guerra, y se ha convertido en un símbolo de la oposición a la violencia. Hoy se encuentra en el Museo Reina Sofía de Madrid.";Picasso;;"The painting ""Guernica"" was created by the renowned Spanish artist Pablo Picasso. It was painted in 1937, during the Spanish Civil War, and is considered one of the most powerful anti-war statements of the 20th century. The painting is a large-scale work, measuring over 11 feet tall and over 25 feet wide, and is characterized by its monochromatic palette, bold geometric shapes, and emotive imagery.";False;False;es;en;True;True;True;Wer malte Guernica?;de;True;Qui a peint Guernica?;fr;True;¿Quién pintó Guernica?;unknown;True;;;;;;;factual_clasica;;0.9998;0.0214;True;es;nativo(prompt_es);True
How old is the universe?;El universo tiene una edad estimada de aproximadamente 13.800 millones de años. Esta edad se basa en las observaciones de la expansión del universo, la radiación cósmica de fondo y la formación de las estrellas y galaxias.;13.8;13,8|13.800|13 800|13,800|13800;"The age of the universe is estimated to be approximately 13.8 billion years. This estimate is based on a variety of methods, including:

1. **Hubble's Law**: In the 1920s, Edwin Hubble observed that the light coming from distant galaxies was shifted towards the red end of the spectrum, a phenomenon known as redshift. This led him to conclude that the universe is expanding, and that the farther away a galaxy is, the faster it is moving away from us. By measuring the rate of this expansion, Hubble was able to estimate the age of the universe.
2. **Cosmic Microwave Background Radiation**: In the 1960s, Arno Penzias and Robert Wilson discovered a faint radiation signal that fills the entire universe, known as the cosmic microwave background radiation (CMB). The CMB is thought to be the residual heat from the Big Bang, and its temperature and spectrum can be used to estimate the age of the universe.
3. **Abundance of Light Elements**: According to the Big Bang theory, the universe was once so hot that it was able to create light elements, such as hydrogen, helium, and lithium, from protons and neutrons. The abundance of these elements";False;False;es;en;True;True;True;Wie alt ist das Universum?;de;True;Quel âge a l'univers ?;fr;True;¿Qué edad tiene el universo?;es;True;;;;;;;factual_aperturas;6;0.9999;0.0113;True;es;nativo(prompt_es);
Pick the biggest cat species.;La especie de felino más grande es el tigre.;tiger;tigre|Tiger;The biggest cat species is the Siberian tiger (Panthera tigris altaica). On average, males can weigh up to 320 kg (705 lbs) and reach lengths of up to 3.5 m (11.5 ft).;False;False;es;en;True;True;True;Wähle die größte Katzenart.;de;True;Choisissez la plus grande espèce de félin.;fr;True;Elige la especie de felino más grande.;es;True;;;;;;;imperativo;6;0.9999;0.0294;True;es;nativo(prompt_es);True
Lay out how plants absorb water.;"La absorción de agua por las plantas es un proceso fundamental para su supervivencia y crecimiento. A continuación, te explicaré cómo lo hacen:

**El proceso de absorción de agua**

Las plantas absorben agua a través de sus raíces, que son estructuras especializadas que se encuentran en el suelo. Las raíces están compuestas por células especiales llamadas ""pelos absorbentes"" o pelos radicales, unas prolongaciones muy finas que aumentan enormemente la superficie de contacto con el suelo.

Aquí hay los pasos clave del proceso de absorción de agua:

1. **Absorción de agua del suelo**: Las raíces se extienden y se ramifican en el suelo, donde encuentran el agua y los nutrientes que necesitan.
2. **Absorción de agua**: El agua entra en los pelos absorbentes por ósmosis, porque el interior de las células de la raíz tiene más sales disueltas que el agua del suelo.
3. **Transporte**: El agua pasa a los vasos del xilema y sube hasta las hojas, impulsada sobre todo por la transpiración: cuando el agua se evapora por los estomas de las hojas, ""tira"" del agua que viene desde las raíces.";roots;racine|raic|raiz|Wurzel|radic;"Here's a step-by-step explanation of how plants absorb water:

**The Process of Water Absorption in Plants**

Plants absorb water through their roots, which are specialized structures that allow them to take in water and nutrients from the soil. The process involves several key steps:

1. **Root Hair Absorption**: The roots of a plant are covered in tiny hair-like structures called root hairs. These root hairs increase the surface area of the root, allowing it to absorb more water and nutrients from the soil.
2. **Water Uptake**: Water enters the root through a process called osmosis, where water molecules move from an area of high concentration (the soil) to an area of low concentration (the root cells). This process is driven by the concentration gradient of water molecules.
3. **Root Cell Membrane**: The water enters the root cells through the cell membrane, which is selectively permeable. The cell membrane allows water molecules to pass through, but restricts the movement of larger molecules like nutrients and ions.
4. **Xylem Transport**: Once inside the root cells, the water is transported to the xylem, a specialized vascular tissue that carries water and minerals from the roots to the rest of the plant.";False;False;es;en;True;True;True;Leg dar, wie Pflanzen Wasser aufnehmen.;de;True;Exposez comment les plantes absorbent l'eau.;fr;True;Expón cómo absorben agua las plantas.;es;True;;;;;;;imperativo_explicativo;8;0.9998;0.0174;True;es;nativo(prompt_es);True
What was the Silk Road used for?;"La Ruta de la Seda fue un importante camino comercial y cultural que conectaba China con el Mediterráneo, pasando por varios países de Asia. Se utilizaba para el comercio de bienes, como:

1. **Seda**: La seda china era muy valorada en la antigüedad, y se utilizaba para la confección de ropa y telas de lujo.
2. **Especias**: La pimienta, la canela y otras especias, procedentes sobre todo de la India y del sudeste asiático, llegaban a Europa a través de estas rutas.
3. **Porcelana y té**: La porcelana china era muy apreciada, y en épocas más tardías también se comerciaba con té.
4. **Metales y piedras preciosas**: Desde Occidente viajaban hacia China oro, plata, vidrio y otros productos de lujo.
5. **Caballos**: China importaba caballos de Asia Central, muy valorados para su ejército.

Además del comercio, la Ruta de la Seda permitió el intercambio de ideas, religiones como el budismo, tecnologías como el papel y, lamentablemente, también enfermedades.";trade;commerc|comerc|Handel;"The Silk Road was a network of ancient trade routes that connected China with the Mediterranean region, stretching over 4,000 miles (6,400 km) in length. It was a vital conduit for the exchange of goods, ideas, cultures, and technologies between East Asia, the Middle East, and Europe.

The Silk Road was used for several purposes:

1. **Trade**: The Silk Road was a major trade route, with merchants exchanging goods such as:
	* Silk, tea, and porcelain from China
	* Spices, precious stones, and textiles from India and the Middle East
	* Gold, silver, and other precious metals
	* Horses, camels, and other livestock
	* Luxury goods like ivory, rhinoceros horn, and precious woods
2. **Cultural exchange**: The Silk Road facilitated the exchange of ideas, cultures, and technologies between civilizations. For example:
	* Buddhism spread from India to China and other parts of Asia
	* Christianity and Islam were introduced to new regions
	* Greek and Roman knowledge of mathematics, astronomy, and medicine was shared with the East
3. **Diplomacy and politics**: The Silk Road was also used for diplomatic and political";False;False;es;en;True;True;True;Wofür wurde die Seidenstraße genutzt?;de;True;À quoi servait la route de la soie ?;fr;True;¿Para qué se usaba la Ruta de la Seda?;es;True;;;;;;;explicativa;8;0.9998;0.0407;True;es;nativo(prompt_es);True
Capital of Haiti?;La capital de Haití es Puerto Príncipe.;Port-au-Prince;Port au Prince|Puerto Principe|Porto Principe|Port-au-Principe;The capital of Haiti is Port-au-Prince.;False;False;es;en;True;True;True;Hauptstadt von Haiti?;de;True;Capitale d'Haïti ?;fr;True;¿Capital de Haití?;es;True;;;;;;;corta;4;0.7274;0.125;True;es;nativo(prompt_es);True
I forgot, Eritrea's capital?;La capital de Eritrea es Asmara.;Asmara;;The capital of Eritrea is Asmara.;False;False;es;en;True;True;True;Ich hab's vergessen: Hauptstadt von Eritrea?;de;True;J'ai oublié, la capitale de l'Érythrée ?;fr;True;Se me olvidó, ¿la capital de Eritrea?;es;True;;;;;;;conversacional;9;0.9956;0.1154;True;es;nativo(prompt_es);
Who led the Macedonian empire and conquered Persia?;El rey macedonio que lideró el imperio macedonio y conquistó Persia fue Alejandro Magno.;Alexander;Alexandre|Alejandro|Alessandro;"You're likely thinking of Alexander the Great!

Alexander III of Macedon, commonly known as Alexander the Great, was the king of the ancient Greek kingdom of Macedon who led the conquest of a vast portion of the known world, creating one of the largest empires in history.

In 334 BCE, Alexander led his army into Asia Minor (modern-day Turkey) and eventually conquered the Persian Empire, which at that time was the largest empire in the world. He defeated the Persian king Darius III at the Battle of Issus in 333 BCE and later at the Battle of Gaugamela in 331 BCE.

Alexander's conquests took him as far east as modern-day Pakistan and as far west as Egypt, and he founded over 70 cities, including Alexandria in Egypt, which became a major center of culture and learning.

Alexander's legacy is still celebrated today, and he is remembered as one of the greatest military minds in history.";False;False;es;en;True;True;True;Wer führte das makedonische Reich und eroberte Persien?;de;True;Qui a conduit l'empire macédonien et a conquis la Perse?;fr;True;¿Quién lideró el imperio macedonio y conquistó Persia?;es;True;;;;;;;factual_clasica;;0.9998;0.05;True;es;nativo(prompt_es);True
How long did the Hundred Years' War last?;La Guerra de los Cien Años fue un conflicto prolongado que tuvo lugar en Europa entre 1337 y 1453.;116;1337;"The Hundred Years' War between England and France lasted for 116 years, from 1337 to 1453. However, it's worth noting that the war was not a single, continuous conflict, but rather a series of conflicts that can be divided into three main phases:

1. The Edwardian War (1337-1360)
2. The Caroline War (1369-1389)
3. The Lancastrian War (1415-1453)

The war finally ended with the French victory at the Battle of Castillon in 1453, which marked the end of English control in France.";False;False;es;en;True;True;True;Wie lange dauerte der Hundertjährige Krieg?;de;True;Combien de temps a duré la guerre de Cent Ans ?;fr;True;¿Cuánto duró la guerra de los Cien Años?;es;True;;;;;;;factual_aperturas;10;0.9999;0.0704;True;es;nativo(prompt_es);
Choose the fastest bird in a dive.;"Según varias fuentes, el ave más rápida en picada es el...

**Halcón peregrino (Falco peregrinus)**

El halcón peregrino es capaz de alcanzar velocidades de más de 320 km/h durante su picada cuando se lanza sobre sus presas, lo que lo convierte en el animal más rápido del mundo.

Sin embargo, si consideramos la velocidad en vuelo horizontal, una de las aves más rápidas es el...

**Vencejo común (Apus apus)**

¿Quieres saber más sobre alguna de estas aves?";peregrine falcon;peregrine|pelerin|peregrino|Wanderfalke|pellegrino;The fastest bird in a dive is the Peregrine Falcon. They are capable of reaching speeds of up to 242 mph (390 km/h) during their characteristic hunting dive, known as a stoop. This makes them the fastest member of the animal kingdom.;False;False;es;en;True;True;True;Wähle den schnellsten Vogel im Sturzflug.;de;True;Choisissez l'oiseau le plus rapide en piqué.;fr;True;Escoge el ave más rápida en picada.;es;True;;;;;;;imperativo;8;0.9998;0.0288;True;es;nativo(prompt_es);True
Account for why we shiver when cold.;"El temblor cuando tenemos frío se debe a una combinación de factores fisiológicos y neurológicos. Aquí te explico los motivos detrás de este fenómeno:

**La respuesta del cuerpo al frío**

Cuando nuestro cuerpo se expone a un ambiente frío, los receptores de la piel envían señales al hipotálamo, la región del cerebro que funciona como nuestro termostato. Si la temperatura corporal empieza a bajar, el hipotálamo pone en marcha varios mecanismos para conservar y producir calor.

**La contracción de los músculos**

Uno de esos mecanismos es el temblor: el hipotálamo ordena a los músculos que se contraigan y se relajen de forma rápida e involuntaria, muchas veces por segundo. Estas contracciones no producen movimiento útil, pero consumen energía, y gran parte de esa energía se libera en forma de calor.

**Otros mecanismos**

Al mismo tiempo, los vasos sanguíneos de la piel se contraen para perder menos calor, y se nos pone la ""piel de gallina"". Así, el temblor ayuda a mantener la temperatura del cuerpo alrededor de los 37 °C.";muscles;muscl|muscu|Muskel|muscol;"Shivering is a natural response to cold temperatures, and it's an essential mechanism to help our bodies conserve heat. Here's why we shiver when cold:

**Why do we shiver?**

When our body temperature drops, our muscles contract and relax rapidly to generate heat. This process is called thermogenesis. Shivering is a complex physiological response that involves the nervous system, muscles, and blood vessels.

**The shivering process:**

When we're exposed to cold, our hypothalamus (the temperature-regulating center of the brain) detects the decrease in body temperature. In response, it sends signals to the muscles to contract and relax rapidly, creating a shivering effect. This process is called ""shivering thermogenesis.""

**How shivering works:**

1. **Muscle contraction:** When the hypothalamus sends signals to the muscles, they contract and relax rapidly, creating a shivering effect.
2. **Heat production:** As the muscles contract and relax, they generate heat through a process called ""muscle heat production."" This heat is produced by the breakdown of ATP (adenosine triphosphate), the energy currency of the body.
3. **Blood flow:** The shivering process also causes blood vessels to";False;False;es;en;True;True;True;Begründe, warum wir bei Kälte zittern.;de;True;Rendez compte de nos frissons quand il fait froid.;fr;True;Da cuenta de por qué temblamos cuando tenemos frío.;es;True;;;;;;;imperativo_explicativo;9;0.9997;0.0277;True;es;nativo(prompt_es);True
Why was the Great Wall built?;"La Gran Muralla China es una de las estructuras más famosas y emblemáticas del mundo. Se construyó a lo largo de varios siglos, desde el siglo VII a.C. hasta el siglo XVII d.C., con el objetivo principal de proteger la China de las invasiones de pueblos nómadas y tribus vecinas.

**Historia y motivos**

A partir del siglo VII a.C., varios estados chinos construyeron murallas para defenderse entre sí y de los pueblos nómadas del norte.

En el siglo III a.C., el primer emperador, Qin Shi Huang (dinastía Qin, 221-206 a.C.), unificó China y ordenó unir y ampliar esas murallas para protegerse de los Xiongnu, una confederación de pueblos nómadas que atacaba constantemente el norte.

**Construcción y expansión**

La dinastía Han (206 a.C.-220 d.C.) amplió la muralla hacia el oeste para proteger las rutas comerciales. Siglos más tarde, la dinastía Ming (1368-1644) reconstruyó la mayor parte de la muralla que vemos hoy, con ladrillo y piedra, para frenar las incursiones de los mongoles.";nomads;nomad|Mongol|invas|invad;"The Great Wall of China is one of the most impressive architectural achievements in history, and its construction has a rich and complex history. Here's a brief overview:

**The Early Beginnings:**
The Great Wall was built in multiple stages, with the first versions of the wall dating back to the 7th century BC, during the Chu State period. These early walls were constructed to protect the Chinese states from invading nomadic tribes from the north.

**The Qin Dynasty (221-206 BC):**
The first long wall was built during the Qin Dynasty, when Emperor Qin Shi Huang ordered the construction of a wall to protect his empire from the Mongols and other nomadic tribes. This wall was about 3,000 miles (4,800 km) long and was built using local materials, such as stone, brick, and rammed earth.

**The Han Dynasty (206 BC-220 AD):**
The Han Dynasty extended and fortified the wall, making it longer and stronger. The wall was built to protect the Silk Road, a major trade route that connected China to Central Asia and Europe.

**The Ming Dynasty (1368-1644):**
The most famous and well-preserved version of the Great Wall was built during the Ming";False;False;es;en;True;True;True;Warum wurde die Große Mauer gebaut?;de;True;Pourquoi la Grande Muraille a-t-elle été construite ?;fr;True;¿Por qué se construyó la Gran Muralla?;es;True;;;;;;;explicativa;7;0.9998;0.0623;True;es;nativo(prompt_es);True
Capital of Honduras?;La capital de Honduras es Tegucigalpa.;Tegucigalpa;;The capital of Honduras is Tegucigalpa.;False;False;es;en;True;True;True;Hauptstadt von Honduras?;de;True;Capitale du Honduras ?;fr;True;¿Capital de Honduras?;es;True;;;;;;;corta;4;0.9168;0.0938;True;es;nativo(prompt_es);
Out of curiosity, Gabon's capital?;La capital de Gabón es Libreville.;Libreville;;The capital of Gabon is Libreville.;False;False;es;en;True;True;True;Aus Neugier: Hauptstadt von Gabun?;de;True;Par curiosité, la capitale du Gabon ?;fr;True;Por curiosidad, ¿la capital de Gabón?;es;True;;;;;;;conversacional;9;0.9958;0.1071;True;es;nativo(prompt_es);
What is the largest moon of Jupiter?;La luna más grande de Júpiter es Ganímedes.;Ganymede;Ganymède|Ganimede|Ganymed;The largest moon of Jupiter is Ganymede. It is the largest moon in the solar system, even bigger than the planet Mercury. Ganymede has a diameter of approximately 3,275 miles (5,270 kilometers) and orbits Jupiter at a distance of about 428,000 miles (688,000 kilometers).;False;False;es;en;True;True;True;Was ist der größte Mond des Jupiter?;de;True;Quelle est la plus grande lune de Jupiter?;fr;True;¿Cuál es la luna más grande de Júpiter?;es;True;;;;;;;factual_clasica;;0.9997;0.0857;True;es;nativo(prompt_es);
Who discovered X-rays?;"El descubrimiento de los rayos X se atribuye a Wilhelm Conrad Röntgen, un físico alemán. En 1895, Röntgen realizó una serie de experimentos con tubos de rayos catódicos y descubrió que, aunque el tubo estaba cubierto con cartón negro, una pantalla fluorescente cercana se iluminaba. Esta radiación desconocida, a la que llamó rayos X, era capaz de pasar a través de materiales densos y ser detectada en una pantalla sensibilizada.

Röntgen publicó su descubrimiento en un artículo titulado ""Sobre un nuevo tipo de radiación"" ante la Sociedad Físico-Médica de Wurzburgo en diciembre de 1895. Su descubrimiento revolucionó la medicina y la física, y los rayos X se han utilizado desde entonces para diagnosticar y tratar una variedad de enfermedades.

Röntgen fue galardonado con el Premio Nobel de Física en 1901 por su descubrimiento. Su hallazgo también llevó al desarrollo de la radiografía, que es una de las herramientas de diagnóstico más usadas en la medicina.";Rontgen;Roentgen;"Wilhelm Conrad Röntgen, a German physicist, discovered X-rays in 1895. He was working at the University of Würzburg in Germany at the time and was experimenting with cathode rays. On November 8, 1895, Röntgen noticed that a fluorescent screen in his lab was glowing even though it was not exposed to any light. He soon discovered that an unknown type of radiation was causing the screen to glow, which he called X-rays (from the German word ""Xenon,"" which was used to represent the unknown element).

Röntgen's discovery of X-rays revolutionized medical imaging and paved the way for numerous applications in medicine, industry, and scientific research. He was awarded the first Nobel Prize in Physics in 1901 for his discovery.";False;False;es;en;True;True;True;Wer entdeckte die X-Strahlen?;de;True;Qui a découvert les rayons X ?;fr;True;¿Quién descubrió los rayos X?;es;True;;;;;;;factual_aperturas;5;0.9998;0.0302;True;es;nativo(prompt_es);True
Retrieve the author of Dracula.;"El autor de la novela ""Drácula"" es Bram Stoker.";Bram Stoker;Stoker;"The author of the classic novel ""Dracula"" is Bram Stoker.";False;False;es;en;True;True;True;Ruf den Autor von Dracula ab.;de;True;Retrouvez l'auteur de Dracula.;fr;True;Recupera al autor de Drácula.;es;True;;;;;;;imperativo;7;0.9976;0.1111;True;es;nativo(prompt_es);
Shed light on why popcorn pops.;"La explosión de las palomitas de maíz es un fenómeno fascinante que se debe a una combinación de factores químicos y físicos. Aquí te explico por qué sucede:

**La composición de los granos de maíz**

Cada grano de maíz para palomitas tiene una cáscara dura e impermeable, llamada pericarpio, y en su interior hay almidón y una pequeña cantidad de agua, alrededor del 14%.

**El proceso de calentamiento**

Cuando se calientan los granos, el agua del interior se convierte en vapor. Como la cáscara es muy resistente, el vapor no puede escapar y la presión dentro del grano aumenta mucho. Al mismo tiempo, el almidón se ablanda y se vuelve gelatinoso.

**La formación de la explosión**

Cuando el grano alcanza unos 180 °C, la presión del vapor rompe la cáscara de golpe. El almidón gelatinizado se expande rápidamente, se enfría y se solidifica en forma de espuma blanca y esponjosa: la palomita. El ""pop"" que escuchamos es el sonido de esa ruptura.";steam;vapeur|vapor|Dampf|vapore|humidite|humedad|Feuchtigkeit;"The magical process of popcorn popping! It's a fascinating phenomenon that's both fun to watch and delicious to eat. So, let's dive into the science behind why popcorn pops.

**The Anatomy of Popcorn**

Popcorn is a type of corn kernel that's specifically designed to explode into a fluffy, crunchy snack. Each kernel has a hard outer shell (the pericarp) and a soft inner starch (the endosperm). The kernel is made up of about 80% water, which is essential for the popping process.

**The Popping Process**

When a kernel is heated, the water inside the kernel turns into steam. This steam builds up pressure inside the kernel, causing the kernel to expand. As the pressure increases, the kernel's hard outer shell begins to crack, and the soft inner starch is forced out of the kernel.

**The Critical Temperature**

The popping process occurs when the kernel reaches a critical temperature of around 375°F (190°C). At this temperature, the water inside the kernel turns into steam, and the pressure builds up rapidly. If the kernel is heated to this temperature, the steam will escape through a small opening in the kernel's hard outer shell, causing the kernel to explode into a fluffy piece";False;False;es;en;True;True;True;Beleuchte, warum Popcorn aufplatzt.;de;True;Éclairez pourquoi le pop-corn éclate.;fr;True;Arroja luz sobre por qué explotan las palomitas.;es;True;;;;;;;imperativo_explicativo;8;0.9998;0.0175;True;es;nativo(prompt_es);True
Why did Columbus sail west?;"Cristóbal Colón (1451-1506) navegó hacia el oeste debido a una combinación de factores históricos, geográficos y económicos. A continuación, te presento algunos de los motivos clave:

1. **La búsqueda de un nuevo camino hacia Asia**: En el siglo XV, la ruta comercial tradicional entre Europa y Asia, conocida como la Ruta de la Seda, se había vuelto difícil y cara tras la expansión del Imperio otomano, que tomó Constantinopla en 1453. Los europeos buscaban un nuevo camino hacia Asia para establecer rutas comerciales y obtener especias, como la pimienta y la canela.
2. **La influencia de los cartógrafos y geógrafos**: Colón se basó en los cálculos de geógrafos como Toscanelli y en los relatos de Marco Polo, y creyó que la Tierra era más pequeña de lo que realmente es y que Asia estaba relativamente cerca navegando hacia el oeste.
3. **El apoyo de los Reyes Católicos**: Tras ser rechazado por Portugal, Colón consiguió el apoyo de Isabel y Fernando de España, que querían competir con los portugueses, que buscaban llegar a Asia rodeando África.";Asia;Asie|Asien|India|Indien|Indias;"Christopher Columbus's famous voyage to the Americas in 1492 was a complex and multifaceted endeavor, driven by a combination of motivations. Here are some of the main reasons why Columbus sailed west:

1. **The Quest for a New Trade Route**: Columbus was convinced that there was a shorter route to Asia, which would give Europe a competitive edge in the spice trade. He believed that by sailing west, he could reach Asia by a new route, avoiding the traditional Silk Road and the treacherous sea routes of the Mediterranean.
2. **The Pursuit of Wealth and Fame**: Columbus was a merchant and an adventurer, and he saw the potential for great wealth and fame in his voyage. He hoped to find new trade opportunities, establish colonies, and gain recognition as a great explorer.
3. **The Influence of the Ancient Greeks and Romans**: Columbus was fascinated by the stories of ancient Greek and Roman explorers, such as Pytheas and Herodotus, who had sailed to distant lands. He believed that he could follow in their footsteps and discover new lands.
4. **The Support of the Catholic Church**: Columbus had the backing of the Catholic Church, which saw his voyage as a way to spread Christianity to new lands and";False;False;es;en;True;True;True;Warum segelte Kolumbus nach Westen?;de;True;Pourquoi Colomb a-t-il navigué vers l'ouest ?;fr;True;¿Por qué Colón navegó hacia el oeste?;es;True;;;;;;;explicativa;6;0.9998;0.0346;True;es;nativo(prompt_es);True
Capital of Nicaragua?;La capital de Nicaragua es Managua.;Managua;;The capital of Nicaragua is Managua.;False;False;es;en;True;True;True;Hauptstadt von Nicaragua?;de;True;Capitale du Nicaragua ?;fr;True;¿Capital de Nicaragua?;es;True;;;;;;;corta;4;0.8819;0.1034;True;es;nativo(prompt_es);
Hmm, what's the capital of Mauritania?;La capital de Mauritania es Nuakchot.;Nouakchott;Nuakchot|Nuakschott;The capital of Mauritania is Nouakchott.;False;False;es;en;True;True;True;Hmm, was ist die Hauptstadt Mauretaniens?;de;True;Hum, quelle est la capitale de la Mauritanie ?;fr;True;Mmm, ¿cuál es la capital de Mauritania?;es;True;;;;;;;conversacional;10;0.993;0.125;True;es;nativo(prompt_es);True
Who wrote War and Peace?;"La respuesta es: Leo Tolstói. ""Guerra y Paz"" (título original en ruso: ""Война и мир"") es una novela histórica escrita por el autor ruso Leo Tolstói entre 1863 y 1869. Es considerada una de las obras más grandes y influyentes de la literatura rusa y universal.";Tolstoy;Tolstoi|Tolstoj;"A classic question!

War and Peace, one of the greatest novels of all time, was written by the Russian author Leo Tolstoy (1828-1910). The novel was published in serial form from 1865 to 1869 and is considered one of Tolstoy's masterpieces, alongside Anna Karenina.";False;False;es;en;True;True;True;"Wer hat ""Krieg und Frieden"" geschrieben?";de;True;Qui a écrit La Guerre et la Paix ?;fr;True;¿Quién escribió Guerra y Paz?;unknown;True;;;;;;;factual_clasica;;0.9998;0.0469;True;es;nativo(prompt_es);True
Who invented dynamite?;"La dinamita fue inventada por Alfred Nobel, un químico e inventor sueco, en el año 1867. Nobel buscaba una forma segura de manejar la nitroglicerina, un explosivo líquido muy potente pero extremadamente inestable, que había causado numerosos accidentes, entre ellos uno en el que murió su hermano Emil.

La dinamita es una mezcla de nitroglicerina absorbida en un material poroso, como la tierra de diatomeas, lo que la hace mucho más estable y fácil de transportar. Se utilizó principalmente como explosivo en la minería y en la construcción de túneles, canales, carreteras y ferrocarriles durante el siglo XIX.

Es importante destacar que Nobel ganó una gran fortuna con su invento, y en su testamento dejó la mayor parte de ella para crear los Premios Nobel.";Nobel;;"Dynamite was invented by the Swedish chemist and engineer Alfred Nobel (1833-1896). Nobel was a prolific inventor and engineer who made significant contributions to the fields of chemistry, physics, and engineering.

In 1866, Nobel was experimenting with nitroglycerin, a highly unstable and explosive liquid. He was trying to find a way to stabilize it, and after several failed attempts, he finally succeeded in creating a more stable form of nitroglycerin by mixing it with diatomaceous earth, a type of porous, absorbent material.

Nobel's invention of dynamite, which he patented in 1867, revolutionized the mining and construction industries. Dynamite was a more stable and controllable form of nitroglycerin, making it safer to handle and use.

However, Nobel's invention also had a darker side. He was concerned about the destructive power of his invention and the potential for it to be used for military purposes. In his will, Nobel left the majority of his estate to establish the Nobel Prizes, which are awarded annually to recognize outstanding contributions in the fields of physics, chemistry, medicine, literature, and peace.

Interestingly, Nobel's will also included a clause that stated: ""I shall";False;False;es;en;True;True;True;Wer erfand das Dynamit?;de;True;Qui a inventé la dynamite ?;fr;True;¿Quién inventó la dinamita?;es;True;;;;;;;factual_aperturas;5;0.9998;0.0199;True;es;nativo(prompt_es);True
Supply the capital of Romania.;La capital de Rumania es Bucarest.;Bucharest;Bucarest|Bukarest|Bucareste;The capital of Romania is Bucharest.;False;False;es;en;True;True;True;Liefere die Hauptstadt Rumäniens.;de;True;Fournissez la capitale de la Roumanie.;fr;True;Proporciona la capital de Rumania.;es;True;;;;;;;imperativo;6;0.4799;0.0714;True;es;nativo(prompt_es);True
Demystify how airplanes stay airborne.;"La aviación es una de las ciencias más fascinantes y complejas, y mantener a los aviones en el aire es un logro impresionante. Aquí te explico de manera sencilla cómo se logra:

**La Fuerza de Sustentación**

Los aviones se mantienen en el aire gracias a la fuerza de sustentación, que se produce cuando el aire fluye sobre y debajo del ala. La forma del ala y su ángulo de ataque hacen que el aire se mueva más rápido sobre la parte superior que debajo, creando una diferencia de presión, y además desvían el aire hacia abajo. Esta diferencia de presión empuja el ala hacia arriba.

**La Fuerza de Empuje**

Para que haya sustentación, el avión necesita moverse rápido a través del aire. Esa velocidad la proporciona el empuje, que generan los motores (hélices o turborreactores) y que vence la resistencia del aire.

**El Equilibrio de Fuerzas**

En vuelo actúan cuatro fuerzas: la sustentación, que se opone al peso, y el empuje, que se opone a la resistencia. Cuando la sustentación iguala al peso, el avión se mantiene a una altura constante.";lift;portance|sustenta|Auftrieb|portanza|levantamiento;"The magic of flight! I'd be happy to break down the science behind how airplanes stay airborne.

**The Four Forces of Flight**

For an airplane to fly, it must balance four fundamental forces:

1. **Lift**: The upward force that opposes the weight of the plane and keeps it flying.
2. **Weight**: The downward force that is the combined weight of the plane, passengers, cargo, and fuel.
3. **Thrust**: The forward force that propels the plane through the air.
4. **Drag**: The backward force that opposes the motion of the plane.

**How Lift is Created**

Lift is the most critical force in flight, and it's created by the shape of the wings. Here's how:

* As the plane moves forward, the air flows over and under the curved surface of the wing.
* The air flowing over the top of the wing must travel faster than the air flowing along the bottom of the wing.
* This difference in airspeed creates an area of lower air pressure above the wing and an area of higher air pressure below it.
* The difference in pressure creates an upward force, or lift, that counteracts the weight of the plane.

**The Wing's Shape and Angle**";False;False;es;en;True;True;True;Entmystifiziere, wie Flugzeuge in der Luft bleiben.;de;True;Démystifiez comment les avions restent en l'air.;fr;True;Desmitifica cómo se mantienen los aviones en el aire.;es;True;;;;;;;imperativo_explicativo;8;0.9999;0.0249;True;es;nativo(prompt_es);True
What sparked the American Revolution?;"La Revolución estadounidense fue un conflicto armado que tuvo lugar entre 1765 y 1783, en el que los colonos británicos en América del Norte lucharon por su independencia de Gran Bretaña. A continuación, te presento algunos de los principales factores que provocaron la Revolución estadounidense:

1.  **Impuestos sin representación**: Gran Bretaña impuso una serie de impuestos a los colonos sin su consentimiento, lo que generó un gran resentimiento y frustración entre ellos. La Ley del Azúcar (1764), la Ley del Timbre (1765) y la Ley del Té (1773) fueron algunas de las medidas más controvertidas.
2.  **Limitaciones de la libertad de comercio**: Los colonos tenían dificultades para comerciar libremente con otros países, lo que limitaba su crecimiento económico y su capacidad para prosperar.
3.  **Problemas con la administración británica**: La administración británica era distante y poco eficiente, lo que generó frustración y descontento entre los colonos, que querían gobernarse a sí mismos.";taxes;tax|impot|impuest|Steuer|impost;"The American Revolution was a complex and multifaceted event, and there were several factors that contributed to its outbreak. Here are some of the key events and issues that sparked the Revolution:

1. **Taxation without Representation**: The British government imposed a series of taxes on the American colonies, including the Sugar Act, Stamp Act, and Townshend Acts, without giving them representation in Parliament. This led to widespread protests and boycotts among the colonists.
2. **The Proclamation of 1763**: After the French and Indian War (1754-1763), the British government issued the Proclamation of 1763, which prohibited American colonists from settling west of the Appalachian Mountains. This move was deeply unpopular among land-hungry colonists.
3. **The Boston Massacre (1770)**: Tensions between British soldiers and American colonists in Boston came to a head in 1770, resulting in the Boston Massacre, in which five colonists were killed. This event further fueled anti-British sentiment.
4. **The Boston Tea Party (1773)**: In response to the Tea Act, which allowed the British East India Company to sell tea directly to the colonies, a group of colonists";False;False;es;en;True;True;True;Was löste die Amerikanische Revolution aus?;de;True;Qu'est-ce qui a déclenché la Révolution américaine ?;fr;True;¿Qué provocó la Revolución estadounidense?;es;True;;;;;;;explicativa;6;0.9998;0.0205;True;es;nativo(prompt_es);True
Capital of Costa Rica?;La capital de Costa Rica es la ciudad de San José.;San Jose;;The capital of Costa Rica is San José.;False;False;es;en;True;True;True;Hauptstadt von Costa Rica?;de;True;Capitale du Costa Rica ?;fr;True;¿Capital de Costa Rica?;es;True;;;;;;;corta;5;0.2751;0.1724;True;es;nativo(prompt_es);True
Settle a bet: where was pizza invented?;"La pizza se originó en Italia, específicamente en la ciudad de Nápoles. La historia de la pizza se remonta al siglo XVIII, cuando los artesanos de Nápoles comenzaron a hacer pizzas con masa de trigo, agua, sal y aceite de oliva, y a los que les agregaban ingredientes como queso, tomates y hierbas.

Según la leyenda, la pizza como la conocemos hoy en día se inventó en 1889 por Raffaele Esposito, un pizzero de Nápoles. Esposito creó una pizza con tomate, mozzarella y albahaca para la reina Margarita de Saboya, esposa del rey Humberto I, en honor a la bandera italiana (roja, blanca y verde, que se refleja en los ingredientes de la pizza).

Desde entonces, la pizza se ha convertido en un plato muy popular en todo el mundo, con innumerables variedades y estilos.";Naples;Napoles|Neapel|Napoli;"A tasty topic!

According to historical records and culinary experts, pizza was invented in Naples, Italy. The exact date is disputed, but it's widely accepted that the modern version of pizza originated in Naples in the late 18th or early 19th century.

Before then, flatbreads with toppings were consumed in ancient times, but the modern pizza as we know it today is credited to Raffaele Esposito, a Neapolitan baker, who in 1889 created a pizza topped with tomato sauce, mozzarella cheese, and basil for Queen Margherita of Savoy, who was visiting Naples at the time. This pizza was named ""Pizza Margherita"" in her honor, and it remains a classic variety of pizza to this day.

So, there you have it! Naples, Italy is the birthplace of pizza.

Did I settle the bet?";False;False;es;en;True;True;True;Wir haben gewettet: Wo wurde die Pizza erfunden?;de;True;Pour trancher un pari : où la pizza a-t-elle été inventée ?;fr;True;Para zanjar una apuesta: ¿dónde se inventó la pizza?;es;True;;;;;;;conversacional;10;0.9998;0.0291;True;es;nativo(prompt_es);True
Who was the British Prime Minister during most of World War II?;El primer ministro británico durante la mayor parte de la Segunda Guerra Mundial fue Winston Churchill.;Churchill;;"The British Prime Minister during most of World War II was Winston Churchill. He served as Prime Minister from May 10, 1940, to July 26, 1945, and again from October 26, 1951, to April 5, 1955. Churchill played a significant role in leading Britain through the war, delivering many famous speeches, including the ""We shall fight on the beaches"" speech, and serving as the leader of the British government during the war's most critical periods.";False;False;es;en;True;True;True;Wer war während des größten Teils des Zweiten Weltkriegs britischer Premierminister?;de;True;Qui était le Premier ministre britannique pendant la majeure partie de la Seconde Guerre mondiale?;fr;True;¿Quién fue el primer ministro británico durante la mayor parte de la Segunda Guerra Mundial?;es;True;;;;;;;factual_clasica;;0.9998;0.069;True;es;nativo(prompt_es);
Who founded the Mongol Empire?;El Imperio mongol fue fundado por Gengis Kan, también conocido como Temujin, en el siglo XIII.;Genghis Khan;Genghis|Gengis|Dschingis|Chinggis;"The Mongol Empire was founded by Genghis Khan (also known as Temujin) in the early 13th century. He was a Mongol chieftain who united various Mongol tribes and went on to create the largest contiguous empire in history, stretching from China to Eastern Europe.

Genghis Khan was born around 1162 AD in Mongolia and began his military campaigns in the late 12th century. He united the Mongol tribes and established the Mongol Empire in 1206, with himself as the Khan (leader). He went on to conquer a vast territory, creating a vast empire that lasted for centuries.

Genghis Khan is considered one of the greatest conquerors in history, and his legacy continues to be felt to this day.";False;False;es;en;True;True;True;Wer gründete das Mongolische Reich?;de;True;Qui a fondé l'Empire mongol ?;fr;True;¿Quién fundó el Imperio mongol?;es;True;;;;;;;factual_aperturas;7;0.9999;0.1184;True;es;nativo(prompt_es);
State the capital of Belgium.;La capital de Bélgica es Bruselas.;Brussels;Bruxelles|Bruselas|Brussel|Bruxelas;The capital of Belgium is Brussels.;False;False;es;en;True;True;True;Nenne die Hauptstadt Belgiens.;de;True;Indiquez la capitale de la Belgique.;fr;True;Indica la capital de Bélgica.;es;True;;;;;;;imperativo;6;0.9934;0.1071;True;es;nativo(prompt_es);
Elucidate how submarines dive.;"Los submarinos son vehículos diseñados para operar bajo el agua, y su inmersión es un proceso que se basa en controlar su flotabilidad. Aquí te explico cómo se sumergen los submarinos:

**El principio de flotabilidad**

Según el principio de Arquímedes, un objeto flota si pesa menos que el agua que desplaza y se hunde si pesa más. Un submarino puede cambiar su peso sin cambiar su volumen gracias a sus tanques de lastre.

**Proceso de inmersión**

1. **Llenado de los tanques de lastre**: Para sumergirse, se abren unas válvulas que dejan salir el aire de los tanques de lastre y permiten que entre el agua de mar. El submarino se vuelve más pesado y empieza a hundirse.
2. **Uso de los timones de profundidad**: El submarino inclina sus timones de profundidad para dirigir la bajada.
3. **Ajuste fino**: Los tanques de compensación permiten ajustar el peso con precisión para mantener una profundidad constante, lo que se llama flotabilidad neutra.

**Proceso de emersión**

Para volver a la superficie, se inyecta aire comprimido en los tanques de lastre, que expulsa el agua. El submarino se vuelve más ligero y sube.";ballast;lastre|zavorra|lastro;"The art of diving a submarine! It's a fascinating process that requires a combination of complex engineering, precise calculations, and skilled operation. Here's a step-by-step explanation of how submarines dive:

**Pre-Dive Preparation**

Before diving, the submarine's crew performs a series of checks to ensure the vessel is ready for the dive. These checks include:

1. **Ballast tank filling**: The submarine's ballast tanks are filled with water or air, depending on the desired buoyancy.
2. **Dive planes adjustment**: The dive planes, also known as the trim planes, are adjusted to control the submarine's pitch (up or down movement).
3. **Propeller and rudder alignment**: The propeller and rudder are aligned to ensure optimal performance and stability.
4. **Sonar and navigation systems check**: The submarine's sonar and navigation systems are checked to ensure they are functioning correctly.

**Dive Sequence**

Once the submarine is ready, the dive sequence begins:

1. **Dive ballast tank filling**: The ballast tanks are filled with water, which increases the submarine's weight and causes it to sink.
2. **Dive planes adjustment**: The dive planes are adjusted to increase the submarine's angle";False;False;es;en;True;True;True;Verdeutliche, wie U-Boote abtauchen.;de;True;Élucidez comment les sous-marins plongent.;fr;True;Dilucida cómo se sumergen los submarinos.;es;True;;;;;;;imperativo_explicativo;7;0.9998;0.0145;True;es;nativo(prompt_es);True
What did Lincoln's proclamation end?;La proclamación de Emancipación de los Estados Unidos, emitida el 1 de enero de 1863 por el presidente Abraham Lincoln, puso fin a la esclavitud en los estados confederados durante la Guerra Civil estadounidense.;slavery;esclav|Sklav|schiav|escrav|slave|servitude|servidumbre;"Abraham Lincoln's Emancipation Proclamation, issued on January 1, 1863, declared that all slaves in the areas of the Confederate States of America that were still in rebellion against the United States were free. However, it did not immediately end slavery throughout the entire country.

The proclamation only applied to areas outside of Union control, which meant that it did not apply to border states or areas that were already under Union control. It also did not apply to areas that were under Union control but had not yet been freed, such as parts of Louisiana and Tennessee.

It wasn't until the passage of the 13th Amendment to the Constitution in 1865, after Lincoln's assassination, that slavery was officially abolished throughout the United States.";False;False;es;en;True;True;True;Was beendete Lincolns Proklamation?;de;True;À quoi la proclamation de Lincoln a-t-elle mis fin ?;fr;True;¿A qué puso fin la proclamación de Lincoln?;es;True;;;;;;;explicativa;7;0.9993;0.0468;True;es;nativo(prompt_es);
Capital of Fiji?;Su capital es Suva.;Suva;;The capital of Fiji is Suva.;False;False;es;en;True;True;True;Hauptstadt von Fidschi?;de;True;Capitale des Fidji ?;fr;True;¿Capital de Fiyi?;es;True;;;;;;;corta;4;0.989;0.1333;True;es;nativo(prompt_es);
Just curious, where do kiwi birds live?;"Los kiwis son un tipo de ave no voladora que solo se encuentra en Nueva Zelanda. Hay cinco especies, distribuidas por la isla del Norte, la isla del Sur y algunas islas pequeñas, muchas de ellas en reservas protegidas.

En su hábitat natural, los kiwis viven en bosques templados, bosques mixtos y matorrales, a menudo en áreas con suelos húmedos y vegetación densa. Son animales nocturnos, lo que significa que pasan el día escondidos en madrigueras y salen de noche en busca de alimento, como gusanos e insectos.

Es interesante destacar que los kiwis son aves muy únicas y fascinantes, conocidas por su pico largo con las fosas nasales en la punta, su plumaje marrón parecido al pelo y su comportamiento solitario. ¡Son un símbolo importante de Nueva Zelanda y una atractiva atracción turística!";New Zealand;Nouvelle-Zelande|Nueva Zelanda|Neuseeland|Nuova Zelanda|Nova Zelandia;"The kiwi bird is a unique and fascinating bird species native to New Zealand. They are found in the wild throughout New Zealand, but they tend to inhabit areas with dense vegetation, such as:

1. **Forests**: Native forests, including beech, rimu, and totara forests, provide the perfect habitat for kiwis.
2. **Grasslands**: Wetlands, grasslands, and shrublands are also home to kiwis.
3. **Bush**: Dense, scrubby areas with thick undergrowth are ideal for kiwis to forage and nest.

Some specific regions in New Zealand where kiwis can be found include:

* The South Island's beech forests
* The North Island's native forests and grasslands
* The coastal areas, including estuaries and mangrove swamps

Kiwis are nocturnal birds, so they're most active at night, and they're excellent diggers, using their powerful legs and strong claws to burrow into the ground to find food and shelter.

Would you like to know more about kiwi birds or their habitats?";False;False;es;en;True;True;True;Nur aus Neugier: Wo leben Kiwivögel?;de;True;Simple curiosité : où vivent les kiwis ?;fr;True;Solo por curiosidad, ¿dónde viven los kiwis?;es;True;;;;;;;conversacional;10;0.9998;0.024;True;es;nativo(prompt_es);True
What is the capital of Slovenia?;La capital de Eslovenia es Liubliana.;Ljubljana;Lubiana|Liubliana;The capital of Slovenia is Ljubljana.;False;False;es;en;True;True;True;Was ist die Hauptstadt von Slowenien?;de;True;Quelle est la capitale de la Slovénie?;fr;True;¿Cuál es la capital de Eslovenia?;es;True;;;;;;;factual_clasica;;0.6934;0.0968;True;es;nativo(prompt_es);
Who designed the Sagrada Familia?;La Sagrada Familia fue diseñada por el arquitecto catalán Antoni Gaudí.;Gaudi;;The iconic Sagrada Familia in Barcelona, Spain was designed by the renowned Catalan architect Antoni Gaudí. Construction on the cathedral began in 1882, and it is considered one of Gaudí's most famous and complex works. Unfortunately, Gaudí passed away in 1926, before the completion of the Sagrada Familia, which is still ongoing today.;False;False;es;en;True;True;True;Wer entwarf die Sagrada Família?;de;True;Qui a conçu la Sagrada Família ?;fr;True;¿Quién diseñó la Sagrada Familia?;es;True;;;;;;;factual_aperturas;8;0.9998;0.0833;True;es;nativo(prompt_es);
Specify the currency of the United Kingdom.;La moneda oficial del Reino Unido es la libra esterlina (GBP).;pound sterling;sterling|livre sterling|libra esterlina|Pfund|sterlina|pound;The official currency of the United Kingdom is the Pound Sterling, commonly referred to as the British Pound (GBP).;False;False;es;en;True;True;True;Gib die Währung des Vereinigten Königreichs an.;de;True;Précisez la monnaie du Royaume-Uni.;fr;True;Especifica la moneda del Reino Unido.;es;True;;;;;;;imperativo;8;0.9943;0.1224;True;es;nativo(prompt_es);True
Spell out why rubber balls bounce.;"El rebote de las pelotas de goma es un fenómeno fascinante que se debe a una combinación de factores físicos y químicos. Aquí te presento los pasos clave por los que rebotan las pelotas de goma:

**Paso 1: Energía de la caída**

Cuando dejamos caer una pelota, la energía potencial que tiene por su altura se transforma en energía cinética a medida que cae y gana velocidad.

**Paso 2: Deformación**

Al chocar contra el suelo, la pelota se aplasta por un instante. La goma está formada por largas cadenas de polímeros unidas entre sí, que se estiran y se comprimen sin romperse. En ese momento, la energía cinética se almacena como energía elástica.

**Paso 3: Recuperación de la forma**

Como la goma es un material elástico, las cadenas de polímeros recuperan rápidamente su forma original. Al hacerlo, la pelota empuja contra el suelo y el suelo la empuja de vuelta hacia arriba.

**Paso 4: Pérdida de energía**

Parte de la energía se pierde en forma de calor y sonido, por eso la pelota nunca vuelve a la altura inicial y cada rebote es más bajo que el anterior.";elastic;elasti|Elastiz;"Let me break it down for you:

**Why Rubber Balls Bounce:**

Rubber balls bounce because of a combination of factors related to their physical properties and the way they interact with their surroundings. Here's a step-by-step explanation:

1. **Elasticity**: Rubber is an elastic material, meaning it can stretch and return to its original shape when a force is applied to it. This elasticity is due to the molecular structure of rubber, which allows it to store energy when stretched.
2. **Compression**: When a rubber ball is compressed (squished) by an external force, such as a kick or a throw, the molecules inside the ball are pushed together, causing the ball to deform.
3. **Energy Storage**: As the ball is compressed, the energy from the external force is stored in the rubber molecules. This energy is in the form of elastic potential energy.
4. **Release of Energy**: When the external force is removed (e.g., the ball is released after being kicked), the stored energy is released rapidly, causing the rubber molecules to expand and return to their original shape.
5. **Rebound**: As the molecules expand, they push against each other, causing the ball to rebound and bounce back up.";False;False;es;en;True;True;True;Erkläre genau, warum Gummibälle springen.;de;True;Explicitez pourquoi les balles en caoutchouc rebondissent.;fr;True;Detalla paso a paso por qué rebotan las pelotas de goma.;es;True;;;;;;;imperativo_explicativo;7;0.9999;0.0215;True;es;nativo(prompt_es);True
What did Martin Luther King fight for?;"Martin Luther King Jr. fue un líder religioso y político estadounidense que luchó por los derechos civiles de los afroamericanos en los Estados Unidos durante la segunda mitad del siglo XX. Su lucha se centró en varios frentes, pero algunos de los principales motivos fueron:

1. **Desigualdad racial**: King se opuso a la discriminación y la segregación racial en todos sus aspectos, incluyendo la educación, el empleo, la vivienda y el acceso a los servicios públicos.
2. **Derechos civiles**: King luchó por garantizar los derechos civiles básicos para los afroamericanos, como el derecho a votar, la libertad de expresión y la protección contra la discriminación.
3. **Justicia social**: King creía que la lucha por los derechos civiles era parte de una lucha más amplia por la justicia social y la igualdad en general. Se opuso a la pobreza, la desigualdad económica y la opresión en todas sus formas.
4. **Religión y fe**: King era un líder religioso";civil rights;civil|civiq|Burgerrecht|civis;"Martin Luther King Jr. was a prominent leader in the American civil rights movement. He fought for several key causes, including:

1. **Racial equality and justice**: King advocated for the end of segregation and discrimination against African Americans, seeking equal rights and opportunities in education, employment, housing, and voting.
2. **Nonviolent civil disobedience**: King believed in using nonviolent methods to challenge unjust laws and social norms. He drew inspiration from Mahatma Gandhi's philosophy of nonviolent resistance.
3. **Voting rights**: King fought for the right of African Americans to vote, which was often restricted or denied through voter suppression tactics, literacy tests, and poll taxes.
4. **Desegregation**: King led the movement to desegregate public facilities, such as schools, buses, restaurants, and restrooms, to ensure equal access to these spaces for African Americans.
5. **Poverty and economic justice**: King recognized the deep-seated poverty and economic inequality faced by many African Americans and advocated for policies to address these issues, such as job training programs and economic empowerment initiatives.
6. **Human rights and dignity**: King's message of love, compassion, and human dignity resonated with people from all backgrounds, inspiring";False;False;es;en;True;True;True;Wofür kämpfte Martin Luther King?;de;True;Pour quoi Martin Luther King s'est-il battu ?;fr;True;¿Por qué luchó Martin Luther King?;es;True;;;;;;;explicativa;8;0.9999;0.0238;True;es;nativo(prompt_es);
Capital of Tajikistan?;La capital de Tayikistán es Dushanbe.;Dushanbe;Douchanbe|Dusambe|Duschanbe|Duschambe;The capital of Tajikistan is Dushanbe.;False;False;es;en;True;True;True;Hauptstadt von Tadschikistan?;de;True;Capitale du Tadjikistan ?;fr;True;¿Capital de Tayikistán?;es;True;;;;;;;corta;6;0.9974;0.0968;True;es;nativo(prompt_es);
Random thought: what do giant pandas eat?;Los pandas gigantes son mamíferos de la familia de los osos (Ursidae) y se alimentan principalmente de bambú.;bamboo;bambou|bambu|Bambus;"Giant pandas are herbivores, which means they primarily eat plants. Their favorite food is bamboo, which makes up about 99% of their diet! They love to munch on various species of bamboo, and can eat up to 20-30 kilograms (44-66 pounds) of bamboo shoots, leaves, and stems per day.

In fact, bamboo is so important to a giant panda's diet that they have a special wrist bone that acts like a thumb, allowing them to grasp and manipulate bamboo stalks with ease. They also have a specialized digestive system that helps them break down the cellulose in bamboo, which is difficult for many animals to digest.

Occasionally, giant pandas will also eat other plants, like wild fruit, grasses, and certain crops, but bamboo is their main source of nutrition.";False;False;es;en;True;True;True;Spontane Frage: Was fressen Große Pandas?;de;True;Une idée comme ça : que mangent les pandas géants ?;fr;True;Pensando al azar: ¿qué comen los pandas gigantes?;es;True;;;;;;;conversacional;9;0.9999;0.016;True;es;nativo(prompt_es);True
Who painted the ceiling of the Sistine Chapel?;El techo de la Capilla Sixtina fue pintado por el artista italiano Miguel Ángel.;Michelangelo;Michel-Ange|Michel Ange|Miguel Angel;"The ceiling of the Sistine Chapel was painted by the renowned Italian artist Michelangelo Buonarroti. He worked on the project from 1508 to 1512, and it is considered one of the greatest artistic achievements of all time. The ceiling is famous for its vivid and intricate depictions of biblical scenes, including the iconic ""Creation of Adam"" and ""The Last Judgment.""";False;False;es;en;True;True;True;Wer malte die Decke der Sixtinischen Kapelle?;de;True;Qui a peint le plafond de la Chapelle Sixtine?;fr;True;¿Quién pintó el techo de la Capilla Sixtina?;es;True;;;;;;;factual_clasica;;0.9998;0.0758;True;es;nativo(prompt_es);
Who sculpted The Thinker?;"""El Pensador"" es una escultura de bronce creada por el escultor francés Auguste Rodin en 1880.";Rodin;;"The Thinker was sculpted by French artist Auguste Rodin. It was originally titled ""The Poet"" and was created between 1880 and 1882 as part of a larger work called ""The Gates of Hell,"" which was inspired by Dante's Divine Comedy. The Thinker was later separated from the rest of the work and became a standalone sculpture, symbolizing intellectualism and contemplation.";False;False;es;en;True;True;True;Wer schuf die Skulptur Der Denker?;de;True;Qui a sculpté Le Penseur ?;fr;True;¿Quién esculpió El pensador?;es;True;;;;;;;factual_aperturas;7;0.9996;0.0519;True;es;nativo(prompt_es);True
Mention who composed William Tell.;"""Guillermo Tell"" es una ópera compuesta por Gioachino Rossini. Fue estrenada en 1829 en la Ópera de París, Francia.";Rossini;;"The famous overture ""William Tell"" was composed by Gioachino Rossini, an Italian composer.";False;False;es;en;True;True;True;Erwähne, wer Wilhelm Tell komponierte.;de;True;Mentionnez qui a composé Guillaume Tell.;fr;True;Menciona quién compuso Guillermo Tell.;es;True;;;;;;;imperativo;7;0.9997;0.0928;True;es;nativo(prompt_es);True
Cover how solar panels make electricity.;"Los paneles solares son una excelente fuente de energía renovable y sostenible para generar electricidad. Aquí te explico cómo funcionan:

**Principio básico**

Los paneles solares convierten la energía solar en electricidad a través de un proceso llamado efecto fotovoltaico. La energía solar se convierte en electricidad mediante la acción de los fotones solares, que son partículas de luz que se absorben por los materiales semiconductores utilizados en los paneles solares.

**Componentes de un panel solar**

Un panel solar típico consta de varias capas de materiales semiconductores, que incluyen:

1. **Fotovoltaico**: es el material principal que convierte la energía solar en electricidad. Se utiliza un material semiconductivo como el silicio o el telururo de cadmio. Cuando los fotones golpean el semiconductor, liberan electrones, y la estructura de la celda los obliga a moverse en una dirección, generando una corriente eléctrica.
2. **Anti-reflejo**: es una capa que reduce la reflexión de la luz solar y aumenta la eficiencia del panel.
3. **Encapsulante**: es una capa que protege las celdas y el anti-reflejo de la humedad y de los golpes.
4. **Contactos metálicos**: son finas líneas de metal que recogen la corriente generada y la llevan fuera del panel.";photovoltaic;voltai|photon|foton|semicond;"I'd be happy to explain how solar panels make electricity.

**The Basic Principle**

Solar panels convert sunlight into electricity through a process known as photovoltaics (PV). This process involves the conversion of light energy from the sun into electrical energy.

**The Components**

A solar panel consists of several key components:

1. **Photovoltaic Cells**: These are the individual units that convert sunlight into electricity. They are made from semiconducting materials, typically silicon, which are arranged in a grid-like pattern.
2. **Solar Cell Layers**: The photovoltaic cells are made up of multiple layers of semiconducting materials. These layers are designed to absorb sunlight and convert it into electrical energy.
3. **Metal Contacts**: The metal contacts are used to connect the photovoltaic cells together and to the electrical grid.
4. **Frame**: The frame is the outer casing of the solar panel that holds everything together.

**The Process**

Here's a step-by-step explanation of how solar panels make electricity:

1. **Sunlight Hits the Solar Panel**: When sunlight hits the solar panel, it excites the electrons in the photovoltaic cells.
2. **Electrons Flow**: The excited electrons flow through the solar cell layers";False;False;es;en;True;True;True;Behandle, wie Solarmodule Strom erzeugen.;de;True;Traitez la production d'électricité des panneaux solaires.;fr;True;Trata cómo los paneles solares generan electricidad.;es;True;;;;;;;imperativo_explicativo;7;0.9996;0.0155;True;es;nativo(prompt_es);True
How did Napoleon spend his final years?;"Los últimos años de Napoleón Bonaparte, que se convirtieron en su exilio, fueron marcados por una serie de eventos y circunstancias que lo llevaron a una declinación gradual de su poder y influencia. A continuación, te presento una breve descripción de cómo pasó sus últimos años:

**El exilio en Elba (1814)**

Después de su derrota en la Batalla de Leipzig en 1813 y de la invasión de Francia, Napoleón abdicó en 1814 y fue exiliado a la isla de Elba, un pequeño territorio en el mar Mediterráneo. Fue colocado como gobernante de Elba, pero su libertad era limitada y estaba bajo la supervisión de las potencias aliadas, que habían derrotado a Francia.

**El regreso a Francia (1815)**

En febrero de 1815, Napoleón escapó de Elba y regresó a Francia, donde se proclamó emperador por segunda vez. Sin embargo, su regreso fue breve. Las potencias aliadas, lideradas por el duque de Wellington y el príncipe prusiano Blücher, lo derrotaron en la Batalla de Waterloo en junio de 1815.

**El exilio en Santa Elena (1815-1821)**

Los británicos lo enviaron a la remota isla de Santa Elena, en el Atlántico Sur. Allí pasó sus últimos años bajo estricta vigilancia, dictando sus memorias, hasta su muerte el 5 de mayo de 1821.";Saint Helena;Helen|Elena|exil|esilio;"Napoleon Bonaparte's final years were marked by exile, illness, and a gradual decline in his physical and mental health. Here's a brief overview of his final years:

**Exile to Elba (1814)**: After his defeat at the Battle of Waterloo in June 1815, Napoleon was exiled to the island of Elba, a small island in the Mediterranean. He was given sovereignty over the island, but his freedom was limited.

**Return to Power (1815)**: However, Napoleon escaped from Elba in February 1815 and returned to power in France for a brief period, known as the Hundred Days. He regained control of the government and rallied his troops, but his final defeat at Waterloo in June 1815 marked the end of his reign.

**Exile to Saint Helena (1815)**: After his final defeat, Napoleon was exiled again, this time to the remote island of Saint Helena, a British territory in the South Atlantic Ocean. He was kept under close guard by the British, who were determined to prevent him from escaping or plotting another rebellion.

**Life on Saint Helena (1815-1821)**: Napoleon's life on Saint Helena was marked by isolation, illness";False;False;es;en;True;True;True;Wie verbrachte Napoleon seine letzten Jahre?;de;True;Comment Napoléon a-t-il passé ses dernières années ?;fr;True;¿Cómo pasó Napoleón sus últimos años?;es;True;;;;;;;explicativa;8;0.9998;0.0358;True;es;nativo(prompt_es);True
Capital of Cameroon?;La capital de Camerún es Yaundé.;Yaounde;Jaunde|Yaunde;The capital of Cameroon is Yaoundé.;False;False;es;en;True;True;True;Hauptstadt von Kamerun?;de;True;Capitale du Cameroun ?;fr;True;¿Capital de Camerún?;es;True;;;;;;;corta;4;0.5;0.1429;True;es;nativo(prompt_es);True
I forgot, who authored The Great Gatsby?;El gran Gatsby fue escrito por el famoso escritor estadounidense F. Scott Fitzgerald. Publicado en 1925, es considerado una de las mejores novelas de la literatura estadounidense del siglo XX. ¿Quieres saber más sobre el libro o sobre F. Scott Fitzgerald?;Fitzgerald;;The author of The Great Gatsby is the renowned American novelist F. Scott Fitzgerald.;False;False;es;en;True;True;True;Ich hab's vergessen: Wer schrieb Der große Gatsby?;de;True;J'ai oublié, qui a écrit Gatsby le Magnifique ?;fr;True;Se me olvidó, ¿quién escribió El gran Gatsby?;es;True;;;;;;;conversacional;10;0.9997;0.0549;True;es;nativo(prompt_es);True
What molecule carries genetic information in most organisms?;La molécula que transporta la información genética en la mayoría de los organismos es el ADN (ácido desoxirribonucleico).;DNA;ADN;The molecule that carries genetic information in most organisms is DNA (Deoxyribonucleic acid).;False;False;es;en;True;True;True;Was ist das Molekül, das die genetische Information in den meisten Organismen trägt?;de;True;Quelle molécule porte l'information génétique dans la plupart des organismes?;fr;True;¿Cuál es la molécula que transporta la información genética en la mayoría de los organismos?;es;True;;;;;;;factual_clasica;;0.9996;0.0396;True;es;nativo(prompt_es);
Who directed Psycho?;"""Psicosis"" es una película de terror estadounidense de 1960 dirigida por Alfred Hitchcock.";Hitchcock;;"The classic thriller ""Psycho"" was directed by the legendary Alfred Hitchcock. Released in 1960, it's considered one of Hitchcock's most iconic and influential films, and it's still widely regarded as a masterpiece of suspense and horror.";False;False;es;en;True;True;True;Wer führte Regie bei Psycho?;de;True;Qui a réalisé Psychose ?;fr;True;¿Quién dirigió Psicosis?;es;True;;;;;;;factual_aperturas;4;0.999;0.0429;True;es;nativo(prompt_es);True
Indicate who discovered DNA's double helix.;Los científicos que descubrieron la doble hélice del ADN fueron James Watson y Francis Crick, en 1953.;Watson;Crick|Rosalind Franklin;"A fundamental question in the history of genetics!

The discovery of DNA's double helix structure is attributed to James Watson and Francis Crick. They were two British biologists who, in 1953, used X-ray crystallography data provided by Rosalind Franklin and Maurice Wilkins to develop the first detailed model of the DNA molecule.

Watson and Crick's model, published in the journal Nature on April 25, 1953, revealed that DNA is a double-stranded helix, with two complementary strands of nucleotides twisted together in a spiral fashion. This discovery revolutionized our understanding of genetics and earned Watson and Crick the Nobel Prize in Physiology or Medicine in 1962.

Rosalind Franklin and Maurice Wilkins also made significant contributions to the discovery, but their work was often overlooked until recent years. Franklin's X-ray crystallography data, known as ""Photograph 51,"" was instrumental in helping Watson and Crick develop their model.

So, while Watson and Crick are often credited with the discovery of DNA's double helix, it's essential to acknowledge the contributions of Franklin and Wilkins as well.";False;False;es;en;True;True;True;Gib an, wer die Doppelhelix der DNA entdeckte.;de;True;Indiquez qui a découvert la double hélice de l'ADN.;fr;True;Señala quién descubrió la doble hélice del ADN.;es;True;;;;;;;imperativo;10;0.9998;0.1143;True;es;nativo(prompt_es);True
Decode how bats navigate in darkness.;"Los murciélagos tienen una serie de adaptaciones que les permiten orientarse en la oscuridad, lo que es fundamental para su supervivencia. A continuación, te explico cómo se orientan estos mamíferos voladores en la oscuridad:

1. **Ecolocalización**: Los murciélagos utilizan la ecolocalización, un proceso en el que emiten sonidos y luego detectan los ecos que rebotan en los objetos y vuelven hacia ellos. Al analizar estos ecos, pueden determinar la distancia, el tamaño, la forma y la textura de los objetos en su entorno, y crear una imagen mental de su entorno para orientarse.
2. **Ultrasonidos**: La mayoría de estos sonidos son ultrasonidos, demasiado agudos para que los humanos podamos oírlos. Los emiten por la boca o por la nariz, y algunos murciélagos llegan a emitir más de 100 llamadas por segundo cuando se acercan a una presa.
3. **Oídos especializados**: Sus orejas grandes y su cerebro están adaptados para captar diferencias muy pequeñas en el tiempo y la intensidad de los ecos.
4. **Vista y olfato**: Los murciélagos no son ciegos. Muchos ven bien con poca luz, y los murciélagos frugívoros usan sobre todo la vista y el olfato para encontrar frutas.";echolocation;ecolocaliz|Echoortung|ultras|Ultraschall|Echolok|ecoloc|echoloc;"The fascinating world of bat navigation! Despite their ability to fly and navigate in complete darkness, bats use a variety of biological and behavioral adaptations to find their way around. Here's a breakdown of how bats navigate in darkness:

**Biological Adaptations:**

1. **Echolocation**: Bats use a biological sonar system called echolocation to produce high-frequency sounds, typically beyond human hearing range (20-100 kHz). These sounds are emitted through their vocal cords and are beyond the range of human hearing.
2. **Large Ears**: Bats have extremely large ears, which help to collect and focus sound waves. This allows them to detect the echoes of their emitted sounds and build a mental map of their surroundings.
3. **Specialized Hearing**: Bats have a highly sensitive hearing system, which allows them to detect the faint echoes of their emitted sounds. This is made possible by the unique structure of their ears and the specialized auditory system.

**Behavioral Adaptations:**

1. **Frequency Modulation**: Bats adjust the frequency of their emitted sounds to suit the environment. For example, in dense forests, they use lower frequencies to penetrate the canopy, while in open spaces, they use higher frequencies to detect objects more easily";False;False;es;en;True;True;True;Entschlüssle, wie Fledermäuse sich im Dunkeln orientieren.;de;True;Décodez comment les chauves-souris s'orientent dans le noir.;fr;True;Decodifica cómo se orientan los murciélagos en la oscuridad.;es;True;;;;;;;imperativo_explicativo;7;0.9999;0.0117;True;es;nativo(prompt_es);True
What caused the 2008 financial crisis?;"La crisis financiera de 2008, también conocida como la crisis financiera global de 2007-2008, fue un evento complejo y multifacético que involucró a muchos factores y actores. A continuación, te presento una breve explicación de las causas principales de la crisis:

1. **Hipotecas subprime y la burbuja inmobiliaria**: En los años previos a la crisis, hubo un auge en el mercado de hipotecas, especialmente en Estados Unidos. Los bancos y las instituciones financieras ofrecieron préstamos a personas que no podían pagarlos, conocidos como hipotecas subprime. Muchas de estas hipotecas tenían tasas de interés iniciales bajas que luego subían, lo que las hacía atractivas al principio para los compradores. La demanda creciente de viviendas alimentó una burbuja inmobiliaria.
2. **La especulación y la venta de hipotecas**: Los bancos y las instituciones financieras vendieron hipotecas subprime empaquetadas en complejos productos financieros, que se repartieron por todo el sistema financiero mundial. Cuando los precios de las viviendas cayeron y muchos dejaron de pagar, esos productos perdieron su valor y bancos como Lehman Brothers quebraron.";subprime;hypoth|hipotec|Hypothek|mutui|mortgage;"The 2008 financial crisis, also known as the Global Financial Crisis (GFC), was a complex and multifaceted event with various contributing factors. Here's a simplified explanation:

**Main causes:**

1. **Subprime Mortgage Crisis**: Banks and other financial institutions extended large amounts of credit to borrowers who couldn't afford to repay mortgages. These subprime mortgages had low introductory interest rates that would later reset to much higher rates, making monthly payments unaffordable for many homeowners.
2. **Deregulation**: The Gramm-Leach-Bliley Act of 1999 repealed parts of the Glass-Steagall Act of 1933, allowing commercial banks to engage in investment activities, including subprime lending. This led to a lack of oversight and increased risk-taking.
3. **Securitization**: Banks packaged subprime mortgages into securities and sold them to investors, who were attracted by the high yields. This created a massive market for these toxic assets, which were often not properly valued or monitored.
4. **Housing Market Bubble**: The housing market experienced a significant price bubble, fueled by lax lending standards, low interest rates, and excessive speculation. As housing prices rose, more people were able to buy homes";False;False;es;en;True;True;True;Was verursachte die Finanzkrise von 2008?;de;True;Qu'est-ce qui a causé la crise financière de 2008 ?;fr;True;¿Qué causó la crisis financiera de 2008?;es;True;;;;;;;explicativa;9;0.9999;0.0146;True;es;nativo(prompt_es);True
Capital of Bahrain?;La capital de Baréin es Manama.;Manama;;The capital of Bahrain is Manama.;False;False;es;en;True;True;True;Hauptstadt von Bahrain?;de;True;Capitale de Bahreïn ?;fr;True;¿Capital de Baréin?;es;True;;;;;;;corta;4;0.9696;0.12;True;es;nativo(prompt_es);True
Hmm, what do koalas eat?;"Los koalas son animales herbívoros que se alimentan principalmente de una planta llamada eucalipto. En realidad, el eucalipto es su alimento favorito y constituye la mayor parte de su dieta.

Los koalas tienen un sistema digestivo especializado que les permite deshacerse de los tóxicos presentes en el eucalipto, como los fenoles y los aceites esenciales. Esto les permite comer grandes cantidades de eucalipto sin sufrir efectos adversos.

En la naturaleza, los koalas se alimentan de hojas de eucalipto, que son ricas en fibra pero pobres en nutrientes. Por eso los koalas duermen hasta 20 horas al día para ahorrar energía. En los zoológicos, se les proporciona eucalipto fresco de varias especies todos los días.

¿Te gustaría saber más sobre estos adorables animales?";eucalyptus;eucalipto|Eukalyptus;"Koalas are herbivores, which means they primarily eat plants. Their favorite food is eucalyptus leaves! In fact, eucalyptus leaves make up about 90% of a koala's diet. They have a specialized digestive system that allows them to break down the toxic compounds found in eucalyptus leaves, which are poisonous to most animals.

Koalas will also occasionally eat other types of leaves, like acacia leaves, and even some fruits and flowers. But eucalyptus leaves are their main source of nutrition.

It's worth noting that koalas have a very slow metabolism, which means they don't need to eat much food to survive. In fact, they can go without food for several days at a time!";False;False;es;en;True;True;True;Hmm, was fressen Koalas?;de;True;Hum, que mangent les koalas ?;fr;True;Mmm, ¿qué comen los koalas?;es;True;;;;;;;conversacional;9;0.9998;0.0108;True;es;nativo(prompt_es);True
What is the capital of France?;La capital de Francia es París.;Paris;Parigi;The capital of France is Paris.;False;False;es;en;True;True;True;Was ist die Hauptstadt von Frankreich?;de;True;Quelle est la capitale de la France?;fr;True;¿Cuál es la capital de Francia?;es;True;;;;;;;factual_clasica;;0.9924;0.12;True;es;nativo(prompt_es);
Who discovered the electron?;"El electrón fue descubierto por el físico británico J.J. Thomson en 1897. Thomson, que trabajaba en la Universidad de Cambridge, realizó experimentos con un tubo de rayos catódicos y descubrió que los rayos catódicos eran compuestos por partículas pequeñas y negativas, a las que llamó ""corpúsculos"" y que hoy conocemos como electrones.";Thomson;;"The discovery of the electron is a bit of a story that involves several scientists working over a period of time.

The concept of a tiny, negatively charged particle that orbits the nucleus of an atom was first proposed by J.J. Thomson in 1897. Thomson, a Scottish physicist, was studying cathode rays, which are streams of negatively charged particles that are emitted from a heated cathode (a negatively charged electrode) in a vacuum tube.

Thomson's experiment involved passing a beam of cathode rays through a magnetic field, which caused the beam to bend. By measuring the amount of bending, Thomson was able to calculate the charge-to-mass ratio of the particles, which he found to be approximately -1.76 x 10^11 C/kg.

Thomson's discovery led him to propose the existence of a tiny, negatively charged particle that he called the ""corpuscle"" (from the Latin word for ""body""). However, he was unable to find any evidence of the corpuscle itself.

Later, in 1904, Robert Millikan, an American physicist, conducted a series of experiments that led him to propose the existence of a smaller, more fundamental particle that he called the ""electron"". Millikan's experiments";False;False;es;en;True;True;True;Wer entdeckte das Elektron?;de;True;Qui a découvert l'électron ?;fr;True;¿Quién descubrió el electrón?;es;True;;;;;;;factual_aperturas;5;0.9998;0.0293;True;es;nativo(prompt_es);True
Recall the first man in space.;"El primer hombre en el espacio fue Yuri Gagarin, un cosmonauta soviético. El 12 de abril de 1961, a las 9:07 a.m. hora local, Gagarin se convirtió en el primer ser humano en viajar al espacio a bordo de la nave espacial Vostok 1. El vuelo, llamado ""Vostok 1"", duró aproximadamente 108 minutos y Gagarin logró alcanzar una altitud de 327 kilómetros sobre la superficie terrestre.

Gagarin fue un piloto experimentado y había completado numerosos vuelos de entrenamiento y pruebas antes de ser seleccionado para este histórico vuelo. Después de completar su misión, Gagarin regresó a la Tierra y aterrizó de manera segura en un campo cerca de la ciudad de Engels, en la región de Sarátov, en Rusia.

El logro de Gagarin marcó un hito importante en la historia de la exploración espacial y abrió el camino para futuras misiones espaciales. Gagarin se convirtió en un héroe nacional en la Unión Soviética y su legado como pionero del espacio sigue vivo hoy.";Gagarin;Gagarine;"The first man in space was Yuri Gagarin, a Soviet cosmonaut. He made history on April 12, 1961, when he became the first human to journey into outer space.

Gagarin's spacecraft, Vostok 1, completed one orbit of the Earth, lasting 108 minutes. During this time, he reached a maximum altitude of 327 kilometers (203 miles) and a top speed of 27,400 kilometers per hour (17,000 miles per hour).

Gagarin's achievement marked a major milestone in space exploration and paved the way for future human spaceflight. He was just 27 years old at the time of his historic flight.

Would you like to know more about Yuri Gagarin or space exploration?";False;False;es;en;True;True;True;Erinnere dich an den ersten Menschen im All.;de;True;Rappelez le premier homme dans l'espace.;fr;True;Recuerda al primer hombre en el espacio.;es;True;;;;;;;imperativo;8;0.9998;0.0293;True;es;nativo(prompt_es);True
Unravel how salt preserves meat.;"La sal es un conservante natural y efectivo que ha sido utilizado durante siglos para conservar la carne. A continuación, te explicaré cómo funciona:

**La función de la sal en la conservación de la carne**

La sal actúa como un deshidratante, lo que significa que absorbe el agua de la carne. Esto tiene dos efectos beneficiosos:

1. **Inhibe el crecimiento de bacterias y hongos**: Por ósmosis, la sal extrae el agua de las células de las bacterias y hongos, lo que los deshidrata y les impide crecer y multiplicarse. Esto reduce significativamente la cantidad de microorganismos que pueden causar la putrefacción y la descomposición de la carne.
2. **Disminuye la actividad enzimática**: La sal también inhibe la actividad de las enzimas que descomponen la carne, como la proteasa y la lipasa. Esto ayuda a prevenir la degradación de las proteínas y grasas en la carne.

**El proceso de conservación con sal**

Cuando se añade sal a la carne, el agua sale de las células de la carne hacia el exterior por ósmosis, y la sal penetra poco a poco en el tejido. Con el tiempo, la carne queda seca y salada, como el jamón o la cecina, y puede conservarse durante meses.";osmosis;osmo|dehydrat|deshidrat|deshydrat|disidrat|desidrat;"The magic of salt preservation! Let's dive into the science behind how salt helps preserve meat.

**The Role of Salt in Meat Preservation**

Salt (sodium chloride) plays a crucial role in preserving meat by inhibiting the growth of microorganisms, such as bacteria, yeast, and mold. When salt is applied to meat, it creates an environment that is unfavorable for the growth of these microorganisms.

**How Salt Works**

Here's a step-by-step explanation of how salt preserves meat:

1. **Dehydration**: Salt draws out moisture from the meat, creating a dehydrated environment. This reduces the availability of water, which is essential for the growth of microorganisms.
2. **Osmosis**: Salt creates an osmotic gradient, where the concentration of salt is higher in the meat than in the surrounding environment. This gradient encourages water to move out of the meat, further dehydrating it.
3. **Inhibition of Microbial Growth**: The high salt concentration in the meat creates an environment that is unfavorable for the growth of microorganisms. Many microorganisms, such as bacteria and yeast, require a certain level of moisture to grow. By dehydrating the meat, salt reduces the availability of water, making it difficult";False;False;es;en;True;True;True;Entwirre, wie Salz Fleisch haltbar macht.;de;True;Démêlez comment le sel conserve la viande.;fr;True;Desentraña cómo la sal conserva la carne.;es;True;;;;;;;imperativo_explicativo;7;0.9998;0.0167;True;es;nativo(prompt_es);True
What did the Rosetta Stone help decode?;"La ""Piedra de Rosetta"" fue un objeto muy importante en la historia de la arqueología y la lingüística. Es una estela egipcia con un mismo decreto escrito en tres escrituras: jeroglíficos egipcios, demótico y griego antiguo. La piedra fue descubierta en 1799 en Rosetta, Egipto, en una época en que nadie sabía leer los jeroglíficos.

Lo que permitió descifrarla fue el hecho de que el texto en griego antiguo sí podía leerse y traducirse. Los eruditos pudieron comparar el texto griego con las inscripciones en egipcio, y así descubrieron que los jeroglíficos no eran solo símbolos que representaban ideas, sino que muchos de ellos representaban sonidos.

Además, en 1822, el erudito francés Jean-François Champollion anunció que había logrado descifrar los jeroglíficos, gracias a la piedra de Rosetta y a su conocimiento del copto. Así, la piedra ayudó a descifrar los jeroglíficos egipcios.";hieroglyphs;glyph|glif|egipcio antiguo|egyptien ancien|altagyptisch|ecriture egyptienne;"The Rosetta Stone is a significant archaeological artifact that played a crucial role in deciphering ancient Egyptian hieroglyphics. The stone was discovered in 1799 in Rosetta, Egypt, and it features an inscription in three languages:

1. **Hieroglyphics** (the ancient Egyptian writing system)
2. **Demotic script** (a form of ancient Egyptian writing used for everyday documents)
3. **Ancient Greek** (the language of the ruling class in Egypt at the time)

The Rosetta Stone was instrumental in deciphering hieroglyphics because the Greek text was already known and understood by scholars. By comparing the Greek text with the hieroglyphics and demotic script, scholars were able to crack the code of hieroglyphic writing.

The breakthrough came in 1822, when Jean-François Champollion, a French linguist, realized that the hieroglyphics were not just simple pictures, but a complex system of symbols that conveyed meaning. He used the Greek text as a key to decipher the hieroglyphics, and his work led to a deeper understanding of ancient Egyptian language and culture.

The Rosetta Stone helped decode:

* The meaning of hieroglyphic symbols and their";False;False;es;en;True;True;True;Was half der Stein von Rosetta zu entziffern?;de;True;Qu'est-ce que la pierre de Rosette a aidé à déchiffrer ?;fr;True;¿Qué ayudó a descifrar la piedra de Rosetta?;es;True;;;;;;;explicativa;9;0.9999;0.0165;True;es;nativo(prompt_es);True
Capital of Mali?;La capital de Malí es Bamaco.;Bamako;Bamaco;The capital of Mali is Bamako.;False;False;es;en;True;True;True;Hauptstadt von Mali?;de;True;Capitale du Mali ?;fr;True;¿Capital de Malí?;es;True;;;;;;;corta;4;0.9599;0.1304;True;es;nativo(prompt_es);
Honestly, where did flamenco originate?;"El flamenco es un estilo de música y baile muy característico de España, y su origen es un tema de debate entre los historiadores y expertos.

Aunque no hay una respuesta única y definitiva, se cree que el flamenco tiene sus raíces en el sur de España, específicamente en la región de Andalucía, hacia el siglo XVIII. La región era un importante centro de comercio y cultura, y el flamenco recibió influencias de los gitanos, de la música morisca y judía, y del folclore andaluz.

Algunos historiadores creen que el flamenco se originó en las tabernas y bodegas de Andalucía, donde los trabajadores y artistas se reunían para cantar y bailar. Otros sostienen que el flamenco se desarrolló en las plazas y calles de las ciudades andaluzas, como Sevilla y Cádiz, donde se celebraban festivales y eventos culturales.

En cualquier caso, el flamenco se convirtió en un estilo muy popular en España a finales del siglo XIX y principios del XX, gracias a los cafés cantantes. En 2010, la UNESCO lo declaró Patrimonio Cultural Inmaterial de la Humanidad.";Spain;Espagne|Espana|Spanien|Spagna|Espanha|Andalus|Andalous|Andaluc|Andaluz;"Flamenco is a style of music and dance that originated in the Andalusia region of southern Spain, particularly in the provinces of Seville, Cádiz, and Granada.

The exact origins of flamenco are unclear, but it is believed to have evolved from various traditional music and dance styles in the region, including:

1. Gypsy music and dance: The Romani people, also known as Gypsies, have a long history in Spain and have contributed significantly to the development of flamenco.
2. Andalusian folk music: The traditional music of Andalusia, such as the ""alegrías"" and ""seguidillas"", which are characterized by complex rhythms and melodies, are believed to have influenced the development of flamenco.
3. Moorish music: The Moorish occupation of Spain from the 8th to the 15th centuries left a lasting legacy in the region, including the introduction of Arabic musical instruments and scales, which are still used in flamenco today.

Flamenco as we know it today, with its characteristic hand clapping, foot stomping, and expressive dance, emerged in the 18th and 19th centuries in the cities of Seville and Cádiz.";False;False;es;en;True;True;True;Ehrlich gesagt: Woher stammt der Flamenco?;de;True;Franchement, d'où vient le flamenco ?;fr;True;Sinceramente, ¿dónde se originó el flamenco?;es;True;;;;;;;conversacional;8;0.9999;0.0293;True;es;nativo(prompt_es);True
In what year did the American Civil War begin?;La Guerra Civil Americana comenzó en 1861.;1861;;The American Civil War began in 1861. Specifically, it started on April 12, 1861, when Confederate forces fired on Union troops at Fort Sumter in Charleston, South Carolina.;False;False;es;en;True;True;True;In welchem Jahr begann der Amerikanische Bürgerkrieg?;de;True;En quelle année a commencé la guerre de Sécession ?;fr;True;¿En qué año comenzó la Guerra Civil Americana?;unknown;True;;;;;;;factual_clasica;;0.9993;0.129;True;es;nativo(prompt_es);
Who patented the phonograph?;El fonógrafo fue patentado por Thomas Edison en 1877.;Edison;;The phonograph was patented by Thomas Edison in 1877.;False;False;es;en;True;True;True;Wer ließ den Phonographen patentieren?;de;True;Qui a breveté le phonographe ?;fr;True;¿Quién patentó el fonógrafo?;es;True;;;;;;;factual_aperturas;6;0.9998;0.075;True;es;nativo(prompt_es);
Determine the deepest lake in Africa.;El lago más profundo de África es el lago Tanganica, con una profundidad máxima de unos 1.470 metros.;Tanganyika;Tanganica|Tanganjika|Tanganica;The deepest lake in Africa is Lake Tanganyika, which is located in the Albertine Rift, a region of the East African Rift System. It has a maximum depth of approximately 1,470 meters (4,823 feet) and an average depth of about 1,100 meters (3,608 feet).;False;False;es;en;True;True;True;Bestimme den tiefsten See Afrikas.;de;True;Déterminez le lac le plus profond d'Afrique.;fr;True;Determina el lago más profundo de África.;es;True;;;;;;;imperativo;8;0.9998;0.0429;True;es;nativo(prompt_es);True
Fill me in on how thermometers work.;"Los termómetros son dispositivos que miden la temperatura, es decir, la medida de la cantidad de calor o frío en un objeto o en el aire que lo rodea. Aquí te explico cómo funcionan los termómetros:

**Tipos de termómetros**

Existen varios tipos de termómetros, pero los más comunes son:

1. **Termómetros digitales**: Son los más comunes y utilizan un sensor de temperatura que convierte la temperatura en una señal eléctrica que se mide por un display digital.
2. **Termómetros analógicos**: Utilizan un líquido, como mercurio o alcohol, que se expande o se contrae según la temperatura dentro de un tubo de vidrio con una escala numérica.
3. **Termómetros infrarrojos**: Utilizan la radiación infrarroja para medir la temperatura de un objeto.

**Cómo funcionan los termómetros**

Los termómetros funcionan de la siguiente manera:

1. **Sensor de temperatura**: El sensor de temperatura es el componente que mide la temperatura. En los termómetros digitales, es un sensor, como un termistor, cuya resistencia eléctrica cambia con la temperatura.
2. **Expansión del líquido**: En los termómetros de líquido, el calor hace que el líquido se dilate y suba por el tubo; con el frío, se contrae y baja.
3. **Lectura**: La altura del líquido o la señal eléctrica se traduce en grados en la escala o en la pantalla.";expansion;dilata|Ausdehn|expan|espans;"Thermometers are an essential tool for measuring temperature, and I'd be happy to explain how they work.

**The Basic Principle**

A thermometer measures temperature by detecting changes in the physical properties of a substance, usually a liquid, in response to temperature changes. The most common type of thermometer uses a liquid with a known expansion coefficient, which expands or contracts when heated or cooled.

**Types of Thermometers**

There are several types of thermometers, but I'll focus on the most common ones:

1. **Mercury Thermometer**: This is the oldest type of thermometer, which uses a column of mercury (a liquid metal) to measure temperature. Mercury expands and contracts with temperature changes, causing the column to rise or fall.
2. **Digital Thermometer**: This type of thermometer uses a digital display to show the temperature reading. It typically consists of a thermistor (a temperature-sensing resistor) or a thermocouple (a temperature-sensing device) that converts temperature changes into an electrical signal, which is then displayed on an LCD screen.
3. **Infrared Thermometer**: This type of thermometer uses infrared radiation to measure temperature. It emits a beam of infrared light and measures the amount of radiation that is reflected back, which";False;False;es;en;True;True;True;Bring mich auf den Stand, wie Thermometer funktionieren.;de;True;Mettez-moi au courant du fonctionnement des thermomètres.;fr;True;Ponme al día sobre cómo funcionan los termómetros.;es;True;;;;;;;imperativo_explicativo;9;0.9982;0.0208;True;es;nativo(prompt_es);True
Why was Galileo put on trial?;"Galileo Galilei fue juzgado y condenado por la Iglesia Católica en 1633 por sus ideas y descubrimientos que cuestionaban la geocentría y la autoridad de la Iglesia en ciencia y filosofía. A continuación, te presento algunos de los motivos clave por los que se juzgó a Galileo:

1.  **La teoría heliocéntrica**: Galileo defendió la teoría de que el Sol es el centro del sistema solar, en lugar de la Tierra. Esta idea era en conflicto con la geocentría, que era la visión dominante en la época y que colocaba a la Tierra en el centro del universo.
2.  **La observación de los planetas**: Galileo utilizó su telescopio para observar los planetas y sus lunas, lo que le permitió descubrir cuatro lunas de Júpiter y observar el movimiento de los planetas de manera que contradecía la geocentría.
3.  **La oposición a la autoridad de la Iglesia**: Galileo defendió el heliocentrismo en su libro ""Diálogo sobre los dos máximos sistemas del mundo"" (1632), a pesar de que la Iglesia le había ordenado en 1616 no defenderlo. Fue condenado a arresto domiciliario por el resto de su vida.";heliocentrism;heliocent|eliocent|Heliozent|Copernic|Kopernik|tourne autour du Soleil|gira alrededor del Sol|um die Sonne;"Galileo Galilei, the renowned Italian astronomer, physicist, and mathematician, was put on trial in 1633 for his support of the Copernican heliocentric model of the universe. This was a major controversy at the time, as the Catholic Church had long taught that the Earth was at the center of the universe, and that the Sun, Moon, and planets orbited around it.

Galileo had been a strong advocate for the Copernican theory, which proposed that the Sun was at the center of the solar system and that the planets, including Earth, orbited around it. He had made several key observations that supported this theory, including:

1. Observations of the phases of Venus, which showed that it orbited the Sun, just like the Moon orbits the Earth.
2. Observations of the moons of Jupiter, which provided evidence for the existence of other celestial bodies orbiting the Sun.
3. Measurements of the speed of the planets, which suggested that they were moving at a constant velocity around the Sun.

However, the Catholic Church saw these observations as a challenge to its authority and the traditional understanding of the universe. In 1616, Galileo was summoned to Rome and warned by the Church";False;False;es;en;True;True;True;Warum wurde Galileo vor Gericht gestellt?;de;True;Pourquoi Galilée a-t-il été jugé ?;fr;True;¿Por qué juzgaron a Galileo?;es;True;;;;;;;explicativa;8;0.9998;0.0282;True;es;nativo(prompt_es);True
Capital of the UAE?;La capital de los Emiratos Árabes Unidos es Abu Dabi.;Abu Dhabi;Abou Dhabi|Abu Dabi|Abou Dabi;The capital of the United Arab Emirates (UAE) is Abu Dhabi.;False;False;es;en;True;True;True;Hauptstadt der VAE?;de;True;Capitale des EAU ?;fr;True;¿Capital de los EAU?;es;True;;;;;;;corta;5;0.5;0.2;True;es;nativo(prompt_es);True
Wait, where is Mount Rushmore?;"El Monte Rushmore es un famoso monumento ubicado en el estado de Dakota del Sur, Estados Unidos. Se encuentra en el Memorial Nacional del Monte Rushmore, en las Black Hills, un área protegida que alberga este monumento.

La ubicación exacta del Monte Rushmore es:

* Dirección: 13000 Highway 244, Keystone, SD 57751
* Estado: Dakota del Sur
* País: Estados Unidos

El Monte Rushmore es famoso por los rostros gigantes de cuatro presidentes de Estados Unidos: George Washington, Thomas Jefferson, Theodore Roosevelt y Abraham Lincoln. Estos rostros, esculpidos en la roca de granito, fueron creados por el escultor Gutzon Borglum y tomaron más de 14 años para completarse, desde 1927 hasta 1941.

Espero que esta información te sea útil. ¿Necesitas más ayuda?";South Dakota;Dakota;"Mount Rushmore is located in the Black Hills of South Dakota, USA. Specifically, it's situated in the Black Hills National Forest, about 17 miles (27 kilometers) southwest of Keystone, South Dakota.

The monument features four large granite sculptures of the heads of four influential American presidents:

1. George Washington
2. Thomas Jefferson
3. Theodore Roosevelt
4. Abraham Lincoln

The sculptures were designed by sculptor Gutzon Borglum and took 14 years to complete, from 1927 to 1941. Mount Rushmore is one of the most iconic landmarks in the United States and a popular tourist destination.

Would you like to know more about Mount Rushmore or the Black Hills region?";False;False;es;en;True;True;True;Moment, wo liegt der Mount Rushmore?;de;True;Attends, où se trouve le mont Rushmore ?;fr;True;Espera, ¿dónde está el monte Rushmore?;es;True;;;;;;;conversacional;8;0.9994;0.0744;True;es;nativo(prompt_es);True
What is the capital of Venezuela?;La capital de Venezuela es Caracas.;Caracas;;The capital of Venezuela is Caracas.;False;False;es;en;True;True;True;Was ist die Hauptstadt von Venezuela?;de;True;Quelle est la capitale du Venezuela?;fr;True;¿Cuál es la capital de Venezuela?;es;True;;;;;;;factual_clasica;;0.9991;0.1034;True;es;nativo(prompt_es);
Who sang Thriller?;"La respuesta es Michael Jackson. ""Thriller"" es una de las canciones más icónicas y exitosas de la carrera del Rey del Pop, lanzada en 1982 como parte del álbum homónimo ""Thriller"". La canción fue escrita por Rod Temperton y producida por Quincy Jones. El video musical, dirigido por John Landis, también se convirtió en un clásico de la música popular.";Michael Jackson;Jackson;"The iconic song ""Thriller"" was performed by the one and only Michael Jackson! Released in 1982, it was a groundbreaking music video that revolutionized the art form and remains one of the most popular and enduring songs of all time.";False;False;es;en;True;True;True;Wer sang Thriller?;de;True;Qui a chanté Thriller ?;fr;True;¿Quién cantó Thriller?;es;True;;;;;;;factual_aperturas;5;0.9999;0.0541;True;es;nativo(prompt_es);True
Disclose the capital of Belize.;La capital de Belice es Belmopán.;Belmopan;;The capital of Belize is Belmopan.;False;False;es;en;True;True;True;Gib die Hauptstadt von Belize preis.;de;True;Dévoilez la capitale du Belize.;fr;True;Desvela la capital de Belice.;es;True;;;;;;;imperativo;7;0.999;0.1111;True;es;nativo(prompt_es);
Interpret what causes hiccups.;"El hipo es un reflejo involuntario que se produce por contracciones repentinas del diafragma, el músculo que separa el tórax del abdomen y que usamos para respirar. A continuación, te presento cómo se produce y algunas de las causas más comunes del hipo:

**¿Cómo se produce?**

1. **Espasmo del diafragma**: El diafragma se contrae de forma brusca e involuntaria, lo que hace que entre aire rápidamente en los pulmones.
2. **Cierre de la glotis**: Una fracción de segundo después, las cuerdas vocales se cierran de golpe, y eso produce el característico sonido ""hip"".
3. **Irritación de los nervios**: El reflejo se desencadena cuando se irritan los nervios que controlan el diafragma, como el nervio frénico o el nervio vago.

**Causas comunes:**

1. **Comer o beber demasiado rápido**: Llenar el estómago de golpe puede irritar el diafragma.
2. **Bebidas con gas o alcohol**: Distienden el estómago y favorecen el hipo.
3. **Cambios bruscos de temperatura**: Por ejemplo, tomar algo muy caliente y luego algo muy frío.
4. **Emociones fuertes**: El estrés o la excitación también pueden provocarlo.

En la mayoría de los casos, el hipo desaparece por sí solo en pocos minutos.";diaphragm;diafragm|diaframm|Zwerchfell;"The annoying and often mysterious phenomenon of hiccups! While the exact cause of hiccups is still not fully understood, research has shed some light on the possible explanations. Here's a summary of the current understanding:

**Theories on the causes of hiccups:**

1. **Nerve irritation**: Hiccups are thought to occur when the nerves that control breathing are irritated, usually by eating too quickly, drinking too much, or swallowing air. The diaphragm, a dome-shaped muscle that separates the chest cavity from the abdominal cavity, contracts and relaxes in a rhythmic manner to facilitate breathing. When the nerves that control the diaphragm are irritated, it can cause the diaphragm to contract involuntarily, leading to hiccups.
2. **Stimulation of the vagus nerve**: The vagus nerve, which runs from the brain to the abdomen, plays a crucial role in regulating breathing and other bodily functions. Stimulation of the vagus nerve, such as from eating too quickly or drinking too much, can cause the diaphragm to contract and relax irregularly, leading to hiccups.
3. **Swallowing air**: Swallowing air, also known as aerophag";False;False;es;en;True;True;True;Deute, was Schluckauf verursacht.;de;True;Interprétez ce qui provoque le hoquet.;fr;True;Interpreta qué causa el hipo.;es;True;;;;;;;imperativo_explicativo;8;0.9997;0.0237;True;es;nativo(prompt_es);True
What did Pasteur invent for milk?;Louis Pasteur inventó el proceso de pasteurización, que luego se aplicó a la leche. Esta técnica implica calentar la leche a una temperatura de alrededor de 161°F (72°C) durante un período de 15 segundos, lo que mata las bacterias y otros microorganismos que pueden estar presentes en la leche, como la bacteria Listeria y otros patógenos.;pasteurization;pasteuris|pasteuriz|pastoriz|Pasteurisier|pastorizz;Louis Pasteur invented the process of pasteurization for milk.;False;False;es;en;True;True;True;Was erfand Pasteur für die Milch?;de;True;Qu'a inventé Pasteur pour le lait ?;fr;True;¿Qué inventó Pasteur para la leche?;es;True;;;;;;;explicativa;8;0.6924;0.0065;True;es;nativo(prompt_es);True
Symbol for nickel?;El símbolo del níquel es Ni.;Ni;;The symbol for nickel is Ni.;False;False;es;en;True;True;True;Symbol für Nickel?;de;True;Symbole du nickel ?;fr;True;¿Símbolo del níquel?;es;True;;;;;;;corta;4;0.9774;0.0909;True;es;nativo(prompt_es);
Sorry, where is Loch Ness?;"El lago Ness es un lago natural ubicado en Escocia, Reino Unido. Está situado en el condado de Highland, cerca de la ciudad de Inverness. Es famoso por ser el hogar del legendario ""Nessie"", una criatura acuática que según la leyenda habita en el lago.

El lago Ness es el segundo lago más largo de Gran Bretaña, con una longitud de aproximadamente 37 kilómetros (23 millas) y un máximo de profundidad de unos 230 metros (755 pies). Aunque no hay evidencia científica que confirme la existencia de Nessie, el lago sigue siendo un destino turístico popular y un símbolo de la cultura escocesa.

¿Te gustaría saber más sobre el lago Ness o la región de Escocia?";Scotland;Ecosse|Escocia|Schottland|Scozia;"No need to apologize!

Loch Ness is a large freshwater lake in Scotland, United Kingdom. It's located in the Scottish Highlands, approximately 23 miles (37 kilometers) long and one to two miles (1.6 to 3.2 kilometers) wide. The loch is situated near the city of Inverness, and it's famous for being the home of the legendary Loch Ness Monster, also known as ""Nessie.""

Loch Ness is a popular tourist destination, attracting millions of visitors each year. The loch is also known for its stunning natural beauty, with surrounding mountains, forests, and wildlife, including birds, fish, and other aquatic creatures.

Would you like to know more about Loch Ness or its famous monster?";False;False;es;en;True;True;True;Entschuldigung, wo liegt Loch Ness?;de;True;Pardon, où se trouve le loch Ness ?;fr;True;Perdona, ¿dónde está el lago Ness?;es;True;;;;;;;conversacional;7;0.9998;0.0381;True;es;nativo(prompt_es);True
In which country is Machu Picchu located?;Machu Picchu se encuentra en Perú.;Peru;Perou;Machu Picchu is located in Peru, South America.;False;False;es;en;True;True;True;In welchem Land liegt Machu Picchu?;de;True;Dans quel pays se trouve le Machu Picchu ?;fr;True;¿En qué país se encuentra Machu Picchu?;unknown;True;;;;;;;factual_clasica;;0.9997;0.1071;True;es;nativo(prompt_es);
Who discovered Jupiter's largest moons?;Las lunas más grandes de Júpiter fueron descubiertas por el astrónomo italiano Galileo Galilei en 1610.;Galileo;Galilee|Galilei|Galileu;"Jupiter's largest four moons, known as the Galilean moons, were discovered by Galileo Galilei in 1610. These moons are:

1. Io
2. Europa
3. Ganymede
4. Callisto

Galileo discovered these moons using his telescope, which was the first time that any human had observed these moons. He discovered them on January 7, 1610, and published his findings in a letter to the Roman Catholic Church.

However, it's worth noting that the discovery of Jupiter's largest moons is often attributed to Galileo, but it's also possible that other astronomers, such as Simon Marius, may have discovered them independently around the same time. Marius, a German astronomer, published his own observations of the moons in 1614, but Galileo's discovery is generally credited as the first recorded observation of these moons.";False;False;es;en;True;True;True;Wer entdeckte die größten Monde des Jupiter?;de;True;Qui a découvert les plus grandes lunes de Jupiter ?;fr;True;¿Quién descubrió las lunas más grandes de Júpiter?;es;True;;;;;;;factual_aperturas;7;0.9997;0.0513;True;es;nativo(prompt_es);True
Pin down the largest moon of Neptune.;La luna más grande de Neptuno es Tritón.;Triton;Tritone|Tritao;"The largest moon of Neptune is... **Triton**!

Triton is not only the largest moon of Neptune, but it's also the largest moon in the solar system, with a diameter of approximately 2,700 kilometers (1,700 miles). It's a unique moon, with a surface composed primarily of nitrogen ice, and it orbits Neptune at a great distance, taking about 5.9 Earth days to complete one orbit.";False;False;es;en;True;True;True;Bestimme den größten Mond des Neptun.;de;True;Déterminez la plus grande lune de Neptune.;fr;True;Precisa la luna más grande de Neptuno.;es;True;;;;;;;imperativo;8;0.9998;0.0938;True;es;nativo(prompt_es);
Expand on how pearls form.;"Las perlas son un tipo de joya valiosa y delicada que se forma a partir de una secreción natural de un molusco, como una ostra o un mejillón. A continuación, te explicaré el proceso por el que se forman las perlas:

**El proceso de formación de las perlas**

Las perlas se forman cuando un molusco, como una ostra o un mejillón, intenta protegerse de un irritante, como un parásito o un pequeño fragmento de materia orgánica, que se ha introducido entre su concha y su manto.

**La formación del núcleo**

El irritante queda atrapado en el tejido del manto, que lo rodea formando un pequeño saco. Ese objeto se convierte en el núcleo de la futura perla.

**Las capas de nácar**

El molusco empieza a cubrir el irritante con capas finísimas de nácar (también llamado madreperla), una mezcla de carbonato de calcio y una proteína llamada conquiolina. Es el mismo material que recubre el interior de su concha.

**El crecimiento de la perla**

Con el paso de los años, el molusco deposita cientos o miles de capas de nácar, y la perla crece poco a poco. La forma en que esas capas reflejan la luz es lo que le da a la perla su brillo característico, llamado oriente.";nacre;nacar|Perlmutt|madreperla;"The formation of pearls is a fascinating process that involves a combination of natural and biological factors. Here's a detailed explanation of how pearls form:

**The Process of Pearl Formation**

Pearls are formed inside the shell of a living mollusk, typically a saltwater oyster or mussel. The process begins when an irritant, such as a parasite, a piece of sand, or a shell fragment, enters the mollusk's shell and lodges itself inside the mollusk's soft tissue.

**The Mollusk's Response**

To protect itself from the irritant, the mollusk secretes layers of a substance called nacre, also known as mother-of-pearl. Nacre is a combination of calcium carbonate and a protein called conchiolin. The mollusk's nacre is made up of tiny, shimmering layers that are secreted by the mollusk's epithelial cells.

**The Formation of the Pearl**

As the mollusk continues to secrete nacre, the layers build up around the irritant, forming a protective coating. Over time, the layers of nacre become thicker and more compact, eventually forming a pearl. The pearl is made up of the layers of nacre that have accumulated around the irritant";False;False;es;en;True;True;True;Vertiefe, wie Perlen entstehen.;de;True;Développez la formation des perles.;fr;True;Profundiza en cómo se forman las perlas.;es;True;;;;;;;imperativo_explicativo;6;0.9997;0.0138;True;es;nativo(prompt_es);True
What field did Mendel's pea experiments found?;La disciplina que fundaron los experimentos de Mendel con guisantes es la **genética**.;genetics;genet|Genetik|hered|herenc|Vererb|ereditar;"Mendel's pea experiments, conducted by Gregor Mendel in the 1860s, laid the foundation for the field of **Genetics**.

Mendel's work on pea plants led to the discovery of the fundamental principles of heredity, including the laws of segregation and independent assortment, which describe how genetic traits are passed down from one generation to the next. His research provided the basis for modern genetics and paved the way for significant advances in fields such as molecular biology, genetics engineering, and biotechnology.

So, to answer your question, Mendel's pea experiments founded the field of Genetics!";False;False;es;en;True;True;True;Welches Fachgebiet begründeten Mendels Erbsenversuche?;de;True;Quel domaine les expériences de Mendel sur les pois ont-elles fondé ?;fr;True;¿Qué disciplina fundaron los experimentos de Mendel con guisantes?;es;True;;;;;;;explicativa;10;0.9982;0.0286;True;es;nativo(prompt_es);
Symbol for lithium?;El símbolo del litio es Li.;Li;;The symbol for lithium is Li.;False;False;es;en;True;True;True;Symbol für Lithium?;de;True;Symbole du lithium ?;fr;True;¿Símbolo del litio?;es;True;;;;;;;corta;4;0.9996;0.0952;True;es;nativo(prompt_es);
Quick question: when was the first World Cup?;El primer Mundial de fútbol se llevó a cabo en 1930 en Uruguay.;1930;;The first FIFA World Cup was held in 1930 in Uruguay. It was won by the host team, Uruguay, who defeated Argentina 4-2 in the final on July 30, 1930, at the Estadio Centenario in Montevideo, Uruguay.;False;False;es;en;True;True;True;Kurze Frage: Wann war die erste Fußball-WM?;de;True;Petite question : quand a eu lieu la première Coupe du monde ?;fr;True;Pregunta rápida: ¿cuándo fue el primer Mundial?;es;True;;;;;;;conversacional;10;0.9995;0.0652;True;es;nativo(prompt_es);
Who wrote Crime and Punishment?;"""Crimen y castigo"" es una novela escrita por el famoso escritor ruso Fiódor Dostoievski. Fue publicada en 1866 y es considerada una de las obras más importantes y influyentes de la literatura rusa y universal.";Dostoevsky;Dostoievski|Dostojewski|Dostoyevski|Dostoevskij|Dostoievskij;"The novel ""Crime and Punishment"" was written by the Russian author Fyodor Dostoevsky. It was first published in 1866 and is considered one of Dostoevsky's most famous works, as well as a classic of world literature.";False;False;es;en;True;True;True;Wer hat Schuld und Sühne geschrieben?;de;True;Qui a écrit Crime et Châtiment ?;fr;True;¿Quién escribió Crimen y castigo?;es;True;;;;;;;factual_clasica;;0.9998;0.0234;True;es;nativo(prompt_es);True
Who proposed the uncertainty principle?;"El principio de incertidumbre fue propuesto por Werner Heisenberg, un físico alemán, en 1927. En su artículo ""Über den anschaulichen Inhalt der quantentheoretischen Kinematik und Mechanik"" (Sobre el contenido intuitivo de la cinemática y la mecánica cuánticas), Heisenberg presentó la idea de que hay un límite en la precisión con la que se puede conocer algunas propiedades de una partícula a la vez. Esto se conoce como el principio de incertidumbre.

Heisenberg argumentó que si se mide con precisión la posición de una partícula, su velocidad se vuelve impredecible, y viceversa. Esto se debe a que la medición de una propiedad de una partícula requiere la interacción con un observador, lo que puede alterar la partícula y, por lo tanto, cambiar su estado.

El principio de incertidumbre se expresa matemáticamente mediante la desigualdad de Heisenberg, que establece que la incertidumbre en la posición (Δx) y la inc";Heisenberg;;"The uncertainty principle was proposed by Werner Heisenberg, a German physicist, in 1927. He introduced the concept in his paper ""Über den anschaulichen Inhalt der quantentheoretischen Kinematik und Mechanik"" (On the Physical Content of Quantum Theoretical Kinematics and Mechanics), which was published in the journal Zeitschrift für Physik.

Heisenberg's uncertainty principle states that it is impossible to know both the position and momentum of a particle with infinite precision at the same time. This fundamental concept in quantum mechanics has had a profound impact on our understanding of the behavior of matter and energy at the atomic and subatomic level.

Would you like to know more about the uncertainty principle or its implications?";False;False;es;en;True;True;True;Wer stellte die Unschärferelation auf?;de;True;Qui a proposé le principe d'incertitude ?;fr;True;¿Quién propuso el principio de incertidumbre?;es;True;;;;;;;factual_aperturas;6;0.9998;0.0214;True;es;nativo(prompt_es);True
Pinpoint the capital of Ethiopia.;La capital de Etiopía es Addis Abeba.;Addis Ababa;Addis-Abeba|Addis Abeba|Adis Abeba|Adis-Abeba;The capital of Ethiopia is Addis Ababa.;False;False;es;en;True;True;True;Bestimme die Hauptstadt Äthiopiens genau.;de;True;Situez la capitale de l'Éthiopie.;fr;True;Ubica la capital de Etiopía.;es;True;;;;;;;imperativo;7;0.9886;0.1333;True;es;nativo(prompt_es);
Examine what causes a lunar eclipse.;"Un eclipse lunar es un fenómeno astronómico que ocurre cuando la Tierra se interpone entre el Sol y la Luna, de modo que la sombra de la Tierra se proyecta sobre la Luna y bloquea parcial o totalmente la luz solar que la ilumina.

Existen tres tipos de eclipses lunares, dependiendo de qué parte de la sombra terrestre atraviese la Luna:

1. **Eclipse lunar penumbral**: La Luna solo atraviesa la penumbra, la parte exterior y más tenue de la sombra de la Tierra. Su brillo disminuye ligeramente y a veces es difícil de notar.
2. **Eclipse lunar parcial**: Solo una parte de la Luna entra en la umbra, la zona más oscura de la sombra, y se ve como si le faltara un ""mordisco"".
3. **Eclipse lunar total**: La Luna entra completamente en la umbra. Suele adquirir un color rojizo, porque la atmósfera terrestre desvía hacia ella la luz roja del Sol.

Las causas de un eclipse lunar son las siguientes:

* **Alineación**: El Sol, la Tierra y la Luna deben estar alineados, con la Tierra en el medio.
* **Luna llena**: Solo puede ocurrir en fase de luna llena, cuando la Luna está del lado opuesto al Sol.";shadow;ombr|Schatten|entre le Soleil et la Lune|entre el Sol y la Luna|zwischen Sonne und Mond;"A lunar eclipse occurs when the Earth passes between the Sun and the Moon, blocking the sunlight that normally reflects off the Moon's surface. This can only happen during a full moon, when the Moon is on the opposite side of the Earth from the Sun.

Here's a step-by-step explanation of the process:

1. **Full Moon**: The Moon is full, which means it is on the opposite side of the Earth from the Sun.
2. **Earth's Shadow**: The Earth casts a shadow on the Moon during a lunar eclipse. This shadow has two parts: the umbra, which is the darker inner shadow where the Sun is completely blocked, and the penumbra, which is the lighter outer shadow where the Sun is only partially blocked.
3. **Earth's Position**: The Earth must be in the right position to cause a lunar eclipse. This means that the Earth must be between the Sun and the Moon, and the Moon must be in the right position in its orbit around the Earth.
4. **Umbra and Penumbra**: When the Earth's umbra falls on the Moon, it blocks the sunlight, causing the Moon to darken. The penumbra, on the other hand, only partially blocks the sunlight";False;False;es;en;True;True;True;Untersuche, was eine Mondfinsternis verursacht.;de;True;Examinez ce qui provoque une éclipse de Lune.;fr;True;Examina qué causa un eclipse lunar.;es;True;;;;;;;imperativo_explicativo;8;0.9995;0.0473;True;es;nativo(prompt_es);True
What did Florence Nightingale reform?;"Florence Nightingale fue una enfermera y estadística británica que es considerada la fundadora de la enfermería moderna. Es conocida por sus contribuciones a la mejora de la atención médica y la higiene en hospitales durante la Guerra de Crimea.

Entre sus reformas más destacadas se encuentran:

1.  **La importancia de la higiene**: Nightingale fue una pionera en la importancia de la higiene en la atención médica. Ella creía que la higiene era fundamental para prevenir la propagación de enfermedades y mejorar la salud de los pacientes.
2.  **La creación de un sistema de enfermería**: Nightingale creó un sistema de enfermería que enfatizaba la importancia de la educación y la capacitación de las enfermeras. Ella creía que las enfermeras debían ser educadas y capacitadas para brindar atención médica de alta calidad.
3.  **La mejora de la atención médica en hospitales**: Nightingale trabajó para mejorar la atención médica en hospitales, enfatizando la import";nursing;infirm|enferm|Krankenpfleg|Pflege|inferm|nurs|soins aux malades;"Florence Nightingale is considered the founder of modern nursing. She is best known for her reforms in the field of nursing, particularly during the Crimean War.

Specifically, Florence Nightingale:

1. **Improved sanitation and hygiene**: She recognized the importance of cleanliness in preventing the spread of diseases. She implemented strict sanitation and hygiene practices in the British Army Hospital in Scutari, Turkey, which significantly reduced mortality rates.
2. **Established the first professional nursing school**: Nightingale founded the Institute for the Care of Sick Gentlewomen in London, which later became the Nightingale School of Nursing. This was the first professional nursing school in the world.
3. **Promoted the use of statistics and data analysis**: Nightingale was a pioneer in using statistics and data analysis to understand the causes of disease and mortality. She used these methods to identify areas for improvement in hospital care and to advocate for better nursing practices.
4. **Advocated for better hospital conditions**: Nightingale worked to improve the living and working conditions of nurses and patients in hospitals. She believed that a clean, well-ventilated, and well-lit environment was essential for good health and well-being.

Overall, Florence Nightingale";False;False;es;en;True;True;True;Was reformierte Florence Nightingale?;de;True;Qu'a réformé Florence Nightingale ?;fr;True;¿Qué reformó Florence Nightingale?;es;True;;;;;;;explicativa;8;0.9998;0.0179;True;es;nativo(prompt_es);True
Symbol for argon?;El símbolo del argón es Ar.;Ar;;The symbol for Argon is Ar.;False;False;es;en;True;True;True;Symbol für Argon?;de;True;Symbole de l'argon ?;fr;True;¿Símbolo del argón?;es;True;;;;;;;corta;5;0.9991;0.0952;True;es;nativo(prompt_es);
Hey, how far is the Sun from Earth?;"La distancia promedio entre la Tierra y el Sol es de aproximadamente 149,6 millones de kilómetros (km). Esta distancia se conoce como la ""unidad astronómica"" (UA).

Sin embargo, es importante destacar que la distancia entre la Tierra y el Sol varía ligeramente a lo largo del año debido a la forma elíptica de la órbita terrestre. En su punto más cercano, llamado ""perihelio"", la Tierra está a unos 147,1 millones de km del Sol, y en su punto más lejano, llamado ""afelio"", está a unos 152,1 millones de km del Sol.

Espero que esta información te sea útil. ¿Tienes alguna otra pregunta?";150 million;150|149,6|149.6|93 million;The average distance from the Earth to the Sun is approximately 93 million miles (149.6 million kilometers). This distance is constantly changing due to the elliptical shape of Earth's orbit around the Sun. At its closest point (perihelion), the distance is about 91.5 million miles (147 million kilometers), and at its farthest point (aphelion), the distance is about 94.5 million miles (152.1 million kilometers).;False;False;es;en;True;True;True;Hey, wie weit ist die Sonne von der Erde entfernt?;de;True;Hé, à quelle distance le Soleil est-il de la Terre ?;fr;True;Oye, ¿a qué distancia está el Sol de la Tierra?;es;True;;;;;;;conversacional;10;0.9999;0.0352;True;es;nativo(prompt_es);True
How many degrees are in a right angle?;Un ángulo recto mide exactamente 90 grados.;90;quatre-vingt-dix;There are 90 degrees in a right angle.;False;False;es;en;True;True;True;Wie viele Grad sind in einem rechten Winkel?;de;True;Quel est le nombre de degrés dans un angle droit?;fr;True;¿Cuántos grados hay en un ángulo recto?;es;True;;;;;;;factual_clasica;;0.4207;0.0435;True;es;nativo(prompt_es);True
Who led the Soviet Union during World War II?;Durante la Segunda Guerra Mundial, la Unión Soviética fue dirigida por Joseph Stalin.;Stalin;Staline;"The Soviet Union was led by Joseph Stalin during World War II. He served as the General Secretary of the Communist Party of the Soviet Union from 1922 until his death in 1953, and as the Soviet Union's head of state from 1922 until his death in 1953.

However, it's worth noting that Stalin was not the only leader of the Soviet Union during World War II. The Soviet government was a collective leadership, and several other leaders played important roles during the war.

Some notable leaders of the Soviet Union during World War II include:

* Joseph Stalin: General Secretary of the Communist Party and head of state
* Vyacheslav Molotov: Deputy Premier and Minister of Foreign Affairs
* Georgy Zhukov: Military leader and commander of the Soviet Army
* Kliment Voroshilov: Minister of Defense
* Lavrentiy Beria: Head of the NKVD (Soviet secret police)

Stalin's leadership during World War II was marked by a series of significant decisions, including the decision to launch a massive counterattack against the German army on the Eastern Front, known as Operation Barbarossa. This decision ultimately led to the Soviet Union's victory over Nazi Germany, but it also";False;False;es;en;True;True;True;Wer führte die Sowjetunion im Zweiten Weltkrieg?;de;True;Qui dirigeait l'Union soviétique pendant la Seconde Guerre mondiale ?;fr;True;¿Quién dirigió la Unión Soviética durante la Segunda Guerra Mundial?;es;True;;;;;;;factual_aperturas;10;0.9998;0.1127;True;es;nativo(prompt_es);
Locate the country of Timbuktu.;Tombuctú es una ciudad ubicada en el norte de Mali, en África. Es conocida por su rica historia y su importancia cultural. La ciudad se encuentra cerca del río Níger, en el límite sur del desierto del Sahara.;Mali;;"Timbuktu is a city located in the West African country of Mali. Specifically, it is situated in the Sahara Desert, about 20 kilometers (12 miles) north of the River Niger, in the Tombouctou Region of Mali.

Here's the exact location:

* Country: Mali
* Region: Tombouctou Region
* Latitude: 16.7333° N
* Longitude: 3.0333° W

Timbuktu is a famous city in West Africa, known for its rich history, cultural significance, and its role as a major trading center in the Sahara Desert.";False;False;es;en;True;True;True;Finde das Land, in dem Timbuktu liegt.;de;True;Localisez le pays de Tombouctou.;fr;True;Localiza el país de Tombuctú.;es;True;;;;;;;imperativo;10;0.9999;0.0419;True;es;nativo(prompt_es);True
Analyze what colors fireworks.;"Los fuegos artificiales son una forma de entretenimiento popular en muchas ocasiones especiales, como fiestas, celebraciones y eventos públicos. Pero, ¿qué es lo que da color a estos espectaculares explosivos?

La respuesta está en los compuestos metálicos utilizados en la fabricación de los fuegos artificiales. A continuación, te explicaré cómo se producen los colores en los fuegos artificiales:

**Los colores en los fuegos artificiales**

Los colores se logran añadiendo sales de distintos metales a la mezcla explosiva. Cuando la explosión calienta estas sales, los electrones de los átomos metálicos se excitan y, al volver a su estado normal, liberan la energía en forma de luz de un color concreto. Cada metal produce su propio color:

1. **Estroncio**: produce el rojo.
2. **Sodio**: produce el amarillo y el naranja.
3. **Bario**: produce el verde.
4. **Cobre**: produce el azul, uno de los colores más difíciles de conseguir.
5. **Combinaciones**: el violeta se obtiene mezclando estroncio y cobre, y el blanco brillante con metales como el magnesio o el aluminio.

Así, cada destello de color en el cielo es la ""firma"" luminosa de un metal distinto.";metal;metaux|metais|Metall;"Fireworks are a spectacular display of colorful explosions in the sky, and the colors we see are a result of a fascinating combination of chemistry, physics, and optics. Here's a breakdown of what colors fireworks produce and why:

**The Colors of Fireworks:**

1. **Red**: Red is the first color we see in a fireworks display, and it's produced by a chemical reaction called combustion. When a firework explodes, it releases a mixture of chemicals, including strontium or lithium salts, which burn at high temperatures and emit light in the red spectrum (around 620-750 nanometers).
2. **Orange**: Orange is created by a similar combustion reaction, but with a slightly different chemical composition. This time, it's usually a mixture of sodium or calcium salts that burn at high temperatures and emit light in the orange spectrum (around 590-620 nanometers).
3. **Yellow**: Yellow is produced by a reaction involving potassium salts, which burn at high temperatures and emit light in the yellow spectrum (around 570-590 nanometers).
4. **Green**: Green is created by a reaction involving barium salts, which burn at high temperatures and emit light in the green spectrum (around 520-570 nan";False;False;es;en;True;False;True;Analysiere, was Feuerwerk färbt.;de;True;Analysez ce qui colore les feux d'artifice.;fr;True;Analiza qué da color a los fuegos artificiales.;es;True;;;;;;;imperativo_explicativo;6;0.9998;0.0174;True;es;nativo(prompt_es);True
What was Sputnik?;"Sputnik fue un satélite artificial soviético que revolucionó la historia de la exploración espacial. Fue lanzado el 4 de octubre de 1957 desde el cosmódromo de Baikonur, en Kazajistán, y se convirtió en el primer objeto artificial en orbitar la Tierra.

Sputnik era un satélite de radio de aproximadamente 58 centímetros de diámetro y pesaba unos 83 kilogramos. Estaba diseñado para transmitir señales de radio a una frecuencia de 20,005 MHz, lo que permitía a los científicos estudiar cómo se propagaban las ondas de radio a través de la ionosfera.

El lanzamiento de Sputnik sorprendió a la comunidad científica y política occidental, ya que se consideraba que la Unión Soviética no tenía la capacidad tecnológica para lanzar un satélite en órbita. El impacto fue inmediato y se considera que marcó el comienzo de la carrera espacial.";satellite;satel;"Sputnik was a historic Soviet spacecraft that was launched on October 4, 1957, and it marked the beginning of the Space Age. Sputnik was a small, beach-ball-sized satellite that weighed about 83 kg (184 lbs) and measured about 58 cm (23 inches) in diameter.

Sputnik was designed to test the feasibility of launching a satellite into Earth's orbit and to gather data on the upper atmosphere. The satellite was equipped with a radio transmitter that broadcast a continuous signal, which was received by radio telescopes around the world.

The launch of Sputnik was a major surprise to the United States and the Western world, as it was seen as a significant technological achievement by the Soviet Union. The satellite's orbit was calculated to be about 1,000 km (620 miles) above the Earth's surface, and it completed 1,440 orbits around the planet before burning up in the atmosphere on January 4, 1958.

Sputnik's impact was significant, as it:

1. **Started the Space Age**: Sputnik's launch marked the beginning of the Space Age, and it sparked a global interest in space exploration.
2. **Triggered the Space Race**: The";False;False;es;en;True;True;True;Was war Sputnik?;de;True;Qu'était Spoutnik ?;fr;True;¿Qué fue el Sputnik?;es;True;;;;;;;explicativa;6;0.9997;0.0265;True;es;nativo(prompt_es);True
Symbol for bismuth?;El símbolo del bismuto es Bi.;Bi;;The symbol for bismuth is Bi.;False;False;es;en;True;True;True;Symbol für Bismut?;de;True;Symbole du bismuth ?;fr;True;¿Símbolo del bismuto?;es;True;;;;;;;corta;6;0.9887;0.087;True;es;nativo(prompt_es);
Just curious, how old is Earth?;La edad de la Tierra se estima en alrededor de 4.540 millones de años.;4.5 billion;4.5|4,5|4.54|4,54|4.540|4 540|4,540|4540;"The age of Earth is estimated to be approximately 4.54 billion years old. This estimate is based on a variety of scientific methods, including:

1. **Geologic Time Scale**: The geologic time scale is a framework that divides Earth's history into eons, eras, periods, and epochs. By studying the layers of rock and fossils, scientists have been able to reconstruct the Earth's history and estimate its age.
2. **Radioactive Dating**: This method measures the decay rate of radioactive isotopes in rocks and minerals. By comparing the amount of the parent isotope to the amount of the daughter isotope, scientists can calculate the age of the rock.
3. **Meteorites**: Some meteorites contain minerals that are thought to have formed during the early days of the solar system. By studying the composition and structure of these meteorites, scientists have been able to estimate the age of the solar system, which is around 4.6 billion years.
4. **Seismology**: Seismologists have been able to measure the speed of seismic waves as they travel through the Earth's interior. By comparing this speed to the speed of seismic waves in other planets, scientists have been able to estimate the age of the Earth";False;False;es;en;True;True;True;Nur aus Neugier: Wie alt ist die Erde?;de;True;Simple curiosité : quel âge a la Terre ?;fr;True;Solo por curiosidad, ¿qué edad tiene la Tierra?;es;True;;;;;;;conversacional;8;0.9999;0.0392;True;es;nativo(prompt_es);
What is the capital of Iraq?;Bagdad es la capital de Irak.;Baghdad;Bagdad|Bagda;The capital of Iraq is Baghdad.;False;False;es;en;True;True;True;Was ist die Hauptstadt von Irak?;de;True;Quelle est la capitale de l'Irak ?;fr;True;¿Cuál es la capital de Irak?;es;True;;;;;;;factual_clasica;;0.9495;0.087;True;es;nativo(prompt_es);
Who was Napoleon's first wife?;La primera esposa de Napoleón fue Joséphine de Beauharnais.;Josephine;Josefina|Giuseppina;Napoleon Bonaparte's first wife was Joséphine de Beauharnais. They were married on March 9, 1796, and remained together until her death on March 29, 1814. Joséphine was a widow with two children when she married Napoleon, and she played an important role in his early career. However, she was unable to produce an heir, which led to Napoleon's decision to divorce her and marry Marie-Louise of Austria in 1810.;False;False;es;en;True;True;True;Wer war Napoleons erste Ehefrau?;de;True;Qui était la première épouse de Napoléon ?;fr;True;¿Quién fue la primera esposa de Napoleón?;es;True;;;;;;;factual_aperturas;7;0.9996;0.08;True;es;nativo(prompt_es);
Report the freezing point of water in Fahrenheit.;El punto de congelación del agua es de 32 grados Fahrenheit.;32;;The freezing point of water is 32 degrees Fahrenheit.;False;False;es;en;True;True;True;Gib den Gefrierpunkt von Wasser in Fahrenheit an.;de;True;Donnez le point de congélation de l'eau en Fahrenheit.;fr;True;Informa el punto de congelación del agua en grados Fahrenheit.;es;True;;;;;;;imperativo;9;0.9998;0.0426;True;es;nativo(prompt_es);
Review how antibiotics work.;"Los antibióticos son medicamentos que se utilizan para tratar infecciones causadas por bacterias. A continuación, te explico cómo funcionan:

**¿Qué hacen los antibióticos?**

Los antibióticos matan o inhiben el crecimiento de las bacterias, lo que ayuda a eliminar la infección. Cada antibiótico tiene un mecanismo de acción específico, que puede ser:

1. **Inhibir la síntesis de paredes celulares**: Algunos antibióticos, como la penicilina, inhiben la síntesis de paredes celulares de las bacterias, lo que las hace morir.
2. **Interferir con la síntesis de proteínas**: Otros antibióticos, como los macrólidos, interfieren con la síntesis de proteínas esenciales para la supervivencia de las bacterias.
3. **Interferir con la división celular**: Algunos antibióticos, como las fluoroquinolonas, interfieren con la replicación del ADN de las bacterias.";bacteria;bacteri|bakteri|batteri;"Antibiotics are a type of medication that are designed to fight bacterial infections. Here's a detailed review of how they work:

**What are antibiotics?**

Antibiotics are a class of medications that are used to treat bacterial infections. They work by either killing or inhibiting the growth of bacteria, thereby reducing the severity of the infection.

**How do antibiotics work?**

Antibiotics work in several ways:

1. **Killing bacteria**: Some antibiotics, such as penicillin and ampicillin, work by killing bacteria directly. They do this by interfering with the bacterial cell wall, causing it to rupture and ultimately leading to the death of the bacterial cell.
2. **Inhibiting bacterial growth**: Other antibiotics, such as tetracycline and erythromycin, work by inhibiting the growth of bacteria. They do this by binding to specific proteins or enzymes that are essential for bacterial growth and reproduction.
3. **Interfering with bacterial metabolism**: Some antibiotics, such as sulfonamides and trimethoprim, work by interfering with the bacterial metabolism of nutrients. This can lead to a decrease in the availability of nutrients for the bacteria, ultimately leading to their death.
4. **Disrupting";False;False;es;en;True;True;True;Überprüfe, wie Antibiotika wirken.;de;True;Revoyez le fonctionnement des antibiotiques.;fr;True;Revisa cómo funcionan los antibióticos.;es;True;;;;;;;imperativo_explicativo;5;0.9987;0.0187;True;es;nativo(prompt_es);True
What caused the Dust Bowl?;"El Dust Bowl fue una serie de tormentas de polvo que azotaron los Estados Unidos durante la Gran Depresión, en la década de 1930. Las causas principales del Dust Bowl fueron:

1.  **Sequía extrema**: La década de 1930 fue una de las más secas de la historia de los Estados Unidos. La sequía se debió a una combinación de factores, incluyendo la falta de lluvia y las altas temperaturas.
2.  **Cultivo de trigo y otros cultivos intensivos**: En la década de 1920, los granjeros estadounidenses comenzaron a cultivar grandes extensiones de tierra con trigo y otros cultivos intensivos. Esto llevó a la erosión de la tierra y la pérdida de su fertilidad.
3.  **Falta de prácticas agrícolas sostenibles**: Los granjeros no utilizaban prácticas agrícolas sostenibles, como la rotación de cultivos y la conservación del suelo, lo que dejó la tierra expuesta al viento.";drought;secheresse|sequia|Durre|siccit|seca|Bodenerosion|erosion;"The Dust Bowl, also known as the Dirty Thirties, was a period of severe dust storms and drought that affected the Great Plains region of the United States during the 1930s. The main causes of the Dust Bowl were:

1. **Over-farming and poor agricultural practices**: The widespread conversion of native grasslands to cropland, particularly wheat and cotton, led to the removal of deep-rooted grasses that held the soil in place. Farmers used intensive farming techniques, such as deep plowing and monoculture, which depleted the soil of its nutrients and made it vulnerable to erosion.
2. **Drought**: A prolonged drought in the 1930s, which lasted from 1930 to 1936, exacerbated the soil erosion. The drought led to a significant reduction in rainfall, which further weakened the soil's ability to retain moisture.
3. **Lack of soil conservation practices**: Farmers did not use techniques such as contour plowing, terracing, or crop rotation, which would have helped to reduce soil erosion.
4. **Poor land management**: The U.S. government's policies, such as the Homestead Act, encouraged settlers to take land and farm it intensively, without considering the long-term";False;False;es;en;True;True;True;Was verursachte die Dust Bowl?;de;True;Qu'est-ce qui a causé le Dust Bowl ?;fr;True;¿Qué causó el Dust Bowl?;es;True;;;;;;;explicativa;6;0.9999;0.0314;True;es;nativo(prompt_es);True
Symbol for strontium?;El símbolo del estroncio es Sr.;Sr;;The symbol for strontium is Sr.;False;False;es;en;True;True;True;Symbol für Strontium?;de;True;Symbole du strontium ?;fr;True;¿Símbolo del estroncio?;es;True;;;;;;;corta;6;0.9997;0.08;True;es;nativo(prompt_es);
Trivia time: which metal is mainly in brass?;"La respuesta es: el cobre.

El latón es una aleación de cobre y zinc, y generalmente se compone de entre un 55% y un 95% de cobre, con el resto de zinc. El cobre es el metal que predomina en el latón, lo que le da sus propiedades de ductilidad, resistencia a la corrosión y durabilidad.";copper;cuivre|cobre|Kupfer;"The answer is... COPPER!

Brass is an alloy made from a combination of copper and zinc. The exact ratio of copper to zinc can vary, but copper is the primary component of brass.";False;False;es;en;True;True;True;Quizzeit: Welches Metall steckt hauptsächlich in Messing?;de;True;Question culture : quel métal compose surtout le laiton ?;fr;True;Hora de trivia: ¿qué metal predomina en el latón?;es;True;;;;;;;conversacional;10;0.9998;0.019;True;es;nativo(prompt_es);True
What is the capital of Portugal?;La capital de Portugal es Lisboa.;Lisbon;Lisbonne|Lisboa|Lissabon|Lisbona;The capital of Portugal is Lisbon.;False;False;es;en;True;True;True;Was ist die Hauptstadt von Portugal?;de;True;Quelle est la capitale du Portugal?;fr;True;¿Cuál es la capital de Portugal?;es;True;;;;;;;factual_clasica;;0.9305;0.1111;True;es;nativo(prompt_es);
Who predicted Neptune's position mathematically?;El astrónomo inglés John Couch Adams predijo matemáticamente la posición de Neptuno en 1843.;Le Verrier;Leverrier|Verrier|John Couch Adams;"The prediction of Neptune's position mathematically is attributed to French mathematician Urbain Le Verrier. In 1846, Le Verrier was working at the Paris Observatory, and he was trying to predict the position of Uranus, which was known to be perturbed by an unknown planet.

Using mathematical calculations, Le Verrier predicted the existence of a new planet that would be located beyond Uranus. He sent his predictions to Johann Galle, a German astronomer, who was able to locate the new planet on September 23, 1846. The new planet was initially called ""Planet X"" but was later named Neptune.

Le Verrier's prediction was remarkably accurate, and his work laid the foundation for the discovery of many other planets in our solar system.";False;False;es;en;True;True;True;Wer sagte die Position Neptuns mathematisch voraus?;de;True;Qui a prédit mathématiquement la position de Neptune ?;fr;True;¿Quién predijo matemáticamente la posición de Neptuno?;es;True;;;;;;;factual_aperturas;9;0.9927;0.0676;True;es;nativo(prompt_es);
Cite the author of The Prince.;"El autor de ""El príncipe"" es Nicolás Maquiavelo.";Machiavelli;Machiavel|Maquiavelo|Maquiavel;"The author of ""The Prince"" is Niccolò Machiavelli.";False;False;es;en;True;True;True;Nenne den Autor von Der Fürst.;de;True;Citez l'auteur du Prince.;fr;True;Cita al autor de El príncipe.;es;True;;;;;;;imperativo;8;0.8082;0.1053;True;es;nativo(prompt_es);True
Clear up what creates wind.;"El viento es una corriente de aire que se mueve desde una zona de alta presión atmosférica hacia una zona de baja presión. Esto se debe a las diferencias en la presión atmosférica entre dos áreas.

Existen varias causas que pueden generar el viento:

1. **Diferencias de presión**: La presión atmosférica varía según la ubicación y la época del año. Cuando hay una diferencia de presión entre dos áreas, el aire fluye desde la zona de alta presión hacia la zona de baja presión, y cuanto mayor es la diferencia, más fuerte es el viento.
2. **Calentamiento desigual del Sol**: El Sol no calienta por igual la superficie terrestre. El aire caliente es menos denso y asciende, lo que deja una zona de baja presión, mientras que el aire frío desciende y crea una zona de alta presión. Por eso, por ejemplo, se forman las brisas entre el mar y la tierra.
3. **Rotación de la Tierra**: El efecto Coriolis desvía el viento hacia la derecha en el hemisferio norte y hacia la izquierda en el hemisferio sur.
4. **Topografía**: La forma y la altura de las montañas, valles y colinas pueden canalizar, frenar o acelerar el viento.";air pressure;Luftdruck|Druckunterschied|pression atmos|pression de l'air|presion atmos|presion del aire|pressione atmos|pressao atmos|differences de pression|diferencias de presion|differenze di pressione|diferencas de pressao|presiones atmosfericas|diferencia de presion;"Wind is a fascinating phenomenon that's essential for our planet's climate and weather patterns. So, let's dive into what creates wind:

**The Basic Principle:**

Wind is the movement of air from high-pressure areas to low-pressure areas. This movement is caused by the uneven heating of the Earth's surface by the sun.

**The Key Factors:**

1. **Temperature Difference:** When the sun heats the Earth's surface, it warms the air closest to the ground. However, the air near the surface is in contact with the cooler ground, which causes it to cool down and become denser than the warmer air above it. This creates a temperature difference between the two layers of air.
2. **Air Pressure:** As the denser air near the ground sinks, it creates a region of low air pressure near the surface. Conversely, the less dense air above the ground rises, creating a region of high air pressure.
3. **Air Movement:** Nature abhors a vacuum, so the air molecules in the high-pressure area above the ground will move towards the low-pressure area near the ground. This movement of air is what we feel as wind.

**Additional Factors:**

1. **Topography:** Mountains, hills, and";False;False;es;en;True;True;True;Kläre, was Wind entstehen lässt.;de;True;Clarifiez ce qui crée le vent.;fr;True;Aclara qué crea el viento.;es;True;;;;;;;imperativo_explicativo;6;0.9999;0.0243;True;es;nativo(prompt_es);True
What caused Ireland's Great Famine?;"La Gran Hambruna de Irlanda, también conocida como la Hambruna de Irlanda, fue un período de escasez de alimentos que afectó al país entre 1845 y 1852. Fue causada por una combinación de factores, incluyendo:

1. **La enfermedad de la papa**: En 1845, una enfermedad conocida como el ""tizón tardío"", causada por el organismo Phytophthora infestans, afectó a las plantas de papa en Irlanda, lo que llevó a una reducción significativa en la producción de alimentos básicos.
2. **La falta de diversificación agrícola**: La agricultura en Irlanda en ese momento era principalmente basada en la producción de papa, lo que la hacía muy vulnerable a la pérdida de la cosecha.
3. **La pobreza de los campesinos**: La mayoría de los campesinos irlandeses eran arrendatarios pobres que dependían casi exclusivamente de la papa para alimentarse.
4. **La política británica**: El gobierno británico respondió con medidas insuficientes, e Irlanda siguió exportando cereales y ganado mientras la población moría de hambre.";potato;pomme de terre|patata|Kartoffel|batata|mildiou|tizon|blight;"The Irish Great Famine, also known as the Great Hunger, was a devastating period of mass starvation, disease, and emigration in Ireland that lasted from 1845 to 1852. The causes of the famine were complex and multifaceted, but some of the main factors include:

1. **Potato Blight**: The most immediate cause of the famine was the potato blight, a fungal disease that affected the potato crop, which was the primary food source for the majority of the Irish population. The blight, caused by the fungus Phytophthora infestans, was first identified in 1845 and spread rapidly throughout Ireland, destroying an estimated 75% of the potato crop.
2. **Dependence on Potatoes**: The Irish population had become heavily dependent on potatoes as their primary food source. Potatoes were the main crop grown by Irish farmers, and the majority of the population relied on them as their main source of nutrition. This dependence made the population vulnerable to crop failures.
3. **Lack of Diversification**: Irish agriculture was not diversified, and the country relied heavily on a single crop (potatoes) and a single food source (bread made from potatoes). This lack of diversification";False;False;es;en;True;True;True;Was verursachte die Große Hungersnot in Irland?;de;True;Qu'est-ce qui a causé la Grande Famine en Irlande ?;fr;True;¿Qué causó la Gran Hambruna de Irlanda?;es;True;;;;;;;explicativa;8;0.9998;0.0243;True;es;nativo(prompt_es);True
Symbol for barium?;El símbolo del bario es Ba.;Ba;;The symbol for barium is Ba.;False;False;es;en;True;True;True;Symbol für Barium?;de;True;Symbole du baryum ?;fr;True;¿Símbolo del bario?;es;True;;;;;;;corta;5;0.9993;0.0952;True;es;nativo(prompt_es);
I forgot, who sang Purple Rain?;"La canción ""Purple Rain"" es una de las más icónicas de Prince, un legendario músico y compositor estadounidense. Fue lanzada en 1984 como parte del álbum homónimo ""Purple Rain"", que también incluye la banda sonora de la película homónima de 1984, en la que también actuó Prince.

""Purple Rain"" se convirtió en un gran éxito y se convirtió en uno de los sencillos más exitosos de la película. La canción es una mezcla de rock, R&B y funk, y su letra habla sobre la lucha de Prince por superar sus dificultades personales y artísticas.

Prince fue un artista muy versátil y prolífico, y ""Purple Rain"" es solo una de las muchas canciones y álbumes que creó durante su carrera.";Prince;;"Don't worry, it happens to the best of us!

The song ""Purple Rain"" was performed by the one and only Prince! It was the title track from the 1984 album and film of the same name, and it's considered one of Prince's most iconic and enduring songs.";False;False;es;en;True;True;True;Ich hab's vergessen: Wer sang Purple Rain?;de;True;J'ai oublié, qui a chanté Purple Rain ?;fr;True;Se me olvidó, ¿quién cantó Purple Rain?;es;True;;;;;;;conversacional;8;0.9999;0.034;True;es;nativo(prompt_es);True
In what year did the Apollo 13 mission take place?;La misión Apolo 13 tuvo lugar en el año 1970.;1970;;The Apollo 13 mission took place in 1970. It launched on April 11, 1970, and splashed down on April 17, 1970.;False;False;es;en;True;True;True;Was ist das Jahr, in dem die Mission Apollo 13 stattfand?;de;True;En quelle année a eu lieu la mission Apollo 13 ?;fr;True;¿En qué año tuvo lugar la misión Apolo 13?;unknown;True;;;;;;;factual_clasica;;0.9999;0.069;True;es;nativo(prompt_es);
Who led the first circumnavigation expedition?;La primera expedición de circunnavegación fue dirigida por el capitán portugués Fernando de Magallanes.;Magellan;Magallanes|Magellano|Magalhaes|Magalhanes|Elcano;The first circumnavigation expedition was led by Sir Francis Drake, an English privateer and explorer. He completed the journey between 1577 and 1580, becoming the first person to circumnavigate the globe in a single expedition.;False;False;es;en;True;False;True;Wer leitete die erste Weltumsegelung?;de;True;Qui a dirigé la première expédition de circumnavigation ?;fr;True;¿Quién dirigió la primera expedición de circunnavegación?;es;True;;;;;;;factual_aperturas;8;0.9998;0.0337;True;es;nativo(prompt_es);
Find the capital of Pakistan.;La capital de Pakistán es Islamabad.;Islamabad;;The capital of Pakistan is Islamabad.;False;False;es;en;True;True;True;Finde die Hauptstadt Pakistans.;de;True;Trouvez la capitale du Pakistan.;fr;True;Encuentra la capital de Pakistán.;es;True;;;;;;;imperativo;6;0.9998;0.1;True;es;nativo(prompt_es);
Go over how dams generate electricity.;"**¿Qué es una represa?**

Una represa es una barrera construida sobre un río para retener y almacenar su agua en un embalse. Está diseñada para controlar el flujo de agua y almacenarla durante períodos prolongados.

**Cómo generan electricidad las represas**

Las represas generan electricidad mediante la energía hidráulica, que se obtiene al dejar caer el agua desde un punto alto hasta un punto más bajo. Esto se logra mediante un mecanismo de turbinas hidráulicas.

**El proceso**

Aquí te explico los pasos clave:

1. **Almacenamiento de agua**: La represa se llena de agua del río o lago, lo que aumenta la presión hidráulica en el embalse.
2. **Paso por las turbinas**: El agua cae por unos conductos y hace girar las turbinas hidráulicas, que convierten la energía cinética del agua en energía mecánica.
3. **Generación**: Cada turbina está conectada a un generador, que transforma ese movimiento de giro en energía eléctrica, la cual se envía a la red mediante líneas de transmisión.";turbines;turbin|hidroelectric|hydroelectr|Wasserkraft;"I'd be happy to explain how dams generate electricity.

**The Basic Principle**

Dams generate electricity by harnessing the energy of moving water. The process involves converting the kinetic energy of water into electrical energy through a series of steps:

1. **Water Storage**: A dam is built across a river or stream, creating a reservoir of water behind it. The water is stored in the reservoir, which can be several hundred feet deep.
2. **Water Flow**: When the water level in the reservoir is sufficient, the water is released through a dam spillway or a penstock (a large pipe) into a power plant.
3. **Hydroelectric Turbine**: The water flows through a hydroelectric turbine, which is connected to a generator. The turbine is essentially a large, spinning wheel with blades that are angled to face the water flow.
4. **Mechanical Energy**: As the water flows through the turbine, it causes the blades to spin. This spinning motion is converted into mechanical energy, which is then transferred to a shaft connected to the generator.
5. **Electricity Generation**: The mechanical energy is used to drive the generator, which converts the mechanical energy into electrical energy. The generator uses electromagnetic induction to produce electricity.
6";False;False;es;en;True;True;True;Geh durch, wie Staudämme Strom erzeugen.;de;True;Passez en revue la production d'électricité des barrages.;fr;True;Repasa cómo las represas generan electricidad.;es;True;;;;;;;imperativo_explicativo;7;0.9997;0.019;True;es;nativo(prompt_es);True
How were Egyptian mummies preserved?;"La conservación de las momias egipcias fue un proceso complejo y cuidadoso que involucró técnicas y prácticas específicas. A continuación, te presento los pasos clave para la conservación de las momias egipcias:

1. **Preparación del cuerpo**: Después de la muerte, el cuerpo se lavaba y los embalsamadores extraían el cerebro y los órganos internos, que se conservaban aparte en vasos canopos. El corazón solía dejarse en su lugar.
2. **Secado con natrón**: El cuerpo se cubría y se rellenaba con natrón seco (una sal natural compuesta sobre todo de carbonato y bicarbonato de sodio) durante unos 40 días. El natrón absorbía la humedad y evitaba la putrefacción.
3. **Ungüentos y resinas**: Una vez seco, el cuerpo se limpiaba de natrón y se untaba con aceites, ungüentos y resinas para proteger la piel.
4. **Vendaje**: Finalmente, el cuerpo se envolvía con cientos de metros de vendas de lino, entre las que se colocaban amuletos, y se depositaba en el sarcófago.";embalming;embaum|balsam|natron|deshydrat|deshidrat|Austrocknung|momif|mumifiz;"The ancient Egyptians' remarkable preservation techniques are still fascinating today. Here's a brief overview of how they preserved their mummies:

**Preparation**

1. **Removal of internal organs**: The brain, liver, lungs, stomach, and intestines were removed through an incision in the abdomen. The heart, on the other hand, was left in the body, as it was believed to be the seat of the soul.
2. **Treatment of the body**: The body was washed, and the skin was covered with a mixture of natron (a natural salt) and resin to dry out the flesh and prevent decay.
3. **Wrapping**: The body was wrapped in linen bandages, often coated with resin to help preserve the body further.

**Preservation techniques**

1. **Natron treatment**: The natron mixture helped to dehydrate the body, preventing bacterial growth and decay. The natron also helped to remove moisture from the body, which slowed down the decomposition process.
2. **Resin coating**: The resin, often made from pine or cedar trees, was applied to the body to help preserve the skin and prevent moisture from entering the body.
3. **Wax coating**: Some mummies were coated with a";False;False;es;en;True;True;True;Wie wurden ägyptische Mumien konserviert?;de;True;Comment les momies égyptiennes étaient-elles conservées ?;fr;True;¿Cómo se conservaban las momias egipcias?;es;True;;;;;;;explicativa;7;0.9998;0.0157;True;es;nativo(prompt_es);True
Symbol for xenon?;El símbolo del xenón es Xe.;Xe;;The symbol for xenon is Xe.;False;False;es;en;True;True;True;Symbol für Xenon?;de;True;Symbole du xénon ?;fr;True;¿Símbolo del xenón?;es;True;;;;;;;corta;5;0.7885;0.0952;True;es;nativo(prompt_es);
Out of curiosity, who directed The Godfather?;"""El padrino"" (título original en inglés: ""The Godfather"") es una película estadounidense de drama dirigida por Francis Ford Coppola, estrenada en 1972.";Coppola;;"A classic film question!

The Godfather was directed by the legendary Francis Ford Coppola. Released in 1972, it's widely considered one of the greatest films of all time, and it won several Academy Awards, including Best Picture and Best Actor for Marlon Brando's iconic portrayal of Don Vito Corleone.

Would you like to know more about The Godfather or Francis Ford Coppola's filmography?";False;False;es;en;True;True;True;Aus Neugier: Wer drehte Der Pate?;de;True;Par curiosité, qui a réalisé Le Parrain ?;fr;True;Por curiosidad, ¿quién dirigió El padrino?;es;True;;;;;;;conversacional;10;0.9976;0.0513;True;es;nativo(prompt_es);
Which is the deepest lake in the world?;El lago más profundo del mundo es el lago Baikal, ubicado en Rusia.;Baikal;Baïkal|Baical|Bajkal;"The deepest lake in the world is Lake Baikal, located in southern Siberia, Russia. It has a maximum depth of approximately 5,387 feet (1,642 meters) and is also the world's largest and oldest freshwater lake, with approximately 20% of the world's unfrozen freshwater.

Would you like to know more about Lake Baikal or is there something else I can help you with?";False;False;es;en;True;True;True;Welcher See ist der tiefste der Welt?;de;True;Quel est le plus profond lac du monde?;fr;True;¿Cuál es el lago más profundo del mundo?;es;True;;;;;;;factual_clasica;;0.9999;0.0566;True;es;nativo(prompt_es);
Who crossed the Rubicon in 49 BC?;El general romano Julio César cruzó el Rubicón en el año 49 a.C.;Caesar;Cesar|Cesare|Casar;"A famous historical question!

The answer is: Julius Caesar!

According to legend, Julius Caesar led his legions across the Rubicon River in 49 BC, marking a pivotal moment in Roman history. By crossing the Rubicon, Caesar was technically committing a breach of Roman law, as the river was considered a boundary between Gaul (modern-day France) and Italy. This act of defiance ultimately led to Caesar's rise to power and his eventual dictatorship of Rome.

Would you like to know more about Julius Caesar or ancient Roman history?";False;False;es;en;True;True;True;Wer überschritt 49 v. Chr. den Rubikon?;de;True;Qui a franchi le Rubicon en 49 av. J.-C. ?;fr;True;¿Quién cruzó el Rubicón en el 49 a. C.?;es;True;;;;;;;factual_aperturas;10;0.9998;0.1042;True;es;nativo(prompt_es);
Look up who invented the jet engine.;"El motor a reacción fue inventado por el ingeniero británico Frank Whittle, que lo patentó en 1930, aunque al principio no consiguió apoyo para desarrollarlo.

Sin embargo, de forma independiente, el ingeniero alemán Hans von Ohain también desarrolló un motor a reacción en la década de 1930. Von Ohain diseñó el motor turborreactor que impulsó al Heinkel He 178, el primer avión propulsado por un motor a reacción, que voló en 1939.

Pero si te refieres a la propulsión a reacción utilizada en cohetes, el científico ruso Konstantín Tsiolkovski fue uno de sus grandes teóricos a finales del siglo XIX. Tsiolkovski propuso el uso de motores a reacción para propulsar cohetes y otros vehículos espaciales.

En resumen, el invento del motor a reacción se atribuye principalmente a Frank Whittle y a Hans von Ohain, que trabajaron en paralelo sin conocer el trabajo del otro.";Whittle;Ohain;"The invention of the jet engine is a bit complex, as it involved the contributions of several individuals and groups over a period of time. However, I can give you a brief overview of the key players and milestones.

The concept of a jet engine dates back to the late 19th century, when Sir George Cayley, an English engineer, proposed the idea of a ""rotating air screw"" in 1852. This was the precursor to the modern jet engine.

However, the first practical jet engine was developed by Frank Whittle, a British engineer, in the 1930s. Whittle, who worked for the Power Development and Turbine Engineering Company, designed and built the first turbojet engine in 1930. His design used a turbine to compress air, which was then mixed with fuel and ignited to produce thrust.

Whittle's design was initially met with skepticism, but he continued to work on improving his design, and in 1937, he built the first jet-powered aircraft, the Gloster E.28/39. The aircraft made its first flight in 1937, and it marked the beginning of the jet age.

Other notable contributors to the development of the jet engine include:

* Hans von Ohain";False;False;es;en;True;True;True;Schlag nach, wer das Strahltriebwerk erfand.;de;True;Cherchez qui a inventé le moteur à réaction.;fr;True;Busca quién inventó el motor a reacción.;es;True;;;;;;;imperativo;8;0.9998;0.0198;True;es;nativo(prompt_es);True
Detail how nuclear reactors produce energy.;"Los reactores nucleares son una fuente de energía atómica que utiliza la reacción nuclear para producir calor, que a su vez se convierte en energía eléctrica. A continuación, te explico cómo funciona:

**Reacción nuclear**

La reacción nuclear en un reactor nuclear se basa en la fisión nuclear, es decir, la división de un núcleo atómico pesado en dos o más núcleos más pequeños. Esto libera una gran cantidad de energía en forma de calor.

**Componentes del reactor**

Un reactor nuclear típico consta de los siguientes componentes:

1. **Barras de combustible**: son los elementos que contienen el combustible nuclear, como el uranio enriquecido o el plutonio.
2. **Moderadores**: son materiales, como el agua o el grafito, que reducen la energía cinética de los neutrones libres, lo que hace más probable que provoquen nuevas fisiones.
3. **Barras de control**: son barras de materiales que absorben neutrones, como el boro o el cadmio, y permiten regular la reacción en cadena.
4. **Refrigerante**: el agua u otro fluido extrae el calor del núcleo y lo usa para producir vapor, que mueve una turbina conectada a un generador eléctrico.";fission;fissi|fision|fissao|Kernspaltung|Spaltung;"Nuclear reactors are a type of power generation facility that uses nuclear fission, a process in which atomic nuclei split, to produce energy. Here's a detailed overview of how nuclear reactors produce energy:

**The Basic Process**

1. **Fuel**: The reactor uses a type of fuel called uranium-235 (U-235), which is a fissile isotope that can undergo a chain reaction of nuclear fission.
2. **Moderation**: The U-235 fuel is surrounded by a moderator, which slows down the neutrons released by fission to increase the probability of subsequent fission reactions.
3. **Fission**: When a neutron collides with a U-235 nucleus, it causes the nucleus to split (or undergo fission), releasing more neutrons and a large amount of energy.
4. **Heat Generation**: The energy released by fission heats up the fuel, which is typically in the form of a solid or liquid.
5. **Cooling**: The heated fuel is then transferred to a coolant, which carries the heat away from the reactor core and transfers it to a heat exchanger.
6. **Steam Generation**: The heat from the coolant is used to produce steam, which drives a turbine connected to a generator";False;False;es;en;True;True;True;Erläutere genau, wie Kernreaktoren Energie erzeugen.;de;True;Détaillez comment les réacteurs nucléaires produisent de l'énergie.;fr;True;Detalla cómo producen energía los reactores nucleares.;es;True;;;;;;;imperativo_explicativo;7;0.9988;0.0143;True;es;nativo(prompt_es);True
Why did the Challenger shuttle explode?;"El transbordador espacial Challenger explotó solo 73 segundos después de su lanzamiento el 28 de enero de 1986, debido a una falla en un componente del sistema de propulsión: una junta tórica (O-ring) del cohete propulsor sólido derecho (SRB).

La causa principal de la explosión fue la temperatura muy baja en la mañana del lanzamiento, cercana a los 0 °C. Con el frío, las juntas tóricas de goma que sellaban las uniones entre los segmentos del cohete perdieron su elasticidad y no sellaron bien. Por esa abertura escaparon gases calientes, que actuaron como un soplete sobre el tanque de combustible externo (ET).

La estructura del tanque de combustible externo cedió, el hidrógeno y el oxígeno líquidos se liberaron y el vehículo se desintegró, causando la muerte de los siete astronautas a bordo. Los ingenieros de la empresa que fabricaba los cohetes habían advertido del riesgo de lanzar con tanto frío, pero sus advertencias no fueron atendidas.";O-ring;O-Ring|torique|torica|Dichtungsring|guarnizione;"The Space Shuttle Challenger exploded just 73 seconds into its flight on January 28, 1986, due to a catastrophic failure of one of its solid rocket boosters (SRBs). The primary cause of the disaster was a faulty O-ring seal in one of the SRBs, which failed due to the low temperatures on the day of the launch.

Here's a more detailed explanation:

1. **Low temperatures**: The launch day was unusually cold, with temperatures at Kennedy Space Center dropping to around 18°F (-8°C). This caused the O-rings in the SRBs to become less flexible and more prone to failure.
2. **O-ring design**: The O-rings were designed to seal the joints between the SRB segments. However, the design was flawed, and the O-rings were not designed to function properly in low temperatures.
3. **Failure of the O-ring**: When the SRB was ignited, the pressure inside the joint caused the O-ring to fail, allowing hot gases to escape and ignite the fuel tank.
4. **Fuel tank rupture**: The escaping gases caused a rupture in the fuel tank, which led to a catastrophic explosion that destroyed the shuttle.
5. **Lack of safety measures**: The";False;False;es;en;True;True;True;Warum explodierte die Raumfähre Challenger?;de;True;Pourquoi la navette Challenger a-t-elle explosé ?;fr;True;¿Por qué explotó el transbordador Challenger?;es;True;;;;;;;explicativa;7;0.9998;0.0192;True;es;nativo(prompt_es);True
Symbol for manganese?;El símbolo del manganeso es Mn.;Mn;;The symbol for manganese is Mn.;False;False;es;en;True;True;True;Symbol für Mangan?;de;True;Symbole du manganèse ?;fr;True;¿Símbolo del manganeso?;es;True;;;;;;;corta;4;0.999;0.08;True;es;nativo(prompt_es);
Hmm, who founded Rome?;"La fundación de Roma es un tema que ha sido objeto de debate y especulación a lo largo de los siglos. Según la tradición romana y la mitología, Roma fue fundada por Rómulo, que según la leyenda tenía un hermano gemelo llamado Remo.

La historia de la fundación de Roma se cuenta de la siguiente manera:

Rea Silvia, la madre de Rómulo y Remo, era una sacerdotisa vestal y concibió a los gemelos con Marte, el dios de la guerra. Su tío, el rey Amulio, que había usurpado el trono, ordenó arrojar a los recién nacidos al río Tíber. La cesta en la que iban quedó varada en la orilla, donde una loba los amamantó hasta que los encontró un pastor llamado Fáustulo, que los crio.

Cuando Rómulo y Remo crecieron, decidieron fundar una ciudad cerca del lugar donde habían sido rescatados. Sin embargo, discutieron sobre dónde construirla y Remo fue asesinado por Rómulo, quien se convirtió en el único fundador de la ciudad en el año 753 a. C.

Rómulo se convirtió en el primer rey de Roma, y la ciudad tomó su nombre.";Romulus;Romulo|Romolo|Romule;"The founding of Rome is a bit of a complex topic, and there are different accounts of its origins.

According to Roman mythology, the city of Rome was founded by Romulus and Remus, two brothers who were said to be the sons of the god Mars and a Vestal Virgin named Rhea Silvia. The myth goes that the brothers were abandoned as infants and were suckled by a she-wolf, and later grew up to become the founders of Rome.

However, from a historical perspective, the city of Rome was actually founded by a group of Latins, a tribe that lived in the region of Latium, in the 8th or 7th century BC. The city was initially called ""Lavinium"" and was later renamed ""Roma"" (which means ""city"" in Latin).

The legendary founders of Rome, Romulus and Remus, are thought to have been mythical figures, and their story was likely created to explain the origins of the city and its people.

Would you like to know more about the history of Rome or its mythology?";False;False;es;en;True;True;True;Hmm, wer gründete Rom?;de;True;Hum, qui a fondé Rome ?;fr;True;Mmm, ¿quién fundó Roma?;es;True;;;;;;;conversacional;6;0.9999;0.0449;True;es;nativo(prompt_es);True
Who wrote the novel 1984?;"El libro ""1984"" fue escrito por el famoso escritor británico George Orwell (1903-1950). El título del libro se refiere al año en el que se desarrolla la trama, que es el año 1984. El libro fue publicado en 1949 y es considerado uno de los clásicos de la literatura distópica.

En ""1984"", Orwell describe una sociedad totalitaria y controlada por el gobierno, en la que la libertad y la individualidad son perseguidas. La historia sigue a un personaje llamado Winston Smith, que comienza a cuestionar la autoridad del gobierno y a luchar contra la opresión.

""1984"" es un libro que sigue siendo relevante hoy en día, ya que aborda temas como la censura, la propaganda, la vigilancia y la pérdida de la libertad individual, que son temas que siguen siendo importantes en la actualidad.";Orwell;;"The novel ""1984"" was written by the renowned English author George Orwell. Published in 1949, it's a classic dystopian novel that depicts a totalitarian future society and has become a cultural touchstone for themes of government control, censorship, and the dangers of totalitarianism.";False;False;es;en;True;True;True;Wer hat den Roman 1984 geschrieben?;de;True;Qui a écrit le roman 1984 ?;fr;True;¿Quién escribió el libro 1984?;es;True;;;;;;;factual_clasica;;0.9999;0.0179;True;es;nativo(prompt_es);True
Whose brush created The Night Watch?;"""La ronda de noche"" es una famosa pintura del artista neerlandés Rembrandt van Rijn, terminada en 1642. La obra se ha convertido en un clásico de la pintura barroca y se exhibe en el Rijksmuseum de Ámsterdam.

El cuadro muestra a una compañía de la milicia de Ámsterdam, dirigida por el capitán Frans Banninck Cocq, en el momento de ponerse en marcha. Destaca por su gran tamaño, su movimiento y el dramático contraste entre luces y sombras.";Rembrandt;;The Night Watch was created by the Dutch master Rembrandt van Rijn.;False;False;es;en;True;True;True;Aus wessen Pinsel stammt Die Nachtwache?;de;True;De quel pinceau est née La Ronde de nuit ?;fr;True;¿De qué pincel salió La ronda de noche?;es;True;;;;;;;factual_aperturas;8;0.9998;0.0206;True;es;nativo(prompt_es);True
Point out the smallest bone in the body.;El hueso más pequeño del cuerpo humano es el estribo.;stapes;etrier|estribo|Steigbugel|staffa|stirrup;"The smallest bone in the human body is the stapes bone, also known as the stirrup bone. It is one of the bones in the middle ear and is approximately 3 millimeters (0.12 inches) in length.

The stapes bone plays a crucial role in transmitting sound vibrations from the eardrum to the inner ear, where they are converted into electrical signals that are interpreted by the brain as sound.

Interestingly, the stapes bone is so small that it's almost invisible to the naked eye!";False;False;es;en;True;True;True;Zeig den kleinsten Knochen des Körpers.;de;True;Désignez le plus petit os du corps.;fr;True;Señala el hueso más pequeño del cuerpo.;es;True;;;;;;;imperativo;9;0.9999;0.0227;True;es;nativo(prompt_es);True
Unpack how the Sun produces energy.;"El Sol es una estrella y su forma principal de producir energía es a través de la fusión nuclear. Aquí te explico cómo funciona:

**La fusión nuclear en el Sol**

El Sol es una estrella de tipo G2V, lo que significa que es una estrella de tipo G (amarilla) de la secuencia principal. En su núcleo, el Sol tiene una temperatura de alrededor de 15 millones de grados Celsius, lo que es suficiente para iniciar la fusión nuclear.

La fusión nuclear es el proceso por el cual dos núcleos atómicos se combinan para formar un solo núcleo más pesado, liberando una gran cantidad de energía en el proceso. En el caso del Sol, la fusión nuclear convierte hidrógeno en helio.

**La cadena protón-protón**

Este proceso se produce principalmente a través de la cadena protón-protón: cuatro núcleos de hidrógeno (protones) acaban formando un núcleo de helio. El helio resultante tiene un poco menos de masa que los cuatro protones, y esa diferencia de masa se convierte en energía según la famosa ecuación de Einstein, E = mc². Esa energía tarda miles de años en llegar desde el núcleo hasta la superficie del Sol, y desde allí viaja hasta la Tierra en forma de luz y calor.";fusion;fusione|fusao|Kernfusion;"The Sun is the ultimate source of energy for our solar system, and its energy production process is fascinating. Here's a detailed explanation of how the Sun produces energy:

**The Sun's Structure**

The Sun is a massive ball of hot, glowing gas, primarily composed of hydrogen and helium. It has a core, a radiative zone, a convective zone, and a photosphere. The core is the central region where nuclear reactions take place, while the radiative zone and convective zone are layers of hot, ionized gas that transfer energy outward.

**Nuclear Reactions in the Core**

The Sun's energy is produced through a process called nuclear fusion, which occurs in the core. Here's what happens:

1. **Hydrogen atoms are fused**: In the core, hydrogen nuclei (protons) are fused together to form helium nuclei. This process is known as the proton-proton chain reaction.
2. **Energy is released**: As the hydrogen nuclei are fused, a small amount of mass is converted into energy, according to Einstein's famous equation: E = mc^2.
3. **Energy is released in the form of light and heat**: The energy released in the core is transferred to the surrounding radiative zone";False;False;es;en;True;True;True;Schlüssle auf, wie die Sonne Energie erzeugt.;de;True;Décortiquez comment le Soleil produit son énergie.;fr;True;Desmenuza cómo produce energía el Sol.;es;True;;;;;;;imperativo_explicativo;8;0.9998;0.0365;True;es;nativo(prompt_es);True
Why did Napoleon retreat from Russia?;"Napoleón Bonaparte se retiró de Rusia en 1812 debido a una combinación de factores que lo obligaron a abandonar su campaña militar en el país. A continuación, se presentan algunos de los motivos clave que llevaron a su retirada:

1. **Pérdida de tropas y recursos**: La campaña en Rusia había sido costosa y había resultado en la pérdida de una gran cantidad de tropas y recursos. La invasión rusa había sido más difícil de lo esperado, y Napoleón había sufrido una serie de derrotas y retrasos en su avance hacia Moscú.
2. **Condiciones climáticas**: El invierno ruso había sido particularmente severo en 1812, lo que había dificultado la marcha de las tropas francesas y había causado una gran cantidad de muerte y enfermedad entre los soldados.
3. **Falta de apoyo logístico**: La campaña en Rusia había sido difícil de lograr debido a la falta de apoyo logístico. Las tropas francesas habían tenido";winter;hiver|invierno|inverno|froid|gelees|frio extremo|Kalte;"Napoleon Bonaparte's retreat from Russia was a disastrous military campaign that occurred in 1812. Here's a brief summary of the reasons behind his retreat:

**The Russian Campaign**: In June 1812, Napoleon launched a massive invasion of Russia, hoping to defeat Tsar Alexander I and force him to join the French Empire. The French army, estimated to be around 600,000 soldiers, marched deep into Russia, but they were met with fierce resistance from the Russian army and the harsh Russian winter.

**The Russian Winter**: The Russian winter was particularly brutal, with temperatures often dropping below -20°C (-4°F) and snowdrifts reaching up to 3 meters (10 feet) high. The French army was not prepared for such extreme weather conditions, and many soldiers froze to death or succumbed to the cold.

**The Russian Army's Tactics**: The Russian army, led by General Mikhail Kutuzov, employed a scorched earth policy, burning crops, destroying infrastructure, and withdrawing from the battlefield. This tactic forced the French army to march long distances, exhausting their supplies and weakening their forces.

**The French Army's Weaknesses**: The French army was also weakened by internal conflicts, desertions,";False;False;es;en;True;True;True;Warum zog sich Napoleon aus Russland zurück?;de;True;Pourquoi Napoléon s'est-il retiré de Russie ?;fr;True;¿Por qué se retiró Napoleón de Rusia?;es;True;;;;;;;explicativa;7;0.9998;0.0225;True;es;nativo(prompt_es);
Symbol for krypton?;El símbolo del kriptón es Kr.;Kr;;The symbol for krypton is Kr.;False;False;es;en;True;True;True;Symbol für Krypton?;de;True;Symbole du krypton ?;fr;True;¿Símbolo del kriptón?;es;True;;;;;;;corta;5;0.8973;0.1935;True;es;nativo(prompt_es);True
Real quick: who wrote The Art of War?;"""El arte de la guerra"" (título original en chino: ""Sūnzǐ Bīngfǎ"") fue escrito por el general chino Sun Tzu (c. 544 a.C. - c. 496 a.C.). Es considerado uno de los textos más influyentes en la historia militar y es aún estudiado y aplicado en la actualidad en muchos campos, no solo en el ámbito militar.

Sun Tzu fue un estratega y militar chino que vivió durante el período de Primaveras y Otoños, en la época de la dinastía Zhou. Su obra más famosa, ""El arte de la guerra"", es un tratado de estrategia militar que ofrece consejos y principios para ganar batallas y lograr objetivos militares. El texto es conocido por sus frases famosas, como ""Conoce a tu enemigo y conócete a ti mismo, y en cien batallas nunca estarás en peligro"" y ""El arte supremo de la guerra es someter al enemigo sin luchar"".

""El arte de la guerra"" es un texto muy corto, compuesto por 13 capítulos,, y se centra en la planificación, el engaño y el conocimiento del terreno y del adversario.";Sun Tzu;Sun Zi|Sunzi;The Art of War was written by Sun Tzu, a Chinese military strategist and philosopher who is believed to have lived in the 6th century BC. The book is a classic treatise on military strategy and tactics, and its principles and concepts have been widely applied in fields beyond warfare, including business, sports, and politics.;False;False;es;en;True;True;True;Ganz kurz: Wer schrieb Die Kunst des Krieges?;de;True;Vite fait : qui a écrit L'Art de la guerre ?;fr;True;Rapidito: ¿quién escribió El arte de la guerra?;es;True;;;;;;;conversacional;10;0.9999;0.0271;True;es;nativo(prompt_es);True
Who painted The Last Supper?;"Una de las obras más famosas de la historia del arte.

La Última Cena fue pintada por el maestro italiano Leonardo da Vinci en el año 1495-1498. Es una de sus obras más famosas y considerada una de las pinturas más importantes de la historia del arte.

La obra representa el momento en que Jesucristo, durante la última cena con sus discípulos, anuncia que uno de ellos lo traicionará. La pintura se encuentra en el refectorio del monasterio de Santa María delle Grazie en Milán, Italia.

La pintura es conocida por su composición innovadora, que utiliza una perspectiva lineal y una distribución de figuras en un espacio tridimensional. También es famosa por las expresiones y gestos de los personajes, especialmente por la figura de Jesucristo, que es considerada una de las más bellas y enigmáticas de la historia del arte.

La Última Cena es considerada una de las obras maestras del Renacimiento italiano y recibe cada año a miles de visitantes en Milán.";Leonardo;Vinci;The Last Supper was painted by the renowned Italian artist Leonardo da Vinci. He created the famous mural painting in the late 15th century, specifically between 1495 and 1498, in the refectory of the Convent of Santa Maria delle Grazie in Milan, Italy.;False;False;es;en;True;True;True;Wer malte das letzte Abendmahl?;de;True;Qui a peint La Cène ?;fr;True;¿Quién pintó La Última Cena?;unknown;True;;;;;;;factual_clasica;;0.9999;0.0267;True;es;nativo(prompt_es);True
What animal is the largest mammal?;El mamífero más grande es la ballena azul.;blue whale;baleine|ballena|Blauwal|balenottera|baleia;The largest mammal is the blue whale (Balaenoptera musculus). On average, an adult blue whale can grow up to 82 feet (25 meters) in length and weigh around 150-170 tons (136,000-152,000 kilograms). That's massive!;False;False;es;en;True;True;True;Welches Tier ist das größte Säugetier?;de;True;Quel animal est le plus grand mammifère ?;fr;True;¿Qué animal es el mamífero más grande?;es;True;;;;;;;factual_aperturas;8;0.9999;0.0256;True;es;nativo(prompt_es);True
Remind me who composed The Planets suite.;"La suite ""Los planetas"" fue compuesta por el compositor inglés Gustav Holst.";Holst;;The Planets suite was composed by the renowned English composer Gustav Holst.;False;False;es;en;True;True;True;Erinnere mich, wer die Suite Die Planeten komponierte.;de;True;Rappelez-moi qui a composé la suite Les Planètes.;fr;True;Recuérdame quién compuso la suite Los planetas.;es;True;;;;;;;imperativo;10;0.9998;0.0615;True;es;nativo(prompt_es);True
Run through why blood is red.;"La sangre es un líquido vital que se encuentra en el cuerpo de los seres humanos y muchos otros animales. Su color rojo es debido a la presencia de un pigmento llamado hemoglobina, que se encuentra en los glóbulos rojos de la sangre, también conocidas como eritrocitos.

**¿Qué es la hemoglobina?**

La hemoglobina es una proteína que se encuentra en los glóbulos rojos de la sangre y tiene una función fundamental: transportar oxígeno desde los pulmones hasta las células del cuerpo. La hemoglobina se une al oxígeno en el pulmón y luego se libera en el cuerpo, donde el oxígeno es utilizado para realizar las reacciones metabólicas.

**¿Por qué la hemoglobina da color rojo a la sangre?**

La hemoglobina contiene un grupo llamado hemo, que es responsable del color rojo de la sangre. El hemo es un compuesto que contiene un átomo de hierro, y la forma en que absorbe y refleja la luz hace que veamos la sangre de color rojo. Cuando la hemoglobina lleva oxígeno, la sangre es de un rojo brillante; cuando lo ha liberado, adquiere un rojo más oscuro.";hemoglobin;moglobin;"Let's dive into the fascinating world of blood and explore why it's red.

**The Short Answer:**
Blood is red because of a protein called hemoglobin, which is present in red blood cells. Hemoglobin contains iron, which gives it a reddish color.

**The Long Answer:**
Blood is a complex fluid made up of various components, including:

1. **Red Blood Cells (RBCs)**: Also known as erythrocytes, these cells are responsible for carrying oxygen from the lungs to the body's tissues.
2. **Plasma**: The liquid portion of blood that makes up about 55% of its total volume. Plasma is mostly water, with a small amount of proteins, nutrients, and waste products.
3. **Hemoglobin**: A protein in red blood cells that binds to oxygen and carries it to the body's tissues.

**The Science Behind the Color:**
Hemoglobin is a protein that contains iron, which is a key component of its structure. When oxygen binds to hemoglobin, it changes the way the protein absorbs and reflects light. This is known as the **Oxygen-Hemoglobin Interaction**.

Here's what happens:

* When oxygen binds to hemoglobin, it causes";False;False;es;en;True;True;True;Geh kurz durch, warum Blut rot ist.;de;True;Parcourez les raisons pour lesquelles le sang est rouge.;fr;True;Recorre por qué la sangre es roja.;es;True;;;;;;;imperativo_explicativo;7;0.9999;0.0134;True;es;nativo(prompt_es);True
What causes tooth decay?;"Las caries, también conocidas como caries dentales, son una enfermedad bucal causada por la acidificación del esmalte dental, lo que provoca la descomposición de la estructura del diente. A continuación, te presento las causas más comunes de las caries:

1.  **Consumo excesivo de azúcares**: Los azúcares son los principales responsables de la formación de las caries. Cuando se consumen azúcares, las bacterias de la placa dental los convierten en ácidos, lo que provoca la acidificación del esmalte dental.
2.  **Falta de higiene bucal**: La falta de higiene bucal, como no cepillar y no limpiar los dientes con regularidad, permite que las bacterias y los ácidos se acumulen en la boca, lo que aumenta el riesgo de caries.
3.  **Dieta rica en azúcares**: Una dieta rica en azúcares, especialmente los azúcares refinados, puede aumentar el riesgo de caries.
4.  **Falta de flúor**: El flúor fortalece el esmalte y lo hace más resistente a los ácidos, por lo que su carencia aumenta el riesgo de caries.";acid;acide|acido|Saure|bacteri|bakteri|batteri|plaque;"Tooth decay, also known as dental caries, is a bacterial infection that causes demineralization of tooth enamel, leading to cavities and potentially painful consequences. Here are the main causes of tooth decay:

1. **Bacteria**: The primary cause of tooth decay is the presence of bacteria in the mouth. These bacteria, such as Streptococcus mutans, feed on sugars and starches in the mouth and produce acid as a byproduct. This acid dissolves the minerals in tooth enamel, leading to decay.
2. **Sugar and starch**: Consuming sugary and starchy foods and drinks provides a source of energy for bacteria to grow and multiply. The more frequent and prolonged the consumption of these substances, the higher the risk of tooth decay.
3. **Lack of saliva**: Saliva helps to neutralize acid and remineralize teeth. People with dry mouth (xerostomia) or those who don't produce enough saliva may be more susceptible to tooth decay.
4. **Poor oral hygiene**: Infrequent brushing and flossing can lead to the accumulation of plaque, a sticky film of bacteria, on teeth. This can cause tooth decay if not removed regularly.
5. **Genetics**:";False;False;es;en;True;True;True;Was verursacht Karies?;de;True;Qu'est-ce qui provoque les caries ?;fr;True;¿Qué causa las caries?;es;True;;;;;;;explicativa;5;0.9997;0.0148;True;es;nativo(prompt_es);True
Author of Emma?;"La autora de la novela ""Emma"" es Jane Austen.";Austen;Jane Austen;"The author of the classic novel ""Emma"" is Jane Austen. Published in 1816, ""Emma"" is one of Austen's most beloved and enduring works, known for its witty dialogue, strong female protagonist, and commentary on social class and relationships in 19th-century England. Would you like to know more about the novel or Jane Austen's life and works?";False;False;es;en;True;True;True;Autor von Emma?;de;True;Auteur d'Emma ?;fr;True;¿Autor de Emma?;es;True;;;;;;;corta;4;0.993;0.1176;True;es;nativo(prompt_es);
Okay, who composed Carmina Burana?;"La ""Carmina Burana"" es una cantata escénica compuesta en 1936 por el compositor alemán Carl Orff, basada en una colección de poemas y canciones medievales.

Orff fue un compositor y pedagogo musical alemán que se inspiró en la música y la literatura medievales para crear esta obra maestra. La ""Carmina Burana"" es considerada una de las obras más famosas y emblemáticas de la música clásica del siglo XX.

La obra se basa en una colección de poemas y canciones que datan del siglo XIII, y que se encuentran en un manuscrito medieval llamado ""Codex Buranus"". Orff seleccionó y adaptó estos poemas para crear una cantata que combina música moderna con textos medievales, creando una experiencia única y emocional para el público.

La ""Carmina Burana"" es conocida sobre todo por su imponente coro inicial, ""O Fortuna"".";Orff;;"Carmina Burana is a collection of medieval poems set to music by the famous German composer Carl Orff. The work is based on a collection of 11th- to 13th-century poems, known as the ""Carmina Burana"", which were discovered in the 19th century.

Orff composed the music for Carmina Burana between 1935 and 1936, and it premiered in 1937. The work is considered one of Orff's most famous and iconic compositions, and it's known for its rich, vibrant sound and its use of folk-like melodies and rhythms.

Would you like to know more about the history of Carmina Burana or Carl Orff's life and work?";False;False;es;en;True;True;True;Okay, wer komponierte Carmina Burana?;de;True;Bon, qui a composé Carmina Burana ?;fr;True;Vale, ¿quién compuso Carmina Burana?;es;True;;;;;;;conversacional;9;0.9998;0.048;True;es;nativo(prompt_es);True
Who wrote Romeo and Juliet?;"Romeo y Julieta es una tragedia escrita por el famoso dramaturgo y poeta inglés William Shakespeare. La obra se estrenó alrededor de 1595-1596 y es considerada una de las obras más famosas y emblemáticas de la literatura occidental.

Shakespeare es conocido por sus obras como ""Romeo y Julieta"", ""Hamlet"", ""Macbeth"", ""Otelo"", ""El rey Lear"" y muchas otras, que siguen siendo estudiadas y representadas en todo el mundo.

¿Quieres saber más sobre la obra o sobre la vida y obra de Shakespeare?";Shakespeare;;Romeo and Juliet, the classic tragic love story, was written by the renowned English playwright William Shakespeare. It is believed to have been written between 1591 and 1595, and is considered one of Shakespeare's most famous and enduring works.;False;False;es;en;True;True;True;Wer hat Romeo und Julia geschrieben?;de;True;Qui a écrit Roméo et Juliette ?;fr;True;¿Quién escribió Romeo y Julieta?;unknown;True;;;;;;;factual_clasica;;0.9998;0.0403;True;es;nativo(prompt_es);True
What currency does Thailand use?;La moneda oficial de Tailandia es el baht tailandés (THB).;baht;;The official currency of Thailand is the Thai Baht (THB).;False;False;es;en;True;True;True;Welche Währung verwendet Thailand?;de;True;Quelle monnaie utilise la Thaïlande ?;fr;True;¿Qué moneda usa Tailandia?;es;True;;;;;;;factual_aperturas;6;0.8023;0.1087;True;es;nativo(prompt_es);
Let me know the capital of Saudi Arabia.;La capital de Arabia Saudita es Riad.;Riyadh;Riyad|Riad|Riade;The capital of Saudi Arabia is Riyadh.;False;False;es;en;True;True;True;Sag mir die Hauptstadt Saudi-Arabiens.;de;True;Dites-moi la capitale de l'Arabie saoudite.;fr;True;Dime la capital de Arabia Saudita.;es;True;;;;;;;imperativo;9;0.8312;0.1333;True;es;nativo(prompt_es);
Lay out why lemons taste sour.;"Los limones son ácidos debido a su contenido de ácido cítrico, que es un compuesto orgánico que se encuentra en el jugo de las frutas cítricas, como el limón, la naranja y la lima.

El ácido cítrico es un ácido carboxílico que, al disolverse en el jugo de la fruta, libera iones de hidrógeno (H+). Cuando comemos un limón, estos iones activan los receptores del sabor ácido de nuestra lengua, y eso es lo que percibimos como acidez.

La razón por la que los limones son tan ácidos es su alta concentración de ácido cítrico, que puede variar dependiendo de la variedad, el tamaño y la madurez del fruto. En general, el jugo de limón contiene alrededor de un 5% de ácido cítrico, mucho más que el de la naranja, y tiene un pH de aproximadamente 2.

El ácido cítrico es responsable de la acidez característica del limón, aunque el fruto también contiene pequeñas cantidades de otros ácidos, como el ácido málico y el ácido ascórbico (vitamina C).";citric acid;citri|Zitronens|C6H8O7;"The sour taste of lemons! It's a characteristic that's both refreshing and invigorating. So, let's dive into the science behind why lemons taste sour.

**The Culprit: Citric Acid**

The primary reason lemons taste sour is due to the presence of citric acid, a naturally occurring compound found in the juice of lemons. Citric acid is a type of organic acid, specifically a carboxylic acid, which is responsible for the sour taste.

**How Citric Acid Works**

When citric acid comes into contact with the taste buds on your tongue, it binds to specific receptors called T1R2/T1R3 receptors. These receptors are responsible for detecting sweet, sour, salty, and bitter tastes. When citric acid binds to these receptors, it triggers a signaling pathway that sends a signal to the brain, which interprets the sensation as sour.

**The Sour Taste Pathway**

The sour taste pathway involves a complex interplay between multiple molecules and receptors. Here's a simplified overview:

1. Citric acid molecules are released from the lemon juice and bind to T1R2/T1R3 receptors on the surface of taste buds.
2. The binding of citric acid";False;False;es;en;True;True;True;Leg dar, warum Zitronen sauer schmecken.;de;True;Exposez pourquoi les citrons sont acides.;fr;True;Expón por qué los limones son ácidos.;es;True;;;;;;;imperativo_explicativo;9;0.9999;0.0162;True;es;nativo(prompt_es);True
What powered the Industrial Revolution?;"La Revolución Industrial se impulsó por una combinación de factores económicos, tecnológicos y sociales. A continuación, te presento algunos de los principales impulsores de esta revolución:

**Factores económicos:**

1. **Demanda creciente de bienes**: La población crecía y la demanda de bienes y servicios aumentaba, lo que llevó a una mayor producción y eficiencia.
2. **Acceso a recursos naturales**: La disponibilidad de recursos naturales, como carbón y hierro, permitió el desarrollo de nuevas tecnologías y fábricas.
3. **Comercio y comercio internacional**: El comercio y el comercio internacional facilitaron el intercambio de bienes y servicios, lo que impulsó la creación de redes de suministro y la especialización.

**Factores tecnológicos:**

1. **Innovaciones en la maquinaria**: La invención de máquinas y herramientas, como la máquina de vapor y la máquina de hilado, permitió aumentar la productividad y la eficiencia.
2. **Desarrollo de la energía";coal;charbon|Kohle|carvao|el carbon|del carbon|steam|vapeur|vapor|Dampf;"The Industrial Revolution was a complex and multifaceted process, and it was powered by a combination of technological, economic, and social factors. Here are some of the key drivers that helped fuel the Industrial Revolution:

1. **Steam Power**: The invention of the steam engine by James Watt in 1769 revolutionized industry by providing a reliable and consistent source of power. Steam engines enabled the mechanization of factories and the development of new manufacturing technologies.
2. **Coal and Iron**: The widespread availability of coal and iron ore provided the necessary raw materials for the production of steam engines, machinery, and other industrial equipment.
3. **Textile Innovations**: The development of new textile machines, such as the spinning jenny and the power loom, enabled mass production of cloth and other textiles, which helped to drive the growth of the textile industry.
4. **Transportation Revolution**: The construction of canals, roads, and railways facilitated the transportation of goods and people, connecting industries and markets across the country.
5. **Capital and Finance**: The growth of banking and finance enabled the mobilization of capital for investment in new technologies and industries.
6. **Scientific and Technological Advancements**: Breakthroughs in fields like chemistry,";False;False;es;en;True;True;True;Was trieb die Industrielle Revolution an?;de;True;Qu'est-ce qui a alimenté la révolution industrielle ?;fr;True;¿Qué impulsó la Revolución Industrial?;es;True;;;;;;;explicativa;6;0.9998;0.0195;True;es;nativo(prompt_es);
Author of Lolita?;"El autor de la novela ""Lolita"" es Vladimir Nabokov.";Nabokov;;"You're referring to Vladimir Nabokov, the Russian-American novelist. Yes, he is the author of the infamous novel ""Lolita"", published in 1955. The book tells the story of a middle-aged professor, Humbert Humbert, who becomes obsessed with a 12-year-old girl named Dolores Haze, also known as Lolita. The novel is known for its complex and provocative exploration of themes such as pedophilia, obsession, and the blurring of moral boundaries.

Would you like to know more about the novel, its context, or its reception?";False;False;es;en;True;True;True;Autor von Lolita?;de;True;Auteur de Lolita ?;fr;True;¿Autor de Lolita?;es;True;;;;;;;corta;5;0.8057;0.1;True;es;nativo(prompt_es);
Hi! Who drafted the Declaration of Independence?;"La Declaración de Independencia de los Estados Unidos se redactó en 1776 por una comisión compuesta por cinco personas, conocida como el ""Comité de los Cinco"". Estos eran:

1. **Thomas Jefferson** (1743-1826): Fue el principal autor de la Declaración de Independencia. Era un abogado y político de Virginia, y escribió el primer borrador del texto.
2. **John Adams** (1735-1826): Fue un político y abogado de Massachusetts que defendió con fuerza la independencia en el Congreso y revisó el borrador de Jefferson.
3. **Benjamín Franklin** (1706-1790): Fue un científico, inventor y diplomático de Pensilvania que también propuso algunos cambios al texto.
4. **Robert Livingston** (1746-1813): Fue un abogado y político de Nueva York.
5. **Roger Sherman** (1721-1793): Fue un político y abogado de Connecticut.

Aunque la comisión era de cinco miembros, el texto fue escrito casi en su totalidad por Thomas Jefferson.";Jefferson;;"The Declaration of Independence was drafted by a committee of five individuals, known as the Committee of Five, appointed by the Continental Congress. The members of the Committee of Five were:

1. **Thomas Jefferson** (Virginia): He is credited with writing the first draft of the Declaration of Independence, which was then reviewed and revised by the other members of the committee.
2. **John Adams** (Massachusetts): A strong advocate for independence, Adams was a key figure in the Continental Congress and played a significant role in shaping the Declaration.
3. **Benjamin Franklin** (Pennsylvania): A respected statesman, scientist, and philosopher, Franklin brought his wisdom and experience to the committee.
4. **Robert Livingston** (New York): A member of the Continental Congress, Livingston was a skilled diplomat and helped to draft the Declaration.
5. **Roger Sherman** (Connecticut): Sherman was a lawyer and politician who contributed to the drafting of the Declaration.

These five individuals worked together to create a document that would formally declare the 13 American colonies' independence from Great Britain and establish the United States of America as a sovereign nation.

Would you like to know more about the Declaration of Independence or its significance?";False;False;es;en;True;True;True;Hallo! Wer entwarf die Unabhängigkeitserklärung?;de;True;Salut ! Qui a rédigé la Déclaration d'indépendance ?;fr;True;¡Hola! ¿Quién redactó la Declaración de Independencia?;es;True;;;;;;;conversacional;9;0.9996;0.056;True;es;nativo(prompt_es);True
Who wrote The Metamorphosis?;La Metamorfosis es una obra literaria escrita por el autor checo Franz Kafka. Fue publicada en 1915 y es considerada una de las obras más importantes y emblemáticas del modernismo literario.;Kafka;;The Metamorphosis was written by Franz Kafka, a Czech writer, in 1915. It's one of his most famous and influential works, a novella that tells the story of a man who transforms into a giant insect and explores themes of identity, alienation, and the absurdity of modern life.;False;False;es;en;True;True;True;Wer hat Die Verwandlung geschrieben?;de;True;Qui a écrit La Métamorphose ?;fr;True;¿Quién escribió La Metamorfosis?;unknown;True;;;;;;;factual_clasica;;0.9998;0.0325;True;es;nativo(prompt_es);
What sport uses a shuttlecock?;El deporte que se juega con un volante es el bádminton.;badminton;Federball;The sport that uses a shuttlecock is Badminton!;False;False;es;en;True;True;True;Welche Sportart nutzt einen Schläger und einen gefiederten Ball?;de;True;Quel sport utilise un volant ?;fr;True;¿Qué deporte usa un volante?;es;True;;;;;;;factual_aperturas;7;0.9999;0.0256;True;es;nativo(prompt_es);True
Spot the creator of Sherlock Holmes.;"Después de analizar varios factores, creo que el creador de Sherlock Holmes fue... **Sir Arthur Conan Doyle**.

Aquí te presento algunas razones que me llevan a esta conclusión:

1. **La creación de la serie**: La primera historia de Sherlock Holmes, ""Estudio en escarlata"", fue publicada en 1887 en la revista Beeton's Christmas Annual. Doyle fue el autor de la serie y escribió las cuatro novelas y los 56 relatos de Holmes.
2. **La personalidad de Holmes**: La personalidad de Sherlock Holmes, con sus habilidades intelectuales y su observación detallada, se inspiró en Joseph Bell, profesor de Doyle en la Universidad de Edimburgo, ya que Doyle era un médico y un escritor que se interesaba por la ciencia y la filosofía.
3. **La influencia de la literatura del siglo XIX**: La serie de Sherlock Holmes se inspira en la literatura del siglo XIX, en particular en el detective Auguste Dupin de Edgar Allan Poe, una influencia que el propio Doyle reconoció.";Conan Doyle;Doyle;The creator of Sherlock Holmes is Sir Arthur Conan Doyle.;False;False;es;en;True;True;True;Ermittle den Schöpfer von Sherlock Holmes.;de;True;Repérez le créateur de Sherlock Holmes.;fr;True;Detecta al creador de Sherlock Holmes.;es;True;;;;;;;imperativo;7;0.9997;0.0564;True;es;nativo(prompt_es);True
Account for why pressure cookers cook faster.;"Las ollas a presión son una excelente manera de cocinar alimentos de manera rápida y eficiente. Aquí te explico por qué cocinan más rápido que las ollas normales:

**Principio básico: el punto de ebullición**

En una olla normal, el agua hierve a 100 °C a nivel del mar, y por mucho que subas el fuego, no pasa de esa temperatura. Una olla a presión está cerrada herméticamente, así que el vapor no puede escapar y la presión en su interior aumenta.

**¿Por qué funciona la presión?**

La presión en la olla a presión actúa de la siguiente manera:

1. **Aumento del punto de ebullición**: Al aumentar la presión, el agua necesita más energía para hervir, y su punto de ebullición sube hasta unos 120 °C.
2. **Mayor temperatura de cocción**: El agua y el vapor alcanzan así una temperatura mucho más alta que en una olla normal, y el calor penetra en los alimentos más rápido.
3. **Reducción del tiempo de cocción**: Gracias a esa temperatura más alta, los alimentos se cocinan en aproximadamente un tercio del tiempo habitual.

Además, como se usa menos agua y menos tiempo, se ahorra energía y se conservan mejor algunos nutrientes.";boiling point;ebul|eboll|Siede|boiling|erhohte Temperatur|temperatura mas alta|temperature plus elevee|higher temperature;"Pressure cookers cook faster due to several reasons:

1. **Reduced boiling point**: When you add liquid to a pressure cooker, the boiling point of the liquid is lowered due to the increased pressure. This means that the water boils at a lower temperature, which reduces the cooking time. For example, water boils at 212°F (100°C) at standard atmospheric pressure, but at 15 psi (pounds per square inch), it boils at 212°F (100°C) - 1.8°F (1°C). This may not seem like a lot, but it's enough to make a difference in cooking time.
2. **Increased heat transfer**: Pressure cookers have a smaller volume of liquid than a regular pot, which allows for more efficient heat transfer. The heat from the stovetop or electric heating element is transferred more quickly to the liquid, resulting in faster cooking times.
3. **Increased surface area**: The pressure cooker's lid and sides are designed to maximize the surface area of the liquid, allowing for more efficient heat transfer and faster cooking.
4. **Reduced cooking time due to Maillard reaction**: The Maillard reaction is a chemical reaction between amino acids and reducing sugars that occurs when food is";False;False;es;en;True;True;True;Begründe, warum Schnellkochtöpfe schneller garen.;de;True;Rendez compte de la rapidité des autocuiseurs.;fr;True;Da cuenta de por qué las ollas a presión cocinan más rápido.;es;True;;;;;;;imperativo_explicativo;9;0.9998;0.0202;True;es;nativo(prompt_es);True
What did the Marshall Plan fund?;"El Plan Marshall fue un programa de ayuda económica internacional implementado por los Estados Unidos después de la Segunda Guerra Mundial, con el objetivo de reconstruir la economía de Europa occidental. El plan fue financiado principalmente por el gobierno de los Estados Unidos, que aportó una gran cantidad de dinero para apoyar a los países europeos en su recuperación económica.

Según los cálculos oficiales, el Plan Marshall aportó alrededor de 12,4 mil millones de dólares (aproximadamente 130 mil millones de dólares en la actualidad) durante los cuatro años de su implementación (1948-1952).

El dinero financiado por el Plan Marshall se utilizó para:

* Apoyar la producción de alimentos y otros bienes básicos
* Fomentar la reconstrucción de infraestructuras, como carreteras, puentes y edificios
* Ayudar a los países europeos a modernizar sus industrias y a reactivar el comercio";reconstruction;reconstru|Wiederaufbau|ricostru|rebuild;"The Marshall Plan was a massive economic assistance program implemented by the United States after World War II. It was named after Secretary of State George C. Marshall, who proposed the plan in a speech at Harvard University in 1947.

The Marshall Plan funded a wide range of economic and social projects in 16 European countries, including:

1. **Infrastructure development**: roads, bridges, airports, seaports, and railways.
2. **Industry and manufacturing**: steel production, coal mining, and other key industries.
3. **Agriculture**: farm equipment, fertilizers, and other agricultural inputs.
4. **Energy**: oil refineries, power plants, and other energy infrastructure.
5. **Education and training**: vocational training, technical schools, and universities.
6. **Healthcare**: hospitals, medical equipment, and healthcare personnel.
7. **Social welfare**: housing, social services, and other forms of support for low-income families.

The Marshall Plan also provided financial assistance to help European countries rebuild their economies and stabilize their currencies. The program was designed to:

1. **Promote economic stability**: by providing a stable source of funding and encouraging economic cooperation.
2. **Foster economic growth**: by investing in infrastructure, industry,";False;False;es;en;True;True;True;Was finanzierte der Marshallplan?;de;True;Qu'a financé le plan Marshall ?;fr;True;¿Qué financió el Plan Marshall?;es;True;;;;;;;explicativa;7;0.9998;0.0268;True;es;nativo(prompt_es);True
Author of Candide?;"El autor de ""Cándido"" es Voltaire.";Voltaire;;"You're thinking of Voltaire!

Yes, I am Voltaire, the French philosopher, historian, and writer. I am best known for my satirical novel ""Candide, or Optimism"" (1759), which is considered one of the greatest works of literature in the Enlightenment period.

In ""Candide"", I used humor, irony, and philosophical critique to poke fun at the excesses of the aristocracy, the Church, and the optimism of the time. The novel follows the adventures of Candide, a young man who is raised by a philosopher and embarks on a journey to find the best of all possible worlds.

Would you like to discuss the themes, characters, or historical context of ""Candide""?";False;False;es;en;True;True;True;Autor von Candide?;de;True;Auteur de Candide ?;fr;True;¿Autor de Cándido?;es;True;;;;;;;corta;5;0.0378;0.1765;False;es;nativo(prompt_es);True
So, who invented basketball?;"Un deporte muy popular en todo el mundo.

El baloncesto fue inventado por James Naismith, un profesor de educación física canadiense-estadounidense, en 1891. Naismith trabajaba en la YMCA Training School en Springfield, Massachusetts, Estados Unidos, y necesitaba crear un nuevo juego para los estudiantes que se estaban cansando de los deportes tradicionales como el fútbol y el rugby.

Naismith se inspiró en un juego infantil llamado ""duck on a rock"", en el que había que lanzar una piedra con precisión, y quería un deporte de interior que se pudiera practicar durante el invierno.

El primer juego de baloncesto se jugó el 21 de diciembre de 1891, con dos equipos de nueve jugadores cada uno. El objetivo del juego era lanzar una pelota dentro de dos cestas de duraznos colgadas a 10 pies (unos 3 metros) de altura. El juego se jugaba durante 30 minutos, divididos en dos partes de 15 minutos cada una.

Naismith creó las 13 reglas básicas del juego, muchas de las cuales siguen vigentes hoy.";Naismith;;"Basketball was invented by James Naismith, a Canadian-American physical education instructor, in 1891. Naismith was working at the International Young Men's Christian Association (YMCA) Training School in Springfield, Massachusetts, USA.

At the time, Naismith was tasked with creating a new indoor game to keep students active during the harsh New England winters. He was given 14 days to come up with a new game, and he was given several objectives to keep in mind: the game had to be easy to learn, it had to be a team sport, and it had to be a non-contact activity.

Naismith decided to combine elements of soccer, football, and hockey to create a new game, which he called ""basket ball."" He created a set of 13 rules, which have since evolved into the modern game of basketball.

The first game of basketball was played on December 21, 1891, with nine players on each team and a set of peach baskets used as goals. The game was an instant success, and it quickly spread to other YMCA locations and eventually around the world.

Naismith is often credited with inventing the game of basketball, and he is still remembered as one of the";False;False;es;en;True;True;True;Also, wer hat Basketball erfunden?;de;True;Alors, qui a inventé le basket-ball ?;fr;True;Entonces, ¿quién inventó el baloncesto?;es;True;;;;;;;conversacional;6;0.9998;0.0311;True;es;nativo(prompt_es);True
Who was the Carthaginian general who crossed the Alps?;El general cartaginés que cruzó los Alpes fue Aníbal.;Hannibal;Anibal|Annibale;"You're likely thinking of Hannibal Barca, a renowned Carthaginian general who led his army across the Alps during the Second Punic War (218-201 BCE). This incredible feat was a pivotal moment in history, as it allowed Hannibal to surprise the Romans and win several key battles, including the Battle of Cannae.

Hannibal's crossing of the Alps was a remarkable achievement, as it was a treacherous and nearly impossible journey. He led his army of war elephants, infantry, and cavalry across the mountain passes, using a combination of clever tactics and sheer determination.

However, it's worth noting that the exact route and timing of Hannibal's crossing are still debated among historians, and some theories suggest that he may have used a different route or route combination.

Would you like to know more about Hannibal's campaigns or the Second Punic War?";False;False;es;en;True;True;True;Wer war der karthagische General, der die Alpen überquerte?;de;True;Qui était le général carthaginois qui a traversé les Alpes?;fr;True;¿Quién fue el general cartaginés que cruzó los Alpes?;es;True;;;;;;;factual_clasica;;0.9999;0.0682;True;es;nativo(prompt_es);
What blood type is the universal donor?;El grupo sanguíneo O negativo es considerado el donante universal.;O negative;O-negative|O negatif|O negativo|0 negativ|O negativ|0 negativo;"The universal donor blood type is O negative (O-). This blood type has the following characteristics:

* O: The ""O"" indicates that the blood does not have any A or B antigens on the surface of the red blood cells.
* Negative: The negative sign indicates that the blood does not have any RhD antigen on the surface of the red blood cells.

O negative blood is considered universal because it can be transfused to anyone with A, B, AB, or O blood types, regardless of their RhD status. This is because the lack of A and B antigens on the surface of the red blood cells means that the immune system will not react to the transfused blood, and the RhD antigen is not present, so it won't trigger an immune response either.";False;False;es;en;True;True;True;Welche Blutgruppe ist der Universalspender?;de;True;Quel groupe sanguin est le donneur universel ?;fr;True;¿Qué grupo sanguíneo es el donante universal?;es;True;;;;;;;factual_aperturas;8;0.9978;0.0357;True;es;nativo(prompt_es);True
Fetch the capital of Uruguay.;La capital de Uruguay es Montevideo.;Montevideo;Montevideu;The capital of Uruguay is Montevideo.;False;False;es;en;True;True;True;Hol mir die Hauptstadt Uruguays.;de;True;Rapportez-moi la capitale de l'Uruguay.;fr;True;Tráeme la capital de Uruguay.;es;True;;;;;;;imperativo;6;0.9811;0.1;True;es;nativo(prompt_es);
Shed light on how fog forms.;"La niebla es un fenómeno atmosférico que se forma cuando el aire se enfría y alcanza su punto de rocío, lo que permite que el agua se condense en gotas o partículas finas. Aquí te explico paso a paso cómo se forma la niebla:

**Paso 1: Humedad en el aire**

La niebla se forma cuando el aire está lleno de humedad. Esto puede ocurrir cuando el sol calienta el suelo y evapora el agua de los océanos, lagos y ríos, lo que aumenta la humedad en el aire.

**Paso 2: Enfriamiento del aire**

Cuando el aire se enfría, su capacidad para contener agua se reduce. Esto ocurre, por ejemplo, durante las noches despejadas, cuando el suelo pierde calor y enfría el aire que está en contacto con él, o cuando el aire húmedo pasa sobre una superficie fría.

**Paso 3: Condensación**

Cuando el aire se enfría aún más, el vapor de agua en el aire comienza a condensarse en gotas o partículasfinas. Estas gotitas son tan pequeñas que quedan suspendidas en el aire cerca del suelo, y eso es lo que vemos como niebla.";condensation;condens|kondens|se refroidit|refroidissement|se enfria|abkuhl;"Fog! It's a fascinating and often mysterious weather phenomenon. I'd be happy to shed some light on how fog forms.

**What is fog?**

Fog is a type of cloud that forms at ground level, reducing visibility to less than 1 kilometer (0.6 miles). It's essentially a cloud that has condensed and cooled to the point where it touches the ground, rather than floating above it.

**How does fog form?**

Fog forms through a process called condensation, which occurs when warm air cools and reaches its dew point. The dew point is the temperature at which the air becomes saturated with water vapor and can no longer hold any more moisture.

Here's a step-by-step explanation of how fog forms:

1. **Evaporation**: When the sun heats the ground, it causes water to evaporate from oceans, lakes, rivers, and even puddles. This water vapor rises into the air as gas.
2. **Cooling**: As the water vapor rises, it cools down, and its temperature decreases.
3. **Condensation**: When the air reaches its dew point, the water vapor condenses into tiny droplets, forming clouds.
4. **Ground-level condensation**: If";False;False;es;en;True;True;True;Beleuchte, wie Nebel entsteht.;de;True;Éclairez la formation du brouillard.;fr;True;Arroja luz sobre cómo se forma la niebla.;es;True;;;;;;;imperativo_explicativo;8;0.9999;0.0235;True;es;nativo(prompt_es);True
Who does Braille help?;"El braille es una forma de escritura que se utiliza para personas ciegas y con discapacidades visuales. Fue inventado por el francés Louis Braille en 1824.

El braille se utiliza para escribir y leer textos en forma de puntos en relieve, que se perciben con la yema de los dedos. Cada letra o signo se forma con una combinación de hasta seis puntos, y se puede escribir a mano con una regleta y un punzón o con una máquina de braille.

El braille se utiliza principalmente por personas con discapacidades visuales, como:

* Ciegas y ciegos
* Personas con baja visión grave, por ejemplo por glaucoma o retinopatía diabética
* Personas sordociegas, que pueden leer y comunicarse mediante el tacto

El braille es una herramienta importante para la lectura y la escritura de personas con discapacidades visuales, y se utiliza en muchas instituciones educativas, laborales y sociales.";blind;aveugl|cieg|Blind|ciech|cego|malvoyant;"Braille is a tactile writing system that helps individuals who are blind or have low vision to read and write. It is particularly beneficial for people with visual impairments, including:

1. **Blind individuals**: Those who are completely blind or have no usable vision.
2. **Visually impaired individuals**: Those with low vision, such as those with cataracts, glaucoma, or macular degeneration.
3. **Students with visual impairments**: Students who are blind or have low vision and need to access educational materials.
4. **Professionals with visual impairments**: Individuals who are blind or have low vision and need to read and write for their work, such as lawyers, doctors, or engineers.
5. **Individuals with dyslexia**: Some people with dyslexia may also benefit from Braille, as it can help them to better understand and process written information.

Braille allows individuals with visual impairments to:

* Read books, articles, and other written materials
* Write and communicate with others
* Access educational and employment opportunities
* Develop independence and self-sufficiency

There are several types of Braille, including:

* **Grade 1 Braille**: The most basic form of Br";False;False;es;en;True;True;True;Wem hilft die Brailleschrift?;de;True;À qui le braille vient-il en aide ?;fr;True;¿A quién ayuda el braille?;es;True;;;;;;;explicativa;6;0.9998;0.0155;True;es;nativo(prompt_es);True
Author of Siddhartha?;"El autor de ""Siddhartha"" es Hermann Hesse.";Hesse;;"The author of the classic novel ""Siddhartha"" is Hermann Hesse.";False;False;es;en;True;True;True;Autor von Siddhartha?;de;True;Auteur de Siddhartha ?;fr;True;¿Autor de Siddhartha?;es;True;;;;;;;corta;6;0.9426;0.1212;True;es;nativo(prompt_es);
Pub quiz: who wrote Peter Pan?;La respuesta es: J.M. Barrie;Barrie;;The answer is J.M. Barrie.;False;False;es;en;True;True;True;Kneipenquiz: Wer schrieb Peter Pan?;de;True;Quiz au bar : qui a écrit Peter Pan ?;fr;True;Pregunta de bar: ¿quién escribió Peter Pan?;es;True;;;;;;;conversacional;8;0.9971;0.1905;True;es;nativo(prompt_es);
What is the boiling point of water in degrees Celsius at sea level?;El punto de ebullición del agua en grados Celsius a nivel del mar es de 100 grados Celsius.;100;cent;The boiling point of water in degrees Celsius at sea level is 100°C.;False;False;es;en;True;True;True;Was ist der Siedepunkt des Wassers in Grad Celsius auf Meereshöhe?;de;True;Quel est le point d'ébullition de l'eau en degrés Celsius au niveau de la mer ?;fr;True;¿Cuál es el punto de ebullición del agua en grados Celsius a nivel del mar?;es;True;;;;;;;factual_clasica;;0.9985;0.0429;True;es;nativo(prompt_es);
What organ produces insulin?;La insulina es producida por las células beta del páncreas.;pancreas;Pankreas;The organ that produces insulin is the pancreas. Specifically, the islets of Langerhans, which are clusters of cells within the pancreas, produce and secrete insulin.;False;False;es;en;True;True;True;Welches Organ produziert Insulin?;de;True;Quel organe produit l'insuline ?;fr;True;¿Qué órgano produce la insulina?;es;True;;;;;;;factual_aperturas;5;0.9998;0.0204;True;es;nativo(prompt_es);
Track down the founder of IKEA.;"El fundador de IKEA fue Ingvar Kamprad, un empresario sueco nacido en 1926. Kamprad creó la empresa IKEA en 1943, cuando tenía solo 17 años, con la ayuda de sus amigos y familiares. El nombre IKEA está formado por sus iniciales y las de la granja y el pueblo donde creció: Ingvar Kamprad, Elmtaryd y Agunnaryd.

Kamprad tenía una visión de crear una empresa que ofreciera muebles de buena calidad a precios accesibles para la gente común. Al principio vendía artículos pequeños, y a partir de la década de 1950 empezó a vender muebles.

Bajo la dirección de Kamprad, IKEA se convirtió en una de las empresas de muebles más grandes y exitosas del mundo. La empresa se caracteriza por su enfoque en el diseño moderno, la eficiencia y la sostenibilidad. IKEA también se hizo famosa por sus muebles en paquetes planos que el cliente monta en casa.";Ingvar Kamprad;Kamprad;"The founder of IKEA is Ingvar Kamprad.

Here are some interesting facts about Ingvar Kamprad:

1. **Born in 1926**: Ingvar Kamprad was born on March 30, 1926, in Älmhult, Sweden.
2. **Entrepreneurial spirit**: At the age of 17, Kamprad started his first business, selling matches, pens, and other small items to his neighbors.
3. **IKEA's humble beginnings**: In 1943, Kamprad founded IKEA (Ingvar Kamprad Elmtaryd Agunnaryd), a small company that sold pens, paper, and other stationery items. The name ""IKEA"" is a combination of his initials, the farm where he grew up (Elmtaryd), and the nearby village (Agunnaryd).
4. **Furniture innovation**: In the 1950s, Kamprad began to focus on furniture, and IKEA's first catalog was published in 1951. The company's flat-pack, self-assembly furniture design revolutionized the industry.
5. **Expansion and success**: IKEA expanded rapidly, and by the 1960s,";False;False;es;en;True;True;True;Spür den Gründer von IKEA auf.;de;True;Retrouvez le fondateur d'IKEA.;fr;True;Rastrea al fundador de IKEA.;es;True;;;;;;;imperativo;8;0.9998;0.064;True;es;nativo(prompt_es);True
Demystify why sweating cools us.;"El sudor es una sustancia líquida producida por las glándulas sudoríparas, ubicadas en la piel, y juega un papel crucial en el mantenimiento de la regulación de la temperatura corporal. Aunque a menudo se considera solo como un síntoma de calor o estrés, el sudor tiene varias funciones beneficiosas que lo convierten en un refrescante agente. Aquí te explico por qué el sudor nos refresca:

1. **Regulación de la temperatura corporal**: El sudor está compuesto casi en su totalidad por agua. Cuando el sudor se evapora de la piel, se lleva consigo el calor corporal, ayudando a mantener la temperatura corporal en un rango óptimo para el cuerpo.

2. **Evaporación y enfriamiento**: El proceso de evaporación del sudor es un mecanismo eficiente de enfriamiento. Cuando el sudor se evapora, se lleva consigo una gran cantidad de calor, porque el agua necesita absorber mucha energía para pasar de líquido a vapor, y esa energía la toma de la piel. Por eso, cuando hay mucha humedad en el ambiente y el sudor no se evapora bien, sentimos más calor.";evaporation;evapor|Verdunst;"Let's break down the science behind why sweating cools us down.

**The Cooling Process: Evaporation**

When we sweat, tiny droplets of water form on our skin's surface. These droplets are called sweat glands. As we heat up, our body temperature rises, and our sweat glands respond by producing more sweat. This process is called thermoregulation.

Here's what happens when sweat evaporates:

1. **Sweat formation**: Sweat glands produce sweat, which is mostly water (about 99%) and some electrolytes like sodium and potassium.
2. **Evaporation**: As sweat comes into contact with the air, it evaporates, or turns into vapor. This process requires energy, which is absorbed from the skin.
3. **Heat transfer**: As the sweat evaporates, it takes heat away from the skin, cooling us down. This is known as the latent heat of vaporization.

**Why Evaporation is Cooling**

Evaporation is a cooling process because it:

1. **Removes heat**: As sweat evaporates, it carries heat away from the skin, reducing the body's temperature.
2. **Increases air movement**: Evaporation creates a gentle breeze, which helps to distribute heat away from the";False;False;es;en;True;True;True;Entmystifiziere, warum Schwitzen uns kühlt.;de;True;Démystifiez pourquoi la transpiration nous rafraîchit.;fr;True;Desmitifica por qué sudar nos refresca.;es;True;;;;;;;imperativo_explicativo;9;0.9998;0.0122;True;es;nativo(prompt_es);True
What does pH measure?;"El pH es una medida que indica el nivel de acidez o basicidad de una solución. Se mide en una escala de 0 a 14, donde:

* Un pH de 0-6.9 es ácido
* Un pH de 7 es neutro (agua)
* Un pH de 7,1-14 es básico

La escala pH se basa en la concentración de iones de hidrógeno (H+) que se encuentra en una solución. Cuando un líquido es ácido, tiene una alta concentración de H+, lo que significa que el pH es bajo. Por otro lado, cuando un líquido es básico, tiene una baja concentración de H+, lo que significa que el pH es alto.

En general, el pH de los alimentos es lo siguiente:

* Alimentos ácidos: limón, vinagre, jugo de naranja
* Alimentos casi neutros: agua, leche
* Alimentos básicos: bicarbonato de sodio, clara de huevo

Es importante tener en cuenta que la escala es logarítmica: cada unidad de pH representa una concentración de H+ diez veces mayor o menor.";acidity;acidi|acidez|Saure;"pH is a measure of the acidity or basicity (alkalinity) of a solution. It's a scale that ranges from 0 to 14, with:

* 0-6.9 being acidic
* 7 being neutral (neither acidic nor basic)
* 7.1-14 being basic (alkaline)

In simpler terms, pH measures how much hydrogen ions (H+) are present in a solution. When a solution has a high concentration of hydrogen ions, it's acidic. When it has a low concentration of hydrogen ions, it's basic.

Here's a rough guide to help you understand pH levels:

* Stomach acid: pH 1.5-3.5
* Vinegar: pH 2.4
* Lemon juice: pH 2.0-2.5
* Tap water: pH 6.5-7.5
* Soil: pH 6.0-7.0
* Human blood: pH 7.35-7.45

pH is an important measure in many fields, including chemistry, biology, medicine, and environmental science.";False;False;es;en;True;True;True;Was misst der pH-Wert?;de;True;Que mesure le pH ?;fr;True;¿Qué mide el pH?;es;True;;;;;;;explicativa;5;0.9998;0.0403;True;es;nativo(prompt_es);True
Author of The Raven?;"El autor de ""El cuervo"" es Edgar Allan Poe.";Edgar Allan Poe;Allan Poe;"You're thinking of Edgar Allan Poe, the master of Gothic literature. Yes, he is indeed the author of the iconic poem ""The Raven"". Published in 1845, it's one of Poe's most famous works, known for its haunting and atmospheric language, as well as its memorable refrain: ""Quoth the Raven, 'Nevermore'"".

Would you like to know more about Poe or ""The Raven"" itself?";False;False;es;en;True;True;True;Autor von Der Rabe?;de;True;Auteur du Corbeau ?;fr;True;¿Autor de El cuervo?;es;True;;;;;;;corta;5;0.9985;0.1562;True;es;nativo(prompt_es);
Pub quiz: which band sang Hey Jude?;La respuesta es: The Beatles;The Beatles;Beatles;The answer is The Beatles!;False;False;es;en;True;True;True;Kneipenquiz: Welche Band sang Hey Jude?;de;True;Quiz au bar : quel groupe a chanté Hey Jude ?;fr;True;Pregunta de bar: ¿qué banda cantó Hey Jude?;es;True;;;;;;;conversacional;9;0.9987;0.1304;True;es;nativo(prompt_es);
Who led the Indian independence movement through nonviolent resistance?;El líder que lideró el movimiento de independencia de la India mediante la resistencia no violenta fue Mahatma Gandhi.;Gandhi;;Mahatma Gandhi led the Indian independence movement through nonviolent resistance.;False;False;es;en;True;True;True;Wer führte die indische Unabhängigkeitsbewegung durch gewaltlosen Widerstand?;de;True;Qui a conduit le mouvement de l'indépendance de l'Inde par la résistance non violente?;fr;True;¿Quién lideró el movimiento de independencia de la India mediante la resistencia no violenta?;es;True;;;;;;;factual_clasica;;0.9998;0.0404;True;es;nativo(prompt_es);
What does a seismograph measure?;Un sismógrafo mide y registra el movimiento del suelo causado por los terremotos y otras ondas sísmicas.;earthquakes;earthquake|seisme|tremblement|terremoto|Erdbeben|terremoti;"A seismograph is a scientific instrument that measures the vibrations or seismic waves generated by earthquakes, volcanic eruptions, and other seismic events. It detects the ground motion caused by these events and records the data, which is then used to study the characteristics of the seismic activity.

A seismograph typically measures the following:

1. **Ground motion**: The movement of the ground surface, which is caused by the seismic waves generated by an earthquake or other seismic event.
2. **Seismic waves**: The vibrations that travel through the Earth's crust, caused by the release of energy from an earthquake or other seismic event.
3. **Frequency and amplitude**: The frequency (number of oscillations per second) and amplitude (magnitude of the oscillations) of the seismic waves, which provide information about the type and size of the seismic event.

Seismographs are used to:

* Detect and locate earthquakes
* Measure the magnitude of earthquakes
* Study the characteristics of seismic waves
* Provide early warning systems for earthquakes
* Monitor volcanic activity

By analyzing the data from seismographs, scientists can gain a better understanding of the Earth's internal structure, the processes that shape our planet, and the potential for natural hazards such as earthquakes and volcanic eru";False;False;es;en;True;True;True;Was misst ein Seismograph?;de;True;Que mesure un sismographe ?;fr;True;¿Qué mide un sismógrafo?;es;True;;;;;;;factual_aperturas;8;0.9998;0.0111;True;es;nativo(prompt_es);True
Dig up who wrote The Three Musketeers.;"Los tres mosqueteros es una novela escrita por el famoso autor francés Alexandre Dumas. Fue publicada por primera vez en 1844 y se convirtió en un éxito instantáneo. La novela sigue las aventuras de tres amigos: el valiente y leal Athos, el astuto y carismático Porthos y el inteligente y reflexivo Aramis, quienes se unen a la lucha por la justicia y la nobleza en Francia durante el reinado de Luis XIII.

Alexandre Dumas (1802-1870) fue un escritor, dramaturgo y periodista francés que es considerado uno de los autores más importantes de la literatura francesa. Además de Los tres mosqueteros, también escribió otras obras famosas como El conde de Montecristo y La reina Margot.

¿Quieres saber más sobre la historia de la novela o sobre la vida y obra de Alexandre Dumas?";Dumas;;"A classic tale!

The Three Musketeers was written by the French author Alexandre Dumas (1802-1870). Specifically, the novel was published in 1844 and is the first book in Dumas' famous ""D'Artagnan Romances"" series, which also includes ""Twenty Years After"" and ""The Vicomte of Bragelonne"".

Would you like to know more about Alexandre Dumas or The Three Musketeers?";False;False;es;en;True;True;True;Find heraus, wer Die drei Musketiere schrieb.;de;True;Dénichez qui a écrit Les Trois Mousquetaires.;fr;True;Averigua quién escribió Los tres mosqueteros.;es;True;;;;;;;imperativo;10;0.9999;0.0385;True;es;nativo(prompt_es);True
Elucidate how the Grand Canyon formed.;"El Gran Cañón, también conocido como el Gran Cañón del Colorado, es uno de los monumentos naturales más impresionantes de Estados Unidos. Su formación es el resultado de un proceso geológico que se extendió durante millones de años. Aquí te explico cómo se formó:

**Origen de las rocas**

Las paredes del Gran Cañón están formadas por capas de roca que se depositaron durante cientos de millones de años, muchas de ellas en el fondo de antiguos mares. Las rocas más profundas tienen cerca de 1.800 millones de años.

**Levantamiento de la meseta**

Hace unos 70 millones de años, fuerzas tectónicas empezaron a levantar toda la región, formando la meseta del Colorado. Al estar más elevado el terreno, el río ganó pendiente y fuerza.

**Erosión por el río Colorado**

Hace entre 5 y 6 millones de años, el río Colorado comenzó a excavar el cañón. El agua, cargada de arena y piedras, fue desgastando la roca y profundizando su cauce poco a poco, hasta alcanzar una profundidad de unos 1.800 metros.

**Ensanchamiento del cañón**

Mientras el río profundizaba el cañón, la lluvia, el hielo y el viento erosionaron las paredes y lo ensancharon, dándole su forma escalonada actual.";erosion;erosi|erosao|Colorado;"The Grand Canyon! One of the most iconic and awe-inspiring natural wonders in the United States. The formation of the Grand Canyon is a complex and fascinating process that spans millions of years. Here's a detailed explanation:

**The Geological History**

The Grand Canyon is located in Arizona, USA, and is part of the Colorado Plateau, a vast region of high desert plateaus and canyons. The plateau was formed during the Laramide orogeny, a period of mountain building that occurred around 70-40 million years ago. The Colorado River, which flows through the canyon, was the primary force behind its formation.

**The Process of Erosion**

The Grand Canyon was formed through a combination of geological processes, including:

1. **Water Erosion**: The Colorado River, which flows through the canyon, is the primary force behind its formation. Over millions of years, the river carved out a path through the rock, creating a deep and winding canyon.
2. **Weathering**: The rock layers that make up the canyon walls were subjected to weathering, which is the breakdown of rocks into smaller fragments due to exposure to wind, water, and temperature fluctuations.
3. **Tectonic Activity**: The Colorado";False;False;es;en;True;True;True;Verdeutliche, wie der Grand Canyon entstand.;de;True;Élucidez la formation du Grand Canyon.;fr;True;Dilucida cómo se formó el Gran Cañón.;es;True;;;;;;;imperativo_explicativo;9;0.9998;0.0456;True;es;nativo(prompt_es);True
What does a Geiger counter detect?;"Un contador Geiger es un dispositivo que detecta la radiación ionizante, como la que emiten los materiales radiactivos, en el aire, en objetos y en el cuerpo humano. Detecta la presencia de partículas alfa, beta y gamma que emiten fuentes de radiación.

El contador Geiger utiliza un gas sensible, como el argón o el neón, que se ioniza cuando una partícula o un rayo de radiación lo atraviesa. La ionización provoca una señal eléctrica que se mide y se convierte en una lectura numérica en el contador.

El contador Geiger puede detectar diferentes tipos de radiación, incluyendo:

1. Radiación alfa: partículas pesadas que emiten fuentes como el polonio-210 y el radón-222.
2. Radiación beta: partículas ligeras que emiten fuentes como el cobalto-60 y el cesio-137.
3. Radiación gamma: ondas electromagnéticas que emiten fuentes como el cobalto-60 y el cesio-137.

El contador Geiger es un instrumento fundamental en la medición de la radiación en entornos como laboratorios, hospitales y centrales nucleares.";radiation;radia|Strahlung|radioactiv|radiactiv|radioaktiv|alpha|gamma;"A Geiger counter is a device that detects and measures ionizing radiation, specifically alpha, beta, and gamma radiation. It's commonly used to:

1. **Detect radioactive materials**: Geiger counters can identify the presence of radioactive isotopes, such as uranium, thorium, and radon, which are naturally occurring or can be produced artificially.
2. **Measure radiation levels**: The device measures the intensity of radiation, usually in units of counts per minute (CPM) or becquerels (Bq).
3. **Identify radiation sources**: Geiger counters can help locate the source of radiation, such as a radioactive spill or a contaminated object.
4. **Monitor radiation safety**: They are used in various industries, including nuclear power plants, medical facilities, and research laboratories, to ensure safe working conditions and prevent radiation exposure.

Geiger counters typically consist of a detector tube, a amplifier, and a display unit. The detector tube is filled with a gas that reacts to ionizing radiation, producing an electrical signal that is amplified and displayed on the unit.

Some common applications of Geiger counters include:

* Radiation monitoring in nuclear power plants and medical facilities
* Search and rescue operations for radioactive materials
* Environmental monitoring for radiation levels";False;False;es;en;True;True;True;Was erfasst ein Geigerzähler?;de;True;Que détecte un compteur Geiger ?;fr;True;¿Qué detecta un contador Geiger?;es;True;;;;;;;explicativa;8;0.9996;0.0179;True;es;nativo(prompt_es);True
Author of Dune?;"El autor de la novela ""Dune"" es Frank Herbert.";Frank Herbert;Herbert;"You're referring to Frank Herbert, the renowned American science fiction author. He is indeed the creator of the iconic novel ""Dune"", published in 1965. Herbert's masterpiece is widely regarded as a classic of the genre, and its complex world-building, intricate politics, and philosophical themes have captivated readers for decades.

Frank Herbert wrote six novels in the Dune series, including ""Dune Messiah"", ""Children of Dune"", ""God Emperor of Dune"", ""Heretics of Dune"", ""Chapterhouse: Dune"", and ""House Atreides"". His son, Brian Herbert, and co-author Kevin J. Anderson have continued the series with additional novels based on Frank Herbert's notes and outlines.

Are you a fan of the Dune series?";False;False;es;en;True;True;True;Autor von Dune?;de;True;Auteur de Dune ?;fr;True;¿Autor de Dune?;es;True;;;;;;;corta;5;0.5;0.1667;True;es;nativo(prompt_es);True
Be honest: who directed Pulp Fiction?;La respuesta es Quentin Tarantino.;Tarantino;;"A classic film question!

The answer is: Quentin Tarantino directed Pulp Fiction (1994).";False;False;es;en;True;True;True;Sei ehrlich: Wer drehte Pulp Fiction?;de;True;Sois honnête : qui a réalisé Pulp Fiction ?;fr;True;Sé sincero: ¿quién dirigió Pulp Fiction?;es;True;;;;;;;conversacional;9;0.9966;0.1026;True;es;nativo(prompt_es);True
How many squares are on a chessboard?;En un tablero de ajedrez hay 64 casillas.;64;;There are 64 squares on a standard chessboard. It's an 8x8 grid, with 8 rows and 8 columns.;False;False;es;en;True;True;True;Wie viele Felder hat ein Schachbrett?;de;True;Quel est le nombre de cases sur un échiquier?;fr;True;¿Cuántas casillas hay en un tablero de ajedrez?;es;True;;;;;;;factual_clasica;;0.9997;0.0312;True;es;nativo(prompt_es);True
Sunlight helps the skin make which vitamin?;La luz solar ayuda a la piel a producir vitamina D.;vitamin D;vitamine D|vitamina D;Sunlight helps the skin make Vitamin D.;False;False;es;en;True;True;True;Sonnenlicht hilft der Haut, welches Vitamin zu bilden?;de;True;La lumière du soleil aide la peau à produire quelle vitamine ?;fr;True;¿La luz solar ayuda a la piel a producir qué vitamina?;es;True;;;;;;;factual_aperturas;9;0.9996;0.05;True;es;nativo(prompt_es);
Note the capital of Guyana.;La capital de Guyana es Georgetown.;Georgetown;;The capital of Guyana is Georgetown.;False;False;es;en;True;True;True;Notiere die Hauptstadt von Guyana.;de;True;Notez la capitale du Guyana.;fr;True;Anota la capital de Guyana.;es;True;;;;;;;imperativo;7;0.9297;0.1034;True;es;nativo(prompt_es);
Spell out how fossils form.;"La formación de fósiles es un proceso complejo que involucra varios pasos y condiciones específicas. Aquí te presento una explicación detallada de cómo se forman los fósiles:

**Paso 1: Muerte del organismo**

El proceso de formación de fósiles comienza con la muerte de un organismo vivo. La muerte puede ser repentina o gradual, dependiendo de la especie y las condiciones ambientales.

**Paso 2: Depósito de sedimentos**

Después de la muerte, el organismo es depositado en un entorno con sedimentos, como un río, un mar o un lago. Los sedimentos pueden ser suelos, arena, arenales, rocas o incluso escombros.

**Paso 3: Compresión y compactación**

Con el tiempo, los sedimentos se compactan y se comprimen debido a la presión de otros sedimentos sobre ellos.

**Paso 4: Mineralización**

El agua que circula entre los sedimentos lleva minerales disueltos, que van rellenando o reemplazando poco a poco los tejidos duros del organismo, como los huesos o las conchas. Al mismo tiempo, los sedimentos se cementan y se convierten en roca sedimentaria, con el fósil en su interior.";sediment;sedim;"Here's a step-by-step explanation of how fossils form:

**Fossil Formation: A Step-by-Step Guide**

1. **Death and Burial**: An organism, such as a plant or animal, dies and is quickly buried by sediment, like sand or mud. This rapid burial helps protect the organism from scavengers, oxygen, and other factors that can cause decay.
2. **Decomposition**: The organism begins to decompose, releasing nutrients back into the environment. However, the sediment surrounding the organism helps to slow down the decomposition process.
3. **Permineralization**: Mineral-rich water seeps into the sediment and flows through the tiny spaces around the organism. The minerals in the water, such as silica, calcite, or iron oxides, start to precipitate out of the solution and fill in the spaces around the organism.
4. **Replacement**: Over time, the original organic material is replaced with minerals, creating a fossilized replica of the organism. This process can take thousands or even millions of years.
5. **Compression**: The sediment continues to compact and compress, causing the fossil to become more detailed and three-dimensional.
6. **Uplift and Exposure**: The sediment is uplifted and exposed";False;False;es;en;True;True;True;Erkläre genau, wie Fossilien entstehen.;de;True;Explicitez la formation des fossiles.;fr;True;Detalla paso a paso cómo se forman los fósiles.;es;True;;;;;;;imperativo_explicativo;6;0.9997;0.0251;True;es;nativo(prompt_es);True
What does an anemometer measure?;Un anemómetro es un instrumento que mide la velocidad y la dirección del viento.;wind speed;wind|viento|vento|Windgeschwindigkeit|vitesse du vent|du vent;An anemometer is a device that measures wind speed and direction. It's a crucial tool for meteorologists, researchers, and anyone interested in wind patterns. Anemometers can be simple, handheld devices or more complex, automated systems that can provide accurate and reliable wind data.;False;False;es;en;True;True;True;Was misst ein Anemometer?;de;True;Que mesure un anémomètre ?;fr;True;¿Qué mide un anemómetro?;es;True;;;;;;;explicativa;8;0.9998;0.0152;True;es;nativo(prompt_es);
Author of Walden?;"El autor del libro ""Walden"" es Henry David Thoreau.";Thoreau;;"You're thinking of Henry David Thoreau, the American author and philosopher. He is indeed the author of the classic book ""Walden; or, Life in the Woods"", which was first published in 1854. The book is a reflection on simple living, self-sufficiency, and the human relationship with nature. Thoreau spent two years, two months, and two days living in a cabin near Walden Pond, where he wrote much of the book. Would you like to know more about Thoreau or ""Walden""?";False;False;es;en;True;True;True;Autor von Walden?;de;True;Auteur de Walden ?;fr;True;¿Autor de Walden?;es;True;;;;;;;corta;5;0.0006;0.1765;False;es;nativo(prompt_es);True
Hmm, Eiffel Tower height?;La altura de la Torre Eiffel es de 324 metros.;330;324|300;The Eiffel Tower stands at an impressive 324 meters (1,063 feet) tall! Would you like to know more about this iconic landmark?;False;False;es;en;True;True;True;Hmm, Höhe des Eiffelturms?;de;True;Hum, hauteur de la tour Eiffel ?;fr;True;Mmm, ¿altura de la torre Eiffel?;es;True;;;;;;;conversacional;8;0.9915;0.0909;True;es;nativo(prompt_es);
What is the chemical formula for table salt?;La fórmula química de la sal de mesa es NaCl.;NaCl;;The chemical formula for table salt is NaCl, which stands for sodium chloride.;False;False;es;en;True;True;True;Was ist die chemische Formel von Kochsalz?;de;True;Quelle est la formule chimique du sel de table?;fr;True;¿Cuál es la fórmula química de la sal de mesa?;es;True;;;;;;;factual_clasica;;0.9401;0.0857;True;es;nativo(prompt_es);
Mount Fuji is in which country?;El monte Fuji está en Japón.;Japan;Japon|Giappone|Japao;Mount Fuji is located in Japan.;False;False;es;en;True;True;True;Der Fuji liegt in welchem Land?;de;True;Le mont Fuji se trouve dans quel pays ?;fr;True;¿El monte Fuji está en qué país?;es;True;;;;;;;factual_aperturas;7;0.9999;0.1364;True;es;nativo(prompt_es);
Guess the national flower of Japan.;La flor nacional de Japón es el Cerezo (Prunus serrulata).;cherry blossom;cerisier|sakura|cerezo|Kirschblute|ciliegio|cerejeira|cherry|chrysanth|crisant;The national flower of Japan is the Cherry Blossom (, sakura).;False;False;es;en;True;True;True;Rate die Nationalblume Japans.;de;True;Devinez la fleur nationale du Japon.;fr;True;Adivina la flor nacional de Japón.;es;True;;;;;;;imperativo;7;0.9868;0.087;True;es;nativo(prompt_es);
Cover how sound travels.;"El sonido es una forma de onda mecánica que viaja a través de un medio, como el aire, el agua o un sólido. A continuación, te explicaré cómo se propaga el sonido:

**La creación del sonido**

El sonido se crea cuando un objeto vibra. Esto puede ocurrir de varias maneras, como:

* Cuando un objeto se golpea contra otro
* Cuando una persona habla y vibran sus cuerdas vocales
* Cuando se pulsa la cuerda de una guitarra o se golpea un tambor

**La propagación del sonido**

Las vibraciones del objeto empujan a las partículas del medio que lo rodean, y estas empujan a su vez a las partículas vecinas. Las partículas no viajan con el sonido: solo vibran hacia adelante y hacia atrás en la misma dirección en que avanza la onda. Por eso se dice que el sonido es una onda longitudinal.

Las ondas sonoras se propagan a través del medio de la siguiente manera:

1. **Compresiones**: Zonas donde las partículas están más juntas y la presión es mayor.
2. **Rarefacciones**: Zonas donde las partículas están más separadas y la presión es menor.
3. **Velocidad**: El sonido viaja a unos 343 metros por segundo en el aire, unas cuatro veces más rápido en el agua y aún más rápido en los sólidos.";vibrations;vibr|Schwing;"Let's dive into the fascinating world of sound travel.

**What is Sound?**

Sound is a form of energy that is produced by vibrations. When an object vibrates, it creates a disturbance in the air particles around it, causing them to oscillate back and forth. These oscillations, or waves, are what we perceive as sound.

**How Does Sound Travel?**

Sound travels through the air as a series of pressure waves. Here's a step-by-step explanation of the process:

1. **Vibration**: An object vibrates, creating a disturbance in the air particles around it.
2. **Compression and Rarefaction**: The vibrating object compresses and then expands the air particles, creating a series of compressions and rarefactions (expansions).
3. **Pressure Waves**: The compressions and rarefactions create pressure waves that travel through the air.
4. **Wave Propagation**: The pressure waves propagate through the air, carrying the energy of the sound with them.
5. **Reflection and Refraction**: The pressure waves can be reflected off surfaces, such as walls or mountains, and refracted (bent) as they pass through different mediums, like air, water, or solids.

**Factors Affect";False;False;es;en;True;True;True;Behandle, wie sich Schall ausbreitet.;de;True;Traitez la propagation du son.;fr;True;Trata cómo viaja el sonido.;es;True;;;;;;;imperativo_explicativo;5;0.9999;0.0217;True;es;nativo(prompt_es);True
What does a hygrometer measure?;Un higrómetro es un instrumento que mide la humedad relativa del aire.;humidity;humid|humed|Feucht|umid;"A hygrometer is a device that measures the amount of moisture, or humidity, in the air. It typically measures the relative humidity (RH) of the air, which is the percentage of water vapor present in the air compared to the maximum amount of water vapor the air can hold at a given temperature.

In other words, a hygrometer measures how ""dry"" or ""humid"" the air is. It's commonly used in various settings, such as:

* Weather forecasting
* Indoor climate control
* Greenhouses
* Museums
* Archives
* Data centers

There are different types of hygrometers, including:

* Analog hygrometers
* Digital hygrometers
* Thermohygrometers (which measure both temperature and humidity)
* Psychrometers (which measure the dew point temperature)

I hope that helps!";False;False;es;en;True;True;True;Was misst ein Hygrometer?;de;True;Que mesure un hygromètre ?;fr;True;¿Qué mide un higrómetro?;es;True;;;;;;;explicativa;8;0.9981;0.0172;True;es;nativo(prompt_es);
Author of Beloved?;"El autor de la novela ""Beloved"" es Toni Morrison.";Toni Morrison;Morrison;"The author of the novel ""Beloved"" is Toni Morrison.";False;False;es;en;True;True;True;Autor von Menschenkind?;de;True;Auteur de Beloved ?;fr;True;¿Autor de Beloved?;es;True;;;;;;;corta;5;0.9592;0.1053;True;es;nativo(prompt_es);
Settle a bet: Beatles breakup year?;La separación de los Beatles se produjo en 1970.;1970;;"A classic bet!

According to the Beatles' official breakup, the year is... 1970!

However, the exact date of the breakup is a bit more complicated. The Beatles stopped touring together in August 1966, and the band members began to pursue solo projects.

The final straw came in September 1969, when Paul McCartney filed a lawsuit against the other three Beatles to dissolve their partnership. This lawsuit was eventually settled in December 1970, which is often cited as the official end of the Beatles.

So, while 1970 is the year of the breakup, the actual process of dissolution began in 1969 and was finalized in 1970.

Did I settle the bet?";False;False;es;en;True;True;True;Wir haben gewettet: In welchem Jahr trennten sich die Beatles?;de;True;Pour trancher un pari : année de la séparation des Beatles ?;fr;True;Para zanjar una apuesta: ¿año de la separación de los Beatles?;es;True;;;;;;;conversacional;9;0.9999;0.0571;True;es;nativo(prompt_es);
What is the powerhouse of the cell?;"La central energética de la célula es la mitocondria. Se le llama así porque es el orgánulo encargado de generar la mayor parte de la energía que la célula necesita para realizar sus funciones básicas y sobrevivir.

En las mitocondrias se produce la respiración celular, una serie de reacciones químicas que involucran a enzimas y que transforman la energía de los nutrientes en moléculas de ATP (adenosín trifosfato). El proceso se puede resumir de la siguiente manera:

1. La glucosa se descompone primero en el citoplasma, mediante la glucólisis, en dos moléculas de piruvato.
2. El piruvato entra en la mitocondria, donde se oxida en el ciclo de Krebs.
3. Finalmente, en la cadena de transporte de electrones de la membrana interna mitocondrial, se usa el oxígeno para producir la mayor parte del ATP.";mitochondria;mitochondrie|mitocondri|mitochondri;"The powerhouse of the cell is the **Mitochondria**!

Mitochondria are organelles found in the cells of most eukaryotes, including animals, plants, and fungi. They are often referred to as the ""powerhouses"" of the cell because they generate most of the cell's energy in the form of adenosine triphosphate (ATP), which is used to power various cellular activities.

Mitochondria have their own DNA, known as mtDNA, and are capable of producing energy through a process called cellular respiration. They take in nutrients, such as glucose, and convert them into ATP through a series of chemical reactions.

So, without mitochondria, cells wouldn't be able to function properly, and life as we know it wouldn't be possible!

Is there anything else I can help you with?";False;False;es;en;True;True;True;Was ist das Kraftwerk der Zelle?;de;True;Quel est le centre énergétique de la cellule ?;fr;True;¿Cuál es la central energética de la célula?;es;True;;;;;;;factual_clasica;;0.9995;0.014;True;es;nativo(prompt_es);True
The Alhambra is in which city?;La Alhambra está en Granada.;Granada;Grenade;The Alhambra is located in Granada, Spain.;False;False;es;en;True;True;True;Die Alhambra liegt in welcher Stadt?;de;True;L'Alhambra se trouve dans quelle ville ?;fr;True;¿La Alhambra está en qué ciudad?;es;True;;;;;;;factual_aperturas;10;0.9997;0.1304;True;es;nativo(prompt_es);
Choose the tallest building in the world.;El edificio más alto del mundo es el Burj Khalifa, ubicado en Dubái, Emiratos Árabes Unidos. Tiene una altura de 828 metros y fue completado en 2010.;Burj Khalifa;;The tallest building in the world is the Burj Khalifa, located in Dubai, United Arab Emirates. It stands at a height of 828 meters (2,722 feet) with 163 floors.;False;False;es;en;True;True;True;Wähle das höchste Gebäude der Welt.;de;True;Choisissez le plus haut bâtiment du monde.;fr;True;Escoge el edificio más alto del mundo.;es;True;;;;;;;imperativo;8;0.9999;0.0714;True;es;nativo(prompt_es);
Decode why the Moon shows one face.;"La idea de que la Luna muestra una sola cara no es una ilusión: es un fenómeno bien explicado por la física. A continuación, te presento las razones por las que la Luna nos muestra siempre la misma cara:

1. **Rotación sincrónica**: La Luna gira sobre su propio eje, pero tarda exactamente lo mismo en dar una vuelta sobre sí misma que en dar una vuelta alrededor de la Tierra. Por eso, la misma cara queda siempre orientada hacia nosotros.
2. **La rotación de la Luna**: La Luna tarda aproximadamente 27,3 días en completar una órbita alrededor de la Tierra. Durante este tiempo, la Luna completa también una rotación de 360 grados en su eje, de modo que la misma cara siempre está hacia la Tierra.
3. **Acoplamiento de marea**: Esta sincronía no es casualidad. Hace miles de millones de años la Luna giraba más rápido, pero la gravedad de la Tierra deformó ligeramente la Luna y creó en ella unos ""abultamientos"" de marea. La fricción producida por esas deformaciones fue frenando su rotación hasta que quedó sincronizada con su órbita.";synchronous;synchron|sincron|tidal|maree|marea|Gezeiten|27,3|27.3;"The Moon's apparent one-sidedness is a fascinating phenomenon that has puzzled humans for centuries. Here's the explanation:

**The Moon's Rotation and Orbit**

The Moon is tidally locked to the Earth, which means that it takes the Moon the same amount of time to rotate on its axis as it takes to orbit the Earth. This synchronization is due to the gravitational interaction between the two bodies. As the Earth's gravity pulls on the Moon, it causes the Moon's rotation to slow down, resulting in a synchronized rotation.

**Why the Moon Always Shows the Same Face**

The Moon's rotation is synchronized with its orbit around the Earth because of the following reasons:

1. **Gravitational interaction**: The Earth's gravity causes the Moon's rotation to slow down, which in turn causes the Moon to rotate in the same direction as its orbit.
2. **Lunar libration**: The Moon's orbit is not a perfect circle, which means that the Moon's distance from the Earth varies. However, the Moon's rotation is also not perfectly synchronized with its orbit, resulting in a slight lag. This lag causes the Moon to appear to wobble slightly as it orbits the Earth.
3. **Tidal acceleration**: The Earth's gravity causes";False;False;es;en;True;True;True;Entschlüssle, warum der Mond nur eine Seite zeigt.;de;True;Décodez pourquoi la Lune montre toujours la même face.;fr;True;Decodifica por qué la Luna muestra una sola cara.;es;True;;;;;;;imperativo_explicativo;8;0.9998;0.0324;True;es;nativo(prompt_es);True
What was a sextant used for?;"Un sextante es un instrumento astronómico utilizado para medir ángulos y calcular posiciones, especialmente para navegar. Consiste en un arco graduado que abarca la sexta parte de un círculo (de ahí su nombre), un brazo móvil con un espejo, un pequeño telescopio y un espejo fijo. Al mover el brazo, el navegante hace coincidir la imagen de un astro con la línea del horizonte y lee el ángulo en la escala.

El sextante se utilizaba para realizar varias tareas importantes en la navegación, como:

1. **Medir ángulos**: El sextante se utilizaba para medir la altura de las estrellas, el Sol o la Luna sobre el horizonte.
2. **Calcular posiciones**: Con la medida del ángulo, la hora exacta y unas tablas astronómicas, se podía calcular la posición del barco en alta mar.
3. **Determinar la latitud**: El sextante se usaba, por ejemplo, para medir la altura del Sol al mediodía o la de la estrella Polar, lo que permitía conocer la latitud del barco.";navigation;navig|naveg;"A sextant is a navigational instrument used to measure the angle between the sun, moon, or stars and the horizon. It was a crucial tool for sailors, navigators, and astronomers in the past, particularly during the Age of Sail (16th to 19th centuries).

Here's how it worked:

1. The sextant had a movable arm with a mirror or a prism that reflected the light from the celestial body (sun, moon, or star) onto a calibrated scale.
2. The user would adjust the arm to align the reflected light with the horizon, creating a right angle (90 degrees).
3. The angle between the celestial body and the horizon was then read from the calibrated scale, which was marked with degrees, minutes, and seconds.

Sextants were used for various purposes, including:

1. **Latitude determination**: By measuring the angle between the sun or stars and the horizon, sailors could determine their latitude (position north or south of the equator).
2. **Navigation**: Sextants helped sailors calculate their longitude (position east or west of a reference meridian) by combining latitude and time.
3. **Astronomical observations**: Sextants were used to measure the positions of celestial bodies, such";False;False;es;en;True;True;True;Wofür wurde ein Sextant verwendet?;de;True;À quoi servait un sextant ?;fr;True;¿Para qué se usaba un sextante?;es;True;;;;;;;explicativa;8;0.9995;0.0144;True;es;nativo(prompt_es);True
Author of The Stranger?;"El autor de la novela ""El extranjero"" es Albert Camus.";Camus;;"You're thinking of Albert Camus, the French philosopher and writer. Yes, he is indeed the author of the classic novel ""The Stranger"" (also translated as ""The Outsider""). Published in 1942, the book is considered one of Camus' most famous works and a cornerstone of existentialist literature. Would you like to know more about the book or Camus' life and philosophy?";False;False;es;en;True;True;True;Autor von Der Fremde?;de;True;Auteur de L'Étranger ?;fr;True;¿Autor de El extranjero?;es;True;;;;;;;corta;5;0.995;0.0952;True;es;nativo(prompt_es);
Quick question: when did dinosaurs go extinct?;"La extinción de los dinosaurios ocurrió hace aproximadamente 65 millones de años, durante un evento masivo conocido como el ""impacto K-Pg"" (Cretácico-Paleógeno). Este evento se cree que fue causado por un meteorito que golpeó la Tierra, lo que provocó un invierno prolongado y la muerte de muchas especies, incluidos los dinosaurios.";66 million;66|65;"Dinosaurs went extinct at the end of the Cretaceous period, which is estimated to have occurred around 65 million years ago. This event is known as the K-Pg (Cretaceous-Paleogene) extinction, and it marked the end of the Mesozoic Era and the beginning of the Cenozoic Era.

It's worth noting that the exact timing and cause of the dinosaurs' extinction are still debated among scientists, but the most widely accepted theory is that a massive asteroid impact, combined with intense volcanic activity and climate change, led to the demise of these incredible creatures.

Would you like to know more about the dinosaurs or the K-Pg extinction event?";False;False;es;en;True;True;True;Kurze Frage: Wann starben die Dinosaurier aus?;de;True;Petite question : quand les dinosaures ont-ils disparu ?;fr;True;Pregunta rápida: ¿cuándo se extinguieron los dinosaurios?;es;True;;;;;;;conversacional;9;0.9999;0.0259;True;es;nativo(prompt_es);
Which galaxy contains our Solar System?;Nuestra galaxia es la Vía Láctea.;Milky Way;Voie lactee|Via Lactea|Via Lattea|Milchstrasse|Milchstraße;Our Solar System is located in the Milky Way galaxy.;False;False;es;en;True;True;True;Welche Galaxie enthält unser Sonnensystem?;de;True;Quelle est la galaxie qui contient notre système solaire?;fr;True;¿Cuál galaxia contiene nuestro Sistema Solar?;es;True;;;;;;;factual_clasica;;0.9998;0.1111;True;es;nativo(prompt_es);
The Hermitage Museum is in which city?;El Museo del Hermitage se encuentra en San Petersburgo, Rusia.;Petersburg;Petersbourg|Petersburgo|Pietroburgo;The Hermitage Museum is located in St. Petersburg, Russia.;False;False;es;en;True;True;True;Die Eremitage liegt in welcher Stadt?;de;True;Le musée de l'Ermitage se trouve dans quelle ville ?;fr;True;¿El Museo del Hermitage está en qué ciudad?;es;True;;;;;;;factual_aperturas;10;0.9998;0.1176;True;es;nativo(prompt_es);
Retrieve the creator of Mickey Mouse.;"Parece que estás buscando información sobre el creador de Mickey Mouse. El creador de Mickey Mouse fue Walt Disney, pero también tuvo un papel importante en su creación el animador Ub Iwerks.

Si estás buscando a la persona que diseñó a Mickey Mouse, ese mérito corresponde especialmente a Ub Iwerks, quien trabajaba en la época en la compañía de Disney y dibujó el diseño inicial del personaje.

Pero si quieres saber cuál fue el antecedente de Mickey Mouse, ese sería Oswald el Conejo Afortunado, un personaje creado por Walt Disney y Ub Iwerks en 1927. Sin embargo, debido a una disputa con Universal Pictures, Disney perdió los derechos de Oswald y decidió crear un nuevo personaje que fuera suyo. Ese personaje fue Mickey Mouse, que debutó en 1928 en el cortometraje ""Steamboat Willie"".";Walt Disney;Disney|Iwerks;The creator of Mickey Mouse is Walt Disney.;False;False;es;en;True;True;True;Ruf den Schöpfer von Micky Maus ab.;de;True;Retrouvez le créateur de Mickey Mouse.;fr;True;Recupera al creador de Mickey Mouse.;es;True;;;;;;;imperativo;7;0.9998;0.0569;True;es;nativo(prompt_es);True
Unravel what makes cakes rise.;"Los pasteles pueden subir debido a varios factores, tanto en el proceso de preparación como en el entorno en el que se cocinan. Aquí te presento algunas de las razones más comunes por las que los pasteles pueden subir:

1. **Polvo de hornear**: El polvo de hornear (o levadura química) es el principal agente que hace que los pasteles se eleven. Al mezclarse con los líquidos y calentarse, libera dióxido de carbono, que forma pequeñas burbujas en la masa.
2. **Bicarbonato de sodio**: Algunas recetas usan bicarbonato, que también produce dióxido de carbono cuando reacciona con un ingrediente ácido, como el yogur, el suero de leche o el limón.
3. **Aire batido**: Al batir los huevos o la mantequilla con el azúcar se incorporan burbujas de aire en la masa, que luego se expanden con el calor.
4. **Calor**: En el horno, el gas de las burbujas se expande y el agua de la masa se convierte en vapor, lo que hace que el pastel suba. Al mismo tiempo, los huevos y la harina se cuajan y fijan la estructura esponjosa.";baking powder;levure|levadura|Backpulver|lievito|fermento|baking soda|bicarbonat|yeast|levain|carbon dioxide|dioxyde de carbone|dioxido de carbono|Kohlendioxid|CO2;"The magic of cakes rising! It's a fascinating process that involves a combination of ingredients, chemistry, and physics. Here's a breakdown of what makes cakes rise:

**The Main Players:**

1. **Leavening Agents:** These are the key ingredients responsible for releasing carbon dioxide gas, which gets trapped in the batter, causing it to rise. Common leavening agents include:
	* Baking powder (a mixture of baking soda and an acid, usually cream of tartar)
	* Baking soda (sodium bicarbonate)
	* Yeast (for yeast-based cakes, like sourdough or bread)
2. **Eggs:** Whipped eggs incorporate air, which gets trapped in the batter, contributing to the cake's rise.
3. **Sugar:** Sugar helps to break down the starches in flour, making it easier for the leavening agents to release gas.
4. **Flour:** The structure of flour, particularly the gluten network, provides a framework for the cake to rise.

**The Process:**

1. **Leavening Agent Activation:** When a leavening agent is added to the batter, it reacts with liquid ingredients (like buttermilk or water) to produce carbon";False;False;es;en;True;True;True;Entwirre, was Kuchen aufgehen lässt.;de;True;Démêlez ce qui fait lever les gâteaux.;fr;True;Desentraña qué hace subir los pasteles.;es;True;;;;;;;imperativo_explicativo;7;0.9998;0.0214;True;es;nativo(prompt_es);True
What does a stethoscope listen to?;"Un estetoscopio es un instrumento médico utilizado para escuchar los sonidos internos del cuerpo humano, como el latido del corazón, la respiración, los sonidos de los pulmones, el ruido de los vasos sanguíneos, entre otros.

Un estetoscopio escucha los sonidos que se producen en diferentes partes del cuerpo, como:

*   El latido del corazón: el estetoscopio escucha el latido del corazón, que es el ritmo cardíaco.
*   La respiración: el estetoscopio escucha el sonido de la respiración, que es el movimiento del aire en y fuera del pulmón.
*   Los sonidos de los pulmones: el estetoscopio escucha los sonidos que se producen en los pulmones, como el sonido de la respiración, el sonido de la tos, etc.
*   El ruido de los vasos sanguíneos: el estetoscopio escucha el sonido de la sangre que fluye a través de los vasos sanguíneos.";heartbeat;coeur|coraz|Herz|cuor|corac|heart|poumon|pulmon|Lunge|polmon|pulmo|lung;"A stethoscope is a medical tool used to listen to the internal sounds of the body. It's typically used by healthcare professionals, such as doctors and nurses, to diagnose and monitor various medical conditions.

A stethoscope listens to the sounds of the heart, lungs, and other organs, including:

1. Heart sounds: The stethoscope helps to detect the normal sounds of the heartbeat, such as the ""lub-dub"" of the heartbeat, and any abnormal sounds that may indicate a heart condition.
2. Lung sounds: The stethoscope is used to listen to the sounds of breathing, such as wheezing, coughing, or crackles, which can indicate respiratory problems.
3. Abdominal sounds: The stethoscope can be used to listen to the sounds of the digestive system, such as bowel sounds, which can indicate digestive problems.
4. Other sounds: The stethoscope can also be used to listen to other internal sounds, such as the sounds of the kidneys, liver, or other organs.

By listening to these internal sounds, healthcare professionals can diagnose and monitor a range of medical conditions, from common colds and flu to more serious conditions like heart disease, respiratory problems, and digestive disorders.";False;False;es;en;True;True;True;Was hört man mit einem Stethoskop ab?;de;True;Qu'écoute-t-on avec un stéthoscope ?;fr;True;¿Qué escucha un estetoscopio?;es;True;;;;;;;explicativa;9;0.9999;0.0091;True;es;nativo(prompt_es);
Composer of Aida?;"El compositor de la ópera ""Aida"" es Giuseppe Verdi.";Verdi;;"The composer of the famous opera ""Aida"" is Giuseppe Verdi.";False;False;es;en;True;True;True;Komponist von Aida?;de;True;Compositeur d'Aida ?;fr;True;¿Compositor de Aida?;es;True;;;;;;;corta;5;0.5;0.1538;True;es;nativo(prompt_es);True
Just curious, when was the Mona Lisa painted?;"La Mona Lisa se pintó por Leonardo da Vinci en el siglo XVI, específicamente entre 1503 y 1506. Sin embargo, es importante destacar que la obra no se considera terminada hasta 1517, cuando Leonardo da Vinci la finalizó y la incluyó en su colección personal.

La Mona Lisa es una pintura al óleo sobre tabla de madera, y se cree que fue pintada en el taller de Leonardo da Vinci en Florencia, Italia. La obra es famosa por su enigmática sonrisa y su técnica de pintura innovadora, que utilizaba la perspectiva y la iluminación para crear un efecto de profundidad y realismo.

Es interesante destacar que la Mona Lisa ha sido objeto de mucha curiosidad y especulación a lo largo de los siglos, y su verdadero significado y propósito siguen siendo objeto de debate entre los historiadores y los expertos en arte.";1503;1504|1505|1506|1507|1517|1519;"The Mona Lisa was painted by the Italian artist Leonardo da Vinci in the early 16th century. Specifically, it is believed to have been painted between 1503 and 1506, during the Italian Renaissance.

However, some art historians and scholars believe that da Vinci may have continued to work on the painting until as late as 1517, which would make it one of the most famous and enduring works of art in history!

Would you like to know more about the Mona Lisa or Leonardo da Vinci?";False;False;es;en;True;True;True;Nur aus Neugier: Wann wurde die Mona Lisa gemalt?;de;True;Simple curiosité : quand la Joconde a-t-elle été peinte ?;fr;True;Solo por curiosidad, ¿cuándo se pintó la Mona Lisa?;es;True;;;;;;;conversacional;10;0.9999;0.0348;True;es;nativo(prompt_es);True
Which ice giant orbits between Saturn and Neptune?;El gigante de hielo que orbita entre Saturno y Neptuno es Urano.;Uranus;Urano;"You're thinking of Uranus! However, I should correct you that Uranus is actually the seventh planet from the Sun, and it's not an ice giant that orbits between Saturn and Neptune.

The correct answer is Neptune! Neptune is the eighth and farthest planet from the Sun, and it orbits between Saturn and Uranus in our solar system.

But, if you're thinking of an ice giant, you might be thinking of Uranus or Neptune themselves, as they are both gas giants with icy compositions.";False;False;es;en;True;True;True;Welcher Eisriese kreist zwischen Saturn und Neptun?;de;True;Quelle géante de glace orbite entre Saturne et Neptune ?;fr;True;¿Qué gigante de hielo orbita entre Saturno y Neptuno?;es;True;;;;;;;factual_clasica;;0.9997;0.0678;True;es;nativo(prompt_es);True
The Prado Museum is in which city?;El Museo del Prado se encuentra en la ciudad de Madrid.;Madrid;;The Prado Museum is located in Madrid, Spain.;False;False;es;en;True;True;True;Das Prado-Museum liegt in welcher Stadt?;de;True;Le musée du Prado se trouve dans quelle ville ?;fr;True;¿El Museo del Prado está en qué ciudad?;es;True;;;;;;;factual_aperturas;9;0.9999;0.0909;True;es;nativo(prompt_es);
Supply the capital of Paraguay.;Asunción es la capital de Paraguay.;Asuncion;Assomption|Assuncao;The capital of Paraguay is Asunción.;False;False;es;en;True;True;True;Liefere die Hauptstadt Paraguays.;de;True;Fournissez la capitale du Paraguay.;fr;True;Proporciona la capital de Paraguay.;es;True;;;;;;;imperativo;7;0.9996;0.069;True;es;nativo(prompt_es);
Fill me in on why heavy ships float.;"Los barcos pesados flotan debido a la combinación de varios factores que trabajan juntos para mantenerlos en equilibrio en el agua. Aquí te explico los principios básicos:

1. **Principio de Arquímedes**: Todo objeto sumergido en un líquido recibe un empuje hacia arriba igual al peso del líquido que desplaza. Un barco se hunde en el agua hasta que el peso del agua que desplaza es igual a su propio peso, y en ese momento flota.
2. **Flotabilidad**: La flotabilidad se refiere a la capacidad de un objeto para flotar en el agua. Aunque los barcos están hechos de acero, que es mucho más denso que el agua, su casco es hueco y está lleno de aire, así que su densidad media es menor que la del agua.
3. **Forma del casco**: El casco ancho y cóncavo permite desplazar un gran volumen de agua. Por eso una bola maciza de acero se hunde, pero la misma cantidad de acero en forma de barco flota.
4. **Estabilidad**: La distribución del peso y la carga, con el centro de gravedad lo más bajo posible, evita que el barco vuelque.";buoyancy;Archim|flotab|flottab|Auftrieb|galleggi|empux|buoyan|flotacion;"It's a fascinating phenomenon that has puzzled people for centuries. So, let's dive into the reasons why heavy ships float.

**The Principle of Buoyancy**

The main reason heavy ships float is due to the principle of buoyancy, which is described by Archimedes' Principle. This principle states that an object will float if it is less dense than the fluid (in this case, water) it is placed in.

**Density and Displacement**

When a ship is placed in the water, it displaces a volume of water equal to its own weight. The weight of the ship is distributed across its entire surface, creating an upward force called buoyancy. This buoyancy force is equal to the weight of the water displaced by the ship.

**Why Ships Float**

Now, here's the key: ships are designed to be less dense than the water they float in. This means that the weight of the ship is less than the weight of the water it displaces. As a result, the buoyancy force (the upward force) is greater than the weight of the ship (the downward force).

**The Role of Displacement**

When a ship displaces water, it pushes the water molecules out of the way, creating a """;False;False;es;en;True;True;True;Bring mich auf den Stand, warum schwere Schiffe schwimmen.;de;True;Mettez-moi au courant de la flottaison des navires lourds.;fr;True;Ponme al día sobre por qué flotan los barcos pesados.;es;True;;;;;;;imperativo_explicativo;9;0.9998;0.0172;True;es;nativo(prompt_es);True
What does insulin regulate?;"La insulina es una hormona producida por las células beta del páncreas que regula el nivel de azúcar en la sangre. Su función principal es reducir los niveles de glucosa en la sangre al facilitar la absorción de glucosa en las células.

Aquí te explico cómo funciona:

1.  **La insulina es secretada**: Cuando el nivel de glucosa en la sangre aumenta, las células beta del páncreas se activan y liberan insulina en la sangre.
2.  **La insulina actúa**: La insulina se une a receptores en las células, lo que activa una serie de enzimas que facilitan la absorción de glucosa en las células.
3.  **La glucosa se absorbe**: Las células absorben la glucosa y la utilizan para producir energía o almacenarla como glucógeno.
4.  **El nivel de glucosa disminuye**: Con la absorción de glucosa, el nivel de glucosa en la sangre disminuye y vuelve a su rango normal.";glucose;gluc|Gluk|glic|blood sugar|sucre|azucar|Zucker|zucchero|acucar;"Insulin is a hormone that plays a crucial role in regulating blood sugar levels in the body. It is produced by the pancreas and helps to:

1. **Lower blood sugar levels**: Insulin helps to reduce blood glucose levels by facilitating the uptake of glucose by cells throughout the body, particularly by muscle and liver cells.
2. **Increase glucose uptake**: Insulin stimulates the uptake of glucose by cells, which helps to lower blood sugar levels.
3. **Store glucose**: Insulin also helps to store glucose in the liver and muscles as glycogen, which can be broken down and used as energy when needed.
4. **Prevent glucose release**: Insulin inhibits the release of glucose from stored energy sources, such as glycogen and fat, which helps to maintain stable blood sugar levels.

In addition to regulating blood sugar levels, insulin also plays a role in:

* **Cell growth and division**: Insulin stimulates cell growth and division, particularly in the liver and muscles.
* **Fat metabolism**: Insulin helps to regulate fat metabolism, including the breakdown and storage of fat.
* **Protein synthesis**: Insulin stimulates protein synthesis, which is important for muscle growth and repair.

Overall, insulin is a vital hormone that helps to";False;False;es;en;True;True;True;Was reguliert Insulin?;de;True;Que régule l'insuline ?;fr;True;¿Qué regula la insulina?;es;True;;;;;;;explicativa;5;0.9992;0.0163;True;es;nativo(prompt_es);True
Composer of Tosca?;"El compositor de ""Tosca"" es Giacomo Puccini.";Puccini;;"You're thinking of one of the most iconic operas of all time!

The composer of the opera ""Tosca"" is none other than the Italian master Giacomo Puccini (1858-1924).";False;False;es;en;True;True;True;Komponist von Tosca?;de;True;Compositeur de Tosca ?;fr;True;¿Compositor de Tosca?;es;True;;;;;;;corta;5;0.5;0.1429;True;es;nativo(prompt_es);True
Quick question: when did Shakespeare die?;La respuesta es: 1616;1616;;"A great question about the Bard!

William Shakespeare is believed to have died on April 23, 1616. This is also the date of his burial at the Holy Trinity Church in Stratford-upon-Avon, where he is still entombed today.";False;False;es;en;True;True;True;Kurze Frage: Wann starb Shakespeare?;de;True;Petite question : quand Shakespeare est-il mort ?;fr;True;Pregunta rápida: ¿cuándo murió Shakespeare?;es;True;;;;;;;conversacional;8;0.9989;0.0769;True;es;nativo(prompt_es);
In what year was the Eiffel Tower completed?;La Torre Eiffel se completó en 1889.;1889;;The Eiffel Tower was completed in 1889. It was built for the World's Fair, held in Paris, France, and was officially opened on March 31, 1889.;False;False;es;en;True;True;True;In welchem Jahr wurde der Eiffelturm fertiggestellt?;de;True;En quelle année la tour Eiffel a-t-elle été achevée ?;fr;True;¿En qué año se completó la Torre Eiffel?;unknown;True;;;;;;;factual_clasica;;0.9869;0.12;True;es;nativo(prompt_es);
Petra is located in which country?;Petra se encuentra en Jordania.;Jordan;Jordanie|Jordania|Giordania|Jordanien;Petra is located in Jordan.;False;False;es;en;True;True;True;Petra liegt in welchem Land?;de;True;Petra se trouve dans quel pays ?;fr;True;¿Petra se encuentra en qué país?;es;True;;;;;;;factual_aperturas;8;0.9998;0.0769;True;es;nativo(prompt_es);
State the capital of Estonia.;La capital de Estonia es Tallin.;Tallinn;Tallin;The capital of Estonia is Tallinn.;False;False;es;en;True;True;True;Nenne die Hauptstadt Estlands.;de;True;Indiquez la capitale de l'Estonie.;fr;True;Indica la capital de Estonia.;es;True;;;;;;;imperativo;6;0.5;0.1667;True;es;nativo(prompt_es);True
Interpret why seawater is salty.;"La salinidad del agua de mar se debe a la presencia de sales minerales, principalmente cloruro de sodio (NaCl), que se han acumulado en el mar a lo largo de millones de años. A continuación, te explico los principales factores que han contribuido a la salinidad del agua de mar:

1. **Erosión de las rocas**: La lluvia es ligeramente ácida y, al caer sobre la tierra, va disolviendo poco a poco los minerales de las rocas. Los ríos transportan esos minerales disueltos, como el sodio, el calcio y el magnesio, hasta el mar.
2. **Actividad volcánica e hidrotermal**: Las erupciones volcánicas y las fuentes hidrotermales del fondo marino aportan otros elementos, como el cloro y el azufre, que se combinan con los minerales que llegan de los ríos.
3. **Evaporación**: El agua del mar se evapora continuamente por el calor del Sol, pero las sales no se evaporan con ella. Así, el agua se renueva con la lluvia, mientras que los minerales se quedan y se van concentrando.

Gracias a este equilibrio, el agua de mar tiene hoy una salinidad media de unos 35 gramos de sal por litro.";minerals;mineraux|minerais|mineral;"Seawater is salty due to the presence of dissolved salts, primarily sodium chloride (NaCl), also known as table salt. Here's a brief explanation:

**The Origin of Seawater's Salinity**

Seawater is formed from the evaporation of seawater, which occurs when the ocean's surface water is heated by the sun. As the water evaporates, the salt and other minerals are left behind, concentrating the salt content.

**The Main Sources of Seawater's Salinity**

There are two main sources of seawater's salinity:

1. **Weathering of Rocks**: When rocks on land are exposed to wind, rain, and temperature fluctuations, they break down into smaller particles called sediments. These sediments can contain minerals like sodium, chloride, and other salts, which are then carried into the ocean by rivers and streams.
2. **Volcanic Activity**: Volcanic eruptions can release large amounts of minerals, including salts, into the ocean. These minerals can come from the Earth's crust, magma, or hydrothermal vents.

**The Process of Salinity Accumulation**

As seawater evaporates, the salt concentration increases. This process is accelerated by the following factors:

* **Ev";False;False;es;en;True;True;True;Deute, warum Meerwasser salzig ist.;de;True;Interprétez pourquoi l'eau de mer est salée.;fr;True;Interpreta por qué el agua de mar es salada.;es;True;;;;;;;imperativo_explicativo;8;0.9998;0.02;True;es;nativo(prompt_es);True
How do penguins stay warm?;"Los pingüinos tienen varias estrategias para mantenerse calientes en climas fríos, ya que viven en regiones polares y subpolares donde el clima puede ser extremadamente frío. A continuación, te presento algunas de las formas en que los pingüinos se mantienen calientes:

1. **Aislamiento**: Los pingüinos tienen un plumaje grueso y espeso que los aísla del frío. El plumaje se compone de dos capas: una capa exterior de plumas largas y una capa interior de plumas cortas y densas. Esto ayuda a retener el calor corporal y a mantener la temperatura corporal constante.
2. **Concentración de calor corporal**: Los pingüinos tienen una alta concentración de calor corporal debido a su metabolismo alto. Esto significa que producen mucho calor como subproducto de sus actividades fisiológicas, como la respiración y el movimiento.
3. **Posicionamiento corporal**: Los pingüinos se posan de manera que su cuerpo esté orientado hacia el sol, lo que les permite absorber el calor solar. También pueden pos";feathers;plum|Feder|piume|penas|graisse|grasa|Fett|grasso|gordura|blubber;"Penguins are incredibly adapted to their cold environments, and they have several strategies to stay warm. Here are some of the ways penguins keep themselves cozy:

1. **Thick Feathers**: Penguins have a thick layer of feathers that trap warm air next to their skin, keeping them insulated. Their feathers are specially adapted to prevent cold air from penetrating to the skin.
2. **Fat Reserves**: Penguins have a thick layer of fat (up to 40% of their body weight) that helps to keep them warm. This fat layer is particularly important in the winter months when food is scarce.
3. **Countercurrent Heat Exchange**: Penguins have a unique circulatory system that helps to conserve heat. In their legs, they have a countercurrent heat exchange system, where the arteries and veins are very close together. This allows the warm blood from the arteries to warm the cold blood returning from the veins, reducing heat loss.
4. **Huddling**: Penguins often huddle together in large groups, sharing body heat to stay warm. This behavior is especially common in cold weather.
5. **Feather Preening**: Penguins spend a lot of time preening their feathers, which helps to keep them clean and water-repell";False;False;es;en;True;True;True;Wie halten sich Pinguine warm?;de;True;Comment les manchots restent-ils au chaud ?;fr;True;¿Cómo se mantienen calientes los pingüinos?;es;True;;;;;;;explicativa;7;0.9998;0.0149;True;es;nativo(prompt_es);
Composer of Messiah?;"El compositor de ""El Mesías"" es Georg Friedrich Händel.";Handel;Haendel;"The composer of the iconic oratorio ""Messiah"" is George Frideric Handel (1685-1759). Handel was a German-born British composer who is widely regarded as one of the most influential and celebrated composers of the Baroque period.

""Messiah"" is considered one of Handel's greatest works, and it is a staple of classical music repertoire. The oratorio was first performed in Dublin, Ireland in 1742, and it has since become a beloved classic around the world, with its iconic music and powerful lyrics.

Would you like to know more about Handel or ""Messiah""?";False;False;es;en;True;True;True;Komponist des Messias?;de;True;Compositeur du Messie ?;fr;True;¿Compositor de El Mesías?;es;True;;;;;;;corta;4;0.0025;0.15;False;es;nativo(prompt_es);True
Just curious, when did Rome invade Britain?;"La respuesta es que Roma invadió Britania en el año 43 d. C., durante el reinado del emperador Claudio.

Antes de eso, hubo dos expediciones a la isla en los años 55 y 54 a. C., cuando el general romano Julio César cruzó el canal de la Mancha. Sin embargo, César no llegó a conquistar la isla y regresó a la Galia tras obtener algunos tributos de las tribus locales.

En el año 43 d. C., el emperador Claudio envió un ejército de unos 40.000 soldados al mando del general Aulo Plaucio. Los romanos desembarcaron en el sureste de la isla y fueron conquistando gran parte de lo que hoy es Inglaterra y Gales, que se convirtió en la provincia romana de Britannia.

Finalmente, a principios del siglo V d. C., los romanos se retiraron de Britania, después de casi cuatro siglos de dominio.";43;;"The Romans invaded Britain in 43 AD, during the reign of Emperor Claudius. The invasion was led by Aulus Plautius, a Roman governor, and was a significant event in British history.

The Romans had been interested in invading Britain for some time, and had been sending expeditions to the island to gather intelligence and establish trade relationships. However, it wasn't until Claudius decided to launch a full-scale invasion that the Romans finally set foot on British soil.

The invasion was successful, and the Romans were able to establish a province in Britain, which they called Britannia. They built roads, forts, and cities, and established a system of governance that lasted for centuries.

Would you like to know more about the Roman occupation of Britain?";False;False;es;en;True;True;True;Nur aus Neugier: Wann fiel Rom in Britannien ein?;de;True;Simple curiosité : quand Rome a-t-elle envahi la Grande-Bretagne ?;fr;True;Solo por curiosidad, ¿cuándo invadió Roma Britania?;es;True;;;;;;;conversacional;9;0.9998;0.042;True;es;nativo(prompt_es);True
What is the capital of the Philippines?;La capital de Filipinas es Manila.;Manila;Manille|Manilha;The capital of the Philippines is Manila.;False;False;es;en;True;True;True;Was ist die Hauptstadt der Philippinen?;de;True;Quelle est la capitale des Philippines?;fr;True;¿Cuál es la capital de Filipinas?;es;True;;;;;;;factual_clasica;;0.9971;0.1071;True;es;nativo(prompt_es);
Stonehenge is in which country?;Stonehenge se encuentra en Inglaterra, Reino Unido.;England;Angleterre|Inglaterra|Inghilterra|United Kingdom|Royaume-Uni|Reino Unido|Vereinigtes|Regno Unito|UK;Stonehenge is located in England, United Kingdom.;False;False;es;en;True;True;True;Stonehenge liegt in welchem Land?;de;True;Stonehenge se trouve dans quel pays ?;fr;True;¿Stonehenge está en qué país?;es;True;;;;;;;factual_aperturas;8;0.9993;0.093;True;es;nativo(prompt_es);
Specify the chemical symbol for titanium.;El símbolo químico del titanio es Ti.;Ti;;The chemical symbol for titanium is Ti.;False;False;es;en;True;True;True;Gib das chemische Symbol für Titan an.;de;True;Précisez le symbole chimique du titane.;fr;True;Especifica el símbolo químico del titanio.;es;True;;;;;;;imperativo;7;0.9974;0.0667;True;es;nativo(prompt_es);
Expand on how batteries store energy.;"Las baterías son dispositivos fundamentales que permiten almacenar energía química para convertirla después en energía eléctrica. A continuación, te explicaré cómo funcionan las baterías y cómo almacenan energía.

**Componentes de una batería**

Toda batería está formada por una o varias celdas, y cada celda tiene tres partes básicas:

1. **Ánodo**: Es el electrodo negativo, el que libera electrones durante la descarga.
2. **Cátodo**: Es el electrodo positivo, el que recibe los electrones.
3. **Electrolito**: Es una sustancia que permite el paso de iones entre los dos electrodos, pero no de electrones.

**Cómo almacenan y liberan energía**

La energía se almacena en forma química, en los materiales de los electrodos. Cuando conectamos un dispositivo, se produce una reacción química: los electrones salen del ánodo, recorren el circuito externo alimentando el aparato y llegan al cátodo, mientras los iones viajan por el electrolito para mantener el equilibrio de cargas.";electrolyte;lectrolyt|lectrolit|lettrolit|letrolit|anode|anodo|cathode|catodo|Kathode|lektrolyt|Elektrode;"Batteries are an essential component of modern technology, and understanding how they store energy can be fascinating. Here's a detailed explanation:

**The Basics**

A battery is a device that stores chemical energy, which is converted into electrical energy when needed. The process involves a series of chemical reactions that occur within the battery, allowing it to store and release energy.

**The Components**

A typical battery consists of three main components:

1. **Anode** (Negative Terminal): This is the negative electrode where chemical reactions occur. The anode is typically made of a material that can easily release electrons, such as zinc or lithium.
2. **Cathode** (Positive Terminal): This is the positive electrode where chemical reactions occur. The cathode is typically made of a material that can easily accept electrons, such as copper or nickel.
3. **Electrolyte**: This is the substance that facilitates the chemical reactions between the anode and cathode. The electrolyte can be a liquid, gel, or solid, and its properties determine the battery's performance.

**The Process**

Here's what happens when a battery is connected to a device, such as a flashlight:

1. **Chemical Reaction**: When the battery is connected,";False;False;es;en;True;True;True;Vertiefe, wie Batterien Energie speichern.;de;True;Développez la façon dont les batteries stockent l'énergie.;fr;True;Profundiza en cómo las baterías almacenan energía.;es;True;;;;;;;imperativo_explicativo;7;0.9998;0.0235;True;es;nativo(prompt_es);True
How do owls hunt at night?;"Los búhos son aves nocturnas, lo que significa que suelen cazar durante la noche. A continuación, te explico cómo cazan de noche estas aves de presa nocturnas:

**Visión nocturna**: Los búhos tienen una visión nocturna excepcional, gracias a sus grandes ojos y a una retina con una gran cantidad de bastones, las células sensibles a la luz débil. Esto les permite aprovechar la poca luz de la luna y las estrellas.

**Oído extremo**: Además de su visión nocturna, los búhos tienen un oído extraordinario que les permite localizar sonidos muy débiles. Pueden detectar el movimiento de sus presas, como ratones u otros pequeños roedores, incluso bajo la hierba o la nieve.

**Mecanismos de localización**: Los búhos utilizan varios mecanismos para localizar sus presas:

1. **Oídos asimétricos**: En muchas especies, un oído está más alto que el otro. Así, el sonido llega a cada oído en un instante y con una intensidad ligeramente distintos, lo que les permite calcular con precisión la posición de la presa.
2. **Disco facial**: Las plumas de su cara forman un disco que funciona como una antena parabólica y dirige el sonido hacia los oídos.";hearing;ouie|oido|Gehor|udito|audic|audit|oreille|ecoute|Ohren;"Owls are nocturnal birds of prey, which means they are active at night and rest during the day. Their unique adaptations enable them to hunt effectively in the dark. Here are some of the ways owls hunt at night:

1. **Exceptional Night Vision**: Owls have large, round eyes that are specially designed to gather as much light as possible. Their eyes contain a reflective layer called the tapetum lucidum, which helps to reflect any available light back onto the retina, increasing the owl's sensitivity to low light levels.
2. **Acute Hearing**: Owls have extremely sensitive hearing, which allows them to detect the faint sounds made by their prey, such as mice scurrying through the underbrush. They can even hear sounds that are too faint for humans to detect.
3. **Silent Flight**: Owls are expert flyers, and their wings are specially designed to produce a soft, silent rustling sound. This allows them to sneak up on their prey undetected.
4. **Specialized Feathers**: Owls have feathers on their wings and tail that help to reduce noise and turbulence, making it easier for them to fly quietly and accurately.
5. **Keen Sense of Smell";False;False;es;en;True;True;True;Wie jagen Eulen nachts?;de;True;Comment les chouettes chassent-elles la nuit ?;fr;True;¿Cómo cazan de noche los búhos?;es;True;;;;;;;explicativa;8;0.9998;0.0171;True;es;nativo(prompt_es);True
Composer of La Mer?;"El compositor de ""La mer"" es Claude Debussy.";Debussy;;Claude Debussy;False;False;es;unknown;True;True;True;Komponist von La Mer?;de;True;Compositeur de La Mer ?;fr;True;¿Compositor de La Mer?;es;True;;;;;;;corta;5;0.5;0.1538;True;es;nativo(prompt_es);True
Random thought: when was the first email sent?;El primer correo electrónico se envió en 1971.;1971;;"A random thought indeed!

The first email was sent in 1971 by Ray Tomlinson, a computer programmer and engineer. He sent an email to himself as a test message, and it read ""QWERTYUIOP"" (the first line of letters on a standard QWERTY keyboard layout). This was a test to see if the email system worked, and it marked the beginning of email as we know it today.

Tomlinson also invented the ""@"" symbol as a way to address messages, which is still used in email addresses today.

Would you like to know more about the history of email?";False;False;es;en;True;True;True;Spontane Frage: Wann wurde die erste E-Mail verschickt?;de;True;Une idée comme ça : quand le premier e-mail a-t-il été envoyé ?;fr;True;Pensando al azar: ¿cuándo se envió el primer correo electrónico?;es;True;;;;;;;conversacional;10;0.9999;0.0294;True;es;nativo(prompt_es);
How many planets are in the Solar System?;"En el Sistema Solar, hay 8 planetas conocidos. Estos son:

1.  Mercurio
2.  Venus
3.  Tierra
4.  Marte
5.  Júpiter
6.  Saturno
7.  Urano
8.  Neptuno";8;huit;"There are 8 planets in our Solar System:

1. Mercury
2. Venus
3. Earth
4. Mars
5. Jupiter
6. Saturn
7. Uranus
8. Neptune

Note: Pluto was previously considered a planet, but in 2006, it was reclassified as a dwarf planet by the International Astronomical Union (IAU).

Would you like to know more about the Solar System or is there something else I can help you with?";False;False;es;en;True;True;True;Wie viele Planeten sind im Sonnensystem?;de;True;Combien de planètes y a-t-il dans le système solaire ?;fr;True;¿Cuántos planetas hay en el Sistema Solar?;es;True;;;;;;;factual_clasica;;0.9923;0.1277;True;es;nativo(prompt_es);
Chichen Itza is in which country?;Chichén Itzá está en México.;Mexico;Mexique|Mexiko|Messico;Chichen Itza is located in Mexico.;False;False;es;en;True;True;True;Chichén Itzá liegt in welchem Land?;de;True;Chichén Itzá se trouve dans quel pays ?;fr;True;¿Chichén Itzá está en qué país?;es;True;;;;;;;factual_aperturas;9;0.9923;0.1304;True;es;nativo(prompt_es);
Mention the painter of Las Meninas.;"El pintor de ""Las meninas"" es el famoso artista español Diego Velázquez.";Velazquez;;"The painter of ""Las Meninas"" is the renowned Spanish artist Diego Velázquez (1599-1660).";False;False;es;en;True;True;True;Erwähne den Maler von Las Meninas.;de;True;Mentionnez le peintre des Ménines.;fr;True;Menciona al pintor de Las meninas.;es;True;;;;;;;imperativo;9;0.9963;0.069;True;es;nativo(prompt_es);
Examine why plants bend toward light.;"La inclinación de las plantas hacia la luz es un fenómeno fascinante que se conoce como fototropismo. A continuación, te explicaré por qué las plantas se inclinan hacia la luz:

**La razón detrás del fototropismo**

Las plantas tienen un sistema de señalización que les permite detectar la dirección de la luz. Esto es importante porque la luz es su fuente de energía para la fotosíntesis, el proceso por el cual las plantas convierten la energía luminosa en energía química. Inclinarse hacia la luz les permite captar más energía para crecer.

**La detección de la luz**

En la punta del tallo, unas proteínas llamadas fototropinas detectan la luz azul y su dirección. Allí también se produce la auxina, una hormona vegetal que estimula el alargamiento de las células y juega un papel clave en el fototropismo.

**Cómo funciona el fototropismo**

Cuando la luz llega desde un lado, la auxina se desplaza hacia el lado del tallo que está en sombra. Las células de ese lado se alargan más que las del lado iluminado, y esa diferencia de crecimiento hace que el tallo se curve hacia la luz.";auxin;phototrop|fototrop;"A fascinating phenomenon! Plants bending toward light is known as phototropism. This process is essential for the survival and growth of plants, and it's a remarkable example of how plants adapt to their environment. Here's a detailed explanation of why plants bend toward light:

**The Science Behind Phototropism**

Phototropism is a response to light, which is detected by specialized cells in the plant's stem or root. These cells contain photoreceptors, such as cryptochromes, phytochromes, and phototropins, which are sensitive to different wavelengths of light. When light hits these photoreceptors, it triggers a signaling cascade that ultimately leads to the bending of the plant stem or root.

**The Role of Auxins**

Auxins are a type of plant hormone that plays a crucial role in phototropism. Auxins are produced in the stem and root, and they diffuse downward through the plant tissue. When light is detected, the production of auxins increases in the shaded area of the stem or root, causing the cells to elongate and grow. This creates a gradient of auxin concentration, with higher concentrations in the shaded area and lower concentrations in the illuminated area.

**The Mechanism";False;False;es;en;True;True;True;Untersuche, warum sich Pflanzen zum Licht neigen.;de;True;Examinez pourquoi les plantes se penchent vers la lumière.;fr;True;Examina por qué las plantas se inclinan hacia la luz.;es;True;;;;;;;imperativo_explicativo;8;0.9998;0.0159;True;es;nativo(prompt_es);True
How do snakes sense warm prey?;"Las serpientes tienen varios mecanismos para detectar a sus presas, especialmente aquellas que se alimentan de mamíferos y aves. A continuación, te presento algunos de los métodos que utilizan para detectar a sus presas calientes:

1. **Órganos de fosetas**: Las víboras de foseta, como las serpientes de cascabel, tienen a cada lado de la cabeza, entre el ojo y la nariz, una pequeña cavidad llamada foseta loreal. Estas fosetas tienen una membrana muy sensible que detecta la radiación infrarroja, es decir, el calor que emiten los animales de sangre caliente.
2. **Fosetas labiales**: Las boas y las pitones tienen órganos similares, distribuidos a lo largo de los labios, que también detectan el calor infrarrojo de sus presas.
3. **Una ""imagen"" térmica**: El cerebro combina la información de estos órganos con la de los ojos, de modo que la serpiente puede ""ver"" el calor de una presa incluso en completa oscuridad y atacarla con gran precisión.
4. **Olfato**: Además, las serpientes sacan la lengua para recoger partículas de olor y las llevan al órgano de Jacobson, en el paladar, lo que les ayuda a seguir el rastro de sus presas.";infrared;infra|thermor|termor|fossette|Grubenorgan|pit organ;"Snakes have a unique way of sensing warm prey, which is essential for their survival. Here's how they do it:

**Heat-sensing organs:** Snakes have specialized organs called pit organs or heat-sensing organs, which are located on either side of their head, just behind the nostrils. These organs are made up of tiny, hair-like structures called lamellae that are rich in blood vessels. When a snake's head is near a warm object, such as a mouse, the lamellae detect the heat and send a signal to the snake's brain.

**Pit organ function:** The pit organs work by detecting the difference in temperature between the snake's head and the surrounding environment. When a warm object is nearby, the pit organ detects the heat and sends a signal to the brain, which interprets this information as a potential food source.

**Thermoreception:** Snakes also use thermoreception, a process that involves detecting the temperature of their surroundings. This helps them to detect the warmth of their prey, even if it's not directly in front of them.

**Other senses:** In addition to heat-sensing organs and thermoreception, snakes also use other senses to locate prey, such as:

*";False;False;es;en;True;True;True;Wie spüren Schlangen warme Beute auf?;de;True;Comment les serpents détectent-ils leurs proies chaudes ?;fr;True;¿Cómo detectan las serpientes a sus presas calientes?;es;True;;;;;;;explicativa;7;0.9998;0.0152;True;es;nativo(prompt_es);True
Composer of The Moldau?;"El compositor del poema sinfónico ""El Moldava"" es el checo Bedřich Smetana.";Smetana;;"You're thinking of one of the most iconic pieces of classical music!

The composer of ""The Moldau"" (also known as ""Vltava"") is Bedřich Smetana, a Czech composer. He wrote the symphonic poem ""The Moldau"" in 1874, and it's considered one of his most famous works. The piece is inspired by the Vltava River in Prague, Czech Republic, and it's known for its beautiful and evocative depiction of the river's journey from its source in the mountains to its confluence with the Elbe River.

Would you like to know more about Smetana or ""The Moldau""?";False;False;es;en;True;True;True;Komponist der Moldau?;de;True;Compositeur de La Moldau ?;fr;True;¿Compositor de El Moldava?;es;True;;;;;;;corta;6;0.2623;0.1064;True;es;nativo(prompt_es);True
Random thought: when was Bitcoin created?;La creación de Bitcoin se atribuye a un individuo o grupo de individuos que utilizan el nombre de Satoshi Nakamoto. El 3 de enero de 2009, Satoshi Nakamoto lanzó Bitcoin como una forma de moneda digital descentralizada.;2009;2008;"A popular question!

Bitcoin was created in 2008 by an individual or group of individuals using the pseudonym Satoshi Nakamoto. The true identity of Nakamoto remains unknown to this day.

The Bitcoin whitepaper, which outlined the concept and design of the cryptocurrency, was published on October 31, 2008. The first block in the Bitcoin blockchain, known as the Genesis Block, was mined on January 3, 2009.

Satoshi Nakamoto continued to contribute to the development of Bitcoin until December 2010, when they stopped contributing to the project and disappeared from the public eye. The identity of Nakamoto has been the subject of much speculation and debate over the years, but their true identity remains a mystery.

Would you like to know more about Bitcoin or its history?";False;False;es;en;True;True;True;Spontane Frage: Wann wurde Bitcoin erschaffen?;de;True;Une idée comme ça : quand le bitcoin a-t-il été créé ?;fr;True;Pensando al azar: ¿cuándo se creó Bitcoin?;es;True;;;;;;;conversacional;8;0.9995;0.0419;True;es;nativo(prompt_es);True
In what year did Nelson Mandela become president of South Africa?;Nelson Mandela se convirtió en el primer presidente negro de Sudáfrica en el año 1994.;1994;;Nelson Mandela became the President of South Africa in 1994. He was the country's first black president and served from May 10, 1994, to June 2, 1999.;False;False;es;en;True;True;True;In welchem Jahr wurde Nelson Mandela Präsident Südafrikas?;de;True;En quelle année Nelson Mandela est-il devenu président de l'Afrique du Sud ?;fr;True;¿En qué año se convirtió Nelson Mandela en presidente de Sudáfrica?;unknown;True;;;;;;;factual_clasica;;0.9998;0.0448;True;es;nativo(prompt_es);
Which river runs through Baghdad?;El río que atraviesa Bagdad es el Tigris.;Tigris;Tigre|Tigri|Dijla;The Tigris River runs through Baghdad, Iraq.;False;False;es;en;True;True;True;Welcher Fluss fließt durch Bagdad?;de;True;Quel fleuve traverse Bagdad ?;fr;True;¿Qué río atraviesa Bagdad?;es;True;;;;;;;factual_aperturas;6;0.9998;0.0857;True;es;nativo(prompt_es);True
Indicate the founder of Apple.;El fundador de Apple es Steve Jobs, que la creó en 1976 junto con Steve Wozniak y Ronald Wayne.;Steve Jobs;Jobs|Wozniak;The founder of Apple is Steve Jobs.;False;False;es;en;True;True;True;Gib den Gründer von Apple an.;de;True;Indiquez le fondateur d'Apple.;fr;True;Señala al fundador de Apple.;es;True;;;;;;;imperativo;7;0.7697;0.1429;True;es;nativo(prompt_es);True
Analyze what causes sunburn.;"Las quemaduras solares, también conocidas como quemaduras de sol o quemaduras por radiación ultravioleta (UV), son lesiones causadas por la exposición excesiva a la radiación ultravioleta (UV) emitida por el sol. A continuación, te presento las causas principales que conllevan a que se produzcan estas quemaduras:

1.  **Exposición a la radiación UV**: La radiación UV es una parte importante del espectro electromagnético emitido por el sol. La radiación UV-B es la principal causante de las quemaduras solares, porque daña directamente el ADN de las células de la superficie de la piel. La radiación UV-A penetra más profundamente y contribuye al envejecimiento de la piel y al daño celular.
2.  **Falta de protección solar**: La falta de protección solar, como no usar protector solar, no cubrirse la piel con ropa y sombrero, o no usar gafas de sol con lentes UV, aumenta el riesgo de quemaduras solares.
3.  **Tiempo de exposición**: Cuanto más tiempo se pasa al sol, especialmente entre las 10 y las 16 horas, mayor es la dosis de radiación UV que recibe la piel.";ultraviolet;ultravi|UV;"Sunburn! A painful and uncomfortable experience that can be caused by excessive exposure to the sun's ultraviolet (UV) radiation. Here's a detailed analysis of what causes sunburn:

**What is UV radiation?**

UV radiation is a type of electromagnetic radiation emitted by the sun. It's made up of two main types: UVA (ultraviolet A) and UVB (ultraviolet B). UVA radiation penetrates deeper into the skin, causing damage to the dermal layer, while UVB radiation is primarily responsible for causing sunburn.

**How does UV radiation cause sunburn?**

When UV radiation hits the skin, it damages the skin cells' DNA, leading to a chain reaction of events that ultimately result in sunburn. Here's a step-by-step explanation:

1. **UV radiation absorption**: When UV radiation hits the skin, it's absorbed by the skin cells' DNA, causing damage to the genetic material.
2. **DNA damage**: The damaged DNA triggers an inflammatory response, which leads to the production of reactive oxygen species (ROS).
3. **Inflammation**: The ROS cause inflammation in the skin, leading to the activation of immune cells, such as neutrophils and macrophages.";False;False;es;en;True;True;True;Analysiere, was Sonnenbrand verursacht.;de;True;Analysez ce qui provoque les coups de soleil.;fr;True;Analiza qué causa las quemaduras solares.;es;True;;;;;;;imperativo_explicativo;7;0.9996;0.0449;True;es;nativo(prompt_es);True
How do kangaroos carry their young?;"Los canguros cargan a sus crías en una bolsa llamada ""marsupio"", que se encuentra en el vientre de la hembra. Esta bolsa es un pliegue de piel que forma un saco abierto hacia arriba, y es donde las crías terminan de desarrollarse.

Cuando una cría nace, es diminuta, del tamaño de una judía, y todavía no está desarrollada. Nada más nacer, trepa por el pelaje de su madre hasta la bolsa, donde se agarra a uno de los pezones. Allí se alimenta de leche materna y se protege del frío y de los depredadores durante varios meses.

A medida que las crías crecen, comienzan a asomarse y a salir de la bolsa durante ratos cada vez más largos, y empiezan a comer hierba y otras plantas. Aun así, siguen volviendo a la bolsa para mamar o refugiarse, hasta que la abandonan del todo, alrededor de los ocho meses de edad.";pouch;poche|bolsa|Beutel|marsup;"Kangaroos are unique in the way they carry their young, and it's one of the most fascinating features of their biology. Here's how they do it:

Kangaroos have a special pouch on their belly, called a marsupium, where they carry their babies. The pouch is a fold of skin that is attached to the mother's body, and it provides a safe and nourishing environment for the young.

When a kangaroo gives birth, the joey (baby kangaroo) is tiny and hairless, and it crawls up to the mother's pouch, where it attaches itself to a nipple. The pouch is warm and cozy, and it provides the joey with milk, oxygen, and protection from predators.

The joey then grows and develops inside the pouch, where it continues to nurse and grow. The pouch is a very safe place for the joey, and it's protected from predators and harsh weather conditions.

As the joey grows, it will start to venture out of the pouch and explore its surroundings. Eventually, the joey will leave the pouch for good and become independent, but it will always return to its mother for milk and protection.

Kangaroos are able to carry their young";False;False;es;en;True;True;True;Wie tragen Kängurus ihre Jungen?;de;True;Comment les kangourous portent-ils leurs petits ?;fr;True;¿Cómo cargan los canguros a sus crías?;es;True;;;;;;;explicativa;9;0.9999;0.0083;True;es;nativo(prompt_es);True
Composer of Peer Gynt?;"El compositor de la música incidental para ""Peer Gynt"" es el noruego Edvard Grieg.";Grieg;;"You're thinking of Edvard Grieg!

Yes, Edvard Grieg (1843-1907) was a Norwegian composer, and his most famous work is indeed the opera ""Peer Gynt"", based on the play by Henrik Ibsen. The opera is a musical drama that tells the story of the Norwegian folk hero Peer Gynt, who is on a quest to find his way home.

Grieg's music for ""Peer Gynt"" is known for its lush, evocative, and often eerie soundscapes, which evoke the Norwegian landscape and the mythical world of the opera. The work is considered one of Grieg's masterpieces, and it's still widely performed and admired today.

Would you like to know more about Grieg or ""Peer Gynt""?";False;False;es;en;True;True;True;Komponist von Peer Gynt?;de;True;Compositeur de Peer Gynt ?;fr;True;¿Compositor de Peer Gynt?;es;True;;;;;;;corta;6;0.302;0.119;True;es;nativo(prompt_es);True
Trivia time: when did the Ottoman Empire end?;"El Imperio Otomano terminó en 1922, cuando se disolvió después de la Guerra Greco-Turca de 1919-1922. Sin embargo, el proceso de desintegración del imperio comenzó después de la Primera Guerra Mundial, cuando las potencias victoriosas, lideradas por Francia, Reino Unido y Italia, impusieron el Tratado de Sèvres (1920) al Imperio otomano, que incluía la pérdida de territorios y la obligación de reformas internas.

En 1922, el ejército turco, liderado por Mustafa Kemal Atatürk, derrotó a los griegos en la Batalla de Dumlupınar y ese mismo año se abolió el sultanato. En 1923 se proclamó la República de Turquía, que se convirtió en la sucesora del Imperio Otomano.

¿Quieres seguir con otra pregunta?";1922;1923|1924;"The Ottoman Empire ended in 1922, when it was officially dissolved and replaced by modern-day Turkey. However, the empire's decline began earlier, with the Balkan Wars (1912-1913) and World War I (1914-1918) weakening its power.

The final blow came in 1922, when the Turkish War of Independence led by Mustafa Kemal Atatürk led to the establishment of the modern Republic of Turkey.

Would you like to know more about the Ottoman Empire or its successor, the Republic of Turkey?";False;False;es;en;True;True;True;Quizzeit: Wann endete das Osmanische Reich?;de;True;Question culture : quand l'Empire ottoman a-t-il pris fin ?;fr;True;Hora de trivia: ¿cuándo terminó el Imperio otomano?;es;True;;;;;;;conversacional;10;0.9998;0.0522;True;es;nativo(prompt_es);True
Which planet is the largest in the Solar System?;El planeta más grande del Sistema Solar es Júpiter.;Jupiter;Giove;The largest planet in our Solar System is Jupiter. It is a gas giant, meaning it is primarily composed of hydrogen and helium gases. Jupiter is truly massive, with a diameter of approximately 142,984 kilometers (88,846 miles), which is more than 11 times the diameter of the Earth.;False;False;es;en;True;True;True;Welcher Planet ist der größte im Sonnensystem?;de;True;Quelle est la plus grande planète du système solaire ?;fr;True;¿Cuál es el planeta más grande del Sistema Solar?;es;True;;;;;;;factual_clasica;;0.9982;0.0952;True;es;nativo(prompt_es);
Vienna sits on which river?;Viena se encuentra a orillas del río Danubio.;Danube;Danubio|Donau;Vienna, the capital city of Austria, sits on the Danube River.;False;False;es;en;True;True;True;Wien liegt an welchem Fluss?;de;True;Vienne est située sur quel fleuve ?;fr;True;¿Viena está a orillas de qué río?;es;True;;;;;;;factual_aperturas;7;0.9997;0.0541;True;es;nativo(prompt_es);
Recall the first woman in space.;"La primera mujer en el espacio fue Valentina Tereshkova, una cosmonauta soviética nacida el 6 de marzo de 1937 en Yaroslavl, Rusia.

Valentina Tereshkova fue seleccionada para el programa espacial soviético en 1962 y se entrenó intensivamente para convertirse en la primera mujer en viajar al espacio. El 16 de junio de 1963, Tereshkova se lanzó al espacio a bordo de la nave espacial Vostok 6, que fue lanzada desde el cosmódromo de Baikonur en Kazajistán.

Durante su misión, que duró tres días y 22 horas, Tereshkova orbitó la Tierra 48 veces a una altitud de aproximadamente 260 kilómetros. Su misión fue un gran logro para la Unión Soviética y sentó un precedente importante para las mujeres en el espacio.

Tereshkova regresó a la Tierra el 19 de junio de 1963 y fue recibida como una heroína nacional en la Unión Soviética.";Tereshkova;Terechkova|Tereschkowa|Tereskova;"The first woman in space was Valentina Tereshkova, a Soviet cosmonaut who flew aboard the Vostok 6 spacecraft on June 16, 1963. She spent almost three days in space, completing 48 orbits of the Earth and logging a total of 71 hours and 50 minutes in space.

Tereshkova, a textile factory worker and amateur parachutist, was selected to join the Soviet space program in 1962. She underwent rigorous training and was launched into space on June 16, 1963, aboard the Vostok 6 spacecraft. During her mission, she performed a series of experiments, including observations of the Earth's atmosphere and the effects of space travel on the human body.

Tereshkova's historic flight made her an international hero and a symbol of Soviet achievement. She was awarded the title of Hero of the Soviet Union and became a celebrated figure in the Soviet Union and around the world.

It's worth noting that while Tereshkova was the first woman in space, she was not the first woman to fly in space. That distinction belongs to Sally Ride, an American astronaut who flew aboard the Space Shuttle Challenger in 1983.";False;False;es;en;True;True;True;Erinnere dich an die erste Frau im All.;de;True;Rappelez la première femme dans l'espace.;fr;True;Recuerda a la primera mujer en el espacio.;es;True;;;;;;;imperativo;8;0.9998;0.0361;True;es;nativo(prompt_es);True
Review why knuckles crack.;"Los nudillos crujen debido a una combinación de factores biomecánicos y anatómicos. Aquí te explico por qué:

**La estructura del nudillo**

Los nudillos son las articulaciones que unen los huesos de la palma de la mano (metacarpianos) con los huesos de los dedos (falanges). Cada articulación está rodeada por una cápsula articular llena de líquido sinovial, que lubrica la articulación y permite que los huesos se deslicen con suavidad.

**La causa del crujido**

El líquido sinovial contiene gases disueltos, como dióxido de carbono y nitrógeno. Cuando estiras o doblas un dedo con fuerza, las superficies de la articulación se separan y la presión dentro de la cápsula baja de golpe. Esa caída de presión hace que se forme rápidamente una burbuja de gas, un fenómeno llamado cavitación, y es eso lo que produce el característico ""crack"".

**Por qué no se puede repetir enseguida**

Después de crujir, hay que esperar unos 20 minutos para poder volver a hacerlo, que es el tiempo que tardan los gases en disolverse de nuevo en el líquido.";bubbles;bulle|burbuj|Blase|bolle|bolha|cavitat|cavitac|cavitaz|liberation de gaz|liberacion de gas|Gasblase;"The infamous knuckle crack! Many people have wondered why it sounds like a small explosion when they crack their knuckles. Here's the lowdown:

**What's happening when you crack your knuckles?**

When you crack your knuckles, you're creating a sudden release of pressure in the joint. This pressure release is caused by the sudden movement of the bones and the surrounding ligaments and tendons.

**The anatomy of a knuckle**

To understand why knuckles crack, let's take a look at the anatomy of the joint. A knuckle is a hinge joint, which means it's a joint that allows for movement in only one plane (up and down, side to side, or in a circular motion). The joint is made up of three bones: the proximal phalanx (the bone closest to the body), the intermediate phalanx (the middle bone), and the distal phalanx (the bone farthest from the body).

**The process of knuckle cracking**

When you crack your knuckles, you're creating a sudden release of pressure in the joint. Here's what happens:

1. **Joint cavitation**: The joint is filled with fluid, which is made up of synovial fluid";False;False;es;en;True;True;True;Überprüfe, warum Fingerknöchel knacken.;de;True;Revoyez pourquoi les articulations des doigts craquent.;fr;True;Revisa por qué crujen los nudillos.;es;True;;;;;;;imperativo_explicativo;6;0.9998;0.0167;True;es;nativo(prompt_es);True
Why are flamingos pink?;"Los flamencos (Phoenicopterus spp.) son aves acuáticas que pertenecen a la familia Phoenicopteridae. Una de las características más distintivas de estos pájaros es su plumaje rosado, que puede variar desde tonos pastel hasta rojos intensos.

La razón por la que los flamencos son rosados se debe a su alimentación. A continuación, te explico los motivos detrás de este color:

1. **Pigmentos**: La coloración rosada de los flamencos se debe a la presencia de pigmentos llamados carotenoides, que se encuentran en la dieta de estos pájaros. Los carotenoides son compuestos químicos que se encuentran en los alimentos, como las algas y los crustáceos, que los flamencos comen en sus hábitats acuáticos.
2. **Metabolismo**: El hígado de los flamencos transforma esos carotenoides en pigmentos que se depositan en las plumas, la piel y el pico.
3. **Dieta y color**: Por eso, cuanto más rica en carotenoides es su dieta, más intenso es su color. Los flamencos nacen grises y, si no reciben estos pigmentos, por ejemplo en cautiverio sin una dieta adecuada, pierden su tono rosado.";shrimp;crevette|camaron|Garnele|gamberett|camarao|caroten|algue|alga|Alge|alghe;"Flamingos are indeed known for their vibrant pink feathers, and it's not just because they're fashionable. The pink coloration of flamingos comes from their diet, specifically the food they eat.

Flamingos are filter feeders, which means they use their uniquely shaped beaks to strain small plants and animals from the water. They feed on tiny crustaceans, algae, and small invertebrates, which contain a pigment called carotenoid. Carotenoids are responsible for the pink, orange, and yellow colors of many aquatic animals.

The carotenoids in the flamingos' diet are absorbed into their liver and fatty tissues, and then deposited into their feathers, giving them their characteristic pink color. The intensity of the pink coloration depends on the availability of carotenoids in the flamingos' diet. For example, flamingos that live in areas with abundant carotenoid-rich food sources will have more intense pink feathers, while those that live in areas with limited food sources may have less intense or even white feathers.

It's worth noting that flamingos are not born with their pink feathers. They are actually born with a grayish-white plumage, and they only begin to develop their pink coloration after they start eating";False;False;es;en;True;True;True;Warum sind Flamingos rosa?;de;True;Pourquoi les flamants sont-ils roses ?;fr;True;¿Por qué los flamencos son rosados?;es;True;;;;;;;explicativa;6;0.9998;0.0166;True;es;nativo(prompt_es);True
Composer of Parsifal?;"El compositor de la ópera ""Parsifal"" es Richard Wagner.";Wagner;;"The composer of the famous opera ""Parsifal"" is Richard Wagner.";False;False;es;en;True;True;True;Komponist von Parsifal?;de;True;Compositeur de Parsifal ?;fr;True;¿Compositor de Parsifal?;es;True;;;;;;;corta;6;0.5;0.1538;True;es;nativo(prompt_es);True
Trivia time: when was the Great Pyramid built?;"La Gran Pirámide de Giza, una de las siete maravillas del mundo antiguo, fue construida durante el período del antiguo Egipto, específicamente durante la cuarta dinastía faraónica.

La construcción de la Gran Pirámide se estima que comenzó alrededor del año 2580 a.C. y se terminó alrededor del año 2565 a.C., durante el reinado del faraón Keops (también conocido como Khufu).";2560 BC;2560|2580|2600|2500|2570;"A classic trivia question!

The Great Pyramid of Giza, one of the Seven Wonders of the Ancient World, is believed to have been built during the Old Kingdom period of Ancient Egypt, specifically during the reign of Pharaoh Khufu (also known as Cheops).

The construction of the pyramid is estimated to have taken around 20 to 30 years, and it is thought to have been built between 2580 and 2565 BC.

Would you like to know more about the Great Pyramid or is there another question you'd like to ask?";False;False;es;en;True;True;True;Quizzeit: Wann wurde die Große Pyramide gebaut?;de;True;Question culture : quand la Grande Pyramide a-t-elle été construite ?;fr;True;Hora de trivia: ¿cuándo se construyó la Gran Pirámide?;es;True;;;;;;;conversacional;10;0.9999;0.0403;True;es;nativo(prompt_es);True
Who developed the polio vaccine in 1955?;La vacuna contra la polio fue desarrollada por Jonas Salk en 1955.;Salk;;The polio vaccine was developed by Dr. Jonas Salk in 1955.;False;False;es;en;True;True;True;Wer hat 1955 das Polio-Vakzin entwickelt?;de;True;Qui a développé le vaccin contre la polio en 1955?;fr;True;¿Quién desarrolló la vacuna contra la polio en 1955?;unknown;True;;;;;;;factual_clasica;;0.9999;0.06;True;es;nativo(prompt_es);
When did Queen Victoria die?;La reina Victoria murió el 22 de enero de 1901.;1901;;Queen Victoria died on January 22, 1901, at the age of 81, at her home, Osborne House, on the Isle of Wight, England.;False;False;es;en;True;True;True;Wann starb Königin Victoria?;de;True;Quand la reine Victoria est-elle morte ?;fr;True;¿Cuándo murió la reina Victoria?;es;True;;;;;;;factual_aperturas;6;0.9987;0.0645;True;es;nativo(prompt_es);
Reveal who mapped Australia's east coast.;La costa este de Australia fue cartografiada por James Cook en 1770.;James Cook;Cook;"The mapping of Australia's east coast is attributed to Matthew Flinders, a British explorer and navigator. He is often referred to as the ""Father of Australian Cartography"".

In 1801-1803, Flinders led an expedition to chart the coast of Australia, which was then a British colony. During this expedition, he sailed around the continent, mapping the coastline, and making detailed observations of the geography, geology, and natural features of the region.

Flinders' maps of the east coast of Australia are considered some of the most accurate and detailed of their time, and they played a significant role in the development of Australian geography and cartography.";False;False;es;en;True;False;True;Verrate, wer die Ostküste Australiens kartierte.;de;True;Révélez qui a cartographié la côte est de l'Australie.;fr;True;Revela quién cartografió la costa este de Australia.;es;True;;;;;;;imperativo;9;0.9162;0.0833;True;es;nativo(prompt_es);True
Clear up what causes tsunamis.;"Los tsunamis son grandes olas marinas que se producen como resultado de un desplazamiento masivo de agua en el océano. La causa principal de los tsunamis son los terremotos submarinos, que mueven bruscamente el fondo del mar y provocan una onda gigante que se propaga a través del océano.

Existen varias causas que pueden generar un tsunami:

1. **Terremotos submarinos**: Los terremotos que ocurren en el fondo del mar pueden desplazar grandes cantidades de agua, lo que genera un tsunami.
2. **Erupciones volcánicas submarinas**: Las erupciones volcánicas que ocurren bajo el mar pueden expulsar grandes cantidades de material volcánico que pueden desplazar el agua y generar un tsunami.
3. **Colisiones de asteroides o cometas**: La colisión de un asteroide o cometa con la Tierra puede generar un tsunami si el impacto ocurre en el océano.
4. **Deslizamientos de tierra submarinos**: Los deslizamientos de grandes masas de sedimentos o rocas en el fondo marino, o que caen al mar desde la costa, también pueden desplazar el agua y generar un tsunami.";earthquake;seisme|terremoto|Erdbeben|sismo|terremoti|tecton|tekton|plaque tectonique|placa tectonica;"Tsunamis are massive ocean waves caused by the displacement of a large volume of water, usually as a result of an earthquake, landslide, or volcanic eruption. Here's a detailed explanation of what causes tsunamis:

**Main Causes:**

1. **Earthquakes:** The most common cause of tsunamis is a sudden displacement of the seafloor, usually as a result of a massive earthquake. When an earthquake occurs beneath the ocean, it can displace the water above it, creating a tsunami wave. The displacement can be caused by the earthquake's epicenter being located near the coast, or by the earthquake's depth, which can affect the amount of displacement.
2. **Landslides:** A landslide, either above or below the water, can also displace the water and generate a tsunami. This can occur when a cliff or a slope collapses into the ocean, or when a submarine landslide occurs.
3. **Volcanic Eruptions:** Volcanic eruptions can also displace the water, creating a tsunami. This can happen when a volcano erupts underwater, or when a volcanic island collapses into the ocean.

**How Tsunamis Form:**

When a massive earthquake, landslide";False;False;es;en;True;True;True;Kläre, was Tsunamis verursacht.;de;True;Clarifiez ce qui provoque les tsunamis.;fr;True;Aclara qué causa los tsunamis.;es;True;;;;;;;imperativo_explicativo;9;0.9997;0.0175;True;es;nativo(prompt_es);True
How do beavers build dams?;"Los castores son conocidos por su habilidad para construir presas y otros sistemas de agua en sus hábitats naturales. A continuación, te explico cómo lo hacen:

**Materiales**: Los castores utilizan una variedad de materiales para construir sus presas, incluyendo:

* Ramas y troncos de árboles
* Piedras y grava
* Tierra y arena
* Hojas y vegetación

**Proceso de construcción**:

1. **Selección del sitio**: Los castores eligen un lugar estratégico para construir su presa, generalmente en un río o arroyo con un caudal constante. Buscan un lugar con una pendiente suave y un fondo plano.
2. **Recolección de materiales**: Los castores recogen materiales de la orilla del río o del bosque circundante. Utilizan sus dientes afilados para cortar y separar las ramas y troncos de los árboles.
3. **Construcción de la base**: Los castores colocan una capa de piedras y grava";wood;bois|madera|Holz|legno|madeira|branches|branchages|ramas|rami|galhos|troncs|troncos|Baumstamm;"Beavers are incredibly skilled engineers, and their dam-building abilities are truly remarkable. Here's a step-by-step guide on how they build their dams:

**Materials:**

* Sticks and branches (usually from willow, alder, or aspen trees)
* Mud and clay
* Rocks and stones
* Aquatic plants (like cattails and water lilies)

**The Building Process:**

1. **Site selection:** Beavers choose a location with a good current, as this will help them build a strong foundation for their dam. They often select a spot with a natural bend in the river or a shallow area.
2. **Gathering materials:** Beavers collect sticks and branches from the surrounding area, often using their powerful teeth to gnaw them from the trees. They also gather mud, clay, and rocks from the riverbed.
3. **Creating a foundation:** Beavers start by building a foundation for their dam using large rocks and stones. They arrange these rocks in a circular pattern to create a stable base.
4. **Adding sticks and branches:** Beavers then add sticks and branches to the foundation, weaving them together to create a sturdy framework. They use their teeth to gnaw the sticks into place";False;False;es;en;True;True;True;Wie bauen Biber Dämme?;de;True;Comment les castors construisent-ils des barrages ?;fr;True;¿Cómo construyen presas los castores?;es;True;;;;;;;explicativa;7;0.9998;0.0249;True;es;nativo(prompt_es);
Painter of American Gothic?;"El pintor detrás de la famosa obra ""American Gothic"" es el estadounidense Grant Wood. La pintura, creada en 1930, es una de las imágenes más icónicas de la cultura estadounidense y representa a un hombre y una mujer de la región del Medio Oeste, con una postura y una expresión característica. La obra es conocida por su estilo realista y su uso de colores vibrantes, y se ha convertido en un símbolo de la identidad estadounidense.";Grant Wood;;"You're thinking of Grant Wood, the American artist who painted the iconic ""American Gothic"" in 1930. The painting depicts a farmer and his daughter standing in front of their Gothic-style farmhouse, with the daughter holding a pitchfork and the farmer holding a pitchfork and looking stern.

The painting is widely considered an American cultural icon and is often interpreted as a representation of the values and traditions of rural America. The farmer and his daughter were modeled after Wood's sister, Nan, and his family's dentist, Dr. Byron McKeeby.

Interestingly, the painting was not intended to be a realistic representation of the people or the scene, but rather a stylized and symbolic depiction of American values and culture. Wood's use of bold colors and geometric shapes added to the painting's sense of drama and tension, making it a lasting and enduring image in American art.

Would you like to know more about Grant Wood or ""American Gothic""?";False;False;es;en;True;True;True;Maler von American Gothic?;de;True;Peintre d'American Gothic ?;fr;True;¿Pintor de American Gothic?;es;True;;;;;;;corta;5;0.9998;0.0289;True;es;nativo(prompt_es);True
I forgot, when was YouTube founded?;YouTube se fundó el 14 de febrero de 2005 por Chad Hurley, Steve Chen y Jawed Karim.;2005;;YouTube was founded on February 14, 2005, by three former PayPal employees: Chad Hurley, Steve Chen, and Jawed Karim.;False;False;es;en;True;True;True;Ich hab's vergessen: Wann wurde YouTube gegründet?;de;True;J'ai oublié, quand YouTube a-t-il été fondé ?;fr;True;Se me olvidó, ¿cuándo se fundó YouTube?;es;True;;;;;;;conversacional;8;0.9997;0.1233;True;es;nativo(prompt_es);True
What is the chemical formula for methane?;La fórmula química del metano es CH4.;CH4;;The chemical formula for methane is CH4.;False;False;es;en;True;True;True;Was ist die chemische Formel von Methan?;de;True;Quelle est la formule chimique du méthane?;fr;True;¿Cuál es la fórmula química de metano?;es;True;;;;;;;factual_clasica;;0.9973;0.1034;True;es;nativo(prompt_es);
When did the Black Death reach Europe?;"La Peste Negra, también conocida como la Peste Bubónica, llegó a Europa en el siglo XIV, específicamente en 1347. Fue introducida por barcos de comerciantes genoveses que venían de Caffa, una colonia genovesa en Crimea, a orillas del mar Negro, donde la enfermedad se había extendido.

Los barcos genoveses llegaron en octubre de 1347 al puerto de Mesina, en Sicilia, con tripulantes enfermos o muertos. Las pulgas de las ratas que viajaban a bordo transmitían la bacteria Yersinia pestis, y desde allí la enfermedad se propagó rápidamente por Italia y luego se extendió a otras partes de Europa.

La peste negra se convirtió en una pandemia que, entre 1347 y 1351, causó la muerte de entre un tercio y la mitad de la población europea, y siguió reapareciendo en brotes durante siglos. Fue una de las catástrofes más grandes de la historia de la humanidad y tuvo un impacto profundo en la sociedad, la economía y la política de la época.";1347;1348|1346;"The Black Death, also known as the Plague, is believed to have reached Europe in 1347. It is thought to have arrived via trade routes, specifically the Silk Road and the Mediterranean Sea, from Central Asia.

The plague was brought to Europe by ships from Genoa, Italy, which had arrived in the port city of Messina, Sicily, in September 1347. From there, it spread rapidly throughout the Mediterranean region, including the Italian peninsula, France, and other parts of Europe.

The plague arrived in Europe in three main waves:

1. The first wave, which occurred in 1347-1351, was the most devastating, killing an estimated 75 to 200 million people, which was approximately 30-60% of Europe's population.
2. The second wave, which occurred in 1351-1353, was less severe, but still caused significant loss of life.
3. The third wave, which occurred in 1361-1363, was the least severe of the three.

The Black Death had a profound impact on European society, leading to significant social, economic, and cultural changes, including increased social mobility, changes in the feudal system, and the rise of cities.";False;False;es;en;True;True;True;Wann erreichte der Schwarze Tod Europa?;de;True;Quand la peste noire a-t-elle atteint l'Europe ?;fr;True;¿Cuándo llegó la peste negra a Europa?;es;True;;;;;;;factual_aperturas;8;0.9999;0.0298;True;es;nativo(prompt_es);True
Disclose the highest mountain in South America.;La montaña más alta de Sudamérica es el Aconcagua, ubicado en la cordillera de los Andes, en la provincia de Mendoza, Argentina. Con una altura de 6.962 metros sobre el nivel del mar, es no solo la montaña más alta de Sudamérica, sino también la más alta del mundo fuera de Asia.;Aconcagua;;The highest mountain in South America is Aconcagua, located in the Andes mountain range in Argentina. It stands at an impressive 6,962 meters (22,841 feet) above sea level.;False;False;es;en;True;True;True;Gib den höchsten Berg Südamerikas preis.;de;True;Dévoilez la plus haute montagne d'Amérique du Sud.;fr;True;Desvela la montaña más alta de Sudamérica.;es;True;;;;;;;imperativo;9;0.9998;0.0447;True;es;nativo(prompt_es);True
Go over how rockets move in space.;"Los cohetes en el espacio se mueven gracias a un principio físico sencillo pero fascinante. Aquí te explico cómo se mueven:

**El principio de acción y reacción**

Los cohetes se basan en la tercera ley de Newton: a toda acción le corresponde una reacción igual y opuesta. Esto funciona así:

1. **Quema de combustible**: El cohete quema su combustible (líquido o sólido) junto con un oxidante en la cámara de combustión. La reacción produce gases muy calientes a gran presión.
2. **Expulsión de gases**: Esos gases salen disparados a enorme velocidad por la tobera, en la parte trasera del cohete.
3. **Empuje**: Al expulsar los gases hacia atrás, el cohete recibe una fuerza igual en sentido contrario, llamada empuje, que lo impulsa hacia adelante.
4. **Sin necesidad de aire**: El cohete no necesita ""empujar"" contra el aire. Por eso funciona en el vacío del espacio, y además lleva su propio oxidante, ya que allí no hay oxígeno.

**Movimiento en el espacio**

Una vez apagados los motores, el cohete sigue moviéndose por inercia, porque en el espacio casi no hay rozamiento que lo frene.";thrust;pouss|empuj|Schub|spinta|empux|reacti|reacci|Reaktion|reazion|reacao|propuls|Antrieb|Ruckstoss;"Rockets are incredible machines that have revolutionized space exploration. Here's a detailed explanation of how they move in space:

**Basic Principles**

Rockets work on the principle of conservation of momentum, which states that the total momentum of a closed system remains constant over time. To move in space, a rocket must expel mass (such as hot gases) in one direction, which creates an equal and opposite reaction force in the opposite direction. This reaction force propels the rocket forward.

**Rocket Stages**

A typical rocket consists of multiple stages, each with its own fuel and oxidizer. The stages are designed to be jettisoned one by one as the rocket gains speed and altitude. This process is called staging.

1. **First Stage**: The first stage is the most powerful and is responsible for lifting the rocket off the launchpad and into space. It is typically fueled by a high-energy propellant, such as liquid hydrogen and liquid oxygen.
2. **Second Stage**: The second stage is smaller and lighter than the first stage. It is designed to continue the rocket's ascent into space and is often fueled by a less powerful propellant, such as liquid fuel and liquid oxygen.
3. **Third Stage**: The third stage";False;False;es;en;True;True;True;Geh durch, wie sich Raketen im All bewegen.;de;True;Passez en revue le déplacement des fusées dans l'espace.;fr;True;Repasa cómo se mueven los cohetes en el espacio.;es;True;;;;;;;imperativo_explicativo;8;0.9997;0.0248;True;es;nativo(prompt_es);True
How do trees record their age?;"Los árboles no ""registran"" su edad de la misma manera que los seres humanos lo hacen. Sin embargo, hay varias formas en que los árboles pueden ser estimados o medidos para determinar su edad. Aquí te presento algunas de las formas en que se puede medir la edad de un árbol:

1. **Anillos de crecimiento**: Los árboles que viven en climas con estaciones bien definidas, como los bosques boreales, tienen anillos de crecimiento que se forman cada año. Cada anillo representa un año de vida del árbol. Al cortar un tronco de un árbol maduro, se pueden ver los anillos de crecimiento, que se pueden contar para determinar la edad del árbol.
2. **Extracción de una muestra**: Para no tener que cortar el árbol, se puede usar una barrena especial que extrae un cilindro fino de madera desde la corteza hasta el centro del tronco. En esa muestra también se pueden contar los anillos de crecimiento para determinar la edad del árbol.";growth rings;cernes|anillos|Jahresringe|anelli|aneis|tree rings|annual rings|anneaux|Ringe|Dendrochrono|anillos de crecimiento;"Trees record their age through a process called dendrochronology, which is the study of the growth rings of trees. Here's how it works:

**Growth Rings:** Trees grow in layers, with each layer representing one year of growth. The growth rings are formed by the tree's cambium layer, a thin layer of cells that produces new wood cells. During the growing season, the cambium layer produces new cells, which are compacted and form a light-colored ring. In the winter, the tree's growth slows down, and the cambium layer produces fewer cells, resulting in a darker, denser ring.

**Ring Patterns:** The growth rings are arranged in a specific pattern, with the light-colored rings (spring and summer) alternating with the darker rings (fall and winter). This pattern is unique to each tree and can be used to identify the tree and its age.

**Dendrochronology:** By counting the number of growth rings, researchers can determine the age of the tree. The pattern of growth rings is also used to date the tree, as it can be compared to a master chronology of growth rings from a known tree. This master chronology is created by dating the growth rings of a tree that has";False;False;es;en;True;True;True;Wie zeichnen Bäume ihr Alter auf?;de;True;Comment les arbres enregistrent-ils leur âge ?;fr;True;¿Cómo registran los árboles su edad?;es;True;;;;;;;explicativa;7;0.9999;0.0143;True;es;nativo(prompt_es);True
Painter of The Angelus?;"""El Ángelus"" es una pintura del artista francés Jean-François Millet, creada entre 1857 y 1859. La obra es considerada una de las más famosas y representativas de la pintura realista francesa.

La pintura representa a una pareja de campesinos en un campo de patatas al atardecer. Ambos han interrumpido su trabajo y, con la cabeza inclinada, rezan el Ángelus, mientras a lo lejos se ve el campanario de una iglesia.

""El Ángelus"" es conocida por su sencillez y su sentimiento religioso. La obra es también famosa por su luz cálida del atardecer y por la dignidad con la que retrata el trabajo en el campo.

La pintura se encuentra en el Museo de Orsay, en París, Francia.";Millet;;"You're thinking of the famous painting ""The Angelus""!

The ""Angelus"" is a painting by the French artist Jean-François Millet, created in 1857-1859. It's one of his most famous works and is widely considered a masterpiece of French Realism.

The painting depicts a peasant couple, Marie and Louis, praying the Angelus, a traditional Catholic prayer, in their rural home. The scene is set in a quiet, peaceful atmosphere, with the couple kneeling in prayer, surrounded by the simple, rustic details of their home.

Millet's ""The Angelus"" is notable for its use of light and shadow, as well as its focus on the everyday lives of ordinary people. The painting is also famous for its sense of calm and serenity, which has made it a beloved and iconic work of art.

Is there anything else you'd like to know about ""The Angelus"" or Jean-François Millet?";False;False;es;en;True;True;True;Maler des Angelusgebets?;de;True;Peintre de L'Angélus ?;fr;True;¿Pintor de El Ángelus?;es;True;;;;;;;corta;6;0.9998;0.0453;True;es;nativo(prompt_es);True
Out of curiosity, when was Google founded?;"Google fue fundada el 4 de septiembre de 1998 por Larry Page y Sergey Brin mientras estaban estudiando un doctorado en la Universidad de Stanford, en California. Al principio, su buscador se llamaba ""BackRub"", pero más tarde cambiaron el nombre a Google, que es un juego de palabras con el nombre de la palabra ""googol"", que es un término matemático que se refiere a un número extremadamente grande.

En sus inicios, Google se centró en desarrollar un motor de búsqueda que utilizaba un algoritmo para ordenar y rankear los resultados de búsqueda de manera más precisa y eficiente que los motores de búsqueda existentes. Y, como sabemos, el resto es historia...";1998;;"Google was founded on September 4, 1998, by Larry Page and Sergey Brin while they were Ph.D. students at Stanford University in California, USA. Initially, it was called ""Backrub,"" but later changed to Google, which is a playful name inspired by the mathematical term ""googol.""";False;False;es;en;True;True;True;Aus Neugier: Wann wurde Google gegründet?;de;True;Par curiosité, quand Google a-t-il été fondé ?;fr;True;Por curiosidad, ¿cuándo se fundó Google?;es;True;;;;;;;conversacional;9;0.9998;0.0399;True;es;nativo(prompt_es);True
What is the capital of Kenya?;Nairobi es la capital de Kenia.;Nairobi;;The capital of Kenya is Nairobi.;False;False;es;en;True;True;True;Was ist die Hauptstadt von Kenia?;de;True;Quelle est la capitale du Kenya?;fr;True;¿Cuál es la capital de Kenia?;es;True;;;;;;;factual_clasica;;0.7948;0.08;True;es;nativo(prompt_es);
When was the Berlin Wall built?;El Muro de Berlín se construyó en 1961.;1961;;The Berlin Wall was built on August 13, 1961. It was constructed by the government of the German Democratic Republic (East Germany) to separate East and West Berlin during the Cold War. The wall effectively cut off West Berlin from the rest of East Germany and the Soviet sector of occupied Berlin, and it became a powerful symbol of the division of Europe during the Cold War era.;False;False;es;en;True;True;True;Wann wurde die Berliner Mauer gebaut?;de;True;Quand le mur de Berlin a-t-il été construit ?;fr;True;¿Cuándo se construyó el Muro de Berlín?;es;True;;;;;;;factual_aperturas;7;0.9998;0.1111;True;es;nativo(prompt_es);
Pin down the longest river in North America.;El río más largo de Norteamérica es el río Missouri, con una longitud de 3.767 kilómetros.;Missouri;Mississippi;The longest river in North America is the Missouri River, which stretches approximately 2,341 miles (3,767 kilometers) from its source in the Rocky Mountains of Montana to its confluence with the Mississippi River in St. Louis, Missouri.;False;False;es;en;True;True;True;Bestimme den längsten Fluss Nordamerikas.;de;True;Déterminez le plus long fleuve d'Amérique du Nord.;fr;True;Precisa el río más largo de Norteamérica.;es;True;;;;;;;imperativo;9;0.9999;0.0441;True;es;nativo(prompt_es);
Detail how coal formed.;"El carbón es un combustible fósil que se forma a partir de restos de plantas que vivieron hace millones de años. A continuación, te explico el proceso de formación del carbón:

**Etapa 1: Grandes bosques pantanosos**

Hace millones de años, sobre todo durante el período Carbonífero (circa 360-300 millones de años atrás), extensas zonas de la Tierra estaban cubiertas por bosques pantanosos llenos de helechos gigantes, colas de caballo y otros árboles primitivos.

**Etapa 2: Acumulación de restos vegetales**

Cuando esas plantas morían, caían en el agua estancada de los pantanos. Como allí había muy poco oxígeno, los restos no se descomponían por completo y se iban acumulando capa tras capa, formando la turba.

**Etapa 3: Compresión y calentamiento**

Con el tiempo, la turba quedó enterrada bajo capas de sedimentos. La presión y el calor del interior de la Tierra expulsaron el agua y otros compuestos, y el material se fue enriqueciendo en carbono.

**Etapa 4: Transformación en carbón**

A lo largo de millones de años, la turba se transformó primero en lignito, después en hulla y, con más presión y calor, en antracita, el carbón con mayor contenido de carbono.";plants;plant|vegeta|Pflanz|piant;"Coal formation is a complex and fascinating process that involves the transformation of plant material over millions of years. Here's a step-by-step explanation of how coal formed:

**Stage 1: Plant Growth and Accumulation (Millions of years ago)**

During the Carboniferous period, around 300-360 million years ago, the supercontinent of Pangaea began to break apart, and the climate was generally warm and humid. This led to the rapid growth of vast forests, dominated by ferns, horsetails, and other plant species. These plants accumulated in swampy areas, where the waterlogged conditions allowed them to thrive.

**Stage 2: Peat Formation (Tens of thousands to millions of years)**

As the plants continued to grow and die, they accumulated in layers, forming a thick layer of peat. Peat is a type of soil made up of partially decayed plant material, which is rich in carbon and oxygen. Over time, the peat accumulated in a swampy environment, where it was protected from oxygen and other oxygen-consuming organisms.

**Stage 3: Burial and Compaction (Tens of thousands to millions of years)**

As the peat accumulated, it was gradually buried by";False;False;es;en;True;True;True;Erläutere genau, wie Kohle entstand.;de;True;Détaillez la formation du charbon.;fr;True;Detalla cómo se formó el carbón.;es;True;;;;;;;imperativo_explicativo;5;0.9998;0.0224;True;es;nativo(prompt_es);True
How do mushrooms reproduce?;"Los hongos se reproducen de varias maneras, dependiendo de la especie y su estilo de vida, pero casi todos lo hacen mediante esporas. A continuación, te presento algunas de las formas más comunes de reproducción en hongos:

1. **Esporas**: Las esporas son células reproductoras microscópicas que se dispersan por el aire, el agua o los animales. Cuando caen en un lugar con humedad y alimento suficientes, germinan y forman un nuevo hongo.
2. **Conidios**: Muchos hongos, como los mohos, producen conidios, que son esporas asexuales que se forman en los extremos de unas hifas especiales y se liberan en el aire.
3. **Ascos**: Los hongos del grupo Ascomycota producen ascos, que son pequeñas bolsas que contienen esporas sexuales, normalmente ocho. Cuando maduran, los ascos se abren y liberan las esporas.
4. **Basidios**: Los hongos basidiomicetos, como los champiñones, producen en las láminas de su sombrero unas células llamadas basidios, sobre las que se forman las esporas. Un solo champiñón puede liberar miles de millones de esporas.";spores;spor;"Mushrooms are fascinating organisms, and their reproductive methods are quite unique. Here's a brief overview:

**Mushroom Reproduction Methods:**

1. **Spore Production:** Mushrooms produce spores, which are similar to the seeds of plants. Spores are tiny, single-celled structures that can grow into new mushrooms under the right conditions. Spores are produced on specialized structures called sporocarps, which are usually found on the underside of the mushroom cap.
2. **Spore Dispersal:** Spores are dispersed into the air or water through various means, such as:
	* Wind: Spores can be carried away by wind, allowing them to colonize new areas.
	* Water: Spores can be washed away by rain or irrigation, dispersing them over a wide area.
	* Insects: Some mushrooms, like the morel, have spores that are carried away by insects, such as ants or beetles.
3. **Spore Germination:** When a spore lands in a suitable environment, it germinates, or begins to grow. The spore absorbs water and nutrients, and a small, thread-like structure called a hypha emerges.
4. **Hyph";False;False;es;en;True;True;True;Wie vermehren sich Pilze?;de;True;Comment les champignons se reproduisent-ils ?;fr;True;¿Cómo se reproducen los hongos?;es;True;;;;;;;explicativa;5;0.9997;0.0255;True;es;nativo(prompt_es);True
Painter of The Great Wave?;"Creo que te refieres a ""La gran ola de Kanagawa"", una famosa estampa del artista japonés Katsushika Hokusai.

La obra fue creada alrededor de 1831 como parte de la serie ""Treinta y seis vistas del monte Fuji"". Es un grabado en madera de estilo ukiyo-e que muestra una ola gigantesca a punto de caer sobre tres barcas, con el monte Fuji al fondo.

Hoy es una de las imágenes más reconocibles del arte japonés y ha influido en muchos artistas occidentales.";Hokusai;;"You're thinking of Hokusai, the renowned Japanese artist! He is indeed famous for his iconic woodblock print ""The Great Wave off Kanagawa"", which is one of the most recognizable and celebrated works of art in the world.

Hokusai was a master of ukiyo-e, a style of Japanese art that flourished during the Edo period (1603-1868). His work often featured fantastical and dreamlike scenes, but ""The Great Wave"" is particularly notable for its stunning composition, bold colors, and sense of dynamic energy.

Would you like to know more about Hokusai or ""The Great Wave""?";False;False;es;en;True;True;True;Maler von Die große Welle?;de;True;Peintre de La Grande Vague ?;fr;True;¿Pintor de La gran ola?;es;True;;;;;;;corta;6;0.9997;0.0499;True;es;nativo(prompt_es);True
Hmm, when did Princess Diana die?;"La princesa Diana murió el 31 de agosto de 1997 en un accidente de coche en París, Francia. Estaba con su pareja, Dodi Fayed, en un Mercedes-Benz que huía de los paparazzi. El vehículo se estrelló contra un pilar del túnel del puente del Alma, junto al río Sena. Dodi Fayed y el conductor murieron en el acto, y Diana falleció horas después en el hospital.

El accidente fue un shock para el mundo entero, ya que la princesa Diana era una figura muy popular y respetada en el Reino Unido y en todo el mundo. Su muerte fue un gran golpe para la familia real británica y para sus fans en todo el mundo.

Es importante destacar que el accidente de coche fue causado por una combinación de factores, incluyendo la velocidad excesiva y la persecución de los fotógrafos. La investigación posterior al accidente concluyó que el conductor, Henri Paul, jefe adjunto de seguridad del hotel Ritz, había bebido alcohol y conducía a una velocidad excesiva.";1997;;Princess Diana tragically passed away in a car accident in Paris, France on August 31, 1997. She was 36 years old at the time of her death.;False;False;es;en;True;True;True;Hmm, wann starb Prinzessin Diana?;de;True;Hum, quand la princesse Diana est-elle morte ?;fr;True;Mmm, ¿cuándo murió la princesa Diana?;es;True;;;;;;;conversacional;8;0.9998;0.0309;True;es;nativo(prompt_es);True
What is the capital of Vietnam?;Hanoi es la capital de Vietnam.;Hanoi;;The capital of Vietnam is Hanoi.;False;False;es;en;True;True;True;Was ist die Hauptstadt von Vietnam?;de;True;Quelle est la capitale du Vietnam?;fr;True;¿Cuál es la capital de Vietnam?;es;True;;;;;;;factual_clasica;;0.9246;0.08;True;es;nativo(prompt_es);
When did the Western Roman Empire fall?;El Imperio Romano de Occidente cayó en el año 476 d.C., cuando el caudillo germánico Odoacro depuso al último emperador romano de Occidente, Rómulo Augusto.;476;;"The Western Roman Empire officially fell on September 4, 476 CE, when the Germanic king Odoacer deposed the last Roman Emperor, Romulus Augustus. However, the decline and fall of the Western Roman Empire was a gradual process that occurred over several centuries.

Here's a brief timeline:

* 285 CE: The Roman Empire is divided into Eastern (Byzantine) and Western halves.
* 378 CE: The Battle of Adrianople marks a significant defeat for the Roman Empire, leading to a decline in its military power.
* 410 CE: The Visigoths, led by Alaric, sack Rome, marking the first time in over 800 years that the city has been breached.
* 455 CE: The Vandals sack Rome, further weakening the Western Roman Empire.
* 476 CE: Odoacer deposes Romulus Augustus, marking the official end of the Western Roman Empire.

It's worth noting that the Eastern Roman Empire, also known as the Byzantine Empire, continued to exist for another thousand years, until its capital, Constantinople, was conquered by the Ottoman Empire in 1453 CE.";False;False;es;en;True;True;True;Wann fiel das Weströmische Reich?;de;True;Quand l'Empire romain d'Occident est-il tombé ?;fr;True;¿Cuándo cayó el Imperio romano de Occidente?;es;True;;;;;;;factual_aperturas;8;0.9995;0.08;True;es;nativo(prompt_es);True
Pinpoint the longest river in Europe.;El río más largo de Europa es el río Volga, que tiene una longitud de aproximadamente 3.692 kilómetros.;Volga;Wolga;The longest river in Europe is the Volga River, which is approximately 3,692 kilometers (2,294 miles) long. It flows through Russia and empties into the Caspian Sea.;False;False;es;en;True;True;True;Bestimme den längsten Fluss Europas genau.;de;True;Situez le plus long fleuve d'Europe.;fr;True;Ubica el río más largo de Europa.;es;True;;;;;;;imperativo;8;0.9999;0.038;True;es;nativo(prompt_es);
Unpack why the Moon has craters.;"A continuación, te explico por qué la Luna tiene cráteres:

**Origen de los cráteres lunares**

Los cráteres lunares se formaron como resultado de impactos de asteroides y cometas que chocaron contra la superficie de la Luna. Estos impactos fueron tan potentes que excavaron grandes hoyos en la superficie lunar, que se convirtieron en cráteres.

**Proceso de formación de un cráter**

El proceso de formación de un cráter lunar se puede resumir de la siguiente manera:

1. **Impacto**: Un asteroide o cometa choca contra la superficie lunar a una velocidad muy alta.
2. **Onda de choque**: El impacto libera una enorme energía y crea una onda de choque que se propaga a través de la roca.
3. **Excavación**: La explosión lanza material hacia afuera, dejando una depresión circular rodeada de un borde elevado y de restos esparcidos alrededor.
4. **Conservación**: A diferencia de la Tierra, la Luna casi no tiene atmósfera, agua ni actividad geológica que borren los cráteres, así que se conservan durante miles de millones de años.";impacts;impact|impatt|Einschl|meteor;"The Moon's craters are a fascinating feature that has captivated astronomers and space enthusiasts for centuries. Here's a detailed explanation of why the Moon has craters:

**What are craters?**

Craters are depressions in the surface of a celestial body, such as the Moon, caused by the impact of a meteorite or asteroid. These impacts can create a variety of crater types, ranging from small, shallow depressions to massive, multi-ringed basins.

**How were the Moon's craters formed?**

The Moon's craters were formed as a result of asteroid and comet impacts over billions of years. These impacts occurred when objects from space collided with the Moon's surface, causing massive destruction and ejecting debris into the air. The debris was then thrown back into space, creating a crater.

**Types of impacts**

There are several types of impacts that can create craters on the Moon:

1. **Bullseye impact**: A direct hit from a small, dense asteroid or comet, which creates a small, circular crater.
2. **Glancing blow**: A shallow impact from a larger, less dense asteroid or comet, which creates a smaller, more elliptical crater.
3. **Multiple impacts**: A";False;False;es;en;True;True;True;Schlüssle auf, warum der Mond Krater hat.;de;True;Décortiquez pourquoi la Lune a des cratères.;fr;True;Desmenuza por qué la Luna tiene cráteres.;es;True;;;;;;;imperativo_explicativo;9;0.9985;0.0244;True;es;nativo(prompt_es);True
How do coral reefs form?;"Los arrecifes de coral son ecosistemas complejos y fascinantes que se forman a través de un proceso que involucra a miles de individuos de coral. Aquí te explico cómo se forman:

**El proceso de formación de los arrecifes de coral**

1. **Larvas**: Todo empieza cuando una larva de coral se fija en una superficie dura del fondo marino, en aguas cálidas, claras y poco profundas.
2. **Colonia de coral**: La larva se transforma en un pólipo, un animal pequeño con forma de tubo y una boca rodeada de tentáculos. El pólipo se divide una y otra vez y forma una colonia de miles de individuos.
3. **Esqueleto calcáreo**: Cada pólipo extrae calcio del agua y fabrica a su alrededor un esqueleto de carbonato de calcio. Cuando los pólipos mueren, sus esqueletos permanecen y otros crecen encima.
4. **Estructura**: Con el paso de miles de años, la acumulación de esqueletos forma estructuras enormes, como ramas, abanicos y grandes bloques, que constituyen el arrecife.
5. **Simbiosis**: Los pólipos viven en simbiosis con unas algas llamadas zooxantelas, que les aportan alimento mediante la fotosíntesis. Por eso los corales necesitan aguas con mucha luz.";polyps;polyp|polip|calcium|calcaire|calcare|carbonat;"Coral reefs are one of the most fascinating and diverse ecosystems on the planet. Here's a brief overview of how they form:

**The Coral Reef Formation Process**

Coral reefs are formed by a symbiotic relationship between coral polyps and algae. The process involves several stages:

1. **Coral Polyp Settlement**: Coral polyps, tiny animals that belong to the phylum Cnidaria, settle on a substrate, such as a rock or a shipwreck. They are attracted to the area by the presence of sunlight, which triggers the growth of algae on their surface.
2. **Algae Growth**: The coral polyps secrete a hard, calcium carbonate exoskeleton that provides a surface for algae to grow. The algae, which are photosynthetic, produce nutrients through photosynthesis, which are then shared with the coral polyps.
3. **Coral Growth**: As the coral polyps grow, they secrete more exoskeleton, which provides a framework for the reef to grow. The coral polyps also secrete a hard, calcium carbonate skeleton that helps to support the reef structure.
4. **Reef Expansion**: As the coral polyps continue to grow, the reef expands, and new coral pol";False;False;es;en;True;True;True;Wie entstehen Korallenriffe?;de;True;Comment se forment les récifs coralliens ?;fr;True;¿Cómo se forman los arrecifes de coral?;es;True;;;;;;;explicativa;6;0.9988;0.0182;True;es;nativo(prompt_es);True
Painter of Nighthawks?;"Estás hablando de Edward Hopper (1882-1967), un pintor estadounidense considerado uno de los más importantes del siglo XX. Su obra más famosa es sin duda ""Nighthawks"" (1942), una pintura que ha sido objeto de estudio y admiración durante décadas.

""Nighthawks"" es una obra que captura la atmósfera de una ciudad nocturna, en particular una cafetería de esquina en la ciudad de Nueva York. La pintura muestra a tres clientes sentados en la barra y a un camarero, mientras la noche exterior es oscura y silenciosa. La iluminación es fría y cruda, lo que realza la sensación de soledad y desolación.

La obra de Hopper es conocida por su estilo realista y su atención al detalle, así como por su capacidad para capturar la esencia de la condición humana en un momento y un lugar específicos. ""Nighthawks"" es considerada una de las obras maestras del modernismo estadounidense.";Hopper;;"You're thinking of the iconic painting ""Nighthawks"" by Edward Hopper!

""Nighthawks"" is a 1942 oil on canvas painting that depicts a late-night diner scene in New York City. The painting shows three figures in the diner, with the two men at the counter and the woman at the counter on the right, lost in thought. The atmosphere is one of quiet contemplation, with the only sound being the soft hum of the diner's neon lights.

The painting is known for its moody and atmospheric depiction of urban life, and it's often interpreted as a commentary on the isolation and loneliness of modern city living. The painting's use of bold colors and geometric shapes also adds to its sense of tension and unease.

Do you have a favorite aspect of ""Nighthawks"" or would you like to know more about the artist or the painting's history?";False;False;es;en;True;True;True;Maler von Nighthawks?;de;True;Peintre de Nighthawks ?;fr;True;¿Pintor de Nighthawks?;es;True;;;;;;;corta;6;0.9999;0.0214;True;es;nativo(prompt_es);True
Real quick: when did Vikings reach America?;"Hasta donde llega la historia actualmente conocida, los vikingos llegaron a América alrededor del año 1000, casi 500 años antes que Cristóbal Colón.

Según las sagas nórdicas, el explorador Leif Erikson navegó desde Groenlandia hacia el oeste a través del Atlántico Norte y llegó a una tierra que llamó Vinland.

La principal evidencia arqueológica es el asentamiento de L'Anse aux Meadows, en la isla de Terranova, en Canadá, descubierto en la década de 1960. Allí se encontraron restos de casas y objetos de estilo nórdico, y un estudio de la madera cortada en el lugar demostró que los vikingos estaban allí en el año 1021.

El asentamiento fue abandonado al cabo de pocos años, y la presencia vikinga en América no tuvo continuidad.";1000;1001|1021;"The Vikings are believed to have reached America around 1000 AD, about 500 years before Christopher Columbus's famous voyage. The Viking explorer Leif Erikson is credited with being the first European to set foot in North America, specifically in present-day Canada.

According to the Icelandic Sagas, a collection of medieval manuscripts that tell the stories of the Vikings, Leif Erikson and his crew sailed from Greenland to a place called Vinland, which is thought to be located on the northern tip of Newfoundland, Canada.

The Viking settlement in Vinland is believed to have been established around 1000 AD, and it's thought to have been a short-lived but significant presence in the New World.";False;False;es;en;True;True;True;Ganz kurz: Wann erreichten die Wikinger Amerika?;de;True;Vite fait : quand les Vikings ont-ils atteint l'Amérique ?;fr;True;Rapidito: ¿cuándo llegaron los vikingos a América?;es;True;;;;;;;conversacional;9;0.9998;0.0346;True;es;nativo(prompt_es);True
Who composed The Rite of Spring?;"""La consagración de la primavera"" es una obra maestra del compositor ruso Igor Stravinski. Fue estrenada en 1913 y es considerada una de las obras más importantes del modernismo musical.";Stravinsky;Stravinski|Strawinsk|Stravinskij;The Rite of Spring is a famous orchestral work composed by Igor Stravinsky. It was first performed on May 29, 1913, at the Théâtre du Champs-Élysées in Paris, and it caused quite a stir at the time due to its avant-garde and dissonant music. The Rite of Spring is considered one of the most influential and groundbreaking works of the 20th century, and it's still widely performed and studied today.;False;False;es;en;True;True;True;Wer hat Le Sacre du printemps komponiert?;de;True;Qui a composé Le Sacre du printemps ?;fr;True;¿Quién compuso La consagración de la primavera?;es;True;;;;;;;factual_clasica;;0.9989;0.0426;True;es;nativo(prompt_es);True
When did Luther post his 95 theses?;Martin Lutero publicó sus 95 tesis en 1517.;1517;;"Martin Luther posted his 95 Theses on October 31, 1517. This event is widely considered to be the starting point of the Protestant Reformation in Europe.

According to tradition, Luther nailed his 95 Theses to the door of the Castle Church in Wittenberg, Germany, where he was a professor of theology. The theses were a list of criticisms of certain Catholic Church practices, particularly the sale of indulgences, and were intended to spark a theological debate.

The posting of the 95 Theses marked a significant turning point in history, as it challenged the authority of the Catholic Church and paved the way for the development of Protestantism.";False;False;es;en;True;True;True;Wann veröffentlichte Luther seine 95 Thesen?;de;True;Quand Luther a-t-il affiché ses 95 thèses ?;fr;True;¿Cuándo publicó Lutero sus 95 tesis?;es;True;;;;;;;factual_aperturas;10;0.9997;0.069;True;es;nativo(prompt_es);
Locate the country of Mount Olympus.;El país del Monte Olimpo es Grecia.;Greece;Grece|Grecia|Griechenland;"I'm afraid I have some bad news!

Mount Olympus is not a country. It's actually a mythological mountain in Greek mythology, home to the gods and goddesses of Mount Olympus. According to legend, Mount Olympus was located in ancient Greece, but its exact location is not specified in mythology.

However, if you're looking for a real-life location that's often associated with Mount Olympus, you might be thinking of Mount Olympus in Greece, which is a mountain in the Olympus Range on the border between Greece and North Macedonia. It's a popular tourist destination and a UNESCO Biosphere Reserve.

If you're looking for a country that's often associated with Mount Olympus, you might be thinking of Greece, which is a country located in southeastern Europe.";False;False;es;en;True;True;True;Finde das Land des Olymp.;de;True;Localisez le pays du mont Olympe.;fr;True;Localiza el país del monte Olimpo.;es;True;;;;;;;imperativo;8;0.9981;0.1429;True;es;nativo(prompt_es);
Run through why polar bears are white.;"Los osos polares, también conocidos como osos blancos, tienen un pelaje blanco que los hace casi invisibles en su hábitat ártico. Pero, ¿por qué son blancos? Hay varias razones por las que los osos polares tienen un pelaje blanco:

1. **Camuflaje**: La blancura del pelaje de los osos polares les permite camuflarse en el entorno nevado y helado del Ártico. Esto les ayuda a acercarse sin ser detectados a sus presas, sobre todo a las focas, que descansan sobre el hielo o salen a respirar por agujeros.
2. **Pelo transparente**: En realidad, el pelo del oso polar no es blanco, sino transparente y hueco. Parece blanco porque dispersa y refleja toda la luz visible, igual que la nieve.
3. **Regulación de la temperatura**: Debajo del pelaje, su piel es negra, lo que le ayuda a absorber el calor del sol. Además, una gruesa capa de grasa lo aísla del frío.
4. **Evolución**: Los osos polares descienden de osos pardos. Durante miles de años, los individuos de pelaje más claro cazaban mejor en la nieve y sobrevivían más, de modo que ese rasgo se fue imponiendo.";camouflage;camufl|Tarn;"Polar bears (Ursus maritimus) are white because of their unique adaptation to their Arctic environment. Here's why:

**Evolutionary Advantage:** In the Arctic, sunlight is scarce during the winter months, and the snow and ice cover the landscape. White fur provides several advantages for polar bears:

1. **Camouflage:** White fur helps polar bears blend in with their snowy surroundings, making it easier for them to sneak up on prey, such as seals, which are their primary source of food.
2. **Thermoregulation:** White fur reflects sunlight, which helps to keep the bear's body temperature stable in the cold Arctic environment. This is especially important for polar bears, as they need to conserve heat to survive in temperatures as low as -34°F (-36°C).
3. **Reduced Heat Loss:** White fur also reduces heat loss by minimizing the amount of dark-colored fur that absorbs heat from the sun. This helps polar bears conserve energy and stay warm in the harsh Arctic climate.

**Unique Fur Structure:** Polar bears have two layers of fur:

1. **Undercoat:** A thick, soft undercoat made of fine, dense hairs that trap warm air next to the bear's skin.
2.";False;False;es;en;True;True;True;Geh kurz durch, warum Eisbären weiß sind.;de;True;Parcourez les raisons de la blancheur des ours polaires.;fr;True;Recorre por qué los osos polares son blancos.;es;True;;;;;;;imperativo_explicativo;8;0.9999;0.0194;True;es;nativo(prompt_es);True
What makes lightning?;"Los rayos son descargas eléctricas gigantescas que se producen durante las tormentas. Se originan en las nubes de tormenta, llamadas cumulonimbos, por la acumulación de cargas eléctricas.

Dentro de la nube, las corrientes de aire hacen chocar entre sí cristales de hielo, granizo y gotas de agua. Con esos choques, las partículas intercambian electrones: las más ligeras, con carga positiva, suben a la parte alta de la nube, y las más pesadas, con carga negativa, se acumulan en la parte baja.

Cuando la diferencia de potencial eléctrico entre la nube y el suelo, o entre dos zonas de la nube, se hace enorme, el aire deja de actuar como aislante y se produce una descarga: el rayo. Esa descarga calienta el aire hasta unos 30.000 °C, y la expansión brusca del aire caliente produce el sonido del trueno.";electric charges;charg|carga|Ladung|caric|stati|potencial electrico|difference de potentiel|Potentialunterschied;"Lightning is a fascinating and complex phenomenon that involves a combination of atmospheric conditions, electrical charges, and thermal energy. Here's a simplified explanation:

**The Formation of Lightning:**

1. **Ice and Water:** During thunderstorms, warm air rises, creating towering cumulonimbus clouds. These clouds are made up of water droplets and ice crystals.
2. **Electrical Charges:** As the cloud grows, the water droplets and ice crystals collide, generating static electricity. This process separates the cloud into positively charged (positive ions) and negatively charged (negative electrons) regions.
3. **Leader Stroke:** The separation of charges creates an electric field between the cloud and the ground. This electric field causes a channel of ionized air, called a leader stroke, to form between the cloud and the ground.
4. **Return Stroke:** Once the leader stroke reaches the ground, a massive surge of electricity, known as the return stroke, flows through the leader stroke and back to the cloud. This is the bright flash of light we see as lightning.
5. **Thunder:** As the return stroke travels through the air, it heats the air around it, creating a shockwave that produces the sound we know as thunder.

**The Science";False;False;es;en;True;True;True;Was erzeugt Blitze?;de;True;Qu'est-ce qui produit la foudre ?;fr;True;¿Qué produce los rayos?;es;True;;;;;;;explicativa;4;0.9998;0.016;True;es;nativo(prompt_es);True
Painter of Olympia?;"""Olympia"" es una pintura creada por el pintor francés Édouard Manet en 1863. Esta pintura es famosa por su representación realista y provocativa de una mujer desnuda, recostada en un diván, mirando directamente al espectador, mientras una criada le trae un ramo de flores. La obra causó un gran revuelo cuando se expuso en el Salón de París de 1865, porque no mostraba a una diosa idealizada, sino a una mujer real de su época.

Manet se inspiró en la ""Venus de Urbino"" de Tiziano, pero transformó el tema clásico en una escena moderna.

¿Te gustaría saber más sobre esta pintura o sobre Manet?";Manet;;"You're referring to the famous painting ""The Birth of Venus""!

However, I think you might be confusing it with another artist. The painting ""The Birth of Venus"" is actually attributed to the Italian artist Sandro Botticelli, created around 1486.

But, if you're thinking of a different painting, I believe you might be thinking of ""The Painter of Olympia"", which is a painting by the French artist Édouard Manet, created in 1863. It's a portrait of a nude woman, believed to be a courtesan or a prostitute, and is considered one of Manet's most famous works.

Is that the one you were thinking of?";False;False;es;en;True;True;True;Maler von Olympia?;de;True;Peintre d'Olympia ?;fr;True;¿Pintor de Olympia?;es;True;;;;;;;corta;4;0.9997;0.0338;True;es;nativo(prompt_es);True
Okay, when did Brexit happen?;"El Brexit, es decir, el proceso de salida del Reino Unido de la Unión Europea, ocurrió en varias etapas. A continuación, te proporciono una breve cronología de los eventos clave:

* **Referéndum del 23 de junio de 2016**: El Reino Unido celebró un referéndum sobre la posibilidad de dejar la Unión Europea. La mayoría de los votantes (51,9%) optó por la salida, mientras que el 48,1% se opuso.
* **Negociaciones de salida (2017-2019)**: En marzo de 2017, el Reino Unido activó el artículo 50 del Tratado de la Unión Europea y comenzó a negociar los términos de su salida. Estas negociaciones fueron largas y complicadas.
* **Acuerdo de salida (octubre de 2019)**: Después de varios aplazamientos, el Reino Unido y la Unión Europea cerraron un acuerdo de retirada revisado, que el Parlamento británico aprobó a principios de 2020.
* **Salida oficial (31 de enero de 2020)**: El Reino Unido dejó formalmente de ser miembro de la Unión Europea.
* **Fin del período de transición (31 de diciembre de 2020)**: El Reino Unido abandonó el mercado único y la unión aduanera.";2020;2016;"Brexit, the United Kingdom's (UK) withdrawal from the European Union (EU), occurred on January 31, 2020. This marked the end of the UK's 47-year membership in the EU.

However, the process of Brexit was a bit more complex. The UK held a national referendum on June 23, 2016, in which a majority of voters (51.9% to 48.1%) chose to leave the EU. This led to the UK government triggering Article 50 of the Treaty on European Union, which began the formal process of withdrawal.

The UK officially left the EU at 11 pm GMT on January 31, 2020, and entered a transition period that lasted until December 31, 2020. During this time, the UK and EU negotiated new trade agreements and other arrangements.

The UK's departure from the EU was followed by a new relationship between the UK and EU, which came into effect on January 1, 2021.

Would you like to know more about Brexit or its implications?";False;False;es;en;True;True;True;Okay, wann fand der Brexit statt?;de;True;Bon, quand le Brexit a-t-il eu lieu ?;fr;True;Vale, ¿cuándo ocurrió el Brexit?;es;True;;;;;;;conversacional;7;0.9998;0.048;True;es;nativo(prompt_es);True
Who wrote The Odyssey?;"La Odisea es una de las obras más famosas de la literatura griega antigua y se atribuye al poeta griego Homero, aunque su verdadera identidad sigue siendo un tema de debate entre los historiadores y los eruditos.

La Odisea es una epopeya que narra las aventuras del rey Odiseo, que se encuentra en su viaje de regreso a su hogar en Ítaca después de la Guerra de Troya. La obra es considerada una de las más importantes de la literatura occidental y ha tenido un gran impacto en la cultura y la literatura de la humanidad.

Es importante destacar que la autenticidad de la obra de Homero es un tema de debate entre los historiadores y los eruditos. Algunos creen que Homero fue un poeta que vivió en la Grecia antigua y que escribió las obras de la Ilíada y La Odisea, mientras que otros creen que son el resultado de una larga tradición oral, transmitida y enriquecida por muchos poetas a lo largo de generaciones.";Homer;Homere|Homero|Omero;"The Odyssey, an ancient Greek epic poem, was written by the legendary poet Homer. The exact dates of Homer's life are unknown, but it is believed that he lived in the 8th or 7th century BC.

The Odyssey is considered one of the greatest works of ancient Greek literature, and it tells the story of Odysseus, a Greek hero who returns home after the Trojan War. The poem is a masterpiece of storytelling, exploring themes of adventure, courage, and the human condition.

Would you like to know more about The Odyssey or Homer's life?";False;False;es;en;True;True;True;Wer hat Die Odyssee geschrieben?;de;True;Qui a écrit L'Odyssée ?;fr;True;¿Quién escribió La Odisea?;unknown;True;;;;;;;factual_clasica;;0.9999;0.0259;True;es;nativo(prompt_es);True
When was Pearl Harbor attacked?;El 7 de diciembre de 1941, el Imperio del Japón lanzó un ataque sorpresa a la base naval estadounidense de Pearl Harbor, en el estado de Hawái, EE. UU.;1941;;The attack on Pearl Harbor occurred on December 7, 1941.;False;False;es;en;True;True;True;Wann wurde Pearl Harbor angegriffen?;de;True;Quand Pearl Harbor a-t-il été attaqué ?;fr;True;¿Cuándo fue atacado Pearl Harbor?;es;True;;;;;;;factual_aperturas;6;0.9994;0.0885;True;es;nativo(prompt_es);
Report the number of US states.;El número de estados de Estados Unidos de América (EE. UU.) es 50.;50;;There are 50 US states.;False;False;es;en;True;True;True;Gib die Anzahl der US-Bundesstaaten an.;de;True;Donnez le nombre d'États américains.;fr;True;Informa el número de estados de EE. UU.;es;True;;;;;;;imperativo;7;0.9901;0.1702;True;es;nativo(prompt_es);
Lay out how thermoses keep heat.;"Los termos, también conocidos como botellas de vacío, son recipientes diseñados para mantener la temperatura de su contenido durante horas, ya sea caliente o frío. A continuación, te explicaré cómo los termos conservan el calor:

**¿Qué es un termo?**

Un termo está formado por dos recipientes, uno dentro del otro, normalmente de acero inoxidable o de vidrio. Entre las dos paredes se extrae casi todo el aire, de modo que queda un espacio de vacío.

**Cómo funcionan los termos**

El calor puede transmitirse de tres formas: por conducción, por convección y por radiación. El termo bloquea las tres:

1. **Conducción**: El calor necesita materia para transmitirse por contacto. Como en el vacío casi no hay partículas, el calor no puede pasar de una pared a la otra.
2. **Convección**: Sin aire entre las paredes, no puede haber corrientes que transporten el calor.
3. **Radiación**: Las paredes interiores suelen estar plateadas o reflectantes, de modo que el calor que se emite en forma de radiación infrarroja se refleja de vuelta hacia el líquido.";vacuum;vacio|Vakuum|vuoto|vacuo|le vide|du vide|un vide;"Thermoses are amazing containers that can keep liquids at a consistent temperature for hours. Here's a detailed explanation of how they work:

**The Science Behind Thermoses**

Thermoses work by using a combination of materials and design features to minimize heat transfer between the inside and outside of the container. The key principles involved are:

1. **Insulation**: Thermoses are typically made of double-walled or vacuum-insulated materials, which reduce heat transfer by minimizing conduction and convection.
2. **Vacuum Insulation**: The space between the inner and outer walls of the thermos is evacuated, creating a vacuum. This vacuum is a poor conductor of heat, which helps to reduce heat transfer.
3. **Thermal Bridge-Free Design**: The thermos is designed to minimize thermal bridges, which are points where heat can escape or enter the container. The inner and outer walls are often separated by a gap, and the lid is designed to fit snugly, reducing heat transfer through the lid.
4. **High Thermal Mass**: The inner wall of the thermos is often made of a material with high thermal mass, such as stainless steel or aluminum. This material can absorb and release heat slowly, helping to maintain the temperature of the";False;False;es;en;True;True;True;Leg dar, wie Thermoskannen die Wärme halten.;de;True;Exposez comment les thermos gardent la chaleur.;fr;True;Expón cómo los termos conservan el calor.;es;True;;;;;;;imperativo_explicativo;9;0.9998;0.0156;True;es;nativo(prompt_es);True
Why does a boomerang come back?;"Un bumerán es un objeto que, cuando se lanza correctamente, describe una trayectoria curva y vuelve a quien lo lanzó gracias a la aerodinámica de sus brazos y a su rotación.

Cada brazo del bumerán tiene un perfil parecido al ala de un avión: plano por un lado y curvado por el otro. Al lanzarlo casi vertical y haciéndolo girar rápidamente, cada brazo genera una fuerza de sustentación, igual que un ala.

La clave es que el brazo que en cada momento gira en el mismo sentido en que avanza el bumerán se mueve más rápido respecto al aire que el brazo que gira en sentido contrario. Por eso, la parte superior genera más sustentación que la inferior, y esa diferencia produce un pequeño torque que intenta inclinarlo.

Como el bumerán está girando, se comporta como un giroscopio: en lugar de inclinarse, su eje de giro cambia de dirección poco a poco, un efecto llamado precesión giroscópica. Así, el bumerán va girando continuamente su trayectoria y describe un círculo que lo devuelve al punto de partida.";aerodynamics;aerodyn|aerodin|spin|rotat|gyrosc|giroscop|Kreisel|tourne sur|girar|dreht sich;"The boomerang's ability to return to its thrower is a fascinating phenomenon that has puzzled people for centuries. Here's the explanation:

**The Science Behind the Boomerang's Return**

A boomerang's return is due to a combination of its unique design, aerodynamics, and the way it interacts with the air. Here are the key factors:

1. **Curved shape**: Boomerangs are curved on both sides, with a slight ""V"" shape at the tip. This curved shape creates a pressure difference between the upper and lower surfaces of the boomerang.
2. **Aerodynamic lift**: As the boomerang flies through the air, the curved shape creates an upward force called lift, which counteracts the weight of the boomerang. This lift is stronger on the upper surface than on the lower surface, creating a pressure difference.
3. **Angle of attack**: When a boomerang is thrown, it enters the air at a shallow angle, which creates a swirling motion behind it. This swirling motion creates a region of lower air pressure above the boomerang and a region of higher air pressure below it.
4. **Bernoulli's principle**: As the boomerang flies,";False;False;es;en;True;True;True;Warum kommt ein Bumerang zurück?;de;True;Pourquoi un boomerang revient-il ?;fr;True;¿Por qué vuelve un bumerán?;es;True;;;;;;;explicativa;9;0.9999;0.0099;True;es;nativo(prompt_es);True
Lightning rod inventor?;El pararrayos fue inventado por el científico estadounidense Benjamin Franklin en 1752.;Franklin;;"You're thinking of Benjamin Franklin!

Benjamin Franklin was indeed an American polymath and inventor who is credited with inventing the lightning rod. In 1752, Franklin conducted a famous experiment to demonstrate the connection between lightning and electricity. He flew a kite in a thunderstorm, collecting electrical charges from the lightning and proving that lightning is a form of electricity.

Franklin's invention of the lightning rod, also known as a lightning conductor, was a direct result of this experiment. The lightning rod is a metal rod that is attached to a building and connected to the ground, allowing lightning to strike the rod instead of the building itself. This invention saved countless lives and buildings from damage caused by lightning strikes.

Franklin's work on lightning rods was a significant contribution to the field of electrical science, and his famous phrase ""An investment in knowledge pays the best interest"" is still relevant today.

Would you like to know more about Benjamin Franklin or his other inventions?";False;False;es;en;True;True;True;Erfinder des Blitzableiters?;de;True;Inventeur du paratonnerre ?;fr;True;¿Inventor del pararrayos?;es;True;;;;;;;corta;5;0.9998;0.058;True;es;nativo(prompt_es);True
Hi! When was the Taj Mahal built?;"El Taj Mahal se construyó entre 1632 y 1653, durante el reinado del emperador mogol Shah Jahan. Fue construido como un mausoleo para su esposa, Mumtaz Mahal, quien murió en 1631 durante el parto de su decimocuarto hijo.

La construcción del Taj Mahal fue un proyecto ambicioso que involucró a miles de trabajadores y artistas, y se estima que costó alrededor de 32 millones de rupias de la época.

El Taj Mahal es considerado uno de los monumentos más emblemáticos y hermosos del mundo, y es Patrimonio de la Humanidad desde 1983.

¿Quieres saber más sobre el Taj Mahal o sobre la historia de la India?";1632;1631|1643|1648|1653;"The Taj Mahal is a stunning monument in Agra, India, and it was built between 1632 and 1653. It was commissioned by Mughal Emperor Shah Jahan as a mausoleum for his beloved wife, Mumtaz Mahal, who passed away in 1631.

The construction of the Taj Mahal took around 22 years to complete, with thousands of skilled laborers and artisans working on the project. The monument was finally completed in 1653, and it has since become one of the most iconic and recognizable landmarks in the world.

Would you like to know more about the Taj Mahal or its history?";False;False;es;en;True;True;True;Hallo! Wann wurde das Taj Mahal gebaut?;de;True;Salut ! Quand le Taj Mahal a-t-il été construit ?;fr;True;¡Hola! ¿Cuándo se construyó el Taj Mahal?;es;True;;;;;;;conversacional;10;0.9999;0.0444;True;es;nativo(prompt_es);True
In what year did the Russian Revolution take place?;La Revolución rusa tuvo lugar en 1917, en dos etapas: la Revolución de Febrero y la Revolución de Octubre.;1917;;"The Russian Revolution took place in two stages:

1. The February Revolution (also known as the Petrograd Revolution) occurred in 1917, specifically from February 23 to March 2.
2. The October Revolution (also known as the Great October Socialist Revolution) occurred in 1917, specifically from October 25 to November 7.

So, to answer your question, the Russian Revolution took place in 1917.";False;False;es;en;True;True;True;Was ist das Jahr der russischen Revolution?;de;True;En quelle année a eu lieu la révolution russe ?;fr;True;¿En qué año tuvo lugar la Revolución rusa?;unknown;True;;;;;;;factual_clasica;;0.9991;0.0822;True;es;nativo(prompt_es);True
When did the Korean War begin?;La guerra de Corea comenzó el 25 de junio de 1950. Fue un conflicto armado entre Corea del Norte, apoyada por China y la Unión Soviética, y Corea del Sur, apoyada por Estados Unidos y otros países bajo el mando de las Naciones Unidas. La guerra terminó con la firma de el Acuerdo de Armisticio de Panmunjom el 27 de julio de 1953, pero no hubo un tratado de paz formal.;1950;;The Korean War began on June 25, 1950. It started when North Korean forces, supported by China and the Soviet Union, invaded South Korea, leading to a United Nations-led coalition of countries, including the United States, intervening to defend South Korea.;False;False;es;en;True;True;True;Wann begann der Koreakrieg?;de;True;Quand la guerre de Corée a-t-elle commencé ?;fr;True;¿Cuándo empezó la guerra de Corea?;es;True;;;;;;;factual_aperturas;7;0.9999;0.0772;True;es;nativo(prompt_es);True
Cite the author of The Aeneid.;El autor de la Eneida es Virgilio.;Virgil;Virgile|Virgilio|Vergil;The author of The Aeneid is Virgil (Publius Vergilius Maro).;False;False;es;en;True;True;True;Nenne den Autor der Aeneis.;de;True;Citez l'auteur de l'Énéide.;fr;True;Cita al autor de la Eneida.;es;True;;;;;;;imperativo;10;0.9956;0.1111;True;es;nativo(prompt_es);
Account for why rubbed balloons stick to walls.;"Los globos frotados se pegan a la pared debido a una combinación de fuerzas y principios físicos. Aquí te explico los motivos:

1. **Carga por frotamiento**: Cuando se frota un globo con el pelo o con un jersey de lana, los electrones pasan de un material al otro. El globo gana electrones y queda con una carga eléctrica estática negativa.
2. **Polarización de la pared**: La pared es eléctricamente neutra, pero cuando acercamos el globo cargado, sus cargas negativas repelen ligeramente a los electrones de la superficie de la pared. Así, la parte más cercana al globo queda con una ligera carga positiva.
3. **Atracción electrostática**: Como las cargas opuestas se atraen, el globo negativo y la superficie positiva de la pared se atraen. Esta fuerza es suficiente para sostener un globo, que pesa muy poco.
4. **Descarga lenta**: Con el tiempo, el globo va perdiendo su carga a través del aire y de la humedad, y termina cayéndose. Por eso el truco funciona mejor en días secos.";static;stati;"A classic phenomenon!

The reason why rubbed balloons stick to walls is due to a phenomenon called static electricity. Here's what happens:

1. **Friction**: When you rub a balloon against your hair or clothing, you're creating a transfer of electrons between the balloon and your body. This process is called triboelectrification.
2. **Electron transfer**: The friction causes electrons to be transferred from your body to the balloon. This leaves the balloon with an excess of electrons, making it negatively charged.
3. **Charge separation**: The wall, being a relatively good insulator, becomes positively charged due to the absence of electrons. This is because the electrons that were present on the wall have been transferred to the balloon, leaving the wall with a positive charge.
4. **Attractive force**: The negatively charged balloon is attracted to the positively charged wall due to the electrostatic force between them. This force is strong enough to overcome the weight of the balloon, causing it to stick to the wall.

The reason this happens is because like charges (positive-positive or negative-negative) repel each other, while opposite charges (positive-negative) attract each other. In this case, the negatively charged balloon is attracted to the positively charged wall,";False;False;es;en;True;True;True;Begründe, warum geriebene Luftballons an Wänden haften.;de;True;Rendez compte de l'adhérence des ballons frottés aux murs.;fr;True;Da cuenta de por qué los globos frotados se pegan a la pared.;es;True;;;;;;;imperativo_explicativo;9;0.9999;0.0161;True;es;nativo(prompt_es);True
How does a parachute slow a fall?;"El frenado de un paracaídas es un proceso que implica la disminución de la velocidad de caída, lo que permite al paracaidista controlar su descenso de manera segura y efectiva. A continuación, te explico los mecanismos que se activan para frenar una caída con un paracaídas:

**Fases del frenado**

1. **Caída libre**: Al saltar, la gravedad acelera al paracaidista hasta que la resistencia del aire iguala su peso. En ese momento alcanza la velocidad terminal, de unos 200 km/h.
2. **Despliegue del paracaídas**: A una altitud de entre 900 y 1.500 metros, el paracaidista abre el paracaídas, que se infla con el aire.
3. **Aumento de la resistencia del aire**: La gran superficie de tela del paracaídas choca con muchísimas más moléculas de aire, de modo que la resistencia del aire aumenta enormemente y frena la caída.
4. **Nueva velocidad terminal**: La resistencia vuelve a igualar al peso, pero ahora a una velocidad mucho menor, de unos 15 a 25 km/h, que permite aterrizar de forma segura.";air resistance;resist|Luftwider|drag;"A parachute slows a fall by using the principle of drag, which is the resistance created by air flowing over the parachute's surface. Here's a simplified explanation:

1. **Air flows over the parachute**: As the parachute opens, air flows over its surface, creating a layer of air that interacts with the parachute.
2. **Drag is created**: The air flowing over the parachute creates a force that opposes the motion of the parachute, which is the falling object. This force is called drag.
3. **Drag slows down the fall**: The drag force created by the air flowing over the parachute slows down the fall of the object. The more air flowing over the parachute, the greater the drag force, and the slower the fall.
4. **Parachute shape and size matter**: The shape and size of the parachute also play a crucial role in slowing down the fall. A larger parachute with a more streamlined shape can create more drag, resulting in a slower fall.
5. **Air density affects drag**: The density of the air also affects the drag force. In denser air, the drag force is greater, and the parachute slows down the fall more quickly.

The combination of these factors allows a parachute to slow down a fall, bringing";False;False;es;en;True;True;True;Wie bremst ein Fallschirm einen Fall?;de;True;Comment un parachute ralentit-il une chute ?;fr;True;¿Cómo frena una caída un paracaídas?;es;True;;;;;;;explicativa;8;0.9996;0.0154;True;es;nativo(prompt_es);True
Steam engine inventor?;James Watt es conocido como el inventor de la máquina de vapor moderna, aunque en realidad perfeccionó la máquina que Thomas Newcomen había creado en 1712.;Watt;Newcomen;"You're thinking of James Watt, a Scottish engineer and inventor who is often credited with improving the steam engine. Watt's improvements to the steam engine, which included the addition of a separate condenser and the use of a rotary motion, made it more efficient and powerful.

However, it's worth noting that there were other inventors who also worked on steam engines before Watt. Some notable examples include:

* Thomas Newcomen, an English ironmonger who built the first practical steam engine in the early 1700s.
* Thomas Savery, an English engineer who invented a steam-powered pump in the 1690s.
* James Hargreaves, an English inventor who built a steam engine in the 1710s.

But James Watt is often considered the most important inventor of the steam engine, as his improvements revolutionized industry and transportation in the 18th and 19th centuries.

Would you like to know more about the history of the steam engine or James Watt's contributions to it?";False;False;es;en;True;True;True;Erfinder der Dampfmaschine?;de;True;Inventeur de la machine à vapeur ?;fr;True;¿Inventor de la máquina de vapor?;es;True;;;;;;;corta;4;0.9997;0.0714;True;es;nativo(prompt_es);True
So, what's sushi wrapped in?;"El sushi es una tradición culinaria japonesa que se ha convertido en una de las especialidades más populares del mundo. Aunque su nombre puede sonar un poco exótico, el sushi se trata de una comida muy sencilla y deliciosa.

En esencia, el sushi enrollado (maki) se envuelve en una lámina de alga nori, un alga marina seca y tostada, que rodea el arroz y el relleno. A continuación, te explico los elementos básicos del sushi:

**Ingredientes básicos:**

* Arroz japonés para sushi
* Alga nori (láminas de alga seca)
* Pescado crudo, marisco o verduras
* Wasabi (pasta picante japonesa)
* Salsa de soja

**Tipos de sushi:**

1. **Maki**: Rollos de arroz y relleno envueltos en nori.
2. **Temaki**: Conos de nori rellenos de arroz y otros ingredientes.
3. **Nigiri**: Pequeñas porciones de arroz con una lámina de pescado encima, que a veces se sujeta con una tira de nori.";nori;algue|alga|Alge|Seetang;Sushi is typically wrapped in a thin sheet of seaweed, known as nori. Nori is a type of edible seaweed that is commonly used in Japanese cuisine, particularly in sushi and sashimi dishes. It's usually made from the seaweed species Porphyra yezoensis or Porphyra tenera, and is rich in nutrients and has a distinctive flavor and texture. The nori sheet is usually toasted or roasted to enhance its flavor and texture before being used to wrap sushi rolls.;False;False;es;en;True;True;True;Also, worin wird Sushi eingewickelt?;de;True;Alors, dans quoi enroule-t-on les sushis ?;fr;True;Entonces, ¿en qué se envuelve el sushi?;es;True;;;;;;;conversacional;8;0.9998;0.0253;True;es;nativo(prompt_es);True
What gas makes up about 78 percent of Earth's atmosphere?;El gas que constituye aproximadamente el 78 por ciento de la atmósfera de la Tierra es el nitrógeno.;nitrogen;azote|Stickstoff|azoto;The answer is nitrogen (N2). Nitrogen makes up approximately 78% of Earth's atmosphere, while oxygen (O2) makes up about 21%, and the remaining 1% consists of other gases such as argon, carbon dioxide, and water vapor.;False;False;es;en;True;True;True;Welches Gas macht etwa 78 Prozent der Erdatmosphäre aus?;de;True;Quel gaz compose environ 78 pour cent de l'atmosphère terrestre?;fr;True;¿Qué gas constituye aproximadamente el 78 por ciento de la atmósfera de la Tierra?;es;True;;;;;;;factual_clasica;;0.9998;0.0449;True;es;nativo(prompt_es);True
When was the Rosetta Stone found?;"La piedra de Rosetta es un monumento egipcio que fue hallado cerca de la ciudad de Rosetta (Rashid), en Egipto. Fue descubierta en 1799 por el soldado francés Pierre-François Bouchard, durante la campaña militar de Napoleón Bonaparte en Egipto.

La piedra de Rosetta es un fragmento de una estela de granodiorita grabada en el año 196 a.C. durante el reinado del faraón Ptolomeo V. Mide aproximadamente 1,1 metros de altura y 76 centímetros de ancho, y está cubierta por un mismo decreto escrito en tres sistemas: jeroglíficos egipcios, escritura demótica y griego antiguo.

El texto en griego fue fundamental, porque los estudiosos podían leerlo y compararlo con los otros dos. Gracias a ello, el francés Jean-François Champollion logró descifrar los jeroglíficos en 1822. Hoy la piedra se exhibe en el Museo Británico de Londres.";1799;;The Rosetta Stone was discovered on July 15, 1799, in Rosetta, Egypt (now known as Rashid), by French soldiers during the French invasion of Egypt.;False;False;es;en;True;True;True;Wann wurde der Stein von Rosetta gefunden?;de;True;Quand la pierre de Rosette a-t-elle été trouvée ?;fr;True;¿Cuándo se encontró la piedra de Rosetta?;es;True;;;;;;;factual_aperturas;8;0.9999;0.0286;True;es;nativo(prompt_es);True
Find the capital of Cambodia.;La capital de Camboya es Phnom Penh.;Phnom Penh;Phnom-Penh|Nom Pen;The capital of Cambodia is Phnom Penh.;False;False;es;en;True;True;True;Finde die Hauptstadt Kambodschas.;de;True;Trouvez la capitale du Cambodge.;fr;True;Encuentra la capital de Camboya.;es;True;;;;;;;imperativo;6;0.6039;0.1379;True;es;nativo(prompt_es);
Shed light on why skin wrinkles with age.;"La arruga en la piel es un proceso natural que ocurre con el paso del tiempo, y se debe a una combinación de factores, incluyendo la exposición a la luz solar, el envejecimiento de las células y la pérdida de elastina y colágeno en la piel. A continuación, te explico los principales motivos por los que la piel se arruga con la edad:

1.  **Exposición a la luz solar**: La luz solar es una de las principales causas de arrugas en la piel. La radiación ultravioleta (UV) daña las células de la piel, lo que lleva a la formación de arrugas y líneas finas. La exposición prolongada a la luz solar puede causar daño a las células de la piel, lo que puede llevar a la formación de arrugas y líneas finas.
2.  **Envejecimiento de las células**: A medida que envejecemos, las células de la piel se vuelven más lentas y menos eficientes. Esto puede llevar a la formación de arrugas y líneas finas, ya que";collagen;collag|colag|Kollagen|Elastizitat|elasticite|elasticidad|elastin;"The age-old question (pun intended)! Skin wrinkles with age due to a combination of factors that affect the skin's structure, elasticity, and collagen production. Here's a breakdown of the main reasons:

1. **Loss of Collagen and Elastin**: Collagen and elastin are two essential proteins that provide skin elasticity and firmness. As we age, the production of these proteins slows down, leading to a decrease in skin elasticity and firmness.
2. **Collagen Breakdown**: Collagen fibers in the skin begin to break down, causing the skin to lose its strength and elasticity. This breakdown is accelerated by the production of enzymes called matrix metalloproteinases (MMPs), which break down collagen fibers.
3. **Glycation**: Glycation is a process where sugar molecules bind to collagen and elastin, causing them to become stiff and brittle. This leads to the formation of advanced glycosylation end-products (AGEs), which accumulate in the skin and contribute to wrinkle formation.
4. **Hydration Loss**: As we age, the skin's ability to retain moisture decreases, leading to dehydration and dryness. This can cause the skin to lose its natural glow and become more prone to wrinkles.
5";False;False;es;en;True;True;True;Beleuchte, warum die Haut mit dem Alter faltig wird.;de;True;Éclairez pourquoi la peau se ride avec l'âge.;fr;True;Arroja luz sobre por qué la piel se arruga con la edad.;es;True;;;;;;;imperativo_explicativo;10;0.9999;0.0157;True;es;nativo(prompt_es);
Why do tires have treads?;"Los neumáticos tienen dibujos o patrones en su superficie debido a varios motivos relacionados con su diseño, funcionamiento y seguridad. A continuación, te explico algunos de los principales motivos por los que los neumáticos tienen dibujos:

1. **Agarre**: El dibujo mejora la adherencia y la tracción del neumático sobre la carretera, lo que permite acelerar, frenar y tomar curvas con seguridad.
2. **Evacuación del agua**: Los surcos del dibujo canalizan el agua hacia afuera cuando la carretera está mojada. Así, el neumático sigue en contacto con el asfalto y se evita el aquaplaning, que es cuando el neumático flota sobre una capa de agua y se pierde el control.
3. **Terrenos difíciles**: En la nieve, el barro o la grava, los tacos del dibujo se clavan en el terreno y dan más tracción.
4. **Indicador de desgaste**: Dentro de los surcos hay unas pequeñas marcas que indican cuándo el dibujo está demasiado gastado y hay que cambiar el neumático.";grip;adher|aderen|Haftung|traction|traccion|Traktion|trazione|tracao;"Tires have treads for several important reasons:

1. **Traction**: The tread pattern on a tire helps to provide better grip on the road, especially on wet or slippery surfaces. The tread channels water away from the tire, reducing the risk of hydroplaning and improving overall traction.
2. **Grip on various surfaces**: The tread pattern is designed to provide a good grip on different road surfaces, such as asphalt, concrete, and gravel. The unique pattern of the tread helps to maintain contact with the road, even when the tire is cornering or braking.
3. **Handling and stability**: The tread pattern helps to improve handling and stability by providing a consistent contact patch with the road. This is especially important when cornering or braking, as it helps to maintain control of the vehicle.
4. **Noise reduction**: The tread pattern can also help to reduce noise levels by absorbing vibrations and sound waves. This is particularly important for vehicles that are driven on rough roads or in areas with high levels of road noise.
5. **Durability**: The tread pattern helps to distribute the weight of the vehicle evenly across the tire, reducing the risk of uneven wear and tear. This can help to extend the life of the tire and improve";False;False;es;en;True;True;True;Warum haben Reifen ein Profil?;de;True;Pourquoi les pneus ont-ils des sculptures ?;fr;True;¿Por qué los neumáticos tienen dibujo?;es;True;;;;;;;explicativa;7;0.9998;0.0135;True;es;nativo(prompt_es);True
Mercury thermometer inventor?;El inventor del termómetro de mercurio es Daniel Gabriel Fahrenheit, en 1714.;Fahrenheit;;"You're thinking of the inventor of the mercury thermometer!

The answer is: Galileo Galilei (1564-1642) and Santorio Santorio (1561-1636) are both credited with inventing the first mercury thermometer.

However, the most famous and widely used mercury thermometer was developed by:

**Sylvius (also known as Jacques de Vaucanson)** (1670-1737), a French scientist and inventor. He created a mercury thermometer in 1709, which was more accurate and reliable than earlier versions.

But the person who is often credited with creating the modern mercury thermometer is:

**Daniel Gabriel Fahrenheit** (1686-1736), a German physicist and engineer. He developed a thermometer in 1724 that used a mixture of water, ice, and salt to regulate the temperature, and it was the first to use mercury as the liquid column.

So, while there were earlier versions of mercury thermometers, the modern mercury thermometer is often attributed to Fahrenheit.";False;False;es;en;True;True;True;Erfinder des Quecksilberthermometers?;de;True;Inventeur du thermomètre à mercure ?;fr;True;¿Inventor del termómetro de mercurio?;es;True;;;;;;;corta;5;0.9921;0.0588;True;es;nativo(prompt_es);True
So, what grain is paella made with?;"La paella, el plato típico de la cocina española, se hace generalmente con arroz. Pero, ¿qué tipo de arroz? La respuesta es que se utiliza un arroz de grano corto o redondo, como el arroz bomba o el de Calasparra, que absorbe muy bien el caldo sin deshacerse.

Este tipo de arroz se cultiva sobre todo en Valencia y en la zona de Calasparra, en Murcia, en el sureste de España, y está especialmente bien adaptado a la forma en que se cocina la paella, en una sartén ancha y poco profunda. También se pueden utilizar otros tipos de arroz, pero el bomba y otras variedades valencianas son las más tradicionales y recomendadas.

Es importante destacar que la paella no se hace con grano de trigo, como podrías pensar, sino con arroz. ¡Espero que esto te haya ayudado a responder a tu pregunta!";rice;du riz|le riz|de riz|arroz|riso|mit Reis|Reis zubereitet|Bomba;"Paella is a traditional Spanish dish, and it's typically made with a combination of grains, but the main grain used is rice. Specifically, it's usually made with short-grain rice, such as:

1. Calasparra rice: This is a specific type of rice that's native to the Murcia region in Spain, where paella originated. It's known for its ability to absorb flavors and hold its shape well.
2. Bomba rice: This is another type of short-grain rice that's commonly used in paella. It's also from the Murcia region and is prized for its creamy texture and ability to absorb flavors.

Other grains, such as wheat or barley, may be added to paella to add texture and flavor, but rice is the main grain used in this classic Spanish dish.";False;False;es;en;True;True;True;Also, mit welchem Getreide macht man Paella?;de;True;Alors, avec quelle céréale fait-on la paella ?;fr;True;Entonces, ¿con qué grano se hace la paella?;es;True;;;;;;;conversacional;10;0.9999;0.0144;True;es;nativo(prompt_es);True
Who is credited with inventing the World Wide Web?;La invención de la World Wide Web (la red informática mundial) se le atribuye a Tim Berners-Lee.;Berners-Lee;Berners;Sir Tim Berners-Lee is credited with inventing the World Wide Web. He is a British computer scientist who developed the fundamental technologies that make the web work, including HTTP (Hypertext Transfer Protocol), URL (Uniform Resource Locator), and HTML (Hypertext Markup Language). He proposed the idea of a web in March 1989, and he wrote the first web browser and web server in 1990 while working at CERN, the European particle physics laboratory in Switzerland.;False;False;es;en;True;True;True;Wer gilt als Erfinder des World Wide Web?;unknown;True;Qui a inventé le World Wide Web?;fr;True;¿A quién se le atribuye la invención de la World Wide Web?;unknown;True;;;;;;;factual_clasica;;0.9953;0.1154;True;es;nativo(prompt_es);True
When did Elvis Presley die?;Elvis Presley murió el 16 de agosto de 1977.;1977;;Elvis Presley passed away on August 16, 1977, at his home in Memphis, Tennessee. He was 42 years old at the time of his death.;False;False;es;en;True;True;True;Wann starb Elvis Presley?;de;True;Quand Elvis Presley est-il mort ?;fr;True;¿Cuándo murió Elvis Presley?;es;True;;;;;;;factual_aperturas;7;0.9973;0.069;True;es;nativo(prompt_es);
Look up the largest living lizard.;"El lagarto vivo más grande del mundo es el dragón de Komodo, también conocido como Varanus komodoensis. Es una especie de lagarto terrestre que se encuentra en las islas de Komodo, Rinca, Flores y Gili Motang en Indonesia.

A continuación, te proporciono algunas características interesantes sobre este increíble lagarto:

*   **Tamaño:** El lagarto de Komodo puede crecer hasta 3 metros de largo y pesar hasta 70 kilogramos, lo que lo convierte en el lagarto más grande vivo en la actualidad.
*   **Peso:** El lagarto de Komodo es un animal robusto y pesado, aunque los ejemplares en libertad suelen pesar menos que los de cautiverio.
*   **Longevidad:** Los lagartos de Komodo pueden vivir unos 30 años en la naturaleza.
*   **Hábitat:** El lagarto de Komodo se encuentra en las islas de Komodo, Rinca, Flores y Gili Motang en Indonesia, donde se alimenta de una gran variedad de presas, como ciervos, cerdos salvajes y búfalos.";Komodo dragon;Komodo;"The largest living lizard is the Komodo dragon (Varanus komodoensis). Here are some fascinating facts about this incredible creature:

**Size:**

* Length: Up to 3 meters (10 feet)
* Weight: Up to 70 kilograms (154 pounds)
* Tail length: Up to 1.8 meters (6 feet)

**Habitat:**

* Found in the wild on a few islands in Indonesia, specifically Komodo Island, Rinca Island, Flores Island, and Gili Motang.
* Lives in dry forests, savannas, and grasslands.

**Diet:**

* Carnivorous, feeding on a variety of prey, including:
	+ Deer
	+ Pigs
	+ Goats
	+ Water buffalo
	+ Monkeys
	+ Birds
	+ Reptiles and amphibians

**Behavior:**

* Solitary animals, only coming together for mating or to protect their territory.
* Known for their powerful bite, which can deliver a deadly neurotoxin that can kill their prey.
* Can run at speeds of up to 30 kilometers per hour (19 miles per hour) and climb trees.

**Conservation status:**

* Listed as Vulnerable";False;False;es;en;True;True;True;Schlag die größte lebende Echse nach.;de;True;Cherchez le plus grand lézard vivant.;fr;True;Busca el lagarto vivo más grande.;es;True;;;;;;;imperativo;7;0.9998;0.0423;True;es;nativo(prompt_es);True
Demystify why hair turns gray.;"El canoso del pelo es un proceso natural que ocurre en la mayoría de las personas a medida que envejecen. A continuación, te explico por qué sucede y qué factores contribuyen a este proceso:

**¿Por qué el pelo se vuelve canoso?**

El color del cabello depende de la melanina, el pigmento que producen unas células llamadas melanocitos, ubicadas en el folículo piloso:

1. Los melanocitos fabrican dos tipos de melanina: la eumelanina (tonos oscuros) y la feomelanina (tonos rojizos y amarillos).
2. Mientras el pelo crece, los melanocitos transfieren esa melanina a las células que forman el tallo del cabello.
3. Cuando los melanocitos dejan de producir melanina, el pelo nuevo crece sin pigmento y se ve gris o blanco.

A medida que envejecemos, los folículos sufren cambios. Algunos de los factores que contribuyen al canoso del pelo son:

* **Envejecimiento de las células**: Con el tiempo, las células madre de los melanocitos se agotan y el folículo ya no puede reponerlos.
* **Estrés oxidativo**: Se acumula peróxido de hidrógeno en el folículo, que daña a los melanocitos.
* **Genética**: La edad a la que aparecen las canas depende en gran parte de la herencia familiar.";melanin;;"The age-old question of gray hair! Let's break down the science behind why hair turns gray.

**The Short Answer:**
Hair turns gray due to a reduction in the production of melanin, the pigment responsible for hair color. This reduction occurs as we age, leading to the appearance of gray or white hair.

**The Long Answer:**
Melanin is produced by cells called melanocytes in the hair follicle. There are two types of melanin: eumelanin (brown/black) and pheomelanin (red/yellow). The combination and concentration of these two types of melanin determine an individual's natural hair color.

As we age, the melanocytes in the hair follicle gradually slow down their production of melanin. This reduction in melanin production leads to a decrease in the amount of pigment available to color the hair shaft. The resulting hair appears gray or white.

**The Factors Contributing to Gray Hair:**

1. **Aging:** As we age, the melanocytes in the hair follicle gradually lose their ability to produce melanin, leading to a decrease in hair color.
2. **Genetics:** Some people may inherit a tendency to go gray earlier in life due to their genetic";False;False;es;en;True;True;True;Entmystifiziere, warum Haare grau werden.;de;True;Démystifiez pourquoi les cheveux grisonnent.;fr;True;Desmitifica por qué el pelo se vuelve canoso.;es;True;;;;;;;imperativo_explicativo;8;0.9998;0.0156;True;es;nativo(prompt_es);True
How does a lever lift heavy loads?;"Una palanca levanta cargas pesadas gracias a un principio físico muy sencillo: multiplica la fuerza que aplicas. Aquí te explico cómo funciona:

1. **Las partes de la palanca**: Una palanca es una barra rígida que gira sobre un punto de apoyo llamado fulcro. En un extremo está la carga (la resistencia) y en el otro se aplica la fuerza (la potencia).

2. **La ley de la palanca**: La fuerza multiplicada por su distancia al fulcro es igual a la carga multiplicada por su distancia al fulcro. Por eso, si el brazo donde empujas es más largo que el brazo de la carga, necesitas menos fuerza para levantarla.

3. **El intercambio**: La palanca no crea energía. A cambio de usar menos fuerza, tienes que mover tu extremo una distancia mayor que la que sube la carga.

4. **Ejemplos**: Una barreta para levantar una piedra, un balancín o unas tijeras funcionan con este principio. Arquímedes lo resumió con su famosa frase: ""Dadme un punto de apoyo y moveré el mundo"".";fulcrum;fulcr|appui|Drehpunkt|pivot;"A lever is a simple machine that can lift heavy loads with minimal effort. Here's how it works:

**The Basic Principle:**

A lever is a rigid bar or beam that pivots around a fixed point, called the fulcrum. When a force is applied to one end of the lever, it causes the other end to move in the opposite direction.

**The Three Types of Levers:**

There are three types of levers, each with a different arrangement of the fulcrum and the effort and load:

1. **First-Class Lever:** The fulcrum is between the effort and the load. This type of lever is commonly used in door handles, scissors, and crowbars.
2. **Second-Class Lever:** The load is between the effort and the fulcrum. This type of lever is commonly used in wheelbarrows, shovels, and rakes.
3. **Third-Class Lever:** The effort is between the load and the fulcrum. This type of lever is commonly used in pulleys, winches, and cranes.

**How a Lever Lifts a Heavy Load:**

When a force is applied to the effort (the end of the lever opposite the fulcrum), it";False;False;es;en;True;True;True;Wie hebt ein Hebel schwere Lasten?;de;True;Comment un levier soulève-t-il de lourdes charges ?;fr;True;¿Cómo levanta una palanca cargas pesadas?;es;True;;;;;;;explicativa;8;0.9997;0.0165;True;es;nativo(prompt_es);True
Father of genetics?;El padre de la genética es Gregor Mendel.;Mendel;;That would be Gregor Johann Mendel!;False;False;es;en;True;True;True;Vater der Genetik?;de;True;Père de la génétique ?;fr;True;¿Padre de la genética?;es;True;;;;;;;corta;4;0.5;0.1667;True;es;nativo(prompt_es);True
Honestly, what's in a Bloody Mary?;"Un Bloody Mary es una bebida refrescante y sabrosa que se compone de varios ingredientes. A continuación, te presento la receta básica para preparar un Bloody Mary:

**Ingredientes:**

* 1/2 taza de jugo de tomate
* 45 ml de vodka
* 1 cucharada de jugo de limón
* 2 o 3 gotas de salsa Worcestershire
* 2 o 3 gotas de salsa Tabasco
* 1 pizca de sal de apio o sal común
* 1 pizca de pimienta negra
* 1 rama de apio y una rodaja de limón para decorar (opcional)

**Instrucciones:**

1. En un vaso alto con hielo, mezcla el vodka, el jugo de tomate y el jugo de limón.
2. Añade la salsa Worcestershire, el Tabasco, la sal y la pimienta, y remueve suavemente.
3. Decora con la rama de apio y la rodaja de limón, y sirve de inmediato.";vodka;Wodka;"A Bloody Mary is a popular cocktail made with a combination of ingredients, which may vary depending on the recipe or the bartender's creativity. Here's a breakdown of the typical components:

**Main ingredients:**

1. **Vodka**: This is the base spirit, usually a clear, neutral-tasting vodka.
2. **Tomato juice**: This is the primary liquid component, which gives the drink its distinctive flavor and color.
3. **Horseradish**: Some recipes include a dash of horseradish for added spice and kick.
4. **Tabasco sauce**: A few dashes of Tabasco add a spicy, tangy flavor.

**Optional ingredients:**

1. **Garnishes**: Celery stalks, olives, cherry tomatoes, or pickles are commonly used as garnishes.
2. **Spices and seasonings**: Some recipes may include additional spices, such as paprika, garlic powder, or onion powder.
3. **Lemon or lime juice**: A squeeze of citrus juice can add brightness and balance out the flavors.
4. **Bitters**: A few dashes of bitters can enhance the overall flavor profile.

**The classic recipe:**

* 1 1/2 ounces vodka";False;False;es;en;True;True;True;Ehrlich gesagt: Was ist in einer Bloody Mary?;de;True;Franchement, qu'y a-t-il dans un Bloody Mary ?;fr;True;Sinceramente, ¿qué lleva un Bloody Mary?;es;True;;;;;;;conversacional;9;0.9976;0.0267;True;es;nativo(prompt_es);True
What is the name of Earth's only natural satellite?;El satélite natural de la Tierra es la Luna.;Moon;Lune|Luna|Mond;The answer is: The Moon!;False;False;es;en;True;True;True;Wie heißt der einzige natürliche Satellit der Erde?;de;True;Quel est le nom du seul satellite naturel de la Terre ?;fr;True;¿Cuál es el nombre del único satélite natural de la Tierra?;es;True;;;;;;;factual_clasica;;0.9938;0.0857;True;es;nativo(prompt_es);
Whose expedition first reached the South Pole?;La expedición que llegó primero al Polo Sur fue la de Roald Amundsen, un explorador noruego, el 14 de diciembre de 1911.;Amundsen;;The expedition that first reached the South Pole was led by Norwegian explorer Roald Amundsen. He and his team arrived at the South Pole on December 14, 1911.;False;False;es;en;True;True;True;Wessen Expedition erreichte als erste den Südpol?;de;True;L'expédition de qui a atteint la première le pôle Sud ?;fr;True;¿La expedición de quién llegó primero al Polo Sur?;es;True;;;;;;;factual_aperturas;9;0.9998;0.0556;True;es;nativo(prompt_es);
Point out the main ingredient of hummus.;El ingrediente principal del hummus son los garbanzos.;chickpeas;chickpea|pois chiche|garbanzo|Kichererbse|grao-de-bico|grao de bico;The main ingredient of hummus is chickpeas (also known as garbanzo beans)!;False;False;es;en;True;True;True;Zeig die Hauptzutat von Hummus.;de;True;Désignez l'ingrédient principal du houmous.;fr;True;Señala el ingrediente principal del hummus.;es;True;;;;;;;imperativo;9;0.9989;0.0238;True;es;nativo(prompt_es);True
Elucidate how seeds sprout.;"Las semillas brotan de manera fascinante y dependen de varios factores, como el tipo de planta, el clima, la nutrición y el sustrato. Aquí te explico el proceso general de cómo brotan las semillas:

1. **Germinación**: La semilla contiene un embrión (la planta que se desarrollará) y un endosperma (un alimento que mantiene viva la semilla durante un período de tiempo). La germinación es el proceso por el cual la semilla comienza a crecer y desarrollarse.
2. **Activación de la semilla**: La semilla necesita estímulos para activarse, como la humedad, la temperatura y la luz. Muchas semillas permanecen en latencia hasta que las condiciones son favorables.
3. **Absorción de agua**: La semilla absorbe agua del sustrato, lo que desencadena la germinación. La cantidad de agua necesaria varía según el tipo de planta y el sustrato.
4. **Crecimiento de la radícula**: La radícula, la primera raíz del embrión, rompe la cubierta de la semilla y crece hacia abajo; después emerge el tallo con las primeras hojas, que comienzan a hacer la fotosíntesis.";germination;germin|Keim;"The magical process of seed sprouting! It's a fascinating journey that involves a series of complex physiological and biochemical changes. Here's a step-by-step explanation of how seeds sprout:

**Step 1: Imbibition (Water Absorption)**

When a seed is exposed to water, it begins to absorb moisture through its seed coat. This process is called imbibition. The seed coat, which is the outermost layer of the seed, absorbs water, causing the seed to swell.

**Step 2: Germination (Seed Activation)**

As the seed absorbs water, the embryo inside the seed begins to activate. The embryo is the immature plant, consisting of a root, stem, and leaves. The activation of the embryo is triggered by the absorption of water, which breaks down the seed's dormancy.

**Step 3: Breakdown of Dormancy**

The seed's dormancy is broken down by enzymes that are produced during imbibition. These enzymes, such as gibberellins and abscisic acid, help to break down the seed's stored energy and initiate the germination process.

**Step 4: Radicle Emergence (Root Growth)**

The first visible sign of germination is the";False;False;es;en;True;True;True;Verdeutliche, wie Samen austreiben.;de;True;Élucidez comment les graines poussent.;fr;True;Dilucida cómo brotan las semillas.;es;True;;;;;;;imperativo_explicativo;8;0.9998;0.0184;True;es;nativo(prompt_es);True
How are frescoes painted?;"Pintar frescos es un proceso artístico y técnico que requiere habilidad, paciencia y atención al detalle. A continuación, te explico los pasos generales para pintar frescos:

**Preparación**

1. **Selección del lugar**: Se elige un lugar adecuado para pintar el fresco, como una pared o un techo de una iglesia o un palacio.
2. **Primeras capas de revoque**: Se aplica sobre el muro una capa gruesa de mortero de cal y arena (el arriccio) para nivelar la superficie.
3. **Aplicación de una capa de yeso fresco**: Cada día se aplica una capa fina de enlucido de cal (el intonaco) solo en la zona que se va a pintar esa jornada.

**Técnica de pintura**

1. **Diseño y planificación**: Se crea un dibujo preparatorio (la sinopia o un cartón) que se transfiere a la pared.
2. **Pintura sobre el yeso húmedo**: Se aplican pigmentos disueltos solo en agua mientras el enlucido sigue húmedo.
3. **Fijación del color**: Al secarse, la cal reacciona con el aire y forma carbonato de calcio, que atrapa los pigmentos y los vuelve parte de la pared. Por eso hay que trabajar rápido y sin errores.";plaster;platre|yeso|Putz|intonac|gesso|enduit|a l'humidite|humedo|feucht;"Frescoes are a type of mural painting that is created on wet plaster, and the process of painting them is quite unique. Here's a step-by-step guide on how frescoes are typically painted:

**Preparation**

1. **Design and planning**: The artist creates a design or sketch of the fresco, taking into account the size, shape, and placement of the mural.
2. **Preparation of the wall**: The wall is cleaned, and a layer of lime-based plaster is applied to create a smooth surface.
3. **Application of the wet plaster**: A mixture of water, lime, and sand is applied to the wall in thin layers, creating a wet surface. This is called the ""intonaco"" layer.

**Painting the Fresco**

1. **Pigment preparation**: The artist mixes pigments with a binding agent, such as egg yolks or gum arabic, to create a paint-like consistency.
2. **Painting the fresco**: The artist begins painting the fresco, using a brush or a tool to apply the pigment mixture to the wet plaster. The paint is applied in thin layers, allowing each layer to dry before adding the next.
3. **Building up layers**: The";False;False;es;en;True;True;True;Wie werden Fresken gemalt?;de;True;Comment peint-on les fresques ?;fr;True;¿Cómo se pintan los frescos?;es;True;;;;;;;explicativa;6;0.9998;0.0231;True;es;nativo(prompt_es);True
Father of geometry?;El padre de la geometría es Euclides.;Euclid;Euclide|Euclides|Euklid;"You're thinking of Euclid!

Yes, Euclid (fl. 300 BCE) is indeed considered the ""Father of Geometry"". He was a Greek mathematician who lived in Alexandria, Egypt, and is best known for his book ""The Elements"", which is one of the most influential works in the history of mathematics.

In ""The Elements"", Euclid systematically presented the foundations of geometry, including points, lines, angles, and solids, and developed theorems and proofs that are still studied and used today. His work laid the foundation for the development of mathematics and science, and his influence can be seen in many areas of mathematics, science, and engineering.

Would you like to know more about Euclid or geometry?";False;False;es;en;True;True;True;Vater der Geometrie?;de;True;Père de la géométrie ?;fr;True;¿Padre de la geometría?;es;True;;;;;;;corta;4;0.5;0.125;True;es;nativo(prompt_es);True
Honestly, what's pesto's main herb?;La hierba principal del pesto es la albahaca.;basil;basilic|albahaca|Basilikum|basilico|manjericao;Pesto's main herb is actually Basil! Specifically, Genovese basil is the traditional choice for making authentic Italian pesto sauce. The basil adds a bright, fresh flavor and aroma to the sauce, which is typically made with garlic, pine nuts, Parmesan cheese, and olive oil.;False;False;es;en;True;True;True;Ehrlich gesagt: Was ist das Hauptkraut im Pesto?;de;True;Franchement, quelle est l'herbe principale du pesto ?;fr;True;Sinceramente, ¿cuál es la hierba principal del pesto?;es;True;;;;;;;conversacional;10;0.9978;0.027;True;es;nativo(prompt_es);True
What is the capital of Sudan?;La capital de Sudán es Jartum.;Khartoum;Jartum|Khartum|Cartum;The capital of Sudan is Khartoum.;False;False;es;en;True;True;True;Was ist die Hauptstadt von Sudan?;de;True;Quelle est la capitale du Soudan?;fr;True;¿Cuál es la capital de Sudán?;es;True;;;;;;;factual_clasica;;0.9997;0.1111;True;es;nativo(prompt_es);True
Whose ship was the Santa Maria?;La Santa María fue la nave capitana de Cristóbal Colón en su primer viaje a América en 1492. Su propietario era el marino Juan de la Cosa.;Columbus;Colomb|Kolumbus|Colombo|Cristobal Colon|Cristoforo Colombo;The Santa Maria was the flagship of Christopher Columbus's first voyage to the Americas in 1492.;False;False;es;en;True;True;True;Wessen Schiff war die Santa María?;de;True;À qui appartenait le navire Santa María ?;fr;True;¿De quién era la nave Santa María?;es;True;;;;;;;factual_aperturas;8;0.9997;0.053;True;es;nativo(prompt_es);True
Remind me who discovered insulin.;La insulina fue descubierta por Frederick Banting y Charles Best en 1921.;Banting;;"A great question about a groundbreaking discovery!

Insulin was discovered by two Canadian researchers, Frederick Banting and Charles Best, in 1921. They were working at the University of Toronto at the time.

However, it's worth noting that another researcher, James Collip, also played a crucial role in the discovery. Collip, a Canadian biochemist, helped to purify the insulin extracted from the pancreas of dogs, which led to the development of a more effective and reliable insulin preparation.

Banting and Best were awarded the Nobel Prize in Physiology or Medicine in 1923 for their discovery of insulin, which revolutionized the treatment of diabetes and saved countless lives.

Would you like to know more about the discovery of insulin or its impact on diabetes treatment?";False;False;es;en;True;True;True;Erinnere mich, wer das Insulin entdeckte.;de;True;Rappelez-moi qui a découvert l'insuline.;fr;True;Recuérdame quién descubrió la insulina.;es;True;;;;;;;imperativo;7;0.9997;0.0877;True;es;nativo(prompt_es);
Spell out why the Statue of Liberty is green.;"La Estatua de la Libertad, un icónico monumento ubicado en la isla de la Libertad en Nueva York, tiene una capa verde natural debido a una combinación de factores. A continuación, te presento los pasos y explicaciones detallados sobre por qué la Estatua de la Libertad es verde:

1.  **El cobre**: El exterior de la Estatua de la Libertad está hecho de finas láminas de cobre. Cuando se inauguró en 1886, tenía el color marrón rojizo brillante de una moneda nueva.
2.  **La oxidación**: El cobre reacciona con el oxígeno del aire y forma óxidos de cobre, que primero oscurecen el metal.
3.  **La humedad**: La estatua se encuentra en un entorno húmedo, en el puerto de Nueva York, donde el agua, el dióxido de carbono, el azufre del aire contaminado y la sal del mar siguen reaccionando con esos óxidos.
4.  **La pátina**: Con los años se formó una capa verde de carbonatos y sulfatos de cobre llamada pátina. Hacia 1920 la estatua ya era completamente verde.
5.  **La protección**: La pátina protege al cobre que está debajo de una mayor corrosión, por eso nunca se ha quitado.";patina;patin|copper|cuivre|cobre|Kupfer|oxyd|oxid;"The Statue of Liberty is actually copper, not green. When it was first built, the statue was made of copper sheets that were riveted together and supported by an internal framework. Over time, the copper oxidized, or reacted with oxygen in the air, and formed a green-colored patina, also known as verdigris.

This natural process, called oxidation, is a common occurrence with copper and other metals. It's a result of the metal reacting with the air, water, and other environmental factors, which causes it to break down and form a protective layer of green-colored copper oxide.

So, to summarize, the Statue of Liberty is green because of the natural oxidation process that occurred over time, which transformed the original copper sheets into the iconic green-colored statue we see today!";False;False;es;en;True;True;True;Erkläre genau, warum die Freiheitsstatue grün ist.;de;True;Explicitez pourquoi la statue de la Liberté est verte.;fr;True;Detalla paso a paso por qué la Estatua de la Libertad es verde.;es;True;;;;;;;imperativo_explicativo;10;0.9998;0.032;True;es;nativo(prompt_es);True
What structure defines a haiku?;"Un haiku es una forma poética tradicional japonesa que se caracteriza por una estructura específica. La estructura de un haiku suele ser la siguiente:

*   **Tres líneas**: Un haiku consta de tres líneas.
*   **Sílabas**: Cada línea tiene un número específico de sílabas:
    *   La primera línea tiene 5 sílabas.
    *   La segunda línea tiene 7 sílabas.
    *   La tercera línea tiene 5 sílabas.
*   **Imágenes y naturaleza**: Los haikus suelen ser muy concisos y evocadores, y a menudo incluyen imágenes y referencias a la naturaleza.
*   **Moralidad o reflexión**: Los haikus también pueden contener una moralidad o reflexión subyacente, que se refleja en la tercera línea.

Es importante destacar que la estructura de un haiku puede variar ligeramente dependiendo de la tradición o del poeta, pero en general, se sigue la estructura de 5-7-5.";syllables;syllab|silab|Silbe|sillab|17;"A traditional haiku is a type of Japanese poetry that consists of three lines with a specific syllable count. The structure of a haiku is typically as follows:

* The first line has five syllables
* The second line has seven syllables
* The third line has five syllables again

This 5-7-5 syllable pattern is often referred to as the ""traditional haiku structure."" However, it's worth noting that modern haiku often deviate from this traditional structure, and some poets may use different syllable counts or more flexible forms.

The traditional haiku also often includes a seasonal reference (known as a ""kigo"") and a focus on nature, which is meant to evoke a sense of wonder and connection to the natural world.";False;False;es;en;True;True;True;Welche Struktur bestimmt ein Haiku?;de;True;Quelle structure définit un haïku ?;fr;True;¿Qué estructura define un haiku?;es;True;;;;;;;explicativa;7;0.9998;0.022;True;es;nativo(prompt_es);True
Father of medicine?;El padre de la medicina es Hipócrates.;Hippocrates;Hippocrate|Hipocrates|Hippokrates|Ippocrate;"You're thinking of Hippocrates!

Hippocrates (460-370 BCE) is indeed considered the ""Father of Medicine"" in many parts of the world, including Greece, Rome, and the Western world. He was a Greek physician who is widely regarded as one of the most outstanding figures in the history of medicine.

Hippocrates was a physician, teacher, and philosopher who lived on the Greek island of Kos. He is known for his contributions to the field of medicine, including:

1. **The Hippocratic Oath**: a code of ethics that physicians still take today, which emphasizes the importance of confidentiality, respect for patients, and the avoidance of harm.
2. **The Four Humors Theory**: a theory that proposed that the body contained four fluid-like substances (blood, phlegm, yellow bile, and black bile) that needed to be kept in balance to maintain health.
3. **Clinical observation and documentation**: Hippocrates is credited with developing a systematic approach to clinical observation and documentation, which laid the foundation for modern medical practice.
4. **Teaching and education**: Hippocrates was a prolific teacher and writer, and his teachings were widely disseminated throughout the ancient world.

Hippocrates' legacy extends far beyond his";False;False;es;en;True;True;True;Vater der Medizin?;de;True;Père de la médecine ?;fr;True;¿Padre de la medicina?;es;True;;;;;;;corta;4;0.5;0.0909;True;es;nativo(prompt_es);True
Wait, what plant makes tequila?;"El tequila se hace a partir de la planta de la agave, específicamente de la especie Agave tequilana. Esta planta es nativa de México y es la base para la producción del tequila, que es un licor destilado que se obtiene a partir del jugo de la agave.

La agave tequilana es una planta perenne que crece en el suelo seco y bien drenado de las regiones de México donde se produce el tequila, como Jalisco, Guanajuato, Michoacán y Nayarit. La planta puede crecer hasta 2 metros de altura y tiene hojas largas y puntiagudas que rodean un corazón llamado piña, rico en azúcares.

El proceso de producción del tequila implica la cosecha de las piñas, su cocción, la extracción del jugo de agave, la fermentación y la destilación. El jugo de agave se utiliza para producir un líquido llamado ""mosto"", que se fermenta y luego se destila para producir el tequila.";agave;;"Tequila is actually made from the blue agave plant (Agave tequilana), not a traditional plant like wheat or corn. The blue agave is a type of succulent that's native to Mexico, and it's the primary ingredient in tequila production.

The blue agave is harvested when it's mature and has reached a certain level of ripeness, which is typically after 8-12 years. The heart of the agave, called the piña, is then extracted and fermented to produce the tequila. The type of tequila you get will depend on the region it's produced in (e.g., Blanco, Reposado, Añejo, etc.) and the specific agave varieties used.

Would you like to know more about tequila or blue agave?";False;False;es;en;True;True;True;Moment, aus welcher Pflanze wird Tequila gemacht?;de;True;Attends, quelle plante sert à faire la tequila ?;fr;True;Espera, ¿de qué planta se hace el tequila?;es;True;;;;;;;conversacional;8;0.9998;0.0206;True;es;nativo(prompt_es);True
What is the capital of Croatia?;La capital de Croacia es Zagreb.;Zagreb;Zagabria;The capital of Croatia is Zagreb.;False;False;es;en;True;True;True;Was ist die Hauptstadt von Kroatien?;de;True;Quelle est la capitale de la Croatie ?;fr;True;¿Cuál es la capital de Croacia?;es;True;;;;;;;factual_clasica;;0.9848;0.1154;True;es;nativo(prompt_es);
Which scientist discovered the neutron?;El neutrón fue descubierto por el físico británico James Chadwick en 1932.;Chadwick;;The neutron was discovered by British physicist James Chadwick in 1932. He was working at the Cavendish Laboratory at Cambridge University at the time, and he discovered the neutron while studying the properties of beryllium. Chadwick's discovery of the neutron was a major breakthrough in the field of nuclear physics and earned him the Nobel Prize in Physics in 1935.;False;False;es;en;True;True;True;Welcher Wissenschaftler entdeckte das Neutron?;de;True;Quel scientifique a découvert le neutron ?;fr;True;¿Qué científico descubrió el neutrón?;es;True;;;;;;;factual_aperturas;6;0.9996;0.0476;True;es;nativo(prompt_es);True
Let me know the capital of Serbia.;La capital de Serbia es Belgrado.;Belgrade;Belgrado|Belgrad;The capital of Serbia is Belgrade.;False;False;es;en;True;True;True;Sag mir die Hauptstadt Serbiens.;de;True;Dites-moi la capitale de la Serbie.;fr;True;Dime la capital de Serbia.;es;True;;;;;;;imperativo;8;0.9907;0.1111;True;es;nativo(prompt_es);
Cover what causes jet lag.;"El desfase horario, también conocido como jet lag, es un problema común que ocurre cuando el cuerpo humano se ve afectado por la diferencia de horarios entre diferentes zonas horarias. A continuación, te presento algunas de las causas más comunes del desfase horario:

1. **Diferencia de horarios**: La principal causa del desfase horario es la diferencia de horarios entre dos o más lugares. Cuando viajas a un lugar que está en una zona horaria diferente a la tuya, tu cuerpo necesita ajustarse a la nueva zona horaria.
2. **Cambios en el ritmo circadiano**: El ritmo circadiano es el ciclo natural que regula nuestros hábitos diarios, como dormir y despertar. Cuando viajas a un lugar con una zona horaria diferente, tu cuerpo necesita ajustarse a la nueva zona horaria, lo que puede causar un desfase en el ritmo circadiano.
3. **Ajuste a la luz**: La luz es un factor importante en la regulación del ritmo circadiano. Cuando viajas a un lugar con una luz diferente, tu cuerpo";circadian;circadi|zirkadian|reloj biologico|horloge biologique|innere Uhr|biologische Uhr;"Jet lag! It's a common phenomenon that can disrupt our sleep patterns and overall well-being when traveling across time zones. Here's what causes jet lag:

**What is jet lag?**

Jet lag, also known as desynchronosis, is a temporary disorder that occurs when our internal body clock is out of sync with the new time zone we're in. This happens when we travel across multiple time zones, causing our body to experience a mismatch between our natural sleep-wake cycle (circadian rhythm) and the new time zone's schedule.

**Causes of jet lag:**

1. **Time zone change**: When we travel across multiple time zones, our body's internal clock is forced to adjust to a new schedule. This can take several days to adjust to the new time zone.
2. **Disruption of the suprachiasmatic nucleus (SCN)**: The SCN is the part of the brain that regulates our circadian rhythm. When we travel, our SCN is disrupted, making it harder for our body to adjust to the new time zone.
3. **Melatonin levels**: Melatonin is a hormone that regulates our sleep-wake cycle. When we travel, our melatonin levels can be affected, leading to insomnia";False;False;es;en;True;True;True;Behandle, was Jetlag verursacht.;de;True;Traitez les causes du décalage horaire.;fr;True;Trata qué causa el desfase horario.;es;True;;;;;;;imperativo_explicativo;6;0.9998;0.0141;True;es;nativo(prompt_es);
What defines a sonnet's length?;Un soneto es un poema de 14 versos, con ciertas reglas que lo caracterizan. La extensión de un soneto suele ser de 14 versos, divididos en dos cuartetos y dos tercetos.;14;quatorze|catorce|vierzehn|quattordici|catorze|fourteen;"A traditional sonnet is a 14-line poem, written in iambic pentameter, with a specific rhyme scheme. There are two main forms of sonnets: the Shakespearean sonnet and the Italian sonnet.

**Shakespearean Sonnet:**

* Consists of 14 lines, with a rhyme scheme of: ABAB CDCD EFEF GG
* The first quatrain (four-line stanza) introduces the theme or subject
* The second quatrain develops the idea
* The third quatrain provides a turn or shift in the poem, often introducing a new idea or perspective
* The final couplet (two-line stanza) concludes the poem with a resolution or a comment on the theme

**Italian Sonnet:**

* Also consists of 14 lines, with a rhyme scheme of: ABBA ABBA CDCD CD
* The first eight lines (the octave) introduce the theme or subject
* The final six lines (the sestet) develop and resolve the idea
* The poem typically follows a pattern of alternating rhymes, with a pause or ""turn"" between the octave and the sestet

In both forms, the sonnet's length is fixed at 14 lines";False;False;es;en;True;True;True;Was bestimmt die Länge eines Sonetts?;de;True;Qu'est-ce qui définit la longueur d'un sonnet ?;fr;True;¿Qué define la extensión de un soneto?;es;True;;;;;;;explicativa;8;0.998;0.0153;True;es;nativo(prompt_es);True
Father of history?;"El término ""Padre de la Historia"" se ha utilizado para referirse a varios historiadores a lo largo de la historia, dependiendo del contexto y la época. Sin embargo, uno de los historiadores más comúnmente asociados con este título es Heródoto (c. 484 a.C. - c. 425 a.C.), un historiador griego considerado uno de los padres de la historia como disciplina.

Heródoto es conocido por su obra ""Historias"", que es considerada una de las primeras obras de historia escritas. En ella, relata eventos históricos de su época, incluyendo las guerras médicas entre griegos y persas, y explora las causas y consecuencias de los conflictos. Su enfoque en la investigación, la observación de fuentes primarias y la presentación de hechos objetivos lo convirtió en un modelo para los historiadores posteriores.

Otras figuras históricas también han sido referidas como ""Padre de la Historia"" en diferentes contextos, como:

- **Tucídides** (c. 460 a.C. - c. 400 a.C.), autor de la ""Historia de la guerra del Peloponeso"", a quien muchos consideran el padre de la historia científica.";Herodotus;Herodote|Herodoto|Herodot|Erodoto;"You're thinking of Herodotus, the ancient Greek historian often referred to as the ""Father of History"". He's credited with being one of the first historians in the Western tradition, and his works, particularly ""The Histories"", are still studied and admired today.

Herodotus was born around 484 BCE in Halicarnassus, a city in ancient Greece. He traveled extensively throughout the ancient world, gathering information and stories about the cultures, customs, and events of the time. His writings were groundbreaking in that they focused on the human experience, rather than just the actions of gods and goddesses.

Herodotus' most famous work, ""The Histories"", is a sweeping narrative that covers the ancient world, from the Persian Wars to the mythical origins of the Greeks. He's also known for his use of eyewitness accounts, oral traditions, and archaeological evidence to support his stories.

What would you like to know more about Herodotus or his works?";False;False;es;en;True;True;True;Vater der Geschichtsschreibung?;de;True;Père de l'histoire ?;fr;True;¿Padre de la historia?;es;True;;;;;;;corta;4;0.9998;0.0234;True;es;nativo(prompt_es);True
Pub quiz: which gas lights red signs?;La respuesta es: el neón.;neon;;The answer to that one is... COBALT BLUE!;False;False;es;en;True;False;True;Kneipenquiz: Welches Gas lässt rote Leuchtschilder leuchten?;de;True;Quiz au bar : quel gaz éclaire les enseignes rouges ?;fr;True;Pregunta de bar: ¿qué gas ilumina los letreros rojos?;es;True;;;;;;;conversacional;9;0.9993;0.1176;True;es;nativo(prompt_es);True
In what year was the Declaration of the Rights of Man adopted in France?;La Declaración de los Derechos del Hombre y del Ciudadano fue adoptada en Francia en el año 1789.;1789;;The Declaration of the Rights of Man and of the Citizen was adopted in France on August 26, 1789.;False;False;es;en;True;True;True;In welchem Jahr wurde die Deklaration der Rechte des Menschen in Frankreich angenommen?;de;True;En quelle année la Déclaration des droits de l'homme a-t-elle été adoptée en France ?;fr;True;¿En qué año se adoptó la Declaración de los Derechos del Hombre en Francia?;es;True;;;;;;;factual_clasica;;0.9999;0.08;True;es;nativo(prompt_es);
Which computer defeated Kasparov?;"Garry Kasparov, considerado uno de los mejores ajedrecistas de todos los tiempos, perdió contra una computadora en 1997. Esa computadora fue Deep Blue, desarrollada por IBM.

Kasparov ya se había enfrentado a Deep Blue en 1996 y había ganado ese primer encuentro por 4 a 2. Sin embargo, en la revancha de mayo de 1997, celebrada en Nueva York, una versión mejorada de Deep Blue ganó el encuentro a seis partidas por 3,5 a 2,5.

Fue la primera vez que una computadora derrotó a un campeón mundial de ajedrez en un encuentro con las reglas normales de torneo, y se considera un hito en la historia de la inteligencia artificial.";Deep Blue;;"You're referring to the historic match between the world's top chess player at the time, Garry Kasparov, and a computer program.

The answer is Deep Blue, a supercomputer developed by IBM. In 1997, Deep Blue defeated Kasparov in a six-game match, winning 3.5 to 2.5.

Deep Blue was a remarkable achievement in artificial intelligence, using a combination of brute force and advanced algorithms to analyze millions of positions per second. Its victory marked a significant milestone in the development of chess-playing computers.

Would you like to know more about the match or the technology behind Deep Blue?";False;False;es;en;True;True;True;Welcher Computer besiegte Kasparow?;de;True;Quel ordinateur a battu Kasparov ?;fr;True;¿Qué computadora derrotó a Kaspárov?;es;True;;;;;;;factual_aperturas;7;0.9998;0.0325;True;es;nativo(prompt_es);True
Spot the largest lake in Africa.;El lago más grande de África es el lago Victoria.;Victoria;;The largest lake in Africa is Lake Victoria.;False;False;es;en;True;True;True;Ermittle den größten See Afrikas.;de;True;Repérez le plus grand lac d'Afrique.;fr;True;Detecta el lago más grande de África.;es;True;;;;;;;imperativo;7;0.9999;0.1143;True;es;nativo(prompt_es);True
Decode how LEDs produce light.;"La producción de luz en los LED (Diodo Emisor de Luz) es un proceso fascinante que involucra la combinación de tecnología electrónica y física. Aquí te explico cómo funcionan los LED y cómo producen luz:

**La estructura básica de un LED**

Un LED consta de dos materiales semiconductores, uno de tipo n (negativo) y otro de tipo p (positivo), que se unen en una zona llamada ""unión p-n"". El tipo n es un material que tiene un exceso de electrones, mientras que el tipo p tiene un déficit de electrones, es decir, ""huecos"".

**El proceso de producción de luz**

Cuando se aplica una tensión eléctrica a través del LED, los electrones del tipo n y los huecos del tipo p se mueven hacia la unión. Allí se recombinan y liberan energía en forma de luz.

El proceso se puede dividir en varias etapas:

1. **Aplicación de la tensión**: Se aplica una tensión eléctrica en sentido directo, que empuja los electrones y los huecos hacia la unión p-n.
2. **Recombinación**: Cada electrón que cae en un hueco pasa a un nivel de energía más bajo.
3. **Emisión de fotones**: La energía sobrante se libera como un fotón, es decir, una partícula de luz.
4. **Color de la luz**: El color depende del material semiconductor y de su ""banda prohibida"": cuanto mayor es la diferencia de energía, más azulada es la luz.";semiconductors;semicond|Halbleiter|lectron|p-n|pn-Ubergang|p-Element;"LEDs (Light Emitting Diodes) produce light through a process called electroluminescence. Here's a step-by-step explanation of how it works:

**The Basic Principle**

An LED consists of two types of materials: p-type (positive) and n-type (negative) semiconductors. When a voltage is applied across the LED, electrons from the n-type material flow into the p-type material, creating a flow of current.

**The Process**

1. **Electron Flow**: When a voltage is applied to the LED, electrons from the n-type material flow into the p-type material. This creates a flow of current, known as the forward bias.
2. **Recombination**: As the electrons flow into the p-type material, they collide with holes (positive charge carriers) in the material. This collision causes the electrons to recombine with the holes, releasing energy in the form of photons.
3. **Photon Emission**: The energy released by the recombination of electrons and holes is in the form of photons, which are emitted in all directions from the LED.
4. **Light Emission**: The photons emitted by the LED are what we perceive as light. The color of the light depends on the energy";False;False;es;en;True;True;True;Entschlüssle, wie LEDs Licht erzeugen.;de;True;Décodez comment les LED produisent de la lumière.;fr;True;Decodifica cómo producen luz los LED.;es;True;;;;;;;imperativo_explicativo;6;0.9997;0.0463;True;es;nativo(prompt_es);True
What does a metronome keep?;"Un metrónomo marca el tempo, es decir, la velocidad a la que se interpreta una pieza musical. Lo hace produciendo un pulso regular, con un clic o un golpe, a un número fijo de pulsos por minuto (BPM).

1. **Tempo constante**: Ayuda a los músicos a mantener un ritmo estable sin acelerar ni frenar.
2. **Indicaciones de velocidad**: Permite ajustar con precisión tempos como el largo (lento), el andante (moderado) o el allegro (rápido).
3. **Práctica**: Es muy útil para estudiar pasajes difíciles, empezando despacio y aumentando la velocidad poco a poco.
4. **Tipos**: Existen metrónomos mecánicos, con un péndulo, y digitales o en aplicaciones móviles.

El metrónomo mecánico fue patentado por Johann Maelzel en 1815, y Beethoven fue uno de los primeros compositores en usarlo para indicar el tempo de sus obras.";tempo;rythme|ritmo|Takt|beat;A metronome keeps time! It's a musical instrument that helps musicians keep a steady beat or tempo, usually measured in beats per minute (BPM). It provides a consistent pulse or rhythm, allowing musicians to play in time with the metronome's steady tick or click.;False;False;es;en;True;True;True;Was gibt ein Metronom vor?;de;True;Que marque un métronome ?;fr;True;¿Qué marca un metrónomo?;es;True;;;;;;;explicativa;8;0.9998;0.0156;True;es;nativo(prompt_es);True
Largest Mediterranean island?;La isla más grande del Mediterráneo es Sicilia, que pertenece a Italia.;Sicily;Sicile|Sicilia|Sizilien;The largest Mediterranean island is Sicily, which is an autonomous region of Italy. It has an area of approximately 25,711 square kilometers (9,927 square miles).;False;False;es;en;True;True;True;Größte Mittelmeerinsel?;de;True;Plus grande île de la Méditerranée ?;fr;True;¿Mayor isla del Mediterráneo?;es;True;;;;;;;corta;5;0.9998;0.069;True;es;nativo(prompt_es);
Hey, who wrote Pinocchio?;"Pinocho es una de las obras más famosas de la literatura infantil y ha sido escrita por el autor italiano Carlo Collodi. La historia se publicó por entregas a partir de 1881 y como libro en 1883 bajo el título ""Las aventuras de Pinocho"" y ha sido traducido a muchas lenguas y ha sido adaptado a diversas formas de medios, como películas, teatro y televisión.

Carlo Collodi, cuyo nombre real era Carlo Lorenzini, fue un escritor y periodista italiano. Escribió Pinocho como una forma de criticar la sociedad de su época, especialmente la forma en que se trataba a los niños y la importancia de la educación.

¿Quieres saber más sobre Pinocho o Carlo Collodi?";Collodi;;"A classic tale!

Pinocchio was written by Carlo Collodi, an Italian author and journalist. The original book, titled ""The Adventures of Pinocchio,"" was first published in serial form in an Italian newspaper in 1881. It was later published in book form in 1883.

However, it's worth noting that the Disney adaptation of Pinocchio, which is probably the most well-known version, was written by several people, including:

* Ted Sears (screenwriter)
* Wilfred Jackson (screenwriter)
* Bill Walsh (screenwriter)
* Joe Grant (screenwriter)
* and others

The Disney movie was released in 1940 and has since become a beloved classic around the world.

Would you like to know more about Pinocchio or Carlo Collodi?";False;False;es;en;True;True;True;Hey, wer schrieb Pinocchio?;de;True;Hé, qui a écrit Pinocchio ?;fr;True;Oye, ¿quién escribió Pinocho?;es;True;;;;;;;conversacional;8;0.9999;0.0344;True;es;nativo(prompt_es);True
In what year was John F. Kennedy assassinated?;El presidente de los Estados Unidos, John F. Kennedy, fue asesinado el 22 de noviembre de 1963.;1963;;John F. Kennedy, the 35th President of the United States, was assassinated on November 22, 1963, in Dallas, Texas.;False;False;es;en;True;True;True;In welchem Jahr wurde John F. Kennedy ermordet?;unknown;True;En quelle année John F. Kennedy a-t-il été assassiné ?;fr;True;¿En qué año fue asesinado John F. Kennedy?;unknown;True;;;;;;;factual_clasica;;0.9999;0.087;True;es;nativo(prompt_es);
Which empire built Machu Picchu?;Machu Picchu fue construido por los incas.;Inca;Inka;Machu Picchu was built by the Inca Empire. Specifically, it was constructed during the 15th century, specifically between 1450 and 1460, under the rule of the Inca emperor Pachacuti. The Inca Empire was a vast and powerful empire that flourished in the Andean region of South America, and Machu Picchu was one of its most impressive and mysterious ruins.;False;False;es;en;True;True;True;Welches Reich erbaute Machu Picchu?;de;True;Quel empire a construit le Machu Picchu ?;fr;True;¿Qué imperio construyó Machu Picchu?;es;True;;;;;;;factual_aperturas;8;0.9998;0.0571;True;es;nativo(prompt_es);
Fetch the capital of Latvia.;La capital de Letonia es Riga.;Riga;;The capital of Latvia is Riga.;False;False;es;en;True;True;True;Hol mir die Hauptstadt Lettlands.;de;True;Rapportez-moi la capitale de la Lettonie.;fr;True;Tráeme la capital de Letonia.;es;True;;;;;;;imperativo;6;0.9088;0.125;True;es;nativo(prompt_es);
Unravel how kidneys clean blood.;"Los riñones tienen un papel fundamental en el proceso de eliminar el exceso de sustancias tóxicas y desechos del cuerpo, incluyendo la sangre. A continuación, te explicaré cómo limpian la sangre los riñones:

**Proceso de filtración**

Los riñones realizan su función de filtración a través de las nefronas, unas unidades microscópicas de las que cada riñón tiene alrededor de un millón. La sangre llega al riñón a través de la arteria renal y se reparte hasta los glomérulos, pequeños ovillos de capilares dentro de cada nefrona.

**Fases del proceso de filtración**

El proceso se divide en tres fases:

1. **Fase de filtración glomerular**: En el glomérulo, la presión de la sangre empuja el agua y las sustancias pequeñas, como sales, glucosa y urea, hacia la cápsula de Bowman. Las células sanguíneas y las proteínas grandes se quedan en la sangre.
2. **Fase de reabsorción tubular**: A lo largo de los túbulos renales, el cuerpo recupera lo que necesita, como la mayor parte del agua, la glucosa y las sales.
3. **Fase de secreción tubular**: Los túbulos añaden al líquido otros desechos y el exceso de iones. El líquido resultante es la orina, que pasa a la vejiga.";filtration;filtr|Filter;"The kidneys are two bean-shaped organs located in the lower back, just above the waistline. They play a vital role in maintaining our overall health by filtering waste and excess fluids from the blood. Here's a step-by-step explanation of how kidneys clean blood:

**The Kidney's Filtering Process**

1. **Blood Flow**: The kidneys receive a constant flow of blood from the aorta, the largest artery in the body. The blood is rich in oxygen, nutrients, and waste products.
2. **Glomeruli**: The blood flows through tiny blood vessels called glomeruli, which are located within the nephrons, the functional units of the kidneys. The glomeruli act as filters, allowing small molecules like water, ions, and glucose to pass through while keeping larger molecules like proteins and blood cells behind.
3. **Filtration**: As the blood flows through the glomeruli, the filtration process begins. The glomeruli have tiny pores that allow water, ions, and glucose to pass through, while keeping larger molecules like proteins and blood cells in the bloodstream.
4. **Proximal Convoluted Tubule (PCT)**: The filtered fluid then enters the PCT, where most of the glucose,";False;False;es;en;True;True;True;Entwirre, wie die Nieren das Blut reinigen.;de;True;Démêlez comment les reins nettoient le sang.;fr;True;Desentraña cómo limpian la sangre los riñones.;es;True;;;;;;;imperativo_explicativo;7;0.9994;0.0137;True;es;nativo(prompt_es);True
What does an orchestra conductor hold?;"Un director de orquesta sostiene normalmente una batuta, una varilla delgada que usa para guiar a los músicos. Algunos de los aspectos más importantes de la batuta son:

1. **Función**: Sirve para indicar el compás, el tempo y las entradas de los instrumentos, de forma que toda la orquesta pueda ver con claridad los movimientos del director.

2. **Materiales**: Suele estar hecha de madera, fibra de vidrio o fibra de carbono, con un mango de corcho o madera.

3. **Tamaño**: Mide habitualmente entre 30 y 50 centímetros y es muy ligera.

4. **La otra mano**: Mientras la mano derecha marca el ritmo con la batuta, la mano izquierda suele indicar la dinámica y la expresión.

Algunos directores, como Pierre Boulez, prefieren dirigir sin batuta, solo con las manos.";baton;baguet|batut|Taktstock|bacchett|baston|Dirigierstock;An orchestra conductor typically holds a baton.;False;False;es;en;True;True;True;Was hält ein Dirigent in der Hand?;de;True;Que tient un chef d'orchestre ?;fr;True;¿Qué sostiene un director de orquesta?;es;True;;;;;;;explicativa;7;0.9998;0.0191;True;es;nativo(prompt_es);True
Tallest mountain in Europe?;La montaña más alta de Europa es el Monte Elbrus, ubicado en el Cáucaso, en Rusia, cerca de la frontera con Georgia. Tiene una altura de 5.642 metros sobre el nivel del mar.;Elbrus;Elbrous|Mont Blanc|Monte Bianco|Monte Branco;The tallest mountain in Europe is Mount Elbrus, located in the Caucasus mountain range on the border between Russia and Georgia. It stands at a height of 5,642 meters (18,510 feet) above sea level.;False;False;es;en;True;True;True;Höchster Berg Europas?;de;True;Plus haute montagne d'Europe ?;fr;True;¿Montaña más alta de Europa?;es;True;;;;;;;corta;6;0.9998;0.062;True;es;nativo(prompt_es);True
Quick question: who composed Canon in D?;El Canon en re fue compuesto por el compositor alemán Johann Pachelbel, probablemente a finales del siglo XVII.;Pachelbel;;"The ""Canon in D"" is a famous musical composition by Johann Pachelbel, a German Baroque composer. It's a beautiful and well-known piece of music, often played at weddings and other formal events.";False;False;es;en;True;True;True;Kurze Frage: Wer komponierte den Kanon in D?;de;True;Petite question : qui a composé le Canon en ré ?;fr;True;Pregunta rápida: ¿quién compuso el Canon en re?;es;True;;;;;;;conversacional;9;0.9999;0.0329;True;es;nativo(prompt_es);True
What is the capital of Slovakia?;La capital de Eslovaquia es Bratislava.;Bratislava;;The capital of Slovakia is Bratislava.;False;False;es;en;True;True;True;Was ist die Hauptstadt der Slowakei?;de;True;Quelle est la capitale de la Slovaquie ?;fr;True;¿Cuál es la capital de Eslovaquia?;es;True;;;;;;;factual_clasica;;0.79;0.0909;True;es;nativo(prompt_es);
Which dwarf planet was once a planet?;"Anteriormente, el planeta enano Plutón fue considerado como el noveno planeta del sistema solar. Sin embargo, en 2006, la Unión Astronómica Internacional (UAI) redefinió la definición de planeta y reclasificó a Plutón como un planeta enano.

La razón principal fue que Plutón no cumplía con el nuevo criterio de que un planeta debe haber ""limpiado la vecindad"" de su órbita, ya que comparte su zona con muchos otros objetos del cinturón de Kuiper.

En su lugar, Plutón se clasificó como un planeta enano, un tipo de cuerpo celeste que es grande suficiente para ser redondeado por su propia gravedad, pero que no es lo suficientemente grande como para dominar su órbita.

Otras características que definen a los planetas enanos incluyen:

* Una órbita alrededor del Sol, como la de Plutón en el cinturón de Kuiper, un cinturón de objetos pequeños y fríos que se encuentra más allá de la órbita de Neptuno.";Pluto;Pluton|Plutone|Plutao;"You're likely thinking of Pluto!

Pluto was once considered to be the ninth planet in our solar system, but in 2006, the International Astronomical Union (IAU) redefined the term ""planet"" and reclassified Pluto as a dwarf planet.

According to the new definition, a planet is a celestial body that:

1. Is in orbit around the Sun.
2. Has sufficient mass to assume a hydrostatic equilibrium shape (i.e., it's nearly round in shape).
3. Has cleared the neighborhood around its orbit.

Pluto doesn't meet the third criterion, as its orbit overlaps with that of Neptune, and there are other celestial bodies in the Kuiper Belt that are similar in size and composition to Pluto.

So, while Pluto was once considered a planet, it's now classified as a dwarf planet, a new category of objects created by the IAU.

Would you like to know more about dwarf planets or Pluto?";False;False;es;en;True;True;True;Welcher Zwergplanet war früher ein Planet?;de;True;Quelle planète naine était autrefois une planète ?;fr;True;¿Qué planeta enano fue antes un planeta?;es;True;;;;;;;factual_aperturas;8;0.9998;0.0253;True;es;nativo(prompt_es);True
Track down the country of Angel Falls.;"El Salto Ángel es un impresionante salto de agua ubicado en el Parque Nacional Canaima, en el estado de Bolívar, Venezuela. Es considerado el salto de agua más alto del mundo y uno de los principales atractivos turísticos de Venezuela.

El Salto Ángel cae desde la cima del Auyantepui, una montaña de cumbre plana en una zona que es hogar del pueblo indígena pemón. El salto es un espectáculo natural impresionante, con una caída total de aproximadamente 979 metros.

El Salto Ángel es un lugar de gran belleza y majestuosidad, y es considerado uno de los lugares más emblemáticos de Venezuela. Sin embargo, es importante destacar que la zona es muy remota y difícil de acceder, lo que la hace un desafío para los turistas.

¿Quieres saber más sobre cómo llegar al Salto Ángel o qué hacer allí?";Venezuela;;"Angel Falls is a magnificent waterfall located in the heart of South America.

Angel Falls is situated in the Canaima National Park, which is part of the Gran Sabana region in Venezuela, South America. Specifically, it is located in the Canaima State, in the Bolivar State, Venezuela.

The falls are situated in the Kukenaam River, which flows from the top of the Auyán-tepui mountain, a flat-topped mountain that is part of the table-topped mountain range known as the tepuis.

Angel Falls is the highest uninterrupted waterfall in the world, with a height of approximately 979 meters (3,212 feet) from its base to the top of the falls. The falls are named after the American pilot Jimmy Angel, who first discovered the falls in 1937.

Would you like to know more about Angel Falls or the surrounding region?";False;False;es;en;True;True;True;Spür das Land der Angel-Fälle auf.;de;True;Retrouvez le pays du Salto Ángel.;fr;True;Rastrea el país del Salto Ángel.;es;True;;;;;;;imperativo;8;0.9999;0.0346;True;es;nativo(prompt_es);True
Fill me in on how flowers make seeds.;"La producción de semillas por las flores es un proceso fascinante que involucra varias etapas y mecanismos. Aquí te explico los pasos generales:

**El proceso de producción de semillas**

1. **Formación de los gametos**: En las flores, las plantas producen óvulos dentro del ovario, que forma parte del pistilo, la estructura reproductiva femenina. Los granos de polen, que contienen los gametos masculinos, se forman en las anteras de los estambres.
2. **Polinización**: El polen viaja desde la antera hasta el estigma de una flor de la misma especie, transportado por el viento, el agua o animales como abejas, mariposas y colibríes.
3. **Fertilización**: Cuando el polen llega al estigma, forma un tubo polínico que crece hasta el óvulo. Allí un gameto masculino se une a la ovocélula y forma el cigoto, y otro se une a dos núcleos polares y forma el endospermo, la reserva de alimento.
4. **Desarrollo de la semilla**: El cigoto se convierte en un embrión, el óvulo se transforma en semilla y el ovario se desarrolla como fruto, que protege las semillas y ayuda a dispersarlas.";pollination;pollin|polini|Bestaub|impollin;"The process of how flowers make seeds is a fascinating and complex one. Here's a step-by-step explanation:

**The Life Cycle of a Flower**

Flowers are the reproductive structures of plants, and they play a crucial role in the production of seeds. The life cycle of a flower typically involves the following stages:

1. **Flower Formation**: A flower is formed from the ovary of a plant, which contains the female reproductive organs. The flower is made up of petals, sepals, stamens, and pistils.
2. **Pollination**: When a flower is pollinated, the male reproductive cells (pollen) from the anther of the flower fertilize the female reproductive cells (ovules) in the ovary. This can happen through various means, such as wind, insects, or animals.
3. **Fertilization**: After pollination, the fertilized ovules develop into seeds. This process is called fertilization.

**The Seed Formation Process**

Here's a more detailed explanation of how seeds are formed:

1. **Ovule Development**: After fertilization, the ovules in the ovary begin to develop into seeds. The ovules contain the embryo of a new plant, which will";False;False;es;en;True;True;True;Bring mich auf den Stand, wie Blumen Samen bilden.;de;True;Mettez-moi au courant de la production de graines par les fleurs.;fr;True;Ponme al día sobre cómo producen semillas las flores.;es;True;;;;;;;imperativo_explicativo;9;0.9997;0.0189;True;es;nativo(prompt_es);True
How does a violin produce sound?;"Un violín es un instrumento musical de cuerda que produce sonido mediante la vibración de sus cuerdas. A continuación, te explico cómo funciona:

**La estructura del violín**

Un violín consta de varias partes:

1. **Cuerdas**: son cuatro cuerdas de tripa, acero o materiales sintéticos, tensadas desde las clavijas hasta el cordal.
2. **Caja de resonancia**: es el cuerpo hueco de madera del violín, con dos aberturas en forma de ""f"".
3. **Puente**: es una pieza de madera que sostiene las cuerdas y transmite sus vibraciones a la tapa.
4. **Mástil**: es la parte larga donde el violinista presiona las cuerdas con los dedos para cambiar las notas.
5. **Arco**: es una vara de madera con crines de caballo, que se frota sobre las cuerdas.

**Cómo se produce el sonido**

Cuando se toca un violín, el arco, untado con resina, se frota sobre las cuerdas, lo que hace que las cuerdas vibren. Estas vibraciones se transmiten a través del puente a la caja de resonancia, que las amplifica y produce el sonido que escuchamos.";strings;cordes|cuerdas|Saiten|corde|cordas|archet|arco|Bogen;"The violin is a beautiful instrument that produces sound through a fascinating process. Here's a step-by-step explanation:

**The Basic Components**

A violin consists of:

1. **Body**: The main body of the violin, which is hollow and resonates to amplify the sound.
2. **Neck**: The long, thin part of the violin where the fingerboard is attached.
3. **Fingerboard**: A flat piece of wood glued to the neck, where the player presses the strings to produce different notes.
4. **Strings**: Four strings (G, D, A, and E, from lowest to highest pitch) made of metal or synthetic materials, stretched between the tuning pegs and the bridge.
5. **Tuning pegs**: Small machines that adjust the string tension to produce the desired pitch.
6. **Bridge**: A small piece of wood that supports the strings and transfers their vibrations to the body.

**The Sound Production Process**

When a violinist plays the instrument, the following process occurs:

1. **String Vibration**: The player presses the strings against the fingerboard, causing them to vibrate. The vibration is amplified by the tension in the strings.
2. **Vibration Transfer**: The vibrating strings";False;False;es;en;True;True;True;Wie erzeugt eine Geige Klang?;de;True;Comment un violon produit-il du son ?;fr;True;¿Cómo produce sonido un violín?;es;True;;;;;;;explicativa;7;0.9998;0.02;True;es;nativo(prompt_es);True
Longest river in Asia?;El río más largo de Asia es el río Yangtsé, que tiene una longitud de aproximadamente 6.300 kilómetros.;Yangtze;Yangzi|Yangtse|Jangtse|Chang Jiang|Changjiang;The longest river in Asia is the Yangtze River, which is approximately 6,300 kilometers (3,915 miles) long. It flows through China and is also the longest river in the world by discharge volume.;False;False;es;en;True;True;True;Längster Fluss Asiens?;de;True;Plus long fleuve d'Asie ?;fr;True;¿Río más largo de Asia?;es;True;;;;;;;corta;6;0.9999;0.038;True;es;nativo(prompt_es);
Just curious, who invented the stethoscope?;"Un instrumento muy importante en la medicina.

El estetoscopio fue inventado por René Laënnec, un médico francés, en 1816. Laënnec, que nació en 1781 en Quimper, Francia, era un médico y anatomista que buscaba una forma más segura y efectiva de escuchar los sonidos del corazón y los pulmones de sus pacientes.

En ese momento, los médicos utilizaban un método llamado ""escucha con el oído"", donde se colocaba el oído en la parte superior del pecho del paciente para escuchar los sonidos del corazón y los pulmones. Sin embargo, este método no era muy preciso y podía ser incómodo para el paciente y para el médico.

Laënnec creó un instrumento que consistía en un tubo de madera que se colocaba sobre el pecho del paciente, y que permitía escuchar los sonidos del corazón y los pulmones de manera más clara y precisa. El instrumento se llamó ""stéthoscope"" en francés, de las palabras griegas ""stethos"" (pecho) y ""skopein"" (observar).";Laennec;;"The stethoscope was invented by René Laënnec, a French physician, in 1816. Laënnec was a cardiologist who was trying to listen to the sounds of a patient's heart without having to place his ear directly on the chest. He discovered that by placing a hollow tube, or ""stethoscope,"" over the chest, he could hear the heart sounds more clearly and with greater precision.

Laënnec's invention was initially called the ""stethoscope"" because it resembled a pair of binoculars, with the tube serving as the lens. The stethoscope was a major innovation in medical diagnosis, allowing doctors to listen to the heart and lungs more accurately and making it easier to diagnose a range of conditions.

Interestingly, Laënnec's invention was initially met with skepticism, and it took some time for the stethoscope to become widely accepted as a standard medical tool. However, it eventually became an essential part of medical practice, and its design has remained relatively unchanged to this day.

Would you like to know more about the history of the stethoscope or its impact on medical practice?";False;False;es;en;True;True;True;Nur aus Neugier: Wer erfand das Stethoskop?;de;True;Simple curiosité : qui a inventé le stéthoscope ?;fr;True;Solo por curiosidad, ¿quién inventó el estetoscopio?;es;True;;;;;;;conversacional;10;0.9999;0.0169;True;es;nativo(prompt_es);True
How many cards are in a standard deck without jokers?;Un mazo estándar de cartas sin comodines tiene 52 cartas, repartidas en 4 palos de 13 cartas cada uno.;52;;There are 52 cards in a standard deck of cards without jokers.;False;False;es;en;True;True;True;Wie viele Karten sind in einem Standarddeck ohne Joker enthalten?;de;True;Combien de cartes y a-t-il dans un jeu standard sans joker?;fr;True;¿Cuántas cartas hay en un mazo estándar sin comodines?;es;True;;;;;;;factual_clasica;;0.9983;0.013;True;es;nativo(prompt_es);True
Which philosopher tutored Alexander the Great?;El filósofo que fue tutor de Alejandro Magno fue Aristóteles.;Aristotle;Aristote|Aristoteles|Aristotele;The philosopher who tutored Alexander the Great was Aristotle.;False;False;es;en;True;True;True;Welcher Philosoph unterrichtete Alexander den Großen?;de;True;Quel philosophe fut le précepteur d'Alexandre le Grand ?;fr;True;¿Qué filósofo fue tutor de Alejandro Magno?;es;True;;;;;;;factual_aperturas;8;0.9999;0.0784;True;es;nativo(prompt_es);
Dig up who invented the telegraph.;"El telégrafo eléctrico fue inventado por Samuel Morse, un pintor e inventor estadounidense, que lo desarrolló a partir de 1837 con la ayuda de Alfred Vail y Leonard Gale. Casi al mismo tiempo, en Inglaterra, William Cooke y Charles Wheatstone crearon otro sistema de telégrafo eléctrico.

Samuel Morse también desarrolló el código Morse, que consiste en enviar mensajes a través de una serie de puntos y rayas. El sistema Morse se convirtió en el estándar para el telégrafo y permitió la transmisión de mensajes a larga distancia de manera rápida y eficiente.

El primer mensaje oficial por la línea de Morse se envió en 1844 entre Washington y Baltimore, con la frase ""What hath God wrought"". El telégrafo revolucionó la forma en que las personas se comunicaban y permitió la transmisión de mensajes casi en tiempo real a largas distancias.";Samuel Morse;Morse;"A great piece of history!

The invention of the telegraph is credited to two individuals: Charles Wheatstone and Samuel Morse.

**Charles Wheatstone (1802-1875)**

Charles Wheatstone, an English scientist and inventor, developed the first telegraph system in the 1830s. He created a device that used a series of electrical impulses to transmit coded messages over wires. Wheatstone's system used a series of dots and dashes to represent letters and numbers, which was the precursor to Morse code.

**Samuel Morse (1791-1872)**

Samuel Morse, an American artist and inventor, developed the Morse code system in the 1830s. Morse, who was also a professor of art at New York University, created a system of dots and dashes that could be used to transmit messages over wires. Morse's system was more efficient and practical than Wheatstone's, and it became the standard for telegraph communication.

**The First Telegraph System**

In 1837, Wheatstone and Morse collaborated to develop the first practical telegraph system. They used a series of electrical impulses to transmit coded messages over wires, with Morse's code system being used to represent letters and numbers. The first telegraph message was sent";False;False;es;en;True;True;True;Find heraus, wer den Telegrafen erfand.;de;True;Dénichez qui a inventé le télégraphe.;fr;True;Averigua quién inventó el telégrafo.;es;True;;;;;;;imperativo;8;0.9998;0.0317;True;es;nativo(prompt_es);True
Interpret how cats purr.;"Los gatos ronronean gracias a un mecanismo muy particular de su garganta. Aquí te explico cómo funciona:

1.  **Los músculos de la laringe**: El cerebro del gato envía señales rítmicas a los músculos de la laringe, que se contraen y relajan muy rápido, entre 25 y 150 veces por segundo.
2.  **Las cuerdas vocales**: Esos movimientos abren y cierran la glotis, de modo que las cuerdas vocales vibran y se separan bruscamente.
3.  **El paso del aire**: La vibración se produce tanto al inspirar como al espirar, por eso el ronroneo suena continuo.
4.  **El significado**: Los gatos ronronean cuando están relajados y contentos, pero también cuando tienen dolor, están estresados o quieren pedir algo, como comida o atención. Algunos estudios sugieren que esas vibraciones de baja frecuencia podrían ayudar a sanar huesos y tejidos.";larynx;laryn|laring|Kehlkopf;"The fascinating world of feline communication! Cats purr, a unique vocalization that has puzzled and delighted humans for centuries. Let's dive into the science behind this intriguing behavior.

**What is purring?**

Purring is a low-pitched humming sound produced by a cat's laryngeal muscles, which vibrate the vocal cords. This sound is typically accompanied by a rapid, rhythmic movement of the cat's diaphragm, known as the ""purr cycle."" The purring sound is usually between 20-140 Hz, which is within the range of low-frequency sounds that can be felt as vibrations.

**Why do cats purr?**

Cats purr for a variety of reasons, including:

1. **Self-soothing and relaxation**: Purring is a calming mechanism that helps cats relax and reduce stress. It's a way for them to regulate their breathing and calm their nervous system.
2. **Communication**: Purring can be a form of nonverbal communication between cats, particularly between mothers and their kittens. It can signal contentment, reassurance, and even a request for food or attention.
3. **Healing and pain relief**: Purring has been linked to the release of end";False;False;es;en;True;True;True;Deute, wie Katzen schnurren.;de;True;Interprétez le ronronnement des chats.;fr;True;Interpreta cómo ronronean los gatos.;es;True;;;;;;;imperativo_explicativo;7;0.9998;0.0185;True;es;nativo(prompt_es);True
How does a piano make sound?;"Un piano es un instrumento musical que produce sonido mediante la combinación de varios componentes. A continuación, te explico cómo funciona:

**Componentes básicos**

Un piano típico consta de los siguientes componentes:

1. **Teclado**: Es el conjunto de 88 teclas que se tocan para producir sonido. Tradicionalmente eran de madera cubierta de marfil y ébano; hoy suelen recubrirse de plástico.
2. **Sistema de acción**: Es el mecanismo que conecta las teclas con las cuerdas. Al pulsar una tecla, un sistema de palancas impulsa un martillo forrado de fieltro que golpea la cuerda y rebota de inmediato.
3. **Cuerdas**: Son cuerdas de acero tensadas sobre un marco de hierro; cada nota tiene entre una y tres cuerdas.
4. **Apagadores**: Son piezas de fieltro que detienen la vibración de la cuerda al soltar la tecla.
5. **Caja de resonancia**: Es una gran tabla de madera que recibe las vibraciones de las cuerdas a través del puente y las amplifica, produciendo el sonido que escuchamos.";hammers;marteau|martill|Hammer|martel;"Pianos are incredible instruments that produce sound through a combination of mechanical and acoustic principles. Here's a simplified explanation of how a piano makes sound:

**The Basic Components**

A piano consists of:

1. **Strings**: A set of metal wires (typically made of steel or copper) stretched between the piano's frame and the soundboard. These strings are divided into two groups: the **white strings** (also known as the ""piano strings"") and the **black strings** (also known as the ""harp strings"").
2. **Hammers**: A set of wooden or synthetic hammers that strike the strings to produce sound.
3. **Soundboard**: A wooden board that amplifies and projects the sound produced by the vibrating strings.
4. **Action**: The mechanical system that connects the keys to the hammers.

**The Sound Production Process**

Here's what happens when you play a piano:

1. **Key Press**: When you press a key, it triggers the action, which connects the key to the corresponding hammer.
2. **Hammer Strike**: The hammer strikes the string, causing it to vibrate.
3. **String Vibration**: The vibrating string produces sound waves, which are amplified by the sound";False;False;es;en;True;True;True;Wie erzeugt ein Klavier Töne?;de;True;Comment un piano produit-il des sons ?;fr;True;¿Cómo produce sonido un piano?;es;True;;;;;;;explicativa;7;0.9997;0.0268;True;es;nativo(prompt_es);True
Largest country in Africa?;El país más grande de África es Argelia.;Algeria;Algerie|Argelia|Algerien;The largest country in Africa is Algeria.;False;False;es;en;True;True;True;Größtes Land Afrikas?;de;True;Plus grand pays d'Afrique ?;fr;True;¿País más grande de África?;es;True;;;;;;;corta;6;0.9999;0.1026;True;es;nativo(prompt_es);True
Random thought: who painted The School of Athens?;"La pintura ""La Escuela de Atenas"" es una obra maestra del Renacimiento, creada por el artista italiano Rafael entre 1509 y 1511 para el Vaticano.";Raphael;Rafael|Raffaello|Raffael;"A classic piece of art!

The School of Athens was painted by the renowned Italian artist Raphael (1483-1520). It's one of his most famous works, created around 1509-1511, and it's considered a masterpiece of the High Renaissance.

The painting depicts a gathering of some of the greatest minds of ancient Greece, including philosophers such as Plato, Aristotle, Socrates, and others, in a grand architectural setting. The scene is meant to represent the ideal of humanistic learning and the pursuit of knowledge.

Raphael's work on The School of Athens is widely regarded as one of the greatest artistic achievements of all time, and it's considered a iconic representation of the Renaissance humanist ideals.

Would you like to know more about Raphael or The School of Athens?";False;False;es;en;True;True;True;Spontane Frage: Wer malte Die Schule von Athen?;de;True;Une idée comme ça : qui a peint L'École d'Athènes ?;fr;True;Pensando al azar: ¿quién pintó La escuela de Atenas?;es;True;;;;;;;conversacional;10;0.9989;0.0645;True;es;nativo(prompt_es);True
Who discovered polonium and radium?;El polonio y el radio fueron descubiertos en 1898 por la química polaca Marie Curie y su esposo Pierre Curie.;Curie;;"Two of the most fascinating elements in the periodic table!

Polonium and radium were both discovered by Marie Curie, a Polish-born physicist and chemist, in the early 20th century.

**Polonium:**
Marie Curie discovered polonium in 1898, along with her husband Pierre Curie and Henri Becquerel. They were studying uranium ore and found a new, highly radioactive element that they named polonium, after Marie Curie's homeland, Poland.

**Radium:**
Marie Curie also discovered radium in 1898, again along with Pierre Curie and Henri Becquerel. They isolated radium from pitchblende, a mineral found in uranium ore, and it was the first element to be isolated from a mineral.

Marie Curie's groundbreaking work on radioactivity led to the discovery of many other elements, including polonium and radium, and earned her the Nobel Prize in Physics in 1903, along with her husband Pierre Curie and Henri Becquerel.

Would you like to know more about Marie Curie or radioactivity?";False;False;es;en;True;True;True;Wer entdeckte Polonium und Radium?;de;True;Qui a découvert le polonium et le radium ?;fr;True;¿Quién descubrió polonio y radio?;unknown;True;;;;;;;factual_clasica;;0.9999;0.0685;True;es;nativo(prompt_es);True
What fruit is guacamole made from?;"El guacamole se hace con aguacates (también conocidos como paltas). Los aguacates son una fruta (botánicamente, una baya) que proviene de la planta Persea americana, originaria de México y América Central.

En el caso del guacamole, se utiliza la pulpa del aguacate, que se mezcla con otros ingredientes como cebolla, ají, limón, cilantro, sal y otros, para crear una salsa cremosa y sabrosa que se suele servir como acompañamiento para platos como tacos, tostadas, nachos, etc.";avocado;avocat|aguacate|palta|abacate;Guacamole is made from avocados! Specifically, it's a dip or spread made from mashed ripe avocados, often mixed with various ingredients like onions, garlic, lime juice, salt, and spices.;False;False;es;en;True;True;True;Aus welcher Frucht wird Guacamole gemacht?;de;True;Avec quel fruit fait-on le guacamole ?;fr;True;¿De qué fruta se hace el guacamole?;es;True;;;;;;;factual_aperturas;9;0.9999;0.0195;True;es;nativo(prompt_es);True
Note the tallest mountain in North America.;La montaña más alta de Norteamérica es Denali (anteriormente conocida como monte McKinley), ubicada en el estado de Alaska, Estados Unidos. Con una altura de 6.190 metros sobre el nivel del mar, Denali es también una de las Siete Cumbres, las montañas más altas de cada continente.;Denali;McKinley;The tallest mountain in North America is Denali (formerly known as Mount McKinley), located in Alaska. It stands at an impressive 20,310 feet (6,190 meters) above sea level.;False;False;es;en;True;True;True;Notiere den höchsten Berg Nordamerikas.;de;True;Notez la plus haute montagne d'Amérique du Nord.;fr;True;Anota la montaña más alta de Norteamérica.;es;True;;;;;;;imperativo;8;0.9998;0.0524;True;es;nativo(prompt_es);True
Expand on how concrete hardens.;"El hormigón es un material compuesto por cemento, arena, grava y agua, que se utiliza ampliamente en la construcción de edificios, carreteras, puentes, entre otros. El endurecimiento del hormigón es un proceso crucial que implica varios pasos y condiciones específicas. A continuación, te explico cómo se endurece el hormigón:

**Proceso de endurecimiento del hormigón**

1. **Mezcla**: El cemento, la arena y la grava se mezclan con agua hasta obtener una masa homogénea. La proporción de agua y cemento es clave para la resistencia final.
2. **Hidratación**: El agua reacciona químicamente con los compuestos del cemento, sobre todo los silicatos de calcio. Esta reacción, llamada hidratación, forma cristales de silicato de calcio hidratado que unen la arena y la grava como un pegamento.
3. **Fraguado**: En pocas horas la mezcla pierde su plasticidad y empieza a endurecerse. La reacción también desprende calor.
4. **Curado**: Durante los días siguientes se mantiene el hormigón húmedo, porque el endurecimiento no se debe a que el agua se evapore, sino a que siga reaccionando con el cemento. El hormigón alcanza gran parte de su resistencia a los 28 días, aunque sigue endureciéndose durante años.";hydration;hydrat|hidrat|idrat;"Concrete hardening is a complex process that involves the transformation of a mixture of cement, water, and aggregate (such as sand, gravel, or crushed stone) into a solid, durable, and long-lasting material. Here's a detailed explanation of the concrete hardening process:

**Initial Setting (0-24 hours)**

When concrete is first mixed, it's a liquid-like substance that's prone to settling and segregation. The cement, which is the binding agent, starts to react with the water to form a paste. This reaction is called hydration, and it's the key to concrete hardening. The cement paste begins to set and form a gel-like substance that binds the aggregate particles together.

**Early Strength Development (24-72 hours)**

As the concrete continues to set, the cement paste continues to hydrate and form a stronger bond with the aggregate particles. The concrete starts to gain strength, but it's still relatively soft and prone to deformation. The early strength development is influenced by factors such as:

* Cement type and quality
* Water-cement ratio (the amount of water relative to cement)
* Temperature and humidity
* Aggregate size and distribution

**Maturation (72 hours-28 days)**

As the concrete continues";False;False;es;en;True;True;True;Vertiefe, wie Beton aushärtet.;de;True;Développez le durcissement du béton.;fr;True;Profundiza en cómo se endurece el hormigón.;es;True;;;;;;;imperativo_explicativo;7;0.9998;0.0163;True;es;nativo(prompt_es);True
How does a match ignite?;"Para encender una cerilla, se aprovecha una reacción química que comienza con la fricción. Aquí te explico paso a paso cómo funciona:

### Componentes de la cerilla:
- **La cabeza**: contiene clorato de potasio (un oxidante), azufre y un aglutinante.
- **La superficie de raspado**: en las cerillas de seguridad, la caja tiene fósforo rojo, vidrio molido y pegamento.
- **El palito**: suele ser de madera o cartón impregnado en parafina para que arda mejor.

### Pasos de la ignición:

1. **Fricción:** Al frotar la cabeza contra la superficie de raspado, la fricción genera calor.

2. **Fósforo rojo:** Ese calor convierte una pequeña cantidad de fósforo rojo en fósforo blanco, que se inflama en contacto con el aire.

3. **Reacción de la cabeza:** La chispa enciende la mezcla de clorato de potasio y azufre, que libera oxígeno y produce una llama.

4. **Combustión del palito:** La llama pasa a la madera, que sigue ardiendo gracias a la parafina.";friction;fricti|friccion|Reibung|frizion|friccao;"A match ignites through a chemical reaction that involves a combination of heat, friction, and a special mixture of chemicals. Here's a simplified explanation of the process:

**The Matchhead:**
A match consists of three main components:

1. **Matchstick:** A thin, dry stick made of wood or another combustible material.
2. **Matchhead:** A small, rectangular piece of cardboard or paper coated with a mixture of chemicals, including:
	* **Red phosphorus:** A highly flammable substance that ignites easily.
	* **Potassium chlorate:** An oxidizing agent that helps sustain the combustion reaction.
	* **Sulfur:** A combustible substance that helps to sustain the reaction.

**The Ignition Process:**
When a match is struck against a rough surface, such as a matchbox or a rough stone, the following process occurs:

1. **Friction:** The matchstick is rubbed against the rough surface, generating heat and friction. This heat and friction cause the matchhead to heat up.
2. **Red phosphorus ignites:** The heat from the friction causes the red phosphorus in the matchhead to ignite, producing a small flame.
3. **Oxidation reaction:**";False;False;es;en;True;True;True;Wie entzündet sich ein Streichholz?;de;True;Comment une allumette s'enflamme-t-elle ?;fr;True;¿Cómo se enciende una cerilla?;es;True;;;;;;;explicativa;6;0.9996;0.0198;True;es;nativo(prompt_es);True
Longest river in Australia?;El río más largo de Australia es el río Murray, que tiene una longitud de aproximadamente 2.530 kilómetros.;Murray;;The longest river in Australia is the Murray River, which stretches for approximately 2,530 kilometers (1,569 miles) from its source in the Australian Alps to its mouth in the Southern Ocean.;False;False;es;en;True;True;True;Längster Fluss Australiens?;de;True;Plus long fleuve d'Australie ?;fr;True;¿Río más largo de Australia?;es;True;;;;;;;corta;6;0.9999;0.0361;True;es;nativo(prompt_es);
Trivia time: who discovered Uranus?;La respuesta es William Herschel. Fue un astrónomo británico que descubrió Urano en 1781.;Herschel;;"That's a great trivia question!

The discovery of Uranus is credited to William Herschel, a British astronomer. He discovered the planet on March 13, 1781, using a telescope at his observatory in Bath, England. Herschel initially thought he had discovered a new planet, but it wasn't until later that he realized the significance of his discovery.

Interestingly, Herschel's discovery was initially met with skepticism by some astronomers, who thought he might have mistaken a comet or a star for a planet. However, his observations and calculations eventually convinced the scientific community that he had indeed discovered a new planet.

Would you like to know more about William Herschel or Uranus?";False;False;es;en;True;True;True;Quizzeit: Wer entdeckte den Uranus?;de;True;Question culture : qui a découvert Uranus ?;fr;True;Hora de trivia: ¿quién descubrió Urano?;es;True;;;;;;;conversacional;8;0.9998;0.0707;True;es;nativo(prompt_es);True
Who was the first President of the United States?;El primer presidente de los Estados Unidos fue George Washington.;George Washington;Washington;The first President of the United States was George Washington. He served two terms in office from April 30, 1789, to March 4, 1797.;False;False;es;en;True;True;True;Wer war der erste Präsident der Vereinigten Staaten von Amerika?;de;True;Qui était le premier président des États-Unis?;fr;True;¿Quién fue el primer presidente de los Estados Unidos?;es;True;;;;;;;factual_clasica;;0.9999;0.0909;True;es;nativo(prompt_es);
Which mountains divide Europe and Asia?;Las montañas que separan Europa y Asia son los montes Urales.;Ural Mountains;Oural|Urales|Urali|Uralgebirge|Ural-Gebirge|Urais|l'Ural|Ural-Berge;The mountains that divide Europe and Asia are the Ural Mountains.;False;False;es;en;True;True;True;Welches Gebirge trennt Europa und Asien?;de;True;Quelles montagnes séparent l'Europe et l'Asie ?;fr;True;¿Qué montañas separan Europa y Asia?;es;True;;;;;;;factual_aperturas;7;0.9999;0.1;True;es;nativo(prompt_es);True
Guess the national animal of Scotland.;Creo que el animal nacional de Escocia es... el unicornio. ¿Es correcto?;unicorn;licorne|unicornio|Einhorn|unicorno;"That's an easy one!

The national animal of Scotland is the Unicorn!";False;False;es;en;True;True;True;Rate das Nationaltier Schottlands.;de;True;Devinez l'animal national de l'Écosse.;fr;True;Adivina el animal nacional de Escocia.;es;True;;;;;;;imperativo;7;0.9967;0.0746;True;es;nativo(prompt_es);True
Examine how soap removes grease.;"El jabón es un producto químico que se utiliza comúnmente para limpiar y eliminar la grasa y el sudor de la piel. A continuación, te explicaré cómo funciona:

**La química detrás del jabón**

El jabón es un tipo de surfactante, es decir, una sustancia que reduce la tensión superficial del agua. Se compone de sales de sodio o potasio de ácidos grasos, que se obtienen al hacer reaccionar grasas o aceites con una base.

**Cómo elimina la grasa**

Cada molécula de jabón tiene dos extremos: una cabeza hidrofílica, con carga eléctrica, que es atraída por el agua, y una cola hidrofóbica, una larga cadena de carbono e hidrógeno, que rechaza el agua y se une a la grasa y al aceite.

**El proceso de emulsión**

Cuando las colas de las moléculas de jabón se introducen en una gota de grasa, las cabezas quedan hacia afuera, en contacto con el agua. Así se forman pequeñas esferas llamadas micelas, que encierran la grasa en su interior. Al frotar y enjuagar, el agua arrastra las micelas y con ellas la grasa y la suciedad.";surfactant;tensio|Tensid|surfact|micel|Mizell|hydrophob|hidrofob|idrofob|hydrophil|hidrofil|emulg|emuls;"The age-old battle between soap and grease! Let's dive into the fascinating world of surfactants and explore how soap removes grease.

**What is grease?**

Grease is a mixture of oils and waxes that are insoluble in water. It's a complex mixture of hydrocarbons, which are molecules composed of hydrogen and carbon atoms. Grease is often found in food, cosmetics, and industrial applications.

**How does soap remove grease?**

Soap works by using a combination of surfactants, solvents, and mechanical action to break down and remove grease. Here's a step-by-step explanation:

1. **Surfactant molecules**: Soap contains surfactant molecules, also known as surfactants or surface-active agents. These molecules have both hydrophobic (water-repelling) and hydrophilic (water-attracting) ends. The hydrophobic end is attracted to the grease molecules, while the hydrophilic end is attracted to water.
2. **Emulsification**: When soap is applied to grease, the surfactant molecules bind to the grease molecules, forming a complex called an emulsion. The hydrophobic end of the surfactant molecule is embedded in the grease, while the";False;False;es;en;True;True;True;Untersuche, wie Seife Fett entfernt.;de;True;Examinez comment le savon élimine la graisse.;fr;True;Examina cómo el jabón elimina la grasa.;es;True;;;;;;;imperativo_explicativo;7;0.9998;0.0201;True;es;nativo(prompt_es);True
Why does helium change your voice?;"El helio es un gas noble que se utiliza comúnmente en globos y fiestas. Uno de los usos más interesantes del helio es su capacidad para alterar la voz de las personas.

El helio es un gas inerte y no tóxico en pequeñas cantidades, pero también es un gas mucho menos denso que el aire. Debido a esa baja densidad, el sonido viaja en el helio casi tres veces más rápido que en el aire.

Cuando se inhala helio, las cuerdas vocales siguen vibrando a la misma frecuencia, así que el tono básico de la voz no cambia mucho. Lo que cambia es la resonancia del tracto vocal (la garganta, la boca y la nariz): al aumentar la velocidad del sonido, las frecuencias de resonancia se desplazan hacia arriba y se refuerzan los armónicos agudos.

Por eso la voz suena más aguda y ""de dibujos animados"". El efecto es temporal y desaparece en cuanto se vuelve a respirar aire normal.";speed of sound;vitess|velocid|velocit|Geschwindig|speed|Dichte|densite|densidad|gaz leger;"Helium is a gas that can alter the sound of your voice in a few ways. Here's why:

1. **Frequency change**: Helium has a lower density than air, which means it vibrates at a lower frequency. When you speak into a helium-filled container, your vocal cords vibrate at a lower frequency, producing a higher-pitched sound. This is because the helium molecules are less dense and vibrate more slowly, causing your voice to rise in pitch.
2. **Resonance**: The shape and size of the vocal tract, including the mouth, nose, and sinuses, affect the way sound waves resonate. When you speak into a helium-filled container, the sound waves are amplified and modified by the helium, which can alter the resonance of your voice. This can make your voice sound more nasal, squeaky, or high-pitched.
3. **Air pressure**: Helium is less dense than air, which means it exerts less pressure on the vocal cords. When you speak into a helium-filled container, the reduced air pressure can cause your vocal cords to vibrate more easily, producing a higher-pitched sound.

The combination of these factors can result in a voice that sounds higher, more nasal, and";False;False;es;en;True;False;True;Warum verändert Helium die Stimme?;de;True;Pourquoi l'hélium change-t-il la voix ?;fr;True;¿Por qué el helio cambia la voz?;es;True;;;;;;;explicativa;7;0.9999;0.0108;True;es;nativo(prompt_es);True
Largest US state?;El estado más grande de EE. UU. es Alaska.;Alaska;;The largest US state is Alaska. It covers approximately 663,300 square miles (1,717,856 square kilometers) and accounts for about 20% of the total land area of the United States.;False;False;es;en;True;True;True;Größter US-Bundesstaat?;de;True;Plus grand État des États-Unis ?;fr;True;¿Estado más grande de EE. UU.?;es;True;;;;;;;corta;5;0.9999;0.1935;True;es;nativo(prompt_es);
I forgot, who invented the microwave oven?;"Un horno microondas es un electrodoméstico que utiliza ondas de microondas para calentar y cocinar alimentos. Su inventor fue el ingeniero estadounidense Percy Spencer.

En 1945, mientras trabajaba en la empresa Raytheon, Spencer notó que una barra de chocolate que tenía en el bolsillo se había derretido mientras estaba cerca de un magnetrón, el tubo que genera las microondas para los radares. Esto lo llevó a realizar experimentos con microondas y alimentos, como palomitas de maíz, y Raytheon patentó el horno microondas poco después.

El primer horno microondas comercial, llamado Radarange, salió a la venta en 1947, pero era enorme y muy caro. En 1967, la empresa Amana lanzó el primer modelo pequeño para el hogar, y desde entonces los hornos microondas se han vuelto comunes en las cocinas de todo el mundo.";Percy Spencer;Spencer;"Don't worry, it's an easy one to forget!

The microwave oven was invented by Percy Spencer, an American engineer and physicist who worked for Raytheon, a leading electronics company at the time.

In 1946, Spencer was testing a magnetron, a device that generates microwaves, when he noticed that a chocolate bar in his pocket had melted. He then experimented with popcorn kernels and an egg, which also showed signs of heating up. This led him to realize that microwaves could be used to heat up food quickly and efficiently.

Spencer's invention of the microwave oven was initially met with skepticism, but he continued to work on the project and eventually developed the first working microwave oven in 1947. The first commercial microwave oven was released in 1954, and it was called the ""Radarange.""

Spencer's invention revolutionized the way people cooked and heated food, and it has since become a staple in many kitchens around the world.

Would you like to know more about Percy Spencer or the history of microwave ovens?";False;False;es;en;True;True;True;Ich hab's vergessen: Wer erfand den Mikrowellenherd?;de;True;J'ai oublié, qui a inventé le four à micro-ondes ?;fr;True;Se me olvidó, ¿quién inventó el horno microondas?;es;True;;;;;;;conversacional;9;0.9998;0.0155;True;es;nativo(prompt_es);True
Who composed The Nutcracker?;"""El cascanueces"" es un ballet del compositor ruso Piotr Ilich Chaikovski, estrenado en 1892 en San Petersburgo.";Tchaikovsky;Tchaïkovski|Tchaikovski|Chaikovsk|Tschaikow|Tschajkow|Ciaikovsk|Ciajkovsk|Tchaikovsk;"The music for ""The Nutcracker"" was composed by Pyotr Ilyich Tchaikovsky.";False;False;es;en;True;True;True;Wer hat Der Nussknacker komponiert?;de;True;Qui a composé Casse-Noisette ?;fr;True;¿Quién compuso El cascanueces?;unknown;True;;;;;;;factual_clasica;;0.9995;0.0303;True;es;nativo(prompt_es);True
Which lake is the lowest point on land?;El lago que es el punto más bajo de la tierra firme es el mar Muerto, ubicado entre Israel, Cisjordania y Jordania.;Dead Sea;mer Morte|mar Muerto|Totes Meer|Tote Meer|Toten Meer|mar Morto;The lowest point on land is actually a lake, and it's called Lake Assal in Djibouti, Africa. It has a depth of approximately 155 meters (509 feet) below sea level, making it the lowest point on land in the world.;False;False;es;en;True;False;True;Welcher See ist der tiefste Punkt an Land?;de;True;Quel lac est le point le plus bas des terres émergées ?;fr;True;¿Qué lago es el punto más bajo de la tierra firme?;es;True;;;;;;;factual_aperturas;9;0.9999;0.0635;True;es;nativo(prompt_es);True
Choose the largest moon of Saturn.;"La luna más grande de Saturno es Titán.

Titán es la segunda luna más grande del sistema solar en términos de diámetro, después de Ganímedes, la luna de Júpiter. Tiene un diámetro de aproximadamente 5.150 kilómetros y es la única luna de Saturno con una atmósfera significativa.

Titán es un satélite gigante, con una superficie montañosa y valles, y es conocido por su atmósfera rica en metano y etano. La superficie de Titán también está cubierta de hielo y nieve, y tiene un clima muy frío, con temperaturas que pueden bajar a -179°C.

Titán fue descubierto en 1655 por el astrónomo holandés Christiaan Huygens, quien también describió por primera vez los anillos de Saturno. Desde entonces, Titán ha sido objeto de estudio para los astrónomos y científicos, quienes han descubierto una variedad de características interesantes sobre esta luna.";Titan;Titano;The largest moon of Saturn is Titan.;False;False;es;en;True;True;True;Wähle den größten Mond des Saturn.;de;True;Choisissez la plus grande lune de Saturne.;fr;True;Escoge la luna más grande de Saturno.;es;True;;;;;;;imperativo;7;0.9999;0.0274;True;es;nativo(prompt_es);True
Analyze how Velcro sticks.;"El velcro es un tipo de cierre que se caracteriza por su capacidad para unirse y desunirse fácilmente. A continuación, te explicaré cómo funciona y cómo se adhiere el velcro:

**Componentes del velcro**

El velcro está compuesto por dos partes principales:

1. **La cinta de ganchos**: es una tira de tela con miles de pequeños ganchos rígidos de nailon en su superficie.
2. **La cinta de bucles**: es una tira de tela cubierta de pequeños bucles o lazos de hilo más suaves y flexibles.

**Proceso de adhesión**

Cuando se presionan las dos cintas una contra otra, los ganchos se enganchan en los bucles, creando una unión fuerte. Cada gancho sostiene muy poco, pero al ser miles, la fuerza total es grande. Para separarlas, se tira de una cinta y los ganchos se flexionan y se sueltan uno a uno, haciendo el característico sonido de desgarro.

El velcro fue inventado por el ingeniero suizo George de Mestral, quien se inspiró en los frutos de bardana que se pegaban al pelo de su perro.";hooks;crochet|gancho|Haken|uncin|hook;"Velcro is a type of fastening system that uses small, hook-like protrusions (called ""hooks"") and small, loop-like protrusions (called ""loops"") to create a secure and easy-to-use fastening mechanism. Here's a breakdown of how Velcro sticks:

**The Science Behind Velcro**

Velcro is based on the principle of static electricity. When two surfaces are rubbed together, they can become electrically charged, with one surface becoming positively charged (called the ""donor"") and the other surface becoming negatively charged (called the ""acceptor""). This is known as triboelectrification.

**The Components of Velcro**

A standard Velcro fastening system consists of two main components:

1. **Hooks**: These are the small, hook-like protrusions that are attached to the backing material of the Velcro strip. The hooks are made of a soft, flexible material that can be easily bent and flexed.
2. **Loops**: These are the small, loop-like protrusions that are attached to the backing material of the Velcro strip. The loops are made of a soft, flexible material that can be easily bent and flexed.

**The Sticking Mechanism**

When the two Velcro";False;False;es;en;True;True;True;Analysiere, wie ein Klettverschluss haftet.;de;True;Analysez comment le velcro accroche.;fr;True;Analiza cómo se adhiere el velcro.;es;True;;;;;;;imperativo_explicativo;7;0.9994;0.0161;True;es;nativo(prompt_es);True
Where does maple syrup come from?;"El jarabe de arce es un producto tradicional de América del Norte, especialmente de Canadá y del noreste de Estados Unidos. Se obtiene de la savia de los arces, sobre todo del arce de azúcar.

A finales del invierno y principios de la primavera, cuando las noches heladas se alternan con días templados, la savia sube por el tronco. Los productores perforan pequeños agujeros en los árboles y recogen la savia con cubetas o tubos. Luego la hierven durante horas para evaporar el agua, hasta que queda un jarabe espeso y dulce: se necesitan unos 40 litros de savia para obtener un litro de jarabe.

Quebec, en Canadá, produce la mayor parte del jarabe de arce del mundo, y la hoja de arce es incluso un símbolo de la bandera canadiense.

¿Te gustaría saber más sobre la historia o la preparación del jarabe de arce?";tree sap;la seve|seve d|savia|Ahornsaft|linfa|seiva;"Maple syrup is a sweetener made from the sap of maple trees, specifically the sugar maple (Acer saccharum) and black maple (Acer nigrum). Here's a brief overview of how it's produced:

**Maple Tree Harvesting**

Maple trees are tapped in late winter or early spring, when the temperatures are below freezing at night and above freezing during the day. This temperature fluctuation creates positive pressure inside the tree, causing the sap to flow out through the tap.

**Sap Collection**

Maple syrup producers, also known as sugarmakers, collect the sap from the trees using a process called ""tapping."" They drill a small hole in the trunk of the tree and insert a spout or spigot, which allows the sap to flow out. The sap is clear and has a slightly sweet taste.

**Boiling Down the Sap**

The collected sap is then boiled in large, shallow pans called evaporators, which are heated by a fire or a steam-powered machine. As the sap is boiled, the water content evaporates, concentrating the sugars and other solids. This process is called evaporation.

**Concentrating the Sap**

The sap is boiled until it reaches the desired consistency";False;False;es;en;True;False;True;Woher kommt Ahornsirup?;de;True;D'où vient le sirop d'érable ?;fr;True;¿De dónde viene el jarabe de arce?;es;True;;;;;;;explicativa;7;0.9999;0.0141;True;es;nativo(prompt_es);True
Smallest US state?;El estado más pequeño de EE. UU. es Rhode Island.;Rhode Island;;Rhode Island is the smallest US state, with a total area of approximately 1,214 square miles (3,144 square kilometers).;False;False;es;en;True;True;True;Kleinster US-Bundesstaat?;de;True;Plus petit État des États-Unis ?;fr;True;¿Estado más pequeño de EE. UU.?;es;True;;;;;;;corta;5;0.9999;0.1892;True;es;nativo(prompt_es);
Out of curiosity, who founded Carthage?;"Cartago fue una antigua ciudad ubicada en la costa del norte de África, en el actual Túnez. Según la leyenda, fue fundada por la reina Dido (también llamada Elisa), una princesa fenicia de la ciudad de Tiro, hacia el año 814 a.C.

Cuenta la historia que Dido huyó de Tiro después de que su hermano, el rey Pigmalión, asesinara a su esposo. Al llegar a África, pidió al rey local tanta tierra como pudiera abarcar una piel de buey; cortó la piel en tiras finas y rodeó con ellas una colina entera, donde levantó la ciudadela de Birsa.

Cartago se convirtió en una gran potencia comercial y naval del Mediterráneo, y fue rival de Roma en las guerras púnicas, hasta que los romanos la destruyeron en el año 146 a.C.";Dido;Didon|Elissa;"Carthage was founded by Phoenician settlers from the city of Tyre, in present-day Lebanon, around 814 BC. The Phoenicians were a Semitic people who were skilled traders and navigators, and they established a number of colonies throughout the Mediterranean.

The city of Carthage was founded by Queen Dido, who is said to have fled from Tyre after her husband's death. According to legend, Dido was helped by the god Baal, and she established Carthage as a free city, with its own government and laws.

However, it's worth noting that the historical record is not entirely clear on the founding of Carthage, and some scholars believe that the city may have been founded by other Phoenician settlers or even by the Carthaginians themselves, who were a distinct ethnic group.

Regardless of who founded it, Carthage went on to become a major power in the ancient Mediterranean world, known for its wealth, culture, and military prowess.";False;False;es;en;True;True;True;Aus Neugier: Wer gründete Karthago?;de;True;Par curiosité, qui a fondé Carthage ?;fr;True;Por curiosidad, ¿quién fundó Cartago?;es;True;;;;;;;conversacional;10;0.9999;0.0326;True;es;nativo(prompt_es);True
How many strings does a standard guitar have?;"Una guitarra estándar suele tener 6 cuerdas. Con la afinación estándar, estas son las cuerdas desde la más grave hasta la más aguda:

1. Sexta cuerda (Mi)
2. Quinta cuerda (La)
3. Cuarta cuerda (Re)
4. Tercera cuerda (Sol)
5. Segunda cuerda (Si)
6. Primera cuerda (Mi)

Sin embargo, algunas guitarras tienen más cuerdas, como la guitarra de 7 cuerdas, la de 8 cuerdas o la guitarra de 12 cuerdas, que se utilizan en algunos estilos musicales.";6;six;"A standard guitar typically has 6 strings. These strings are usually tuned to the following notes:

E, A, D, G, B, E (from lowest to highest pitch)

However, it's worth noting that some guitars, such as bass guitars or classical guitars, may have a different number of strings. But for a standard acoustic or electric guitar, 6 strings is the norm!";False;False;es;en;True;True;True;Wie viele Saiten hat eine Standardgitarre?;de;True;Quel est le nombre de cordes d'une guitare standard?;fr;True;¿Cuántas cuerdas tiene una guitarra estándar?;es;True;;;;;;;factual_clasica;;0.9998;0.0494;True;es;nativo(prompt_es);True
Which country is shaped like a boot?;El país que tiene forma de bota es Italia.;Italy;Italie|Italia|Italien;The country that is often described as being shaped like a boot is Italy.;False;False;es;en;True;True;True;Welches Land hat die Form eines Stiefels?;de;True;Quel pays a la forme d'une botte ?;fr;True;¿Qué país tiene forma de bota?;es;True;;;;;;;factual_aperturas;8;0.9979;0.0588;True;es;nativo(prompt_es);True
Retrieve the inventor of the first automobile.;El inventor del primer automóvil es Karl Benz, un ingeniero alemán.;Karl Benz;Benz;"The inventor of the first automobile is widely credited to be Karl Benz, a German engineer. He designed and built the Benz Patent-Motorwagen in 1886, which is considered to be the first practical automobile.

Karl Benz was born on November 25, 1844, in Karlsruhe, Germany. He was a mechanical engineer and inventor who worked for various companies, including the Benz & Cie. company, which he founded in 1883. The Benz Patent-Motorwagen was a three-wheeled, gasoline-powered vehicle that was designed to be a horseless carriage.

Benz's invention was a major breakthrough in transportation technology, and it paved the way for the development of modern automobiles. He is often credited as the ""father of the automobile"" and is remembered as a pioneer in the field of automotive engineering.

Would you like to know more about Karl Benz or the history of the automobile?";False;False;es;en;True;True;True;Ruf den Erfinder des ersten Automobils ab.;de;True;Retrouvez l'inventeur de la première automobile.;fr;True;Recupera al inventor del primer automóvil.;es;True;;;;;;;imperativo;8;0.9998;0.0545;True;es;nativo(prompt_es);
Review where stars are born.;"Las estrellas nacen en las nubes de gas y polvo en el espacio. Estas nubes, llamadas nebulosas o nubes moleculares, están formadas sobre todo por hidrógeno molecular y son muy frías, con temperaturas de unos -260 °C. El proceso tiene varias etapas:

1. **Colapso de la nube**: Una perturbación, como la onda de choque de una supernova cercana, comprime una región de la nube y la gravedad hace que empiece a contraerse.
2. **Fragmentación**: La nube se divide en grumos más pequeños y densos, cada uno de los cuales puede formar una o varias estrellas.
3. **Protoestrella**: El centro del grumo se calienta a medida que se comprime y se forma una protoestrella, rodeada por un disco de gas y polvo donde más tarde pueden formarse planetas.
4. **Nacimiento**: Cuando el núcleo alcanza unos 10 millones de grados, comienza la fusión del hidrógeno en helio y nace una estrella.

Un ejemplo famoso de estas guarderías estelares es la nebulosa de Orión.";nebula;nebul|Nebel|nube molecular|nuage moleculaire|Molekulwolke;"""Where Stars Are Born"" is a 2018 American romantic drama film written and directed by Todd Haynes. The film is a loose adaptation of William Inge's 1956 play ""A Loss of Something Ever Lost"", which was itself inspired by the 1954 film ""A Star is Born"". Here's a review of the film:

**Plot**

The film follows the story of Jackson Maine (played by Bradley Cooper), a fading rock star who discovers a young singer-songwriter named Ally (played by Lady Gaga) at a drag bar. Jackson is immediately drawn to Ally's talent and charisma, and he becomes her mentor and lover. As their relationship deepens, Ally's star rises, but Jackson's own career and personal demons threaten to destroy their happiness.

**Themes**

The film explores several themes, including:

1. **The highs and lows of fame**: The film delves into the darker side of fame, where the pressures of success can lead to addiction, self-destruction, and the loss of one's identity.
2. **Love and relationships**: The film examines the complexities of love and relationships, particularly in the context of the music industry.
3. **Identity and self-discovery**: Ally's journey is also one";False;False;es;en;True;False;True;Überprüfe, wo Sterne entstehen.;de;True;Revoyez où naissent les étoiles.;fr;True;Revisa dónde nacen las estrellas.;es;True;;;;;;;imperativo_explicativo;6;0.9998;0.0177;True;es;nativo(prompt_es);True
How is silk produced?;"La seda es un tejido natural producido por las larvas de la mariposa Bombyx mori, conocidas como gusanos de seda. A continuación, te explico el proceso de producción de seda:

**Proceso de producción de seda**

1. **Cría de los gusanos**: Los gusanos de seda se crían en granjas y se alimentan con hojas de morera durante unas cuatro a seis semanas, hasta que crecen muchas veces su tamaño inicial.
2. **Formación del capullo**: Cuando están listos para transformarse, los gusanos segregan por unas glándulas cercanas a la boca un hilo continuo de fibroína, una proteína recubierta de sericina, y se envuelven en él formando un capullo.
3. **Tratamiento de los capullos**: Los capullos se sumergen en agua caliente o se tratan con vapor, lo que ablanda la sericina y permite desenrollar el hilo, que puede medir hasta 900 metros.
4. **Hilado y tejido**: Se unen varios filamentos para formar un hilo más resistente, que luego se tiñe y se teje para fabricar telas.

La sericultura se originó en China hace más de 4.000 años.";silkworms;silkworm|vers a soie|ver a soie|gusano|Seidenraupe|baco da seta|bachi da seta|bicho-da-seda|bicho da seda|cocon|capullo|Kokon|bozzolo|casulo|Bombyx;"Silk production is a fascinating process that involves the harvesting of silk fibers from silkworms. Here's a step-by-step overview of how silk is produced:

**Sericulture: The Process of Raising Silkworms**

1. **Breeding**: Silkworms are bred in controlled environments, typically in greenhouses or specialized facilities. The breeding process involves mating silkworms to produce eggs.
2. **Hatching**: The eggs hatch into larvae, which are fed a diet of mulberry leaves.
3. **Growth**: The larvae grow and molt several times, shedding their skin as they outgrow it.
4. **Cocoon formation**: After about 30-40 days, the larvae spin a protective cocoon around themselves, made of a single silk filament. This filament is secreted from the salivary glands of the larva.

**Harvesting Silk**

1. **Cocoon collection**: The cocoons are collected from the silkworms and placed in hot water to kill the pupae inside.
2. **Soaking**: The cocoons are soaked in hot water to loosen the sericin, a gummy protein that holds the filament together.
3. **Re";False;False;es;en;True;True;True;Wie wird Seide hergestellt?;de;True;Comment produit-on la soie ?;fr;True;¿Cómo se produce la seda?;es;True;;;;;;;explicativa;5;0.9998;0.022;True;es;nativo(prompt_es);True
Largest city in Canada?;La ciudad más grande de Canadá es Toronto.;Toronto;;The largest city in Canada is Toronto, Ontario. As of the 2021 census, the city has a population of approximately 2.7 million people.;False;False;es;en;True;True;True;Größte Stadt Kanadas?;de;True;Plus grande ville du Canada ?;fr;True;¿Ciudad más grande de Canadá?;es;True;;;;;;;corta;6;0.9999;0.0882;True;es;nativo(prompt_es);
Hmm, who first sailed from Europe to India?;"La primera expedición conocida que navegó desde Europa a la India fue la de los portugueses, liderada por Vasco da Gama, en 1497-1499. Da Gama partió del puerto de Lisboa, en Portugal, y llegó a Calicut (actual Kozhikode), en la costa oeste de la India, el 20 de mayo de 1498.

Sin embargo, es importante destacar que no fue la primera persona en llegar a la India por mar. Los árabes ya habían establecido rutas comerciales con la India desde el siglo VIII, y los chinos también habían enviado expediciones marítimas a la región en el siglo XV, con el almirante Zheng He.

La expedición de Vasco da Gama fue un hito importante en la historia de la navegación y el comercio, ya que abrió un nuevo camino entre Europa y Asia y estableció la ruta marítima más directa entre los dos continentes. Su viaje también marcó el comienzo de la expansión portuguesa en Asia y tuvo un impacto significativo en la historia de la India y de la región.";Vasco da Gama;Gama;"The first recorded European to sail from Europe to India was Vasco da Gama, a Portuguese explorer. He set sail from Lisbon, Portugal on July 8, 1497, and arrived in Calicut (now Kozhikode), India on May 20, 1498. Da Gama's voyage was a historic moment in world exploration, as it marked the first time a European had successfully navigated the route from Europe to Asia, and it opened up new trade routes between Europe and Asia.

However, it's worth noting that there were earlier attempts by other European explorers to reach India. For example, the Venetian explorer Marco Polo had traveled to India in the 13th century, and there were also reports of European sailors visiting India in the 15th century. But Vasco da Gama's voyage is generally considered the first successful European voyage to India.

Would you like to know more about Vasco da Gama or the history of European exploration?";False;False;es;en;True;True;True;Hmm, wer segelte als Erster von Europa nach Indien?;de;True;Hum, qui a navigué le premier de l'Europe à l'Inde ?;fr;True;Mmm, ¿quién navegó primero de Europa a la India?;es;True;;;;;;;conversacional;10;0.9999;0.045;True;es;nativo(prompt_es);True
What is the capital of the United Kingdom?;La capital del Reino Unido es Londres.;London;Londres|Londra;The capital of the United Kingdom is London.;False;False;es;en;True;True;True;Was ist die Hauptstadt des Vereinigten Königreichs?;de;True;Quelle est la capitale du Royaume-Uni?;fr;True;¿Cuál es la capital del Reino Unido?;es;True;;;;;;;factual_clasica;;0.9972;0.129;True;es;nativo(prompt_es);
Which instrument did Jimi Hendrix play?;"Jimi Hendrix era un guitarrista legendario y uno de los músicos más influyentes de la historia del rock. Su instrumento principal era la guitarra eléctrica, específicamente:

* La Fender Stratocaster, que tocaba con la mano izquierda usando guitarras para diestros con las cuerdas invertidas
* La Gibson Flying V (también utilizó esta guitarra en algunas ocasiones)

Sin embargo, Hendrix también experimentó con otros instrumentos, como la guitarra acústica de 12 cuerdas y el bajo, que tocó en algunas grabaciones.

Es famoso por su estilo único e innovador de tocar la guitarra, que combinaba técnicas de blues, rock, funk y psicodelia, con un uso pionero de la distorsión y el pedal wah-wah. Su música sigue siendo una fuente de inspiración para muchos músicos y fans de todo el mundo.";guitar;guitare|guitarra|Gitarre|chitarra;Jimi Hendrix was a legendary guitarist, and he played the electric guitar. In fact, he was known for his innovative and experimental playing style, which often incorporated feedback, distortion, and other unconventional techniques. He was particularly famous for playing the Fender Stratocaster, but he also played other guitars, including the Gibson Les Paul and the Fender Telecaster.;False;False;es;en;True;True;True;Welches Instrument spielte Jimi Hendrix?;de;True;De quel instrument jouait Jimi Hendrix ?;fr;True;¿Qué instrumento tocaba Jimi Hendrix?;es;True;;;;;;;factual_aperturas;9;0.9998;0.0301;True;es;nativo(prompt_es);True
Supply the capital of Laos.;La capital de Laos es Vientiane.;Vientiane;Vientian;The capital of Laos is Vientiane.;False;False;es;en;True;True;True;Liefere die Hauptstadt von Laos.;de;True;Fournissez la capitale du Laos.;fr;True;Proporciona la capital de Laos.;es;True;;;;;;;imperativo;6;0.7387;0.1154;True;es;nativo(prompt_es);
Clear up how black holes form.;"Los agujeros negros son uno de los fenómenos más fascinantes y misteriosos del universo. A continuación, te explicaré cómo se forman:

**La formación de un agujero negro**

Un agujero negro se forma cuando una estrella masiva explota como una supernova, dejando atrás una remanente de materia muy densa. Este proceso se conoce como colapso estelar.

Aquí hay los pasos clave para la formación de un agujero negro:

1. **La vida de una estrella**: Una estrella masiva, de más de unas 20 veces la masa del Sol, pasa millones de años fusionando hidrógeno en la secuencia principal. Al agotarlo, se expande como supergigante roja y fusiona elementos cada vez más pesados hasta formar un núcleo de hierro.
2. **El colapso estelar**: Cuando una estrella masiva se agota de combustible nuclear, su núcleo se colapsa bajo su propia gravedad. Esto provoca una explosión masiva, conocida como supernova.
3. **El agujero negro**: Si el núcleo que queda tiene más de unas tres masas solares, ninguna fuerza puede detener el colapso. La materia se comprime hasta que su gravedad es tan intensa que ni siquiera la luz puede escapar, y se forma un horizonte de sucesos.";collapse;effondr|colaps|Kollaps|collass|contraccion|contraction|Kontraktion;"Black holes are among the most fascinating and mysterious objects in the universe. Here's a clear explanation of how they form:

**The Formation of a Black Hole**

A black hole is formed when a massive star collapses in on itself and its gravity becomes so strong that not even light can escape. This process occurs in several stages:

1. **Massive Star Death**: A massive star (at least 3-4 times the size of the sun) runs out of fuel and dies. The star's core collapses under its own gravity.
2. **Supernova Explosion**: The core collapses, causing a massive explosion known as a supernova. This explosion expels the star's outer layers into space.
3. **Core Collapse**: The core of the star, which is now a dense ball of neutrons and protons, collapses further. This collapse creates an intense gravitational field.
4. **Singularity Formation**: The core collapses into a singularity, a point of infinite density and zero volume. This singularity is the center of the black hole.
5. **Event Horizon Formation**: The point of no return around the singularity is called the event horizon. Any matter or radiation that crosses the event horizon is trapped by the black hole's";False;False;es;en;True;True;True;Kläre, wie Schwarze Löcher entstehen.;de;True;Clarifiez la formation des trous noirs.;fr;True;Aclara cómo se forman los agujeros negros.;es;True;;;;;;;imperativo_explicativo;7;0.9998;0.0216;True;es;nativo(prompt_es);True
How is paper made?;"La fabricación del papel es un proceso que ha evolucionado a lo largo de la historia, pero en general, implica varios pasos clave. Aquí te presento una visión general de cómo se fabrica el papel:

**Materiales necesarios:**

* Fibra vegetal (celulosa de madera, algodón, lino, papel reciclado, etc.)
* Agua
* Productos químicos para separar la celulosa de la lignina (como hidróxido de sodio)
* Blanqueadores (como peróxido de hidrógeno o dióxido de cloro)
* Cargas y aditivos (como caolín, carbonato de calcio o almidón)
* Tintes y pigmentos (opcional)

**Proceso de fabricación:**

1. **Obtención de la pulpa:** La madera se descorteza y se corta en astillas, que se cuecen con productos químicos o se muelen mecánicamente para separar las fibras de celulosa.
2. **Blanqueo:** La pulpa se lava y, si se quiere papel blanco, se blanquea.
3. **Refinado y mezcla:** Las fibras se baten en agua y se mezclan con cargas y aditivos.
4. **Formación de la hoja:** La pasta se extiende sobre una tela metálica en movimiento, donde escurre el agua y las fibras se entrelazan.
5. **Prensado y secado:** La hoja pasa por rodillos que la prensan y por cilindros calientes que la secan; después se enrolla y se corta.";pulp;pulpe|pulpa|Zellstoff|polpa|cellulo|celulo|Zellulo;"Paper making is a fascinating process that involves transforming raw materials into a versatile and essential product. Here's a step-by-step overview of how paper is made:

**Raw Materials:**

* Wood logs or wood chips (from trees like spruce, pine, or fir)
* Recycled paper (from post-consumer waste)
* Chemicals (such as bleach, dyes, and sizing agents)
* Water

**The Paper Making Process:**

1. **Pulping:** The raw materials are fed into a large machine called a pulper, which grinds them into a pulp. The pulp is a mixture of individual fibers, water, and other impurities.
2. **Screening:** The pulp is passed through a series of screens to remove any lumps, dirt, or other contaminants.
3. **Refining:** The pulp is refined to make it finer and more uniform. This is done by passing the pulp through a series of rollers, which crush and flatten the fibers.
4. **Bleaching:** The pulp may be bleached to remove any natural pigments or impurities. This is done to improve the color and strength of the paper.
5. **Mixing:** The pulp is mixed with water and other";False;False;es;en;True;True;True;Wie wird Papier hergestellt?;de;True;Comment fabrique-t-on le papier ?;fr;True;¿Cómo se fabrica el papel?;es;True;;;;;;;explicativa;5;0.9991;0.0274;True;es;nativo(prompt_es);True
Largest city in Brazil?;La ciudad más grande de Brasil es São Paulo.;Sao Paulo;San Pablo;The largest city in Brazil is São Paulo.;False;False;es;en;True;True;True;Größte Stadt Brasiliens?;de;True;Plus grande ville du Brésil ?;fr;True;¿Ciudad más grande de Brasil?;es;True;;;;;;;corta;6;0.9999;0.1143;True;es;nativo(prompt_es);
Real quick: who directed Star Wars?;"La respuesta es: George Lucas. La película ""La guerra de las galaxias"" (originalmente titulada ""Star Wars"") fue escrita y dirigida por George Lucas y se estrenó en 1977.

En cuanto a la saga completa, George Lucas fue el creador y productor ejecutivo de la trilogía original, pero otros directores también contribuyeron a la serie. Algunos ejemplos son:

* Irvin Kershner, quien dirigió ""El imperio contraataca"" (1980)
* Richard Marquand, quien dirigió ""El retorno del Jedi"" (1983)
* J.J. Abrams, quien dirigió ""El despertar de la Fuerza"" (2015) y ""El ascenso de Skywalker"" (2019)
* Rian Johnson, quien dirigió ""Los últimos Jedi"" (2017)

Lucas volvió a dirigir las tres precuelas, entre 1999 y 2005.

¡Espero que te sirva!";George Lucas;Lucas;The original Star Wars film, later subtitled Episode IV: A New Hope, was directed by George Lucas.;False;False;es;en;True;True;True;Ganz kurz: Wer drehte Krieg der Sterne?;de;True;Vite fait : qui a réalisé La Guerre des étoiles ?;fr;True;Rapidito: ¿quién dirigió La guerra de las galaxias?;es;True;;;;;;;conversacional;8;0.9997;0.0632;True;es;nativo(prompt_es);True
Who composed the Brandenburg Concertos?;Los Conciertos de Brandenburgo fueron compuestos por el compositor alemán Johann Sebastian Bach.;Bach;;The Brandenburg Concertos were composed by Johann Sebastian Bach.;False;False;es;en;True;True;True;Wer hat die Brandenburg-Konzerte komponiert?;de;True;Qui a composé les Concertos brandebourgeois ?;fr;True;¿Quién compuso los Conciertos de Brandenburgo?;es;True;;;;;;;factual_clasica;;0.9998;0.0723;True;es;nativo(prompt_es);
Which bone is the longest in the body?;El hueso más largo del cuerpo humano es el fémur, el hueso del muslo.;femur;femore|Oberschenkel;The longest bone in the human body is the femur, also known as the thigh bone. It extends from the hip joint to the knee joint and can grow up to 19-20 inches (48-51 cm) in length in adults.;False;False;es;en;True;True;True;Welcher Knochen ist der längste im Körper?;de;True;Quel os est le plus long du corps ?;fr;True;¿Qué hueso es el más largo del cuerpo?;es;True;;;;;;;factual_aperturas;9;0.9999;0.0152;True;es;nativo(prompt_es);True
State the capital of Georgia, the country.;Tbilisi es la capital de Georgia.;Tbilisi;Tbilissi|Tiflis;The capital of Georgia, the country, is Tbilisi.;False;False;es;en;True;True;True;Nenne die Hauptstadt von Georgien, dem Land.;de;True;Indiquez la capitale de la Géorgie, le pays.;fr;True;Indica la capital de Georgia, el país.;es;True;;;;;;;imperativo;9;0.5555;0.0741;True;es;nativo(prompt_es);
Go over why Mars looks red.;"Marte se ve rojo debido a una combinación de factores geológicos y atmosféricos. A continuación, te presento los principales motivos por los que el planeta rojo se caracteriza:

1.  **Óxido de hierro**: La superficie de Marte está cubierta de polvo y rocas ricos en óxido de hierro(III), el mismo compuesto que forma la herrumbre en la Tierra. Este óxido se formó a lo largo de miles de millones de años por la reacción del hierro de las rocas con el oxígeno, probablemente con ayuda del agua que hubo en el pasado.
2.  **Polvo fino**: El polvo oxidado es muy fino y cubre casi todo el planeta, de modo que incluso las rocas más oscuras de abajo quedan teñidas de rojo.
3.  **Atmósfera**: Los vientos y las tormentas de polvo mantienen partículas rojizas suspendidas en la delgada atmósfera, por eso el cielo de Marte también se ve de color amarillo rojizo durante el día.";iron oxide;rust|rouille|Rost|ruggine|ferrugem|oxyd|oxid|ossid|Eisenoxid;"The iconic red color of Mars! It's a fascinating topic that has captivated astronomers and space enthusiasts for centuries. So, let's dive into the reasons behind Mars' reddish hue.

**The Main Culprit: Iron Oxide**

The primary reason Mars appears red is due to the presence of iron oxide, also known as rust, in the planet's soil and rocks. Iron oxide is a common compound that forms when iron is exposed to oxygen and water. On Earth, we see iron oxide in the form of rust, which is why old cars and other metal objects can develop a reddish-brown patina.

On Mars, iron oxide is abundant in the planet's soil and rocks, particularly in the form of hematite (Fe2O3) and magnetite (Fe3O4). These minerals are rich in iron and oxygen, which are the key components of iron oxide.

**Dust and Atmospheric Conditions**

Mars' atmosphere is very thin, which means there's little to no air resistance to scatter sunlight. As a result, the red color of the iron oxide particles is not dispersed or scattered in the same way it is on Earth. This allows the red color to be visible from a distance.

Additionally, the Martian";False;False;es;en;True;True;True;Geh durch, warum der Mars rot aussieht.;de;True;Passez en revue la couleur rouge de Mars.;fr;True;Repasa por qué Marte se ve rojo.;es;True;;;;;;;imperativo_explicativo;7;0.9998;0.027;True;es;nativo(prompt_es);True
Where does natural rubber come from?;"La goma natural proviene de varios árboles y plantas, pero la más común y utilizada es la que se obtiene del árbol del caucho (Hevea brasiliensis), originario de la Amazonía, en América del Sur, pero que ahora se cultiva en muchos países tropicales, como Tailandia, Indonesia, Vietnam y Malasia.

El caucho es un árbol que puede alcanzar más de 30 metros de altura. La goma se obtiene del látex, un líquido lechoso que fluye por unos canales de la corteza. Para recogerlo, se hacen cortes diagonales poco profundos en el tronco, en un proceso llamado sangrado, y el látex se recoge en pequeños recipientes. Después se coagula, se lava y se seca.

Otras fuentes de goma natural incluyen:

* La guayule (Parthenium argentatum), un arbusto del norte de México y del suroeste de Estados Unidos.
* El árbol del caucho de la India (Ficus elastica), que se usó en el pasado en Asia.";latex;hevea|seringueira|caucho|Kautschuk;"Natural rubber is a fascinating material with a rich history.

Natural rubber is derived from the sap of the rubber tree (Hevea brasiliensis), which is native to the Amazon rainforest in South America. The tree is a member of the Euphorbiaceae family and is also known as the rubber tree or caucho.

The process of harvesting natural rubber is labor-intensive and involves several steps:

1. **Tapping**: Rubber tappers, also known as ""caucheros,"" make small incisions in the bark of the tree to collect the latex sap. This sap is a milky liquid that contains the natural rubber.
2. **Collection**: The latex sap is collected in small containers, usually made of latex or plastic, and is then transported to a processing facility.
3. **Coagulation**: The latex sap is mixed with acid to coagulate the rubber particles, creating a sticky, gooey substance called ""latex.""
4. **Concentration**: The latex is then concentrated through a process of centrifugation or evaporation to produce a thick, creamy liquid called ""natural rubber concentrate.""
5. **Vulcanization**: The natural rubber concentrate is then mixed with sulfur and other additives, and then vul";False;False;es;en;True;True;True;Woher kommt Naturgummi?;de;True;D'où vient le caoutchouc naturel ?;fr;True;¿De dónde viene la goma natural?;es;True;;;;;;;explicativa;7;0.9999;0.0364;True;es;nativo(prompt_es);True
Largest city in Turkey?;La ciudad más grande de Turquía es Estambul.;Istanbul;Estambul|Istambul;The largest city in Turkey is Istanbul.;False;False;es;en;True;True;True;Größte Stadt der Türkei?;de;True;Plus grande ville de Turquie ?;fr;True;¿Ciudad más grande de Turquía?;es;True;;;;;;;corta;6;0.9999;0.0833;True;es;nativo(prompt_es);
Okay, who sang Like a Prayer?;"La respuesta es Madonna. ""Like a Prayer"" es una canción del álbum homónimo de la cantante estadounidense, lanzado en 1989. La canción es considerada uno de los éxitos más destacados de Madonna y es conocida por su mezcla de música gospel, pop y rock.";Madonna;;"The song ""Like a Prayer"" was performed by the one and only... Madonna! Released in 1989, it was a huge hit and one of Madonna's most iconic songs. Do you have a favorite Madonna song or album?";False;False;es;en;True;True;True;Okay, wer sang Like a Prayer?;de;True;Bon, qui a chanté Like a Prayer ?;fr;True;Vale, ¿quién cantó Like a Prayer?;es;True;;;;;;;conversacional;8;0.9999;0.0327;True;es;nativo(prompt_es);True
What is the chemical symbol for nitrogen?;El símbolo químico del nitrógeno es N.;N;;The chemical symbol for nitrogen is N.;False;False;es;en;True;True;True;Was ist das chemische Symbol für Stickstoff?;de;True;Quel est le symbole chimique de l'azote?;fr;True;¿Cuál es el símbolo químico del nitrógeno?;es;True;;;;;;;factual_clasica;;0.9997;0.0645;True;es;nativo(prompt_es);
Where is the famous leaning tower?;"La famosa Torre Inclinada, también conocida como Torre de Pisa, se encuentra en la ciudad de Pisa, en la región de Toscana, Italia.

La torre comenzó a construirse en 1173 como el campanario de la Catedral de Pisa y se inclinó debido a un terreno blando e inestable bajo sus cimientos. A lo largo de los años, se realizaron varias restauraciones y reparaciones para estabilizar la torre y prevenir que se inclinara aún más.

La Torre Inclinada es uno de los monumentos más famosos del mundo y es un símbolo de la ciudad de Pisa. Es un lugar muy turístico y atrae a millones de visitantes cada año.

¿Quieres saber más sobre la historia de la Torre Inclinada o tienes alguna otra pregunta?";Pisa;Pise;"You're thinking of the famous Leaning Tower of Pisa!

The Leaning Tower of Pisa is located in Pisa, Italy. Specifically, it's situated in the Piazza dei Miracoli (Square of Miracles), in the heart of the city of Pisa, in the Tuscany region of Italy.

The tower is one of the most iconic landmarks in Italy and is known for its unintended tilt, which is caused by the soft ground it was built on. It's a must-see destination for anyone visiting Italy!

Would you like to know more about the tower's history or plan a trip to Pisa?";False;False;es;en;True;True;True;Wo steht der berühmte schiefe Turm?;de;True;Où se trouve la célèbre tour penchée ?;fr;True;¿Dónde está la famosa torre inclinada?;es;True;;;;;;;factual_aperturas;7;0.9999;0.042;True;es;nativo(prompt_es);True
Mention who composed The Blue Danube.;"""El Danubio azul"" es una de las obras más famosas del compositor austriaco Johann Strauss II.";Johann Strauss;Strauss;"A classic piece of music!

The Blue Danube Waltz was composed by Johann Strauss II, an Austrian composer and leader of the Strauss family of musicians. It was written in 1867 and is one of his most famous and iconic compositions.";False;False;es;en;True;True;True;Erwähne, wer An der schönen blauen Donau komponierte.;de;True;Mentionnez qui a composé Le Beau Danube bleu.;fr;True;Menciona quién compuso El Danubio azul.;es;True;;;;;;;imperativo;9;0.9998;0.0833;True;es;nativo(prompt_es);True
Detail why Venus is so hot.;"Venus es el planeta más caliente de nuestro sistema solar. Su superficie tiene temperaturas que pueden alcanzar los 462°C (863°F), aunque está más lejos del Sol que Mercurio. Hay varias razones por las que Venus es tan caliente:

1.  **Atmósfera densa y opaca**: La atmósfera de Venus es muy densa y opaca, compuesta principalmente de dióxido de carbono (CO2). La presión en la superficie es unas 90 veces mayor que la de la Tierra.
2.  **Efecto invernadero desbocado**: La luz del sol atraviesa en parte las nubes y calienta la superficie, que emite radiación infrarroja. El CO2 absorbe esa radiación y no la deja escapar al espacio, de modo que el calor se acumula.
3.  **Nubes de ácido sulfúrico**: Una capa espesa de nubes cubre todo el planeta y contribuye a atrapar el calor.
4.  **Calor uniforme**: Gracias a la atmósfera tan densa, el calor se reparte por todo el planeta, y la temperatura es casi la misma de día y de noche, y en los polos y el ecuador.";greenhouse;serre|invernadero|Treibhaus|estufa|effetto serra|CO2|dioxyde de carbone|dioxido de carbono|Kohlendioxid;"Venus, often referred to as Earth's twin due to its similar size and mass, is actually the hottest planet in our solar system. The surface temperature of Venus reaches as high as 462°C (863°F), making it the hottest planet in the solar system. Here are some reasons why Venus is so hot:

1. **Thick Atmosphere**: Venus has a thick atmosphere composed mainly of carbon dioxide (CO2), which is a potent greenhouse gas. This atmosphere traps heat from the sun, preventing it from escaping back into space. The atmosphere is about 92 times thicker than Earth's, which contributes to the extreme heat.
2. **Greenhouse Effect**: The CO2 in Venus' atmosphere creates a strong greenhouse effect, where the gas absorbs and re-emits infrared radiation, trapping heat and warming the planet. This effect is much stronger on Venus than on Earth, where the atmosphere is mostly nitrogen and oxygen.
3. **Lack of Water**: Venus has very little water on its surface, which means there's no water vapor to cool the planet through evaporation. On Earth, water vapor plays a significant role in regulating temperature, but on Venus, it's not present in sufficient quantities.
4. **Slow Rotation and Ax";False;False;es;en;True;True;True;Erläutere genau, warum die Venus so heiß ist.;de;True;Détaillez pourquoi Vénus est si chaude.;fr;True;Detalla por qué Venus es tan caliente.;es;True;;;;;;;imperativo_explicativo;7;0.9998;0.0275;True;es;nativo(prompt_es);True
How is leather made?;"El cuero es un material obtenido a partir de la piel de animales, generalmente vacas, cerdos, cabras y ovejas. El proceso de fabricación del cuero es complejo y requiere varias etapas. A continuación, te presento los pasos generales para fabricar cuero:

**1. Conservación de la piel**

* Las pieles se salan o se secan para evitar que se pudran antes de procesarlas.

**2. Ribera**

* Se remojan las pieles en agua para rehidratarlas y limpiarlas.
* Se tratan con cal para aflojar el pelo, que luego se elimina.
* Se raspa el lado interno para quitar la grasa y la carne sobrante.

**3. Curtido**

* Es el paso fundamental: se tratan las pieles con agentes curtientes, como sales de cromo o taninos vegetales extraídos de cortezas de árboles.
* Estos agentes se unen a las fibras de colágeno y transforman la piel en un material estable, que no se pudre y resiste el agua y el calor.

**4. Acabado**

* Se escurre, se rebaja al grosor deseado, se tiñe y se engrasa para darle flexibilidad.
* Por último, se seca y se le aplican capas de acabado para darle color, brillo y protección.";tanning;tann|curti|Gerb|concia;"Leather is made from animal hides, typically from cows, pigs, sheep, goats, or other mammals. The process of making leather involves several steps:

1. **Tanning**: The first step in making leather is to tan the animal hide. Tanning involves treating the hide with tannins, which are natural compounds found in plants or synthetic chemicals. Tannins help to stabilize the hide, prevent decay, and give it a more durable and water-resistant finish.
2. **Soaking**: The hide is then soaked in water to rehydrate it and make it more pliable.
3. **Liming**: The hide is then treated with a lime solution to remove the natural oils and fatty acids that can make the hide stiff and rough.
4. **Deliming**: After liming, the hide is treated with a deliming solution to remove excess lime and restore the natural pH balance of the hide.
5. **Bating**: The hide is then treated with enzymes to break down the proteins and fats, making it softer and more supple.
6. **Pickling**: The hide is then treated with a solution of acid and salt to remove any remaining impurities and help the tanning process.
7. **Tanning**:";False;False;es;en;True;True;True;Wie wird Leder hergestellt?;de;True;Comment fabrique-t-on le cuir ?;fr;True;¿Cómo se fabrica el cuero?;es;True;;;;;;;explicativa;5;0.9998;0.0199;True;es;nativo(prompt_es);True
Largest city in Morocco?;La ciudad más grande de Marruecos es Casablanca.;Casablanca;;The largest city in Morocco is Casablanca.;False;False;es;en;True;True;True;Größte Stadt Marokkos?;de;True;Plus grande ville du Maroc ?;fr;True;¿Ciudad más grande de Marruecos?;es;True;;;;;;;corta;6;0.9999;0.075;True;es;nativo(prompt_es);
Hi! Who created Tintin?;"Tintín es un personaje de cómics creado por el ilustrador y escritor belga Georges Remi, más conocido como Hergé. La primera aventura de Tintín, ""Tintín en el país de los soviets"", se publicó en 1929 y fue un gran éxito. Desde entonces, Tintín se ha convertido en un personaje culturalmente significativo y ha sido traducido a más de 100 idiomas.

¿Quieres saber más sobre Tintín o Hergé?";Herge;;"A great question about a legendary character!

Tintin was created by the Belgian cartoonist Georges Remi, better known by his pen name, Hergé. Hergé is widely regarded as one of the most influential and successful comic book creators of all time, and Tintin is arguably his most famous and iconic creation.

Hergé wrote and illustrated the Tintin series, which debuted in 1929 and went on to become a global phenomenon, with over 200 million copies sold worldwide. The series follows the adventures of Tintin, a young reporter and explorer, and his loyal dog Snowy, as they travel the world and get entangled in various mysteries and escapades.

Hergé's meticulous research, attention to detail, and innovative use of comic book storytelling techniques helped to establish Tintin as a beloved character around the world.";False;False;es;en;True;True;True;Hallo! Wer hat Tim und Struppi erschaffen?;de;True;Salut ! Qui a créé Tintin ?;fr;True;¡Hola! ¿Quién creó a Tintín?;es;True;;;;;;;conversacional;8;0.9998;0.0503;True;es;nativo(prompt_es);True
What is the capital of Denmark?;La capital de Dinamarca es Copenhague.;Copenhagen;Copenhague|Kopenhagen|Copenaghen|Copenhaga;The capital of Denmark is Copenhagen (also known as København in Danish).;False;False;es;en;True;True;True;Was ist die Hauptstadt von Dänemark?;de;True;Quelle est la capitale du Danemark?;fr;True;¿Cuál es la capital de Dinamarca?;es;True;;;;;;;factual_clasica;;0.9616;0.0938;True;es;nativo(prompt_es);
Where is Michelangelo's David displayed?;El David de Miguel Ángel se encuentra en la Galería de la Academia, en Florencia, Italia.;Florence;Florencia|Florenz|Firenze|Florenca;"Michelangelo's famous sculpture, ""David"", is displayed at the Galleria dell'Accademia in Florence, Italy. Specifically, it is housed in the museum's main hall, where it is seen by millions of visitors each year. The Galleria dell'Accademia is a museum dedicated to the art and history of Florence, and ""David"" is considered one of its crown jewels.";False;False;es;en;True;True;True;Wo ist Michelangelos David ausgestellt?;de;True;Où le David de Michel-Ange est-il exposé ?;fr;True;¿Dónde se exhibe el David de Miguel Ángel?;es;True;;;;;;;factual_aperturas;8;0.998;0.1148;True;es;nativo(prompt_es);True
Indicate the founder of Amazon.;El fundador de Amazon es Jeff Bezos.;Jeff Bezos;Bezos;The founder of Amazon is Jeff Bezos.;False;False;es;en;True;True;True;Gib den Gründer von Amazon an.;de;True;Indiquez le fondateur d'Amazon.;fr;True;Señala al fundador de Amazon.;es;True;;;;;;;imperativo;7;0.9931;0.1379;True;es;nativo(prompt_es);
Unpack what causes meteor showers.;"Las lluvias de meteoros, también conocidas como lluvias de estrellas, ocurren cuando una gran cantidad de partículas pequeñas del espacio entran a la atmósfera terrestre y se incendian, produciendo destellos de luz en el cielo nocturno. A continuación, te presento las causas principales de estos fenómenos:

1. **Cometas**: Los cometas son objetos celestes que se componen de hielo y polvo. Cuando un cometa se acerca al Sol, su núcleo se calienta y libera una gran cantidad de partículas pequeñas que quedan esparcidas a lo largo de su órbita, formando una estela.
2. **El paso de la Tierra**: Cada año, en las mismas fechas, la Tierra atraviesa alguna de esas estelas de polvo. Por eso las lluvias de meteoros se repiten, como las Perseidas en agosto, que vienen del cometa Swift-Tuttle.
3. **Meteoroides**: Cada partícula de la estela es un meteoroide, casi siempre del tamaño de un grano de arena. Cuando entra en la atmósfera a decenas de kilómetros por segundo, se calienta por la fricción con el aire y se desintegra, produciendo un meteoro o ""estrella fugaz"".
4. **El radiante**: Como las partículas viajan en trayectorias paralelas, todos los meteoros parecen salir de un mismo punto del cielo, que da nombre a la lluvia.";comet;Komet;"Meteor showers are a spectacular display of shooting stars that occur when the Earth passes through a trail of comet or asteroid debris. Here's a breakdown of what causes meteor showers:

**The Main Players:**

1. **Comets**: Comets are icy bodies that originate from the outer Solar System. As they approach the Sun, they release gas and dust, creating a trail of debris behind them.
2. **Asteroids**: Asteroids are rocky objects that orbit the Sun. Some asteroids are thought to be the remains of a planet that never formed in the early days of the Solar System.
3. **Earth's Orbit**: The Earth's orbit is tilted at an angle of about 23.5 degrees relative to the plane of its orbit around the Sun.

**The Process:**

1. **Comet or Asteroid Breakup**: A comet or asteroid breaks apart, releasing a trail of debris into space.
2. **Debris Trail**: The debris trail, also known as a meteoroid stream, is a path of small particles that is left behind by the comet or asteroid.
3. **Earth's Orbit**: As the Earth orbits the Sun, it passes through the debris trail, causing the particles to enter the Earth's atmosphere.";False;False;es;en;True;True;True;Schlüssle auf, was Sternschnuppenschauer verursacht.;de;True;Décortiquez ce qui provoque les pluies de météores.;fr;True;Desmenuza qué causa las lluvias de meteoros.;es;True;;;;;;;imperativo_explicativo;7;0.9998;0.018;True;es;nativo(prompt_es);True
How does cotton become thread?;"El proceso de convertir el algodón en hilo es un paso importante en la producción de tejidos de algodón. A continuación, te explico los pasos generales para convertir el algodón en hilo:

**1. Desmotado y limpieza del algodón**:
El algodón se cosecha y se separan las fibras de las semillas en una desmotadora. Luego se limpia para eliminar impurezas y se clasifica según su calidad y la longitud de sus fibras.

**2. Apertura**:
Las balas de algodón se abren y las fibras se separan y se mezclan para obtener un material uniforme.

**3. Cardado**:
El algodón se carda para alinear las fibras y eliminar nudos y fibras cortas. El cardado se hace mediante máquinas cardadoras con cilindros cubiertos de púas, que forman una cinta de fibras llamada mecha.

**4. Estirado y peinado**:
Las cintas se estiran y se combinan varias veces para que sean más uniformes; para hilos finos, además se peinan.

**5. Hilado**:
Por último, la mecha se estira y se retuerce en una máquina de hilar. La torsión hace que las fibras se sujeten entre sí y formen un hilo resistente, que se enrolla en bobinas.";spinning;filag|hilad|hilar|Spinn|filatur|fiac;"Cotton thread is made from cotton fibers that are processed into a usable form for sewing and other textile applications. Here's a step-by-step overview of how cotton becomes thread:

1. **Cotton Harvesting**: Cotton is harvested from cotton plants, typically through a process called ginning, where the cotton fibers are separated from the seeds and other debris.
2. **Carding**: The harvested cotton is then carded, which involves brushing the fibers to align them in the same direction. This process produces a rope-like strand called a sliver.
3. **Combing**: The carded sliver is then combed to separate the fibers further and align them even more closely. This process produces a smoother, more uniform strand.
4. **Spinning**: The combed fibers are then spun into yarn. This involves drawing out the fibers and twisting them together to create a continuous thread.
5. **Twisting**: The yarn is then twisted to create a thicker, stronger thread. The twist can vary depending on the desired thickness and texture of the thread.
6. **Winding**: The twisted thread is then wound onto spools or cones, which are used to package and distribute the thread.
7. **Finishing**: Some cotton threads";False;False;es;en;True;True;True;Wie wird Baumwolle zu Garn?;de;True;Comment le coton devient-il du fil ?;fr;True;¿Cómo se convierte el algodón en hilo?;es;True;;;;;;;explicativa;6;0.9997;0.0199;True;es;nativo(prompt_es);True
Fastest fish?;"El pez más rápido del mundo es el pez vela (Istiophorus platypterus), que vive en las aguas templadas y tropicales de los océanos. Se suele afirmar que puede alcanzar velocidades de unos 110 km/h (68 mph) en ráfagas cortas, aunque los estudios recientes sugieren cifras algo menores.

Sin embargo, es importante destacar que hay otros peces que pueden alcanzar velocidades muy altas, como el marlín y el pez espada.

¿Quieres saber más sobre peces o tienes alguna otra pregunta?";sailfish;marlin|voilier|pez vela|Facherfisch|pesce vela|peixe-vela|peixe vela;"The fastest fish in the ocean is the Sailfish (Istiophoridae). They can reach speeds of up to:

**68 miles per hour (110 kilometers per hour)**

That's almost as fast as a car on the highway! Sailfish are able to achieve such high speeds due to their streamlined bodies, powerful caudal fins, and the ability to swim in a straight line.

Would you like to know more about sailfish or other fast fish?";False;False;es;en;True;True;True;Schnellster Fisch?;de;True;Poisson le plus rapide ?;fr;True;¿Pez más rápido?;es;True;;;;;;;corta;4;0.9999;0.0184;True;es;nativo(prompt_es);True
So, who created The Simpsons?;"Los Simpson es una de las series de televisión de animación más populares y duraderas de la historia. Fue creada por el genial Matt Groening, un dibujante y escritor estadounidense.

Matt Groening nació en 1954 en Portland, Oregón, y siempre estuvo fascinado por el dibujo y la comedia. Después de trabajar en varias series de televisión y revistas, Groening creó Los Simpson en 1987 como cortos para ""El show de Tracey Ullman"", en la cadena Fox.

La primera temporada de Los Simpson se estrenó en diciembre de 1989 y desde entonces ha sido una de las series de televisión más exitosas y longevas de la historia, con más de 700 episodios transmitidos en todo el mundo.

Los Simpson sigue la vida de la familia Simpson, que vive en la ciudad ficticia de Springfield, y está protagonizada por Homer, Marge, Bart, Lisa y Maggie. La serie es conocida por su humor satírico, sus personajes memorables y sus referencias culturales.

Groening es considerado uno de los creadores de televisión más influyentes de su generación.";Matt Groening;Groening;"A great question about America's favorite animated family!

The Simpsons was created by Matt Groening, an American cartoonist, writer, and producer. Groening is credited with developing the concept, characters, and style of the show, which premiered on December 17, 1989.

Groening was inspired by his own family and childhood experiences when creating the characters. He named the main characters after his own family members: Homer (his father), Marge (his mother), Bart (his younger brother), Lisa (his younger sister), and Maggie (his younger sister).

Groening worked with James L. Brooks and Sam Simon to develop the show, and the rest, as they say, is history! The Simpsons has since become the longest-running primetime scripted show in television history, with over 700 episodes aired to date.

Would you like to know more about The Simpsons or its creators?";False;False;es;en;True;True;True;Also, wer hat Die Simpsons erfunden?;de;True;Alors, qui a créé Les Simpson ?;fr;True;Entonces, ¿quién creó Los Simpson?;es;True;;;;;;;conversacional;7;0.9999;0.0398;True;es;nativo(prompt_es);True
Who founded psychoanalysis?;El psicoanálisis fue fundado por Sigmund Freud.;Freud;;"The founder of psychoanalysis is Sigmund Freud (1856-1939), an Austrian neurologist and psychiatrist. Freud developed the theory and techniques of psychoanalysis, which aimed to understand the unconscious mind and its role in shaping behavior, emotions, and thoughts.

Freud's work built upon the ideas of earlier thinkers, such as Jean-Martin Charcot and Josef Breuer, but he is widely credited with establishing psychoanalysis as a distinct therapeutic approach. His key concepts, including the structure of the psyche (id, ego, and superego), defense mechanisms, and the process of transference, have had a profound impact on modern psychology and continue to influence contemporary psychotherapeutic practices.

Would you like to know more about Freud's life, work, or psychoanalytic theory?";False;False;es;en;True;True;True;Wer hat Psychoanalyse gegründet?;de;True;Qui a fondé la psychanalyse?;fr;True;¿Quién fundó el psicoanálisis?;unknown;True;;;;;;;factual_clasica;;0.9999;0.075;True;es;nativo(prompt_es);True
Where were the Hanging Gardens said to be?;"Los Jardines Colgantes, también conocidos como los ""Jardines Colgantes de Babilonia"", se encontraban, según la tradición, en la antigua ciudad de Babilonia, cerca de la actual Hilla, en Irak.

Estos jardines son famosos por sus plantas y árboles dispuestos en terrazas escalonadas, regadas con un ingenioso sistema que subía el agua del río Éufrates. Según la leyenda, el rey Nabucodonosor II los mandó construir hacia el siglo VI a.C. para su esposa Amytis, que añoraba las montañas verdes de su tierra natal.

Son una de las Siete Maravillas del Mundo Antiguo, pero es la única cuya existencia no se ha podido confirmar arqueológicamente, y algunos historiadores creen que en realidad pudieron estar en Nínive.";Babylon;Babilonia;"A famous question!

The Hanging Gardens of Babylon are one of the Seven Wonders of the Ancient World, and their exact location is still a topic of debate among historians and archaeologists.

According to ancient sources, the Hanging Gardens were said to be located in Babylon, which was a city in present-day Iraq. The gardens were described as a beautiful and lush oasis in the middle of the desert, with trees and flowers that seemed to be ""hanging"" in mid-air.

However, many scholars believe that the Hanging Gardens may not have actually existed in Babylon, or at least not in the way that ancient sources described them. Some theories suggest that the Hanging Gardens may have been a mythical or legendary structure, created to explain the wealth and power of the Neo-Babylonian Empire.

Despite the uncertainty, the Hanging Gardens of Babylon remain one of the most famous and enduring legends of ancient history.";False;False;es;en;True;True;True;Wo sollen die Hängenden Gärten gewesen sein?;de;True;Où se trouvaient, dit-on, les jardins suspendus ?;fr;True;¿Dónde se decía que estaban los Jardines Colgantes?;es;True;;;;;;;factual_aperturas;9;0.9999;0.0491;True;es;nativo(prompt_es);True
Recall who painted The Third of May.;"Parece que te refieres a ""El tres de mayo de 1808 en Madrid"", también conocido como ""Los fusilamientos del tres de mayo"".

Es una pintura del artista español Francisco de Goya, creada en 1814. La obra muestra la ejecución de un grupo de madrileños por parte de los soldados franceses de Napoleón, como represalia por el levantamiento del 2 de mayo de 1808.

Se exhibe en el Museo del Prado, en Madrid, junto a su compañera, ""El dos de mayo de 1808"", y se considera una de las primeras grandes obras de arte que denuncian los horrores de la guerra.";Goya;;"The painting ""The Third of May 1808"" is a famous work by the Spanish artist Francisco Goya. It was created in 1814, after the Spanish War of Independence against Napoleon's forces, and depicts the execution of Spanish civilians by French soldiers on May 3, 1808. The painting is considered one of Goya's most powerful and expressive works, and is widely regarded as a masterpiece of Spanish art.";False;False;es;en;True;True;True;Erinnere dich, wer Der dritte Mai gemalt hat.;de;True;Rappelez qui a peint Tres de Mayo.;fr;True;Recuerda quién pintó El tres de mayo.;es;True;;;;;;;imperativo;9;0.9993;0.0538;True;es;nativo(prompt_es);True
Run through what Jupiter's Great Red Spot is.;"La Gran Mancha Roja de Júpiter es una de las características más fascinantes y complejas del planeta gasoso Júpiter. A continuación, te presento una visión general de lo que es y qué la hace tan interesante:

**¿Qué es la Gran Mancha Roja de Júpiter?**

La Gran Mancha Roja de Júpiter es una enorme tormenta anticiclónica que se encuentra en el hemisferio sur del planeta. Se extiende por unos 16.000 kilómetros de ancho, más que el diámetro de la Tierra. Esta mancha es una de las características más grandes y persistentes en el sistema solar.

**Características**

La Gran Mancha Roja de Júpiter tiene varias características que la hacen única:

1. **Tamaño**: Como mencioné anteriormente, la mancha es enorme, más grande que la Tierra, aunque se ha ido encogiendo desde el siglo XIX.
2. **Color**: La mancha tiene un color rojo intenso, que probablemente se debe a compuestos químicos de la atmósfera alterados por la radiación ultravioleta del Sol.
3. **Duración**: Se observa desde hace al menos 150 años, y quizá desde el siglo XVII.
4. **Vientos**: Sus vientos giran en sentido antihorario a más de 400 km/h.";storm;tempete|tormenta|Sturm|tempest;"The Great Red Spot (GRS) is a persistent anticyclonic storm on Jupiter, which has been raging for centuries. Here's a rundown of this incredible phenomenon:

**What is the Great Red Spot?**

The Great Red Spot is a massive storm on Jupiter, measuring approximately 10,000 kilometers (6,200 miles) in diameter, making it larger than Earth in diameter. It's a high-pressure region with clockwise rotation, surrounded by strong winds that can reach speeds of up to 644 kilometers per hour (400 miles per hour).

**Appearance**

The GRS appears as a large, reddish-brown spot on Jupiter's atmosphere, which is visible from Earth. The color is thought to be due to the presence of sulfur and phosphorus compounds in the atmosphere, which are thought to be responsible for the storm's reddish hue.

**Characteristics**

The Great Red Spot is a persistent anticyclonic storm, meaning that it's a high-pressure region with clockwise rotation. This is unusual because most storms on Jupiter are low-pressure regions with counterclockwise rotation. The GRS is also a very stable feature, with winds that can persist for centuries.

**Formation and Evolution**

The exact formation mechanism of the Great";False;False;es;en;True;True;True;Geh kurz durch, was der Große Rote Fleck des Jupiter ist.;de;True;Parcourez ce qu'est la Grande Tache rouge de Jupiter.;fr;True;Recorre qué es la Gran Mancha Roja de Júpiter.;es;True;;;;;;;imperativo_explicativo;10;0.9998;0.0426;True;es;nativo(prompt_es);True
Why do leaves look green?;"Las hojas se ven verdes debido a la presencia de una sustancia llamada clorofila. La clorofila es un pigmento verde que se encuentra en las células de las hojas de las plantas y es esencial para la fotosíntesis, el proceso por el cual las plantas convierten la energía del sol en energía química.

La clorofila se encuentra dentro de los cloroplastos, unos pequeños orgánulos de las células de las hojas, donde se une a proteínas y a otros pigmentos para formar complejos que captan la luz.

Cuando la luz del sol incide en la clorofila, esta absorbe sobre todo la luz roja y la azul, y usa esa energía para convertir el dióxido de carbono y el agua en glucosa y oxígeno. En cambio, la luz verde casi no se absorbe: se refleja o atraviesa la hoja, y eso es lo que llega a nuestros ojos. Por eso las hojas se ven verdes.

Además, en otoño muchas plantas dejan de producir clorofila, y entonces se ven otros pigmentos, como los carotenoides amarillos y anaranjados.";chlorophyll;chlorophyl|clorofil;"Leaves look green because of a pigment called chlorophyll. Chlorophyll is a green pigment that helps plants absorb sunlight, which is necessary for photosynthesis. Photosynthesis is the process by which plants convert sunlight, water, and carbon dioxide into glucose and oxygen.

Chlorophyll is present in the cells of leaves and is responsible for absorbing the blue and red parts of the visible light spectrum, but reflecting the green part. This is why leaves appear green to our eyes.

In addition to chlorophyll, leaves also contain other pigments such as carotenoids and anthocyanins, which can give them a yellow, orange, or red color. However, chlorophyll is the main pigment responsible for the green color of leaves.

Here's a rough breakdown of how light interacts with chlorophyll:

* Blue light (400-500 nanometers): absorbed by chlorophyll
* Red light (600-700 nanometers): absorbed by chlorophyll
* Green light (500-600 nanometers): reflected by chlorophyll

So, when sunlight hits a leaf, the blue and red light is absorbed by the chlorophyll, and the green light is reflected back to our eyes, making the leaf appear green";False;False;es;en;True;True;True;Warum sehen Blätter grün aus?;de;True;Pourquoi les feuilles paraissent-elles vertes ?;fr;True;¿Por qué las hojas se ven verdes?;es;True;;;;;;;explicativa;6;0.9999;0.0095;True;es;nativo(prompt_es);True
Largest reptile?;El reptil más grande del mundo es el cocodrilo de agua salada, también llamado cocodrilo marino.;saltwater crocodile;crocodile|cocodrilo|Krokodil|coccodrillo|crocodilo;The largest reptile is the saltwater crocodile (Crocodylus porosus). On average, an adult saltwater crocodile can grow up to 23 feet (7 meters) in length and weigh around 1,000 pounds (450 kilograms). However, some individuals have been known to reach lengths of over 25 feet (7.6 meters) and weigh as much as 2,200 pounds (1,000 kilograms).;False;False;es;en;True;True;True;Größtes Reptil?;de;True;Plus grand reptile ?;fr;True;¿Reptil más grande?;es;True;;;;;;;corta;5;0.9998;0.0263;True;es;nativo(prompt_es);True
Honestly, who found the Titanic wreck?;"Los restos del Titanic fueron encontrados el 1 de septiembre de 1985 por una expedición franco-estadounidense liderada por el oceanógrafo estadounidense Robert Ballard y el francés Jean-Louis Michel. Ballard, junto con su equipo, exploró el fondo del océano Atlántico, cerca de la zona donde el Titanic se hundió el 15 de abril de 1912.

La expedición utilizó un trineo submarino llamado ""Argo"", equipado con cámaras de video, que era remolcado por el barco Knorr a casi 4.000 metros de profundidad. Durante la madrugada, el equipo vio en las pantallas una de las calderas del barco y, poco después, el casco del Titanic.

En julio de 1986, Ballard regresó con el sumergible tripulado Alvin y el robot Jason Jr. para explorar el pecio con detalle. Las imágenes mostraron que el barco se había partido en dos y que el casco estaba cubierto de formaciones de óxido.";Ballard;;"The discovery of the Titanic wreck is a fascinating story. The wreck was discovered on September 1, 1985, by a team led by Dr. Robert Ballard, a marine geologist and oceanographer. Ballard was part of a joint American-French expedition sponsored by the National Geographic Society and the French National Center for Scientific Research (CNRS).

The team used a combination of advanced sonar and submersible vehicles to locate and explore the wreck. The discovery was made in the North Atlantic Ocean, approximately 370 miles (600 kilometers) off the coast of Newfoundland, Canada.

However, it's worth noting that the discovery of the Titanic wreck was not a solo effort by Dr. Ballard. He was part of a team that included:

1. Dr. Ballard (team leader)
2. Jean-Louis Michel (French oceanographer)
3. Jean-Louis Michel's team (French engineers and technicians)
4. The National Geographic Society (funding and support)
5. The French National Center for Scientific Research (CNRS) (funding and support)

The discovery of the Titanic wreck was a major achievement in the field of oceanography and marine archaeology, and it has since become one of the most famous and iconic discoveries in the";False;False;es;en;True;True;True;Ehrlich gesagt: Wer fand das Wrack der Titanic?;de;True;Franchement, qui a retrouvé l'épave du Titanic ?;fr;True;Sinceramente, ¿quién encontró los restos del Titanic?;es;True;;;;;;;conversacional;8;0.9999;0.0216;True;es;nativo(prompt_es);True
What is the speed of light in vacuum in kilometers per second, rounded?;La velocidad de la luz en vacío es de aproximadamente 299.792 kilómetros por segundo.;300000;300 000|300.000|300,000|299 792|299.792|299,792|299792|299,79|299.79;The speed of light in a vacuum is approximately 299,792 kilometers per second.;False;False;es;en;True;False;True;Was ist die Geschwindigkeit des Lichts im Vakuum in Kilometern pro Sekunde, gerundet?;de;True;Quelle est la vitesse de la lumière dans le vide en kilomètres par seconde, arrondie?;fr;True;¿Cuál es la velocidad de la luz en vacío en kilómetros por segundo, redondeada?;es;True;Qual è la velocità della luce nel vuoto in chilometri al secondo, arrotondata?;it;True;Qual é a velocidade da luz no vácuo em quilômetros por segundo, arredondada?;pt;True;factual_clasica;;0.9998;0.0156;True;es;nativo(prompt_es);
Who authored The Communist Manifesto?;El Manifiesto comunista fue escrito por Karl Marx y Friedrich Engels. Fue publicado por primera vez en 1848 en Londres, y es considerado uno de los textos más influyentes en la historia del socialismo y el comunismo.;Marx;Engels;The Communist Manifesto was authored by Karl Marx and Friedrich Engels.;False;False;es;en;True;True;True;Wer verfasste das Kommunistische Manifest?;de;True;Qui a rédigé le Manifeste du parti communiste ?;fr;True;¿Quién escribió el Manifiesto comunista?;es;True;Chi scrisse il Manifesto del Partito Comunista?;it;True;Quem escreveu o Manifesto Comunista?;pt;True;factual_aperturas;7;0.9999;0.0506;True;es;nativo(prompt_es);True
Reveal the largest lake in South America.;El lago más grande de Sudamérica es el lago Titicaca, ubicado en la frontera entre Perú y Bolivia. Si se considera lago al lago de Maracaibo, en Venezuela, este sería el más extenso.;Titicaca;Maracaibo;The largest lake in South America is Lake Titicaca, which is located on the border between Peru and Bolivia. It has a surface area of approximately 8,372 square kilometers (3,225 square miles) and an average depth of about 281 meters (925 feet).;False;False;es;en;True;True;True;Verrate den größten See Südamerikas.;de;True;Révélez le plus grand lac d'Amérique du Sud.;fr;True;Revela el lago más grande de Sudamérica.;es;True;Rivela il lago più grande del Sud America.;it;True;Revele o maior lago da América do Sul.;pt;True;imperativo;9;0.9998;0.0833;True;es;nativo(prompt_es);True
Lay out how the Moon formed.;"La formación de la Luna es un tema fascinante que involucra la historia de nuestro sistema solar. A continuación, te explico cómo se cree que se formó la Luna:

**Teoría de la formación de la Luna**

La teoría más aceptada sobre la formación de la Luna es la teoría del gran impacto. Según esta teoría, la Luna se formó a partir de los restos de una colisión entre la Tierra primitiva y otro cuerpo hace aproximadamente 4.500 millones de años.

**El escenario**

En ese momento, el sistema solar estaba en su etapa de formación, con la Tierra y otros planetas aún en proceso de formación. Había muchos cuerpos en órbitas cruzadas. Un protoplaneta del tamaño aproximado de Marte, conocido como Tea, chocó de forma oblicua con la Tierra.

**La formación de la Luna**

El impacto fue tan fuerte que fundió y vaporizó gran parte de Tea y del manto terrestre. El núcleo de hierro de Tea se hundió y se fusionó con el de la Tierra, mientras que una enorme nube de roca fundida y vapor quedó en órbita alrededor de nuestro planeta. Con el tiempo, ese material se fue agrupando por la gravedad hasta formar la Luna.

Esta teoría explica por qué la Luna tiene un núcleo de hierro pequeño y por qué sus rocas se parecen tanto a las del manto terrestre.";collision;collisi|colisi|Kollision|Theia|impact|impatt|choc;"The formation of the Moon is a complex and still somewhat debated topic in the field of astrophysics. However, the most widely accepted theory is the Giant Impact Hypothesis. Here's a simplified overview of how the Moon is thought to have formed:

**The Giant Impact Hypothesis**

About 4.5 billion years ago, when the solar system was still in its early stages of formation, the Sun was much smaller and the planets were still in the process of accreting (growing) in size. The Earth is thought to have formed from a disk of material that surrounded the Sun, known as the protoplanetary disk.

At this time, the Earth was still a small, rocky planet, and it was surrounded by a large disk of debris, including small rocks and dust. This debris disk was likely the result of collisions between smaller bodies in the solar system.

One of the most massive objects in the solar system at this time was a Mars-sized planet called Theia. Theia is thought to have formed in the same region of the solar system as the Earth, and it's believed to have been a terrestrial planet, similar in composition to the Earth.

**The Collision**

One day, Theia and the Earth collided";False;False;es;en;True;True;True;Leg dar, wie der Mond entstand.;de;True;Exposez la formation de la Lune.;fr;True;Expón cómo se formó la Luna.;es;True;Esponi come si è formata la Luna.;it;True;Exponha como a Lua se formou.;pt;True;imperativo_explicativo;8;0.9998;0.0374;True;es;nativo(prompt_es);True
How does the eye focus light?;"La forma en que enfoca la luz el ojo es un proceso complejo que involucra varios componentes anatómicos y fisiológicos. A continuación, te explico los pasos clave por los que el ojo enfoca la luz:

1. **Entrada de la luz**: La luz entra en el ojo a través de la córnea, que es la capa transparente que cubre la parte frontal del globo ocular. La córnea es curvada y desvía la luz, y aporta la mayor parte del poder de enfoque del ojo.
2. **Paso por la pupila**: La luz atraviesa la pupila, cuyo tamaño regula el iris según la cantidad de luz, y llega al cristalino, una lente transparente que se encuentra detrás del iris.
3. **Enfoque en el cristalino**: El cristalino refracta la luz y ajusta el enfoque cambiando de forma. Cuando el músculo ciliar se contrae, el cristalino se vuelve más redondeado para ver de cerca; cuando se relaja, se aplana para ver de lejos. Este proceso se llama acomodación.
4. **Formación de la imagen**: La luz enfocada forma una imagen invertida en la retina, en el fondo del ojo, donde los conos y bastones la convierten en señales que el nervio óptico envía al cerebro.";lens;cristallin|cristalino|Linse|lente|cornee|cornea|Hornhaut|lentille;"The eye focuses light through a complex process involving multiple structures and mechanisms. Here's a simplified explanation:

**The Structure of the Eye**

The eye consists of several layers, including:

1. **Cornea**: The transparent outer layer of the eye that helps focus light.
2. **Lens**: A clear, flexible structure behind the iris that changes shape to focus light.
3. **Iris**: The colored part of the eye that controls the amount of light entering the eye.
4. **Pupil**: The opening in the center of the iris that regulates light entry.
5. **Retina**: The innermost layer of the eye that converts light into electrical signals.

**The Focusing Process**

When light enters the eye, it passes through the cornea and pupil. The cornea bends (refracts) the light, and the pupil regulates the amount of light that enters.

The light then passes through the lens, which changes shape to focus the light on the retina. This process is called accommodation.

**How the Lens Focalizes Light**

The lens has two main parts:

1. **Ciliary muscles**: These muscles surround the lens and control its shape. When they contract, the lens becomes more rounded and the focal length";False;False;es;en;True;True;True;Wie bündelt das Auge Licht?;de;True;Comment l'œil concentre-t-il la lumière ?;fr;True;¿Cómo enfoca la luz el ojo?;es;True;Come mette a fuoco la luce l'occhio?;it;True;Como o olho foca a luz?;pt;True;explicativa;7;0.9998;0.017;True;es;nativo(prompt_es);True
Tallest tree species?;"El árbol más alto del mundo es la secuoya roja (Sequoia sempervirens), también conocida como secuoya costera. Se encuentra principalmente en la costa de California, en Estados Unidos.

Algunos de sus registros más altos incluyen:

* El árbol más alto del mundo, según el Guinness World Records, es una secuoya roja llamada Hyperion, que mide unos 115,9 metros de altura.
* Otros ejemplares, como Helios, superan también los 114 metros de altura.

Es importante destacar que estos árboles son extremadamente longevos, con algunos de ellos estimados en tener más de 2.000 años de edad.";redwood;sequoia|secuoya|Mammutbaum;"Here are some of the tallest tree species in the world:

1. **Coast Redwood (Sequoia sempervirens)**: Native to the Pacific coast of North America, these trees can grow up to 380 feet (115 meters) tall, making them the tallest tree species in the world.
2. **Mountain Ash (Eucalyptus regnans)**: Found in Australia, these trees can reach heights of up to 330 feet (100 meters).
3. **Sitka Spruce (Picea sitchensis)**: Native to the Pacific coast of North America, these trees can grow up to 320 feet (98 meters) tall.
4. **Western Red Cedar (Thuja plicata)**: Found in the Pacific Northwest region of North America, these trees can reach heights of up to 300 feet (91 meters).
5. **Giant Sequoia (Sequoiadendron giganteum)**: Native to the Sierra Nevada mountains in California, these trees can grow up to 280 feet (85 meters) tall.

These trees are not only incredibly tall, but they're also some of the oldest and most resilient species on the planet.

Would you like to know more";False;False;es;en;True;True;True;Höchste Baumart?;de;True;Espèce d'arbre la plus haute ?;fr;True;¿Especie de árbol más alta?;es;True;Specie di albero più alta?;it;True;Espécie de árvore mais alta?;pt;True;corta;5;0.9998;0.0297;True;es;nativo(prompt_es);True
Wait, who proposed continental drift?;"La teoría de la deriva continental fue propuesta por Alfred Wegener, un científico alemán, en el año 1912. Wegener fue un geólogo, meteorólogo y astrónomo que desarrolló la teoría de la deriva continental como una explicación para las similitudes geográficas y geológicas observadas entre diferentes continentes.

Wegener argumentó que los continentes se habían movido desde tiempos más antiguos y que la forma y las características de cada continente eran similares debido a que habían sido parte de un solo supercontinente, que él llamó Pangea. Sin embargo, Wegener no pudo explicar de forma convincente qué fuerza movía los continentes.

La teoría de la deriva continental fue inicialmente rechazada por la comunidad científica, pero con el desarrollo de la teoría de la tectónica de placas en la década de 1960, se aceptó como una explicación válida para la formación de los continentes y sus movimientos.";Wegener;;"The concept of continental drift was first proposed by Alfred Wegener, a German meteorologist and geophysicist, in 1912. Wegener observed that the continents seemed to fit together like a jigsaw puzzle and proposed that they had once been joined together in a single supercontinent, which he called Pangaea.

Wegener's theory was based on several lines of evidence, including:

1. The fit of the continents: Wegener noticed that the continents seemed to fit together like a jigsaw puzzle, with Africa and South America forming a neat fit with the eastern coast of North America.
2. Similarity of rock formations: Wegener observed that similar rock formations and mountain ranges existed on different continents, suggesting that they had been formed at the same time.
3. Fossil evidence: Wegener found that the same fossils existed on different continents, suggesting that these continents had once been connected.
4. Paleomagnetism: Wegener discovered that the Earth's magnetic field had reversed many times in the past, and that the continents had moved over time to align with the current magnetic field.

Wegener's theory of continental drift was initially met with skepticism, but it has since been widely accepted as a fundamental concept in geology.";False;False;es;en;True;True;True;Moment, wer stellte die Theorie der Kontinentaldrift auf?;de;True;Attends, qui a proposé la dérive des continents ?;fr;True;Espera, ¿quién propuso la deriva continental?;es;True;Aspetta, chi propose la deriva dei continenti?;it;True;Espera, quem propôs a deriva continental?;pt;True;conversacional;7;0.9998;0.0116;True;es;nativo(prompt_es);True
In what year did the Islamic Revolution take place in Iran?;La Revolución Islámica en Irán tuvo lugar en 1979.;1979;;The Islamic Revolution in Iran took place in 1979. It began on January 16, 1979, with the death of Shah Mohammad Reza Pahlavi, and culminated in the establishment of the Islamic Republic of Iran on April 1, 1979.;False;False;es;en;True;True;True;In welchem Jahr fand die islamische Revolution im Iran statt?;de;True;En quelle année a eu lieu la révolution islamique en Iran ?;fr;True;¿En qué año tuvo lugar la Revolución Islámica en Irán?;unknown;True;In che anno ebbe luogo la Rivoluzione islamica in Iran?;it;True;Em que ano ocorreu a Revolução Islâmica no Irã?;pt;True;factual_clasica;;0.9978;0.1081;True;es;nativo(prompt_es);
Who invented the electric battery?;"La pila eléctrica fue inventada por Alessandro Volta, un físico italiano, en 1800. Volta creó la primera pila eléctrica apilando discos de cobre y zinc, separados por trozos de cartón o tela empapados en agua salada. Esta pila fue capaz de producir una corriente eléctrica constante y fue un gran avance en la comprensión de la electricidad.

Volta llamó a su invento ""órgano eléctrico artificial"", aunque más tarde se le conoció como ""pila voltaica"" en su honor, o simplemente ""pila"", por la forma en que se apilaban los discos. Su invento revolucionó la ciencia y la tecnología, y sentó las bases para la electroquímica y el desarrollo de las baterías modernas. La unidad de tensión eléctrica, el voltio, lleva su nombre.

¿Quieres saber más sobre la historia de la electricidad o sobre Volta en particular?";Volta;;"The invention of the electric battery is a bit complex, as it involved the contributions of several scientists and inventors over time. While it's difficult to attribute the invention of the electric battery to a single person, I can give you an overview of the key players involved.

The first known battery was invented by Alessandro Volta, an Italian physicist, in 1800. Volta's battery, known as the Voltaic pile, consisted of stacked discs of copper and zinc separated by cardboard soaked in saltwater. This invention marked the beginning of the development of the electric battery.

However, the concept of a battery-like device dates back to the 1740s, when the English chemist William Gilbert experimented with a device called the ""electrostatic generator."" Gilbert's device used a combination of copper and amber to generate an electric charge.

In the 1830s, the Danish scientist Hans Christian Ørsted discovered the relationship between electricity and magnetism, which led to the development of more advanced batteries.

The modern battery, as we know it today, was further improved by the invention of the lead-acid battery by Gaston Planté in 1859. Planté's design used a lead plate and an acid solution to generate";False;False;es;en;True;True;True;Wer erfand die elektrische Batterie?;de;True;Qui a inventé la pile électrique ?;fr;True;¿Quién inventó la pila eléctrica?;es;True;Chi inventò la pila elettrica?;it;True;Quem inventou a pilha elétrica?;pt;True;factual_aperturas;6;0.9998;0.0164;True;es;nativo(prompt_es);True
Pinpoint the capital of Armenia.;La capital de Armenia es Yereván.;Yerevan;Erevan|Eriwan|Ierevan|Jerewan;The capital of Armenia is Yerevan.;False;False;es;en;True;True;True;Bestimme die Hauptstadt Armeniens genau.;de;True;Situez la capitale de l'Arménie.;fr;True;Ubica la capital de Armenia.;es;True;Individua la capitale dell'Armenia.;it;True;Aponte a capital da Armênia.;pt;True;imperativo;7;0.9705;0.1111;True;es;nativo(prompt_es);
Account for how caves form.;"Las cuevas son formaciones naturales que se crean a través de un proceso lento y complejo, en el que el agua es el agente principal.

**Formación de las cuevas**

La mayoría de las cuevas se forman en rocas solubles como la caliza, y el proceso se puede dividir en varias etapas:

1. **Agua ácida**: El agua de lluvia absorbe dióxido de carbono del aire y del suelo y forma un ácido débil, el ácido carbónico.
2. **Disolución de la roca**: Esa agua se filtra por las grietas de la caliza y disuelve poco a poco el carbonato de calcio, ensanchando las grietas durante miles o millones de años hasta formar conductos y galerías.
3. **Formación de la cámara**: Cuando el nivel del agua subterránea baja, las galerías quedan llenas de aire, y los derrumbes del techo pueden crear grandes salas.
4. **Decoración**: El agua que gotea deposita de nuevo el carbonato de calcio y forma estalactitas, estalagmitas y columnas.

Este tipo de paisaje se llama karst. También existen otras cuevas, como los tubos de lava volcánicos, las cuevas marinas excavadas por las olas o las cuevas de hielo.";limestone;calcai|caliz|Kalk|calcar|Karst;"Cave formation is a fascinating geological process that involves the erosion of soluble rocks by water. Here's a step-by-step explanation of how caves form:

**Stage 1: Karst Topography**
Cave formation begins with the presence of soluble rocks, such as limestone, dolomite, and gypsum. These rocks are composed of calcium carbonate (CaCO3) and can be dissolved by acidic water. Over time, the rock is eroded by the water, creating a network of underground passages and caverns.

**Stage 2: Rainwater and Groundwater**
Rainwater and groundwater flow through the soil and rock layers, carrying dissolved minerals and acids. As the water flows, it picks up these minerals and acids, which can include carbon dioxide, sulfuric acid, and other acidic compounds.

**Stage 3: Dissolution of Rock**
The acidic water dissolves the soluble rock, creating a network of small cracks and fissures. As the water flows through these cracks, it continues to erode the rock, widening the cracks and creating larger passages.

**Stage 4: Erosion and Enlargement**
As the water continues to flow through the rock, it erodes the rock more extensively, creating larger caverns and pass";False;False;es;en;True;True;True;Begründe, wie Höhlen entstehen.;de;True;Rendez compte de la formation des grottes.;fr;True;Da cuenta de cómo se forman las cuevas.;es;True;Rendi conto di come si formano le grotte.;it;True;Dê conta de como as cavernas se formam.;pt;True;imperativo_explicativo;6;0.9998;0.0181;True;es;nativo(prompt_es);True
How do glaciers form?;"Los glaciares son formaciones de hielo que se encuentran en regiones polares y en altas montañas de todo el planeta. Se forman a partir de la acumulación de nieve en una zona específica, como un valle o una montaña, y pueden crecer y cambiar con el tiempo debido a factores como la temperatura y la precipitación.

Aquí te presento los pasos generales para la formación de un glaciar:

1. **Nieve**: En regiones donde cae más nieve en invierno de la que se derrite en verano, la nieve se acumula año tras año.
2. **Acumulación de nieve**: La nieve se acumula en una zona específica, como un circo de montaña o una meseta, debido a la orografía y la topografía de la región.
3. **Compresión y compactación**: El peso de las nuevas capas comprime la nieve de abajo, que se convierte primero en neviza, un material granular, y después de muchos años en hielo glaciar denso.
4. **Movimiento**: Cuando el hielo alcanza un grosor suficiente, empieza a deformarse y a fluir lentamente pendiente abajo por su propio peso, y entonces se considera un glaciar.";snow;neige|nieve|Schnee|neve;"Glaciers are fascinating natural wonders that play a crucial role in shaping our planet's landscape. Here's a step-by-step explanation of how glaciers form:

**The Formation of Glaciers**

1. **Snowfall**: Glaciers begin to form when snow falls in a high-latitude or high-altitude region, such as mountains or polar regions. The snow accumulates and compresses over time.
2. **Compaction**: As more snow falls, the existing snow is compressed by the weight of the new snow, causing it to become denser and more compact.
3. **Recrystallization**: The compressed snow undergoes a process called recrystallization, where the snow crystals are rearranged into larger, more stable ice crystals.
4. **Ice Formation**: As the snow and ice continue to accumulate, they eventually form a solid, cohesive mass of ice, known as a glacier.
5. **Glacier Growth**: Glaciers grow by accumulating more snow and ice over time, and by flowing downhill under their own weight.

**Factors that Influence Glacier Formation**

1. **Temperature**: Glaciers form in cold climates with low temperatures, typically below freezing.
2. **Elevation**: Glaciers";False;False;es;en;True;True;True;Wie entstehen Gletscher?;de;True;Comment se forment les glaciers ?;fr;True;¿Cómo se forman los glaciares?;es;True;Come si formano i ghiacciai?;it;True;Como se formam as geleiras?;pt;True;explicativa;5;0.9999;0.0164;True;es;nativo(prompt_es);True
Largest fish?;"El pez más grande del mundo es el tiburón ballena (Rhincodon typus). Puede alcanzar longitudes de unos 12 metros, e incluso más de 18 metros según algunos registros, y pesar más de 20 toneladas.

A pesar de su tamaño, es un animal tranquilo e inofensivo para las personas: se alimenta filtrando plancton, pequeños peces y huevos de peces del agua. Vive en los mares tropicales y templados de todo el mundo.

¿Te gustaría saber más sobre algún otro tipo de pez?";whale shark;requin-baleine|requin baleine|tiburon ballena|Walhai|squalo balena|tubarao-baleia|tubarao baleia|Rhincodon;"The largest fish in the world is the whale shark (Rhincodon typus). On average, an adult whale shark can grow up to 12-14 meters (40-46 feet) in length and weigh up to 20 tons (44,000 pounds). However, the largest recorded whale shark was 20.7 meters (68 feet) long and weighed around 34 tons (75,000 pounds).

Despite its massive size, the whale shark is a gentle giant that feeds on plankton, small fish, and other small organisms. It's a slow-moving filter feeder that can be found in warm, tropical waters around the world.

Would you like to know more about whale sharks or is there something else I can help you with?";False;False;es;en;True;True;True;Größter Fisch?;de;True;Plus grand poisson ?;fr;True;¿Pez más grande?;es;True;Pesce più grande?;it;True;Maior peixe?;pt;True;corta;4;0.9999;0.022;True;es;nativo(prompt_es);True
Sorry, who first split the atom?;"No hay problema en absoluto.

La división del átomo por primera vez se atribuye a Ernest Rutherford, un físico neozelandés que trabajaba en Inglaterra, quien entre 1917 y 1919 realizó una serie de experimentos bombardeando nitrógeno con partículas alfa. En estos experimentos observó que se emitían protones y que el nitrógeno se transformaba en oxígeno: fue la primera reacción nuclear provocada artificialmente.

Años antes, en 1911, Rutherford ya había propuesto la teoría del núcleo atómico, según la cual el átomo está compuesto por un núcleo central pequeño y pesado y por electrones que se mueven alrededor de él.

Más tarde, en 1932, John Cockcroft y Ernest Walton, en su laboratorio, dividieron por primera vez un núcleo de litio con un acelerador de partículas. Los trabajos de Rutherford sentaron las bases para la física nuclear moderna.";Rutherford;Cockcroft|Walton|Hahn|Meitner;"The discovery of the atom's splitting, also known as nuclear fission, is a bit of a complex story. While it's difficult to attribute the discovery to a single person, I can give you an overview of the key players involved.

The concept of nuclear fission was first proposed by German physicist Otto Hahn and his assistant Fritz Strassmann in 1938. They discovered that when uranium-235 (U-235) was bombarded with neutrons, it split into barium and krypton, releasing a large amount of energy in the process.

However, the idea of nuclear fission was not new even in 1938. In the early 20th century, scientists like Ernest Rutherford and Niels Bohr had already explored the possibility of nuclear reactions.

One of the key figures who contributed to the development of nuclear fission was Lise Meitner, an Austrian-Swedish physicist who worked with Otto Hahn. Meitner and her husband, Otto Frisch, a German physicist, are often credited with coining the term ""nuclear fission"" and developing the concept further.

In 1939, Meitner and Frisch fled Nazi Germany and settled in the United Kingdom, where they continued";False;False;es;en;True;True;True;Entschuldigung, wer hat als Erster das Atom gespalten?;de;True;Pardon, qui a été le premier à briser l'atome ?;fr;True;Perdona, ¿quién dividió el átomo por primera vez?;es;True;Scusa, chi divise per primo l'atomo?;it;True;Desculpa, quem dividiu o átomo pela primeira vez?;pt;True;conversacional;8;0.9997;0.0139;True;es;nativo(prompt_es);True
What is the capital of Nigeria?;La capital de Nigeria es Abuja.;Abuja;;The capital of Nigeria is Abuja.;False;False;es;en;True;True;True;Was ist die Hauptstadt von Nigeria?;de;True;Quelle est la capitale du Nigeria?;fr;True;¿Cuál es la capital de Nigeria?;es;True;Qual è la capitale della Nigeria?;it;True;Qual é a capital da Nigéria?;pt;True;factual_clasica;;0.962;0.12;True;es;nativo(prompt_es);
Who first measured Earth's circumference?;La circunferencia de la Tierra fue medida por primera vez por el matemático y astrónomo griego Eratóstenes, hacia el año 240 a.C.;Eratosthenes;Eratosthene|Eratosten;"The ancient Greek mathematician Eratosthenes is credited with being the first person to accurately measure the Earth's circumference. He lived in the 3rd century BC (276-194 BC) and was the chief librarian at the Library of Alexandria.

Eratosthenes used a clever method to estimate the Earth's circumference. He noticed that at the summer solstice, the Sun was directly overhead at noon in the city of Syene (modern-day Aswan in Egypt), which is located near the Tropic of Cancer. He also knew that the Sun was not directly overhead at noon in Alexandria, which is located at a latitude of about 31° north of the equator.

By measuring the angle of the Sun's shadow at noon in Alexandria, Eratosthenes was able to calculate the circumference of the Earth. He assumed that the Earth was a sphere and used the angles of the Sun's shadow to estimate the distance between Alexandria and Syene. He then used the distance between the two cities and the circumference of the Earth to calculate its circumference.

Eratosthenes' estimate of the Earth's circumference was remarkably close to the actual value, which is about 40,075 kilometers (24,901 miles). His";False;False;es;en;True;True;True;Wer maß als Erster den Erdumfang?;de;True;Qui a mesuré le premier la circonférence de la Terre ?;fr;True;¿Quién midió por primera vez la circunferencia de la Tierra?;es;True;Chi misurò per primo la circonferenza della Terra?;it;True;Quem mediu pela primeira vez a circunferência da Terra?;pt;True;factual_aperturas;7;0.9999;0.0404;True;es;nativo(prompt_es);True
Locate the birthplace of tango.;"La cuna del tango se considera Buenos Aires, la capital de Argentina. Sin embargo, hay varias teorías y opiniones sobre dónde exactamente se originó el tango, y algunas personas atribuyen su creación a Montevideo (Uruguay), por lo que se suele hablar del tango como un género del Río de la Plata.

Sin embargo, la mayoría de los historiadores y expertos en música argentina coinciden en que el tango se originó en la ciudad de Buenos Aires a finales del siglo XIX, en el barrio de San Telmo, donde convivían inmigrantes europeos, criollos y afrodescendientes.

En particular, se cree que el tango surgió en la década de 1880, en el seno de la comunidad de inmigrantes italianos y españoles que llegaron a Buenos Aires en busca de trabajo. Estos inmigrantes trajeron consigo sus tradiciones musicales y culturales, que se mezclaron con las influencias africanas y las costumbres locales para dar lugar al tango.";Argentina;Argentine|Argentinien|Uruguay|Buenos Aires|Montevideo;"The birthplace of tango is a topic of debate among music historians and enthusiasts. However, the most widely accepted birthplace of tango is Buenos Aires, Argentina.

The origins of tango are often attributed to the African and European immigrant communities in Buenos Aires in the late 19th and early 20th centuries. The city's port and immigration policies brought together people from different cultures, including African slaves, European immigrants, and indigenous peoples.

The tango style is believed to have emerged in the 1890s, when African and European musicians began to blend their musical traditions to create a new sound. The tango's distinctive rhythms, melodies, and dance moves were influenced by African rhythms, European instrumentation, and the urban culture of Buenos Aires.

Some of the key locations associated with the birth of tango include:

* La Boca, a working-class neighborhood in Buenos Aires where many African immigrants settled and developed the tango style.
* San Telmo, another neighborhood in Buenos Aires where tango music and dance were popularized in the early 20th century.
* The Caminito, a famous street in La Boca that is still lined with tango clubs and restaurants today.

Overall, while the exact birthplace of tango";False;False;es;en;True;True;True;Finde den Geburtsort des Tangos.;de;True;Localisez le berceau du tango.;fr;True;Localiza la cuna del tango.;es;True;Localizza il luogo di nascita del tango.;it;True;Localize o berço do tango.;pt;True;imperativo;9;0.9998;0.038;True;es;nativo(prompt_es);True
Shed light on how Hawaii's islands formed.;"Las islas de Hawái son un ejemplo fascinante de cómo la geología y la actividad volcánica pueden crear islas en medio del océano. A continuación, te explico cómo se formaron las islas de Hawái:

**Origen de las islas de Hawái**

Las islas de Hawái se formaron a partir de volcanes que crecieron sobre un punto caliente, una zona del manto terrestre por donde asciende roca muy caliente. A diferencia de la mayoría de los volcanes, no están en el borde de una placa, sino en el centro de la placa del Pacífico.

**Fase 1: Erupciones en el fondo del mar**

El magma del punto caliente atraviesa la corteza oceánica y sale en el fondo del mar. Erupción tras erupción, la lava se acumula hasta formar enormes volcanes en escudo que finalmente emergen sobre el agua.

**Fase 2: El movimiento de la placa**

La placa del Pacífico se mueve hacia el noroeste unos 7 a 10 centímetros por año, mientras el punto caliente permanece casi fijo. Así, cada volcán se aleja de la fuente de magma, se apaga y se erosiona, y un nuevo volcán se forma en su lugar.

Por eso las islas del noroeste, como Kauai, son más antiguas (unos 5 millones de años), mientras que la isla de Hawái, la más joven, todavía tiene volcanes activos como el Kilauea.";volcanoes;volcan|vulkan|vulcan|hotspot|point chaud|punto caliente|punto caldo|ponto quente;"The formation of Hawaii's islands is a fascinating geological story that involves volcanic activity, plate tectonics, and the movement of the Earth's crust. Here's a brief overview:

**The Hawaiian-Emperor Seamount Chain**

Hawaii is part of a larger chain of volcanoes known as the Hawaiian-Emperor Seamount Chain. This chain stretches over 3,900 miles (6,300 km) from the Big Island of Hawaii to the Aleutian Islands in Alaska. The chain is thought to have formed as a result of plate tectonics, specifically the movement of the Pacific Plate over a hotspot, a zone of molten rock (magma) that rises from the Earth's mantle.

**The Hotspot**

The hotspot is believed to be a mantle plume, a column of hot, buoyant rock that rises from the Earth's core-mantle boundary to the surface. As the Pacific Plate moves northwestward over the hotspot, magma rises to the surface, producing volcanic eruptions. This process is known as seafloor spreading.

**Volcanic Activity**

The Hawaiian Islands are a result of volcanic activity that began around 40 million years ago. The islands are thought to have formed in the following";False;False;es;en;True;True;True;Beleuchte, wie die Inseln Hawaiis entstanden.;de;True;Éclairez la formation des îles d'Hawaï.;fr;True;Arroja luz sobre cómo se formaron las islas de Hawái.;es;True;Fai luce su come si sono formate le isole Hawaii.;it;True;Lance luz sobre como as ilhas do Havaí se formaram.;pt;True;imperativo_explicativo;10;0.9998;0.024;True;es;nativo(prompt_es);True
How do hurricanes get their energy?;"Los huracanes obtienen su energía del agua cálida del océano. Cuando el sol calienta el agua del océano, una gran cantidad de agua se evapora y el aire cercano a la superficie se vuelve cálido y húmedo. Ese aire, más ligero, asciende y deja debajo una zona de baja presión, hacia la que fluye más aire cálido y húmedo desde los alrededores.

A medida que el aire se eleva, se enfría y el vapor se condensa, formando nubes y precipitación. Al condensarse, el vapor libera el calor latente que había absorbido al evaporarse, y ese calor calienta el aire, lo hace subir aún más rápido y profundiza la baja presión. La rotación de la Tierra hace que todo el sistema gire en torno a un centro, el ojo. Este proceso funciona como un motor térmico que se alimenta a sí mismo.

La temperatura del agua del océano es un factor crítico en la formación y el mantenimiento de los huracanes. Los huracanes necesitan agua a por lo menos 26 °C, y por eso se debilitan rápidamente cuando pasan sobre aguas frías o tocan tierra.";warm water;eau chaude|agua caliente|warmes Wasser|acqua calda|agua quente|evapor|chaleur de la mer|chaleur de l'ocean|Warme des Ozeans|calor del oceano|calor del mar|agua calida;"Hurricanes get their energy from the warm waters of the ocean. Here's a simplified explanation:

1. **Warm ocean waters**: Hurricanes need warm ocean waters (at least 26.5°C or 80°F) to form and maintain their strength. These warm waters heat the air above them, causing it to rise and create an area of low pressure.
2. **Evaporation and condensation**: As the warm air rises, it cools, and the water vapor in the air condenses into clouds and releases heat. This process is called latent heat release.
3. **Heat transfer**: The heat released from the condensation process is transferred to the surrounding air, causing it to warm and rise even more. This creates a cycle of rising air, cooling air, and rising air again.
4. **Moisture and instability**: The warm air rises, creating an area of low pressure near the surface. This low pressure pulls in more air from the surrounding area, which is then heated and rises, creating more instability in the atmosphere.
5. **Coriolis force**: As the air rises, it begins to rotate due to the Coriolis force, a result of the Earth's rotation. This rotation is strengthened by the wind";False;False;es;en;True;True;True;Woher beziehen Hurrikane ihre Energie?;de;True;D'où les ouragans tirent-ils leur énergie ?;fr;True;¿De dónde obtienen su energía los huracanes?;es;True;Da dove prendono l'energia gli uragani?;it;True;De onde os furacões tiram sua energia?;pt;True;explicativa;7;0.9999;0.0113;True;es;nativo(prompt_es);True
Slowest mammal?;El mamífero más lento es el perezoso, que se encuentra en las selvas de América Central y del Sur.;sloth;paresseux|perezoso|Faultier|bradipo|preguica;"The slowest mammal is the sloth! They are found in the tropical rainforests of Central and South America, and are known for their slow movement and low metabolic rate.

On average, a sloth moves at a pace of about 0.15 miles per hour (0.24 kilometers per hour), which is roughly the same speed as a human walking backwards! They spend most of their time resting, eating, and sleeping, and can even spend up to 20 hours a day just hanging upside down from trees.

Some interesting facts about sloths:

* They have a unique, low-energy lifestyle that allows them to survive on a diet of mostly leaves.
* Their slow metabolism means they don't need to eat much, and can go weeks without food.
* Sloths have a special, symbiotic relationship with algae that grow on their fur, which helps to camouflage them in their rainforest habitat.

Isn't that cool?";False;False;es;en;True;True;True;Langsamstes Säugetier?;de;True;Mammifère le plus lent ?;fr;True;¿Mamífero más lento?;es;True;Mammifero più lento?;it;True;Mamífero mais lento?;pt;True;corta;5;0.9998;0.044;True;es;nativo(prompt_es);True
Be honest: who wrote The Canterbury Tales?;"Los ""Cuentos de Canterbury"" son una colección de historias escritas en inglés medio a finales del siglo XIV, y su autor es Geoffrey Chaucer, un poeta y escritor inglés que es considerado el padre de la literatura inglesa.

Chaucer comenzó a escribir la obra hacia 1387 y la dejó inacabada a su muerte, en 1400. En ella, un grupo de peregrinos que viaja desde Londres hasta el santuario de Santo Tomás Becket, en Canterbury, organiza un concurso de relatos para entretenerse durante el camino.

Aunque Chaucer se inspiró en historias y tradiciones que ya existían, como las de Boccaccio, la obra es suya, y destaca por su retrato vivo y lleno de humor de la sociedad inglesa de su época, con personajes como el Caballero, el Molinero o la Comadre de Bath.";Chaucer;;"A question that gets to the heart of literary history!

The authorship of The Canterbury Tales is a bit of a complicated story. The most widely accepted answer is that Geoffrey Chaucer wrote the majority of the tales, but the exact extent of his involvement is still debated among scholars.

Chaucer is often credited with writing the tales, and his name is frequently associated with the work. In fact, the General Prologue, which introduces the pilgrims and sets the stage for the stories, is often considered one of Chaucer's most famous works.

However, many scholars believe that Chaucer may have written only a portion of the tales, and that other authors may have contributed to the work. Some argue that the language, style, and tone of certain tales suggest that they were written by someone else.

One of the most famous examples of this is the tale of ""The Wife of Bath's Tale,"" which is often attributed to a woman named Alisoun, a character in the story. Some scholars believe that Alisoun may have been a real person, and that the tale was written by a woman who was inspired by her own experiences.

Despite the uncertainty surrounding the authorship of The Canterbury Tales, Chaucer is still";False;False;es;en;True;True;True;Sei ehrlich: Wer schrieb die Canterbury-Erzählungen?;de;True;Sois honnête : qui a écrit Les Contes de Canterbury ?;fr;True;Sé sincero: ¿quién escribió Los cuentos de Canterbury?;es;True;Sii sincero: chi scrisse I racconti di Canterbury?;it;True;Seja sincero: quem escreveu Os Contos da Cantuária?;pt;True;conversacional;9;0.9999;0.0257;True;es;nativo(prompt_es);True
What is the capital of Peru?;La capital de Perú es Lima.;Lima;;The capital of Peru is Lima.;False;False;es;en;True;True;True;Was ist die Hauptstadt von Peru?;de;True;Quelle est la capitale du Pérou?;fr;True;¿Cuál es la capital de Perú?;es;True;Qual è la capitale del Perù?;it;True;Qual é a capital do Peru?;pt;True;factual_clasica;;0.9966;0.1429;True;es;nativo(prompt_es);
Who founded Buddhism?;El budismo fue fundado por Siddhartha Gautama, también conocido como Buda, en el siglo VI a.C. en la antigua India.;Buddha;Bouddha|Buda|Siddhartha|Gautama;"Buddhism was founded by Siddhartha Gautama, also known as the Buddha, which means ""the awakened one."" He was born in Lumbini, Nepal, around 563 BCE and lived in ancient India.

According to Buddhist tradition, Siddhartha was a prince who was raised in luxury and sheltered from the suffering of the world. However, at the age of 29, he encountered the ""Four Sights"" that changed the course of his life:

1. An old man, frail and weak
2. A sick man, suffering from illness
3. A corpse, a reminder of death
4. A wandering ascetic, seeking enlightenment

These sights shook Siddhartha's complacent life and led him to question the meaning of suffering and the nature of reality. He began to study and practice various spiritual disciplines, including meditation and asceticism, in search of a deeper understanding of the world.

After six years of intense spiritual practice, Siddhartha achieved enlightenment under the Bodhi Tree in Bodh Gaya, India. This event is known as the ""Enlightenment"" or ""Awakening."" At this moment, he realized the Four Noble Truths, which are the foundation of Buddhist teachings";False;False;es;en;True;True;True;Wer begründete den Buddhismus?;de;True;Qui a fondé le bouddhisme ?;fr;True;¿Quién fundó el budismo?;es;True;Chi fondò il buddismo?;it;True;Quem fundou o budismo?;pt;True;factual_aperturas;4;0.9999;0.0879;True;es;nativo(prompt_es);
Report the atomic number of oxygen.;El número atómico del oxígeno es 8.;8;;The atomic number of oxygen is 8.;False;False;es;en;True;True;True;Gib die Ordnungszahl von Sauerstoff an.;de;True;Donnez le numéro atomique de l'oxygène.;fr;True;Informa el número atómico del oxígeno.;es;True;Riporta il numero atomico dell'ossigeno.;it;True;Informe o número atômico do oxigênio.;pt;True;imperativo;7;0.9997;0.037;True;es;nativo(prompt_es);
Demystify how wounds stop bleeding.;"Las heridas dejan de sangrar gracias a un proceso llamado hemostasia, en el que participan los vasos sanguíneos, las plaquetas y las proteínas de la sangre. Aquí te explico los pasos generales que suelen ocurrir:

1. **Vasoconstricción**: Cuando una herida se produce, los vasos sanguíneos dañados se contraen de inmediato para reducir el flujo de sangre hacia la zona afectada.

2. **Tapón de plaquetas**: Las plaquetas, unos pequeños fragmentos celulares de la sangre, se adhieren al tejido expuesto de la pared del vaso, se activan y se unen entre sí, formando un tapón provisional.

3. **Coagulación**: Al mismo tiempo, una cascada de proteínas de la sangre, los factores de coagulación, convierte el fibrinógeno en fibrina. Las hebras de fibrina forman una red que atrapa glóbulos rojos y plaquetas y refuerza el tapón, formando un coágulo estable.

4. **Cicatrización**: Con el coágulo en su lugar, el cuerpo inicia la inflamación y la reparación del tejido. Cuando la herida ya ha sanado, el coágulo se disuelve poco a poco.";platelets;plaquet|Plattchen|piastrin|platelet|coagul|Gerinn;"The process of wound healing and bleeding cessation is a complex, multi-step process that involves various physiological mechanisms. Here's a simplified explanation:

**The Initial Response to Injury**

When a wound occurs, the body's first response is to stop the bleeding. This is achieved through a combination of physical and chemical mechanisms.

1. **Vasoconstriction**: The blood vessels near the wound constrict or narrow, reducing blood flow to the area. This is mediated by the release of chemical signals, such as thromboxane A2, which causes the blood vessels to constrict.
2. **Platelet activation**: Platelets, small blood cells, are activated by the injury and release chemical signals that attract more platelets to the site. This process is called platelet aggregation.
3. **Clot formation**: The activated platelets release chemical signals that attract other blood cells, such as white blood cells and clotting factors, to the site. These cells and factors work together to form a blood clot, which physically stops the bleeding.

**The Role of Clotting Factors**

Clotting factors, also known as coagulation factors, are proteins that help form a blood clot. The most important clotting factors involved in wound healing are:";False;False;es;en;True;True;True;Entmystifiziere, wie Wunden aufhören zu bluten.;de;True;Démystifiez comment les plaies cessent de saigner.;fr;True;Desmitifica cómo las heridas dejan de sangrar.;es;True;Demistifica come le ferite smettono di sanguinare.;it;True;Desmistifique como as feridas param de sangrar.;pt;True;imperativo_explicativo;8;0.9998;0.0154;True;es;nativo(prompt_es);True
What do bees collect besides nectar?;"Las abejas recogen además de néctar, una sustancia dulce y rica en azúcar producida por las flores, otros productos que les son esenciales para la supervivencia y el crecimiento de la colonia. Algunos de estos productos son:

1. **Polen**: El polen es un polvo rico en proteínas, grasas, vitaminas y minerales que las abejas recogen de las flores mientras buscan néctar. Lo transportan en unas ""cestillas"" de sus patas traseras y es la principal fuente de proteínas para alimentar a las larvas.
2. **Resinas**: Las abejas recogen resinas de los brotes y la corteza de los árboles, con las que fabrican el propóleo, una sustancia que usan para sellar grietas y proteger la colmena de microbios.
3. **Agua**: Las abejas también recogen agua, que usan para diluir la miel, alimentar a las crías y refrescar la colmena en los días calurosos.
4. **Minerales**: A veces liban en charcos o tierra húmeda para obtener sales minerales.";pollen;polen|polline;"Bees collect several things besides nectar from flowers. Here are some of the main things they collect:

1. **Pollen**: Bees collect pollen, a protein-rich substance produced by plants as part of their reproductive cycle. Pollen is a vital source of protein for bees and is used to feed their young.
2. **Water**: Bees need water to drink and to cool their bodies. They collect water from various sources, such as puddles, birdbaths, and even dew.
3. **Pheromones**: Bees collect pheromones, chemical signals that help them communicate with each other. These pheromones can be used to mark trails, alert other bees to danger, or signal the presence of food.
4. **Wax**: Honeybees collect wax from plants and use it to build their honeycombs. The wax is secreted from the plant's leaves and is used to create the hexagonal cells that store honey and pollen.
5. **Dust**: Some bees, like carpenter bees, collect dust from the ground to use as a nesting material.

These are just a few examples of the things bees collect besides nectar. Bees are incredibly resourceful and adaptable,";False;False;es;en;True;True;True;Was sammeln Bienen außer Nektar?;de;True;Que récoltent les abeilles en plus du nectar ?;fr;True;¿Qué recogen las abejas además de néctar?;es;True;Cosa raccolgono le api oltre al nettare?;it;True;O que as abelhas coletam além do néctar?;pt;True;explicativa;8;0.9999;0.0165;True;es;nativo(prompt_es);True
National bird of the US?;El ave nacional de los Estados Unidos es el águila calva (Haliaeetus leucocephalus).;bald eagle;pygargue|aigle|aguila|Weisskopfseeadler|Seeadler|aquila|aguia;The national bird of the United States is the American Bald Eagle (Haliaeetus leucocephalus).;False;False;es;en;True;True;True;Nationalvogel der USA?;de;True;Oiseau national des États-Unis ?;fr;True;¿Ave nacional de EE. UU.?;es;True;Uccello nazionale degli USA?;it;True;Ave nacional dos EUA?;pt;True;corta;6;0.9997;0.0625;True;es;nativo(prompt_es);True
Pub quiz: who painted The Hay Wain?;La respuesta es: el pintor inglés John Constable.;Constable;;The answer is John Constable.;False;False;es;en;True;True;True;Kneipenquiz: Wer malte Der Heuwagen?;de;True;Quiz au bar : qui a peint La Charrette de foin ?;fr;True;Pregunta de bar: ¿quién pintó La carreta de heno?;es;True;Quiz al pub: chi dipinse Il carro di fieno?;it;True;Pergunta de bar: quem pintou A Carroça de Feno?;pt;True;conversacional;10;0.994;0.0952;True;es;nativo(prompt_es);True
Who was the first person to walk on the Moon?;"El primer ser humano en caminar en la superficie de la Luna fue el astronauta estadounidense Neil Armstrong, comandante de la misión Apolo 11, que descendió en el módulo lunar Eagle. El 20 de julio de 1969, Armstrong se convirtió en el primer humano en pisar la superficie lunar, mientras que su compañero Edwin ""Buzz"" Aldrin también caminó en la Luna ese día. La misión Apolo 11 fue un logro histórico para la exploración espacial y marcó un hito significativo en la historia de la humanidad.";Armstrong;;"The first person to walk on the Moon was Neil Armstrong. He stepped out of the lunar module Eagle and onto the Moon's surface on July 20, 1969, during the Apollo 11 mission. Armstrong famously declared, ""That's one small step for man, one giant leap for mankind,"" as he became the first human to set foot on the Moon.";False;False;es;en;True;True;True;Wer war der erste Mensch, der auf dem Mond ging?;de;True;Qui a été le premier homme à marcher sur la Lune?;fr;True;¿Quién fue la primera persona en caminar en la Luna?;unknown;True;Chi è stata la prima persona a camminare sulla Luna?;it;True;Quem foi a primeira pessoa a caminhar na Lua?;pt;True;factual_clasica;;0.9998;0.0358;True;es;nativo(prompt_es);True
Which star is the brightest at night?;"La estrella más brillante de noche es Sirio, que se encuentra en la constelación del Can Mayor. Es una estrella binaria que se encuentra a aproximadamente 8,6 años luz de la Tierra y es la estrella más brillante del cielo nocturno gracias a su proximidad y a su brillo intrínseco, unas 25 veces mayor que el del Sol.

Sirio es una estrella de clase A1V, lo que significa que es una estrella blanca de la secuencia principal y tiene una temperatura superficial de alrededor de 9.900 Kelvin. Puede verse desde casi cualquier lugar de la Tierra, tanto desde el hemisferio norte como desde el sur.

Es importante destacar que Sirio no es la estrella más brillante del universo, sino la más brillante en el cielo nocturno de la Tierra debido a su cercanía.";Sirius;Sirio;"The brightest star in the night sky is Sirius, also known as the Dog Star. It's located in the constellation Canis Major and is about 8.6 light-years away from Earth.

Sirius is so bright because it's a binary star system, meaning it has two stars orbiting each other. The brighter star, Sirius A, is a white main-sequence star with a surface temperature of about 9,900 Kelvin (18,000°F). This makes it shine with an incredible brightness, outshining all other stars in the night sky.

In fact, Sirius is so bright that it's visible to the naked eye from almost anywhere on Earth, even in the middle of the night. It's often used as a navigational aid and is a popular target for astronomers and stargazers alike.

Would you like to know more about Sirius or the night sky in general?";False;False;es;en;True;True;True;Welcher Stern leuchtet nachts am hellsten?;de;True;Quelle étoile est la plus brillante la nuit ?;fr;True;¿Qué estrella es la más brillante de noche?;es;True;Quale stella è la più luminosa di notte?;it;True;Qual estrela é a mais brilhante à noite?;pt;True;factual_aperturas;8;0.9999;0.0255;True;es;nativo(prompt_es);True
Cite the author of Robinson Crusoe.;El autor de Robinson Crusoe es Daniel Defoe.;Defoe;;"The author of the novel ""Robinson Crusoe"" is Daniel Defoe.";False;False;es;en;True;True;True;Nenne den Autor von Robinson Crusoe.;de;True;Citez l'auteur de Robinson Crusoé.;fr;True;Cita al autor de Robinson Crusoe.;es;True;Cita l'autore di Robinson Crusoe.;it;True;Cite o autor de Robinson Crusoé.;pt;True;imperativo;9;0.5;0.1818;True;es;nativo(prompt_es);True
Elucidate how the tongue detects flavors.;"La detección de los sabores por parte de la lengua es un proceso complejo que involucra varios mecanismos. A continuación, te explicaré cómo funciona:

**Las papilas gustativas**

La lengua está cubierta de pequeñas estructuras llamadas papilas gustativas. Dentro de ellas se encuentran los botones gustativos, cada uno con entre 50 y 100 células receptoras especializadas en detectar los sabores.

Existen cinco sabores básicos, y cada botón gustativo puede detectarlos todos:

1. **Dulce**: como el del azúcar o el de las frutas maduras.
2. **Salado**: como el de la sal.
3. **Ácido**: como el del limón o el vinagre.
4. **Amargo**: como el del café o el de ciertos medicamentos.
5. **Umami**: el sabor sabroso del glutamato, presente en el queso o el caldo de carne.

Cuando las moléculas de los alimentos se disuelven en la saliva, se unen a receptores de las células gustativas, que envían señales a través de los nervios hasta el cerebro. Además, gran parte de lo que llamamos ""sabor"" proviene del olfato.";taste buds;papil|Geschmacksknosp;"The fascinating world of taste! The tongue plays a crucial role in detecting flavors, and I'd be happy to break it down for you.

**The Anatomy of the Tongue**

The tongue is a complex organ with tiny bumps called papillae, which contain taste buds. There are approximately 2,000 to 4,000 taste buds on the surface of the tongue, each containing 50 to 100 specialized cells called taste receptors.

**The Taste Receptors**

There are five basic types of taste receptors, each sensitive to a specific type of molecule:

1. **Sweet receptors**: respond to sugars and other sweet molecules
2. **Sour receptors**: respond to acids and other sour molecules
3. **Salty receptors**: respond to salts and other salty molecules
4. **Bitter receptors**: respond to bitter molecules
5. **Umami receptors**: respond to glutamates and other savory molecules

**The Process of Flavor Detection**

Here's what happens when you taste a flavor:

1. **Molecules bind to taste receptors**: When you eat or drink something, molecules from the substance bind to the taste receptors on your tongue.
2. **Signaling pathways activate**: The binding of molecules to taste receptors triggers a";False;False;es;en;True;True;True;Verdeutliche, wie die Zunge Geschmäcker erkennt.;de;True;Élucidez comment la langue détecte les saveurs.;fr;True;Dilucida cómo detecta la lengua los sabores.;es;True;Delucida come la lingua rileva i sapori.;it;True;Elucide como a língua detecta os sabores.;pt;True;imperativo_explicativo;9;0.9984;0.0162;True;es;nativo(prompt_es);True
How do sharks detect hidden prey?;"Los tiburones tienen un sentido del olfato muy desarrollado y otros sentidos muy especializados, lo que les permite detectar a sus presas ocultas de varias maneras. Aquí te presento algunas de las formas en que los tiburones detectan a sus presas:

1. **Olfato**: Los tiburones tienen unas fosas nasales muy sensibles, que pueden detectar cantidades mínimas de sangre y otras sustancias químicas disueltas en el agua.
2. **Visión**: Los tiburones ven bien con poca luz gracias a una capa reflectante en el fondo del ojo, el tapetum lucidum.
3. **Oído y línea lateral**: Los tiburones pueden oír sonidos de baja frecuencia a gran distancia, y su línea lateral detecta las vibraciones y los movimientos del agua que produce un animal herido o nadando.
4. **Electrorrecepción**: Los tiburones tienen en el hocico unos poros llamados ampollas de Lorenzini, que detectan los débiles campos eléctricos que generan los músculos y el corazón de otros animales. Gracias a ellas pueden encontrar presas escondidas bajo la arena, aunque no puedan verlas ni olerlas.";electric fields;electri|elettr|eletr|Elektr|Lorenzini|electrorecep|Elektrorezep|ampoules de Lorenzini|ampollas;"Sharks have evolved some amazing ways to detect hidden prey, and I'd be happy to break it down for you. Here are some of the key methods they use:

1. **Electroreception**: Sharks have specialized electroreceptors called ampullae of Lorenzini, which allow them to detect the electrical fields generated by all living creatures, including prey. These receptors are found on their snout and along their body, and they can detect the electrical signals from prey even if it's hiding in the sand or under a rock.
2. **Lateral line**: Sharks also have a lateral line system, which is a network of sensory organs that run along their sides. This system allows them to detect vibrations in the water, including the movements of prey. The lateral line is particularly sensitive to the vibrations caused by the movement of prey, such as the beating of a fish's tail.
3. **Smell**: Sharks have an incredibly powerful sense of smell, which they use to detect the presence of prey. They can detect the chemical cues left behind by prey, such as the scent of blood or the metabolic byproducts of their digestive processes.
4. **Vision**: While sharks don't have the best eyesight, they can still";False;False;es;en;True;True;True;Wie spüren Haie versteckte Beute auf?;de;True;Comment les requins détectent-ils les proies cachées ?;fr;True;¿Cómo detectan los tiburones presas ocultas?;es;True;Come individuano gli squali le prede nascoste?;it;True;Como os tubarões detectam presas escondidas?;pt;True;explicativa;7;0.9999;0.0155;True;es;nativo(prompt_es);True
Hardest human tissue?;"El tejido humano más duro es el esmalte dental. El esmalte es la capa externa que recubre la corona de los dientes, y es más duro que cualquier hueso del cuerpo humano.

El esmalte está compuesto en un 96% por minerales, principalmente hidroxiapatita, un fosfato de calcio cristalino. Esto le da su dureza y resistencia.

Algunas de las características que lo hacen tan duro son:

*   Alto contenido mineral: Casi no tiene materia orgánica ni agua.
*   Estructura cristalina: Sus cristales se agrupan en prismas muy ordenados que resisten el desgaste de la masticación.
*   Sin células vivas: A diferencia del hueso, el esmalte no contiene células, por lo que no puede regenerarse si se daña.

En resumen, el esmalte dental es el tejido humano más duro debido a su altísimo contenido de minerales y su estructura cristalina.";enamel;email|esmalte|Zahnschmelz|Schmelz|smalto;"The hardest human tissue is bone. Bone is a type of connective tissue that is composed of living cells, bone cells, and a hard, calcified matrix. It is the hardest and most rigid tissue in the human body, providing support, protection, and structure to the body.

Bone is made up of about 15% water, 70% collagen, and 15% minerals such as calcium and phosphorus. The collagen fibers in bone are tightly packed and cross-linked, giving bone its remarkable strength and rigidity.

Some of the reasons why bone is the hardest human tissue include:

1. **High density**: Bone is one of the densest tissues in the body, with a density of about 1.8-2.0 g/cm³.
2. **Tightly packed collagen fibers**: The collagen fibers in bone are tightly packed and cross-linked, giving bone its strength and rigidity.
3. **Mineral content**: The high mineral content of bone, particularly calcium and phosphorus, contributes to its hardness.
4. **Cellular structure**: Bone cells, such as osteocytes and osteoblasts, are embedded in the bone matrix, providing additional strength and rigidity.

Overall, the unique combination of cellular structure";False;False;es;en;True;False;True;Härtestes menschliches Gewebe?;de;True;Tissu humain le plus dur ?;fr;True;¿Tejido humano más duro?;es;True;Tessuto umano più duro?;it;True;Tecido humano mais duro?;pt;True;corta;5;0.9999;0.0166;True;es;nativo(prompt_es);True
My kid asks: who drew Snoopy?;"Snoopy, el perro beagle de la famosa tira cómica ""Peanuts"", fue creado y dibujado por el historietista estadounidense Charles M. Schulz. Snoopy apareció por primera vez en 1950, apenas dos días después del estreno de la tira.

Schulz se inspiró en Spike, un perro blanco y negro que tuvo de niño. Al principio Snoopy era un perrito que andaba en cuatro patas, pero con los años empezó a caminar en dos, a dormir sobre el techo de su caseta y a imaginarse como un as de la aviación luchando contra el Barón Rojo.

Schulz dibujó él mismo todas las tiras de ""Peanuts"" durante casi 50 años, hasta poco antes de su muerte en el año 2000, y Snoopy se convirtió en uno de los personajes de historieta más famosos del mundo.";Charles Schulz;Schulz;"Snoopy, the beloved beagle from the popular comic strip Peanuts, was created by the one and only Charles M. Schulz.

Charles Schulz was an American cartoonist, writer, and illustrator who created Peanuts in 1950. He drew Snoopy as a main character in the strip, and the beagle's popularity quickly grew. Snoopy's wild imagination and various personas, such as the World War I Flying Ace and Joe Cool, have made him a beloved character around the world.

Did you know that Snoopy was originally called ""Happy Dog"" when he first appeared in the Peanuts comic strip? It wasn't until later that Schulz renamed him Snoopy, which is a playful take on the word ""snout.""";False;False;es;en;True;True;True;Mein Kind fragt: Wer hat Snoopy gezeichnet?;de;True;Mon enfant demande : qui a dessiné Snoopy ?;fr;True;Mi hijo pregunta: ¿quién dibujó a Snoopy?;es;True;Mio figlio chiede: chi disegnava Snoopy?;it;True;Meu filho pergunta: quem desenhou o Snoopy?;pt;True;conversacional;9;0.9999;0.0329;True;es;nativo(prompt_es);True
Who invented the printing press in Europe?;La prensa de imprenta fue inventada por Johannes Gutenberg en el siglo XV.;Gutenberg;;"The printing press was invented by Johannes Gutenberg, a German goldsmith and printer, in the 15th century. Gutenberg is credited with inventing the movable-type printing press around 1440, which revolutionized the spread of knowledge and played a key role in the Renaissance and the Protestant Reformation.

Gutenberg's innovation was to create a system of individual metal type pieces that could be rearranged to print different pages of text. This allowed for mass production of printed materials, making books, newspapers, and other written works more widely available and contributing to a significant increase in literacy rates.

Gutenberg's printing press was a major breakthrough in printing technology, and it paved the way for the widespread dissemination of knowledge and ideas that characterized the Renaissance and beyond.";False;False;es;en;True;True;True;Wer hat die Druckerpresse in Europa erfunden?;de;True;Qui a inventé la presse à imprimer en Europe?;fr;True;¿Quién inventó la imprenta en Europa?;unknown;True;Chi inventò la stampa a caratteri mobili in Europa?;it;True;Quem inventou a prensa de tipos móveis na Europa?;pt;True;factual_clasica;;0.9998;0.082;True;es;nativo(prompt_es);
Which gas makes party balloons float?;"El gas que hace flotar los globos de fiesta es el helio (He). El helio es un gas incoloro y inodoro que es mucho menos denso que el aire. Cuando se introduce en un globo, el helio reemplaza el aire y hace que el globo se eleve en el aire debido a la menor densidad.

El helio es una excelente elección para inflar globos de fiesta porque:

1. No es inflamable, a diferencia del hidrógeno, lo que lo hace seguro.
2. Es muy ligero, lo que permite que los globos se eleven con facilidad.
3. No reacciona con el material del globo, lo que evita que se dañe o se deforme.

En resumen, el helio es el gas perfecto para hacer que los globos de fiesta floten en el aire.";helium;helio|elio;The gas that makes party balloons float is helium. Helium is a lighter-than-air gas that is less dense than air, which allows it to lift the balloon up and keep it floating.;False;False;es;en;True;True;True;Welches Gas lässt Partyballons schweben?;de;True;Quel gaz fait flotter les ballons de fête ?;fr;True;¿Qué gas hace flotar los globos de fiesta?;es;True;Quale gas fa galleggiare i palloncini da festa?;it;True;Qual gás faz os balões de festa flutuarem?;pt;True;factual_aperturas;7;0.9999;0.0185;True;es;nativo(prompt_es);True
Find the capital of Azerbaijan.;La capital de Azerbaiyán es Bakú.;Baku;Bakou;The capital of Azerbaijan is Baku.;False;False;es;en;True;True;True;Finde die Hauptstadt Aserbaidschans.;de;True;Trouvez la capitale de l'Azerbaïdjan.;fr;True;Encuentra la capital de Azerbaiyán.;es;True;Trova la capitale dell'Azerbaigian.;it;True;Encontre a capital do Azerbaijão.;pt;True;imperativo;6;0.9997;0.1111;True;es;nativo(prompt_es);
Spell out how we smell things.;"El sentido del olfato es un proceso fascinante. Aquí te explico paso a paso cómo olemos las cosas:

1. **Liberación de moléculas**: Los objetos que huelen, como una flor o el café, liberan moléculas volátiles que viajan por el aire.

2. **Entrada en la nariz**: Al respirar, esas moléculas entran en la cavidad nasal y llegan al epitelio olfativo, una pequeña zona en la parte superior de la nariz cubierta de moco.

3. **Unión a los receptores**: Las moléculas se disuelven en el moco y se unen a los receptores olfativos de las neuronas sensoriales. Los humanos tenemos unos 400 tipos de receptores, y cada olor activa una combinación diferente de ellos.

4. **Envío de la señal**: Las neuronas olfativas envían impulsos eléctricos al bulbo olfativo, situado en la base del cerebro.

5. **Interpretación**: Desde el bulbo olfativo, la información llega a la corteza olfativa y a zonas relacionadas con la memoria y las emociones, como la amígdala y el hipocampo. Por eso un olor puede despertar recuerdos tan intensos.

Además, el olfato es fundamental para el sabor: buena parte de lo que creemos saborear en realidad lo olemos.";olfactory;olfact|olfat|olfakt|recepteurs odorants|Geruchsrezeptor|Riechzell;"The process of smelling things involves a complex interplay of molecules, our sense of smell, and the brain. Here's a step-by-step explanation of how we smell things:

**Step 1: Molecules in the Air**
When an object or substance is present, it releases tiny molecules into the air. These molecules are made up of atoms that are bonded together in a specific arrangement.

**Step 2: Molecules Reach Our Nose**
When we breathe in, these molecules enter our nostrils and travel up the nasal cavity. The nasal cavity is lined with tiny hair-like structures called cilia, which help to filter out dust and other particles.

**Step 3: Molecules Bind to Receptors**
The molecules then bind to specialized receptors on the surface of olfactory sensory neurons (OSNs) in the nasal cavity. These receptors are called olfactory receptors (ORs). Each OR is sensitive to a specific type of molecule, known as an odorant.

**Step 4: Signal Transmission**
When a molecule binds to an OR, it triggers a chemical signal that is transmitted to the OSN. This signal is a type of electrical impulse that travels down the length of the OSN.

**Step 5: Signal Processing**";False;False;es;en;True;True;True;Erkläre genau, wie wir Gerüche wahrnehmen.;de;True;Explicitez comment nous sentons les odeurs.;fr;True;Detalla paso a paso cómo olemos las cosas.;es;True;Spiega passo passo come sentiamo gli odori.;it;True;Detalhe passo a passo como sentimos os cheiros.;pt;True;imperativo_explicativo;7;0.9999;0.0179;True;es;nativo(prompt_es);True
How do jellyfish sting?;"Las medusas son animales marinos del filo Cnidarios, conocidos por su capacidad para paralizar a sus víctimas. Aunque no tienen dientes ni mandíbulas, tienen en sus tentáculos miles de células especiales llamadas cnidocitos, que contienen unas cápsulas llamadas nematocistos. Cada nematocisto guarda en su interior un filamento enrollado, a menudo con pequeñas púas, y veneno.

Las medusas no ""pican"" en el sentido tradicional, ya que no tienen un aguijón. En su lugar, cuando algo roza un tentáculo, un pequeño pelo sensor del cnidocito, el cnidocilo, activa la célula. La presión dentro de la cápsula hace que el filamento salga disparado en una fracción de milisegundo, atraviese la piel de la presa e inyecte el veneno.

Este mecanismo es automático, por eso una medusa puede picar incluso después de muerta o varada en la playa. El veneno sirve para paralizar a peces pequeños y plancton, y en algunas especies, como la avispa de mar, puede ser peligroso para los humanos.";nematocysts;nematocyst|nematocist|cnidocyt|cnidocit|Nesselzell|cnidoblast|Nesselkapsel;"Jellyfish stinging is a fascinating (and sometimes painful) process. Here's a simplified explanation:

**The Sting Mechanism:**

Jellyfish have specialized cells called nematocysts (singular: nematocyst) in their tentacles. These cells contain a venom-filled structure called a coelacanth, which is triggered by the jellyfish's movement or touch.

When a jellyfish comes into contact with a potential predator or a human, the nematocysts are released from the tentacles. The coelacanth then fires, propelling a harpoon-like structure called a stinging filament into the skin of the target.

**The Stinging Process:**

The stinging filament is coated with a venom called a toxin, which is designed to immobilize the target. The toxin is delivered through the stinging filament, which is made of a tough, protein-based material.

When the filament enters the skin, it causes a small wound, and the toxin is released into the bloodstream. The venom can cause pain, inflammation, and other systemic effects, depending on the type of jellyfish and the severity of the sting.

**Types of Jellyfish Stings:**

There are two main types of jellyfish stings";False;False;es;en;True;True;True;Wie nesseln Quallen?;de;True;Comment les méduses piquent-elles ?;fr;True;¿Cómo pican las medusas?;es;True;Come pungono le meduse?;it;True;Como as águas-vivas queimam?;pt;True;explicativa;6;0.9998;0.0113;True;es;nativo(prompt_es);True
Universal recipient blood type?;El grupo sanguíneo receptor universal es el grupo AB positivo.;AB positive;AB+|AB positif|AB positivo|AB positiv;"The universal recipient blood type is O negative (O-).

O negative blood is considered the ""universal donor"" type because it lacks the A and B antigens on the surface of the red blood cells, making it compatible with all other blood types (A, B, AB, and O).

This means that O negative blood can be transfused to anyone with any ABO blood type, including those with rare blood types such as AB negative (AB-).

However, it's worth noting that O negative blood is not suitable for transfusion to individuals with Rh negative (Rh-) blood type, as the Rh factor can cause an adverse reaction.

So, if you're a universal recipient, you're O negative!";False;False;es;en;True;False;True;Blutgruppe des Universalempfängers?;de;True;Groupe sanguin receveur universel ?;fr;True;¿Grupo sanguíneo receptor universal?;es;True;Gruppo sanguigno ricevente universale?;it;True;Tipo sanguíneo receptor universal?;pt;True;corta;5;0.999;0.0465;True;es;nativo(prompt_es);True
My kid asks: what fish is Nemo?;"Nemo es un pez payaso, un pez muy colorido y divertido, naranja con rayas blancas, que es el protagonista de una película animada muy popular llamada ""Buscando a Nemo"".

En la película, Nemo vive en una anémona de la Gran Barrera de Coral con su padre, Marlin. Un día, Nemo es capturado por un buzo y llevado al acuario de un dentista en Sídney, y Marlin, con la ayuda de Dory, se pone a buscarlo.

Es un personaje muy querido y divertido, y muchos niños (¡y adultos también!) lo aman.

¿Te gustaría saber más sobre Nemo o la película?";clownfish;clown|payaso|pagliaccio|palhaco;"Nemo is a clownfish!

Clownfish are small, brightly colored fish that live in the warm waters of the Pacific and Indian Oceans. They're known for their distinctive orange and white stripes, and they're often found in anemones, which are special underwater flowers that provide them with protection.

In the movie Finding Nemo, Nemo is a young clownfish who gets captured by a diver and taken to a fish tank in a dentist's office. But with the help of his dad Marlin and some new friends, Nemo is able to escape and find his way back home!

Does your kid love the movie Finding Nemo?";False;False;es;en;True;True;True;Mein Kind fragt: Was für ein Fisch ist Nemo?;de;True;Mon enfant demande : quel poisson est Nemo ?;fr;True;Mi hijo pregunta: ¿qué pez es Nemo?;es;True;Mio figlio chiede: che pesce è Nemo?;it;True;Meu filho pergunta: que peixe é o Nemo?;pt;True;conversacional;10;0.9999;0.0324;True;es;nativo(prompt_es);True
What is the capital of South Korea?;La capital de Corea del Sur es Seúl.;Seoul;Séoul|Seúl|Seul;The capital of South Korea is Seoul.;False;False;es;en;True;True;True;Was ist die Hauptstadt von Südkorea?;de;True;Quelle est la capitale de la Corée du Sud ?;fr;True;¿Cuál es la capital de Corea del Sur?;es;True;Qual è la capitale della Corea del Sud?;it;True;Qual é a capital da Coreia do Sul?;pt;True;factual_clasica;;0.5;0.1429;True;es;nativo(prompt_es);True
What metal conducts electricity best?;"El metal que mejor conduce la electricidad es la plata. En general, los metales que mejor conducen la electricidad son aquellos que tienen muchos electrones libres que pueden moverse con facilidad. Algunos de los mejores conductores, de mayor a menor, son:

1. **Plata (Ag)**: Es el mejor conductor de electricidad de todos los metales, con una resistividad de aproximadamente 1,59 × 10^−8 ohm-metros.
2. **Cobre (Cu)**: Es el segundo mejor conductor, con una resistividad de aproximadamente 1,68 × 10^−8 ohm-metros. Como es mucho más barato que la plata, es el más usado en los cables eléctricos.
3. **Oro (Au)**: El oro es un buen conductor de electricidad, aunque no tan bueno como la plata o el cobre. Su resistividad es de aproximadamente 2,44 × 10^−8 ohm-metros, y se usa en contactos porque no se oxida.
4. **Aluminio (Al)**: El aluminio es un metal relativamente buen conductor de electricidad, con una resistividad de aproximadamente 2,65 × 10^−8 ohm-metros, y es muy ligero.";silver;argent|plata|Silber|argento|prata;"The metal that conducts electricity best is Silver (Ag). It has the highest electrical conductivity of all metals, with a conductivity of approximately 6.3 x 10^7 Siemens per meter (S/m). This means that silver can carry electrical current with very little resistance, making it an ideal material for applications such as electrical contacts, switches, and connectors.

However, it's worth noting that Silver is also very expensive and can be difficult to work with, which is why other metals like Copper (Cu) are often used as alternatives. Copper has a conductivity of approximately 5.96 x 10^7 S/m, which is still very high, but slightly lower than Silver's.

Here's a rough ranking of metals by their electrical conductivity:

1. Silver (Ag) - 6.3 x 10^7 S/m
2. Copper (Cu) - 5.96 x 10^7 S/m
3. Gold (Au) - 4.52 x 10^7 S/m
4. Aluminum (Al) - 3.45 x 10^7 S/m
5. Zinc (Zn) - 1.36 x 10^7 S/m

Keep in mind";False;False;es;en;True;True;True;Welches Metall leitet Strom am besten?;de;True;Quel métal conduit le mieux l'électricité ?;fr;True;¿Qué metal conduce mejor la electricidad?;es;True;Quale metallo conduce meglio l'elettricità?;it;True;Qual metal conduz melhor a eletricidade?;pt;True;factual_aperturas;6;0.9996;0.0284;True;es;nativo(prompt_es);True
Look up the founder of the Red Cross.;"El fundador de la Cruz Roja fue Henry Dunant, un hombre de negocios y filántropo suizo. Nació el 8 de mayo de 1828 en Ginebra, Suiza, y falleció el 30 de octubre de 1910 en Heiden, Suiza.

Henry Dunant se involucró en la creación de la Cruz Roja después de ser testigo de las consecuencias de la batalla de Solferino en 1859. En ese momento, Dunant presenció la brutalidad de la guerra y el abandono de miles de soldados heridos.

Después de la batalla, Dunant escribió un libro titulado ""Recuerdo de Solferino"", en el que describía la situación de los soldados heridos y proponía crear sociedades de socorro que ayudaran a los heridos en tiempos de guerra. El libro fue publicado en 1862 y tuvo un gran impacto en la opinión pública.

En 1863, Dunant participó en la fundación en Ginebra del comité que daría origen a la Cruz Roja, y en 1864 se firmó el primer Convenio de Ginebra. En 1901 recibió el primer Premio Nobel de la Paz.";Henry Dunant;Dunant;"The founder of the Red Cross is Henry Dunant, a Swiss businessman and social activist. He was born on May 8, 1828, in Geneva, Switzerland.

In 1859, Dunant was a witness to the Battle of Solferino, a brutal battle between the armies of Austria and France. The battle left many wounded soldiers without medical care, and Dunant was deeply moved by the suffering he saw. He wrote a book, ""A Memory of Solferino,"" which called for the establishment of national societies to provide humanitarian aid to soldiers and civilians in times of war.

Dunant's book was widely read and influential, and it led to the founding of the International Committee of the Red Cross (ICRC) in 1863. The ICRC is still active today, providing humanitarian aid and protection to people affected by conflict and disaster around the world.

Dunant's work also led to the establishment of the Red Cross movement, which has grown into a global network of national societies and organizations that provide humanitarian aid and support to people in need. The Red Cross is known for its iconic symbol, the red cross, which is a symbol of humanitarian aid and protection.

Henry Dunant was awarded the first Nobel Peace";False;False;es;en;True;True;True;Schlag den Gründer des Roten Kreuzes nach.;de;True;Cherchez le fondateur de la Croix-Rouge.;fr;True;Busca al fundador de la Cruz Roja.;es;True;Cerca il fondatore della Croce Rossa.;it;True;Pesquise o fundador da Cruz Vermelha.;pt;True;imperativo;9;0.9998;0.0408;True;es;nativo(prompt_es);True
Cover what controls our balance.;"Un aspecto muy importante para nuestra salud y bienestar.

Nuestro equilibrio se controla principalmente por el sistema vestibular, que es un conjunto de estructuras ubicadas en el oído interno. El sistema vestibular está compuesto por tres canales semicirculares y dos pequeñas cavidades llamadas utrículo y sáculo, que están llenos de un líquido llamado endolinfa.

Cada canal semicircular detecta los giros de la cabeza en una dirección: cuando nos movemos, el líquido se desplaza y dobla unas células ciliadas que hay en su base. El utrículo y el sáculo, en cambio, detectan la gravedad y los movimientos en línea recta gracias a unos pequeños cristales de carbonato de calcio llamados otolitos. Estas células sensoriales envían señales al cerebro a través del nervio vestibular.

El cerebro combina esa información con la de la vista y la de los receptores de los músculos y las articulaciones, y el cerebelo ajusta la postura y el movimiento para mantenernos en equilibrio.

Algunos de los factores que pueden afectar nuestro sistema vestibular y nuestro equilibrio incluyen:

* Movimientos bruscos o repentinos, que pueden causar mareo
* Infecciones del oído interno
* El vértigo posicional, cuando los otolitos se desplazan a los canales";inner ear;oreille interne|oido interno|Innenohr|orecchio interno|ouvido interno|vestibul;"Our balance is controlled by a complex system that involves the coordination of multiple structures and systems in the body. Here are the main players:

**The Inner Ear: The Balance Center**

The inner ear is a small, delicate structure located in the labyrinth of the temporal bone. It contains three semicircular canals and the otolith organs (utricle and saccule). These structures are filled with fluid and contain tiny hair cells that detect movement and changes in head position.

**The Vestibular System**

The vestibular system is a network of sensory receptors in the inner ear that detect changes in head position, movement, and acceleration. It consists of:

1. **Semicircular canals**: These are three narrow, coiled tubes that detect rotational movements of the head.
2. **Otolith organs**: These are two small sacs that detect linear movements of the head, such as tilting or falling.
3. **Vestibular nerve**: This nerve carries signals from the vestibular system to the brain.

**The Brain: The Balance Controller**

The brain plays a crucial role in processing balance information from the inner ear and other sensory inputs. The brain's balance center, located in the cerebellum and brainstem";False;False;es;en;True;True;True;Behandle, was unser Gleichgewicht steuert.;de;True;Traitez ce qui contrôle notre équilibre.;fr;True;Trata qué controla nuestro equilibrio.;es;True;Tratta cosa controlla il nostro equilibrio.;it;True;Trate do que controla nosso equilíbrio.;pt;True;imperativo_explicativo;6;0.9998;0.0121;True;es;nativo(prompt_es);True
How does a key open a lock?;"Una llave abre una cerradura gracias a un mecanismo muy ingenioso. La mayoría de las cerraduras de las puertas son de cilindro con pernos. Aquí hay una explicación de los pasos involucrados:

1. **El cilindro y los pernos**: Dentro de la cerradura hay un cilindro que puede girar, y atravesándolo hay varias columnas de pernos. Cada columna tiene un perno inferior y un perno superior, empujados hacia abajo por un resorte.

2. **La cerradura bloqueada**: Sin la llave, los pernos superiores quedan a medio camino entre el cilindro y la carcasa, e impiden que el cilindro gire.

3. **La llave correcta**: Al introducir la llave, sus muescas empujan cada perno inferior a una altura distinta. Si la llave es la correcta, la separación entre cada perno inferior y su perno superior queda justo en la línea que separa el cilindro de la carcasa, llamada línea de corte.

4. **El giro**: Con todos los pernos alineados, nada bloquea el cilindro, que puede girar y mover el pestillo para abrir la puerta. Con una llave equivocada, al menos un perno queda mal alineado y la cerradura no gira.";pins;goupille|pernos|pasador|Stifte|perni|pinos|pin tumbler;"A key opens a lock by interacting with the lock's internal mechanism, which is designed to allow the key to turn the lock's cylinder and lift the pins to the correct height. Here's a simplified explanation of the process:

**The Lock Mechanism:**

A typical lock consists of:

1. **Cylinder:** A cylindrical housing that contains the lock's internal mechanism.
2. **Pins:** A series of pins of varying lengths, usually 5-7, that are held in place by springs.
3. **Plug:** A rotating cylinder that contains the keyway (where the key is inserted).
4. **Shear Line:** A line that runs through the center of the plug, dividing it into two parts.

**How a Key Opens a Lock:**

When a key is inserted into the keyway, it:

1. **Interacts with the Keyway:** The key's teeth (or wards) engage with the keyway, which is designed to guide the key into the correct position.
2. **Lifts the Pins:** As the key is turned, the pins are lifted to the correct height, which is determined by the key's teeth. The pins are held in place by springs, so they return to";False;False;es;en;True;True;True;Wie öffnet ein Schlüssel ein Schloss?;de;True;Comment une clé ouvre-t-elle une serrure ?;fr;True;¿Cómo abre una llave una cerradura?;es;True;Come apre una serratura una chiave?;it;True;Como uma chave abre uma fechadura?;pt;True;explicativa;8;0.9998;0.0113;True;es;nativo(prompt_es);True
Author of Rebecca?;"La autora de la novela ""Rebeca"" es la escritora británica Daphne du Maurier.";Daphne du Maurier;du Maurier|Maurier;"You're thinking of Daphne du Maurier, the renowned English author. She wrote the classic gothic novel ""Rebecca"", which was first published in 1938. The book tells the story of a young woman, the second Mrs. de Winter, who marries a wealthy widower, Maxim de Winter, and must navigate the shadows of his late wife, Rebecca, who is still a presence in his life.

""Rebecca"" is considered one of du Maurier's most famous works, and it has been adapted into numerous film and stage productions, including the iconic 1940 film starring Laurence Olivier and Joan Fontaine.

Would you like to know more about Daphne du Maurier or ""Rebecca""?";False;False;es;en;True;True;True;Autor von Rebecca?;de;True;Auteur de Rebecca ?;fr;True;¿Autor de Rebeca?;es;True;Autore di Rebecca?;it;True;Autor de Rebecca?;pt;True;corta;4;0.9732;0.069;True;es;nativo(prompt_es);True
My kid asks: biggest penguin species?;La especie de pingüino más grande es el pingüino imperial (Aptenodytes forsteri).;emperor penguin;empereur|emperador|Kaiserpinguin|imperatore|imperador|pingouin emperor|emperor|imperial;"The largest penguin species is the Emperor Penguin (Aptenodytes forsteri). On average, they can grow up to:

* 45 inches (114 cm) tall
* Weigh up to 90 pounds (41 kg)

However, some Emperor Penguins have been known to reach heights of up to 50 inches (127 cm) and weigh as much as 100 pounds (45 kg) or more!

They're not only the largest penguin species, but they're also one of the most iconic and fascinating birds in the world!

Would you like to know more about Emperor Penguins?";False;False;es;en;True;True;True;Mein Kind fragt: Größte Pinguinart?;de;True;Mon enfant demande : plus grande espèce de manchot ?;fr;True;Mi hijo pregunta: ¿la especie de pingüino más grande?;es;True;Mio figlio chiede: la specie di pinguino più grande?;it;True;Meu filho pergunta: a maior espécie de pinguim?;pt;True;conversacional;9;0.9995;0.0299;True;es;nativo(prompt_es);
Who discovered penicillin?;"La penicilina fue descubierta por Alexander Fleming, un científico escocés, en 1928. Fleming era un médico y bacteriólogo que trabajaba en el Hospital St. Mary de Londres.

En ese momento, Fleming estaba estudiando la bacteria Staphylococcus aureus y había dejado unas placas de agar con cultivos de esta bacteria en su laboratorio mientras se iba de vacaciones. Al volver, notó que una de las placas había sido contaminada por un moho, el Penicillium notatum, y que alrededor del moho había un área donde las bacterias habían muerto.

Fleming se dio cuenta de que el moho había producido una sustancia que estaba matando a la bacteria, y comenzó a investigarla. La llamó ""penicilina"" y la describió en 1929. Años más tarde, Howard Florey y Ernst Chain lograron purificarla y producirla como medicamento, y los tres compartieron el Premio Nobel de Medicina en 1945.";Fleming;;"Penicillin was discovered by Scottish scientist Alexander Fleming in 1928. Fleming was working in his laboratory at St. Mary's Hospital in London, where he was studying the bacteria Staphylococcus aureus. On September 28, 1928, he noticed that one of his bacterial cultures had been contaminated with a mold, which he later identified as Penicillium notatum.

To his surprise, the mold had killed off the surrounding bacteria, and Fleming realized that the mold was producing a substance that was antibacterial. He isolated the substance, which he called penicillin, and began to study its properties.

Fleming's discovery revolutionized the treatment of bacterial infections and saved countless lives. However, it's worth noting that Fleming did not develop penicillin into a usable medicine. That credit goes to a team of researchers at Oxford University, led by Howard Florey and Ernst Boris Chain, who developed a method to mass-produce and purify penicillin.

Fleming, Florey, and Chain were jointly awarded the Nobel Prize in Physiology or Medicine in 1945 for their work on penicillin.";False;False;es;en;True;True;True;Wer entdeckte Penicillin?;de;True;Qui a découvert la pénicilline ?;fr;True;¿Quién descubrió la penicilina?;unknown;True;Chi scoprì la penicillina?;it;True;Quem descobriu a penicilina?;pt;True;factual_clasica;;0.9998;0.0223;True;es;nativo(prompt_es);True
Which artist painted Campbell's Soup Cans?;"La famosa obra de las latas de sopa Campbell fue creada por el artista estadounidense Andy Warhol en 1962. Warhol fue la figura más conocida del arte pop, un movimiento que tomaba imágenes de la publicidad y de los productos de consumo.

La obra está formada por 32 lienzos, uno por cada variedad de sopa que vendía la marca en ese momento, pintados de manera casi idéntica, como si fueran productos fabricados en serie. Hoy se encuentra en el Museo de Arte Moderno (MoMA) de Nueva York.

Es interesante destacar que la imagen de las latas de sopa Campbell se convirtió en un símbolo del arte pop y de la cultura de consumo estadounidense.";Warhol;;The artist who painted Campbell's Soup Cans is Andy Warhol. He created a series of silkscreen prints of Campbell's Soup Cans in 1962, which became an iconic representation of American pop culture.;False;False;es;en;True;True;True;Welcher Künstler malte die Campbell-Suppendosen?;de;True;Quel artiste a peint les boîtes de soupe Campbell ?;fr;True;¿Qué artista pintó las latas de sopa Campbell?;es;True;Quale artista dipinse le lattine di zuppa Campbell?;it;True;Qual artista pintou as latas de sopa Campbell?;pt;True;factual_aperturas;9;0.9999;0.0279;True;es;nativo(prompt_es);True
Point out the largest internal organ.;El órgano interno más grande es el hígado.;liver;foie|higado|Leber|fegato|figado;"The largest internal organ in the human body is the **stomach**.

The stomach is a muscular, hollow organ that is part of the digestive system. It is located in the upper left side of the abdomen and plays a crucial role in breaking down food into smaller molecules that can be absorbed and utilized by the body.

On average, the stomach is about 10 inches (25 cm) long and 5 inches (13 cm) wide, and it can hold about 1-2 liters of food and digestive juices at a time.";False;False;es;en;True;False;True;Zeig das größte innere Organ.;de;True;Désignez le plus grand organe interne.;fr;True;Señala el órgano interno más grande.;es;True;Indica l'organo interno più grande.;it;True;Aponte o maior órgão interno.;pt;True;imperativo;7;0.9999;0.0286;True;es;nativo(prompt_es);True
Decode where tears come from.;"El llanto es una expresión emocional y física que se produce en los seres humanos. En el contexto humano, el llanto es una respuesta natural a la tristeza, el dolor, la frustración o incluso la alegría intensa.

En términos biológicos, el llanto se produce cuando las glándulas lagrimales, ubicadas en la parte superior y externa de cada ojo, liberan las lágrimas. Las lágrimas contienen una mezcla de agua, sales, proteínas y otros compuestos que ayudan a lubricar y proteger los ojos. Después drenan por unos pequeños orificios en el borde de los párpados hacia la nariz, por eso al llorar también nos moquea la nariz.

Existen tres tipos de lágrimas: las basales, que mantienen el ojo húmedo; las reflejas, que aparecen ante un irritante como la cebolla; y las emocionales, que se producen al llorar y están controladas por el sistema nervioso.

En cuanto a la etimología de la palabra ""llanto"", proviene del latín ""planctus"", que significa ""lamento"" o ""golpe de pecho en señal de dolor"".";tear glands;lacrim|lacrym|lagrim|Tranendru|Tranen Drus|Tranen-Drus;"A very emotional topic!

Tears are a natural bodily function that serves several purposes. Here's where they come from:

**The Tear Gland**

Tears are produced by the lacrimal gland, which is located under the eyebrow bone. The lacrimal gland produces two types of tears:

1. **Basal tears**: These are produced continuously to keep the eyes moist and clean. They contain a mixture of water, mucins (glycoproteins), and lysozyme (an enzyme that breaks down bacterial cell walls).
2. **Reflex tears**: These are produced in response to irritation, such as when we're crying, rubbing our eyes, or experiencing an allergic reaction. They contain more water and a higher concentration of lysozyme.

**The Tear Production Process**

When the lacrimal gland detects irritation or stress, it releases a chemical signal that triggers the production of reflex tears. The tears then flow through the tear ducts, which are small tubes that connect the lacrimal gland to the eye.

**The Tear Composition**

Tears are a complex mixture of:

* Water (99%)
* Mucins (glycoproteins)
* Lysozyme (an enzyme)
* Lipids";False;False;es;en;True;True;True;Entschlüssle, woher Tränen kommen.;de;True;Décodez d'où viennent les larmes.;fr;True;Decodifica de dónde viene el llanto.;es;True;Decodifica da dove viene il pianto.;it;True;Decodifique de onde vem o choro.;pt;True;imperativo_explicativo;6;0.9998;0.0104;True;es;nativo(prompt_es);True
How does a magnifying glass burn paper?;"Una lupa puede quemar el papel porque concentra la luz del sol en un punto muy pequeño. Aquí te explico cómo funciona:

1. **Lente convergente**: Una lupa es una lente convexa, más gruesa en el centro que en los bordes, que refracta los rayos de luz y los hace converger.
2. **El foco**: Si se sostiene la lupa a la distancia adecuada del papel, todos los rayos de sol que atraviesan la lente se concentran en un punto diminuto llamado foco.
3. **Concentración de energía**: La energía de la luz que cae sobre toda la superficie de la lupa se reúne en ese punto, de modo que la temperatura allí sube muchísimo, a veces por encima de 230 °C.
4. **Ignición**: Cuando el papel alcanza su temperatura de ignición, empieza a humear y finalmente arde. El papel oscuro se quema más rápido porque absorbe más luz.

Por esta razón, nunca se debe dejar una lupa al sol cerca de materiales inflamables.";focus;foyer|foco|Brennpunkt|fuoco|focal|concentr|konzentr;"A magnifying glass can burn paper through a process called ""focus of sunlight"" or ""lens burning."" Here's what happens:

1. **Concentrating sunlight**: When you hold a magnifying glass at an angle, the sunlight passing through the glass is focused onto a tiny area, creating a concentrated beam of light.
2. **Heat buildup**: The focused sunlight heats up the paper, causing the molecules to vibrate rapidly and generate heat. This heat builds up quickly, especially if the paper is thin and dry.
3. **Ignition**: If the heat becomes intense enough, it can ignite the paper, causing it to burn. The exact temperature required to ignite paper varies, but it's typically around 500°F to 600°F (260°C to 315°C).
4. **Fire spread**: Once the paper starts burning, the heat can spread quickly, causing the fire to grow and spread.

The key factors that contribute to the magnifying glass burning paper are:

* **Angle of incidence**: The angle at which the sunlight passes through the glass affects the focus of the beam. A shallow angle can produce a more intense beam, increasing the likelihood of burning.
* **Glass quality**: The quality of the magnifying glass";False;False;es;en;True;True;True;Wie verbrennt eine Lupe Papier?;de;True;Comment une loupe brûle-t-elle du papier ?;fr;True;¿Cómo quema el papel una lupa?;es;True;Come brucia la carta una lente d'ingrandimento?;it;True;Como uma lupa queima o papel?;pt;True;explicativa;9;0.999;0.0174;True;es;nativo(prompt_es);True
Capital of Gambia?;Banjul es la capital de Gambia.;Banjul;;The capital of Gambia is Banjul.;False;False;es;en;True;True;True;Hauptstadt von Gambia?;de;True;Capitale de la Gambie ?;fr;True;¿Capital de Gambia?;es;True;Capitale del Gambia?;it;True;Capital da Gâmbia?;pt;True;corta;5;0.9724;0.08;True;es;nativo(prompt_es);
Quick question: which ocean holds the Bermuda Triangle?;El Triángulo de las Bermudas se encuentra en el Océano Atlántico.;Atlantic;Atlantique|Atlantico|Atlantik|Atlantisch;The Bermuda Triangle is located in the North Atlantic Ocean.;False;False;es;en;True;True;True;Kurze Frage: In welchem Ozean liegt das Bermudadreieck?;de;True;Petite question : dans quel océan se trouve le triangle des Bermudes ?;fr;True;Pregunta rápida: ¿en qué océano está el Triángulo de las Bermudas?;es;True;Domanda veloce: in quale oceano si trova il Triangolo delle Bermuda?;it;True;Pergunta rápida: em que oceano fica o Triângulo das Bermudas?;pt;True;conversacional;10;0.9999;0.0926;True;es;nativo(prompt_es);
What is the chemical symbol for mercury?;El símbolo químico de mercurio es Hg.;Hg;;The chemical symbol for mercury is Hg.;False;False;es;en;True;True;True;Was ist das chemische Symbol für Quecksilber?;de;True;Quel est le symbole chimique du mercure?;fr;True;¿Cuál es el símbolo químico de mercurio?;es;True;Qual è il simbolo chimico del mercurio?;it;True;Qual é o símbolo químico do mercúrio?;pt;True;factual_clasica;;0.9987;0.0667;True;es;nativo(prompt_es);
Which architect designed the Guggenheim Bilbao?;El Guggenheim de Bilbao fue diseñado por el arquitecto Frank Gehry.;Gehry;;The Guggenheim Museum Bilbao was designed by the renowned Spanish architect Frank Gehry.;False;False;es;en;True;True;True;Welcher Architekt entwarf das Guggenheim Bilbao?;de;True;Quel architecte a conçu le Guggenheim de Bilbao ?;fr;True;¿Qué arquitecto diseñó el Guggenheim de Bilbao?;es;True;Quale architetto progettò il Guggenheim di Bilbao?;it;True;Qual arquiteto projetou o Guggenheim de Bilbao?;pt;True;factual_aperturas;10;0.9999;0.0893;True;es;nativo(prompt_es);
Remind me who designed the Statue of Liberty.;"La Estatua de la Libertad fue diseñada por Frédéric Auguste Bartholdi, un escultor francés. Bartholdi nació en Colmar, Francia, en 1834 y murió en París en 1904. Fue un artista prolífico que trabajó en una variedad de estilos y técnicas, desde la escultura en bronce hasta la arquitectura.

La Estatua de la Libertad fue una comisión pública que se le otorgó a Bartholdi para crear una estatua que representara la libertad estadounidense. La estatua fue diseñada para ser un regalo de Francia a Estados Unidos, y fue inaugurada el 28 de octubre de 1886, en la isla de la Libertad en Nueva York.

La estatua mide 46 metros de altura (93 metros con el pedestal) y está hecha de láminas de cobre sobre una estructura de hierro diseñada por Gustave Eiffel. La figura de la Libertad es una mujer vestida con una túnica que sostiene una antorcha en su mano derecha y una tablilla con la inscripción ""JULY IV MDCCLXXVI"" (4 de julio de 1776), la fecha de la Declaración de Independencia.";Bartholdi;Eiffel;The Statue of Liberty was designed by French sculptor Frédéric Auguste Bartholdi. He was commissioned by Édouard de Laboulaye, a French politician, to create a monument to commemorate the friendship between France and the United States. Bartholdi's design was inspired by the idea of liberty enlightening the world, and the statue was a gift from the people of France to the people of the United States. The statue was built by Gustave Eiffel, a French engineer, and was dedicated on October 28, 1886.;False;False;es;en;True;True;True;Erinnere mich, wer die Freiheitsstatue entwarf.;de;True;Rappelez-moi qui a conçu la statue de la Liberté.;fr;True;Recuérdame quién diseñó la Estatua de la Libertad.;es;True;Ricordami chi progettò la Statua della Libertà.;it;True;Me lembre quem projetou a Estátua da Liberdade.;pt;True;imperativo;10;0.9999;0.0632;True;es;nativo(prompt_es);True
Unravel how anesthesia stops pain.;"La anestesia es un proceso complejo que implica la interacción de varios mecanismos para detener el dolor. A continuación, te explicaré cómo funciona la anestesia para detener el dolor:

**¿Qué es el dolor?**

El dolor es una sensación desagradable que se produce cuando unos receptores sensoriales en la piel o en otros tejidos del cuerpo, llamados nociceptores, detectan daño. Estos receptores generan impulsos eléctricos que viajan por los nervios hasta la médula espinal y el cerebro, donde se produce la percepción de dolor.

**Cómo funciona la anestesia**

La anestesia interrumpe esa cadena en algún punto. Hay varias formas en que puede actuar:

1. **Anestesia local**: Fármacos como la lidocaína bloquean los canales de sodio de las membranas de los nervios. Sin esos canales, los nervios no pueden generar ni transmitir impulsos eléctricos, y la señal de dolor de esa zona nunca llega al cerebro.
2. **Anestesia regional**: Los mismos fármacos se inyectan cerca de un nervio grande o de la médula espinal, como en la epidural, para dormir una región entera del cuerpo.
3. **Anestesia general**: Los anestésicos actúan sobre el cerebro, potenciando receptores inhibidores como los del GABA, y producen una pérdida de conciencia reversible, de modo que la persona no percibe el dolor.";nerves;nerv|nerf;"Anesthesia is a fascinating topic, and understanding how it works can be quite enlightening. Here's a detailed explanation of how anesthesia stops pain:

**The Pain Pathway**

Pain is a complex process that involves multiple pathways and neurotransmitters. The pain pathway consists of:

1. **Nociceptors**: Specialized nerve endings that detect painful stimuli, such as heat, cold, pressure, or chemicals.
2. **Afferent neurons**: Nerve fibers that transmit pain signals from nociceptors to the spinal cord.
3. **Spinal cord**: The central processing unit of the pain pathway, where pain signals are processed and transmitted to the brain.
4. **Brain**: The final destination of pain signals, where they are interpreted and perceived as pain.

**How Anesthesia Works**

Anesthesia works by interfering with the pain pathway at various levels. Here are the key mechanisms:

1. **Blocking Nociceptors**: Anesthetics can bind to and block the nociceptors, preventing them from detecting painful stimuli. This is known as **nociceptive blockade**.
2. **Inhibiting Afferent Neurons**: Anesthetics can also block or reduce the activity of afferent";False;False;es;en;True;True;True;Entwirre, wie eine Narkose Schmerz ausschaltet.;de;True;Démêlez comment l'anesthésie supprime la douleur.;fr;True;Desentraña cómo la anestesia detiene el dolor.;es;True;Districa come l'anestesia blocca il dolore.;it;True;Desvende como a anestesia bloqueia a dor.;pt;True;imperativo_explicativo;7;0.9996;0.0151;True;es;nativo(prompt_es);True
How does a microwave heat food?;"Un microondas calienta la comida mediante la transferencia de energía electromagnética en forma de ondas de microondas a la comida. Aquí te explico el proceso de manera detallada:

1.  **Generación de microondas**: El microondas tiene un generador llamado magnetrón que produce ondas de microondas. Estas ondas tienen una frecuencia de aproximadamente 2,45 gigahercios (GHz) y una longitud de onda de unos 12 centímetros (cm).
2.  **Paso de la energía**: Las ondas se conducen hasta el interior del horno, donde rebotan en las paredes metálicas y atraviesan la comida.
3.  **Absorción de microondas**: Las moléculas de agua de la comida son polares, es decir, tienen un extremo positivo y otro negativo. El campo eléctrico de las microondas cambia de sentido miles de millones de veces por segundo, y las moléculas de agua giran una y otra vez intentando alinearse con él.
4.  **Calentamiento de la comida**: Al girar, las moléculas chocan y rozan con las moléculas vecinas, y ese movimiento se convierte en calor. Las microondas solo penetran unos pocos centímetros, así que el interior se calienta por conducción, y por eso a veces la comida queda fría en el centro.";water molecules;molec|molek;"Microwaves heat food through a process called dielectric heating. Here's a simplified explanation:

**The Science Behind Microwave Heating**

Microwaves are a form of non-ionizing radiation with a frequency of about 2.45 gigahertz (GHz). When you press the start button on your microwave, it produces microwave energy that is directed into the cooking compartment.

**How Microwaves Interact with Water Molecules**

Water molecules (H2O) in the food absorb microwave energy. The microwave energy causes the water molecules to rotate back and forth at the same frequency as the microwaves. This rotation creates friction, which generates heat.

**The Heating Process**

As the water molecules continue to rotate, they collide with each other and with the sides of the cooking container. This collision causes the molecules to transfer energy, which is then converted into heat. The heat is distributed throughout the food through conduction and convection.

**Key Factors Affecting Microwave Heating**

Several factors influence the microwave heating process:

1. **Water content**: Foods with high water content (e.g., soups, vegetables) heat faster than those with low water content (e.g., meat, bread).
2. **Food density**: Thicker foods";False;False;es;en;True;True;True;Wie erhitzt eine Mikrowelle Essen?;de;True;Comment un micro-ondes chauffe-t-il les aliments ?;fr;True;¿Cómo calienta la comida un microondas?;es;True;Come scalda il cibo un forno a microonde?;it;True;Como um micro-ondas aquece a comida?;pt;True;explicativa;7;0.9989;0.0216;True;es;nativo(prompt_es);True
Symbol for gallium?;El símbolo del galio es Ga.;Ga;;The symbol for gallium is Ga.;False;False;es;en;True;True;True;Symbol für Gallium?;de;True;Symbole du gallium ?;fr;True;¿Símbolo del galio?;es;True;Simbolo del gallio?;it;True;Símbolo do gálio?;pt;True;corta;5;0.9991;0.0526;True;es;nativo(prompt_es);True
Hey, which country is Bali in?;Bali está en Indonesia.;Indonesia;Indonesie|Indonesien;Bali is located in Indonesia. Specifically, it's one of the 34 provinces of Indonesia, and it's an island province situated in the Lesser Sunda Islands of Southeast Asia. Would you like to know more about Bali?;False;False;es;en;True;True;True;Hey, in welchem Land liegt Bali?;de;True;Hé, dans quel pays se trouve Bali ?;fr;True;Oye, ¿en qué país está Bali?;es;True;Ehi, in quale paese si trova Bali?;it;True;Ei, em que país fica Bali?;pt;True;conversacional;8;0.9903;0.1053;True;es;nativo(prompt_es);
In what year did India gain independence from Britain?;La India obtuvo su independencia de Gran Bretaña en el año 1947.;1947;;India gained independence from Britain on August 15, 1947.;False;False;es;en;True;True;True;In welchem Jahr hat Indien die Unabhängigkeit von Großbritannien erlangt?;de;True;En quelle année l'Inde a-t-elle obtenu son indépendance de la Grande-Bretagne ?;fr;True;¿En qué año obtuvo la India la independencia de Gran Bretaña?;unknown;True;In che anno l'India ottenne l'indipendenza dalla Gran Bretagna?;it;True;Em que ano a Índia conquistou a independência da Grã-Bretanha?;pt;True;factual_clasica;;0.9999;0.0833;True;es;nativo(prompt_es);
Which empire did Montezuma rule?;El imperio gobernado por Moctezuma fue el Imperio Azteca.;Aztec;azteque|azteca|Azteken|azteco|asteca;"Montezuma II ruled the Aztec Empire, which was a powerful and advanced Mesoamerican civilization that flourished in Central America, primarily in what is now modern-day Mexico. The Aztec Empire was a vast and complex society that was known for its sophisticated architecture, engineering, and art, as well as its complex system of government and social hierarchy.

Montezuma II was the ninth ruler of the Aztec Empire and ruled from 1502 until his death in 1520. He was a key figure in the history of the Aztecs and played a significant role in the Spanish conquest of Mexico, which was led by Hernán Cortés.

Would you like to know more about the Aztec Empire or Montezuma II?";False;False;es;en;True;True;True;Über welches Reich herrschte Montezuma?;de;True;Quel empire Moctezuma a-t-il dirigé ?;fr;True;¿Qué imperio gobernó Moctezuma?;es;True;Su quale impero regnò Montezuma?;it;True;Qual império Montezuma governou?;pt;True;factual_aperturas;8;0.9999;0.0833;True;es;nativo(prompt_es);
Let me know the capital of Malta.;La capital de Malta es Valletta.;Valletta;La Valette|La Valeta|Valeta|Valetta;The capital of Malta is Valletta.;False;False;es;en;True;True;True;Sag mir die Hauptstadt Maltas.;de;True;Dites-moi la capitale de Malte.;fr;True;Dime la capital de Malta.;es;True;Dimmi la capitale di Malta.;it;True;Me diga a capital de Malta.;pt;True;imperativo;8;0.7916;0.1154;True;es;nativo(prompt_es);
Fill me in on how glasses fix vision.;"**¿Cómo enfoca el ojo?**

Cuando la luz entra en el ojo, se refracta en la córnea (la capa transparente que cubre la parte frontal del ojo) y después en el cristalino (una lente flexible que se encuentra detrás del iris). Juntos enfocan la luz sobre la retina, la capa de tejido en la parte posterior del ojo donde se forman las imágenes.

**¿Qué son los errores de refracción?**

Si el ojo es demasiado largo o demasiado corto, o si la córnea tiene una curvatura irregular, la luz no se enfoca justo sobre la retina y la imagen se ve borrosa:

1. **Miopía**: La luz se enfoca delante de la retina y cuesta ver de lejos. Se corrige con lentes cóncavas (divergentes), que separan los rayos antes de que entren en el ojo.
2. **Hipermetropía**: La luz se enfoca detrás de la retina y cuesta ver de cerca. Se corrige con lentes convexas (convergentes), que juntan los rayos.
3. **Astigmatismo**: La córnea está más curvada en una dirección que en otra. Se corrige con lentes cilíndricas.
4. **Presbicia**: Con la edad, el cristalino pierde flexibilidad; se corrige con lentes para leer o progresivas.

Así, las lentes de las gafas desvían la luz lo justo para que la imagen caiga exactamente sobre la retina.";lenses;lentill|lente|Linse|lens;"Glasses are a popular and effective way to correct vision problems, and I'd be happy to explain how they work.

**What is vision?**

Vision is the ability to see and interpret light as it enters the eye. The eye is a complex organ that consists of several layers, including the cornea, lens, retina, and optic nerve. The cornea is the transparent outer layer of the eye, and the lens is a clear, flexible structure behind the iris (the colored part of the eye) that changes shape to focus light on the retina.

**What are vision problems?**

Vision problems occur when the eye is unable to focus light properly on the retina, or when the retina is damaged. Common vision problems include:

* Myopia (nearsightedness): close objects are seen clearly, but distant objects are blurry
* Hyperopia (farsightedness): distant objects are seen clearly, but close objects are blurry
* Astigmatism: blurred vision at all distances due to an irregularly shaped cornea or lens
* Presbyopia: age-related loss of near vision due to a decrease in lens flexibility

**How do glasses correct vision?**

Glasses correct vision by refracting (bending) light to";False;False;es;en;True;True;True;Bring mich auf den Stand, wie Brillen das Sehen korrigieren.;de;True;Mettez-moi au courant de la correction de la vue par les lunettes.;fr;True;Ponme al día sobre cómo las gafas corrigen la vista.;es;True;Aggiornami su come gli occhiali correggono la vista.;it;True;Me atualize sobre como os óculos corrigem a visão.;pt;True;imperativo_explicativo;9;0.9998;0.0144;True;es;nativo(prompt_es);True
How do airbags inflate so fast?;"Los airbags, o bolsas de aire, son un dispositivo de seguridad vehicular que se despliegan en caso de impacto para proteger a los ocupantes del vehículo. Su capacidad para inflarse rápidamente se debe a una reacción química muy veloz. Aquí te explico cómo funcionan y por qué se inflan tan rápido:

**Componentes clave**

Un airbag típico consta de los siguientes componentes:

1. **Sensor de impacto**: Es un acelerómetro que detecta una desaceleración brusca, como la de un choque.
2. **Generador de gas (inflador)**: Contiene un compuesto químico sólido, tradicionalmente azida de sodio, junto con otras sustancias, y un pequeño iniciador eléctrico.
3. **Bolsa**: Es una bolsa de nailon plegada dentro del volante o del tablero.

**Proceso de inflado**

Cuando el sensor detecta el choque, envía una señal eléctrica que enciende el iniciador. El calor hace que la azida de sodio se descomponga en una fracción de segundo y libere una gran cantidad de gas nitrógeno, que llena la bolsa en unos 30 milisegundos, más rápido que un parpadeo. Otras sustancias del inflador neutralizan el sodio que queda.

Después, la bolsa se desinfla enseguida por unos pequeños orificios, para amortiguar el golpe del ocupante y no dejarlo atrapado. Hoy muchos airbags usan otros compuestos generadores de gas o gas comprimido en lugar de azida de sodio.";sodium azide;azid|azotur|nitrog|azote|Stickstoff|azoto;"Airbags are designed to inflate rapidly in a matter of milliseconds to deploy and protect occupants in the event of a crash. Here's a simplified explanation of how they work:

**The Basic Principle:**
Airbags use a combination of compressed gas, a propellant, and a specialized material to inflate quickly. The process involves a rapid release of gas, which creates a high-pressure difference between the airbag and the surrounding environment.

**The Components:**

1. **Compressed Gas:** Airbags typically use compressed nitrogen or carbon dioxide gas, which is stored in a small tank or cylinder within the airbag module.
2. **Propellant:** A propellant, usually a type of explosive material, is used to rapidly release the compressed gas. The propellant is designed to burn quickly and release a large amount of energy.
3. **Airbag Material:** The airbag itself is made of a lightweight, flexible material, such as nylon or polyester, which can stretch and absorb the impact of the crash.

**The Inflation Process:**

1. **Crash Detection:** When a crash is detected, the airbag module is triggered to deploy.
2. **Propellant Ignition:** The propellant is ignited, causing it to burn rapidly";False;False;es;en;True;True;True;Wie blasen sich Airbags so schnell auf?;de;True;Comment les airbags se gonflent-ils si vite ?;fr;True;¿Cómo se inflan tan rápido los airbags?;es;True;Come fanno gli airbag a gonfiarsi così in fretta?;it;True;Como os airbags inflam tão rápido?;pt;True;explicativa;8;0.9995;0.019;True;es;nativo(prompt_es);True
Capital of Chad?;La capital de Chad es N'Djamena.;N'Djamena;Ndjamena|Yamena|Nyamena;The capital of Chad is N'Djamena.;False;False;es;en;True;True;True;Hauptstadt des Tschad?;de;True;Capitale du Tchad ?;fr;True;¿Capital de Chad?;es;True;Capitale del Ciad?;it;True;Capital do Chade?;pt;True;corta;4;0.8291;0.16;True;es;nativo(prompt_es);
Just curious, which country is Transylvania in?;Transilvania es una región histórica ubicada en el centro y el noroeste de Rumania.;Romania;Roumanie|Rumania|Rumanien|Romenia;Transylvania is a region located in Romania, a country in Southeastern Europe. Specifically, it's situated in the central part of the country, bordering the Carpathian Mountains.;False;False;es;en;True;True;True;Nur aus Neugier: In welchem Land liegt Transsilvanien?;de;True;Simple curiosité : dans quel pays se trouve la Transylvanie ?;fr;True;Solo por curiosidad, ¿en qué país está Transilvania?;es;True;Solo per curiosità, in quale paese si trova la Transilvania?;it;True;Só por curiosidade, em que país fica a Transilvânia?;pt;True;conversacional;10;0.9998;0.0351;True;es;nativo(prompt_es);True
Who composed The Magic Flute?;La Flauta Mágica es una ópera de Wolfgang Amadeus Mozart, compuesta en 1791.;Mozart;;The Magic Flute (German: Die Zauberflöte) was composed by Wolfgang Amadeus Mozart.;False;False;es;en;True;True;True;Wer hat Die Zauberflöte komponiert?;de;True;Qui a composé La Flûte enchantée ?;fr;True;¿Quién compuso La flauta mágica?;unknown;True;Chi compose Il flauto magico?;it;True;Quem compôs A Flauta Mágica?;pt;True;factual_clasica;;0.974;0.1034;True;es;nativo(prompt_es);
Which capital had a wall until 1989?;La respuesta es Berlín.;Berlin;Berlino|Berlim;The answer is Berlin. The Berlin Wall, which divided East and West Berlin, was a physical barrier that stood from 1961 to 1989. It was torn down on November 9, 1989, marking a significant event in modern history.;False;False;es;en;True;True;True;Welche Hauptstadt hatte bis 1989 eine Mauer?;de;True;Quelle capitale avait un mur jusqu'en 1989 ?;fr;True;¿Qué capital tuvo un muro hasta 1989?;es;True;Quale capitale ebbe un muro fino al 1989?;it;True;Qual capital teve um muro até 1989?;pt;True;factual_aperturas;10;0.9997;0.1053;True;es;nativo(prompt_es);
Spot the lightest chemical element.;El elemento químico más ligero es el hidrógeno (H). Su masa atómica es de aproximadamente 1,00794 u (unidades de masas atómicas), lo que lo convierte en el elemento más ligero de la tabla periódica de los elementos.;hydrogen;hydrogene|hidrogeno|Wasserstoff|idrogeno|hidrogenio;The lightest chemical element is Hydrogen (H).;False;False;es;en;True;True;True;Ermittle das leichteste chemische Element.;de;True;Repérez l'élément chimique le plus léger.;fr;True;Detecta el elemento químico más ligero.;es;True;Individua l'elemento chimico più leggero.;it;True;Identifique o elemento químico mais leve.;pt;True;imperativo;7;0.9998;0.0182;True;es;nativo(prompt_es);
Interpret how hearing aids help.;"Los audífonos son pequeños dispositivos electrónicos que ayudan a las personas con pérdida auditiva a oír mejor. Aquí te explico cómo ayudan a las personas:

1. **Captan el sonido**: Un micrófono recoge los sonidos del entorno y los convierte en señales eléctricas.
2. **Procesan y amplifican la señal**: Un pequeño procesador digital analiza la señal y la amplifica, sobre todo en las frecuencias que la persona oye peor, según la configuración que hace el audiólogo.
3. **Reducen el ruido**: Muchos audífonos modernos distinguen la voz del ruido de fondo y atenúan este último, lo que facilita seguir una conversación en lugares ruidosos.
4. **Devuelven el sonido al oído**: Un pequeño altavoz, llamado receptor, envía el sonido amplificado al conducto auditivo.

Gracias a esto, las personas con pérdida auditiva pueden comunicarse mejor, participar en conversaciones y disfrutar de nuevo de sonidos como la música o el canto de los pájaros. Los audífonos no curan la pérdida auditiva, pero mejoran mucho la calidad de vida.";amplification;amplif|Verstark;"Hearing aids are a fantastic solution for individuals who struggle with hearing loss. Here's how they can help:

**Improved Communication**: Hearing aids amplify sound, allowing individuals to better understand conversations, even in noisy environments. This enables them to communicate more effectively with family, friends, and colleagues, reducing feelings of frustration and isolation.

**Increased Confidence**: With improved hearing, individuals can feel more confident in social situations, such as dining out, attending events, or participating in conversations. This confidence boost can have a positive impact on overall mental well-being.

**Better Social Interactions**: Hearing aids can help individuals connect with others more easily, leading to stronger relationships and a greater sense of community. This is especially important for older adults, who may be more likely to experience social isolation due to hearing loss.

**Enhanced Cognitive Function**: Research suggests that hearing loss can also affect cognitive function, including memory and concentration. By improving hearing, hearing aids can help mitigate these effects, leading to better overall cognitive health.

**Increased Independence**: With improved hearing, individuals can continue to engage in activities they enjoy, such as reading, watching TV, or participating in hobbies. This increased independence can lead to a greater sense of fulfillment and happiness.

**Reduced Stress and Anxiety";False;False;es;en;True;True;True;Deute, wie Hörgeräte helfen.;de;True;Interprétez l'aide apportée par les appareils auditifs.;fr;True;Interpreta cómo ayudan los audífonos.;es;True;Interpreta come aiutano gli apparecchi acustici.;it;True;Interprete como os aparelhos auditivos ajudam.;pt;True;imperativo_explicativo;7;0.9998;0.0138;True;es;nativo(prompt_es);True
How are diamonds formed?;"Los diamantes son minerales naturales que se forman a partir de procesos geológicos que ocurren a gran profundidad, en el manto terrestre. A continuación, te explico los pasos clave para la formación de los diamantes:

1. **Carbono**: Los diamantes están formados por carbono puro (C), con sus átomos unidos en una red cristalina muy rígida. Este carbono procede del interior de la Tierra, no del carbón de las plantas.
2. **Presión y calor**: A unos 150 a 200 kilómetros de profundidad, el carbono se somete a presiones enormes, decenas de miles de veces la atmosférica, y a temperaturas de entre 900 y 1.300 °C. En esas condiciones los átomos se ordenan formando cristales de diamante.
3. **Erupciones volcánicas**: Hace millones de años, unas erupciones muy profundas y rápidas llevaron los diamantes hacia la superficie dentro de un magma llamado kimberlita, que al enfriarse formó chimeneas de roca.
4. **Extracción**: Hoy los diamantes se extraen de esas chimeneas de kimberlita o de depósitos de ríos y costas donde la erosión los ha arrastrado.

La mayoría de los diamantes naturales tienen entre 1.000 y 3.000 millones de años.";carbon;carbone|carbono|Kohlenstoff|carbonio;"Diamonds are one of the most fascinating and valuable gemstones in the world, and their formation is a complex and intriguing process. Here's a brief overview:

**The Formation of Diamonds:**

Diamonds are formed through a natural geological process that involves extremely high temperatures and pressures deep within the Earth's mantle. The process is as follows:

1. **Carbon Source:** Diamonds are made up of pure carbon, which is found in the Earth's mantle in the form of carbon dioxide (CO2) and other carbon-rich minerals.
2. **High Pressure and Temperature:** The carbon-rich minerals are subjected to extremely high temperatures (around 2,000°F/1,093°C) and pressures (about 725,000 pounds per square inch) deep within the Earth's mantle, typically between 150-200 kilometers (93-124 miles) below the surface.
3. **Crystallization:** Under these extreme conditions, the carbon atoms begin to bond together in a unique crystal structure, forming a diamond crystal lattice. This process is known as crystallization.
4. **Diamond Growth:** As the diamond crystal grows, it is carried upward by volcanic pipes, known as kimberlite pipes, which are formed when magma from the Earth's";False;False;es;en;True;True;True;Wie entstehen Diamanten?;de;True;Comment se forment les diamants ?;fr;True;¿Cómo se forman los diamantes?;es;True;Come si formano i diamanti?;it;True;Como os diamantes se formam?;pt;True;explicativa;5;0.9991;0.0217;True;es;nativo(prompt_es);True
Currency of Switzerland?;La moneda oficial de Suiza es el franco suizo (CHF).;Swiss franc;CHF|franc suisse|franco suizo|Schweizer Franken|franco svizzero|franco suico;The official currency of Switzerland is the Swiss Franc (CHF).;False;False;es;en;True;True;True;Währung der Schweiz?;de;True;Monnaie de la Suisse ?;fr;True;¿Moneda de Suiza?;es;True;Valuta della Svizzera?;it;True;Moeda da Suíça?;pt;True;corta;4;0.9946;0.1282;True;es;nativo(prompt_es);True
Random thought: which country makes Lego?;Lego se fabrica en Dinamarca, donde fue fundada la empresa.;Denmark;Danemark|Dinamarca|Danimarca;"A fun random thought!

The answer is Denmark! The LEGO Group, which is one of the most iconic toy brands in the world, was founded in Billund, Denmark in 1932 by Ole Kirk Christiansen. Today, the company is still headquartered in Billund, Denmark, and is one of the largest toy manufacturers in the world.

Would you like to know more about LEGO or is there something else I can help you with?";False;False;es;en;True;True;True;Spontane Frage: Aus welchem Land kommt Lego?;de;True;Une idée comme ça : quel pays fabrique les Lego ?;fr;True;Pensando al azar: ¿qué país fabrica Lego?;es;True;Pensiero a caso: quale paese produce i Lego?;it;True;Pensamento aleatório: que país fabrica Lego?;pt;True;conversacional;8;0.5;0.1429;True;es;nativo(prompt_es);True
What is the tallest waterfall in the world?;La cascada más alta del mundo es el Salto Ángel, ubicado en Venezuela, con una caída de unos 979 metros.;Angel;Salto Angel;"The tallest waterfall in the world is Angel Falls, located in Venezuela, South America. It stands at an incredible 979 meters (3,212 feet) tall!

Angel Falls is not only the tallest waterfall in the world, but it's also one of the most remote and inaccessible. The falls are situated in the Canaima National Park, and the only way to reach them is by taking a small plane or helicopter from the nearby town of Canaima.

The falls are named after the American pilot Jimmy Angel, who first discovered them in 1933. The water drops from a plateau on the top of the Auyán-tepui mountain, creating a breathtaking spectacle that's unlike anything else in the world.

Would you like to know more about Angel Falls or other amazing waterfalls around the world?";False;False;es;en;True;True;True;Was ist der höchste Wasserfall der Welt?;de;True;Quelle est la plus haute chute d'eau du monde ?;fr;True;¿Cuál es la más alta cascada del mundo?;es;True;Qual è la cascata più alta del mondo?;it;True;Qual é a cachoeira mais alta do mundo?;pt;True;factual_clasica;;0.9996;0.0674;True;es;nativo(prompt_es);True
Which canal links the Atlantic and Pacific?;El canal que une el Atlántico y el Pacífico es el Canal de Panamá.;Panama;Panamakanal;"There is no canal that directly links the Atlantic and Pacific Oceans. However, there are a few options that connect the two oceans through man-made canals:

1. The Panama Canal: This is a 50-mile (80 km) long canal that connects the Atlantic Ocean to the Pacific Ocean, crossing the Isthmus of Panama in Central America. It's one of the most famous and busiest canals in the world.
2. The Suez Canal: This is a 120-mile (193 km) long canal that connects the Mediterranean Sea to the Red Sea, and then to the Indian Ocean. While it doesn't directly connect the Atlantic and Pacific, it does provide a shortcut between Europe and Asia.

It's worth noting that there are also several other canals and waterways that connect the oceans, but the Panama and Suez canals are the most well-known and widely used.";False;False;es;en;True;True;True;Welcher Kanal verbindet Atlantik und Pazifik?;de;True;Quel canal relie l'Atlantique et le Pacifique ?;fr;True;¿Qué canal une el Atlántico y el Pacífico?;es;True;Quale canale collega l'Atlantico e il Pacifico?;it;True;Qual canal liga o Atlântico e o Pacífico?;pt;True;factual_aperturas;8;0.9993;0.0962;True;es;nativo(prompt_es);
Fetch the capital of Albania.;Tirana es la capital de Albania.;Tirana;Tirane;The capital of Albania is Tirana.;False;False;es;en;True;True;True;Hol mir die Hauptstadt Albaniens.;de;True;Rapportez-moi la capitale de l'Albanie.;fr;True;Tráeme la capital de Albania.;es;True;Portami la capitale dell'Albania.;it;True;Traga a capital da Albânia.;pt;True;imperativo;6;0.7745;0.0769;True;es;nativo(prompt_es);
Expand on how elevators work.;"Los ascensores son dispositivos de transporte que permiten a las personas subir o bajar de manera segura y cómoda, especialmente para personas con discapacidad o que necesitan ayuda para acceder a ciertos niveles. A continuación, te explicaré cómo funcionan los ascensores:

**Componentes básicos**

Un ascensor de tracción típico consta de los siguientes componentes:

1. **Cabina**: Es la caja metálica donde viajan las personas, que se desliza por unas guías dentro del hueco del ascensor.
2. **Cables**: Son cables de acero que sostienen la cabina y pasan por encima de una polea en la sala de máquinas.
3. **Contrapeso**: Está colgado en el otro extremo de los cables y pesa aproximadamente lo mismo que la cabina más la mitad de su carga máxima. Así, el motor solo tiene que mover la diferencia de peso, lo que ahorra mucha energía.
4. **Motor y polea de tracción**: El motor hace girar la polea, y la fricción con los cables sube o baja la cabina mientras el contrapeso se mueve en sentido contrario.
5. **Frenos y sistemas de seguridad**: Si los cables se rompen o la cabina va demasiado rápido, un regulador de velocidad activa unas mordazas que la frenan contra las guías.
6. **Control del ascensor**: Es un sistema electrónico que recibe las llamadas de los botones y decide a qué pisos ir.

En edificios bajos también se usan ascensores hidráulicos, que suben la cabina con un pistón empujado por aceite a presión.";counterweight;contrepoids|contrapes|Gegengewicht|contrappes|cable|Seil;"Elevators are a crucial part of modern architecture, providing easy and efficient access to buildings, especially those with multiple floors. Here's a detailed explanation of how elevators work:

**Basic Components**

An elevator consists of several key components:

1. **Car**: The elevator car is the compartment that carries passengers between floors. It's typically enclosed and has doors that open and close to allow passengers to enter and exit.
2. **Counterweight**: A counterweight is a heavy weight that's attached to the opposite side of the elevator shaft from the car. It helps balance the weight of the car and its occupants.
3. **Pulley system**: The pulley system consists of a series of pulleys, ropes, and sheaves that transmit the force of the motor to the car.
4. **Motor**: The motor is the heart of the elevator, providing the power to move the car up and down the shaft.
5. **Control system**: The control system is the brain of the elevator, managing the movement of the car, the doors, and the safety features.

**How Elevators Work**

Here's a step-by-step explanation of how an elevator works:

1. **Call**: A passenger presses a button or uses a";False;False;es;en;True;True;True;Vertiefe, wie Aufzüge funktionieren.;de;True;Développez le fonctionnement des ascenseurs.;fr;True;Profundiza en cómo funcionan los ascensores.;es;True;Approfondisci come funzionano gli ascensori.;it;True;Aprofunde como funcionam os elevadores.;pt;True;imperativo_explicativo;7;0.9996;0.024;True;es;nativo(prompt_es);True
What gives rubies their red color?;El color rojo de los rubíes se debe a la presencia de pequeñas cantidades de cromo. Los rubíes son una variedad del mineral corindón (óxido de aluminio), y cuando algunos iones de cromo sustituyen a los de aluminio en su red cristalina, absorben la luz verde y amarilla y dejan pasar la roja, lo que da a los rubíes su coloración característica.;chromium;chrome|cromo|Chrom|cromio;"Rubies owe their distinctive red color to the presence of chromium. Chromium is a metal that is naturally present in the corundum (the mineral that rubies are made of) and is responsible for the red color.

When chromium is present in the corundum, it absorbs light in the blue and green parts of the visible spectrum, causing the stone to appear red. The amount of chromium present in the corundum determines the intensity of the red color, with more chromium resulting in a deeper, more vibrant red.

In fact, rubies are actually a type of corundum that contains at least 75% chromium. The presence of other elements, such as iron and titanium, can also affect the color of the ruby, but chromium is the primary cause of the red color.

It's worth noting that rubies can also be found in other colors, such as pink, purple, and blue, due to the presence of other elements. However, the most valuable and sought-after rubies are those with a deep, vibrant red color.";False;False;es;en;True;True;True;Was gibt Rubinen ihre rote Farbe?;de;True;Qu'est-ce qui donne aux rubis leur couleur rouge ?;fr;True;¿Qué da a los rubíes su color rojo?;es;True;Cosa dà ai rubini il loro colore rosso?;it;True;O que dá aos rubis sua cor vermelha?;pt;True;explicativa;8;0.9997;0.0267;True;es;nativo(prompt_es);True
Currency of India?;La moneda oficial de la India es la rupia india (INR).;rupee;roupie|rupia|Rupie;The official currency of India is the Indian Rupee (INR).;False;False;es;en;True;True;True;Währung Indiens?;de;True;Monnaie de l'Inde ?;fr;True;¿Moneda de la India?;es;True;Valuta dell'India?;it;True;Moeda da Índia?;pt;True;corta;4;0.8392;0.122;True;es;nativo(prompt_es);True
Trivia time: which country has the most lakes?;"Según mi conocimiento, el país con más lagos es Canadá. Se calcula que Canadá tiene más de 2 millones de lagos, más que todos los demás países juntos, lo que lo convierte en el país con mayor número de lagos del mundo.

¿Quieres saber más sobre los lagos de Canadá o quieres seguir jugando a la trivia?";Canada;Kanada;"A refreshing question!

According to various sources, including the World Lake Database, Canada has the most lakes of any country in the world. It's estimated that Canada has over 2 million lakes, covering about 8% of its land area!

The country's vast territory, with its numerous rivers, wetlands, and glacial features, has created a vast network of lakes, many of which are freshwater and pristine.

Did I get it right?";False;False;es;en;True;True;True;Quizzeit: Welches Land hat die meisten Seen?;de;True;Question culture : quel pays compte le plus de lacs ?;fr;True;Hora de trivia: ¿qué país tiene más lagos?;es;True;Ora del quiz: quale paese ha più laghi?;it;True;Hora do quiz: que país tem mais lagos?;pt;True;conversacional;10;0.9999;0.0504;True;es;nativo(prompt_es);True
What is the largest organ of the human body?;El órgano más grande del cuerpo humano es la piel.;skin;peau|piel|Haut|pelle|pele;"The largest organ of the human body is the skin. It covers the entire surface of the body and weighs around 3.6 kilograms (7.9 pounds) in adults. The skin performs many important functions, including:

* Regulating body temperature
* Protecting the body from external damage
* Aiding in the production of vitamin D
* Helping to prevent infection
* Assisting in the sensation of touch and feeling

It's amazing to think that the skin is the largest and most visible organ of the body, yet it's often overlooked!";False;False;es;en;True;True;True;Was ist das größte Organ des menschlichen Körpers?;de;True;Quel est le plus grand organe du corps humain ?;fr;True;¿Cuál es el órgano más grande del cuerpo humano?;es;True;Qual è l'organo più grande del corpo umano?;it;True;Qual é o maior órgão do corpo humano?;pt;True;factual_clasica;;0.9999;0.0227;True;es;nativo(prompt_es);True
Which sea separates Europe from Africa?;El mar que separa Europa de África es el mar Mediterráneo.;Mediterranean;Mediterranee|Mediterraneo|Mittelmeer;The Mediterranean Sea separates Europe from Africa.;False;False;es;en;True;True;True;Welches Meer trennt Europa von Afrika?;de;True;Quelle mer sépare l'Europe de l'Afrique ?;fr;True;¿Qué mar separa Europa de África?;es;True;Quale mare separa l'Europa dall'Africa?;it;True;Qual mar separa a Europa da África?;pt;True;factual_aperturas;7;0.9925;0.0851;True;es;nativo(prompt_es);
Disclose the capital of Brunei.;La capital de Brunéi es Bandar Seri Begawan, una ciudad situada en la costa norte de la isla de Borneo.;Bandar Seri Begawan;Bandar;The capital of Brunei is Bandar Seri Begawan.;False;False;es;en;True;True;True;Gib die Hauptstadt von Brunei preis.;de;True;Dévoilez la capitale du Brunei.;fr;True;Desvela la capital de Brunéi.;es;True;Svela la capitale del Brunei.;it;True;Revele a capital de Brunei.;pt;True;imperativo;8;0.2515;0.1389;True;es;nativo(prompt_es);True
Examine how noise-cancelling headphones work.;"Los auriculares con cancelación de ruido son un tipo de auricular que utiliza tecnología especial para reducir el ruido ambiental, permitiendo a los usuarios escuchar música, pódcast o conversaciones de manera más clara y aislada. Aquí te explico cómo funcionan:

**Principios básicos**

La cancelación activa de ruido se basa en la interferencia destructiva. El sonido es una onda de presión: si a una onda se le suma otra idéntica pero invertida, es decir, en fase opuesta, los picos de una coinciden con los valles de la otra y ambas se anulan.

**Componentes clave**

Un auricular con cancelación de ruido típico consta de los siguientes componentes:

1. **Micrófonos**: Se colocan en el exterior y a veces también en el interior de los auriculares para capturar el ruido ambiental.
2. **Procesador**: Un chip analiza el ruido en tiempo real y genera una onda ""antirruido"" con la misma amplitud y la fase invertida.
3. **Altavoces**: Reproducen la música junto con la onda antirruido, que anula el ruido antes de que llegue al oído.
4. **Aislamiento pasivo**: Las almohadillas bloquean físicamente los sonidos agudos, que son más difíciles de cancelar.

Esta tecnología funciona mejor con ruidos constantes y graves, como el zumbido de un avión o de un motor.";opposite waves;invers|oppos|opues|entgegen|opost|phase|fase|antitesis|anti-noise;"Noise-cancelling headphones are a marvel of technology that can significantly improve your listening experience by reducing unwanted ambient sounds. Here's a breakdown of how they work:

**The Science Behind Noise-Cancelling**

Noise-cancelling headphones use a technology called Active Noise Control (ANC) or Active Noise Reduction (ANR). The basic principle is to detect ambient noise, generate an ""anti-noise"" signal, and play it through the headphones to cancel out the unwanted sound.

**Components of a Noise-Cancelling Headphone**

A typical noise-cancelling headphone consists of:

1. **Microphones**: One or more microphones are placed on the outside of the headphones to detect ambient noise. These microphones are usually small, directional, and sensitive to sound waves.
2. **Noise Cancellation Circuitry**: This is the brain of the noise-cancelling system. It processes the audio signal from the microphone and generates an ""anti-noise"" signal.
3. **Driver**: The driver is the speaker that produces sound. In noise-cancelling headphones, the driver is designed to produce sound waves that are the opposite of the ambient noise.
4. **Power Source**: Noise-cancelling headphones require a power source to operate the";False;False;es;en;True;True;True;Untersuche, wie Kopfhörer mit Geräuschunterdrückung funktionieren.;de;True;Examinez le fonctionnement des casques à réduction de bruit.;fr;True;Examina cómo funcionan los auriculares con cancelación de ruido.;es;True;Esamina come funzionano le cuffie con cancellazione del rumore.;it;True;Examine como funcionam os fones com cancelamento de ruído.;pt;True;imperativo_explicativo;10;0.9993;0.028;True;es;nativo(prompt_es);True
How do glow sticks glow?;"Las barras luminosas, también conocidas como barras de luz química, brillan debido a una reacción química llamada quimioluminiscencia. A continuación, te explico cómo funciona:

**La estructura de las barras luminosas**

Las barras luminosas están formadas por un tubo de plástico flexible que contiene una solución de un éster de oxalato y un colorante fluorescente. Dentro de ese tubo hay una pequeña ampolla de vidrio con peróxido de hidrógeno.

**La activación**

Cuando se dobla la barra, la ampolla de vidrio se rompe y el peróxido de hidrógeno se mezcla con el resto de la solución. Por eso hay que doblarla y agitarla antes de usarla.

**El efecto de la emisión de luz**

El peróxido de hidrógeno reacciona con el éster de oxalato y forma un compuesto intermedio muy inestable. Al descomponerse, ese compuesto transfiere su energía al colorante, que la libera en forma de luz. El color de la luz depende del colorante que se use.

La reacción no produce calor, por eso se habla de ""luz fría"". Además, va más rápido con calor y más lento con frío: si se guarda una barra en el congelador, su brillo dura más tiempo.";chemiluminescence;chimilum|quimiolum|chemilum|chemiolum|oxalat|luminescen|luminiscen|Lumineszenz;"Glow sticks are a fascinating and convenient way to produce light. Here's how they work:

**The Science Behind Glow Sticks**

Glow sticks, also known as light sticks or glow lights, contain a chemical reaction that produces light. The reaction involves a mixture of chemicals, including:

1. **Phenyl oxalate ester** (a chemical compound that reacts with light)
2. **Hydrogen peroxide** (a chemical compound that reacts with the phenyl oxalate ester)
3. **A catalyst** (usually a small amount of potassium iodide or sodium iodide)

**The Reaction**

When a glow stick is broken or bent, the chemicals inside are mixed together, causing a chemical reaction. This reaction is called a **chemiluminescence reaction**.

Here's what happens:

1. The phenyl oxalate ester reacts with the hydrogen peroxide, releasing energy in the form of light.
2. The catalyst (potassium iodide or sodium iodide) helps to speed up the reaction.
3. As the reaction occurs, the energy is released as light, which is emitted in all directions.

**The Light**

The light produced by the glow stick is a bright,";False;False;es;en;True;True;True;Wie leuchten Knicklichter?;de;True;Comment les bâtons lumineux brillent-ils ?;fr;True;¿Cómo brillan las barras luminosas?;es;True;Come brillano i bastoncini luminosi?;it;True;Como brilham os bastões luminosos?;pt;True;explicativa;6;0.9997;0.0136;True;es;nativo(prompt_es);True
Currency of Mexico?;La moneda oficial de México es el peso mexicano (MXN).;peso;;The official currency of Mexico is the Mexican Peso (MXN).;False;False;es;en;True;True;True;Währung Mexikos?;de;True;Monnaie du Mexique ?;fr;True;¿Moneda de México?;es;True;Valuta del Messico?;it;True;Moeda do México?;pt;True;corta;4;0.9993;0.119;True;es;nativo(prompt_es);
I forgot, which river flows through Rome?;El río que pasa por Roma es el Tíber.;Tiber;Tibre|Tevere;The Tiber River flows through Rome, Italy.;False;False;es;en;True;True;True;Ich hab's vergessen: Welcher Fluss fließt durch Rom?;de;True;J'ai oublié, quel fleuve traverse Rome ?;fr;True;Se me olvidó, ¿qué río pasa por Roma?;es;True;Ho dimenticato, quale fiume attraversa Roma?;it;True;Esqueci, que rio passa por Roma?;pt;True;conversacional;9;0.9999;0.1071;True;es;nativo(prompt_es);
In what year did the Spanish Armada sail against England?;La Armada Española zarpó contra Inglaterra en 1588.;1588;;The Spanish Armada sailed against England in 1588.;False;False;es;en;True;True;True;In welchem Jahr segelte die spanische Armada gegen England?;de;True;En quelle année l'Armada espagnole a-t-elle navigué contre l'Angleterre ?;fr;True;¿En qué año zarpó la Armada Española contra Inglaterra?;unknown;True;In che anno l'Invincibile Armata salpò contro l'Inghilterra?;it;True;Em que ano a Invencível Armada zarpou contra a Inglaterra?;pt;True;factual_clasica;;0.972;0.0976;True;es;nativo(prompt_es);True
Lake Bled is in which country?;El lago Bled se encuentra en Eslovenia.;Slovenia;Slovenie|Eslovenia|Slowenien;Lake Bled is located in Slovenia.;False;False;es;en;True;True;True;Der Bleder See liegt in welchem Land?;de;True;Le lac de Bled se trouve dans quel pays ?;fr;True;¿El lago Bled está en qué país?;es;True;Il lago di Bled si trova in quale paese?;it;True;O lago Bled fica em qual país?;pt;True;factual_aperturas;8;0.9999;0.0938;True;es;nativo(prompt_es);
Guess the capital of Cyprus.;La capital de Chipre es Nicosia.;Nicosia;Nicosie|Lefkosia|Nikosia;The capital of Cyprus is Nicosia (also known as Lefkosia in Greek).;False;False;es;en;True;True;True;Rate die Hauptstadt Zyperns.;de;True;Devinez la capitale de Chypre.;fr;True;Adivina la capital de Chipre.;es;True;Indovina la capitale di Cipro.;it;True;Adivinhe a capital do Chipre.;pt;True;imperativo;6;0.7637;0.1154;True;es;nativo(prompt_es);
Analyze how touchscreens sense fingers.;"Las pantallas táctiles de los teléfonos y las tabletas utilizan una tecnología llamada ""detección capacitiva"" para detectar los dedos sobre la pantalla. A continuación, te explicaré cómo funciona esta tecnología:

**Principio básico**

El cuerpo humano conduce la electricidad. La pantalla tiene un campo eléctrico uniforme sobre su superficie, y cuando un dedo se acerca, absorbe una pequeña parte de esa carga y cambia la capacitancia, es decir, la capacidad de almacenar carga eléctrica, en ese punto.

**Componentes clave**

Una pantalla táctil capacitiva típica consta de los siguientes componentes:

1. **Capa protectora**: Es la capa más externa de la pantalla, hecha de un material transparente como el vidrio.
2. **Capa conductora**: Está ubicada debajo y está formada por una cuadrícula de electrodos transparentes, normalmente de óxido de indio y estaño.
3. **Controlador**: Es un chip que mide continuamente la capacitancia en cada punto de la cuadrícula, calcula dónde está el dedo y permite detectar varios toques a la vez.

Por eso estas pantallas no responden con un guante normal o con la uña, que no conducen la electricidad. Existen también pantallas resistivas, más antiguas, que detectan la presión de dos capas que se tocan.";capacitive;capaci|kapazi;"The magic of touchscreens! Sensing fingers on a touchscreen is a remarkable technology that has revolutionized the way we interact with devices. Here's a breakdown of how it works:

**Principle: Capacitive Touch**

Most modern touchscreens use a capacitive touch technology, which detects changes in capacitance (the ability of a material to store electric charge) caused by the presence of a finger or other conductive object. This technology is based on the principle that a conductive object (like a human finger) can alter the capacitance of a material, allowing the device to detect its presence.

**Components:**

1. **Conductive Glass or Plastic**: The touchscreen display is made of a conductive material, usually glass or plastic, which is coated with a thin layer of indium tin oxide (ITO). This layer is transparent and conductive, allowing it to detect changes in capacitance.
2. **Electrodes**: The ITO layer is divided into a grid of electrodes, which are typically made of a transparent conductive material like indium tin oxide (ITO). These electrodes are arranged in a matrix, with each electrode connected to a controller.
3. **Controller**: The controller is the brain of the touchscreen, responsible for";False;False;es;en;True;True;True;Analysiere, wie Touchscreens Finger erkennen.;de;True;Analysez comment les écrans tactiles détectent les doigts.;fr;True;Analiza cómo detectan los dedos las pantallas táctiles.;es;True;Analizza come gli schermi tattili rilevano le dita.;it;True;Analise como as telas sensíveis ao toque detectam os dedos.;pt;True;imperativo_explicativo;8;0.9996;0.0174;True;es;nativo(prompt_es);True
How do clouds stay up?;"Las nubes se mantienen en el aire debido a una combinación de factores físicos y meteorológicos. A continuación, te explico los principios básicos:

1.  **Gotitas diminutas**: Las nubes están formadas por millones de gotitas de agua o cristales de hielo muy pequeños, de apenas unas centésimas de milímetro. Son tan ligeras que la resistencia del aire hace que caigan muy despacio, a pocos centímetros por segundo.
2.  **Corrientes ascendentes**: El aire que forma las nubes suele estar subiendo, porque el aire cálido es menos denso. Esas corrientes ascendentes son más rápidas que la caída de las gotitas y las mantienen en lo alto.
3.  **Evaporación y condensación**: Las gotitas que bajan hacia el aire más seco de abajo se evaporan, mientras que en la parte alta se forman otras nuevas por condensación.
4.  **Formación de lluvia**: Cuando las gotitas chocan y se unen hasta formar gotas grandes y pesadas, las corrientes ya no pueden sostenerlas y caen como lluvia.";droplets;gouttel|gotit|Tropfchen|goccio|gotic|droplet|Tropfen;"Clouds are fascinating, and understanding how they stay up is a great question.

Clouds are collections of tiny water droplets or ice crystals suspended in the air. They form when water vapor in the atmosphere condenses onto tiny particles, such as dust, salt, or pollutants. The process of condensation is what keeps clouds aloft.

Here's a simplified explanation:

1. **Water vapor rises**: When the sun heats the Earth's surface, it evaporates water into the air as water vapor. This water vapor rises into the atmosphere, where it cools down.
2. **Condensation occurs**: As the water vapor cools, it condenses onto tiny particles in the air, forming visible liquid droplets or ice crystals. This process is facilitated by the presence of condensation nuclei, such as dust, salt, or pollutants.
3. **Cloud formation**: The condensed water droplets or ice crystals gather together to form a visible cloud. The weight of the water droplets or ice crystals is balanced by the buoyancy of the air around them.
4. **Buoyancy keeps clouds up**: The air around the cloud is less dense than the cloud itself, which means it's less heavy. This difference in density creates an upward";False;False;es;en;True;True;True;Wie bleiben Wolken in der Luft?;de;True;Comment les nuages restent-ils en l'air ?;fr;True;¿Cómo se mantienen las nubes en el aire?;es;True;Come restano in aria le nuvole?;it;True;Como as nuvens ficam no ar?;pt;True;explicativa;6;0.9998;0.0172;True;es;nativo(prompt_es);True
Currency of Russia?;La moneda oficial de Rusia es el rublo ruso (RUB).;ruble;rouble|rublo|Rubel;The official currency of Russia is the Russian ruble (RUB).;False;False;es;en;True;True;True;Währung Russlands?;de;True;Monnaie de la Russie ?;fr;True;¿Moneda de Rusia?;es;True;Valuta della Russia?;it;True;Moeda da Rússia?;pt;True;corta;4;0.9997;0.1316;True;es;nativo(prompt_es);
Out of curiosity, which river runs through Florence?;El río que atraviesa Florencia es el Arno.;Arno;;The Arno River runs through Florence, Italy.;False;False;es;en;True;True;True;Aus Neugier: Welcher Fluss fließt durch Florenz?;de;True;Par curiosité, quel fleuve traverse Florence ?;fr;True;Por curiosidad, ¿qué río atraviesa Florencia?;es;True;Per curiosità, quale fiume attraversa Firenze?;it;True;Por curiosidade, que rio atravessa Florença?;pt;True;conversacional;10;0.9998;0.0882;True;es;nativo(prompt_es);
In what year did Apollo 11 land on the Moon?;El Apolo 11 aterrizó en la Luna en julio de 1969.;1969;;Apollo 11 landed on the Moon on July 20, 1969.;False;False;es;en;True;True;True;In welchem Jahr landete Apollo 11 auf dem Mond?;de;True;En quelle année Apollo 11 s'est-il posé sur la Lune ?;fr;True;¿En qué año aterrizó Apolo 11 en la Luna?;unknown;True;In che anno l'Apollo 11 atterrò sulla Luna?;it;True;Em que ano a Apollo 11 pousou na Lua?;pt;True;factual_clasica;;0.9997;0.0938;True;es;nativo(prompt_es);
Which country invented paper?;China es el país al que se le atribuye la invención del papel.;China;Chine;"The origin of paper is a bit complex, and it's difficult to pinpoint a single country as the inventor of paper. However, I can give you some insight into the history of paper.

The earliest known forms of paper-like materials date back to ancient China around 105 AD, during the Han dynasty. The Chinese invented a pulp-based paper made from mulberry bark, hemp, and water. This early paper was called ""rice paper"" or ""paper made from mulberry bark.""

However, the modern version of paper, made from wood pulp, was invented in ancient Japan around 600 AD. The Japanese developed a process to pulp wood and mix it with water, creating a stronger and more durable paper.

The art of papermaking spread to the Middle East and Europe through the Silk Road, a network of trade routes that connected China with the Mediterranean region. The Arabs are credited with introducing papermaking to the Middle East and Europe in the 8th century AD.

So, while it's difficult to say which country ""invented"" paper, it's clear that the development of paper was a gradual process that involved the contributions of many cultures over several centuries.

Would you like to know more about the history of paper or is there something else I";False;False;es;en;True;True;True;Welches Land erfand das Papier?;de;True;Quel pays a inventé le papier ?;fr;True;¿Qué país inventó el papel?;es;True;Quale paese inventò la carta?;it;True;Qual país inventou o papel?;pt;True;factual_aperturas;5;0.9999;0.0213;True;es;nativo(prompt_es);True
Choose the animal on Lamborghini's logo.;El animal del logo de Lamborghini es el toro.;bull;taureau|toro|Stier|touro;The animal on Lamborghini's logo is a bull.;False;False;es;en;True;True;True;Wähle das Tier im Logo von Lamborghini.;de;True;Choisissez l'animal du logo de Lamborghini.;fr;True;Escoge el animal del logo de Lamborghini.;es;True;Scegli l'animale del logo Lamborghini.;it;True;Escolha o animal do logotipo da Lamborghini.;pt;True;imperativo;9;0.9978;0.0556;True;es;nativo(prompt_es);True
Review how dolphins sleep.;"Los delfines son conocidos por su comportamiento único en cuanto a la forma en que duermen. A continuación, te presento algunos datos interesantes sobre cómo duermen los delfines:

**Dormir con medio cerebro**

Los delfines no duermen de la misma manera que los humanos. Como respiran de forma voluntaria, no pueden quedarse totalmente inconscientes, porque dejarían de respirar. En su lugar, practican el sueño unihemisférico: duermen con un hemisferio del cerebro mientras el otro permanece despierto.

**Un ojo abierto**

Mientras duerme un hemisferio, el ojo opuesto suele quedar cerrado y el otro abierto, vigilando la presencia de depredadores y de otros miembros del grupo. Después de un tiempo, los hemisferios se turnan.

**Posición del cuerpo**

Cuando los delfines descansan, pueden flotar quietos cerca de la superficie, como un tronco, o nadar lentamente junto a otros delfines. Así pueden subir a respirar sin despertarse del todo.

En total, un delfín duerme unas ocho horas al día repartidas en varios periodos.";hemisphere;hemisph|hemisf|emisf|Teil ihres Gehirns|Gehirnhalfte|mitad de su cerebro|moitie de leur cerveau|parte del cerebro|partie de leur cerveau|Teil des Gehirns;"Dolphins are known to be one of the most intelligent and social marine mammals, and their sleep patterns are quite unique. Here's a review of how dolphins sleep:

**Sleep Patterns:**

Dolphins sleep with only half of their brain at a time, a process called unihemispheric slow-wave sleep (USWS). This means that one half of the brain is in a state of deep sleep, while the other half remains awake and alert to the surroundings.

**How it works:**

1. **Brain hemispheres:** Dolphins have two brain hemispheres, just like humans. However, their brain hemispheres are connected by a unique structure called the corpus callosum, which allows them to share information between the two hemispheres.
2. **Sleeping half:** One half of the brain, usually the left hemisphere, is in a state of deep sleep, while the other half, usually the right hemisphere, remains awake and alert.
3. **Sleeping half's role:** The sleeping half of the brain is responsible for processing and consolidating memories, learning, and other cognitive functions.
4. **Awake half's role:** The awake half of the brain is responsible for maintaining the dolphin's balance";False;False;es;en;True;True;True;Überprüfe, wie Delfine schlafen.;de;True;Revoyez comment dorment les dauphins.;fr;True;Revisa cómo duermen los delfines.;es;True;Rivedi come dormono i delfini.;it;True;Revise como os golfinhos dormem.;pt;True;imperativo_explicativo;5;0.9999;0.0168;True;es;nativo(prompt_es);True
How does a sponge absorb water?;"La esponja absorbe agua debido a su estructura y composición. Las esponjas de cocina suelen estar hechas de celulosa o de espumas sintéticas, y las naturales son el esqueleto de unos animales marinos. Todas tienen algo en común: están llenas de miles de pequeños poros y canales conectados entre sí.

Cuando se sumerge una esponja en agua, el agua entra en esos poros y queda retenida en su interior. La razón por la que la esponja puede absorber tanto agua es la capilaridad: las moléculas de agua se adhieren a las paredes de los poros y, gracias a la tensión superficial, el agua es arrastrada hacia los espacios estrechos, incluso contra la gravedad.

Además, en las esponjas de celulosa las propias fibras son hidrófilas, es decir, atraen el agua, y se hinchan al mojarse. Esto hace que la esponja sea muy eficiente en la absorción de agua.

Al exprimirla, los poros se aplastan y expulsan el agua, y cuando se suelta, la esponja recupera su forma y puede volver a absorber.";pores;poros|Poren|pori|capillar|capilar|Kapillar;"Sponges are amazing natural wonders that can absorb a significant amount of water. Here's how they do it:

**The Structure of a Sponge**

A sponge is a porous, fibrous organism that belongs to the phylum Porifera. Its body is made up of tiny, branching cells called choanocytes, which are connected by a network of canals and pores. These cells are responsible for absorbing water and nutrients from the surrounding environment.

**The Absorption Process**

When a sponge is exposed to water, the following process occurs:

1. **Water enters the sponge**: Water seeps into the sponge through the pores and canals, which are connected to the surface of the sponge.
2. **Water is drawn into the cells**: The water is drawn into the cells of the sponge through a process called osmosis, where water molecules move from an area of high concentration (the surface of the sponge) to an area of low concentration (the cells).
3. **Water is absorbed by the cells**: The water is absorbed by the cells through a process called diffusion, where water molecules move from an area of high concentration to an area of low concentration.
4. **Water is stored in the cells**: The absorbed water is stored";False;False;es;en;True;True;True;Wie saugt ein Schwamm Wasser auf?;de;True;Comment une éponge absorbe-t-elle l'eau ?;fr;True;¿Cómo absorbe agua una esponja?;es;True;Come assorbe l'acqua una spugna?;it;True;Como uma esponja absorve água?;pt;True;explicativa;7;0.9999;0.0118;True;es;nativo(prompt_es);True
Sport at Wimbledon?;El deporte de Wimbledon es el tenis.;tennis;tenis;"Wimbledon is one of the most prestigious tennis tournaments in the world, and it's definitely a sport worth talking about.

Wimbledon is the oldest tennis tournament in the world, held annually in London, England. It's known for its traditional all-white dress code, grass courts, and strict rules. Here are some interesting facts about Wimbledon:

1. **Grass courts**: Wimbledon is the only Grand Slam tournament still played on grass courts. The courts are made of a special type of grass called ""ryegrass"" that's specifically grown for the tournament.
2. **All-white dress code**: Players, officials, and spectators are required to wear all-white clothing, which is a tradition that dates back to 1884.
3. **No tiebreakers**: Wimbledon is one of the few tennis tournaments that doesn't use tiebreakers in the final set. If the score reaches 6-6, the match continues until one player leads by two games.
4. **Longest match**: The longest match in Wimbledon history was played between John Isner and Nicolas Mahut in 2010. The match lasted 11 hours and 5 minutes, with Isner eventually winning 6-4, 3-6, 6";False;False;es;en;True;True;True;Sportart in Wimbledon?;de;True;Sport pratiqué à Wimbledon ?;fr;True;¿Deporte de Wimbledon?;es;True;Sport di Wimbledon?;it;True;Esporte de Wimbledon?;pt;True;corta;4;0.5;0.1667;True;es;nativo(prompt_es);True
Hmm, which sea is Venice on?;Venecia, la ciudad italiana famosa por sus canales y su arquitectura única, se encuentra en el Mar Adriático.;Adriatic;Adriatique|Adriatico|Adria;Venice is actually built on a lagoon, which is a shallow body of water separated from the open sea by a barrier of islands or coral reefs. Specifically, Venice is located on the Adriatic Sea, which is a part of the Mediterranean Sea.;False;False;es;en;True;True;True;Hmm, an welchem Meer liegt Venedig?;de;True;Hum, sur quelle mer se trouve Venise ?;fr;True;Mmm, ¿en qué mar está Venecia?;es;True;Mmm, su quale mare si trova Venezia?;it;True;Hum, em que mar fica Veneza?;pt;True;conversacional;8;0.9999;0.0374;True;es;nativo(prompt_es);True
What is the capital of Indonesia?;La capital de Indonesia es Jacarta.;Jakarta;Yakarta|Giacarta|Jacarta|Djakarta;The capital of Indonesia is Jakarta.;False;False;es;en;True;True;True;Was ist die Hauptstadt von Indonesien?;de;True;Quelle est la capitale de l'Indonésie?;fr;True;¿Cuál es la capital de Indonesia?;es;True;Qual è la capitale dell'Indonesia?;it;True;Qual é a capital da Indonésia?;pt;True;factual_clasica;;0.8569;0.1034;True;es;nativo(prompt_es);
Which planet is farthest from the Sun?;El planeta que está más lejos del Sol es Neptuno.;Neptune;Neptuno|Neptun|Nettuno|Netuno;The planet that is farthest from the Sun is Neptune. On average, Neptune is about 4.5 billion kilometers (2.8 billion miles) away from the Sun. However, due to its elliptical orbit, the distance between Neptune and the Sun varies from about 4.3 billion kilometers (2.7 billion miles) at its closest point (perihelion) to about 4.5 billion kilometers (2.8 billion miles) at its farthest point (aphelion).;False;False;es;en;True;True;True;Welcher Planet ist am weitesten von der Sonne entfernt?;de;True;Quelle planète est la plus éloignée du Soleil ?;fr;True;¿Qué planeta está más lejos del Sol?;es;True;Quale pianeta è il più lontano dal Sole?;it;True;Qual planeta está mais longe do Sol?;pt;True;factual_aperturas;9;0.9999;0.0769;True;es;nativo(prompt_es);
Retrieve the author of Alice in Wonderland.;"El autor de ""Alicia en el país de las maravillas"" es Lewis Carroll.";Lewis Carroll;Carroll;"The author of ""Alice's Adventures in Wonderland"" is Lewis Carroll (whose real name was Charles Lutwidge Dodgson).";False;False;es;en;True;True;True;Ruf den Autor von Alice im Wunderland ab.;de;True;Retrouvez l'auteur d'Alice au pays des merveilles.;fr;True;Recupera al autor de Alicia en el país de las maravillas.;es;True;Recupera l'autore di Alice nel Paese delle Meraviglie.;it;True;Recupere o autor de Alice no País das Maravilhas.;pt;True;imperativo;8;0.9997;0.0909;True;es;nativo(prompt_es);True
Clear up how camels survive deserts.;"Los camellos son animales increíbles que han evolucionado para sobrevivir en entornos extremos, como el desierto. Aquí te presento algunas de las formas en que logran sobrevivir en este entorno hostil:

1. **La joroba**: La joroba no almacena agua, sino grasa. Un camello puede guardar hasta unos 35 kilos de grasa en ella y usarla como reserva de energía cuando no encuentra alimento. Al concentrar la grasa en un solo lugar, el resto del cuerpo pierde calor con más facilidad.
2. **Ahorro de agua**: Los camellos producen una orina muy concentrada y unas heces muy secas, y su nariz recupera buena parte de la humedad del aire que exhalan.
3. **Temperatura flexible**: Su temperatura corporal puede variar unos 6 °C a lo largo del día, por lo que apenas sudan hasta que hace mucho calor.
4. **Beber mucho y rápido**: Pueden pasar días sin beber y perder hasta un cuarto de su peso en agua, y luego beber más de 100 litros en pocos minutos. Sus glóbulos rojos ovalados soportan esos cambios sin romperse.
5. **Protección contra la arena**: Tienen pestañas largas, párpados finos que dejan ver con los ojos cerrados y fosas nasales que pueden cerrar, además de patas anchas que no se hunden en la arena.";hump;bosse|joroba|Hocker|gobba|corcova|graisse|grasa|Fett|grasso|gordura;"Camels are incredibly well-adapted to survive in the harsh desert environment. Here are some of the key ways they manage to thrive in these conditions:

1. **Water Conservation**: Camels have a unique ability to conserve water. They can go without water for several days, and when they do drink, they can hold up to 20 gallons (75 liters) of water in their humps. The hump is actually a reservoir of fatty tissue that can be metabolized for energy when water is scarce.
2. **Humps**: The hump on a camel's back is actually a reservoir of fatty tissue, which can be metabolized when food is scarce. This allows the camel to survive for extended periods without eating or drinking.
3. **Wide, padded feet**: Camels have large, padded feet that act as shock absorbers, allowing them to move comfortably on sand and rocky terrain. This also helps to distribute their weight evenly, reducing the pressure on their feet.
4. **Specialized digestive system**: Camels have a three-chambered stomach that allows them to break down and extract moisture from plant material more efficiently. This helps them to survive on limited food sources.
5. **Efficient kidneys**: Camels have";False;False;es;en;True;True;True;Kläre, wie Kamele in Wüsten überleben.;de;True;Clarifiez comment les chameaux survivent dans le désert.;fr;True;Aclara cómo sobreviven los camellos en el desierto.;es;True;Chiarisci come i cammelli sopravvivono nel deserto.;it;True;Esclareça como os camelos sobrevivem no deserto.;pt;True;imperativo_explicativo;9;0.9999;0.0176;True;es;nativo(prompt_es);True
How do hedgehogs defend themselves?;"Los erizos son pequeños mamíferos que se defienden de varias maneras:

1.  **Púas**: Los erizos tienen en la espalda y los costados entre 5.000 y 7.000 púas, que son pelos modificados huecos y rígidos de queratina. No son venenosas ni se desprenden fácilmente, pero pinchan a cualquier depredador que intente morderlos.
2.  **Enrollarse en una bola**: Cuando se sienten amenazados, los erizos contraen un músculo especial de la espalda y se enrollan en una bola, protegiendo la cabeza, las patas y el vientre, que no tienen púas.
3.  **Erizar las púas**: Pueden levantar sus púas de manera rápida, lo que los hace parecer más grandes y amenazantes.
4.  **Sonidos**: También pueden resoplar, chasquear y dar pequeños saltos para asustar al atacante.";spines;piquant|epine|puas|Stachel|aculei|espinh|quill|Kugel|en boule|bola|zu einem Ball|zusammenroll|einroll;"Those adorable hedgehogs! They have a unique defense mechanism that's quite effective. Here's how they defend themselves:

**The Quill Defense**: Hedgehogs have thousands of sharp, barbed spines, called quills, all over their bodies. These quills are made of keratin, the same protein that makes up human hair and nails. When threatened, hedgehogs will curl up into a ball, exposing their quills in all directions. This makes it difficult for predators to get a good grip on them.

**The Quill-Prick Defense**: When an attacker tries to grab or bite a hedgehog, the quills can cause puncture wounds, making it painful and uncomfortable for the predator. The quills can also become lodged in the predator's skin, causing irritation and discomfort.

**The Rolling Defense**: Hedgehogs can also roll into a ball, tucking their head and legs into their body, making it harder for predators to get a good grip on them. This rolling motion also helps to distribute the weight of the quills, making it even more difficult for predators to attack.

**The Snout Defense**: Hedgehogs have a distinctive snout that can be used as a defense mechanism. They";False;False;es;en;True;True;True;Wie verteidigen sich Igel?;de;True;Comment les hérissons se défendent-ils ?;fr;True;¿Cómo se defienden los erizos?;es;True;Come si difendono i ricci?;it;True;Como os ouriços se defendem?;pt;True;explicativa;8;0.9998;0.0143;True;es;nativo(prompt_es);True
Tour de France sport?;"El Tour de Francia es un evento deportivo de ciclismo de carretera que se celebra anualmente en Francia. Es considerado uno de los eventos deportivos más prestigiosos y emocionantes del mundo del ciclismo.

El Tour de Francia se inicia en julio y dura aproximadamente tres semanas, recorriendo más de 3.500 kilómetros a través de diferentes regiones de Francia. El circuito incluye una variedad de paisajes, desde montañas y colinas hasta valles y llanuras.

El Tour de Francia es un evento de competición en el que participan ciclistas de todo el mundo, que se enfrentan en diferentes etapas, cada una con su propia distancia y dificultad. El ganador es el ciclista que suma el menor tiempo total en todas las etapas, y lleva el famoso maillot amarillo.

El Tour de Francia se celebra desde 1903, salvo durante las dos guerras mundiales, y ha sido ganado por algunos de los ciclistas más legendarios de la historia, como Maurice Garin, Louison Bobet, Jacques Anquetil, Eddy Merckx y Bernard Hinault.";cycling;cyclisme|ciclismo|Radsport|cycliste|ciclista|Radrennen|Radfahr;"The Tour de France! It's one of the most prestigious and iconic cycling events in the world. Here's a brief overview:

**What is the Tour de France?**

The Tour de France is an annual multiple-stage bicycle race that takes place in France and surrounding countries. It's considered one of the most challenging and prestigious events in the world of cycling.

**History**

The first Tour de France was held in 1903, and it was created by Henri Desgrange, a French sports journalist. The original route was approximately 2,428 kilometers (1,507 miles) long and took 14 days to complete. Over the years, the route has changed, but the event has remained a beloved tradition in French culture.

**The Route**

The Tour de France typically takes place over three weeks in July, covering approximately 3,500 kilometers (2,175 miles) of varied terrain, including mountains, hills, and flat sections. The route is carefully planned to test the riders' endurance, strength, and strategy.

**The Teams**

The Tour de France features teams of professional cyclists from around the world, competing in a variety of categories, including:

* General Classification (GC): The overall winner of the Tour de France.";False;False;es;en;True;True;True;Sportart der Tour de France?;de;True;Sport du Tour de France ?;fr;True;¿Deporte del Tour de Francia?;es;True;Sport del Tour de France?;it;True;Esporte do Tour de France?;pt;True;corta;5;0.9998;0.0342;True;es;nativo(prompt_es);True
Okay, which island was Napoleon born on?;Napoleón Bonaparte nació en la isla de Córcega, que en ese momento acababa de pasar a ser parte de Francia.;Corsica;Corse|Corcega|Korsika;Napoleon Bonaparte was born on the island of Corsica, which is an island in the Mediterranean Sea. Specifically, he was born in Ajaccio, the capital city of Corsica, on August 15, 1769.;False;False;es;en;True;True;True;Okay, auf welcher Insel wurde Napoleon geboren?;de;True;Bon, sur quelle île Napoléon est-il né ?;fr;True;Vale, ¿en qué isla nació Napoleón?;es;True;Ok, su quale isola è nato Napoleone?;it;True;Ok, em que ilha Napoleão nasceu?;pt;True;conversacional;9;0.9996;0.04;True;es;nativo(prompt_es);True
